tile_id	transcript_id	source_file	start	end	strand	length	target_seq	guide_rna	has_ambiguous
NM_005026.5:1-30	NM_005026.5	NM_005026.5.fasta	1	30	+	30	ACTCGCGCCCAGCGCAGTCGCTCCGAGCGG	CCGCUCGGAGCGACUGCGCUGGGCGCGAGU	0
NM_005026.5:2-31	NM_005026.5	NM_005026.5.fasta	2	31	+	30	CTCGCGCCCAGCGCAGTCGCTCCGAGCGGC	GCCGCUCGGAGCGACUGCGCUGGGCGCGAG	0
NM_005026.5:3-32	NM_005026.5	NM_005026.5.fasta	3	32	+	30	TCGCGCCCAGCGCAGTCGCTCCGAGCGGCC	GGCCGCUCGGAGCGACUGCGCUGGGCGCGA	0
NM_005026.5:4-33	NM_005026.5	NM_005026.5.fasta	4	33	+	30	CGCGCCCAGCGCAGTCGCTCCGAGCGGCCG	CGGCCGCUCGGAGCGACUGCGCUGGGCGCG	0
NM_005026.5:5-34	NM_005026.5	NM_005026.5.fasta	5	34	+	30	GCGCCCAGCGCAGTCGCTCCGAGCGGCCGC	GCGGCCGCUCGGAGCGACUGCGCUGGGCGC	0
NM_005026.5:6-35	NM_005026.5	NM_005026.5.fasta	6	35	+	30	CGCCCAGCGCAGTCGCTCCGAGCGGCCGCG	CGCGGCCGCUCGGAGCGACUGCGCUGGGCG	0
NM_005026.5:7-36	NM_005026.5	NM_005026.5.fasta	7	36	+	30	GCCCAGCGCAGTCGCTCCGAGCGGCCGCGA	UCGCGGCCGCUCGGAGCGACUGCGCUGGGC	0
NM_005026.5:8-37	NM_005026.5	NM_005026.5.fasta	8	37	+	30	CCCAGCGCAGTCGCTCCGAGCGGCCGCGAG	CUCGCGGCCGCUCGGAGCGACUGCGCUGGG	0
NM_005026.5:9-38	NM_005026.5	NM_005026.5.fasta	9	38	+	30	CCAGCGCAGTCGCTCCGAGCGGCCGCGAGC	GCUCGCGGCCGCUCGGAGCGACUGCGCUGG	0
NM_005026.5:10-39	NM_005026.5	NM_005026.5.fasta	10	39	+	30	CAGCGCAGTCGCTCCGAGCGGCCGCGAGCA	UGCUCGCGGCCGCUCGGAGCGACUGCGCUG	0
NM_005026.5:11-40	NM_005026.5	NM_005026.5.fasta	11	40	+	30	AGCGCAGTCGCTCCGAGCGGCCGCGAGCAG	CUGCUCGCGGCCGCUCGGAGCGACUGCGCU	0
NM_005026.5:12-41	NM_005026.5	NM_005026.5.fasta	12	41	+	30	GCGCAGTCGCTCCGAGCGGCCGCGAGCAGA	UCUGCUCGCGGCCGCUCGGAGCGACUGCGC	0
NM_005026.5:13-42	NM_005026.5	NM_005026.5.fasta	13	42	+	30	CGCAGTCGCTCCGAGCGGCCGCGAGCAGAG	CUCUGCUCGCGGCCGCUCGGAGCGACUGCG	0
NM_005026.5:14-43	NM_005026.5	NM_005026.5.fasta	14	43	+	30	GCAGTCGCTCCGAGCGGCCGCGAGCAGAGC	GCUCUGCUCGCGGCCGCUCGGAGCGACUGC	0
NM_005026.5:15-44	NM_005026.5	NM_005026.5.fasta	15	44	+	30	CAGTCGCTCCGAGCGGCCGCGAGCAGAGCC	GGCUCUGCUCGCGGCCGCUCGGAGCGACUG	0
NM_005026.5:16-45	NM_005026.5	NM_005026.5.fasta	16	45	+	30	AGTCGCTCCGAGCGGCCGCGAGCAGAGCCG	CGGCUCUGCUCGCGGCCGCUCGGAGCGACU	0
NM_005026.5:17-46	NM_005026.5	NM_005026.5.fasta	17	46	+	30	GTCGCTCCGAGCGGCCGCGAGCAGAGCCGC	GCGGCUCUGCUCGCGGCCGCUCGGAGCGAC	0
NM_005026.5:18-47	NM_005026.5	NM_005026.5.fasta	18	47	+	30	TCGCTCCGAGCGGCCGCGAGCAGAGCCGCC	GGCGGCUCUGCUCGCGGCCGCUCGGAGCGA	0
NM_005026.5:19-48	NM_005026.5	NM_005026.5.fasta	19	48	+	30	CGCTCCGAGCGGCCGCGAGCAGAGCCGCCC	GGGCGGCUCUGCUCGCGGCCGCUCGGAGCG	0
NM_005026.5:20-49	NM_005026.5	NM_005026.5.fasta	20	49	+	30	GCTCCGAGCGGCCGCGAGCAGAGCCGCCCA	UGGGCGGCUCUGCUCGCGGCCGCUCGGAGC	0
NM_005026.5:21-50	NM_005026.5	NM_005026.5.fasta	21	50	+	30	CTCCGAGCGGCCGCGAGCAGAGCCGCCCAG	CUGGGCGGCUCUGCUCGCGGCCGCUCGGAG	0
NM_005026.5:22-51	NM_005026.5	NM_005026.5.fasta	22	51	+	30	TCCGAGCGGCCGCGAGCAGAGCCGCCCAGC	GCUGGGCGGCUCUGCUCGCGGCCGCUCGGA	0
NM_005026.5:23-52	NM_005026.5	NM_005026.5.fasta	23	52	+	30	CCGAGCGGCCGCGAGCAGAGCCGCCCAGCC	GGCUGGGCGGCUCUGCUCGCGGCCGCUCGG	0
NM_005026.5:24-53	NM_005026.5	NM_005026.5.fasta	24	53	+	30	CGAGCGGCCGCGAGCAGAGCCGCCCAGCCC	GGGCUGGGCGGCUCUGCUCGCGGCCGCUCG	0
NM_005026.5:25-54	NM_005026.5	NM_005026.5.fasta	25	54	+	30	GAGCGGCCGCGAGCAGAGCCGCCCAGCCCT	AGGGCUGGGCGGCUCUGCUCGCGGCCGCUC	0
NM_005026.5:26-55	NM_005026.5	NM_005026.5.fasta	26	55	+	30	AGCGGCCGCGAGCAGAGCCGCCCAGCCCTG	CAGGGCUGGGCGGCUCUGCUCGCGGCCGCU	0
NM_005026.5:27-56	NM_005026.5	NM_005026.5.fasta	27	56	+	30	GCGGCCGCGAGCAGAGCCGCCCAGCCCTGC	GCAGGGCUGGGCGGCUCUGCUCGCGGCCGC	0
NM_005026.5:28-57	NM_005026.5	NM_005026.5.fasta	28	57	+	30	CGGCCGCGAGCAGAGCCGCCCAGCCCTGCC	GGCAGGGCUGGGCGGCUCUGCUCGCGGCCG	0
NM_005026.5:29-58	NM_005026.5	NM_005026.5.fasta	29	58	+	30	GGCCGCGAGCAGAGCCGCCCAGCCCTGCCA	UGGCAGGGCUGGGCGGCUCUGCUCGCGGCC	0
NM_005026.5:30-59	NM_005026.5	NM_005026.5.fasta	30	59	+	30	GCCGCGAGCAGAGCCGCCCAGCCCTGCCAG	CUGGCAGGGCUGGGCGGCUCUGCUCGCGGC	0
NM_005026.5:31-60	NM_005026.5	NM_005026.5.fasta	31	60	+	30	CCGCGAGCAGAGCCGCCCAGCCCTGCCAGC	GCUGGCAGGGCUGGGCGGCUCUGCUCGCGG	0
NM_005026.5:32-61	NM_005026.5	NM_005026.5.fasta	32	61	+	30	CGCGAGCAGAGCCGCCCAGCCCTGCCAGCT	AGCUGGCAGGGCUGGGCGGCUCUGCUCGCG	0
NM_005026.5:33-62	NM_005026.5	NM_005026.5.fasta	33	62	+	30	GCGAGCAGAGCCGCCCAGCCCTGCCAGCTG	CAGCUGGCAGGGCUGGGCGGCUCUGCUCGC	0
NM_005026.5:34-63	NM_005026.5	NM_005026.5.fasta	34	63	+	30	CGAGCAGAGCCGCCCAGCCCTGCCAGCTGC	GCAGCUGGCAGGGCUGGGCGGCUCUGCUCG	0
NM_005026.5:35-64	NM_005026.5	NM_005026.5.fasta	35	64	+	30	GAGCAGAGCCGCCCAGCCCTGCCAGCTGCG	CGCAGCUGGCAGGGCUGGGCGGCUCUGCUC	0
NM_005026.5:36-65	NM_005026.5	NM_005026.5.fasta	36	65	+	30	AGCAGAGCCGCCCAGCCCTGCCAGCTGCGC	GCGCAGCUGGCAGGGCUGGGCGGCUCUGCU	0
NM_005026.5:37-66	NM_005026.5	NM_005026.5.fasta	37	66	+	30	GCAGAGCCGCCCAGCCCTGCCAGCTGCGCC	GGCGCAGCUGGCAGGGCUGGGCGGCUCUGC	0
NM_005026.5:38-67	NM_005026.5	NM_005026.5.fasta	38	67	+	30	CAGAGCCGCCCAGCCCTGCCAGCTGCGCCG	CGGCGCAGCUGGCAGGGCUGGGCGGCUCUG	0
NM_005026.5:39-68	NM_005026.5	NM_005026.5.fasta	39	68	+	30	AGAGCCGCCCAGCCCTGCCAGCTGCGCCGG	CCGGCGCAGCUGGCAGGGCUGGGCGGCUCU	0
NM_005026.5:40-69	NM_005026.5	NM_005026.5.fasta	40	69	+	30	GAGCCGCCCAGCCCTGCCAGCTGCGCCGGG	CCCGGCGCAGCUGGCAGGGCUGGGCGGCUC	0
NM_005026.5:41-70	NM_005026.5	NM_005026.5.fasta	41	70	+	30	AGCCGCCCAGCCCTGCCAGCTGCGCCGGGA	UCCCGGCGCAGCUGGCAGGGCUGGGCGGCU	0
NM_005026.5:42-71	NM_005026.5	NM_005026.5.fasta	42	71	+	30	GCCGCCCAGCCCTGCCAGCTGCGCCGGGAC	GUCCCGGCGCAGCUGGCAGGGCUGGGCGGC	0
NM_005026.5:43-72	NM_005026.5	NM_005026.5.fasta	43	72	+	30	CCGCCCAGCCCTGCCAGCTGCGCCGGGACG	CGUCCCGGCGCAGCUGGCAGGGCUGGGCGG	0
NM_005026.5:44-73	NM_005026.5	NM_005026.5.fasta	44	73	+	30	CGCCCAGCCCTGCCAGCTGCGCCGGGACGA	UCGUCCCGGCGCAGCUGGCAGGGCUGGGCG	0
NM_005026.5:45-74	NM_005026.5	NM_005026.5.fasta	45	74	+	30	GCCCAGCCCTGCCAGCTGCGCCGGGACGAT	AUCGUCCCGGCGCAGCUGGCAGGGCUGGGC	0
NM_005026.5:46-75	NM_005026.5	NM_005026.5.fasta	46	75	+	30	CCCAGCCCTGCCAGCTGCGCCGGGACGATA	UAUCGUCCCGGCGCAGCUGGCAGGGCUGGG	0
NM_005026.5:47-76	NM_005026.5	NM_005026.5.fasta	47	76	+	30	CCAGCCCTGCCAGCTGCGCCGGGACGATAA	UUAUCGUCCCGGCGCAGCUGGCAGGGCUGG	0
NM_005026.5:48-77	NM_005026.5	NM_005026.5.fasta	48	77	+	30	CAGCCCTGCCAGCTGCGCCGGGACGATAAG	CUUAUCGUCCCGGCGCAGCUGGCAGGGCUG	0
NM_005026.5:49-78	NM_005026.5	NM_005026.5.fasta	49	78	+	30	AGCCCTGCCAGCTGCGCCGGGACGATAAGG	CCUUAUCGUCCCGGCGCAGCUGGCAGGGCU	0
NM_005026.5:50-79	NM_005026.5	NM_005026.5.fasta	50	79	+	30	GCCCTGCCAGCTGCGCCGGGACGATAAGGA	UCCUUAUCGUCCCGGCGCAGCUGGCAGGGC	0
NM_005026.5:51-80	NM_005026.5	NM_005026.5.fasta	51	80	+	30	CCCTGCCAGCTGCGCCGGGACGATAAGGAG	CUCCUUAUCGUCCCGGCGCAGCUGGCAGGG	0
NM_005026.5:52-81	NM_005026.5	NM_005026.5.fasta	52	81	+	30	CCTGCCAGCTGCGCCGGGACGATAAGGAGT	ACUCCUUAUCGUCCCGGCGCAGCUGGCAGG	0
NM_005026.5:53-82	NM_005026.5	NM_005026.5.fasta	53	82	+	30	CTGCCAGCTGCGCCGGGACGATAAGGAGTC	GACUCCUUAUCGUCCCGGCGCAGCUGGCAG	0
NM_005026.5:54-83	NM_005026.5	NM_005026.5.fasta	54	83	+	30	TGCCAGCTGCGCCGGGACGATAAGGAGTCA	UGACUCCUUAUCGUCCCGGCGCAGCUGGCA	0
NM_005026.5:55-84	NM_005026.5	NM_005026.5.fasta	55	84	+	30	GCCAGCTGCGCCGGGACGATAAGGAGTCAG	CUGACUCCUUAUCGUCCCGGCGCAGCUGGC	0
NM_005026.5:56-85	NM_005026.5	NM_005026.5.fasta	56	85	+	30	CCAGCTGCGCCGGGACGATAAGGAGTCAGG	CCUGACUCCUUAUCGUCCCGGCGCAGCUGG	0
NM_005026.5:57-86	NM_005026.5	NM_005026.5.fasta	57	86	+	30	CAGCTGCGCCGGGACGATAAGGAGTCAGGC	GCCUGACUCCUUAUCGUCCCGGCGCAGCUG	0
NM_005026.5:58-87	NM_005026.5	NM_005026.5.fasta	58	87	+	30	AGCTGCGCCGGGACGATAAGGAGTCAGGCC	GGCCUGACUCCUUAUCGUCCCGGCGCAGCU	0
NM_005026.5:59-88	NM_005026.5	NM_005026.5.fasta	59	88	+	30	GCTGCGCCGGGACGATAAGGAGTCAGGCCA	UGGCCUGACUCCUUAUCGUCCCGGCGCAGC	0
NM_005026.5:60-89	NM_005026.5	NM_005026.5.fasta	60	89	+	30	CTGCGCCGGGACGATAAGGAGTCAGGCCAG	CUGGCCUGACUCCUUAUCGUCCCGGCGCAG	0
NM_005026.5:61-90	NM_005026.5	NM_005026.5.fasta	61	90	+	30	TGCGCCGGGACGATAAGGAGTCAGGCCAGG	CCUGGCCUGACUCCUUAUCGUCCCGGCGCA	0
NM_005026.5:62-91	NM_005026.5	NM_005026.5.fasta	62	91	+	30	GCGCCGGGACGATAAGGAGTCAGGCCAGGG	CCCUGGCCUGACUCCUUAUCGUCCCGGCGC	0
NM_005026.5:63-92	NM_005026.5	NM_005026.5.fasta	63	92	+	30	CGCCGGGACGATAAGGAGTCAGGCCAGGGC	GCCCUGGCCUGACUCCUUAUCGUCCCGGCG	0
NM_005026.5:64-93	NM_005026.5	NM_005026.5.fasta	64	93	+	30	GCCGGGACGATAAGGAGTCAGGCCAGGGCG	CGCCCUGGCCUGACUCCUUAUCGUCCCGGC	0
NM_005026.5:65-94	NM_005026.5	NM_005026.5.fasta	65	94	+	30	CCGGGACGATAAGGAGTCAGGCCAGGGCGG	CCGCCCUGGCCUGACUCCUUAUCGUCCCGG	0
NM_005026.5:66-95	NM_005026.5	NM_005026.5.fasta	66	95	+	30	CGGGACGATAAGGAGTCAGGCCAGGGCGGG	CCCGCCCUGGCCUGACUCCUUAUCGUCCCG	0
NM_005026.5:67-96	NM_005026.5	NM_005026.5.fasta	67	96	+	30	GGGACGATAAGGAGTCAGGCCAGGGCGGGA	UCCCGCCCUGGCCUGACUCCUUAUCGUCCC	0
NM_005026.5:68-97	NM_005026.5	NM_005026.5.fasta	68	97	+	30	GGACGATAAGGAGTCAGGCCAGGGCGGGAT	AUCCCGCCCUGGCCUGACUCCUUAUCGUCC	0
NM_005026.5:69-98	NM_005026.5	NM_005026.5.fasta	69	98	+	30	GACGATAAGGAGTCAGGCCAGGGCGGGATG	CAUCCCGCCCUGGCCUGACUCCUUAUCGUC	0
NM_005026.5:70-99	NM_005026.5	NM_005026.5.fasta	70	99	+	30	ACGATAAGGAGTCAGGCCAGGGCGGGATGA	UCAUCCCGCCCUGGCCUGACUCCUUAUCGU	0
NM_005026.5:71-100	NM_005026.5	NM_005026.5.fasta	71	100	+	30	CGATAAGGAGTCAGGCCAGGGCGGGATGAC	GUCAUCCCGCCCUGGCCUGACUCCUUAUCG	0
NM_005026.5:72-101	NM_005026.5	NM_005026.5.fasta	72	101	+	30	GATAAGGAGTCAGGCCAGGGCGGGATGACA	UGUCAUCCCGCCCUGGCCUGACUCCUUAUC	0
NM_005026.5:73-102	NM_005026.5	NM_005026.5.fasta	73	102	+	30	ATAAGGAGTCAGGCCAGGGCGGGATGACAC	GUGUCAUCCCGCCCUGGCCUGACUCCUUAU	0
NM_005026.5:74-103	NM_005026.5	NM_005026.5.fasta	74	103	+	30	TAAGGAGTCAGGCCAGGGCGGGATGACACT	AGUGUCAUCCCGCCCUGGCCUGACUCCUUA	0
NM_005026.5:75-104	NM_005026.5	NM_005026.5.fasta	75	104	+	30	AAGGAGTCAGGCCAGGGCGGGATGACACTC	GAGUGUCAUCCCGCCCUGGCCUGACUCCUU	0
NM_005026.5:76-105	NM_005026.5	NM_005026.5.fasta	76	105	+	30	AGGAGTCAGGCCAGGGCGGGATGACACTCA	UGAGUGUCAUCCCGCCCUGGCCUGACUCCU	0
NM_005026.5:77-106	NM_005026.5	NM_005026.5.fasta	77	106	+	30	GGAGTCAGGCCAGGGCGGGATGACACTCAT	AUGAGUGUCAUCCCGCCCUGGCCUGACUCC	0
NM_005026.5:78-107	NM_005026.5	NM_005026.5.fasta	78	107	+	30	GAGTCAGGCCAGGGCGGGATGACACTCATT	AAUGAGUGUCAUCCCGCCCUGGCCUGACUC	0
NM_005026.5:79-108	NM_005026.5	NM_005026.5.fasta	79	108	+	30	AGTCAGGCCAGGGCGGGATGACACTCATTG	CAAUGAGUGUCAUCCCGCCCUGGCCUGACU	0
NM_005026.5:80-109	NM_005026.5	NM_005026.5.fasta	80	109	+	30	GTCAGGCCAGGGCGGGATGACACTCATTGA	UCAAUGAGUGUCAUCCCGCCCUGGCCUGAC	0
NM_005026.5:81-110	NM_005026.5	NM_005026.5.fasta	81	110	+	30	TCAGGCCAGGGCGGGATGACACTCATTGAT	AUCAAUGAGUGUCAUCCCGCCCUGGCCUGA	0
NM_005026.5:82-111	NM_005026.5	NM_005026.5.fasta	82	111	+	30	CAGGCCAGGGCGGGATGACACTCATTGATT	AAUCAAUGAGUGUCAUCCCGCCCUGGCCUG	0
NM_005026.5:83-112	NM_005026.5	NM_005026.5.fasta	83	112	+	30	AGGCCAGGGCGGGATGACACTCATTGATTC	GAAUCAAUGAGUGUCAUCCCGCCCUGGCCU	0
NM_005026.5:84-113	NM_005026.5	NM_005026.5.fasta	84	113	+	30	GGCCAGGGCGGGATGACACTCATTGATTCT	AGAAUCAAUGAGUGUCAUCCCGCCCUGGCC	0
NM_005026.5:85-114	NM_005026.5	NM_005026.5.fasta	85	114	+	30	GCCAGGGCGGGATGACACTCATTGATTCTA	UAGAAUCAAUGAGUGUCAUCCCGCCCUGGC	0
NM_005026.5:86-115	NM_005026.5	NM_005026.5.fasta	86	115	+	30	CCAGGGCGGGATGACACTCATTGATTCTAA	UUAGAAUCAAUGAGUGUCAUCCCGCCCUGG	0
NM_005026.5:87-116	NM_005026.5	NM_005026.5.fasta	87	116	+	30	CAGGGCGGGATGACACTCATTGATTCTAAA	UUUAGAAUCAAUGAGUGUCAUCCCGCCCUG	0
NM_005026.5:88-117	NM_005026.5	NM_005026.5.fasta	88	117	+	30	AGGGCGGGATGACACTCATTGATTCTAAAG	CUUUAGAAUCAAUGAGUGUCAUCCCGCCCU	0
NM_005026.5:89-118	NM_005026.5	NM_005026.5.fasta	89	118	+	30	GGGCGGGATGACACTCATTGATTCTAAAGC	GCUUUAGAAUCAAUGAGUGUCAUCCCGCCC	0
NM_005026.5:90-119	NM_005026.5	NM_005026.5.fasta	90	119	+	30	GGCGGGATGACACTCATTGATTCTAAAGCA	UGCUUUAGAAUCAAUGAGUGUCAUCCCGCC	0
NM_005026.5:91-120	NM_005026.5	NM_005026.5.fasta	91	120	+	30	GCGGGATGACACTCATTGATTCTAAAGCAT	AUGCUUUAGAAUCAAUGAGUGUCAUCCCGC	0
NM_005026.5:92-121	NM_005026.5	NM_005026.5.fasta	92	121	+	30	CGGGATGACACTCATTGATTCTAAAGCATC	GAUGCUUUAGAAUCAAUGAGUGUCAUCCCG	0
NM_005026.5:93-122	NM_005026.5	NM_005026.5.fasta	93	122	+	30	GGGATGACACTCATTGATTCTAAAGCATCT	AGAUGCUUUAGAAUCAAUGAGUGUCAUCCC	0
NM_005026.5:94-123	NM_005026.5	NM_005026.5.fasta	94	123	+	30	GGATGACACTCATTGATTCTAAAGCATCTT	AAGAUGCUUUAGAAUCAAUGAGUGUCAUCC	0
NM_005026.5:95-124	NM_005026.5	NM_005026.5.fasta	95	124	+	30	GATGACACTCATTGATTCTAAAGCATCTTT	AAAGAUGCUUUAGAAUCAAUGAGUGUCAUC	0
NM_005026.5:96-125	NM_005026.5	NM_005026.5.fasta	96	125	+	30	ATGACACTCATTGATTCTAAAGCATCTTTA	UAAAGAUGCUUUAGAAUCAAUGAGUGUCAU	0
NM_005026.5:97-126	NM_005026.5	NM_005026.5.fasta	97	126	+	30	TGACACTCATTGATTCTAAAGCATCTTTAA	UUAAAGAUGCUUUAGAAUCAAUGAGUGUCA	0
NM_005026.5:98-127	NM_005026.5	NM_005026.5.fasta	98	127	+	30	GACACTCATTGATTCTAAAGCATCTTTAAT	AUUAAAGAUGCUUUAGAAUCAAUGAGUGUC	0
NM_005026.5:99-128	NM_005026.5	NM_005026.5.fasta	99	128	+	30	ACACTCATTGATTCTAAAGCATCTTTAATC	GAUUAAAGAUGCUUUAGAAUCAAUGAGUGU	0
NM_005026.5:100-129	NM_005026.5	NM_005026.5.fasta	100	129	+	30	CACTCATTGATTCTAAAGCATCTTTAATCT	AGAUUAAAGAUGCUUUAGAAUCAAUGAGUG	0
NM_005026.5:101-130	NM_005026.5	NM_005026.5.fasta	101	130	+	30	ACTCATTGATTCTAAAGCATCTTTAATCTG	CAGAUUAAAGAUGCUUUAGAAUCAAUGAGU	0
NM_005026.5:102-131	NM_005026.5	NM_005026.5.fasta	102	131	+	30	CTCATTGATTCTAAAGCATCTTTAATCTGC	GCAGAUUAAAGAUGCUUUAGAAUCAAUGAG	0
NM_005026.5:103-132	NM_005026.5	NM_005026.5.fasta	103	132	+	30	TCATTGATTCTAAAGCATCTTTAATCTGCC	GGCAGAUUAAAGAUGCUUUAGAAUCAAUGA	0
NM_005026.5:104-133	NM_005026.5	NM_005026.5.fasta	104	133	+	30	CATTGATTCTAAAGCATCTTTAATCTGCCA	UGGCAGAUUAAAGAUGCUUUAGAAUCAAUG	0
NM_005026.5:105-134	NM_005026.5	NM_005026.5.fasta	105	134	+	30	ATTGATTCTAAAGCATCTTTAATCTGCCAG	CUGGCAGAUUAAAGAUGCUUUAGAAUCAAU	0
NM_005026.5:106-135	NM_005026.5	NM_005026.5.fasta	106	135	+	30	TTGATTCTAAAGCATCTTTAATCTGCCAGG	CCUGGCAGAUUAAAGAUGCUUUAGAAUCAA	0
NM_005026.5:107-136	NM_005026.5	NM_005026.5.fasta	107	136	+	30	TGATTCTAAAGCATCTTTAATCTGCCAGGC	GCCUGGCAGAUUAAAGAUGCUUUAGAAUCA	0
NM_005026.5:108-137	NM_005026.5	NM_005026.5.fasta	108	137	+	30	GATTCTAAAGCATCTTTAATCTGCCAGGCG	CGCCUGGCAGAUUAAAGAUGCUUUAGAAUC	0
NM_005026.5:109-138	NM_005026.5	NM_005026.5.fasta	109	138	+	30	ATTCTAAAGCATCTTTAATCTGCCAGGCGG	CCGCCUGGCAGAUUAAAGAUGCUUUAGAAU	0
NM_005026.5:110-139	NM_005026.5	NM_005026.5.fasta	110	139	+	30	TTCTAAAGCATCTTTAATCTGCCAGGCGGA	UCCGCCUGGCAGAUUAAAGAUGCUUUAGAA	0
NM_005026.5:111-140	NM_005026.5	NM_005026.5.fasta	111	140	+	30	TCTAAAGCATCTTTAATCTGCCAGGCGGAG	CUCCGCCUGGCAGAUUAAAGAUGCUUUAGA	0
NM_005026.5:112-141	NM_005026.5	NM_005026.5.fasta	112	141	+	30	CTAAAGCATCTTTAATCTGCCAGGCGGAGG	CCUCCGCCUGGCAGAUUAAAGAUGCUUUAG	0
NM_005026.5:113-142	NM_005026.5	NM_005026.5.fasta	113	142	+	30	TAAAGCATCTTTAATCTGCCAGGCGGAGGG	CCCUCCGCCUGGCAGAUUAAAGAUGCUUUA	0
NM_005026.5:114-143	NM_005026.5	NM_005026.5.fasta	114	143	+	30	AAAGCATCTTTAATCTGCCAGGCGGAGGGG	CCCCUCCGCCUGGCAGAUUAAAGAUGCUUU	0
NM_005026.5:115-144	NM_005026.5	NM_005026.5.fasta	115	144	+	30	AAGCATCTTTAATCTGCCAGGCGGAGGGGG	CCCCCUCCGCCUGGCAGAUUAAAGAUGCUU	0
NM_005026.5:116-145	NM_005026.5	NM_005026.5.fasta	116	145	+	30	AGCATCTTTAATCTGCCAGGCGGAGGGGGC	GCCCCCUCCGCCUGGCAGAUUAAAGAUGCU	0
NM_005026.5:117-146	NM_005026.5	NM_005026.5.fasta	117	146	+	30	GCATCTTTAATCTGCCAGGCGGAGGGGGCT	AGCCCCCUCCGCCUGGCAGAUUAAAGAUGC	0
NM_005026.5:118-147	NM_005026.5	NM_005026.5.fasta	118	147	+	30	CATCTTTAATCTGCCAGGCGGAGGGGGCTT	AAGCCCCCUCCGCCUGGCAGAUUAAAGAUG	0
NM_005026.5:119-148	NM_005026.5	NM_005026.5.fasta	119	148	+	30	ATCTTTAATCTGCCAGGCGGAGGGGGCTTT	AAAGCCCCCUCCGCCUGGCAGAUUAAAGAU	0
NM_005026.5:120-149	NM_005026.5	NM_005026.5.fasta	120	149	+	30	TCTTTAATCTGCCAGGCGGAGGGGGCTTTG	CAAAGCCCCCUCCGCCUGGCAGAUUAAAGA	0
NM_005026.5:121-150	NM_005026.5	NM_005026.5.fasta	121	150	+	30	CTTTAATCTGCCAGGCGGAGGGGGCTTTGC	GCAAAGCCCCCUCCGCCUGGCAGAUUAAAG	0
NM_005026.5:122-151	NM_005026.5	NM_005026.5.fasta	122	151	+	30	TTTAATCTGCCAGGCGGAGGGGGCTTTGCT	AGCAAAGCCCCCUCCGCCUGGCAGAUUAAA	0
NM_005026.5:123-152	NM_005026.5	NM_005026.5.fasta	123	152	+	30	TTAATCTGCCAGGCGGAGGGGGCTTTGCTG	CAGCAAAGCCCCCUCCGCCUGGCAGAUUAA	0
NM_005026.5:124-153	NM_005026.5	NM_005026.5.fasta	124	153	+	30	TAATCTGCCAGGCGGAGGGGGCTTTGCTGG	CCAGCAAAGCCCCCUCCGCCUGGCAGAUUA	0
NM_005026.5:125-154	NM_005026.5	NM_005026.5.fasta	125	154	+	30	AATCTGCCAGGCGGAGGGGGCTTTGCTGGT	ACCAGCAAAGCCCCCUCCGCCUGGCAGAUU	0
NM_005026.5:126-155	NM_005026.5	NM_005026.5.fasta	126	155	+	30	ATCTGCCAGGCGGAGGGGGCTTTGCTGGTC	GACCAGCAAAGCCCCCUCCGCCUGGCAGAU	0
NM_005026.5:127-156	NM_005026.5	NM_005026.5.fasta	127	156	+	30	TCTGCCAGGCGGAGGGGGCTTTGCTGGTCT	AGACCAGCAAAGCCCCCUCCGCCUGGCAGA	0
NM_005026.5:128-157	NM_005026.5	NM_005026.5.fasta	128	157	+	30	CTGCCAGGCGGAGGGGGCTTTGCTGGTCTT	AAGACCAGCAAAGCCCCCUCCGCCUGGCAG	0
NM_005026.5:129-158	NM_005026.5	NM_005026.5.fasta	129	158	+	30	TGCCAGGCGGAGGGGGCTTTGCTGGTCTTT	AAAGACCAGCAAAGCCCCCUCCGCCUGGCA	0
NM_005026.5:130-159	NM_005026.5	NM_005026.5.fasta	130	159	+	30	GCCAGGCGGAGGGGGCTTTGCTGGTCTTTC	GAAAGACCAGCAAAGCCCCCUCCGCCUGGC	0
NM_005026.5:131-160	NM_005026.5	NM_005026.5.fasta	131	160	+	30	CCAGGCGGAGGGGGCTTTGCTGGTCTTTCT	AGAAAGACCAGCAAAGCCCCCUCCGCCUGG	0
NM_005026.5:132-161	NM_005026.5	NM_005026.5.fasta	132	161	+	30	CAGGCGGAGGGGGCTTTGCTGGTCTTTCTT	AAGAAAGACCAGCAAAGCCCCCUCCGCCUG	0
NM_005026.5:133-162	NM_005026.5	NM_005026.5.fasta	133	162	+	30	AGGCGGAGGGGGCTTTGCTGGTCTTTCTTG	CAAGAAAGACCAGCAAAGCCCCCUCCGCCU	0
NM_005026.5:134-163	NM_005026.5	NM_005026.5.fasta	134	163	+	30	GGCGGAGGGGGCTTTGCTGGTCTTTCTTGG	CCAAGAAAGACCAGCAAAGCCCCCUCCGCC	0
NM_005026.5:135-164	NM_005026.5	NM_005026.5.fasta	135	164	+	30	GCGGAGGGGGCTTTGCTGGTCTTTCTTGGA	UCCAAGAAAGACCAGCAAAGCCCCCUCCGC	0
NM_005026.5:136-165	NM_005026.5	NM_005026.5.fasta	136	165	+	30	CGGAGGGGGCTTTGCTGGTCTTTCTTGGAC	GUCCAAGAAAGACCAGCAAAGCCCCCUCCG	0
NM_005026.5:137-166	NM_005026.5	NM_005026.5.fasta	137	166	+	30	GGAGGGGGCTTTGCTGGTCTTTCTTGGACT	AGUCCAAGAAAGACCAGCAAAGCCCCCUCC	0
NM_005026.5:138-167	NM_005026.5	NM_005026.5.fasta	138	167	+	30	GAGGGGGCTTTGCTGGTCTTTCTTGGACTA	UAGUCCAAGAAAGACCAGCAAAGCCCCCUC	0
NM_005026.5:139-168	NM_005026.5	NM_005026.5.fasta	139	168	+	30	AGGGGGCTTTGCTGGTCTTTCTTGGACTAT	AUAGUCCAAGAAAGACCAGCAAAGCCCCCU	0
NM_005026.5:140-169	NM_005026.5	NM_005026.5.fasta	140	169	+	30	GGGGGCTTTGCTGGTCTTTCTTGGACTATT	AAUAGUCCAAGAAAGACCAGCAAAGCCCCC	0
NM_005026.5:141-170	NM_005026.5	NM_005026.5.fasta	141	170	+	30	GGGGCTTTGCTGGTCTTTCTTGGACTATTC	GAAUAGUCCAAGAAAGACCAGCAAAGCCCC	0
NM_005026.5:142-171	NM_005026.5	NM_005026.5.fasta	142	171	+	30	GGGCTTTGCTGGTCTTTCTTGGACTATTCC	GGAAUAGUCCAAGAAAGACCAGCAAAGCCC	0
NM_005026.5:143-172	NM_005026.5	NM_005026.5.fasta	143	172	+	30	GGCTTTGCTGGTCTTTCTTGGACTATTCCA	UGGAAUAGUCCAAGAAAGACCAGCAAAGCC	0
NM_005026.5:144-173	NM_005026.5	NM_005026.5.fasta	144	173	+	30	GCTTTGCTGGTCTTTCTTGGACTATTCCAG	CUGGAAUAGUCCAAGAAAGACCAGCAAAGC	0
NM_005026.5:145-174	NM_005026.5	NM_005026.5.fasta	145	174	+	30	CTTTGCTGGTCTTTCTTGGACTATTCCAGA	UCUGGAAUAGUCCAAGAAAGACCAGCAAAG	0
NM_005026.5:146-175	NM_005026.5	NM_005026.5.fasta	146	175	+	30	TTTGCTGGTCTTTCTTGGACTATTCCAGAG	CUCUGGAAUAGUCCAAGAAAGACCAGCAAA	0
NM_005026.5:147-176	NM_005026.5	NM_005026.5.fasta	147	176	+	30	TTGCTGGTCTTTCTTGGACTATTCCAGAGA	UCUCUGGAAUAGUCCAAGAAAGACCAGCAA	0
NM_005026.5:148-177	NM_005026.5	NM_005026.5.fasta	148	177	+	30	TGCTGGTCTTTCTTGGACTATTCCAGAGAG	CUCUCUGGAAUAGUCCAAGAAAGACCAGCA	0
NM_005026.5:149-178	NM_005026.5	NM_005026.5.fasta	149	178	+	30	GCTGGTCTTTCTTGGACTATTCCAGAGAGG	CCUCUCUGGAAUAGUCCAAGAAAGACCAGC	0
NM_005026.5:150-179	NM_005026.5	NM_005026.5.fasta	150	179	+	30	CTGGTCTTTCTTGGACTATTCCAGAGAGGA	UCCUCUCUGGAAUAGUCCAAGAAAGACCAG	0
NM_005026.5:151-180	NM_005026.5	NM_005026.5.fasta	151	180	+	30	TGGTCTTTCTTGGACTATTCCAGAGAGGAC	GUCCUCUCUGGAAUAGUCCAAGAAAGACCA	0
NM_005026.5:152-181	NM_005026.5	NM_005026.5.fasta	152	181	+	30	GGTCTTTCTTGGACTATTCCAGAGAGGACA	UGUCCUCUCUGGAAUAGUCCAAGAAAGACC	0
NM_005026.5:153-182	NM_005026.5	NM_005026.5.fasta	153	182	+	30	GTCTTTCTTGGACTATTCCAGAGAGGACAA	UUGUCCUCUCUGGAAUAGUCCAAGAAAGAC	0
NM_005026.5:154-183	NM_005026.5	NM_005026.5.fasta	154	183	+	30	TCTTTCTTGGACTATTCCAGAGAGGACAAC	GUUGUCCUCUCUGGAAUAGUCCAAGAAAGA	0
NM_005026.5:155-184	NM_005026.5	NM_005026.5.fasta	155	184	+	30	CTTTCTTGGACTATTCCAGAGAGGACAACT	AGUUGUCCUCUCUGGAAUAGUCCAAGAAAG	0
NM_005026.5:156-185	NM_005026.5	NM_005026.5.fasta	156	185	+	30	TTTCTTGGACTATTCCAGAGAGGACAACTG	CAGUUGUCCUCUCUGGAAUAGUCCAAGAAA	0
NM_005026.5:157-186	NM_005026.5	NM_005026.5.fasta	157	186	+	30	TTCTTGGACTATTCCAGAGAGGACAACTGT	ACAGUUGUCCUCUCUGGAAUAGUCCAAGAA	0
NM_005026.5:158-187	NM_005026.5	NM_005026.5.fasta	158	187	+	30	TCTTGGACTATTCCAGAGAGGACAACTGTC	GACAGUUGUCCUCUCUGGAAUAGUCCAAGA	0
NM_005026.5:159-188	NM_005026.5	NM_005026.5.fasta	159	188	+	30	CTTGGACTATTCCAGAGAGGACAACTGTCA	UGACAGUUGUCCUCUCUGGAAUAGUCCAAG	0
NM_005026.5:160-189	NM_005026.5	NM_005026.5.fasta	160	189	+	30	TTGGACTATTCCAGAGAGGACAACTGTCAT	AUGACAGUUGUCCUCUCUGGAAUAGUCCAA	0
NM_005026.5:161-190	NM_005026.5	NM_005026.5.fasta	161	190	+	30	TGGACTATTCCAGAGAGGACAACTGTCATC	GAUGACAGUUGUCCUCUCUGGAAUAGUCCA	0
NM_005026.5:162-191	NM_005026.5	NM_005026.5.fasta	162	191	+	30	GGACTATTCCAGAGAGGACAACTGTCATCT	AGAUGACAGUUGUCCUCUCUGGAAUAGUCC	0
NM_005026.5:163-192	NM_005026.5	NM_005026.5.fasta	163	192	+	30	GACTATTCCAGAGAGGACAACTGTCATCTG	CAGAUGACAGUUGUCCUCUCUGGAAUAGUC	0
NM_005026.5:164-193	NM_005026.5	NM_005026.5.fasta	164	193	+	30	ACTATTCCAGAGAGGACAACTGTCATCTGG	CCAGAUGACAGUUGUCCUCUCUGGAAUAGU	0
NM_005026.5:165-194	NM_005026.5	NM_005026.5.fasta	165	194	+	30	CTATTCCAGAGAGGACAACTGTCATCTGGG	CCCAGAUGACAGUUGUCCUCUCUGGAAUAG	0
NM_005026.5:166-195	NM_005026.5	NM_005026.5.fasta	166	195	+	30	TATTCCAGAGAGGACAACTGTCATCTGGGA	UCCCAGAUGACAGUUGUCCUCUCUGGAAUA	0
NM_005026.5:167-196	NM_005026.5	NM_005026.5.fasta	167	196	+	30	ATTCCAGAGAGGACAACTGTCATCTGGGAA	UUCCCAGAUGACAGUUGUCCUCUCUGGAAU	0
NM_005026.5:168-197	NM_005026.5	NM_005026.5.fasta	168	197	+	30	TTCCAGAGAGGACAACTGTCATCTGGGAAG	CUUCCCAGAUGACAGUUGUCCUCUCUGGAA	0
NM_005026.5:169-198	NM_005026.5	NM_005026.5.fasta	169	198	+	30	TCCAGAGAGGACAACTGTCATCTGGGAAGT	ACUUCCCAGAUGACAGUUGUCCUCUCUGGA	0
NM_005026.5:170-199	NM_005026.5	NM_005026.5.fasta	170	199	+	30	CCAGAGAGGACAACTGTCATCTGGGAAGTA	UACUUCCCAGAUGACAGUUGUCCUCUCUGG	0
NM_005026.5:171-200	NM_005026.5	NM_005026.5.fasta	171	200	+	30	CAGAGAGGACAACTGTCATCTGGGAAGTAA	UUACUUCCCAGAUGACAGUUGUCCUCUCUG	0
NM_005026.5:172-201	NM_005026.5	NM_005026.5.fasta	172	201	+	30	AGAGAGGACAACTGTCATCTGGGAAGTAAC	GUUACUUCCCAGAUGACAGUUGUCCUCUCU	0
NM_005026.5:173-202	NM_005026.5	NM_005026.5.fasta	173	202	+	30	GAGAGGACAACTGTCATCTGGGAAGTAACA	UGUUACUUCCCAGAUGACAGUUGUCCUCUC	0
NM_005026.5:174-203	NM_005026.5	NM_005026.5.fasta	174	203	+	30	AGAGGACAACTGTCATCTGGGAAGTAACAA	UUGUUACUUCCCAGAUGACAGUUGUCCUCU	0
NM_005026.5:175-204	NM_005026.5	NM_005026.5.fasta	175	204	+	30	GAGGACAACTGTCATCTGGGAAGTAACAAC	GUUGUUACUUCCCAGAUGACAGUUGUCCUC	0
NM_005026.5:176-205	NM_005026.5	NM_005026.5.fasta	176	205	+	30	AGGACAACTGTCATCTGGGAAGTAACAACG	CGUUGUUACUUCCCAGAUGACAGUUGUCCU	0
NM_005026.5:177-206	NM_005026.5	NM_005026.5.fasta	177	206	+	30	GGACAACTGTCATCTGGGAAGTAACAACGC	GCGUUGUUACUUCCCAGAUGACAGUUGUCC	0
NM_005026.5:178-207	NM_005026.5	NM_005026.5.fasta	178	207	+	30	GACAACTGTCATCTGGGAAGTAACAACGCA	UGCGUUGUUACUUCCCAGAUGACAGUUGUC	0
NM_005026.5:179-208	NM_005026.5	NM_005026.5.fasta	179	208	+	30	ACAACTGTCATCTGGGAAGTAACAACGCAG	CUGCGUUGUUACUUCCCAGAUGACAGUUGU	0
NM_005026.5:180-209	NM_005026.5	NM_005026.5.fasta	180	209	+	30	CAACTGTCATCTGGGAAGTAACAACGCAGG	CCUGCGUUGUUACUUCCCAGAUGACAGUUG	0
NM_005026.5:181-210	NM_005026.5	NM_005026.5.fasta	181	210	+	30	AACTGTCATCTGGGAAGTAACAACGCAGGA	UCCUGCGUUGUUACUUCCCAGAUGACAGUU	0
NM_005026.5:182-211	NM_005026.5	NM_005026.5.fasta	182	211	+	30	ACTGTCATCTGGGAAGTAACAACGCAGGAT	AUCCUGCGUUGUUACUUCCCAGAUGACAGU	0
NM_005026.5:183-212	NM_005026.5	NM_005026.5.fasta	183	212	+	30	CTGTCATCTGGGAAGTAACAACGCAGGATG	CAUCCUGCGUUGUUACUUCCCAGAUGACAG	0
NM_005026.5:184-213	NM_005026.5	NM_005026.5.fasta	184	213	+	30	TGTCATCTGGGAAGTAACAACGCAGGATGC	GCAUCCUGCGUUGUUACUUCCCAGAUGACA	0
NM_005026.5:185-214	NM_005026.5	NM_005026.5.fasta	185	214	+	30	GTCATCTGGGAAGTAACAACGCAGGATGCC	GGCAUCCUGCGUUGUUACUUCCCAGAUGAC	0
NM_005026.5:186-215	NM_005026.5	NM_005026.5.fasta	186	215	+	30	TCATCTGGGAAGTAACAACGCAGGATGCCC	GGGCAUCCUGCGUUGUUACUUCCCAGAUGA	0
NM_005026.5:187-216	NM_005026.5	NM_005026.5.fasta	187	216	+	30	CATCTGGGAAGTAACAACGCAGGATGCCCC	GGGGCAUCCUGCGUUGUUACUUCCCAGAUG	0
NM_005026.5:188-217	NM_005026.5	NM_005026.5.fasta	188	217	+	30	ATCTGGGAAGTAACAACGCAGGATGCCCCC	GGGGGCAUCCUGCGUUGUUACUUCCCAGAU	0
NM_005026.5:189-218	NM_005026.5	NM_005026.5.fasta	189	218	+	30	TCTGGGAAGTAACAACGCAGGATGCCCCCT	AGGGGGCAUCCUGCGUUGUUACUUCCCAGA	0
NM_005026.5:190-219	NM_005026.5	NM_005026.5.fasta	190	219	+	30	CTGGGAAGTAACAACGCAGGATGCCCCCTG	CAGGGGGCAUCCUGCGUUGUUACUUCCCAG	0
NM_005026.5:191-220	NM_005026.5	NM_005026.5.fasta	191	220	+	30	TGGGAAGTAACAACGCAGGATGCCCCCTGG	CCAGGGGGCAUCCUGCGUUGUUACUUCCCA	0
NM_005026.5:192-221	NM_005026.5	NM_005026.5.fasta	192	221	+	30	GGGAAGTAACAACGCAGGATGCCCCCTGGG	CCCAGGGGGCAUCCUGCGUUGUUACUUCCC	0
NM_005026.5:193-222	NM_005026.5	NM_005026.5.fasta	193	222	+	30	GGAAGTAACAACGCAGGATGCCCCCTGGGG	CCCCAGGGGGCAUCCUGCGUUGUUACUUCC	0
NM_005026.5:194-223	NM_005026.5	NM_005026.5.fasta	194	223	+	30	GAAGTAACAACGCAGGATGCCCCCTGGGGT	ACCCCAGGGGGCAUCCUGCGUUGUUACUUC	0
NM_005026.5:195-224	NM_005026.5	NM_005026.5.fasta	195	224	+	30	AAGTAACAACGCAGGATGCCCCCTGGGGTG	CACCCCAGGGGGCAUCCUGCGUUGUUACUU	0
NM_005026.5:196-225	NM_005026.5	NM_005026.5.fasta	196	225	+	30	AGTAACAACGCAGGATGCCCCCTGGGGTGG	CCACCCCAGGGGGCAUCCUGCGUUGUUACU	0
NM_005026.5:197-226	NM_005026.5	NM_005026.5.fasta	197	226	+	30	GTAACAACGCAGGATGCCCCCTGGGGTGGA	UCCACCCCAGGGGGCAUCCUGCGUUGUUAC	0
NM_005026.5:198-227	NM_005026.5	NM_005026.5.fasta	198	227	+	30	TAACAACGCAGGATGCCCCCTGGGGTGGAC	GUCCACCCCAGGGGGCAUCCUGCGUUGUUA	0
NM_005026.5:199-228	NM_005026.5	NM_005026.5.fasta	199	228	+	30	AACAACGCAGGATGCCCCCTGGGGTGGACT	AGUCCACCCCAGGGGGCAUCCUGCGUUGUU	0
NM_005026.5:200-229	NM_005026.5	NM_005026.5.fasta	200	229	+	30	ACAACGCAGGATGCCCCCTGGGGTGGACTG	CAGUCCACCCCAGGGGGCAUCCUGCGUUGU	0
NM_005026.5:201-230	NM_005026.5	NM_005026.5.fasta	201	230	+	30	CAACGCAGGATGCCCCCTGGGGTGGACTGC	GCAGUCCACCCCAGGGGGCAUCCUGCGUUG	0
NM_005026.5:202-231	NM_005026.5	NM_005026.5.fasta	202	231	+	30	AACGCAGGATGCCCCCTGGGGTGGACTGCC	GGCAGUCCACCCCAGGGGGCAUCCUGCGUU	0
NM_005026.5:203-232	NM_005026.5	NM_005026.5.fasta	203	232	+	30	ACGCAGGATGCCCCCTGGGGTGGACTGCCC	GGGCAGUCCACCCCAGGGGGCAUCCUGCGU	0
NM_005026.5:204-233	NM_005026.5	NM_005026.5.fasta	204	233	+	30	CGCAGGATGCCCCCTGGGGTGGACTGCCCC	GGGGCAGUCCACCCCAGGGGGCAUCCUGCG	0
NM_005026.5:205-234	NM_005026.5	NM_005026.5.fasta	205	234	+	30	GCAGGATGCCCCCTGGGGTGGACTGCCCCA	UGGGGCAGUCCACCCCAGGGGGCAUCCUGC	0
NM_005026.5:206-235	NM_005026.5	NM_005026.5.fasta	206	235	+	30	CAGGATGCCCCCTGGGGTGGACTGCCCCAT	AUGGGGCAGUCCACCCCAGGGGGCAUCCUG	0
NM_005026.5:207-236	NM_005026.5	NM_005026.5.fasta	207	236	+	30	AGGATGCCCCCTGGGGTGGACTGCCCCATG	CAUGGGGCAGUCCACCCCAGGGGGCAUCCU	0
NM_005026.5:208-237	NM_005026.5	NM_005026.5.fasta	208	237	+	30	GGATGCCCCCTGGGGTGGACTGCCCCATGG	CCAUGGGGCAGUCCACCCCAGGGGGCAUCC	0
NM_005026.5:209-238	NM_005026.5	NM_005026.5.fasta	209	238	+	30	GATGCCCCCTGGGGTGGACTGCCCCATGGA	UCCAUGGGGCAGUCCACCCCAGGGGGCAUC	0
NM_005026.5:210-239	NM_005026.5	NM_005026.5.fasta	210	239	+	30	ATGCCCCCTGGGGTGGACTGCCCCATGGAA	UUCCAUGGGGCAGUCCACCCCAGGGGGCAU	0
NM_005026.5:211-240	NM_005026.5	NM_005026.5.fasta	211	240	+	30	TGCCCCCTGGGGTGGACTGCCCCATGGAAT	AUUCCAUGGGGCAGUCCACCCCAGGGGGCA	0
NM_005026.5:212-241	NM_005026.5	NM_005026.5.fasta	212	241	+	30	GCCCCCTGGGGTGGACTGCCCCATGGAATT	AAUUCCAUGGGGCAGUCCACCCCAGGGGGC	0
NM_005026.5:213-242	NM_005026.5	NM_005026.5.fasta	213	242	+	30	CCCCCTGGGGTGGACTGCCCCATGGAATTC	GAAUUCCAUGGGGCAGUCCACCCCAGGGGG	0
NM_005026.5:214-243	NM_005026.5	NM_005026.5.fasta	214	243	+	30	CCCCTGGGGTGGACTGCCCCATGGAATTCT	AGAAUUCCAUGGGGCAGUCCACCCCAGGGG	0
NM_005026.5:215-244	NM_005026.5	NM_005026.5.fasta	215	244	+	30	CCCTGGGGTGGACTGCCCCATGGAATTCTG	CAGAAUUCCAUGGGGCAGUCCACCCCAGGG	0
NM_005026.5:216-245	NM_005026.5	NM_005026.5.fasta	216	245	+	30	CCTGGGGTGGACTGCCCCATGGAATTCTGG	CCAGAAUUCCAUGGGGCAGUCCACCCCAGG	0
NM_005026.5:217-246	NM_005026.5	NM_005026.5.fasta	217	246	+	30	CTGGGGTGGACTGCCCCATGGAATTCTGGA	UCCAGAAUUCCAUGGGGCAGUCCACCCCAG	0
NM_005026.5:218-247	NM_005026.5	NM_005026.5.fasta	218	247	+	30	TGGGGTGGACTGCCCCATGGAATTCTGGAC	GUCCAGAAUUCCAUGGGGCAGUCCACCCCA	0
NM_005026.5:219-248	NM_005026.5	NM_005026.5.fasta	219	248	+	30	GGGGTGGACTGCCCCATGGAATTCTGGACC	GGUCCAGAAUUCCAUGGGGCAGUCCACCCC	0
NM_005026.5:220-249	NM_005026.5	NM_005026.5.fasta	220	249	+	30	GGGTGGACTGCCCCATGGAATTCTGGACCA	UGGUCCAGAAUUCCAUGGGGCAGUCCACCC	0
NM_005026.5:221-250	NM_005026.5	NM_005026.5.fasta	221	250	+	30	GGTGGACTGCCCCATGGAATTCTGGACCAA	UUGGUCCAGAAUUCCAUGGGGCAGUCCACC	0
NM_005026.5:222-251	NM_005026.5	NM_005026.5.fasta	222	251	+	30	GTGGACTGCCCCATGGAATTCTGGACCAAG	CUUGGUCCAGAAUUCCAUGGGGCAGUCCAC	0
NM_005026.5:223-252	NM_005026.5	NM_005026.5.fasta	223	252	+	30	TGGACTGCCCCATGGAATTCTGGACCAAGG	CCUUGGUCCAGAAUUCCAUGGGGCAGUCCA	0
NM_005026.5:224-253	NM_005026.5	NM_005026.5.fasta	224	253	+	30	GGACTGCCCCATGGAATTCTGGACCAAGGA	UCCUUGGUCCAGAAUUCCAUGGGGCAGUCC	0
NM_005026.5:225-254	NM_005026.5	NM_005026.5.fasta	225	254	+	30	GACTGCCCCATGGAATTCTGGACCAAGGAG	CUCCUUGGUCCAGAAUUCCAUGGGGCAGUC	0
NM_005026.5:226-255	NM_005026.5	NM_005026.5.fasta	226	255	+	30	ACTGCCCCATGGAATTCTGGACCAAGGAGG	CCUCCUUGGUCCAGAAUUCCAUGGGGCAGU	0
NM_005026.5:227-256	NM_005026.5	NM_005026.5.fasta	227	256	+	30	CTGCCCCATGGAATTCTGGACCAAGGAGGA	UCCUCCUUGGUCCAGAAUUCCAUGGGGCAG	0
NM_005026.5:228-257	NM_005026.5	NM_005026.5.fasta	228	257	+	30	TGCCCCATGGAATTCTGGACCAAGGAGGAG	CUCCUCCUUGGUCCAGAAUUCCAUGGGGCA	0
NM_005026.5:229-258	NM_005026.5	NM_005026.5.fasta	229	258	+	30	GCCCCATGGAATTCTGGACCAAGGAGGAGA	UCUCCUCCUUGGUCCAGAAUUCCAUGGGGC	0
NM_005026.5:230-259	NM_005026.5	NM_005026.5.fasta	230	259	+	30	CCCCATGGAATTCTGGACCAAGGAGGAGAA	UUCUCCUCCUUGGUCCAGAAUUCCAUGGGG	0
NM_005026.5:231-260	NM_005026.5	NM_005026.5.fasta	231	260	+	30	CCCATGGAATTCTGGACCAAGGAGGAGAAT	AUUCUCCUCCUUGGUCCAGAAUUCCAUGGG	0
NM_005026.5:232-261	NM_005026.5	NM_005026.5.fasta	232	261	+	30	CCATGGAATTCTGGACCAAGGAGGAGAATC	GAUUCUCCUCCUUGGUCCAGAAUUCCAUGG	0
NM_005026.5:233-262	NM_005026.5	NM_005026.5.fasta	233	262	+	30	CATGGAATTCTGGACCAAGGAGGAGAATCA	UGAUUCUCCUCCUUGGUCCAGAAUUCCAUG	0
NM_005026.5:234-263	NM_005026.5	NM_005026.5.fasta	234	263	+	30	ATGGAATTCTGGACCAAGGAGGAGAATCAG	CUGAUUCUCCUCCUUGGUCCAGAAUUCCAU	0
NM_005026.5:235-264	NM_005026.5	NM_005026.5.fasta	235	264	+	30	TGGAATTCTGGACCAAGGAGGAGAATCAGA	UCUGAUUCUCCUCCUUGGUCCAGAAUUCCA	0
NM_005026.5:236-265	NM_005026.5	NM_005026.5.fasta	236	265	+	30	GGAATTCTGGACCAAGGAGGAGAATCAGAG	CUCUGAUUCUCCUCCUUGGUCCAGAAUUCC	0
NM_005026.5:237-266	NM_005026.5	NM_005026.5.fasta	237	266	+	30	GAATTCTGGACCAAGGAGGAGAATCAGAGC	GCUCUGAUUCUCCUCCUUGGUCCAGAAUUC	0
NM_005026.5:238-267	NM_005026.5	NM_005026.5.fasta	238	267	+	30	AATTCTGGACCAAGGAGGAGAATCAGAGCG	CGCUCUGAUUCUCCUCCUUGGUCCAGAAUU	0
NM_005026.5:239-268	NM_005026.5	NM_005026.5.fasta	239	268	+	30	ATTCTGGACCAAGGAGGAGAATCAGAGCGT	ACGCUCUGAUUCUCCUCCUUGGUCCAGAAU	0
NM_005026.5:240-269	NM_005026.5	NM_005026.5.fasta	240	269	+	30	TTCTGGACCAAGGAGGAGAATCAGAGCGTT	AACGCUCUGAUUCUCCUCCUUGGUCCAGAA	0
NM_005026.5:241-270	NM_005026.5	NM_005026.5.fasta	241	270	+	30	TCTGGACCAAGGAGGAGAATCAGAGCGTTG	CAACGCUCUGAUUCUCCUCCUUGGUCCAGA	0
NM_005026.5:242-271	NM_005026.5	NM_005026.5.fasta	242	271	+	30	CTGGACCAAGGAGGAGAATCAGAGCGTTGT	ACAACGCUCUGAUUCUCCUCCUUGGUCCAG	0
NM_005026.5:243-272	NM_005026.5	NM_005026.5.fasta	243	272	+	30	TGGACCAAGGAGGAGAATCAGAGCGTTGTG	CACAACGCUCUGAUUCUCCUCCUUGGUCCA	0
NM_005026.5:244-273	NM_005026.5	NM_005026.5.fasta	244	273	+	30	GGACCAAGGAGGAGAATCAGAGCGTTGTGG	CCACAACGCUCUGAUUCUCCUCCUUGGUCC	0
NM_005026.5:245-274	NM_005026.5	NM_005026.5.fasta	245	274	+	30	GACCAAGGAGGAGAATCAGAGCGTTGTGGT	ACCACAACGCUCUGAUUCUCCUCCUUGGUC	0
NM_005026.5:246-275	NM_005026.5	NM_005026.5.fasta	246	275	+	30	ACCAAGGAGGAGAATCAGAGCGTTGTGGTT	AACCACAACGCUCUGAUUCUCCUCCUUGGU	0
NM_005026.5:247-276	NM_005026.5	NM_005026.5.fasta	247	276	+	30	CCAAGGAGGAGAATCAGAGCGTTGTGGTTG	CAACCACAACGCUCUGAUUCUCCUCCUUGG	0
NM_005026.5:248-277	NM_005026.5	NM_005026.5.fasta	248	277	+	30	CAAGGAGGAGAATCAGAGCGTTGTGGTTGA	UCAACCACAACGCUCUGAUUCUCCUCCUUG	0
NM_005026.5:249-278	NM_005026.5	NM_005026.5.fasta	249	278	+	30	AAGGAGGAGAATCAGAGCGTTGTGGTTGAC	GUCAACCACAACGCUCUGAUUCUCCUCCUU	0
NM_005026.5:250-279	NM_005026.5	NM_005026.5.fasta	250	279	+	30	AGGAGGAGAATCAGAGCGTTGTGGTTGACT	AGUCAACCACAACGCUCUGAUUCUCCUCCU	0
NM_005026.5:251-280	NM_005026.5	NM_005026.5.fasta	251	280	+	30	GGAGGAGAATCAGAGCGTTGTGGTTGACTT	AAGUCAACCACAACGCUCUGAUUCUCCUCC	0
NM_005026.5:252-281	NM_005026.5	NM_005026.5.fasta	252	281	+	30	GAGGAGAATCAGAGCGTTGTGGTTGACTTC	GAAGUCAACCACAACGCUCUGAUUCUCCUC	0
NM_005026.5:253-282	NM_005026.5	NM_005026.5.fasta	253	282	+	30	AGGAGAATCAGAGCGTTGTGGTTGACTTCC	GGAAGUCAACCACAACGCUCUGAUUCUCCU	0
NM_005026.5:254-283	NM_005026.5	NM_005026.5.fasta	254	283	+	30	GGAGAATCAGAGCGTTGTGGTTGACTTCCT	AGGAAGUCAACCACAACGCUCUGAUUCUCC	0
NM_005026.5:255-284	NM_005026.5	NM_005026.5.fasta	255	284	+	30	GAGAATCAGAGCGTTGTGGTTGACTTCCTG	CAGGAAGUCAACCACAACGCUCUGAUUCUC	0
NM_005026.5:256-285	NM_005026.5	NM_005026.5.fasta	256	285	+	30	AGAATCAGAGCGTTGTGGTTGACTTCCTGC	GCAGGAAGUCAACCACAACGCUCUGAUUCU	0
NM_005026.5:257-286	NM_005026.5	NM_005026.5.fasta	257	286	+	30	GAATCAGAGCGTTGTGGTTGACTTCCTGCT	AGCAGGAAGUCAACCACAACGCUCUGAUUC	0
NM_005026.5:258-287	NM_005026.5	NM_005026.5.fasta	258	287	+	30	AATCAGAGCGTTGTGGTTGACTTCCTGCTG	CAGCAGGAAGUCAACCACAACGCUCUGAUU	0
NM_005026.5:259-288	NM_005026.5	NM_005026.5.fasta	259	288	+	30	ATCAGAGCGTTGTGGTTGACTTCCTGCTGC	GCAGCAGGAAGUCAACCACAACGCUCUGAU	0
NM_005026.5:260-289	NM_005026.5	NM_005026.5.fasta	260	289	+	30	TCAGAGCGTTGTGGTTGACTTCCTGCTGCC	GGCAGCAGGAAGUCAACCACAACGCUCUGA	0
NM_005026.5:261-290	NM_005026.5	NM_005026.5.fasta	261	290	+	30	CAGAGCGTTGTGGTTGACTTCCTGCTGCCC	GGGCAGCAGGAAGUCAACCACAACGCUCUG	0
NM_005026.5:262-291	NM_005026.5	NM_005026.5.fasta	262	291	+	30	AGAGCGTTGTGGTTGACTTCCTGCTGCCCA	UGGGCAGCAGGAAGUCAACCACAACGCUCU	0
NM_005026.5:263-292	NM_005026.5	NM_005026.5.fasta	263	292	+	30	GAGCGTTGTGGTTGACTTCCTGCTGCCCAC	GUGGGCAGCAGGAAGUCAACCACAACGCUC	0
NM_005026.5:264-293	NM_005026.5	NM_005026.5.fasta	264	293	+	30	AGCGTTGTGGTTGACTTCCTGCTGCCCACA	UGUGGGCAGCAGGAAGUCAACCACAACGCU	0
NM_005026.5:265-294	NM_005026.5	NM_005026.5.fasta	265	294	+	30	GCGTTGTGGTTGACTTCCTGCTGCCCACAG	CUGUGGGCAGCAGGAAGUCAACCACAACGC	0
NM_005026.5:266-295	NM_005026.5	NM_005026.5.fasta	266	295	+	30	CGTTGTGGTTGACTTCCTGCTGCCCACAGG	CCUGUGGGCAGCAGGAAGUCAACCACAACG	0
NM_005026.5:267-296	NM_005026.5	NM_005026.5.fasta	267	296	+	30	GTTGTGGTTGACTTCCTGCTGCCCACAGGG	CCCUGUGGGCAGCAGGAAGUCAACCACAAC	0
NM_005026.5:268-297	NM_005026.5	NM_005026.5.fasta	268	297	+	30	TTGTGGTTGACTTCCTGCTGCCCACAGGGG	CCCCUGUGGGCAGCAGGAAGUCAACCACAA	0
NM_005026.5:269-298	NM_005026.5	NM_005026.5.fasta	269	298	+	30	TGTGGTTGACTTCCTGCTGCCCACAGGGGT	ACCCCUGUGGGCAGCAGGAAGUCAACCACA	0
NM_005026.5:270-299	NM_005026.5	NM_005026.5.fasta	270	299	+	30	GTGGTTGACTTCCTGCTGCCCACAGGGGTC	GACCCCUGUGGGCAGCAGGAAGUCAACCAC	0
NM_005026.5:271-300	NM_005026.5	NM_005026.5.fasta	271	300	+	30	TGGTTGACTTCCTGCTGCCCACAGGGGTCT	AGACCCCUGUGGGCAGCAGGAAGUCAACCA	0
NM_005026.5:272-301	NM_005026.5	NM_005026.5.fasta	272	301	+	30	GGTTGACTTCCTGCTGCCCACAGGGGTCTA	UAGACCCCUGUGGGCAGCAGGAAGUCAACC	0
NM_005026.5:273-302	NM_005026.5	NM_005026.5.fasta	273	302	+	30	GTTGACTTCCTGCTGCCCACAGGGGTCTAC	GUAGACCCCUGUGGGCAGCAGGAAGUCAAC	0
NM_005026.5:274-303	NM_005026.5	NM_005026.5.fasta	274	303	+	30	TTGACTTCCTGCTGCCCACAGGGGTCTACC	GGUAGACCCCUGUGGGCAGCAGGAAGUCAA	0
NM_005026.5:275-304	NM_005026.5	NM_005026.5.fasta	275	304	+	30	TGACTTCCTGCTGCCCACAGGGGTCTACCT	AGGUAGACCCCUGUGGGCAGCAGGAAGUCA	0
NM_005026.5:276-305	NM_005026.5	NM_005026.5.fasta	276	305	+	30	GACTTCCTGCTGCCCACAGGGGTCTACCTG	CAGGUAGACCCCUGUGGGCAGCAGGAAGUC	0
NM_005026.5:277-306	NM_005026.5	NM_005026.5.fasta	277	306	+	30	ACTTCCTGCTGCCCACAGGGGTCTACCTGA	UCAGGUAGACCCCUGUGGGCAGCAGGAAGU	0
NM_005026.5:278-307	NM_005026.5	NM_005026.5.fasta	278	307	+	30	CTTCCTGCTGCCCACAGGGGTCTACCTGAA	UUCAGGUAGACCCCUGUGGGCAGCAGGAAG	0
NM_005026.5:279-308	NM_005026.5	NM_005026.5.fasta	279	308	+	30	TTCCTGCTGCCCACAGGGGTCTACCTGAAC	GUUCAGGUAGACCCCUGUGGGCAGCAGGAA	0
NM_005026.5:280-309	NM_005026.5	NM_005026.5.fasta	280	309	+	30	TCCTGCTGCCCACAGGGGTCTACCTGAACT	AGUUCAGGUAGACCCCUGUGGGCAGCAGGA	0
NM_005026.5:281-310	NM_005026.5	NM_005026.5.fasta	281	310	+	30	CCTGCTGCCCACAGGGGTCTACCTGAACTT	AAGUUCAGGUAGACCCCUGUGGGCAGCAGG	0
NM_005026.5:282-311	NM_005026.5	NM_005026.5.fasta	282	311	+	30	CTGCTGCCCACAGGGGTCTACCTGAACTTC	GAAGUUCAGGUAGACCCCUGUGGGCAGCAG	0
NM_005026.5:283-312	NM_005026.5	NM_005026.5.fasta	283	312	+	30	TGCTGCCCACAGGGGTCTACCTGAACTTCC	GGAAGUUCAGGUAGACCCCUGUGGGCAGCA	0
NM_005026.5:284-313	NM_005026.5	NM_005026.5.fasta	284	313	+	30	GCTGCCCACAGGGGTCTACCTGAACTTCCC	GGGAAGUUCAGGUAGACCCCUGUGGGCAGC	0
NM_005026.5:285-314	NM_005026.5	NM_005026.5.fasta	285	314	+	30	CTGCCCACAGGGGTCTACCTGAACTTCCCT	AGGGAAGUUCAGGUAGACCCCUGUGGGCAG	0
NM_005026.5:286-315	NM_005026.5	NM_005026.5.fasta	286	315	+	30	TGCCCACAGGGGTCTACCTGAACTTCCCTG	CAGGGAAGUUCAGGUAGACCCCUGUGGGCA	0
NM_005026.5:287-316	NM_005026.5	NM_005026.5.fasta	287	316	+	30	GCCCACAGGGGTCTACCTGAACTTCCCTGT	ACAGGGAAGUUCAGGUAGACCCCUGUGGGC	0
NM_005026.5:288-317	NM_005026.5	NM_005026.5.fasta	288	317	+	30	CCCACAGGGGTCTACCTGAACTTCCCTGTG	CACAGGGAAGUUCAGGUAGACCCCUGUGGG	0
NM_005026.5:289-318	NM_005026.5	NM_005026.5.fasta	289	318	+	30	CCACAGGGGTCTACCTGAACTTCCCTGTGT	ACACAGGGAAGUUCAGGUAGACCCCUGUGG	0
NM_005026.5:290-319	NM_005026.5	NM_005026.5.fasta	290	319	+	30	CACAGGGGTCTACCTGAACTTCCCTGTGTC	GACACAGGGAAGUUCAGGUAGACCCCUGUG	0
NM_005026.5:291-320	NM_005026.5	NM_005026.5.fasta	291	320	+	30	ACAGGGGTCTACCTGAACTTCCCTGTGTCC	GGACACAGGGAAGUUCAGGUAGACCCCUGU	0
NM_005026.5:292-321	NM_005026.5	NM_005026.5.fasta	292	321	+	30	CAGGGGTCTACCTGAACTTCCCTGTGTCCC	GGGACACAGGGAAGUUCAGGUAGACCCCUG	0
NM_005026.5:293-322	NM_005026.5	NM_005026.5.fasta	293	322	+	30	AGGGGTCTACCTGAACTTCCCTGTGTCCCG	CGGGACACAGGGAAGUUCAGGUAGACCCCU	0
NM_005026.5:294-323	NM_005026.5	NM_005026.5.fasta	294	323	+	30	GGGGTCTACCTGAACTTCCCTGTGTCCCGC	GCGGGACACAGGGAAGUUCAGGUAGACCCC	0
NM_005026.5:295-324	NM_005026.5	NM_005026.5.fasta	295	324	+	30	GGGTCTACCTGAACTTCCCTGTGTCCCGCA	UGCGGGACACAGGGAAGUUCAGGUAGACCC	0
NM_005026.5:296-325	NM_005026.5	NM_005026.5.fasta	296	325	+	30	GGTCTACCTGAACTTCCCTGTGTCCCGCAA	UUGCGGGACACAGGGAAGUUCAGGUAGACC	0
NM_005026.5:297-326	NM_005026.5	NM_005026.5.fasta	297	326	+	30	GTCTACCTGAACTTCCCTGTGTCCCGCAAT	AUUGCGGGACACAGGGAAGUUCAGGUAGAC	0
NM_005026.5:298-327	NM_005026.5	NM_005026.5.fasta	298	327	+	30	TCTACCTGAACTTCCCTGTGTCCCGCAATG	CAUUGCGGGACACAGGGAAGUUCAGGUAGA	0
NM_005026.5:299-328	NM_005026.5	NM_005026.5.fasta	299	328	+	30	CTACCTGAACTTCCCTGTGTCCCGCAATGC	GCAUUGCGGGACACAGGGAAGUUCAGGUAG	0
NM_005026.5:300-329	NM_005026.5	NM_005026.5.fasta	300	329	+	30	TACCTGAACTTCCCTGTGTCCCGCAATGCC	GGCAUUGCGGGACACAGGGAAGUUCAGGUA	0
NM_005026.5:301-330	NM_005026.5	NM_005026.5.fasta	301	330	+	30	ACCTGAACTTCCCTGTGTCCCGCAATGCCA	UGGCAUUGCGGGACACAGGGAAGUUCAGGU	0
NM_005026.5:302-331	NM_005026.5	NM_005026.5.fasta	302	331	+	30	CCTGAACTTCCCTGTGTCCCGCAATGCCAA	UUGGCAUUGCGGGACACAGGGAAGUUCAGG	0
NM_005026.5:303-332	NM_005026.5	NM_005026.5.fasta	303	332	+	30	CTGAACTTCCCTGTGTCCCGCAATGCCAAC	GUUGGCAUUGCGGGACACAGGGAAGUUCAG	0
NM_005026.5:304-333	NM_005026.5	NM_005026.5.fasta	304	333	+	30	TGAACTTCCCTGTGTCCCGCAATGCCAACC	GGUUGGCAUUGCGGGACACAGGGAAGUUCA	0
NM_005026.5:305-334	NM_005026.5	NM_005026.5.fasta	305	334	+	30	GAACTTCCCTGTGTCCCGCAATGCCAACCT	AGGUUGGCAUUGCGGGACACAGGGAAGUUC	0
NM_005026.5:306-335	NM_005026.5	NM_005026.5.fasta	306	335	+	30	AACTTCCCTGTGTCCCGCAATGCCAACCTC	GAGGUUGGCAUUGCGGGACACAGGGAAGUU	0
NM_005026.5:307-336	NM_005026.5	NM_005026.5.fasta	307	336	+	30	ACTTCCCTGTGTCCCGCAATGCCAACCTCA	UGAGGUUGGCAUUGCGGGACACAGGGAAGU	0
NM_005026.5:308-337	NM_005026.5	NM_005026.5.fasta	308	337	+	30	CTTCCCTGTGTCCCGCAATGCCAACCTCAG	CUGAGGUUGGCAUUGCGGGACACAGGGAAG	0
NM_005026.5:309-338	NM_005026.5	NM_005026.5.fasta	309	338	+	30	TTCCCTGTGTCCCGCAATGCCAACCTCAGC	GCUGAGGUUGGCAUUGCGGGACACAGGGAA	0
NM_005026.5:310-339	NM_005026.5	NM_005026.5.fasta	310	339	+	30	TCCCTGTGTCCCGCAATGCCAACCTCAGCA	UGCUGAGGUUGGCAUUGCGGGACACAGGGA	0
NM_005026.5:311-340	NM_005026.5	NM_005026.5.fasta	311	340	+	30	CCCTGTGTCCCGCAATGCCAACCTCAGCAC	GUGCUGAGGUUGGCAUUGCGGGACACAGGG	0
NM_005026.5:312-341	NM_005026.5	NM_005026.5.fasta	312	341	+	30	CCTGTGTCCCGCAATGCCAACCTCAGCACC	GGUGCUGAGGUUGGCAUUGCGGGACACAGG	0
NM_005026.5:313-342	NM_005026.5	NM_005026.5.fasta	313	342	+	30	CTGTGTCCCGCAATGCCAACCTCAGCACCA	UGGUGCUGAGGUUGGCAUUGCGGGACACAG	0
NM_005026.5:314-343	NM_005026.5	NM_005026.5.fasta	314	343	+	30	TGTGTCCCGCAATGCCAACCTCAGCACCAT	AUGGUGCUGAGGUUGGCAUUGCGGGACACA	0
NM_005026.5:315-344	NM_005026.5	NM_005026.5.fasta	315	344	+	30	GTGTCCCGCAATGCCAACCTCAGCACCATC	GAUGGUGCUGAGGUUGGCAUUGCGGGACAC	0
NM_005026.5:316-345	NM_005026.5	NM_005026.5.fasta	316	345	+	30	TGTCCCGCAATGCCAACCTCAGCACCATCA	UGAUGGUGCUGAGGUUGGCAUUGCGGGACA	0
NM_005026.5:317-346	NM_005026.5	NM_005026.5.fasta	317	346	+	30	GTCCCGCAATGCCAACCTCAGCACCATCAA	UUGAUGGUGCUGAGGUUGGCAUUGCGGGAC	0
NM_005026.5:318-347	NM_005026.5	NM_005026.5.fasta	318	347	+	30	TCCCGCAATGCCAACCTCAGCACCATCAAG	CUUGAUGGUGCUGAGGUUGGCAUUGCGGGA	0
NM_005026.5:319-348	NM_005026.5	NM_005026.5.fasta	319	348	+	30	CCCGCAATGCCAACCTCAGCACCATCAAGC	GCUUGAUGGUGCUGAGGUUGGCAUUGCGGG	0
NM_005026.5:320-349	NM_005026.5	NM_005026.5.fasta	320	349	+	30	CCGCAATGCCAACCTCAGCACCATCAAGCA	UGCUUGAUGGUGCUGAGGUUGGCAUUGCGG	0
NM_005026.5:321-350	NM_005026.5	NM_005026.5.fasta	321	350	+	30	CGCAATGCCAACCTCAGCACCATCAAGCAG	CUGCUUGAUGGUGCUGAGGUUGGCAUUGCG	0
NM_005026.5:322-351	NM_005026.5	NM_005026.5.fasta	322	351	+	30	GCAATGCCAACCTCAGCACCATCAAGCAGC	GCUGCUUGAUGGUGCUGAGGUUGGCAUUGC	0
NM_005026.5:323-352	NM_005026.5	NM_005026.5.fasta	323	352	+	30	CAATGCCAACCTCAGCACCATCAAGCAGCT	AGCUGCUUGAUGGUGCUGAGGUUGGCAUUG	0
NM_005026.5:324-353	NM_005026.5	NM_005026.5.fasta	324	353	+	30	AATGCCAACCTCAGCACCATCAAGCAGCTG	CAGCUGCUUGAUGGUGCUGAGGUUGGCAUU	0
NM_005026.5:325-354	NM_005026.5	NM_005026.5.fasta	325	354	+	30	ATGCCAACCTCAGCACCATCAAGCAGCTGC	GCAGCUGCUUGAUGGUGCUGAGGUUGGCAU	0
NM_005026.5:326-355	NM_005026.5	NM_005026.5.fasta	326	355	+	30	TGCCAACCTCAGCACCATCAAGCAGCTGCT	AGCAGCUGCUUGAUGGUGCUGAGGUUGGCA	0
NM_005026.5:327-356	NM_005026.5	NM_005026.5.fasta	327	356	+	30	GCCAACCTCAGCACCATCAAGCAGCTGCTG	CAGCAGCUGCUUGAUGGUGCUGAGGUUGGC	0
NM_005026.5:328-357	NM_005026.5	NM_005026.5.fasta	328	357	+	30	CCAACCTCAGCACCATCAAGCAGCTGCTGT	ACAGCAGCUGCUUGAUGGUGCUGAGGUUGG	0
NM_005026.5:329-358	NM_005026.5	NM_005026.5.fasta	329	358	+	30	CAACCTCAGCACCATCAAGCAGCTGCTGTG	CACAGCAGCUGCUUGAUGGUGCUGAGGUUG	0
NM_005026.5:330-359	NM_005026.5	NM_005026.5.fasta	330	359	+	30	AACCTCAGCACCATCAAGCAGCTGCTGTGG	CCACAGCAGCUGCUUGAUGGUGCUGAGGUU	0
NM_005026.5:331-360	NM_005026.5	NM_005026.5.fasta	331	360	+	30	ACCTCAGCACCATCAAGCAGCTGCTGTGGC	GCCACAGCAGCUGCUUGAUGGUGCUGAGGU	0
NM_005026.5:332-361	NM_005026.5	NM_005026.5.fasta	332	361	+	30	CCTCAGCACCATCAAGCAGCTGCTGTGGCA	UGCCACAGCAGCUGCUUGAUGGUGCUGAGG	0
NM_005026.5:333-362	NM_005026.5	NM_005026.5.fasta	333	362	+	30	CTCAGCACCATCAAGCAGCTGCTGTGGCAC	GUGCCACAGCAGCUGCUUGAUGGUGCUGAG	0
NM_005026.5:334-363	NM_005026.5	NM_005026.5.fasta	334	363	+	30	TCAGCACCATCAAGCAGCTGCTGTGGCACC	GGUGCCACAGCAGCUGCUUGAUGGUGCUGA	0
NM_005026.5:335-364	NM_005026.5	NM_005026.5.fasta	335	364	+	30	CAGCACCATCAAGCAGCTGCTGTGGCACCG	CGGUGCCACAGCAGCUGCUUGAUGGUGCUG	0
NM_005026.5:336-365	NM_005026.5	NM_005026.5.fasta	336	365	+	30	AGCACCATCAAGCAGCTGCTGTGGCACCGC	GCGGUGCCACAGCAGCUGCUUGAUGGUGCU	0
NM_005026.5:337-366	NM_005026.5	NM_005026.5.fasta	337	366	+	30	GCACCATCAAGCAGCTGCTGTGGCACCGCG	CGCGGUGCCACAGCAGCUGCUUGAUGGUGC	0
NM_005026.5:338-367	NM_005026.5	NM_005026.5.fasta	338	367	+	30	CACCATCAAGCAGCTGCTGTGGCACCGCGC	GCGCGGUGCCACAGCAGCUGCUUGAUGGUG	0
NM_005026.5:339-368	NM_005026.5	NM_005026.5.fasta	339	368	+	30	ACCATCAAGCAGCTGCTGTGGCACCGCGCC	GGCGCGGUGCCACAGCAGCUGCUUGAUGGU	0
NM_005026.5:340-369	NM_005026.5	NM_005026.5.fasta	340	369	+	30	CCATCAAGCAGCTGCTGTGGCACCGCGCCC	GGGCGCGGUGCCACAGCAGCUGCUUGAUGG	0
NM_005026.5:341-370	NM_005026.5	NM_005026.5.fasta	341	370	+	30	CATCAAGCAGCTGCTGTGGCACCGCGCCCA	UGGGCGCGGUGCCACAGCAGCUGCUUGAUG	0
NM_005026.5:342-371	NM_005026.5	NM_005026.5.fasta	342	371	+	30	ATCAAGCAGCTGCTGTGGCACCGCGCCCAG	CUGGGCGCGGUGCCACAGCAGCUGCUUGAU	0
NM_005026.5:343-372	NM_005026.5	NM_005026.5.fasta	343	372	+	30	TCAAGCAGCTGCTGTGGCACCGCGCCCAGT	ACUGGGCGCGGUGCCACAGCAGCUGCUUGA	0
NM_005026.5:344-373	NM_005026.5	NM_005026.5.fasta	344	373	+	30	CAAGCAGCTGCTGTGGCACCGCGCCCAGTA	UACUGGGCGCGGUGCCACAGCAGCUGCUUG	0
NM_005026.5:345-374	NM_005026.5	NM_005026.5.fasta	345	374	+	30	AAGCAGCTGCTGTGGCACCGCGCCCAGTAT	AUACUGGGCGCGGUGCCACAGCAGCUGCUU	0
NM_005026.5:346-375	NM_005026.5	NM_005026.5.fasta	346	375	+	30	AGCAGCTGCTGTGGCACCGCGCCCAGTATG	CAUACUGGGCGCGGUGCCACAGCAGCUGCU	0
NM_005026.5:347-376	NM_005026.5	NM_005026.5.fasta	347	376	+	30	GCAGCTGCTGTGGCACCGCGCCCAGTATGA	UCAUACUGGGCGCGGUGCCACAGCAGCUGC	0
NM_005026.5:348-377	NM_005026.5	NM_005026.5.fasta	348	377	+	30	CAGCTGCTGTGGCACCGCGCCCAGTATGAG	CUCAUACUGGGCGCGGUGCCACAGCAGCUG	0
NM_005026.5:349-378	NM_005026.5	NM_005026.5.fasta	349	378	+	30	AGCTGCTGTGGCACCGCGCCCAGTATGAGC	GCUCAUACUGGGCGCGGUGCCACAGCAGCU	0
NM_005026.5:350-379	NM_005026.5	NM_005026.5.fasta	350	379	+	30	GCTGCTGTGGCACCGCGCCCAGTATGAGCC	GGCUCAUACUGGGCGCGGUGCCACAGCAGC	0
NM_005026.5:351-380	NM_005026.5	NM_005026.5.fasta	351	380	+	30	CTGCTGTGGCACCGCGCCCAGTATGAGCCG	CGGCUCAUACUGGGCGCGGUGCCACAGCAG	0
NM_005026.5:352-381	NM_005026.5	NM_005026.5.fasta	352	381	+	30	TGCTGTGGCACCGCGCCCAGTATGAGCCGC	GCGGCUCAUACUGGGCGCGGUGCCACAGCA	0
NM_005026.5:353-382	NM_005026.5	NM_005026.5.fasta	353	382	+	30	GCTGTGGCACCGCGCCCAGTATGAGCCGCT	AGCGGCUCAUACUGGGCGCGGUGCCACAGC	0
NM_005026.5:354-383	NM_005026.5	NM_005026.5.fasta	354	383	+	30	CTGTGGCACCGCGCCCAGTATGAGCCGCTC	GAGCGGCUCAUACUGGGCGCGGUGCCACAG	0
NM_005026.5:355-384	NM_005026.5	NM_005026.5.fasta	355	384	+	30	TGTGGCACCGCGCCCAGTATGAGCCGCTCT	AGAGCGGCUCAUACUGGGCGCGGUGCCACA	0
NM_005026.5:356-385	NM_005026.5	NM_005026.5.fasta	356	385	+	30	GTGGCACCGCGCCCAGTATGAGCCGCTCTT	AAGAGCGGCUCAUACUGGGCGCGGUGCCAC	0
NM_005026.5:357-386	NM_005026.5	NM_005026.5.fasta	357	386	+	30	TGGCACCGCGCCCAGTATGAGCCGCTCTTC	GAAGAGCGGCUCAUACUGGGCGCGGUGCCA	0
NM_005026.5:358-387	NM_005026.5	NM_005026.5.fasta	358	387	+	30	GGCACCGCGCCCAGTATGAGCCGCTCTTCC	GGAAGAGCGGCUCAUACUGGGCGCGGUGCC	0
NM_005026.5:359-388	NM_005026.5	NM_005026.5.fasta	359	388	+	30	GCACCGCGCCCAGTATGAGCCGCTCTTCCA	UGGAAGAGCGGCUCAUACUGGGCGCGGUGC	0
NM_005026.5:360-389	NM_005026.5	NM_005026.5.fasta	360	389	+	30	CACCGCGCCCAGTATGAGCCGCTCTTCCAC	GUGGAAGAGCGGCUCAUACUGGGCGCGGUG	0
NM_005026.5:361-390	NM_005026.5	NM_005026.5.fasta	361	390	+	30	ACCGCGCCCAGTATGAGCCGCTCTTCCACA	UGUGGAAGAGCGGCUCAUACUGGGCGCGGU	0
NM_005026.5:362-391	NM_005026.5	NM_005026.5.fasta	362	391	+	30	CCGCGCCCAGTATGAGCCGCTCTTCCACAT	AUGUGGAAGAGCGGCUCAUACUGGGCGCGG	0
NM_005026.5:363-392	NM_005026.5	NM_005026.5.fasta	363	392	+	30	CGCGCCCAGTATGAGCCGCTCTTCCACATG	CAUGUGGAAGAGCGGCUCAUACUGGGCGCG	0
NM_005026.5:364-393	NM_005026.5	NM_005026.5.fasta	364	393	+	30	GCGCCCAGTATGAGCCGCTCTTCCACATGC	GCAUGUGGAAGAGCGGCUCAUACUGGGCGC	0
NM_005026.5:365-394	NM_005026.5	NM_005026.5.fasta	365	394	+	30	CGCCCAGTATGAGCCGCTCTTCCACATGCT	AGCAUGUGGAAGAGCGGCUCAUACUGGGCG	0
NM_005026.5:366-395	NM_005026.5	NM_005026.5.fasta	366	395	+	30	GCCCAGTATGAGCCGCTCTTCCACATGCTC	GAGCAUGUGGAAGAGCGGCUCAUACUGGGC	0
NM_005026.5:367-396	NM_005026.5	NM_005026.5.fasta	367	396	+	30	CCCAGTATGAGCCGCTCTTCCACATGCTCA	UGAGCAUGUGGAAGAGCGGCUCAUACUGGG	0
NM_005026.5:368-397	NM_005026.5	NM_005026.5.fasta	368	397	+	30	CCAGTATGAGCCGCTCTTCCACATGCTCAG	CUGAGCAUGUGGAAGAGCGGCUCAUACUGG	0
NM_005026.5:369-398	NM_005026.5	NM_005026.5.fasta	369	398	+	30	CAGTATGAGCCGCTCTTCCACATGCTCAGT	ACUGAGCAUGUGGAAGAGCGGCUCAUACUG	0
NM_005026.5:370-399	NM_005026.5	NM_005026.5.fasta	370	399	+	30	AGTATGAGCCGCTCTTCCACATGCTCAGTG	CACUGAGCAUGUGGAAGAGCGGCUCAUACU	0
NM_005026.5:371-400	NM_005026.5	NM_005026.5.fasta	371	400	+	30	GTATGAGCCGCTCTTCCACATGCTCAGTGG	CCACUGAGCAUGUGGAAGAGCGGCUCAUAC	0
NM_005026.5:372-401	NM_005026.5	NM_005026.5.fasta	372	401	+	30	TATGAGCCGCTCTTCCACATGCTCAGTGGC	GCCACUGAGCAUGUGGAAGAGCGGCUCAUA	0
NM_005026.5:373-402	NM_005026.5	NM_005026.5.fasta	373	402	+	30	ATGAGCCGCTCTTCCACATGCTCAGTGGCC	GGCCACUGAGCAUGUGGAAGAGCGGCUCAU	0
NM_005026.5:374-403	NM_005026.5	NM_005026.5.fasta	374	403	+	30	TGAGCCGCTCTTCCACATGCTCAGTGGCCC	GGGCCACUGAGCAUGUGGAAGAGCGGCUCA	0
NM_005026.5:375-404	NM_005026.5	NM_005026.5.fasta	375	404	+	30	GAGCCGCTCTTCCACATGCTCAGTGGCCCC	GGGGCCACUGAGCAUGUGGAAGAGCGGCUC	0
NM_005026.5:376-405	NM_005026.5	NM_005026.5.fasta	376	405	+	30	AGCCGCTCTTCCACATGCTCAGTGGCCCCG	CGGGGCCACUGAGCAUGUGGAAGAGCGGCU	0
NM_005026.5:377-406	NM_005026.5	NM_005026.5.fasta	377	406	+	30	GCCGCTCTTCCACATGCTCAGTGGCCCCGA	UCGGGGCCACUGAGCAUGUGGAAGAGCGGC	0
NM_005026.5:378-407	NM_005026.5	NM_005026.5.fasta	378	407	+	30	CCGCTCTTCCACATGCTCAGTGGCCCCGAG	CUCGGGGCCACUGAGCAUGUGGAAGAGCGG	0
NM_005026.5:379-408	NM_005026.5	NM_005026.5.fasta	379	408	+	30	CGCTCTTCCACATGCTCAGTGGCCCCGAGG	CCUCGGGGCCACUGAGCAUGUGGAAGAGCG	0
NM_005026.5:380-409	NM_005026.5	NM_005026.5.fasta	380	409	+	30	GCTCTTCCACATGCTCAGTGGCCCCGAGGC	GCCUCGGGGCCACUGAGCAUGUGGAAGAGC	0
NM_005026.5:381-410	NM_005026.5	NM_005026.5.fasta	381	410	+	30	CTCTTCCACATGCTCAGTGGCCCCGAGGCC	GGCCUCGGGGCCACUGAGCAUGUGGAAGAG	0
NM_005026.5:382-411	NM_005026.5	NM_005026.5.fasta	382	411	+	30	TCTTCCACATGCTCAGTGGCCCCGAGGCCT	AGGCCUCGGGGCCACUGAGCAUGUGGAAGA	0
NM_005026.5:383-412	NM_005026.5	NM_005026.5.fasta	383	412	+	30	CTTCCACATGCTCAGTGGCCCCGAGGCCTA	UAGGCCUCGGGGCCACUGAGCAUGUGGAAG	0
NM_005026.5:384-413	NM_005026.5	NM_005026.5.fasta	384	413	+	30	TTCCACATGCTCAGTGGCCCCGAGGCCTAT	AUAGGCCUCGGGGCCACUGAGCAUGUGGAA	0
NM_005026.5:385-414	NM_005026.5	NM_005026.5.fasta	385	414	+	30	TCCACATGCTCAGTGGCCCCGAGGCCTATG	CAUAGGCCUCGGGGCCACUGAGCAUGUGGA	0
NM_005026.5:386-415	NM_005026.5	NM_005026.5.fasta	386	415	+	30	CCACATGCTCAGTGGCCCCGAGGCCTATGT	ACAUAGGCCUCGGGGCCACUGAGCAUGUGG	0
NM_005026.5:387-416	NM_005026.5	NM_005026.5.fasta	387	416	+	30	CACATGCTCAGTGGCCCCGAGGCCTATGTG	CACAUAGGCCUCGGGGCCACUGAGCAUGUG	0
NM_005026.5:388-417	NM_005026.5	NM_005026.5.fasta	388	417	+	30	ACATGCTCAGTGGCCCCGAGGCCTATGTGT	ACACAUAGGCCUCGGGGCCACUGAGCAUGU	0
NM_005026.5:389-418	NM_005026.5	NM_005026.5.fasta	389	418	+	30	CATGCTCAGTGGCCCCGAGGCCTATGTGTT	AACACAUAGGCCUCGGGGCCACUGAGCAUG	0
NM_005026.5:390-419	NM_005026.5	NM_005026.5.fasta	390	419	+	30	ATGCTCAGTGGCCCCGAGGCCTATGTGTTC	GAACACAUAGGCCUCGGGGCCACUGAGCAU	0
NM_005026.5:391-420	NM_005026.5	NM_005026.5.fasta	391	420	+	30	TGCTCAGTGGCCCCGAGGCCTATGTGTTCA	UGAACACAUAGGCCUCGGGGCCACUGAGCA	0
NM_005026.5:392-421	NM_005026.5	NM_005026.5.fasta	392	421	+	30	GCTCAGTGGCCCCGAGGCCTATGTGTTCAC	GUGAACACAUAGGCCUCGGGGCCACUGAGC	0
NM_005026.5:393-422	NM_005026.5	NM_005026.5.fasta	393	422	+	30	CTCAGTGGCCCCGAGGCCTATGTGTTCACC	GGUGAACACAUAGGCCUCGGGGCCACUGAG	0
NM_005026.5:394-423	NM_005026.5	NM_005026.5.fasta	394	423	+	30	TCAGTGGCCCCGAGGCCTATGTGTTCACCT	AGGUGAACACAUAGGCCUCGGGGCCACUGA	0
NM_005026.5:395-424	NM_005026.5	NM_005026.5.fasta	395	424	+	30	CAGTGGCCCCGAGGCCTATGTGTTCACCTG	CAGGUGAACACAUAGGCCUCGGGGCCACUG	0
NM_005026.5:396-425	NM_005026.5	NM_005026.5.fasta	396	425	+	30	AGTGGCCCCGAGGCCTATGTGTTCACCTGC	GCAGGUGAACACAUAGGCCUCGGGGCCACU	0
NM_005026.5:397-426	NM_005026.5	NM_005026.5.fasta	397	426	+	30	GTGGCCCCGAGGCCTATGTGTTCACCTGCA	UGCAGGUGAACACAUAGGCCUCGGGGCCAC	0
NM_005026.5:398-427	NM_005026.5	NM_005026.5.fasta	398	427	+	30	TGGCCCCGAGGCCTATGTGTTCACCTGCAT	AUGCAGGUGAACACAUAGGCCUCGGGGCCA	0
NM_005026.5:399-428	NM_005026.5	NM_005026.5.fasta	399	428	+	30	GGCCCCGAGGCCTATGTGTTCACCTGCATC	GAUGCAGGUGAACACAUAGGCCUCGGGGCC	0
NM_005026.5:400-429	NM_005026.5	NM_005026.5.fasta	400	429	+	30	GCCCCGAGGCCTATGTGTTCACCTGCATCA	UGAUGCAGGUGAACACAUAGGCCUCGGGGC	0
NM_005026.5:401-430	NM_005026.5	NM_005026.5.fasta	401	430	+	30	CCCCGAGGCCTATGTGTTCACCTGCATCAA	UUGAUGCAGGUGAACACAUAGGCCUCGGGG	0
NM_005026.5:402-431	NM_005026.5	NM_005026.5.fasta	402	431	+	30	CCCGAGGCCTATGTGTTCACCTGCATCAAC	GUUGAUGCAGGUGAACACAUAGGCCUCGGG	0
NM_005026.5:403-432	NM_005026.5	NM_005026.5.fasta	403	432	+	30	CCGAGGCCTATGTGTTCACCTGCATCAACC	GGUUGAUGCAGGUGAACACAUAGGCCUCGG	0
NM_005026.5:404-433	NM_005026.5	NM_005026.5.fasta	404	433	+	30	CGAGGCCTATGTGTTCACCTGCATCAACCA	UGGUUGAUGCAGGUGAACACAUAGGCCUCG	0
NM_005026.5:405-434	NM_005026.5	NM_005026.5.fasta	405	434	+	30	GAGGCCTATGTGTTCACCTGCATCAACCAG	CUGGUUGAUGCAGGUGAACACAUAGGCCUC	0
NM_005026.5:406-435	NM_005026.5	NM_005026.5.fasta	406	435	+	30	AGGCCTATGTGTTCACCTGCATCAACCAGA	UCUGGUUGAUGCAGGUGAACACAUAGGCCU	0
NM_005026.5:407-436	NM_005026.5	NM_005026.5.fasta	407	436	+	30	GGCCTATGTGTTCACCTGCATCAACCAGAC	GUCUGGUUGAUGCAGGUGAACACAUAGGCC	0
NM_005026.5:408-437	NM_005026.5	NM_005026.5.fasta	408	437	+	30	GCCTATGTGTTCACCTGCATCAACCAGACA	UGUCUGGUUGAUGCAGGUGAACACAUAGGC	0
NM_005026.5:409-438	NM_005026.5	NM_005026.5.fasta	409	438	+	30	CCTATGTGTTCACCTGCATCAACCAGACAG	CUGUCUGGUUGAUGCAGGUGAACACAUAGG	0
NM_005026.5:410-439	NM_005026.5	NM_005026.5.fasta	410	439	+	30	CTATGTGTTCACCTGCATCAACCAGACAGC	GCUGUCUGGUUGAUGCAGGUGAACACAUAG	0
NM_005026.5:411-440	NM_005026.5	NM_005026.5.fasta	411	440	+	30	TATGTGTTCACCTGCATCAACCAGACAGCG	CGCUGUCUGGUUGAUGCAGGUGAACACAUA	0
NM_005026.5:412-441	NM_005026.5	NM_005026.5.fasta	412	441	+	30	ATGTGTTCACCTGCATCAACCAGACAGCGG	CCGCUGUCUGGUUGAUGCAGGUGAACACAU	0
NM_005026.5:413-442	NM_005026.5	NM_005026.5.fasta	413	442	+	30	TGTGTTCACCTGCATCAACCAGACAGCGGA	UCCGCUGUCUGGUUGAUGCAGGUGAACACA	0
NM_005026.5:414-443	NM_005026.5	NM_005026.5.fasta	414	443	+	30	GTGTTCACCTGCATCAACCAGACAGCGGAG	CUCCGCUGUCUGGUUGAUGCAGGUGAACAC	0
NM_005026.5:415-444	NM_005026.5	NM_005026.5.fasta	415	444	+	30	TGTTCACCTGCATCAACCAGACAGCGGAGC	GCUCCGCUGUCUGGUUGAUGCAGGUGAACA	0
NM_005026.5:416-445	NM_005026.5	NM_005026.5.fasta	416	445	+	30	GTTCACCTGCATCAACCAGACAGCGGAGCA	UGCUCCGCUGUCUGGUUGAUGCAGGUGAAC	0
NM_005026.5:417-446	NM_005026.5	NM_005026.5.fasta	417	446	+	30	TTCACCTGCATCAACCAGACAGCGGAGCAG	CUGCUCCGCUGUCUGGUUGAUGCAGGUGAA	0
NM_005026.5:418-447	NM_005026.5	NM_005026.5.fasta	418	447	+	30	TCACCTGCATCAACCAGACAGCGGAGCAGC	GCUGCUCCGCUGUCUGGUUGAUGCAGGUGA	0
NM_005026.5:419-448	NM_005026.5	NM_005026.5.fasta	419	448	+	30	CACCTGCATCAACCAGACAGCGGAGCAGCA	UGCUGCUCCGCUGUCUGGUUGAUGCAGGUG	0
NM_005026.5:420-449	NM_005026.5	NM_005026.5.fasta	420	449	+	30	ACCTGCATCAACCAGACAGCGGAGCAGCAA	UUGCUGCUCCGCUGUCUGGUUGAUGCAGGU	0
NM_005026.5:421-450	NM_005026.5	NM_005026.5.fasta	421	450	+	30	CCTGCATCAACCAGACAGCGGAGCAGCAAG	CUUGCUGCUCCGCUGUCUGGUUGAUGCAGG	0
NM_005026.5:422-451	NM_005026.5	NM_005026.5.fasta	422	451	+	30	CTGCATCAACCAGACAGCGGAGCAGCAAGA	UCUUGCUGCUCCGCUGUCUGGUUGAUGCAG	0
NM_005026.5:423-452	NM_005026.5	NM_005026.5.fasta	423	452	+	30	TGCATCAACCAGACAGCGGAGCAGCAAGAG	CUCUUGCUGCUCCGCUGUCUGGUUGAUGCA	0
NM_005026.5:424-453	NM_005026.5	NM_005026.5.fasta	424	453	+	30	GCATCAACCAGACAGCGGAGCAGCAAGAGC	GCUCUUGCUGCUCCGCUGUCUGGUUGAUGC	0
NM_005026.5:425-454	NM_005026.5	NM_005026.5.fasta	425	454	+	30	CATCAACCAGACAGCGGAGCAGCAAGAGCT	AGCUCUUGCUGCUCCGCUGUCUGGUUGAUG	0
NM_005026.5:426-455	NM_005026.5	NM_005026.5.fasta	426	455	+	30	ATCAACCAGACAGCGGAGCAGCAAGAGCTG	CAGCUCUUGCUGCUCCGCUGUCUGGUUGAU	0
NM_005026.5:427-456	NM_005026.5	NM_005026.5.fasta	427	456	+	30	TCAACCAGACAGCGGAGCAGCAAGAGCTGG	CCAGCUCUUGCUGCUCCGCUGUCUGGUUGA	0
NM_005026.5:428-457	NM_005026.5	NM_005026.5.fasta	428	457	+	30	CAACCAGACAGCGGAGCAGCAAGAGCTGGA	UCCAGCUCUUGCUGCUCCGCUGUCUGGUUG	0
NM_005026.5:429-458	NM_005026.5	NM_005026.5.fasta	429	458	+	30	AACCAGACAGCGGAGCAGCAAGAGCTGGAG	CUCCAGCUCUUGCUGCUCCGCUGUCUGGUU	0
NM_005026.5:430-459	NM_005026.5	NM_005026.5.fasta	430	459	+	30	ACCAGACAGCGGAGCAGCAAGAGCTGGAGG	CCUCCAGCUCUUGCUGCUCCGCUGUCUGGU	0
NM_005026.5:431-460	NM_005026.5	NM_005026.5.fasta	431	460	+	30	CCAGACAGCGGAGCAGCAAGAGCTGGAGGA	UCCUCCAGCUCUUGCUGCUCCGCUGUCUGG	0
NM_005026.5:432-461	NM_005026.5	NM_005026.5.fasta	432	461	+	30	CAGACAGCGGAGCAGCAAGAGCTGGAGGAC	GUCCUCCAGCUCUUGCUGCUCCGCUGUCUG	0
NM_005026.5:433-462	NM_005026.5	NM_005026.5.fasta	433	462	+	30	AGACAGCGGAGCAGCAAGAGCTGGAGGACG	CGUCCUCCAGCUCUUGCUGCUCCGCUGUCU	0
NM_005026.5:434-463	NM_005026.5	NM_005026.5.fasta	434	463	+	30	GACAGCGGAGCAGCAAGAGCTGGAGGACGA	UCGUCCUCCAGCUCUUGCUGCUCCGCUGUC	0
NM_005026.5:435-464	NM_005026.5	NM_005026.5.fasta	435	464	+	30	ACAGCGGAGCAGCAAGAGCTGGAGGACGAG	CUCGUCCUCCAGCUCUUGCUGCUCCGCUGU	0
NM_005026.5:436-465	NM_005026.5	NM_005026.5.fasta	436	465	+	30	CAGCGGAGCAGCAAGAGCTGGAGGACGAGC	GCUCGUCCUCCAGCUCUUGCUGCUCCGCUG	0
NM_005026.5:437-466	NM_005026.5	NM_005026.5.fasta	437	466	+	30	AGCGGAGCAGCAAGAGCTGGAGGACGAGCA	UGCUCGUCCUCCAGCUCUUGCUGCUCCGCU	0
NM_005026.5:438-467	NM_005026.5	NM_005026.5.fasta	438	467	+	30	GCGGAGCAGCAAGAGCTGGAGGACGAGCAA	UUGCUCGUCCUCCAGCUCUUGCUGCUCCGC	0
NM_005026.5:439-468	NM_005026.5	NM_005026.5.fasta	439	468	+	30	CGGAGCAGCAAGAGCTGGAGGACGAGCAAC	GUUGCUCGUCCUCCAGCUCUUGCUGCUCCG	0
NM_005026.5:440-469	NM_005026.5	NM_005026.5.fasta	440	469	+	30	GGAGCAGCAAGAGCTGGAGGACGAGCAACG	CGUUGCUCGUCCUCCAGCUCUUGCUGCUCC	0
NM_005026.5:441-470	NM_005026.5	NM_005026.5.fasta	441	470	+	30	GAGCAGCAAGAGCTGGAGGACGAGCAACGG	CCGUUGCUCGUCCUCCAGCUCUUGCUGCUC	0
NM_005026.5:442-471	NM_005026.5	NM_005026.5.fasta	442	471	+	30	AGCAGCAAGAGCTGGAGGACGAGCAACGGC	GCCGUUGCUCGUCCUCCAGCUCUUGCUGCU	0
NM_005026.5:443-472	NM_005026.5	NM_005026.5.fasta	443	472	+	30	GCAGCAAGAGCTGGAGGACGAGCAACGGCG	CGCCGUUGCUCGUCCUCCAGCUCUUGCUGC	0
NM_005026.5:444-473	NM_005026.5	NM_005026.5.fasta	444	473	+	30	CAGCAAGAGCTGGAGGACGAGCAACGGCGT	ACGCCGUUGCUCGUCCUCCAGCUCUUGCUG	0
NM_005026.5:445-474	NM_005026.5	NM_005026.5.fasta	445	474	+	30	AGCAAGAGCTGGAGGACGAGCAACGGCGTC	GACGCCGUUGCUCGUCCUCCAGCUCUUGCU	0
NM_005026.5:446-475	NM_005026.5	NM_005026.5.fasta	446	475	+	30	GCAAGAGCTGGAGGACGAGCAACGGCGTCT	AGACGCCGUUGCUCGUCCUCCAGCUCUUGC	0
NM_005026.5:447-476	NM_005026.5	NM_005026.5.fasta	447	476	+	30	CAAGAGCTGGAGGACGAGCAACGGCGTCTG	CAGACGCCGUUGCUCGUCCUCCAGCUCUUG	0
NM_005026.5:448-477	NM_005026.5	NM_005026.5.fasta	448	477	+	30	AAGAGCTGGAGGACGAGCAACGGCGTCTGT	ACAGACGCCGUUGCUCGUCCUCCAGCUCUU	0
NM_005026.5:449-478	NM_005026.5	NM_005026.5.fasta	449	478	+	30	AGAGCTGGAGGACGAGCAACGGCGTCTGTG	CACAGACGCCGUUGCUCGUCCUCCAGCUCU	0
NM_005026.5:450-479	NM_005026.5	NM_005026.5.fasta	450	479	+	30	GAGCTGGAGGACGAGCAACGGCGTCTGTGT	ACACAGACGCCGUUGCUCGUCCUCCAGCUC	0
NM_005026.5:451-480	NM_005026.5	NM_005026.5.fasta	451	480	+	30	AGCTGGAGGACGAGCAACGGCGTCTGTGTG	CACACAGACGCCGUUGCUCGUCCUCCAGCU	0
NM_005026.5:452-481	NM_005026.5	NM_005026.5.fasta	452	481	+	30	GCTGGAGGACGAGCAACGGCGTCTGTGTGA	UCACACAGACGCCGUUGCUCGUCCUCCAGC	0
NM_005026.5:453-482	NM_005026.5	NM_005026.5.fasta	453	482	+	30	CTGGAGGACGAGCAACGGCGTCTGTGTGAC	GUCACACAGACGCCGUUGCUCGUCCUCCAG	0
NM_005026.5:454-483	NM_005026.5	NM_005026.5.fasta	454	483	+	30	TGGAGGACGAGCAACGGCGTCTGTGTGACG	CGUCACACAGACGCCGUUGCUCGUCCUCCA	0
NM_005026.5:455-484	NM_005026.5	NM_005026.5.fasta	455	484	+	30	GGAGGACGAGCAACGGCGTCTGTGTGACGT	ACGUCACACAGACGCCGUUGCUCGUCCUCC	0
NM_005026.5:456-485	NM_005026.5	NM_005026.5.fasta	456	485	+	30	GAGGACGAGCAACGGCGTCTGTGTGACGTG	CACGUCACACAGACGCCGUUGCUCGUCCUC	0
NM_005026.5:457-486	NM_005026.5	NM_005026.5.fasta	457	486	+	30	AGGACGAGCAACGGCGTCTGTGTGACGTGC	GCACGUCACACAGACGCCGUUGCUCGUCCU	0
NM_005026.5:458-487	NM_005026.5	NM_005026.5.fasta	458	487	+	30	GGACGAGCAACGGCGTCTGTGTGACGTGCA	UGCACGUCACACAGACGCCGUUGCUCGUCC	0
NM_005026.5:459-488	NM_005026.5	NM_005026.5.fasta	459	488	+	30	GACGAGCAACGGCGTCTGTGTGACGTGCAG	CUGCACGUCACACAGACGCCGUUGCUCGUC	0
NM_005026.5:460-489	NM_005026.5	NM_005026.5.fasta	460	489	+	30	ACGAGCAACGGCGTCTGTGTGACGTGCAGC	GCUGCACGUCACACAGACGCCGUUGCUCGU	0
NM_005026.5:461-490	NM_005026.5	NM_005026.5.fasta	461	490	+	30	CGAGCAACGGCGTCTGTGTGACGTGCAGCC	GGCUGCACGUCACACAGACGCCGUUGCUCG	0
NM_005026.5:462-491	NM_005026.5	NM_005026.5.fasta	462	491	+	30	GAGCAACGGCGTCTGTGTGACGTGCAGCCC	GGGCUGCACGUCACACAGACGCCGUUGCUC	0
NM_005026.5:463-492	NM_005026.5	NM_005026.5.fasta	463	492	+	30	AGCAACGGCGTCTGTGTGACGTGCAGCCCT	AGGGCUGCACGUCACACAGACGCCGUUGCU	0
NM_005026.5:464-493	NM_005026.5	NM_005026.5.fasta	464	493	+	30	GCAACGGCGTCTGTGTGACGTGCAGCCCTT	AAGGGCUGCACGUCACACAGACGCCGUUGC	0
NM_005026.5:465-494	NM_005026.5	NM_005026.5.fasta	465	494	+	30	CAACGGCGTCTGTGTGACGTGCAGCCCTTC	GAAGGGCUGCACGUCACACAGACGCCGUUG	0
NM_005026.5:466-495	NM_005026.5	NM_005026.5.fasta	466	495	+	30	AACGGCGTCTGTGTGACGTGCAGCCCTTCC	GGAAGGGCUGCACGUCACACAGACGCCGUU	0
NM_005026.5:467-496	NM_005026.5	NM_005026.5.fasta	467	496	+	30	ACGGCGTCTGTGTGACGTGCAGCCCTTCCT	AGGAAGGGCUGCACGUCACACAGACGCCGU	0
NM_005026.5:468-497	NM_005026.5	NM_005026.5.fasta	468	497	+	30	CGGCGTCTGTGTGACGTGCAGCCCTTCCTG	CAGGAAGGGCUGCACGUCACACAGACGCCG	0
NM_005026.5:469-498	NM_005026.5	NM_005026.5.fasta	469	498	+	30	GGCGTCTGTGTGACGTGCAGCCCTTCCTGC	GCAGGAAGGGCUGCACGUCACACAGACGCC	0
NM_005026.5:470-499	NM_005026.5	NM_005026.5.fasta	470	499	+	30	GCGTCTGTGTGACGTGCAGCCCTTCCTGCC	GGCAGGAAGGGCUGCACGUCACACAGACGC	0
NM_005026.5:471-500	NM_005026.5	NM_005026.5.fasta	471	500	+	30	CGTCTGTGTGACGTGCAGCCCTTCCTGCCC	GGGCAGGAAGGGCUGCACGUCACACAGACG	0
NM_005026.5:472-501	NM_005026.5	NM_005026.5.fasta	472	501	+	30	GTCTGTGTGACGTGCAGCCCTTCCTGCCCG	CGGGCAGGAAGGGCUGCACGUCACACAGAC	0
NM_005026.5:473-502	NM_005026.5	NM_005026.5.fasta	473	502	+	30	TCTGTGTGACGTGCAGCCCTTCCTGCCCGT	ACGGGCAGGAAGGGCUGCACGUCACACAGA	0
NM_005026.5:474-503	NM_005026.5	NM_005026.5.fasta	474	503	+	30	CTGTGTGACGTGCAGCCCTTCCTGCCCGTC	GACGGGCAGGAAGGGCUGCACGUCACACAG	0
NM_005026.5:475-504	NM_005026.5	NM_005026.5.fasta	475	504	+	30	TGTGTGACGTGCAGCCCTTCCTGCCCGTCC	GGACGGGCAGGAAGGGCUGCACGUCACACA	0
NM_005026.5:476-505	NM_005026.5	NM_005026.5.fasta	476	505	+	30	GTGTGACGTGCAGCCCTTCCTGCCCGTCCT	AGGACGGGCAGGAAGGGCUGCACGUCACAC	0
NM_005026.5:477-506	NM_005026.5	NM_005026.5.fasta	477	506	+	30	TGTGACGTGCAGCCCTTCCTGCCCGTCCTG	CAGGACGGGCAGGAAGGGCUGCACGUCACA	0
NM_005026.5:478-507	NM_005026.5	NM_005026.5.fasta	478	507	+	30	GTGACGTGCAGCCCTTCCTGCCCGTCCTGC	GCAGGACGGGCAGGAAGGGCUGCACGUCAC	0
NM_005026.5:479-508	NM_005026.5	NM_005026.5.fasta	479	508	+	30	TGACGTGCAGCCCTTCCTGCCCGTCCTGCG	CGCAGGACGGGCAGGAAGGGCUGCACGUCA	0
NM_005026.5:480-509	NM_005026.5	NM_005026.5.fasta	480	509	+	30	GACGTGCAGCCCTTCCTGCCCGTCCTGCGC	GCGCAGGACGGGCAGGAAGGGCUGCACGUC	0
NM_005026.5:481-510	NM_005026.5	NM_005026.5.fasta	481	510	+	30	ACGTGCAGCCCTTCCTGCCCGTCCTGCGCC	GGCGCAGGACGGGCAGGAAGGGCUGCACGU	0
NM_005026.5:482-511	NM_005026.5	NM_005026.5.fasta	482	511	+	30	CGTGCAGCCCTTCCTGCCCGTCCTGCGCCT	AGGCGCAGGACGGGCAGGAAGGGCUGCACG	0
NM_005026.5:483-512	NM_005026.5	NM_005026.5.fasta	483	512	+	30	GTGCAGCCCTTCCTGCCCGTCCTGCGCCTG	CAGGCGCAGGACGGGCAGGAAGGGCUGCAC	0
NM_005026.5:484-513	NM_005026.5	NM_005026.5.fasta	484	513	+	30	TGCAGCCCTTCCTGCCCGTCCTGCGCCTGG	CCAGGCGCAGGACGGGCAGGAAGGGCUGCA	0
NM_005026.5:485-514	NM_005026.5	NM_005026.5.fasta	485	514	+	30	GCAGCCCTTCCTGCCCGTCCTGCGCCTGGT	ACCAGGCGCAGGACGGGCAGGAAGGGCUGC	0
NM_005026.5:486-515	NM_005026.5	NM_005026.5.fasta	486	515	+	30	CAGCCCTTCCTGCCCGTCCTGCGCCTGGTG	CACCAGGCGCAGGACGGGCAGGAAGGGCUG	0
NM_005026.5:487-516	NM_005026.5	NM_005026.5.fasta	487	516	+	30	AGCCCTTCCTGCCCGTCCTGCGCCTGGTGG	CCACCAGGCGCAGGACGGGCAGGAAGGGCU	0
NM_005026.5:488-517	NM_005026.5	NM_005026.5.fasta	488	517	+	30	GCCCTTCCTGCCCGTCCTGCGCCTGGTGGC	GCCACCAGGCGCAGGACGGGCAGGAAGGGC	0
NM_005026.5:489-518	NM_005026.5	NM_005026.5.fasta	489	518	+	30	CCCTTCCTGCCCGTCCTGCGCCTGGTGGCC	GGCCACCAGGCGCAGGACGGGCAGGAAGGG	0
NM_005026.5:490-519	NM_005026.5	NM_005026.5.fasta	490	519	+	30	CCTTCCTGCCCGTCCTGCGCCTGGTGGCCC	GGGCCACCAGGCGCAGGACGGGCAGGAAGG	0
NM_005026.5:491-520	NM_005026.5	NM_005026.5.fasta	491	520	+	30	CTTCCTGCCCGTCCTGCGCCTGGTGGCCCG	CGGGCCACCAGGCGCAGGACGGGCAGGAAG	0
NM_005026.5:492-521	NM_005026.5	NM_005026.5.fasta	492	521	+	30	TTCCTGCCCGTCCTGCGCCTGGTGGCCCGT	ACGGGCCACCAGGCGCAGGACGGGCAGGAA	0
NM_005026.5:493-522	NM_005026.5	NM_005026.5.fasta	493	522	+	30	TCCTGCCCGTCCTGCGCCTGGTGGCCCGTG	CACGGGCCACCAGGCGCAGGACGGGCAGGA	0
NM_005026.5:494-523	NM_005026.5	NM_005026.5.fasta	494	523	+	30	CCTGCCCGTCCTGCGCCTGGTGGCCCGTGA	UCACGGGCCACCAGGCGCAGGACGGGCAGG	0
NM_005026.5:495-524	NM_005026.5	NM_005026.5.fasta	495	524	+	30	CTGCCCGTCCTGCGCCTGGTGGCCCGTGAG	CUCACGGGCCACCAGGCGCAGGACGGGCAG	0
NM_005026.5:496-525	NM_005026.5	NM_005026.5.fasta	496	525	+	30	TGCCCGTCCTGCGCCTGGTGGCCCGTGAGG	CCUCACGGGCCACCAGGCGCAGGACGGGCA	0
NM_005026.5:497-526	NM_005026.5	NM_005026.5.fasta	497	526	+	30	GCCCGTCCTGCGCCTGGTGGCCCGTGAGGG	CCCUCACGGGCCACCAGGCGCAGGACGGGC	0
NM_005026.5:498-527	NM_005026.5	NM_005026.5.fasta	498	527	+	30	CCCGTCCTGCGCCTGGTGGCCCGTGAGGGC	GCCCUCACGGGCCACCAGGCGCAGGACGGG	0
NM_005026.5:499-528	NM_005026.5	NM_005026.5.fasta	499	528	+	30	CCGTCCTGCGCCTGGTGGCCCGTGAGGGCG	CGCCCUCACGGGCCACCAGGCGCAGGACGG	0
NM_005026.5:500-529	NM_005026.5	NM_005026.5.fasta	500	529	+	30	CGTCCTGCGCCTGGTGGCCCGTGAGGGCGA	UCGCCCUCACGGGCCACCAGGCGCAGGACG	0
NM_005026.5:501-530	NM_005026.5	NM_005026.5.fasta	501	530	+	30	GTCCTGCGCCTGGTGGCCCGTGAGGGCGAC	GUCGCCCUCACGGGCCACCAGGCGCAGGAC	0
NM_005026.5:502-531	NM_005026.5	NM_005026.5.fasta	502	531	+	30	TCCTGCGCCTGGTGGCCCGTGAGGGCGACC	GGUCGCCCUCACGGGCCACCAGGCGCAGGA	0
NM_005026.5:503-532	NM_005026.5	NM_005026.5.fasta	503	532	+	30	CCTGCGCCTGGTGGCCCGTGAGGGCGACCG	CGGUCGCCCUCACGGGCCACCAGGCGCAGG	0
NM_005026.5:504-533	NM_005026.5	NM_005026.5.fasta	504	533	+	30	CTGCGCCTGGTGGCCCGTGAGGGCGACCGC	GCGGUCGCCCUCACGGGCCACCAGGCGCAG	0
NM_005026.5:505-534	NM_005026.5	NM_005026.5.fasta	505	534	+	30	TGCGCCTGGTGGCCCGTGAGGGCGACCGCG	CGCGGUCGCCCUCACGGGCCACCAGGCGCA	0
NM_005026.5:506-535	NM_005026.5	NM_005026.5.fasta	506	535	+	30	GCGCCTGGTGGCCCGTGAGGGCGACCGCGT	ACGCGGUCGCCCUCACGGGCCACCAGGCGC	0
NM_005026.5:507-536	NM_005026.5	NM_005026.5.fasta	507	536	+	30	CGCCTGGTGGCCCGTGAGGGCGACCGCGTG	CACGCGGUCGCCCUCACGGGCCACCAGGCG	0
NM_005026.5:508-537	NM_005026.5	NM_005026.5.fasta	508	537	+	30	GCCTGGTGGCCCGTGAGGGCGACCGCGTGA	UCACGCGGUCGCCCUCACGGGCCACCAGGC	0
NM_005026.5:509-538	NM_005026.5	NM_005026.5.fasta	509	538	+	30	CCTGGTGGCCCGTGAGGGCGACCGCGTGAA	UUCACGCGGUCGCCCUCACGGGCCACCAGG	0
NM_005026.5:510-539	NM_005026.5	NM_005026.5.fasta	510	539	+	30	CTGGTGGCCCGTGAGGGCGACCGCGTGAAG	CUUCACGCGGUCGCCCUCACGGGCCACCAG	0
NM_005026.5:511-540	NM_005026.5	NM_005026.5.fasta	511	540	+	30	TGGTGGCCCGTGAGGGCGACCGCGTGAAGA	UCUUCACGCGGUCGCCCUCACGGGCCACCA	0
NM_005026.5:512-541	NM_005026.5	NM_005026.5.fasta	512	541	+	30	GGTGGCCCGTGAGGGCGACCGCGTGAAGAA	UUCUUCACGCGGUCGCCCUCACGGGCCACC	0
NM_005026.5:513-542	NM_005026.5	NM_005026.5.fasta	513	542	+	30	GTGGCCCGTGAGGGCGACCGCGTGAAGAAG	CUUCUUCACGCGGUCGCCCUCACGGGCCAC	0
NM_005026.5:514-543	NM_005026.5	NM_005026.5.fasta	514	543	+	30	TGGCCCGTGAGGGCGACCGCGTGAAGAAGC	GCUUCUUCACGCGGUCGCCCUCACGGGCCA	0
NM_005026.5:515-544	NM_005026.5	NM_005026.5.fasta	515	544	+	30	GGCCCGTGAGGGCGACCGCGTGAAGAAGCT	AGCUUCUUCACGCGGUCGCCCUCACGGGCC	0
NM_005026.5:516-545	NM_005026.5	NM_005026.5.fasta	516	545	+	30	GCCCGTGAGGGCGACCGCGTGAAGAAGCTC	GAGCUUCUUCACGCGGUCGCCCUCACGGGC	0
NM_005026.5:517-546	NM_005026.5	NM_005026.5.fasta	517	546	+	30	CCCGTGAGGGCGACCGCGTGAAGAAGCTCA	UGAGCUUCUUCACGCGGUCGCCCUCACGGG	0
NM_005026.5:518-547	NM_005026.5	NM_005026.5.fasta	518	547	+	30	CCGTGAGGGCGACCGCGTGAAGAAGCTCAT	AUGAGCUUCUUCACGCGGUCGCCCUCACGG	0
NM_005026.5:519-548	NM_005026.5	NM_005026.5.fasta	519	548	+	30	CGTGAGGGCGACCGCGTGAAGAAGCTCATC	GAUGAGCUUCUUCACGCGGUCGCCCUCACG	0
NM_005026.5:520-549	NM_005026.5	NM_005026.5.fasta	520	549	+	30	GTGAGGGCGACCGCGTGAAGAAGCTCATCA	UGAUGAGCUUCUUCACGCGGUCGCCCUCAC	0
NM_005026.5:521-550	NM_005026.5	NM_005026.5.fasta	521	550	+	30	TGAGGGCGACCGCGTGAAGAAGCTCATCAA	UUGAUGAGCUUCUUCACGCGGUCGCCCUCA	0
NM_005026.5:522-551	NM_005026.5	NM_005026.5.fasta	522	551	+	30	GAGGGCGACCGCGTGAAGAAGCTCATCAAC	GUUGAUGAGCUUCUUCACGCGGUCGCCCUC	0
NM_005026.5:523-552	NM_005026.5	NM_005026.5.fasta	523	552	+	30	AGGGCGACCGCGTGAAGAAGCTCATCAACT	AGUUGAUGAGCUUCUUCACGCGGUCGCCCU	0
NM_005026.5:524-553	NM_005026.5	NM_005026.5.fasta	524	553	+	30	GGGCGACCGCGTGAAGAAGCTCATCAACTC	GAGUUGAUGAGCUUCUUCACGCGGUCGCCC	0
NM_005026.5:525-554	NM_005026.5	NM_005026.5.fasta	525	554	+	30	GGCGACCGCGTGAAGAAGCTCATCAACTCA	UGAGUUGAUGAGCUUCUUCACGCGGUCGCC	0
NM_005026.5:526-555	NM_005026.5	NM_005026.5.fasta	526	555	+	30	GCGACCGCGTGAAGAAGCTCATCAACTCAC	GUGAGUUGAUGAGCUUCUUCACGCGGUCGC	0
NM_005026.5:527-556	NM_005026.5	NM_005026.5.fasta	527	556	+	30	CGACCGCGTGAAGAAGCTCATCAACTCACA	UGUGAGUUGAUGAGCUUCUUCACGCGGUCG	0
NM_005026.5:528-557	NM_005026.5	NM_005026.5.fasta	528	557	+	30	GACCGCGTGAAGAAGCTCATCAACTCACAG	CUGUGAGUUGAUGAGCUUCUUCACGCGGUC	0
NM_005026.5:529-558	NM_005026.5	NM_005026.5.fasta	529	558	+	30	ACCGCGTGAAGAAGCTCATCAACTCACAGA	UCUGUGAGUUGAUGAGCUUCUUCACGCGGU	0
NM_005026.5:530-559	NM_005026.5	NM_005026.5.fasta	530	559	+	30	CCGCGTGAAGAAGCTCATCAACTCACAGAT	AUCUGUGAGUUGAUGAGCUUCUUCACGCGG	0
NM_005026.5:531-560	NM_005026.5	NM_005026.5.fasta	531	560	+	30	CGCGTGAAGAAGCTCATCAACTCACAGATC	GAUCUGUGAGUUGAUGAGCUUCUUCACGCG	0
NM_005026.5:532-561	NM_005026.5	NM_005026.5.fasta	532	561	+	30	GCGTGAAGAAGCTCATCAACTCACAGATCA	UGAUCUGUGAGUUGAUGAGCUUCUUCACGC	0
NM_005026.5:533-562	NM_005026.5	NM_005026.5.fasta	533	562	+	30	CGTGAAGAAGCTCATCAACTCACAGATCAG	CUGAUCUGUGAGUUGAUGAGCUUCUUCACG	0
NM_005026.5:534-563	NM_005026.5	NM_005026.5.fasta	534	563	+	30	GTGAAGAAGCTCATCAACTCACAGATCAGC	GCUGAUCUGUGAGUUGAUGAGCUUCUUCAC	0
NM_005026.5:535-564	NM_005026.5	NM_005026.5.fasta	535	564	+	30	TGAAGAAGCTCATCAACTCACAGATCAGCC	GGCUGAUCUGUGAGUUGAUGAGCUUCUUCA	0
NM_005026.5:536-565	NM_005026.5	NM_005026.5.fasta	536	565	+	30	GAAGAAGCTCATCAACTCACAGATCAGCCT	AGGCUGAUCUGUGAGUUGAUGAGCUUCUUC	0
NM_005026.5:537-566	NM_005026.5	NM_005026.5.fasta	537	566	+	30	AAGAAGCTCATCAACTCACAGATCAGCCTC	GAGGCUGAUCUGUGAGUUGAUGAGCUUCUU	0
NM_005026.5:538-567	NM_005026.5	NM_005026.5.fasta	538	567	+	30	AGAAGCTCATCAACTCACAGATCAGCCTCC	GGAGGCUGAUCUGUGAGUUGAUGAGCUUCU	0
NM_005026.5:539-568	NM_005026.5	NM_005026.5.fasta	539	568	+	30	GAAGCTCATCAACTCACAGATCAGCCTCCT	AGGAGGCUGAUCUGUGAGUUGAUGAGCUUC	0
NM_005026.5:540-569	NM_005026.5	NM_005026.5.fasta	540	569	+	30	AAGCTCATCAACTCACAGATCAGCCTCCTC	GAGGAGGCUGAUCUGUGAGUUGAUGAGCUU	0
NM_005026.5:541-570	NM_005026.5	NM_005026.5.fasta	541	570	+	30	AGCTCATCAACTCACAGATCAGCCTCCTCA	UGAGGAGGCUGAUCUGUGAGUUGAUGAGCU	0
NM_005026.5:542-571	NM_005026.5	NM_005026.5.fasta	542	571	+	30	GCTCATCAACTCACAGATCAGCCTCCTCAT	AUGAGGAGGCUGAUCUGUGAGUUGAUGAGC	0
NM_005026.5:543-572	NM_005026.5	NM_005026.5.fasta	543	572	+	30	CTCATCAACTCACAGATCAGCCTCCTCATC	GAUGAGGAGGCUGAUCUGUGAGUUGAUGAG	0
NM_005026.5:544-573	NM_005026.5	NM_005026.5.fasta	544	573	+	30	TCATCAACTCACAGATCAGCCTCCTCATCG	CGAUGAGGAGGCUGAUCUGUGAGUUGAUGA	0
NM_005026.5:545-574	NM_005026.5	NM_005026.5.fasta	545	574	+	30	CATCAACTCACAGATCAGCCTCCTCATCGG	CCGAUGAGGAGGCUGAUCUGUGAGUUGAUG	0
NM_005026.5:546-575	NM_005026.5	NM_005026.5.fasta	546	575	+	30	ATCAACTCACAGATCAGCCTCCTCATCGGC	GCCGAUGAGGAGGCUGAUCUGUGAGUUGAU	0
NM_005026.5:547-576	NM_005026.5	NM_005026.5.fasta	547	576	+	30	TCAACTCACAGATCAGCCTCCTCATCGGCA	UGCCGAUGAGGAGGCUGAUCUGUGAGUUGA	0
NM_005026.5:548-577	NM_005026.5	NM_005026.5.fasta	548	577	+	30	CAACTCACAGATCAGCCTCCTCATCGGCAA	UUGCCGAUGAGGAGGCUGAUCUGUGAGUUG	0
NM_005026.5:549-578	NM_005026.5	NM_005026.5.fasta	549	578	+	30	AACTCACAGATCAGCCTCCTCATCGGCAAA	UUUGCCGAUGAGGAGGCUGAUCUGUGAGUU	0
NM_005026.5:550-579	NM_005026.5	NM_005026.5.fasta	550	579	+	30	ACTCACAGATCAGCCTCCTCATCGGCAAAG	CUUUGCCGAUGAGGAGGCUGAUCUGUGAGU	0
NM_005026.5:551-580	NM_005026.5	NM_005026.5.fasta	551	580	+	30	CTCACAGATCAGCCTCCTCATCGGCAAAGG	CCUUUGCCGAUGAGGAGGCUGAUCUGUGAG	0
NM_005026.5:552-581	NM_005026.5	NM_005026.5.fasta	552	581	+	30	TCACAGATCAGCCTCCTCATCGGCAAAGGC	GCCUUUGCCGAUGAGGAGGCUGAUCUGUGA	0
NM_005026.5:553-582	NM_005026.5	NM_005026.5.fasta	553	582	+	30	CACAGATCAGCCTCCTCATCGGCAAAGGCC	GGCCUUUGCCGAUGAGGAGGCUGAUCUGUG	0
NM_005026.5:554-583	NM_005026.5	NM_005026.5.fasta	554	583	+	30	ACAGATCAGCCTCCTCATCGGCAAAGGCCT	AGGCCUUUGCCGAUGAGGAGGCUGAUCUGU	0
NM_005026.5:555-584	NM_005026.5	NM_005026.5.fasta	555	584	+	30	CAGATCAGCCTCCTCATCGGCAAAGGCCTC	GAGGCCUUUGCCGAUGAGGAGGCUGAUCUG	0
NM_005026.5:556-585	NM_005026.5	NM_005026.5.fasta	556	585	+	30	AGATCAGCCTCCTCATCGGCAAAGGCCTCC	GGAGGCCUUUGCCGAUGAGGAGGCUGAUCU	0
NM_005026.5:557-586	NM_005026.5	NM_005026.5.fasta	557	586	+	30	GATCAGCCTCCTCATCGGCAAAGGCCTCCA	UGGAGGCCUUUGCCGAUGAGGAGGCUGAUC	0
NM_005026.5:558-587	NM_005026.5	NM_005026.5.fasta	558	587	+	30	ATCAGCCTCCTCATCGGCAAAGGCCTCCAC	GUGGAGGCCUUUGCCGAUGAGGAGGCUGAU	0
NM_005026.5:559-588	NM_005026.5	NM_005026.5.fasta	559	588	+	30	TCAGCCTCCTCATCGGCAAAGGCCTCCACG	CGUGGAGGCCUUUGCCGAUGAGGAGGCUGA	0
NM_005026.5:560-589	NM_005026.5	NM_005026.5.fasta	560	589	+	30	CAGCCTCCTCATCGGCAAAGGCCTCCACGA	UCGUGGAGGCCUUUGCCGAUGAGGAGGCUG	0
NM_005026.5:561-590	NM_005026.5	NM_005026.5.fasta	561	590	+	30	AGCCTCCTCATCGGCAAAGGCCTCCACGAG	CUCGUGGAGGCCUUUGCCGAUGAGGAGGCU	0
NM_005026.5:562-591	NM_005026.5	NM_005026.5.fasta	562	591	+	30	GCCTCCTCATCGGCAAAGGCCTCCACGAGT	ACUCGUGGAGGCCUUUGCCGAUGAGGAGGC	0
NM_005026.5:563-592	NM_005026.5	NM_005026.5.fasta	563	592	+	30	CCTCCTCATCGGCAAAGGCCTCCACGAGTT	AACUCGUGGAGGCCUUUGCCGAUGAGGAGG	0
NM_005026.5:564-593	NM_005026.5	NM_005026.5.fasta	564	593	+	30	CTCCTCATCGGCAAAGGCCTCCACGAGTTT	AAACUCGUGGAGGCCUUUGCCGAUGAGGAG	0
NM_005026.5:565-594	NM_005026.5	NM_005026.5.fasta	565	594	+	30	TCCTCATCGGCAAAGGCCTCCACGAGTTTG	CAAACUCGUGGAGGCCUUUGCCGAUGAGGA	0
NM_005026.5:566-595	NM_005026.5	NM_005026.5.fasta	566	595	+	30	CCTCATCGGCAAAGGCCTCCACGAGTTTGA	UCAAACUCGUGGAGGCCUUUGCCGAUGAGG	0
NM_005026.5:567-596	NM_005026.5	NM_005026.5.fasta	567	596	+	30	CTCATCGGCAAAGGCCTCCACGAGTTTGAC	GUCAAACUCGUGGAGGCCUUUGCCGAUGAG	0
NM_005026.5:568-597	NM_005026.5	NM_005026.5.fasta	568	597	+	30	TCATCGGCAAAGGCCTCCACGAGTTTGACT	AGUCAAACUCGUGGAGGCCUUUGCCGAUGA	0
NM_005026.5:569-598	NM_005026.5	NM_005026.5.fasta	569	598	+	30	CATCGGCAAAGGCCTCCACGAGTTTGACTC	GAGUCAAACUCGUGGAGGCCUUUGCCGAUG	0
NM_005026.5:570-599	NM_005026.5	NM_005026.5.fasta	570	599	+	30	ATCGGCAAAGGCCTCCACGAGTTTGACTCC	GGAGUCAAACUCGUGGAGGCCUUUGCCGAU	0
NM_005026.5:571-600	NM_005026.5	NM_005026.5.fasta	571	600	+	30	TCGGCAAAGGCCTCCACGAGTTTGACTCCT	AGGAGUCAAACUCGUGGAGGCCUUUGCCGA	0
NM_005026.5:572-601	NM_005026.5	NM_005026.5.fasta	572	601	+	30	CGGCAAAGGCCTCCACGAGTTTGACTCCTT	AAGGAGUCAAACUCGUGGAGGCCUUUGCCG	0
NM_005026.5:573-602	NM_005026.5	NM_005026.5.fasta	573	602	+	30	GGCAAAGGCCTCCACGAGTTTGACTCCTTG	CAAGGAGUCAAACUCGUGGAGGCCUUUGCC	0
NM_005026.5:574-603	NM_005026.5	NM_005026.5.fasta	574	603	+	30	GCAAAGGCCTCCACGAGTTTGACTCCTTGT	ACAAGGAGUCAAACUCGUGGAGGCCUUUGC	0
NM_005026.5:575-604	NM_005026.5	NM_005026.5.fasta	575	604	+	30	CAAAGGCCTCCACGAGTTTGACTCCTTGTG	CACAAGGAGUCAAACUCGUGGAGGCCUUUG	0
NM_005026.5:576-605	NM_005026.5	NM_005026.5.fasta	576	605	+	30	AAAGGCCTCCACGAGTTTGACTCCTTGTGC	GCACAAGGAGUCAAACUCGUGGAGGCCUUU	0
NM_005026.5:577-606	NM_005026.5	NM_005026.5.fasta	577	606	+	30	AAGGCCTCCACGAGTTTGACTCCTTGTGCG	CGCACAAGGAGUCAAACUCGUGGAGGCCUU	0
NM_005026.5:578-607	NM_005026.5	NM_005026.5.fasta	578	607	+	30	AGGCCTCCACGAGTTTGACTCCTTGTGCGA	UCGCACAAGGAGUCAAACUCGUGGAGGCCU	0
NM_005026.5:579-608	NM_005026.5	NM_005026.5.fasta	579	608	+	30	GGCCTCCACGAGTTTGACTCCTTGTGCGAC	GUCGCACAAGGAGUCAAACUCGUGGAGGCC	0
NM_005026.5:580-609	NM_005026.5	NM_005026.5.fasta	580	609	+	30	GCCTCCACGAGTTTGACTCCTTGTGCGACC	GGUCGCACAAGGAGUCAAACUCGUGGAGGC	0
NM_005026.5:581-610	NM_005026.5	NM_005026.5.fasta	581	610	+	30	CCTCCACGAGTTTGACTCCTTGTGCGACCC	GGGUCGCACAAGGAGUCAAACUCGUGGAGG	0
NM_005026.5:582-611	NM_005026.5	NM_005026.5.fasta	582	611	+	30	CTCCACGAGTTTGACTCCTTGTGCGACCCA	UGGGUCGCACAAGGAGUCAAACUCGUGGAG	0
NM_005026.5:583-612	NM_005026.5	NM_005026.5.fasta	583	612	+	30	TCCACGAGTTTGACTCCTTGTGCGACCCAG	CUGGGUCGCACAAGGAGUCAAACUCGUGGA	0
NM_005026.5:584-613	NM_005026.5	NM_005026.5.fasta	584	613	+	30	CCACGAGTTTGACTCCTTGTGCGACCCAGA	UCUGGGUCGCACAAGGAGUCAAACUCGUGG	0
NM_005026.5:585-614	NM_005026.5	NM_005026.5.fasta	585	614	+	30	CACGAGTTTGACTCCTTGTGCGACCCAGAA	UUCUGGGUCGCACAAGGAGUCAAACUCGUG	0
NM_005026.5:586-615	NM_005026.5	NM_005026.5.fasta	586	615	+	30	ACGAGTTTGACTCCTTGTGCGACCCAGAAG	CUUCUGGGUCGCACAAGGAGUCAAACUCGU	0
NM_005026.5:587-616	NM_005026.5	NM_005026.5.fasta	587	616	+	30	CGAGTTTGACTCCTTGTGCGACCCAGAAGT	ACUUCUGGGUCGCACAAGGAGUCAAACUCG	0
NM_005026.5:588-617	NM_005026.5	NM_005026.5.fasta	588	617	+	30	GAGTTTGACTCCTTGTGCGACCCAGAAGTG	CACUUCUGGGUCGCACAAGGAGUCAAACUC	0
NM_005026.5:589-618	NM_005026.5	NM_005026.5.fasta	589	618	+	30	AGTTTGACTCCTTGTGCGACCCAGAAGTGA	UCACUUCUGGGUCGCACAAGGAGUCAAACU	0
NM_005026.5:590-619	NM_005026.5	NM_005026.5.fasta	590	619	+	30	GTTTGACTCCTTGTGCGACCCAGAAGTGAA	UUCACUUCUGGGUCGCACAAGGAGUCAAAC	0
NM_005026.5:591-620	NM_005026.5	NM_005026.5.fasta	591	620	+	30	TTTGACTCCTTGTGCGACCCAGAAGTGAAC	GUUCACUUCUGGGUCGCACAAGGAGUCAAA	0
NM_005026.5:592-621	NM_005026.5	NM_005026.5.fasta	592	621	+	30	TTGACTCCTTGTGCGACCCAGAAGTGAACG	CGUUCACUUCUGGGUCGCACAAGGAGUCAA	0
NM_005026.5:593-622	NM_005026.5	NM_005026.5.fasta	593	622	+	30	TGACTCCTTGTGCGACCCAGAAGTGAACGA	UCGUUCACUUCUGGGUCGCACAAGGAGUCA	0
NM_005026.5:594-623	NM_005026.5	NM_005026.5.fasta	594	623	+	30	GACTCCTTGTGCGACCCAGAAGTGAACGAC	GUCGUUCACUUCUGGGUCGCACAAGGAGUC	0
NM_005026.5:595-624	NM_005026.5	NM_005026.5.fasta	595	624	+	30	ACTCCTTGTGCGACCCAGAAGTGAACGACT	AGUCGUUCACUUCUGGGUCGCACAAGGAGU	0
NM_005026.5:596-625	NM_005026.5	NM_005026.5.fasta	596	625	+	30	CTCCTTGTGCGACCCAGAAGTGAACGACTT	AAGUCGUUCACUUCUGGGUCGCACAAGGAG	0
NM_005026.5:597-626	NM_005026.5	NM_005026.5.fasta	597	626	+	30	TCCTTGTGCGACCCAGAAGTGAACGACTTT	AAAGUCGUUCACUUCUGGGUCGCACAAGGA	0
NM_005026.5:598-627	NM_005026.5	NM_005026.5.fasta	598	627	+	30	CCTTGTGCGACCCAGAAGTGAACGACTTTC	GAAAGUCGUUCACUUCUGGGUCGCACAAGG	0
NM_005026.5:599-628	NM_005026.5	NM_005026.5.fasta	599	628	+	30	CTTGTGCGACCCAGAAGTGAACGACTTTCG	CGAAAGUCGUUCACUUCUGGGUCGCACAAG	0
NM_005026.5:600-629	NM_005026.5	NM_005026.5.fasta	600	629	+	30	TTGTGCGACCCAGAAGTGAACGACTTTCGC	GCGAAAGUCGUUCACUUCUGGGUCGCACAA	0
NM_005026.5:601-630	NM_005026.5	NM_005026.5.fasta	601	630	+	30	TGTGCGACCCAGAAGTGAACGACTTTCGCG	CGCGAAAGUCGUUCACUUCUGGGUCGCACA	0
NM_005026.5:602-631	NM_005026.5	NM_005026.5.fasta	602	631	+	30	GTGCGACCCAGAAGTGAACGACTTTCGCGC	GCGCGAAAGUCGUUCACUUCUGGGUCGCAC	0
NM_005026.5:603-632	NM_005026.5	NM_005026.5.fasta	603	632	+	30	TGCGACCCAGAAGTGAACGACTTTCGCGCC	GGCGCGAAAGUCGUUCACUUCUGGGUCGCA	0
NM_005026.5:604-633	NM_005026.5	NM_005026.5.fasta	604	633	+	30	GCGACCCAGAAGTGAACGACTTTCGCGCCA	UGGCGCGAAAGUCGUUCACUUCUGGGUCGC	0
NM_005026.5:605-634	NM_005026.5	NM_005026.5.fasta	605	634	+	30	CGACCCAGAAGTGAACGACTTTCGCGCCAA	UUGGCGCGAAAGUCGUUCACUUCUGGGUCG	0
NM_005026.5:606-635	NM_005026.5	NM_005026.5.fasta	606	635	+	30	GACCCAGAAGTGAACGACTTTCGCGCCAAG	CUUGGCGCGAAAGUCGUUCACUUCUGGGUC	0
NM_005026.5:607-636	NM_005026.5	NM_005026.5.fasta	607	636	+	30	ACCCAGAAGTGAACGACTTTCGCGCCAAGA	UCUUGGCGCGAAAGUCGUUCACUUCUGGGU	0
NM_005026.5:608-637	NM_005026.5	NM_005026.5.fasta	608	637	+	30	CCCAGAAGTGAACGACTTTCGCGCCAAGAT	AUCUUGGCGCGAAAGUCGUUCACUUCUGGG	0
NM_005026.5:609-638	NM_005026.5	NM_005026.5.fasta	609	638	+	30	CCAGAAGTGAACGACTTTCGCGCCAAGATG	CAUCUUGGCGCGAAAGUCGUUCACUUCUGG	0
NM_005026.5:610-639	NM_005026.5	NM_005026.5.fasta	610	639	+	30	CAGAAGTGAACGACTTTCGCGCCAAGATGT	ACAUCUUGGCGCGAAAGUCGUUCACUUCUG	0
NM_005026.5:611-640	NM_005026.5	NM_005026.5.fasta	611	640	+	30	AGAAGTGAACGACTTTCGCGCCAAGATGTG	CACAUCUUGGCGCGAAAGUCGUUCACUUCU	0
NM_005026.5:612-641	NM_005026.5	NM_005026.5.fasta	612	641	+	30	GAAGTGAACGACTTTCGCGCCAAGATGTGC	GCACAUCUUGGCGCGAAAGUCGUUCACUUC	0
NM_005026.5:613-642	NM_005026.5	NM_005026.5.fasta	613	642	+	30	AAGTGAACGACTTTCGCGCCAAGATGTGCC	GGCACAUCUUGGCGCGAAAGUCGUUCACUU	0
NM_005026.5:614-643	NM_005026.5	NM_005026.5.fasta	614	643	+	30	AGTGAACGACTTTCGCGCCAAGATGTGCCA	UGGCACAUCUUGGCGCGAAAGUCGUUCACU	0
NM_005026.5:615-644	NM_005026.5	NM_005026.5.fasta	615	644	+	30	GTGAACGACTTTCGCGCCAAGATGTGCCAA	UUGGCACAUCUUGGCGCGAAAGUCGUUCAC	0
NM_005026.5:616-645	NM_005026.5	NM_005026.5.fasta	616	645	+	30	TGAACGACTTTCGCGCCAAGATGTGCCAAT	AUUGGCACAUCUUGGCGCGAAAGUCGUUCA	0
NM_005026.5:617-646	NM_005026.5	NM_005026.5.fasta	617	646	+	30	GAACGACTTTCGCGCCAAGATGTGCCAATT	AAUUGGCACAUCUUGGCGCGAAAGUCGUUC	0
NM_005026.5:618-647	NM_005026.5	NM_005026.5.fasta	618	647	+	30	AACGACTTTCGCGCCAAGATGTGCCAATTC	GAAUUGGCACAUCUUGGCGCGAAAGUCGUU	0
NM_005026.5:619-648	NM_005026.5	NM_005026.5.fasta	619	648	+	30	ACGACTTTCGCGCCAAGATGTGCCAATTCT	AGAAUUGGCACAUCUUGGCGCGAAAGUCGU	0
NM_005026.5:620-649	NM_005026.5	NM_005026.5.fasta	620	649	+	30	CGACTTTCGCGCCAAGATGTGCCAATTCTG	CAGAAUUGGCACAUCUUGGCGCGAAAGUCG	0
NM_005026.5:621-650	NM_005026.5	NM_005026.5.fasta	621	650	+	30	GACTTTCGCGCCAAGATGTGCCAATTCTGC	GCAGAAUUGGCACAUCUUGGCGCGAAAGUC	0
NM_005026.5:622-651	NM_005026.5	NM_005026.5.fasta	622	651	+	30	ACTTTCGCGCCAAGATGTGCCAATTCTGCG	CGCAGAAUUGGCACAUCUUGGCGCGAAAGU	0
NM_005026.5:623-652	NM_005026.5	NM_005026.5.fasta	623	652	+	30	CTTTCGCGCCAAGATGTGCCAATTCTGCGA	UCGCAGAAUUGGCACAUCUUGGCGCGAAAG	0
NM_005026.5:624-653	NM_005026.5	NM_005026.5.fasta	624	653	+	30	TTTCGCGCCAAGATGTGCCAATTCTGCGAG	CUCGCAGAAUUGGCACAUCUUGGCGCGAAA	0
NM_005026.5:625-654	NM_005026.5	NM_005026.5.fasta	625	654	+	30	TTCGCGCCAAGATGTGCCAATTCTGCGAGG	CCUCGCAGAAUUGGCACAUCUUGGCGCGAA	0
NM_005026.5:626-655	NM_005026.5	NM_005026.5.fasta	626	655	+	30	TCGCGCCAAGATGTGCCAATTCTGCGAGGA	UCCUCGCAGAAUUGGCACAUCUUGGCGCGA	0
NM_005026.5:627-656	NM_005026.5	NM_005026.5.fasta	627	656	+	30	CGCGCCAAGATGTGCCAATTCTGCGAGGAG	CUCCUCGCAGAAUUGGCACAUCUUGGCGCG	0
NM_005026.5:628-657	NM_005026.5	NM_005026.5.fasta	628	657	+	30	GCGCCAAGATGTGCCAATTCTGCGAGGAGG	CCUCCUCGCAGAAUUGGCACAUCUUGGCGC	0
NM_005026.5:629-658	NM_005026.5	NM_005026.5.fasta	629	658	+	30	CGCCAAGATGTGCCAATTCTGCGAGGAGGC	GCCUCCUCGCAGAAUUGGCACAUCUUGGCG	0
NM_005026.5:630-659	NM_005026.5	NM_005026.5.fasta	630	659	+	30	GCCAAGATGTGCCAATTCTGCGAGGAGGCG	CGCCUCCUCGCAGAAUUGGCACAUCUUGGC	0
NM_005026.5:631-660	NM_005026.5	NM_005026.5.fasta	631	660	+	30	CCAAGATGTGCCAATTCTGCGAGGAGGCGG	CCGCCUCCUCGCAGAAUUGGCACAUCUUGG	0
NM_005026.5:632-661	NM_005026.5	NM_005026.5.fasta	632	661	+	30	CAAGATGTGCCAATTCTGCGAGGAGGCGGC	GCCGCCUCCUCGCAGAAUUGGCACAUCUUG	0
NM_005026.5:633-662	NM_005026.5	NM_005026.5.fasta	633	662	+	30	AAGATGTGCCAATTCTGCGAGGAGGCGGCC	GGCCGCCUCCUCGCAGAAUUGGCACAUCUU	0
NM_005026.5:634-663	NM_005026.5	NM_005026.5.fasta	634	663	+	30	AGATGTGCCAATTCTGCGAGGAGGCGGCCG	CGGCCGCCUCCUCGCAGAAUUGGCACAUCU	0
NM_005026.5:635-664	NM_005026.5	NM_005026.5.fasta	635	664	+	30	GATGTGCCAATTCTGCGAGGAGGCGGCCGC	GCGGCCGCCUCCUCGCAGAAUUGGCACAUC	0
NM_005026.5:636-665	NM_005026.5	NM_005026.5.fasta	636	665	+	30	ATGTGCCAATTCTGCGAGGAGGCGGCCGCC	GGCGGCCGCCUCCUCGCAGAAUUGGCACAU	0
NM_005026.5:637-666	NM_005026.5	NM_005026.5.fasta	637	666	+	30	TGTGCCAATTCTGCGAGGAGGCGGCCGCCC	GGGCGGCCGCCUCCUCGCAGAAUUGGCACA	0
NM_005026.5:638-667	NM_005026.5	NM_005026.5.fasta	638	667	+	30	GTGCCAATTCTGCGAGGAGGCGGCCGCCCG	CGGGCGGCCGCCUCCUCGCAGAAUUGGCAC	0
NM_005026.5:639-668	NM_005026.5	NM_005026.5.fasta	639	668	+	30	TGCCAATTCTGCGAGGAGGCGGCCGCCCGC	GCGGGCGGCCGCCUCCUCGCAGAAUUGGCA	0
NM_005026.5:640-669	NM_005026.5	NM_005026.5.fasta	640	669	+	30	GCCAATTCTGCGAGGAGGCGGCCGCCCGCC	GGCGGGCGGCCGCCUCCUCGCAGAAUUGGC	0
NM_005026.5:641-670	NM_005026.5	NM_005026.5.fasta	641	670	+	30	CCAATTCTGCGAGGAGGCGGCCGCCCGCCG	CGGCGGGCGGCCGCCUCCUCGCAGAAUUGG	0
NM_005026.5:642-671	NM_005026.5	NM_005026.5.fasta	642	671	+	30	CAATTCTGCGAGGAGGCGGCCGCCCGCCGG	CCGGCGGGCGGCCGCCUCCUCGCAGAAUUG	0
NM_005026.5:643-672	NM_005026.5	NM_005026.5.fasta	643	672	+	30	AATTCTGCGAGGAGGCGGCCGCCCGCCGGC	GCCGGCGGGCGGCCGCCUCCUCGCAGAAUU	0
NM_005026.5:644-673	NM_005026.5	NM_005026.5.fasta	644	673	+	30	ATTCTGCGAGGAGGCGGCCGCCCGCCGGCA	UGCCGGCGGGCGGCCGCCUCCUCGCAGAAU	0
NM_005026.5:645-674	NM_005026.5	NM_005026.5.fasta	645	674	+	30	TTCTGCGAGGAGGCGGCCGCCCGCCGGCAG	CUGCCGGCGGGCGGCCGCCUCCUCGCAGAA	0
NM_005026.5:646-675	NM_005026.5	NM_005026.5.fasta	646	675	+	30	TCTGCGAGGAGGCGGCCGCCCGCCGGCAGC	GCUGCCGGCGGGCGGCCGCCUCCUCGCAGA	0
NM_005026.5:647-676	NM_005026.5	NM_005026.5.fasta	647	676	+	30	CTGCGAGGAGGCGGCCGCCCGCCGGCAGCA	UGCUGCCGGCGGGCGGCCGCCUCCUCGCAG	0
NM_005026.5:648-677	NM_005026.5	NM_005026.5.fasta	648	677	+	30	TGCGAGGAGGCGGCCGCCCGCCGGCAGCAG	CUGCUGCCGGCGGGCGGCCGCCUCCUCGCA	0
NM_005026.5:649-678	NM_005026.5	NM_005026.5.fasta	649	678	+	30	GCGAGGAGGCGGCCGCCCGCCGGCAGCAGC	GCUGCUGCCGGCGGGCGGCCGCCUCCUCGC	0
NM_005026.5:650-679	NM_005026.5	NM_005026.5.fasta	650	679	+	30	CGAGGAGGCGGCCGCCCGCCGGCAGCAGCT	AGCUGCUGCCGGCGGGCGGCCGCCUCCUCG	0
NM_005026.5:651-680	NM_005026.5	NM_005026.5.fasta	651	680	+	30	GAGGAGGCGGCCGCCCGCCGGCAGCAGCTG	CAGCUGCUGCCGGCGGGCGGCCGCCUCCUC	0
NM_005026.5:652-681	NM_005026.5	NM_005026.5.fasta	652	681	+	30	AGGAGGCGGCCGCCCGCCGGCAGCAGCTGG	CCAGCUGCUGCCGGCGGGCGGCCGCCUCCU	0
NM_005026.5:653-682	NM_005026.5	NM_005026.5.fasta	653	682	+	30	GGAGGCGGCCGCCCGCCGGCAGCAGCTGGG	CCCAGCUGCUGCCGGCGGGCGGCCGCCUCC	0
NM_005026.5:654-683	NM_005026.5	NM_005026.5.fasta	654	683	+	30	GAGGCGGCCGCCCGCCGGCAGCAGCTGGGC	GCCCAGCUGCUGCCGGCGGGCGGCCGCCUC	0
NM_005026.5:655-684	NM_005026.5	NM_005026.5.fasta	655	684	+	30	AGGCGGCCGCCCGCCGGCAGCAGCTGGGCT	AGCCCAGCUGCUGCCGGCGGGCGGCCGCCU	0
NM_005026.5:656-685	NM_005026.5	NM_005026.5.fasta	656	685	+	30	GGCGGCCGCCCGCCGGCAGCAGCTGGGCTG	CAGCCCAGCUGCUGCCGGCGGGCGGCCGCC	0
NM_005026.5:657-686	NM_005026.5	NM_005026.5.fasta	657	686	+	30	GCGGCCGCCCGCCGGCAGCAGCTGGGCTGG	CCAGCCCAGCUGCUGCCGGCGGGCGGCCGC	0
NM_005026.5:658-687	NM_005026.5	NM_005026.5.fasta	658	687	+	30	CGGCCGCCCGCCGGCAGCAGCTGGGCTGGG	CCCAGCCCAGCUGCUGCCGGCGGGCGGCCG	0
NM_005026.5:659-688	NM_005026.5	NM_005026.5.fasta	659	688	+	30	GGCCGCCCGCCGGCAGCAGCTGGGCTGGGA	UCCCAGCCCAGCUGCUGCCGGCGGGCGGCC	0
NM_005026.5:660-689	NM_005026.5	NM_005026.5.fasta	660	689	+	30	GCCGCCCGCCGGCAGCAGCTGGGCTGGGAG	CUCCCAGCCCAGCUGCUGCCGGCGGGCGGC	0
NM_005026.5:661-690	NM_005026.5	NM_005026.5.fasta	661	690	+	30	CCGCCCGCCGGCAGCAGCTGGGCTGGGAGG	CCUCCCAGCCCAGCUGCUGCCGGCGGGCGG	0
NM_005026.5:662-691	NM_005026.5	NM_005026.5.fasta	662	691	+	30	CGCCCGCCGGCAGCAGCTGGGCTGGGAGGC	GCCUCCCAGCCCAGCUGCUGCCGGCGGGCG	0
NM_005026.5:663-692	NM_005026.5	NM_005026.5.fasta	663	692	+	30	GCCCGCCGGCAGCAGCTGGGCTGGGAGGCC	GGCCUCCCAGCCCAGCUGCUGCCGGCGGGC	0
NM_005026.5:664-693	NM_005026.5	NM_005026.5.fasta	664	693	+	30	CCCGCCGGCAGCAGCTGGGCTGGGAGGCCT	AGGCCUCCCAGCCCAGCUGCUGCCGGCGGG	0
NM_005026.5:665-694	NM_005026.5	NM_005026.5.fasta	665	694	+	30	CCGCCGGCAGCAGCTGGGCTGGGAGGCCTG	CAGGCCUCCCAGCCCAGCUGCUGCCGGCGG	0
NM_005026.5:666-695	NM_005026.5	NM_005026.5.fasta	666	695	+	30	CGCCGGCAGCAGCTGGGCTGGGAGGCCTGG	CCAGGCCUCCCAGCCCAGCUGCUGCCGGCG	0
NM_005026.5:667-696	NM_005026.5	NM_005026.5.fasta	667	696	+	30	GCCGGCAGCAGCTGGGCTGGGAGGCCTGGC	GCCAGGCCUCCCAGCCCAGCUGCUGCCGGC	0
NM_005026.5:668-697	NM_005026.5	NM_005026.5.fasta	668	697	+	30	CCGGCAGCAGCTGGGCTGGGAGGCCTGGCT	AGCCAGGCCUCCCAGCCCAGCUGCUGCCGG	0
NM_005026.5:669-698	NM_005026.5	NM_005026.5.fasta	669	698	+	30	CGGCAGCAGCTGGGCTGGGAGGCCTGGCTG	CAGCCAGGCCUCCCAGCCCAGCUGCUGCCG	0
NM_005026.5:670-699	NM_005026.5	NM_005026.5.fasta	670	699	+	30	GGCAGCAGCTGGGCTGGGAGGCCTGGCTGC	GCAGCCAGGCCUCCCAGCCCAGCUGCUGCC	0
NM_005026.5:671-700	NM_005026.5	NM_005026.5.fasta	671	700	+	30	GCAGCAGCTGGGCTGGGAGGCCTGGCTGCA	UGCAGCCAGGCCUCCCAGCCCAGCUGCUGC	0
NM_005026.5:672-701	NM_005026.5	NM_005026.5.fasta	672	701	+	30	CAGCAGCTGGGCTGGGAGGCCTGGCTGCAG	CUGCAGCCAGGCCUCCCAGCCCAGCUGCUG	0
NM_005026.5:673-702	NM_005026.5	NM_005026.5.fasta	673	702	+	30	AGCAGCTGGGCTGGGAGGCCTGGCTGCAGT	ACUGCAGCCAGGCCUCCCAGCCCAGCUGCU	0
NM_005026.5:674-703	NM_005026.5	NM_005026.5.fasta	674	703	+	30	GCAGCTGGGCTGGGAGGCCTGGCTGCAGTA	UACUGCAGCCAGGCCUCCCAGCCCAGCUGC	0
NM_005026.5:675-704	NM_005026.5	NM_005026.5.fasta	675	704	+	30	CAGCTGGGCTGGGAGGCCTGGCTGCAGTAC	GUACUGCAGCCAGGCCUCCCAGCCCAGCUG	0
NM_005026.5:676-705	NM_005026.5	NM_005026.5.fasta	676	705	+	30	AGCTGGGCTGGGAGGCCTGGCTGCAGTACA	UGUACUGCAGCCAGGCCUCCCAGCCCAGCU	0
NM_005026.5:677-706	NM_005026.5	NM_005026.5.fasta	677	706	+	30	GCTGGGCTGGGAGGCCTGGCTGCAGTACAG	CUGUACUGCAGCCAGGCCUCCCAGCCCAGC	0
NM_005026.5:678-707	NM_005026.5	NM_005026.5.fasta	678	707	+	30	CTGGGCTGGGAGGCCTGGCTGCAGTACAGT	ACUGUACUGCAGCCAGGCCUCCCAGCCCAG	0
NM_005026.5:679-708	NM_005026.5	NM_005026.5.fasta	679	708	+	30	TGGGCTGGGAGGCCTGGCTGCAGTACAGTT	AACUGUACUGCAGCCAGGCCUCCCAGCCCA	0
NM_005026.5:680-709	NM_005026.5	NM_005026.5.fasta	680	709	+	30	GGGCTGGGAGGCCTGGCTGCAGTACAGTTT	AAACUGUACUGCAGCCAGGCCUCCCAGCCC	0
NM_005026.5:681-710	NM_005026.5	NM_005026.5.fasta	681	710	+	30	GGCTGGGAGGCCTGGCTGCAGTACAGTTTC	GAAACUGUACUGCAGCCAGGCCUCCCAGCC	0
NM_005026.5:682-711	NM_005026.5	NM_005026.5.fasta	682	711	+	30	GCTGGGAGGCCTGGCTGCAGTACAGTTTCC	GGAAACUGUACUGCAGCCAGGCCUCCCAGC	0
NM_005026.5:683-712	NM_005026.5	NM_005026.5.fasta	683	712	+	30	CTGGGAGGCCTGGCTGCAGTACAGTTTCCC	GGGAAACUGUACUGCAGCCAGGCCUCCCAG	0
NM_005026.5:684-713	NM_005026.5	NM_005026.5.fasta	684	713	+	30	TGGGAGGCCTGGCTGCAGTACAGTTTCCCC	GGGGAAACUGUACUGCAGCCAGGCCUCCCA	0
NM_005026.5:685-714	NM_005026.5	NM_005026.5.fasta	685	714	+	30	GGGAGGCCTGGCTGCAGTACAGTTTCCCCC	GGGGGAAACUGUACUGCAGCCAGGCCUCCC	0
NM_005026.5:686-715	NM_005026.5	NM_005026.5.fasta	686	715	+	30	GGAGGCCTGGCTGCAGTACAGTTTCCCCCT	AGGGGGAAACUGUACUGCAGCCAGGCCUCC	0
NM_005026.5:687-716	NM_005026.5	NM_005026.5.fasta	687	716	+	30	GAGGCCTGGCTGCAGTACAGTTTCCCCCTG	CAGGGGGAAACUGUACUGCAGCCAGGCCUC	0
NM_005026.5:688-717	NM_005026.5	NM_005026.5.fasta	688	717	+	30	AGGCCTGGCTGCAGTACAGTTTCCCCCTGC	GCAGGGGGAAACUGUACUGCAGCCAGGCCU	0
NM_005026.5:689-718	NM_005026.5	NM_005026.5.fasta	689	718	+	30	GGCCTGGCTGCAGTACAGTTTCCCCCTGCA	UGCAGGGGGAAACUGUACUGCAGCCAGGCC	0
NM_005026.5:690-719	NM_005026.5	NM_005026.5.fasta	690	719	+	30	GCCTGGCTGCAGTACAGTTTCCCCCTGCAG	CUGCAGGGGGAAACUGUACUGCAGCCAGGC	0
NM_005026.5:691-720	NM_005026.5	NM_005026.5.fasta	691	720	+	30	CCTGGCTGCAGTACAGTTTCCCCCTGCAGC	GCUGCAGGGGGAAACUGUACUGCAGCCAGG	0
NM_005026.5:692-721	NM_005026.5	NM_005026.5.fasta	692	721	+	30	CTGGCTGCAGTACAGTTTCCCCCTGCAGCT	AGCUGCAGGGGGAAACUGUACUGCAGCCAG	0
NM_005026.5:693-722	NM_005026.5	NM_005026.5.fasta	693	722	+	30	TGGCTGCAGTACAGTTTCCCCCTGCAGCTG	CAGCUGCAGGGGGAAACUGUACUGCAGCCA	0
NM_005026.5:694-723	NM_005026.5	NM_005026.5.fasta	694	723	+	30	GGCTGCAGTACAGTTTCCCCCTGCAGCTGG	CCAGCUGCAGGGGGAAACUGUACUGCAGCC	0
NM_005026.5:695-724	NM_005026.5	NM_005026.5.fasta	695	724	+	30	GCTGCAGTACAGTTTCCCCCTGCAGCTGGA	UCCAGCUGCAGGGGGAAACUGUACUGCAGC	0
NM_005026.5:696-725	NM_005026.5	NM_005026.5.fasta	696	725	+	30	CTGCAGTACAGTTTCCCCCTGCAGCTGGAG	CUCCAGCUGCAGGGGGAAACUGUACUGCAG	0
NM_005026.5:697-726	NM_005026.5	NM_005026.5.fasta	697	726	+	30	TGCAGTACAGTTTCCCCCTGCAGCTGGAGC	GCUCCAGCUGCAGGGGGAAACUGUACUGCA	0
NM_005026.5:698-727	NM_005026.5	NM_005026.5.fasta	698	727	+	30	GCAGTACAGTTTCCCCCTGCAGCTGGAGCC	GGCUCCAGCUGCAGGGGGAAACUGUACUGC	0
NM_005026.5:699-728	NM_005026.5	NM_005026.5.fasta	699	728	+	30	CAGTACAGTTTCCCCCTGCAGCTGGAGCCC	GGGCUCCAGCUGCAGGGGGAAACUGUACUG	0
NM_005026.5:700-729	NM_005026.5	NM_005026.5.fasta	700	729	+	30	AGTACAGTTTCCCCCTGCAGCTGGAGCCCT	AGGGCUCCAGCUGCAGGGGGAAACUGUACU	0
NM_005026.5:701-730	NM_005026.5	NM_005026.5.fasta	701	730	+	30	GTACAGTTTCCCCCTGCAGCTGGAGCCCTC	GAGGGCUCCAGCUGCAGGGGGAAACUGUAC	0
NM_005026.5:702-731	NM_005026.5	NM_005026.5.fasta	702	731	+	30	TACAGTTTCCCCCTGCAGCTGGAGCCCTCG	CGAGGGCUCCAGCUGCAGGGGGAAACUGUA	0
NM_005026.5:703-732	NM_005026.5	NM_005026.5.fasta	703	732	+	30	ACAGTTTCCCCCTGCAGCTGGAGCCCTCGG	CCGAGGGCUCCAGCUGCAGGGGGAAACUGU	0
NM_005026.5:704-733	NM_005026.5	NM_005026.5.fasta	704	733	+	30	CAGTTTCCCCCTGCAGCTGGAGCCCTCGGC	GCCGAGGGCUCCAGCUGCAGGGGGAAACUG	0
NM_005026.5:705-734	NM_005026.5	NM_005026.5.fasta	705	734	+	30	AGTTTCCCCCTGCAGCTGGAGCCCTCGGCT	AGCCGAGGGCUCCAGCUGCAGGGGGAAACU	0
NM_005026.5:706-735	NM_005026.5	NM_005026.5.fasta	706	735	+	30	GTTTCCCCCTGCAGCTGGAGCCCTCGGCTC	GAGCCGAGGGCUCCAGCUGCAGGGGGAAAC	0
NM_005026.5:707-736	NM_005026.5	NM_005026.5.fasta	707	736	+	30	TTTCCCCCTGCAGCTGGAGCCCTCGGCTCA	UGAGCCGAGGGCUCCAGCUGCAGGGGGAAA	0
NM_005026.5:708-737	NM_005026.5	NM_005026.5.fasta	708	737	+	30	TTCCCCCTGCAGCTGGAGCCCTCGGCTCAA	UUGAGCCGAGGGCUCCAGCUGCAGGGGGAA	0
NM_005026.5:709-738	NM_005026.5	NM_005026.5.fasta	709	738	+	30	TCCCCCTGCAGCTGGAGCCCTCGGCTCAAA	UUUGAGCCGAGGGCUCCAGCUGCAGGGGGA	0
NM_005026.5:710-739	NM_005026.5	NM_005026.5.fasta	710	739	+	30	CCCCCTGCAGCTGGAGCCCTCGGCTCAAAC	GUUUGAGCCGAGGGCUCCAGCUGCAGGGGG	0
NM_005026.5:711-740	NM_005026.5	NM_005026.5.fasta	711	740	+	30	CCCCTGCAGCTGGAGCCCTCGGCTCAAACC	GGUUUGAGCCGAGGGCUCCAGCUGCAGGGG	0
NM_005026.5:712-741	NM_005026.5	NM_005026.5.fasta	712	741	+	30	CCCTGCAGCTGGAGCCCTCGGCTCAAACCT	AGGUUUGAGCCGAGGGCUCCAGCUGCAGGG	0
NM_005026.5:713-742	NM_005026.5	NM_005026.5.fasta	713	742	+	30	CCTGCAGCTGGAGCCCTCGGCTCAAACCTG	CAGGUUUGAGCCGAGGGCUCCAGCUGCAGG	0
NM_005026.5:714-743	NM_005026.5	NM_005026.5.fasta	714	743	+	30	CTGCAGCTGGAGCCCTCGGCTCAAACCTGG	CCAGGUUUGAGCCGAGGGCUCCAGCUGCAG	0
NM_005026.5:715-744	NM_005026.5	NM_005026.5.fasta	715	744	+	30	TGCAGCTGGAGCCCTCGGCTCAAACCTGGG	CCCAGGUUUGAGCCGAGGGCUCCAGCUGCA	0
NM_005026.5:716-745	NM_005026.5	NM_005026.5.fasta	716	745	+	30	GCAGCTGGAGCCCTCGGCTCAAACCTGGGG	CCCCAGGUUUGAGCCGAGGGCUCCAGCUGC	0
NM_005026.5:717-746	NM_005026.5	NM_005026.5.fasta	717	746	+	30	CAGCTGGAGCCCTCGGCTCAAACCTGGGGG	CCCCCAGGUUUGAGCCGAGGGCUCCAGCUG	0
NM_005026.5:718-747	NM_005026.5	NM_005026.5.fasta	718	747	+	30	AGCTGGAGCCCTCGGCTCAAACCTGGGGGC	GCCCCCAGGUUUGAGCCGAGGGCUCCAGCU	0
NM_005026.5:719-748	NM_005026.5	NM_005026.5.fasta	719	748	+	30	GCTGGAGCCCTCGGCTCAAACCTGGGGGCC	GGCCCCCAGGUUUGAGCCGAGGGCUCCAGC	0
NM_005026.5:720-749	NM_005026.5	NM_005026.5.fasta	720	749	+	30	CTGGAGCCCTCGGCTCAAACCTGGGGGCCT	AGGCCCCCAGGUUUGAGCCGAGGGCUCCAG	0
NM_005026.5:721-750	NM_005026.5	NM_005026.5.fasta	721	750	+	30	TGGAGCCCTCGGCTCAAACCTGGGGGCCTG	CAGGCCCCCAGGUUUGAGCCGAGGGCUCCA	0
NM_005026.5:722-751	NM_005026.5	NM_005026.5.fasta	722	751	+	30	GGAGCCCTCGGCTCAAACCTGGGGGCCTGG	CCAGGCCCCCAGGUUUGAGCCGAGGGCUCC	0
NM_005026.5:723-752	NM_005026.5	NM_005026.5.fasta	723	752	+	30	GAGCCCTCGGCTCAAACCTGGGGGCCTGGT	ACCAGGCCCCCAGGUUUGAGCCGAGGGCUC	0
NM_005026.5:724-753	NM_005026.5	NM_005026.5.fasta	724	753	+	30	AGCCCTCGGCTCAAACCTGGGGGCCTGGTA	UACCAGGCCCCCAGGUUUGAGCCGAGGGCU	0
NM_005026.5:725-754	NM_005026.5	NM_005026.5.fasta	725	754	+	30	GCCCTCGGCTCAAACCTGGGGGCCTGGTAC	GUACCAGGCCCCCAGGUUUGAGCCGAGGGC	0
NM_005026.5:726-755	NM_005026.5	NM_005026.5.fasta	726	755	+	30	CCCTCGGCTCAAACCTGGGGGCCTGGTACC	GGUACCAGGCCCCCAGGUUUGAGCCGAGGG	0
NM_005026.5:727-756	NM_005026.5	NM_005026.5.fasta	727	756	+	30	CCTCGGCTCAAACCTGGGGGCCTGGTACCC	GGGUACCAGGCCCCCAGGUUUGAGCCGAGG	0
NM_005026.5:728-757	NM_005026.5	NM_005026.5.fasta	728	757	+	30	CTCGGCTCAAACCTGGGGGCCTGGTACCCT	AGGGUACCAGGCCCCCAGGUUUGAGCCGAG	0
NM_005026.5:729-758	NM_005026.5	NM_005026.5.fasta	729	758	+	30	TCGGCTCAAACCTGGGGGCCTGGTACCCTG	CAGGGUACCAGGCCCCCAGGUUUGAGCCGA	0
NM_005026.5:730-759	NM_005026.5	NM_005026.5.fasta	730	759	+	30	CGGCTCAAACCTGGGGGCCTGGTACCCTGC	GCAGGGUACCAGGCCCCCAGGUUUGAGCCG	0
NM_005026.5:731-760	NM_005026.5	NM_005026.5.fasta	731	760	+	30	GGCTCAAACCTGGGGGCCTGGTACCCTGCG	CGCAGGGUACCAGGCCCCCAGGUUUGAGCC	0
NM_005026.5:732-761	NM_005026.5	NM_005026.5.fasta	732	761	+	30	GCTCAAACCTGGGGGCCTGGTACCCTGCGG	CCGCAGGGUACCAGGCCCCCAGGUUUGAGC	0
NM_005026.5:733-762	NM_005026.5	NM_005026.5.fasta	733	762	+	30	CTCAAACCTGGGGGCCTGGTACCCTGCGGC	GCCGCAGGGUACCAGGCCCCCAGGUUUGAG	0
NM_005026.5:734-763	NM_005026.5	NM_005026.5.fasta	734	763	+	30	TCAAACCTGGGGGCCTGGTACCCTGCGGCT	AGCCGCAGGGUACCAGGCCCCCAGGUUUGA	0
NM_005026.5:735-764	NM_005026.5	NM_005026.5.fasta	735	764	+	30	CAAACCTGGGGGCCTGGTACCCTGCGGCTC	GAGCCGCAGGGUACCAGGCCCCCAGGUUUG	0
NM_005026.5:736-765	NM_005026.5	NM_005026.5.fasta	736	765	+	30	AAACCTGGGGGCCTGGTACCCTGCGGCTCC	GGAGCCGCAGGGUACCAGGCCCCCAGGUUU	0
NM_005026.5:737-766	NM_005026.5	NM_005026.5.fasta	737	766	+	30	AACCTGGGGGCCTGGTACCCTGCGGCTCCC	GGGAGCCGCAGGGUACCAGGCCCCCAGGUU	0
NM_005026.5:738-767	NM_005026.5	NM_005026.5.fasta	738	767	+	30	ACCTGGGGGCCTGGTACCCTGCGGCTCCCG	CGGGAGCCGCAGGGUACCAGGCCCCCAGGU	0
NM_005026.5:739-768	NM_005026.5	NM_005026.5.fasta	739	768	+	30	CCTGGGGGCCTGGTACCCTGCGGCTCCCGA	UCGGGAGCCGCAGGGUACCAGGCCCCCAGG	0
NM_005026.5:740-769	NM_005026.5	NM_005026.5.fasta	740	769	+	30	CTGGGGGCCTGGTACCCTGCGGCTCCCGAA	UUCGGGAGCCGCAGGGUACCAGGCCCCCAG	0
NM_005026.5:741-770	NM_005026.5	NM_005026.5.fasta	741	770	+	30	TGGGGGCCTGGTACCCTGCGGCTCCCGAAC	GUUCGGGAGCCGCAGGGUACCAGGCCCCCA	0
NM_005026.5:742-771	NM_005026.5	NM_005026.5.fasta	742	771	+	30	GGGGGCCTGGTACCCTGCGGCTCCCGAACC	GGUUCGGGAGCCGCAGGGUACCAGGCCCCC	0
NM_005026.5:743-772	NM_005026.5	NM_005026.5.fasta	743	772	+	30	GGGGCCTGGTACCCTGCGGCTCCCGAACCG	CGGUUCGGGAGCCGCAGGGUACCAGGCCCC	0
NM_005026.5:744-773	NM_005026.5	NM_005026.5.fasta	744	773	+	30	GGGCCTGGTACCCTGCGGCTCCCGAACCGG	CCGGUUCGGGAGCCGCAGGGUACCAGGCCC	0
NM_005026.5:745-774	NM_005026.5	NM_005026.5.fasta	745	774	+	30	GGCCTGGTACCCTGCGGCTCCCGAACCGGG	CCCGGUUCGGGAGCCGCAGGGUACCAGGCC	0
NM_005026.5:746-775	NM_005026.5	NM_005026.5.fasta	746	775	+	30	GCCTGGTACCCTGCGGCTCCCGAACCGGGC	GCCCGGUUCGGGAGCCGCAGGGUACCAGGC	0
NM_005026.5:747-776	NM_005026.5	NM_005026.5.fasta	747	776	+	30	CCTGGTACCCTGCGGCTCCCGAACCGGGCC	GGCCCGGUUCGGGAGCCGCAGGGUACCAGG	0
NM_005026.5:748-777	NM_005026.5	NM_005026.5.fasta	748	777	+	30	CTGGTACCCTGCGGCTCCCGAACCGGGCCC	GGGCCCGGUUCGGGAGCCGCAGGGUACCAG	0
NM_005026.5:749-778	NM_005026.5	NM_005026.5.fasta	749	778	+	30	TGGTACCCTGCGGCTCCCGAACCGGGCCCT	AGGGCCCGGUUCGGGAGCCGCAGGGUACCA	0
NM_005026.5:750-779	NM_005026.5	NM_005026.5.fasta	750	779	+	30	GGTACCCTGCGGCTCCCGAACCGGGCCCTT	AAGGGCCCGGUUCGGGAGCCGCAGGGUACC	0
NM_005026.5:751-780	NM_005026.5	NM_005026.5.fasta	751	780	+	30	GTACCCTGCGGCTCCCGAACCGGGCCCTTC	GAAGGGCCCGGUUCGGGAGCCGCAGGGUAC	0
NM_005026.5:752-781	NM_005026.5	NM_005026.5.fasta	752	781	+	30	TACCCTGCGGCTCCCGAACCGGGCCCTTCT	AGAAGGGCCCGGUUCGGGAGCCGCAGGGUA	0
NM_005026.5:753-782	NM_005026.5	NM_005026.5.fasta	753	782	+	30	ACCCTGCGGCTCCCGAACCGGGCCCTTCTG	CAGAAGGGCCCGGUUCGGGAGCCGCAGGGU	0
NM_005026.5:754-783	NM_005026.5	NM_005026.5.fasta	754	783	+	30	CCCTGCGGCTCCCGAACCGGGCCCTTCTGG	CCAGAAGGGCCCGGUUCGGGAGCCGCAGGG	0
NM_005026.5:755-784	NM_005026.5	NM_005026.5.fasta	755	784	+	30	CCTGCGGCTCCCGAACCGGGCCCTTCTGGT	ACCAGAAGGGCCCGGUUCGGGAGCCGCAGG	0
NM_005026.5:756-785	NM_005026.5	NM_005026.5.fasta	756	785	+	30	CTGCGGCTCCCGAACCGGGCCCTTCTGGTC	GACCAGAAGGGCCCGGUUCGGGAGCCGCAG	0
NM_005026.5:757-786	NM_005026.5	NM_005026.5.fasta	757	786	+	30	TGCGGCTCCCGAACCGGGCCCTTCTGGTCA	UGACCAGAAGGGCCCGGUUCGGGAGCCGCA	0
NM_005026.5:758-787	NM_005026.5	NM_005026.5.fasta	758	787	+	30	GCGGCTCCCGAACCGGGCCCTTCTGGTCAA	UUGACCAGAAGGGCCCGGUUCGGGAGCCGC	0
NM_005026.5:759-788	NM_005026.5	NM_005026.5.fasta	759	788	+	30	CGGCTCCCGAACCGGGCCCTTCTGGTCAAC	GUUGACCAGAAGGGCCCGGUUCGGGAGCCG	0
NM_005026.5:760-789	NM_005026.5	NM_005026.5.fasta	760	789	+	30	GGCTCCCGAACCGGGCCCTTCTGGTCAACG	CGUUGACCAGAAGGGCCCGGUUCGGGAGCC	0
NM_005026.5:761-790	NM_005026.5	NM_005026.5.fasta	761	790	+	30	GCTCCCGAACCGGGCCCTTCTGGTCAACGT	ACGUUGACCAGAAGGGCCCGGUUCGGGAGC	0
NM_005026.5:762-791	NM_005026.5	NM_005026.5.fasta	762	791	+	30	CTCCCGAACCGGGCCCTTCTGGTCAACGTT	AACGUUGACCAGAAGGGCCCGGUUCGGGAG	0
NM_005026.5:763-792	NM_005026.5	NM_005026.5.fasta	763	792	+	30	TCCCGAACCGGGCCCTTCTGGTCAACGTTA	UAACGUUGACCAGAAGGGCCCGGUUCGGGA	0
NM_005026.5:764-793	NM_005026.5	NM_005026.5.fasta	764	793	+	30	CCCGAACCGGGCCCTTCTGGTCAACGTTAA	UUAACGUUGACCAGAAGGGCCCGGUUCGGG	0
NM_005026.5:765-794	NM_005026.5	NM_005026.5.fasta	765	794	+	30	CCGAACCGGGCCCTTCTGGTCAACGTTAAG	CUUAACGUUGACCAGAAGGGCCCGGUUCGG	0
NM_005026.5:766-795	NM_005026.5	NM_005026.5.fasta	766	795	+	30	CGAACCGGGCCCTTCTGGTCAACGTTAAGT	ACUUAACGUUGACCAGAAGGGCCCGGUUCG	0
NM_005026.5:767-796	NM_005026.5	NM_005026.5.fasta	767	796	+	30	GAACCGGGCCCTTCTGGTCAACGTTAAGTT	AACUUAACGUUGACCAGAAGGGCCCGGUUC	0
NM_005026.5:768-797	NM_005026.5	NM_005026.5.fasta	768	797	+	30	AACCGGGCCCTTCTGGTCAACGTTAAGTTT	AAACUUAACGUUGACCAGAAGGGCCCGGUU	0
NM_005026.5:769-798	NM_005026.5	NM_005026.5.fasta	769	798	+	30	ACCGGGCCCTTCTGGTCAACGTTAAGTTTG	CAAACUUAACGUUGACCAGAAGGGCCCGGU	0
NM_005026.5:770-799	NM_005026.5	NM_005026.5.fasta	770	799	+	30	CCGGGCCCTTCTGGTCAACGTTAAGTTTGA	UCAAACUUAACGUUGACCAGAAGGGCCCGG	0
NM_005026.5:771-800	NM_005026.5	NM_005026.5.fasta	771	800	+	30	CGGGCCCTTCTGGTCAACGTTAAGTTTGAG	CUCAAACUUAACGUUGACCAGAAGGGCCCG	0
NM_005026.5:772-801	NM_005026.5	NM_005026.5.fasta	772	801	+	30	GGGCCCTTCTGGTCAACGTTAAGTTTGAGG	CCUCAAACUUAACGUUGACCAGAAGGGCCC	0
NM_005026.5:773-802	NM_005026.5	NM_005026.5.fasta	773	802	+	30	GGCCCTTCTGGTCAACGTTAAGTTTGAGGG	CCCUCAAACUUAACGUUGACCAGAAGGGCC	0
NM_005026.5:774-803	NM_005026.5	NM_005026.5.fasta	774	803	+	30	GCCCTTCTGGTCAACGTTAAGTTTGAGGGC	GCCCUCAAACUUAACGUUGACCAGAAGGGC	0
NM_005026.5:775-804	NM_005026.5	NM_005026.5.fasta	775	804	+	30	CCCTTCTGGTCAACGTTAAGTTTGAGGGCA	UGCCCUCAAACUUAACGUUGACCAGAAGGG	0
NM_005026.5:776-805	NM_005026.5	NM_005026.5.fasta	776	805	+	30	CCTTCTGGTCAACGTTAAGTTTGAGGGCAG	CUGCCCUCAAACUUAACGUUGACCAGAAGG	0
NM_005026.5:777-806	NM_005026.5	NM_005026.5.fasta	777	806	+	30	CTTCTGGTCAACGTTAAGTTTGAGGGCAGC	GCUGCCCUCAAACUUAACGUUGACCAGAAG	0
NM_005026.5:778-807	NM_005026.5	NM_005026.5.fasta	778	807	+	30	TTCTGGTCAACGTTAAGTTTGAGGGCAGCG	CGCUGCCCUCAAACUUAACGUUGACCAGAA	0
NM_005026.5:779-808	NM_005026.5	NM_005026.5.fasta	779	808	+	30	TCTGGTCAACGTTAAGTTTGAGGGCAGCGA	UCGCUGCCCUCAAACUUAACGUUGACCAGA	0
NM_005026.5:780-809	NM_005026.5	NM_005026.5.fasta	780	809	+	30	CTGGTCAACGTTAAGTTTGAGGGCAGCGAG	CUCGCUGCCCUCAAACUUAACGUUGACCAG	0
NM_005026.5:781-810	NM_005026.5	NM_005026.5.fasta	781	810	+	30	TGGTCAACGTTAAGTTTGAGGGCAGCGAGG	CCUCGCUGCCCUCAAACUUAACGUUGACCA	0
NM_005026.5:782-811	NM_005026.5	NM_005026.5.fasta	782	811	+	30	GGTCAACGTTAAGTTTGAGGGCAGCGAGGA	UCCUCGCUGCCCUCAAACUUAACGUUGACC	0
NM_005026.5:783-812	NM_005026.5	NM_005026.5.fasta	783	812	+	30	GTCAACGTTAAGTTTGAGGGCAGCGAGGAG	CUCCUCGCUGCCCUCAAACUUAACGUUGAC	0
NM_005026.5:784-813	NM_005026.5	NM_005026.5.fasta	784	813	+	30	TCAACGTTAAGTTTGAGGGCAGCGAGGAGA	UCUCCUCGCUGCCCUCAAACUUAACGUUGA	0
NM_005026.5:785-814	NM_005026.5	NM_005026.5.fasta	785	814	+	30	CAACGTTAAGTTTGAGGGCAGCGAGGAGAG	CUCUCCUCGCUGCCCUCAAACUUAACGUUG	0
NM_005026.5:786-815	NM_005026.5	NM_005026.5.fasta	786	815	+	30	AACGTTAAGTTTGAGGGCAGCGAGGAGAGC	GCUCUCCUCGCUGCCCUCAAACUUAACGUU	0
NM_005026.5:787-816	NM_005026.5	NM_005026.5.fasta	787	816	+	30	ACGTTAAGTTTGAGGGCAGCGAGGAGAGCT	AGCUCUCCUCGCUGCCCUCAAACUUAACGU	0
NM_005026.5:788-817	NM_005026.5	NM_005026.5.fasta	788	817	+	30	CGTTAAGTTTGAGGGCAGCGAGGAGAGCTT	AAGCUCUCCUCGCUGCCCUCAAACUUAACG	0
NM_005026.5:789-818	NM_005026.5	NM_005026.5.fasta	789	818	+	30	GTTAAGTTTGAGGGCAGCGAGGAGAGCTTC	GAAGCUCUCCUCGCUGCCCUCAAACUUAAC	0
NM_005026.5:790-819	NM_005026.5	NM_005026.5.fasta	790	819	+	30	TTAAGTTTGAGGGCAGCGAGGAGAGCTTCA	UGAAGCUCUCCUCGCUGCCCUCAAACUUAA	0
NM_005026.5:791-820	NM_005026.5	NM_005026.5.fasta	791	820	+	30	TAAGTTTGAGGGCAGCGAGGAGAGCTTCAC	GUGAAGCUCUCCUCGCUGCCCUCAAACUUA	0
NM_005026.5:792-821	NM_005026.5	NM_005026.5.fasta	792	821	+	30	AAGTTTGAGGGCAGCGAGGAGAGCTTCACC	GGUGAAGCUCUCCUCGCUGCCCUCAAACUU	0
NM_005026.5:793-822	NM_005026.5	NM_005026.5.fasta	793	822	+	30	AGTTTGAGGGCAGCGAGGAGAGCTTCACCT	AGGUGAAGCUCUCCUCGCUGCCCUCAAACU	0
NM_005026.5:794-823	NM_005026.5	NM_005026.5.fasta	794	823	+	30	GTTTGAGGGCAGCGAGGAGAGCTTCACCTT	AAGGUGAAGCUCUCCUCGCUGCCCUCAAAC	0
NM_005026.5:795-824	NM_005026.5	NM_005026.5.fasta	795	824	+	30	TTTGAGGGCAGCGAGGAGAGCTTCACCTTC	GAAGGUGAAGCUCUCCUCGCUGCCCUCAAA	0
NM_005026.5:796-825	NM_005026.5	NM_005026.5.fasta	796	825	+	30	TTGAGGGCAGCGAGGAGAGCTTCACCTTCC	GGAAGGUGAAGCUCUCCUCGCUGCCCUCAA	0
NM_005026.5:797-826	NM_005026.5	NM_005026.5.fasta	797	826	+	30	TGAGGGCAGCGAGGAGAGCTTCACCTTCCA	UGGAAGGUGAAGCUCUCCUCGCUGCCCUCA	0
NM_005026.5:798-827	NM_005026.5	NM_005026.5.fasta	798	827	+	30	GAGGGCAGCGAGGAGAGCTTCACCTTCCAG	CUGGAAGGUGAAGCUCUCCUCGCUGCCCUC	0
NM_005026.5:799-828	NM_005026.5	NM_005026.5.fasta	799	828	+	30	AGGGCAGCGAGGAGAGCTTCACCTTCCAGG	CCUGGAAGGUGAAGCUCUCCUCGCUGCCCU	0
NM_005026.5:800-829	NM_005026.5	NM_005026.5.fasta	800	829	+	30	GGGCAGCGAGGAGAGCTTCACCTTCCAGGT	ACCUGGAAGGUGAAGCUCUCCUCGCUGCCC	0
NM_005026.5:801-830	NM_005026.5	NM_005026.5.fasta	801	830	+	30	GGCAGCGAGGAGAGCTTCACCTTCCAGGTG	CACCUGGAAGGUGAAGCUCUCCUCGCUGCC	0
NM_005026.5:802-831	NM_005026.5	NM_005026.5.fasta	802	831	+	30	GCAGCGAGGAGAGCTTCACCTTCCAGGTGT	ACACCUGGAAGGUGAAGCUCUCCUCGCUGC	0
NM_005026.5:803-832	NM_005026.5	NM_005026.5.fasta	803	832	+	30	CAGCGAGGAGAGCTTCACCTTCCAGGTGTC	GACACCUGGAAGGUGAAGCUCUCCUCGCUG	0
NM_005026.5:804-833	NM_005026.5	NM_005026.5.fasta	804	833	+	30	AGCGAGGAGAGCTTCACCTTCCAGGTGTCC	GGACACCUGGAAGGUGAAGCUCUCCUCGCU	0
NM_005026.5:805-834	NM_005026.5	NM_005026.5.fasta	805	834	+	30	GCGAGGAGAGCTTCACCTTCCAGGTGTCCA	UGGACACCUGGAAGGUGAAGCUCUCCUCGC	0
NM_005026.5:806-835	NM_005026.5	NM_005026.5.fasta	806	835	+	30	CGAGGAGAGCTTCACCTTCCAGGTGTCCAC	GUGGACACCUGGAAGGUGAAGCUCUCCUCG	0
NM_005026.5:807-836	NM_005026.5	NM_005026.5.fasta	807	836	+	30	GAGGAGAGCTTCACCTTCCAGGTGTCCACC	GGUGGACACCUGGAAGGUGAAGCUCUCCUC	0
NM_005026.5:808-837	NM_005026.5	NM_005026.5.fasta	808	837	+	30	AGGAGAGCTTCACCTTCCAGGTGTCCACCA	UGGUGGACACCUGGAAGGUGAAGCUCUCCU	0
NM_005026.5:809-838	NM_005026.5	NM_005026.5.fasta	809	838	+	30	GGAGAGCTTCACCTTCCAGGTGTCCACCAA	UUGGUGGACACCUGGAAGGUGAAGCUCUCC	0
NM_005026.5:810-839	NM_005026.5	NM_005026.5.fasta	810	839	+	30	GAGAGCTTCACCTTCCAGGTGTCCACCAAG	CUUGGUGGACACCUGGAAGGUGAAGCUCUC	0
NM_005026.5:811-840	NM_005026.5	NM_005026.5.fasta	811	840	+	30	AGAGCTTCACCTTCCAGGTGTCCACCAAGG	CCUUGGUGGACACCUGGAAGGUGAAGCUCU	0
NM_005026.5:812-841	NM_005026.5	NM_005026.5.fasta	812	841	+	30	GAGCTTCACCTTCCAGGTGTCCACCAAGGA	UCCUUGGUGGACACCUGGAAGGUGAAGCUC	0
NM_005026.5:813-842	NM_005026.5	NM_005026.5.fasta	813	842	+	30	AGCTTCACCTTCCAGGTGTCCACCAAGGAC	GUCCUUGGUGGACACCUGGAAGGUGAAGCU	0
NM_005026.5:814-843	NM_005026.5	NM_005026.5.fasta	814	843	+	30	GCTTCACCTTCCAGGTGTCCACCAAGGACG	CGUCCUUGGUGGACACCUGGAAGGUGAAGC	0
NM_005026.5:815-844	NM_005026.5	NM_005026.5.fasta	815	844	+	30	CTTCACCTTCCAGGTGTCCACCAAGGACGT	ACGUCCUUGGUGGACACCUGGAAGGUGAAG	0
NM_005026.5:816-845	NM_005026.5	NM_005026.5.fasta	816	845	+	30	TTCACCTTCCAGGTGTCCACCAAGGACGTG	CACGUCCUUGGUGGACACCUGGAAGGUGAA	0
NM_005026.5:817-846	NM_005026.5	NM_005026.5.fasta	817	846	+	30	TCACCTTCCAGGTGTCCACCAAGGACGTGC	GCACGUCCUUGGUGGACACCUGGAAGGUGA	0
NM_005026.5:818-847	NM_005026.5	NM_005026.5.fasta	818	847	+	30	CACCTTCCAGGTGTCCACCAAGGACGTGCC	GGCACGUCCUUGGUGGACACCUGGAAGGUG	0
NM_005026.5:819-848	NM_005026.5	NM_005026.5.fasta	819	848	+	30	ACCTTCCAGGTGTCCACCAAGGACGTGCCG	CGGCACGUCCUUGGUGGACACCUGGAAGGU	0
NM_005026.5:820-849	NM_005026.5	NM_005026.5.fasta	820	849	+	30	CCTTCCAGGTGTCCACCAAGGACGTGCCGC	GCGGCACGUCCUUGGUGGACACCUGGAAGG	0
NM_005026.5:821-850	NM_005026.5	NM_005026.5.fasta	821	850	+	30	CTTCCAGGTGTCCACCAAGGACGTGCCGCT	AGCGGCACGUCCUUGGUGGACACCUGGAAG	0
NM_005026.5:822-851	NM_005026.5	NM_005026.5.fasta	822	851	+	30	TTCCAGGTGTCCACCAAGGACGTGCCGCTG	CAGCGGCACGUCCUUGGUGGACACCUGGAA	0
NM_005026.5:823-852	NM_005026.5	NM_005026.5.fasta	823	852	+	30	TCCAGGTGTCCACCAAGGACGTGCCGCTGG	CCAGCGGCACGUCCUUGGUGGACACCUGGA	0
NM_005026.5:824-853	NM_005026.5	NM_005026.5.fasta	824	853	+	30	CCAGGTGTCCACCAAGGACGTGCCGCTGGC	GCCAGCGGCACGUCCUUGGUGGACACCUGG	0
NM_005026.5:825-854	NM_005026.5	NM_005026.5.fasta	825	854	+	30	CAGGTGTCCACCAAGGACGTGCCGCTGGCG	CGCCAGCGGCACGUCCUUGGUGGACACCUG	0
NM_005026.5:826-855	NM_005026.5	NM_005026.5.fasta	826	855	+	30	AGGTGTCCACCAAGGACGTGCCGCTGGCGC	GCGCCAGCGGCACGUCCUUGGUGGACACCU	0
NM_005026.5:827-856	NM_005026.5	NM_005026.5.fasta	827	856	+	30	GGTGTCCACCAAGGACGTGCCGCTGGCGCT	AGCGCCAGCGGCACGUCCUUGGUGGACACC	0
NM_005026.5:828-857	NM_005026.5	NM_005026.5.fasta	828	857	+	30	GTGTCCACCAAGGACGTGCCGCTGGCGCTG	CAGCGCCAGCGGCACGUCCUUGGUGGACAC	0
NM_005026.5:829-858	NM_005026.5	NM_005026.5.fasta	829	858	+	30	TGTCCACCAAGGACGTGCCGCTGGCGCTGA	UCAGCGCCAGCGGCACGUCCUUGGUGGACA	0
NM_005026.5:830-859	NM_005026.5	NM_005026.5.fasta	830	859	+	30	GTCCACCAAGGACGTGCCGCTGGCGCTGAT	AUCAGCGCCAGCGGCACGUCCUUGGUGGAC	0
NM_005026.5:831-860	NM_005026.5	NM_005026.5.fasta	831	860	+	30	TCCACCAAGGACGTGCCGCTGGCGCTGATG	CAUCAGCGCCAGCGGCACGUCCUUGGUGGA	0
NM_005026.5:832-861	NM_005026.5	NM_005026.5.fasta	832	861	+	30	CCACCAAGGACGTGCCGCTGGCGCTGATGG	CCAUCAGCGCCAGCGGCACGUCCUUGGUGG	0
NM_005026.5:833-862	NM_005026.5	NM_005026.5.fasta	833	862	+	30	CACCAAGGACGTGCCGCTGGCGCTGATGGC	GCCAUCAGCGCCAGCGGCACGUCCUUGGUG	0
NM_005026.5:834-863	NM_005026.5	NM_005026.5.fasta	834	863	+	30	ACCAAGGACGTGCCGCTGGCGCTGATGGCC	GGCCAUCAGCGCCAGCGGCACGUCCUUGGU	0
NM_005026.5:835-864	NM_005026.5	NM_005026.5.fasta	835	864	+	30	CCAAGGACGTGCCGCTGGCGCTGATGGCCT	AGGCCAUCAGCGCCAGCGGCACGUCCUUGG	0
NM_005026.5:836-865	NM_005026.5	NM_005026.5.fasta	836	865	+	30	CAAGGACGTGCCGCTGGCGCTGATGGCCTG	CAGGCCAUCAGCGCCAGCGGCACGUCCUUG	0
NM_005026.5:837-866	NM_005026.5	NM_005026.5.fasta	837	866	+	30	AAGGACGTGCCGCTGGCGCTGATGGCCTGT	ACAGGCCAUCAGCGCCAGCGGCACGUCCUU	0
NM_005026.5:838-867	NM_005026.5	NM_005026.5.fasta	838	867	+	30	AGGACGTGCCGCTGGCGCTGATGGCCTGTG	CACAGGCCAUCAGCGCCAGCGGCACGUCCU	0
NM_005026.5:839-868	NM_005026.5	NM_005026.5.fasta	839	868	+	30	GGACGTGCCGCTGGCGCTGATGGCCTGTGC	GCACAGGCCAUCAGCGCCAGCGGCACGUCC	0
NM_005026.5:840-869	NM_005026.5	NM_005026.5.fasta	840	869	+	30	GACGTGCCGCTGGCGCTGATGGCCTGTGCC	GGCACAGGCCAUCAGCGCCAGCGGCACGUC	0
NM_005026.5:841-870	NM_005026.5	NM_005026.5.fasta	841	870	+	30	ACGTGCCGCTGGCGCTGATGGCCTGTGCCC	GGGCACAGGCCAUCAGCGCCAGCGGCACGU	0
NM_005026.5:842-871	NM_005026.5	NM_005026.5.fasta	842	871	+	30	CGTGCCGCTGGCGCTGATGGCCTGTGCCCT	AGGGCACAGGCCAUCAGCGCCAGCGGCACG	0
NM_005026.5:843-872	NM_005026.5	NM_005026.5.fasta	843	872	+	30	GTGCCGCTGGCGCTGATGGCCTGTGCCCTG	CAGGGCACAGGCCAUCAGCGCCAGCGGCAC	0
NM_005026.5:844-873	NM_005026.5	NM_005026.5.fasta	844	873	+	30	TGCCGCTGGCGCTGATGGCCTGTGCCCTGC	GCAGGGCACAGGCCAUCAGCGCCAGCGGCA	0
NM_005026.5:845-874	NM_005026.5	NM_005026.5.fasta	845	874	+	30	GCCGCTGGCGCTGATGGCCTGTGCCCTGCG	CGCAGGGCACAGGCCAUCAGCGCCAGCGGC	0
NM_005026.5:846-875	NM_005026.5	NM_005026.5.fasta	846	875	+	30	CCGCTGGCGCTGATGGCCTGTGCCCTGCGG	CCGCAGGGCACAGGCCAUCAGCGCCAGCGG	0
NM_005026.5:847-876	NM_005026.5	NM_005026.5.fasta	847	876	+	30	CGCTGGCGCTGATGGCCTGTGCCCTGCGGA	UCCGCAGGGCACAGGCCAUCAGCGCCAGCG	0
NM_005026.5:848-877	NM_005026.5	NM_005026.5.fasta	848	877	+	30	GCTGGCGCTGATGGCCTGTGCCCTGCGGAA	UUCCGCAGGGCACAGGCCAUCAGCGCCAGC	0
NM_005026.5:849-878	NM_005026.5	NM_005026.5.fasta	849	878	+	30	CTGGCGCTGATGGCCTGTGCCCTGCGGAAG	CUUCCGCAGGGCACAGGCCAUCAGCGCCAG	0
NM_005026.5:850-879	NM_005026.5	NM_005026.5.fasta	850	879	+	30	TGGCGCTGATGGCCTGTGCCCTGCGGAAGA	UCUUCCGCAGGGCACAGGCCAUCAGCGCCA	0
NM_005026.5:851-880	NM_005026.5	NM_005026.5.fasta	851	880	+	30	GGCGCTGATGGCCTGTGCCCTGCGGAAGAA	UUCUUCCGCAGGGCACAGGCCAUCAGCGCC	0
NM_005026.5:852-881	NM_005026.5	NM_005026.5.fasta	852	881	+	30	GCGCTGATGGCCTGTGCCCTGCGGAAGAAG	CUUCUUCCGCAGGGCACAGGCCAUCAGCGC	0
NM_005026.5:853-882	NM_005026.5	NM_005026.5.fasta	853	882	+	30	CGCTGATGGCCTGTGCCCTGCGGAAGAAGG	CCUUCUUCCGCAGGGCACAGGCCAUCAGCG	0
NM_005026.5:854-883	NM_005026.5	NM_005026.5.fasta	854	883	+	30	GCTGATGGCCTGTGCCCTGCGGAAGAAGGC	GCCUUCUUCCGCAGGGCACAGGCCAUCAGC	0
NM_005026.5:855-884	NM_005026.5	NM_005026.5.fasta	855	884	+	30	CTGATGGCCTGTGCCCTGCGGAAGAAGGCC	GGCCUUCUUCCGCAGGGCACAGGCCAUCAG	0
NM_005026.5:856-885	NM_005026.5	NM_005026.5.fasta	856	885	+	30	TGATGGCCTGTGCCCTGCGGAAGAAGGCCA	UGGCCUUCUUCCGCAGGGCACAGGCCAUCA	0
NM_005026.5:857-886	NM_005026.5	NM_005026.5.fasta	857	886	+	30	GATGGCCTGTGCCCTGCGGAAGAAGGCCAC	GUGGCCUUCUUCCGCAGGGCACAGGCCAUC	0
NM_005026.5:858-887	NM_005026.5	NM_005026.5.fasta	858	887	+	30	ATGGCCTGTGCCCTGCGGAAGAAGGCCACA	UGUGGCCUUCUUCCGCAGGGCACAGGCCAU	0
NM_005026.5:859-888	NM_005026.5	NM_005026.5.fasta	859	888	+	30	TGGCCTGTGCCCTGCGGAAGAAGGCCACAG	CUGUGGCCUUCUUCCGCAGGGCACAGGCCA	0
NM_005026.5:860-889	NM_005026.5	NM_005026.5.fasta	860	889	+	30	GGCCTGTGCCCTGCGGAAGAAGGCCACAGT	ACUGUGGCCUUCUUCCGCAGGGCACAGGCC	0
NM_005026.5:861-890	NM_005026.5	NM_005026.5.fasta	861	890	+	30	GCCTGTGCCCTGCGGAAGAAGGCCACAGTG	CACUGUGGCCUUCUUCCGCAGGGCACAGGC	0
NM_005026.5:862-891	NM_005026.5	NM_005026.5.fasta	862	891	+	30	CCTGTGCCCTGCGGAAGAAGGCCACAGTGT	ACACUGUGGCCUUCUUCCGCAGGGCACAGG	0
NM_005026.5:863-892	NM_005026.5	NM_005026.5.fasta	863	892	+	30	CTGTGCCCTGCGGAAGAAGGCCACAGTGTT	AACACUGUGGCCUUCUUCCGCAGGGCACAG	0
NM_005026.5:864-893	NM_005026.5	NM_005026.5.fasta	864	893	+	30	TGTGCCCTGCGGAAGAAGGCCACAGTGTTC	GAACACUGUGGCCUUCUUCCGCAGGGCACA	0
NM_005026.5:865-894	NM_005026.5	NM_005026.5.fasta	865	894	+	30	GTGCCCTGCGGAAGAAGGCCACAGTGTTCC	GGAACACUGUGGCCUUCUUCCGCAGGGCAC	0
NM_005026.5:866-895	NM_005026.5	NM_005026.5.fasta	866	895	+	30	TGCCCTGCGGAAGAAGGCCACAGTGTTCCG	CGGAACACUGUGGCCUUCUUCCGCAGGGCA	0
NM_005026.5:867-896	NM_005026.5	NM_005026.5.fasta	867	896	+	30	GCCCTGCGGAAGAAGGCCACAGTGTTCCGG	CCGGAACACUGUGGCCUUCUUCCGCAGGGC	0
NM_005026.5:868-897	NM_005026.5	NM_005026.5.fasta	868	897	+	30	CCCTGCGGAAGAAGGCCACAGTGTTCCGGC	GCCGGAACACUGUGGCCUUCUUCCGCAGGG	0
NM_005026.5:869-898	NM_005026.5	NM_005026.5.fasta	869	898	+	30	CCTGCGGAAGAAGGCCACAGTGTTCCGGCA	UGCCGGAACACUGUGGCCUUCUUCCGCAGG	0
NM_005026.5:870-899	NM_005026.5	NM_005026.5.fasta	870	899	+	30	CTGCGGAAGAAGGCCACAGTGTTCCGGCAG	CUGCCGGAACACUGUGGCCUUCUUCCGCAG	0
NM_005026.5:871-900	NM_005026.5	NM_005026.5.fasta	871	900	+	30	TGCGGAAGAAGGCCACAGTGTTCCGGCAGC	GCUGCCGGAACACUGUGGCCUUCUUCCGCA	0
NM_005026.5:872-901	NM_005026.5	NM_005026.5.fasta	872	901	+	30	GCGGAAGAAGGCCACAGTGTTCCGGCAGCC	GGCUGCCGGAACACUGUGGCCUUCUUCCGC	0
NM_005026.5:873-902	NM_005026.5	NM_005026.5.fasta	873	902	+	30	CGGAAGAAGGCCACAGTGTTCCGGCAGCCG	CGGCUGCCGGAACACUGUGGCCUUCUUCCG	0
NM_005026.5:874-903	NM_005026.5	NM_005026.5.fasta	874	903	+	30	GGAAGAAGGCCACAGTGTTCCGGCAGCCGC	GCGGCUGCCGGAACACUGUGGCCUUCUUCC	0
NM_005026.5:875-904	NM_005026.5	NM_005026.5.fasta	875	904	+	30	GAAGAAGGCCACAGTGTTCCGGCAGCCGCT	AGCGGCUGCCGGAACACUGUGGCCUUCUUC	0
NM_005026.5:876-905	NM_005026.5	NM_005026.5.fasta	876	905	+	30	AAGAAGGCCACAGTGTTCCGGCAGCCGCTG	CAGCGGCUGCCGGAACACUGUGGCCUUCUU	0
NM_005026.5:877-906	NM_005026.5	NM_005026.5.fasta	877	906	+	30	AGAAGGCCACAGTGTTCCGGCAGCCGCTGG	CCAGCGGCUGCCGGAACACUGUGGCCUUCU	0
NM_005026.5:878-907	NM_005026.5	NM_005026.5.fasta	878	907	+	30	GAAGGCCACAGTGTTCCGGCAGCCGCTGGT	ACCAGCGGCUGCCGGAACACUGUGGCCUUC	0
NM_005026.5:879-908	NM_005026.5	NM_005026.5.fasta	879	908	+	30	AAGGCCACAGTGTTCCGGCAGCCGCTGGTG	CACCAGCGGCUGCCGGAACACUGUGGCCUU	0
NM_005026.5:880-909	NM_005026.5	NM_005026.5.fasta	880	909	+	30	AGGCCACAGTGTTCCGGCAGCCGCTGGTGG	CCACCAGCGGCUGCCGGAACACUGUGGCCU	0
NM_005026.5:881-910	NM_005026.5	NM_005026.5.fasta	881	910	+	30	GGCCACAGTGTTCCGGCAGCCGCTGGTGGA	UCCACCAGCGGCUGCCGGAACACUGUGGCC	0
NM_005026.5:882-911	NM_005026.5	NM_005026.5.fasta	882	911	+	30	GCCACAGTGTTCCGGCAGCCGCTGGTGGAG	CUCCACCAGCGGCUGCCGGAACACUGUGGC	0
NM_005026.5:883-912	NM_005026.5	NM_005026.5.fasta	883	912	+	30	CCACAGTGTTCCGGCAGCCGCTGGTGGAGC	GCUCCACCAGCGGCUGCCGGAACACUGUGG	0
NM_005026.5:884-913	NM_005026.5	NM_005026.5.fasta	884	913	+	30	CACAGTGTTCCGGCAGCCGCTGGTGGAGCA	UGCUCCACCAGCGGCUGCCGGAACACUGUG	0
NM_005026.5:885-914	NM_005026.5	NM_005026.5.fasta	885	914	+	30	ACAGTGTTCCGGCAGCCGCTGGTGGAGCAG	CUGCUCCACCAGCGGCUGCCGGAACACUGU	0
NM_005026.5:886-915	NM_005026.5	NM_005026.5.fasta	886	915	+	30	CAGTGTTCCGGCAGCCGCTGGTGGAGCAGC	GCUGCUCCACCAGCGGCUGCCGGAACACUG	0
NM_005026.5:887-916	NM_005026.5	NM_005026.5.fasta	887	916	+	30	AGTGTTCCGGCAGCCGCTGGTGGAGCAGCC	GGCUGCUCCACCAGCGGCUGCCGGAACACU	0
NM_005026.5:888-917	NM_005026.5	NM_005026.5.fasta	888	917	+	30	GTGTTCCGGCAGCCGCTGGTGGAGCAGCCG	CGGCUGCUCCACCAGCGGCUGCCGGAACAC	0
NM_005026.5:889-918	NM_005026.5	NM_005026.5.fasta	889	918	+	30	TGTTCCGGCAGCCGCTGGTGGAGCAGCCGG	CCGGCUGCUCCACCAGCGGCUGCCGGAACA	0
NM_005026.5:890-919	NM_005026.5	NM_005026.5.fasta	890	919	+	30	GTTCCGGCAGCCGCTGGTGGAGCAGCCGGA	UCCGGCUGCUCCACCAGCGGCUGCCGGAAC	0
NM_005026.5:891-920	NM_005026.5	NM_005026.5.fasta	891	920	+	30	TTCCGGCAGCCGCTGGTGGAGCAGCCGGAA	UUCCGGCUGCUCCACCAGCGGCUGCCGGAA	0
NM_005026.5:892-921	NM_005026.5	NM_005026.5.fasta	892	921	+	30	TCCGGCAGCCGCTGGTGGAGCAGCCGGAAG	CUUCCGGCUGCUCCACCAGCGGCUGCCGGA	0
NM_005026.5:893-922	NM_005026.5	NM_005026.5.fasta	893	922	+	30	CCGGCAGCCGCTGGTGGAGCAGCCGGAAGA	UCUUCCGGCUGCUCCACCAGCGGCUGCCGG	0
NM_005026.5:894-923	NM_005026.5	NM_005026.5.fasta	894	923	+	30	CGGCAGCCGCTGGTGGAGCAGCCGGAAGAC	GUCUUCCGGCUGCUCCACCAGCGGCUGCCG	0
NM_005026.5:895-924	NM_005026.5	NM_005026.5.fasta	895	924	+	30	GGCAGCCGCTGGTGGAGCAGCCGGAAGACT	AGUCUUCCGGCUGCUCCACCAGCGGCUGCC	0
NM_005026.5:896-925	NM_005026.5	NM_005026.5.fasta	896	925	+	30	GCAGCCGCTGGTGGAGCAGCCGGAAGACTA	UAGUCUUCCGGCUGCUCCACCAGCGGCUGC	0
NM_005026.5:897-926	NM_005026.5	NM_005026.5.fasta	897	926	+	30	CAGCCGCTGGTGGAGCAGCCGGAAGACTAC	GUAGUCUUCCGGCUGCUCCACCAGCGGCUG	0
NM_005026.5:898-927	NM_005026.5	NM_005026.5.fasta	898	927	+	30	AGCCGCTGGTGGAGCAGCCGGAAGACTACA	UGUAGUCUUCCGGCUGCUCCACCAGCGGCU	0
NM_005026.5:899-928	NM_005026.5	NM_005026.5.fasta	899	928	+	30	GCCGCTGGTGGAGCAGCCGGAAGACTACAC	GUGUAGUCUUCCGGCUGCUCCACCAGCGGC	0
NM_005026.5:900-929	NM_005026.5	NM_005026.5.fasta	900	929	+	30	CCGCTGGTGGAGCAGCCGGAAGACTACACG	CGUGUAGUCUUCCGGCUGCUCCACCAGCGG	0
NM_005026.5:901-930	NM_005026.5	NM_005026.5.fasta	901	930	+	30	CGCTGGTGGAGCAGCCGGAAGACTACACGC	GCGUGUAGUCUUCCGGCUGCUCCACCAGCG	0
NM_005026.5:902-931	NM_005026.5	NM_005026.5.fasta	902	931	+	30	GCTGGTGGAGCAGCCGGAAGACTACACGCT	AGCGUGUAGUCUUCCGGCUGCUCCACCAGC	0
NM_005026.5:903-932	NM_005026.5	NM_005026.5.fasta	903	932	+	30	CTGGTGGAGCAGCCGGAAGACTACACGCTG	CAGCGUGUAGUCUUCCGGCUGCUCCACCAG	0
NM_005026.5:904-933	NM_005026.5	NM_005026.5.fasta	904	933	+	30	TGGTGGAGCAGCCGGAAGACTACACGCTGC	GCAGCGUGUAGUCUUCCGGCUGCUCCACCA	0
NM_005026.5:905-934	NM_005026.5	NM_005026.5.fasta	905	934	+	30	GGTGGAGCAGCCGGAAGACTACACGCTGCA	UGCAGCGUGUAGUCUUCCGGCUGCUCCACC	0
NM_005026.5:906-935	NM_005026.5	NM_005026.5.fasta	906	935	+	30	GTGGAGCAGCCGGAAGACTACACGCTGCAG	CUGCAGCGUGUAGUCUUCCGGCUGCUCCAC	0
NM_005026.5:907-936	NM_005026.5	NM_005026.5.fasta	907	936	+	30	TGGAGCAGCCGGAAGACTACACGCTGCAGG	CCUGCAGCGUGUAGUCUUCCGGCUGCUCCA	0
NM_005026.5:908-937	NM_005026.5	NM_005026.5.fasta	908	937	+	30	GGAGCAGCCGGAAGACTACACGCTGCAGGT	ACCUGCAGCGUGUAGUCUUCCGGCUGCUCC	0
NM_005026.5:909-938	NM_005026.5	NM_005026.5.fasta	909	938	+	30	GAGCAGCCGGAAGACTACACGCTGCAGGTG	CACCUGCAGCGUGUAGUCUUCCGGCUGCUC	0
NM_005026.5:910-939	NM_005026.5	NM_005026.5.fasta	910	939	+	30	AGCAGCCGGAAGACTACACGCTGCAGGTGA	UCACCUGCAGCGUGUAGUCUUCCGGCUGCU	0
NM_005026.5:911-940	NM_005026.5	NM_005026.5.fasta	911	940	+	30	GCAGCCGGAAGACTACACGCTGCAGGTGAA	UUCACCUGCAGCGUGUAGUCUUCCGGCUGC	0
NM_005026.5:912-941	NM_005026.5	NM_005026.5.fasta	912	941	+	30	CAGCCGGAAGACTACACGCTGCAGGTGAAC	GUUCACCUGCAGCGUGUAGUCUUCCGGCUG	0
NM_005026.5:913-942	NM_005026.5	NM_005026.5.fasta	913	942	+	30	AGCCGGAAGACTACACGCTGCAGGTGAACG	CGUUCACCUGCAGCGUGUAGUCUUCCGGCU	0
NM_005026.5:914-943	NM_005026.5	NM_005026.5.fasta	914	943	+	30	GCCGGAAGACTACACGCTGCAGGTGAACGG	CCGUUCACCUGCAGCGUGUAGUCUUCCGGC	0
NM_005026.5:915-944	NM_005026.5	NM_005026.5.fasta	915	944	+	30	CCGGAAGACTACACGCTGCAGGTGAACGGC	GCCGUUCACCUGCAGCGUGUAGUCUUCCGG	0
NM_005026.5:916-945	NM_005026.5	NM_005026.5.fasta	916	945	+	30	CGGAAGACTACACGCTGCAGGTGAACGGCA	UGCCGUUCACCUGCAGCGUGUAGUCUUCCG	0
NM_005026.5:917-946	NM_005026.5	NM_005026.5.fasta	917	946	+	30	GGAAGACTACACGCTGCAGGTGAACGGCAG	CUGCCGUUCACCUGCAGCGUGUAGUCUUCC	0
NM_005026.5:918-947	NM_005026.5	NM_005026.5.fasta	918	947	+	30	GAAGACTACACGCTGCAGGTGAACGGCAGG	CCUGCCGUUCACCUGCAGCGUGUAGUCUUC	0
NM_005026.5:919-948	NM_005026.5	NM_005026.5.fasta	919	948	+	30	AAGACTACACGCTGCAGGTGAACGGCAGGC	GCCUGCCGUUCACCUGCAGCGUGUAGUCUU	0
NM_005026.5:920-949	NM_005026.5	NM_005026.5.fasta	920	949	+	30	AGACTACACGCTGCAGGTGAACGGCAGGCA	UGCCUGCCGUUCACCUGCAGCGUGUAGUCU	0
NM_005026.5:921-950	NM_005026.5	NM_005026.5.fasta	921	950	+	30	GACTACACGCTGCAGGTGAACGGCAGGCAT	AUGCCUGCCGUUCACCUGCAGCGUGUAGUC	0
NM_005026.5:922-951	NM_005026.5	NM_005026.5.fasta	922	951	+	30	ACTACACGCTGCAGGTGAACGGCAGGCATG	CAUGCCUGCCGUUCACCUGCAGCGUGUAGU	0
NM_005026.5:923-952	NM_005026.5	NM_005026.5.fasta	923	952	+	30	CTACACGCTGCAGGTGAACGGCAGGCATGA	UCAUGCCUGCCGUUCACCUGCAGCGUGUAG	0
NM_005026.5:924-953	NM_005026.5	NM_005026.5.fasta	924	953	+	30	TACACGCTGCAGGTGAACGGCAGGCATGAG	CUCAUGCCUGCCGUUCACCUGCAGCGUGUA	0
NM_005026.5:925-954	NM_005026.5	NM_005026.5.fasta	925	954	+	30	ACACGCTGCAGGTGAACGGCAGGCATGAGT	ACUCAUGCCUGCCGUUCACCUGCAGCGUGU	0
NM_005026.5:926-955	NM_005026.5	NM_005026.5.fasta	926	955	+	30	CACGCTGCAGGTGAACGGCAGGCATGAGTA	UACUCAUGCCUGCCGUUCACCUGCAGCGUG	0
NM_005026.5:927-956	NM_005026.5	NM_005026.5.fasta	927	956	+	30	ACGCTGCAGGTGAACGGCAGGCATGAGTAC	GUACUCAUGCCUGCCGUUCACCUGCAGCGU	0
NM_005026.5:928-957	NM_005026.5	NM_005026.5.fasta	928	957	+	30	CGCTGCAGGTGAACGGCAGGCATGAGTACC	GGUACUCAUGCCUGCCGUUCACCUGCAGCG	0
NM_005026.5:929-958	NM_005026.5	NM_005026.5.fasta	929	958	+	30	GCTGCAGGTGAACGGCAGGCATGAGTACCT	AGGUACUCAUGCCUGCCGUUCACCUGCAGC	0
NM_005026.5:930-959	NM_005026.5	NM_005026.5.fasta	930	959	+	30	CTGCAGGTGAACGGCAGGCATGAGTACCTG	CAGGUACUCAUGCCUGCCGUUCACCUGCAG	0
NM_005026.5:931-960	NM_005026.5	NM_005026.5.fasta	931	960	+	30	TGCAGGTGAACGGCAGGCATGAGTACCTGT	ACAGGUACUCAUGCCUGCCGUUCACCUGCA	0
NM_005026.5:932-961	NM_005026.5	NM_005026.5.fasta	932	961	+	30	GCAGGTGAACGGCAGGCATGAGTACCTGTA	UACAGGUACUCAUGCCUGCCGUUCACCUGC	0
NM_005026.5:933-962	NM_005026.5	NM_005026.5.fasta	933	962	+	30	CAGGTGAACGGCAGGCATGAGTACCTGTAT	AUACAGGUACUCAUGCCUGCCGUUCACCUG	0
NM_005026.5:934-963	NM_005026.5	NM_005026.5.fasta	934	963	+	30	AGGTGAACGGCAGGCATGAGTACCTGTATG	CAUACAGGUACUCAUGCCUGCCGUUCACCU	0
NM_005026.5:935-964	NM_005026.5	NM_005026.5.fasta	935	964	+	30	GGTGAACGGCAGGCATGAGTACCTGTATGG	CCAUACAGGUACUCAUGCCUGCCGUUCACC	0
NM_005026.5:936-965	NM_005026.5	NM_005026.5.fasta	936	965	+	30	GTGAACGGCAGGCATGAGTACCTGTATGGC	GCCAUACAGGUACUCAUGCCUGCCGUUCAC	0
NM_005026.5:937-966	NM_005026.5	NM_005026.5.fasta	937	966	+	30	TGAACGGCAGGCATGAGTACCTGTATGGCA	UGCCAUACAGGUACUCAUGCCUGCCGUUCA	0
NM_005026.5:938-967	NM_005026.5	NM_005026.5.fasta	938	967	+	30	GAACGGCAGGCATGAGTACCTGTATGGCAG	CUGCCAUACAGGUACUCAUGCCUGCCGUUC	0
NM_005026.5:939-968	NM_005026.5	NM_005026.5.fasta	939	968	+	30	AACGGCAGGCATGAGTACCTGTATGGCAGC	GCUGCCAUACAGGUACUCAUGCCUGCCGUU	0
NM_005026.5:940-969	NM_005026.5	NM_005026.5.fasta	940	969	+	30	ACGGCAGGCATGAGTACCTGTATGGCAGCT	AGCUGCCAUACAGGUACUCAUGCCUGCCGU	0
NM_005026.5:941-970	NM_005026.5	NM_005026.5.fasta	941	970	+	30	CGGCAGGCATGAGTACCTGTATGGCAGCTA	UAGCUGCCAUACAGGUACUCAUGCCUGCCG	0
NM_005026.5:942-971	NM_005026.5	NM_005026.5.fasta	942	971	+	30	GGCAGGCATGAGTACCTGTATGGCAGCTAC	GUAGCUGCCAUACAGGUACUCAUGCCUGCC	0
NM_005026.5:943-972	NM_005026.5	NM_005026.5.fasta	943	972	+	30	GCAGGCATGAGTACCTGTATGGCAGCTACC	GGUAGCUGCCAUACAGGUACUCAUGCCUGC	0
NM_005026.5:944-973	NM_005026.5	NM_005026.5.fasta	944	973	+	30	CAGGCATGAGTACCTGTATGGCAGCTACCC	GGGUAGCUGCCAUACAGGUACUCAUGCCUG	0
NM_005026.5:945-974	NM_005026.5	NM_005026.5.fasta	945	974	+	30	AGGCATGAGTACCTGTATGGCAGCTACCCG	CGGGUAGCUGCCAUACAGGUACUCAUGCCU	0
NM_005026.5:946-975	NM_005026.5	NM_005026.5.fasta	946	975	+	30	GGCATGAGTACCTGTATGGCAGCTACCCGC	GCGGGUAGCUGCCAUACAGGUACUCAUGCC	0
NM_005026.5:947-976	NM_005026.5	NM_005026.5.fasta	947	976	+	30	GCATGAGTACCTGTATGGCAGCTACCCGCT	AGCGGGUAGCUGCCAUACAGGUACUCAUGC	0
NM_005026.5:948-977	NM_005026.5	NM_005026.5.fasta	948	977	+	30	CATGAGTACCTGTATGGCAGCTACCCGCTC	GAGCGGGUAGCUGCCAUACAGGUACUCAUG	0
NM_005026.5:949-978	NM_005026.5	NM_005026.5.fasta	949	978	+	30	ATGAGTACCTGTATGGCAGCTACCCGCTCT	AGAGCGGGUAGCUGCCAUACAGGUACUCAU	0
NM_005026.5:950-979	NM_005026.5	NM_005026.5.fasta	950	979	+	30	TGAGTACCTGTATGGCAGCTACCCGCTCTG	CAGAGCGGGUAGCUGCCAUACAGGUACUCA	0
NM_005026.5:951-980	NM_005026.5	NM_005026.5.fasta	951	980	+	30	GAGTACCTGTATGGCAGCTACCCGCTCTGC	GCAGAGCGGGUAGCUGCCAUACAGGUACUC	0
NM_005026.5:952-981	NM_005026.5	NM_005026.5.fasta	952	981	+	30	AGTACCTGTATGGCAGCTACCCGCTCTGCC	GGCAGAGCGGGUAGCUGCCAUACAGGUACU	0
NM_005026.5:953-982	NM_005026.5	NM_005026.5.fasta	953	982	+	30	GTACCTGTATGGCAGCTACCCGCTCTGCCA	UGGCAGAGCGGGUAGCUGCCAUACAGGUAC	0
NM_005026.5:954-983	NM_005026.5	NM_005026.5.fasta	954	983	+	30	TACCTGTATGGCAGCTACCCGCTCTGCCAG	CUGGCAGAGCGGGUAGCUGCCAUACAGGUA	0
NM_005026.5:955-984	NM_005026.5	NM_005026.5.fasta	955	984	+	30	ACCTGTATGGCAGCTACCCGCTCTGCCAGT	ACUGGCAGAGCGGGUAGCUGCCAUACAGGU	0
NM_005026.5:956-985	NM_005026.5	NM_005026.5.fasta	956	985	+	30	CCTGTATGGCAGCTACCCGCTCTGCCAGTT	AACUGGCAGAGCGGGUAGCUGCCAUACAGG	0
NM_005026.5:957-986	NM_005026.5	NM_005026.5.fasta	957	986	+	30	CTGTATGGCAGCTACCCGCTCTGCCAGTTC	GAACUGGCAGAGCGGGUAGCUGCCAUACAG	0
NM_005026.5:958-987	NM_005026.5	NM_005026.5.fasta	958	987	+	30	TGTATGGCAGCTACCCGCTCTGCCAGTTCC	GGAACUGGCAGAGCGGGUAGCUGCCAUACA	0
NM_005026.5:959-988	NM_005026.5	NM_005026.5.fasta	959	988	+	30	GTATGGCAGCTACCCGCTCTGCCAGTTCCA	UGGAACUGGCAGAGCGGGUAGCUGCCAUAC	0
NM_005026.5:960-989	NM_005026.5	NM_005026.5.fasta	960	989	+	30	TATGGCAGCTACCCGCTCTGCCAGTTCCAG	CUGGAACUGGCAGAGCGGGUAGCUGCCAUA	0
NM_005026.5:961-990	NM_005026.5	NM_005026.5.fasta	961	990	+	30	ATGGCAGCTACCCGCTCTGCCAGTTCCAGT	ACUGGAACUGGCAGAGCGGGUAGCUGCCAU	0
NM_005026.5:962-991	NM_005026.5	NM_005026.5.fasta	962	991	+	30	TGGCAGCTACCCGCTCTGCCAGTTCCAGTA	UACUGGAACUGGCAGAGCGGGUAGCUGCCA	0
NM_005026.5:963-992	NM_005026.5	NM_005026.5.fasta	963	992	+	30	GGCAGCTACCCGCTCTGCCAGTTCCAGTAC	GUACUGGAACUGGCAGAGCGGGUAGCUGCC	0
NM_005026.5:964-993	NM_005026.5	NM_005026.5.fasta	964	993	+	30	GCAGCTACCCGCTCTGCCAGTTCCAGTACA	UGUACUGGAACUGGCAGAGCGGGUAGCUGC	0
NM_005026.5:965-994	NM_005026.5	NM_005026.5.fasta	965	994	+	30	CAGCTACCCGCTCTGCCAGTTCCAGTACAT	AUGUACUGGAACUGGCAGAGCGGGUAGCUG	0
NM_005026.5:966-995	NM_005026.5	NM_005026.5.fasta	966	995	+	30	AGCTACCCGCTCTGCCAGTTCCAGTACATC	GAUGUACUGGAACUGGCAGAGCGGGUAGCU	0
NM_005026.5:967-996	NM_005026.5	NM_005026.5.fasta	967	996	+	30	GCTACCCGCTCTGCCAGTTCCAGTACATCT	AGAUGUACUGGAACUGGCAGAGCGGGUAGC	0
NM_005026.5:968-997	NM_005026.5	NM_005026.5.fasta	968	997	+	30	CTACCCGCTCTGCCAGTTCCAGTACATCTG	CAGAUGUACUGGAACUGGCAGAGCGGGUAG	0
NM_005026.5:969-998	NM_005026.5	NM_005026.5.fasta	969	998	+	30	TACCCGCTCTGCCAGTTCCAGTACATCTGC	GCAGAUGUACUGGAACUGGCAGAGCGGGUA	0
NM_005026.5:970-999	NM_005026.5	NM_005026.5.fasta	970	999	+	30	ACCCGCTCTGCCAGTTCCAGTACATCTGCA	UGCAGAUGUACUGGAACUGGCAGAGCGGGU	0
NM_005026.5:971-1000	NM_005026.5	NM_005026.5.fasta	971	1000	+	30	CCCGCTCTGCCAGTTCCAGTACATCTGCAG	CUGCAGAUGUACUGGAACUGGCAGAGCGGG	0
NM_005026.5:972-1001	NM_005026.5	NM_005026.5.fasta	972	1001	+	30	CCGCTCTGCCAGTTCCAGTACATCTGCAGC	GCUGCAGAUGUACUGGAACUGGCAGAGCGG	0
NM_005026.5:973-1002	NM_005026.5	NM_005026.5.fasta	973	1002	+	30	CGCTCTGCCAGTTCCAGTACATCTGCAGCT	AGCUGCAGAUGUACUGGAACUGGCAGAGCG	0
NM_005026.5:974-1003	NM_005026.5	NM_005026.5.fasta	974	1003	+	30	GCTCTGCCAGTTCCAGTACATCTGCAGCTG	CAGCUGCAGAUGUACUGGAACUGGCAGAGC	0
NM_005026.5:975-1004	NM_005026.5	NM_005026.5.fasta	975	1004	+	30	CTCTGCCAGTTCCAGTACATCTGCAGCTGC	GCAGCUGCAGAUGUACUGGAACUGGCAGAG	0
NM_005026.5:976-1005	NM_005026.5	NM_005026.5.fasta	976	1005	+	30	TCTGCCAGTTCCAGTACATCTGCAGCTGCC	GGCAGCUGCAGAUGUACUGGAACUGGCAGA	0
NM_005026.5:977-1006	NM_005026.5	NM_005026.5.fasta	977	1006	+	30	CTGCCAGTTCCAGTACATCTGCAGCTGCCT	AGGCAGCUGCAGAUGUACUGGAACUGGCAG	0
NM_005026.5:978-1007	NM_005026.5	NM_005026.5.fasta	978	1007	+	30	TGCCAGTTCCAGTACATCTGCAGCTGCCTG	CAGGCAGCUGCAGAUGUACUGGAACUGGCA	0
NM_005026.5:979-1008	NM_005026.5	NM_005026.5.fasta	979	1008	+	30	GCCAGTTCCAGTACATCTGCAGCTGCCTGC	GCAGGCAGCUGCAGAUGUACUGGAACUGGC	0
NM_005026.5:980-1009	NM_005026.5	NM_005026.5.fasta	980	1009	+	30	CCAGTTCCAGTACATCTGCAGCTGCCTGCA	UGCAGGCAGCUGCAGAUGUACUGGAACUGG	0
NM_005026.5:981-1010	NM_005026.5	NM_005026.5.fasta	981	1010	+	30	CAGTTCCAGTACATCTGCAGCTGCCTGCAC	GUGCAGGCAGCUGCAGAUGUACUGGAACUG	0
NM_005026.5:982-1011	NM_005026.5	NM_005026.5.fasta	982	1011	+	30	AGTTCCAGTACATCTGCAGCTGCCTGCACA	UGUGCAGGCAGCUGCAGAUGUACUGGAACU	0
NM_005026.5:983-1012	NM_005026.5	NM_005026.5.fasta	983	1012	+	30	GTTCCAGTACATCTGCAGCTGCCTGCACAG	CUGUGCAGGCAGCUGCAGAUGUACUGGAAC	0
NM_005026.5:984-1013	NM_005026.5	NM_005026.5.fasta	984	1013	+	30	TTCCAGTACATCTGCAGCTGCCTGCACAGT	ACUGUGCAGGCAGCUGCAGAUGUACUGGAA	0
NM_005026.5:985-1014	NM_005026.5	NM_005026.5.fasta	985	1014	+	30	TCCAGTACATCTGCAGCTGCCTGCACAGTG	CACUGUGCAGGCAGCUGCAGAUGUACUGGA	0
NM_005026.5:986-1015	NM_005026.5	NM_005026.5.fasta	986	1015	+	30	CCAGTACATCTGCAGCTGCCTGCACAGTGG	CCACUGUGCAGGCAGCUGCAGAUGUACUGG	0
NM_005026.5:987-1016	NM_005026.5	NM_005026.5.fasta	987	1016	+	30	CAGTACATCTGCAGCTGCCTGCACAGTGGG	CCCACUGUGCAGGCAGCUGCAGAUGUACUG	0
NM_005026.5:988-1017	NM_005026.5	NM_005026.5.fasta	988	1017	+	30	AGTACATCTGCAGCTGCCTGCACAGTGGGT	ACCCACUGUGCAGGCAGCUGCAGAUGUACU	0
NM_005026.5:989-1018	NM_005026.5	NM_005026.5.fasta	989	1018	+	30	GTACATCTGCAGCTGCCTGCACAGTGGGTT	AACCCACUGUGCAGGCAGCUGCAGAUGUAC	0
NM_005026.5:990-1019	NM_005026.5	NM_005026.5.fasta	990	1019	+	30	TACATCTGCAGCTGCCTGCACAGTGGGTTG	CAACCCACUGUGCAGGCAGCUGCAGAUGUA	0
NM_005026.5:991-1020	NM_005026.5	NM_005026.5.fasta	991	1020	+	30	ACATCTGCAGCTGCCTGCACAGTGGGTTGA	UCAACCCACUGUGCAGGCAGCUGCAGAUGU	0
NM_005026.5:992-1021	NM_005026.5	NM_005026.5.fasta	992	1021	+	30	CATCTGCAGCTGCCTGCACAGTGGGTTGAC	GUCAACCCACUGUGCAGGCAGCUGCAGAUG	0
NM_005026.5:993-1022	NM_005026.5	NM_005026.5.fasta	993	1022	+	30	ATCTGCAGCTGCCTGCACAGTGGGTTGACC	GGUCAACCCACUGUGCAGGCAGCUGCAGAU	0
NM_005026.5:994-1023	NM_005026.5	NM_005026.5.fasta	994	1023	+	30	TCTGCAGCTGCCTGCACAGTGGGTTGACCC	GGGUCAACCCACUGUGCAGGCAGCUGCAGA	0
NM_005026.5:995-1024	NM_005026.5	NM_005026.5.fasta	995	1024	+	30	CTGCAGCTGCCTGCACAGTGGGTTGACCCC	GGGGUCAACCCACUGUGCAGGCAGCUGCAG	0
NM_005026.5:996-1025	NM_005026.5	NM_005026.5.fasta	996	1025	+	30	TGCAGCTGCCTGCACAGTGGGTTGACCCCT	AGGGGUCAACCCACUGUGCAGGCAGCUGCA	0
NM_005026.5:997-1026	NM_005026.5	NM_005026.5.fasta	997	1026	+	30	GCAGCTGCCTGCACAGTGGGTTGACCCCTC	GAGGGGUCAACCCACUGUGCAGGCAGCUGC	0
NM_005026.5:998-1027	NM_005026.5	NM_005026.5.fasta	998	1027	+	30	CAGCTGCCTGCACAGTGGGTTGACCCCTCA	UGAGGGGUCAACCCACUGUGCAGGCAGCUG	0
NM_005026.5:999-1028	NM_005026.5	NM_005026.5.fasta	999	1028	+	30	AGCTGCCTGCACAGTGGGTTGACCCCTCAC	GUGAGGGGUCAACCCACUGUGCAGGCAGCU	0
NM_005026.5:1000-1029	NM_005026.5	NM_005026.5.fasta	1000	1029	+	30	GCTGCCTGCACAGTGGGTTGACCCCTCACC	GGUGAGGGGUCAACCCACUGUGCAGGCAGC	0
NM_005026.5:1001-1030	NM_005026.5	NM_005026.5.fasta	1001	1030	+	30	CTGCCTGCACAGTGGGTTGACCCCTCACCT	AGGUGAGGGGUCAACCCACUGUGCAGGCAG	0
NM_005026.5:1002-1031	NM_005026.5	NM_005026.5.fasta	1002	1031	+	30	TGCCTGCACAGTGGGTTGACCCCTCACCTG	CAGGUGAGGGGUCAACCCACUGUGCAGGCA	0
NM_005026.5:1003-1032	NM_005026.5	NM_005026.5.fasta	1003	1032	+	30	GCCTGCACAGTGGGTTGACCCCTCACCTGA	UCAGGUGAGGGGUCAACCCACUGUGCAGGC	0
NM_005026.5:1004-1033	NM_005026.5	NM_005026.5.fasta	1004	1033	+	30	CCTGCACAGTGGGTTGACCCCTCACCTGAC	GUCAGGUGAGGGGUCAACCCACUGUGCAGG	0
NM_005026.5:1005-1034	NM_005026.5	NM_005026.5.fasta	1005	1034	+	30	CTGCACAGTGGGTTGACCCCTCACCTGACC	GGUCAGGUGAGGGGUCAACCCACUGUGCAG	0
NM_005026.5:1006-1035	NM_005026.5	NM_005026.5.fasta	1006	1035	+	30	TGCACAGTGGGTTGACCCCTCACCTGACCA	UGGUCAGGUGAGGGGUCAACCCACUGUGCA	0
NM_005026.5:1007-1036	NM_005026.5	NM_005026.5.fasta	1007	1036	+	30	GCACAGTGGGTTGACCCCTCACCTGACCAT	AUGGUCAGGUGAGGGGUCAACCCACUGUGC	0
NM_005026.5:1008-1037	NM_005026.5	NM_005026.5.fasta	1008	1037	+	30	CACAGTGGGTTGACCCCTCACCTGACCATG	CAUGGUCAGGUGAGGGGUCAACCCACUGUG	0
NM_005026.5:1009-1038	NM_005026.5	NM_005026.5.fasta	1009	1038	+	30	ACAGTGGGTTGACCCCTCACCTGACCATGG	CCAUGGUCAGGUGAGGGGUCAACCCACUGU	0
NM_005026.5:1010-1039	NM_005026.5	NM_005026.5.fasta	1010	1039	+	30	CAGTGGGTTGACCCCTCACCTGACCATGGT	ACCAUGGUCAGGUGAGGGGUCAACCCACUG	0
NM_005026.5:1011-1040	NM_005026.5	NM_005026.5.fasta	1011	1040	+	30	AGTGGGTTGACCCCTCACCTGACCATGGTC	GACCAUGGUCAGGUGAGGGGUCAACCCACU	0
NM_005026.5:1012-1041	NM_005026.5	NM_005026.5.fasta	1012	1041	+	30	GTGGGTTGACCCCTCACCTGACCATGGTCC	GGACCAUGGUCAGGUGAGGGGUCAACCCAC	0
NM_005026.5:1013-1042	NM_005026.5	NM_005026.5.fasta	1013	1042	+	30	TGGGTTGACCCCTCACCTGACCATGGTCCA	UGGACCAUGGUCAGGUGAGGGGUCAACCCA	0
NM_005026.5:1014-1043	NM_005026.5	NM_005026.5.fasta	1014	1043	+	30	GGGTTGACCCCTCACCTGACCATGGTCCAT	AUGGACCAUGGUCAGGUGAGGGGUCAACCC	0
NM_005026.5:1015-1044	NM_005026.5	NM_005026.5.fasta	1015	1044	+	30	GGTTGACCCCTCACCTGACCATGGTCCATT	AAUGGACCAUGGUCAGGUGAGGGGUCAACC	0
NM_005026.5:1016-1045	NM_005026.5	NM_005026.5.fasta	1016	1045	+	30	GTTGACCCCTCACCTGACCATGGTCCATTC	GAAUGGACCAUGGUCAGGUGAGGGGUCAAC	0
NM_005026.5:1017-1046	NM_005026.5	NM_005026.5.fasta	1017	1046	+	30	TTGACCCCTCACCTGACCATGGTCCATTCC	GGAAUGGACCAUGGUCAGGUGAGGGGUCAA	0
NM_005026.5:1018-1047	NM_005026.5	NM_005026.5.fasta	1018	1047	+	30	TGACCCCTCACCTGACCATGGTCCATTCCT	AGGAAUGGACCAUGGUCAGGUGAGGGGUCA	0
NM_005026.5:1019-1048	NM_005026.5	NM_005026.5.fasta	1019	1048	+	30	GACCCCTCACCTGACCATGGTCCATTCCTC	GAGGAAUGGACCAUGGUCAGGUGAGGGGUC	0
NM_005026.5:1020-1049	NM_005026.5	NM_005026.5.fasta	1020	1049	+	30	ACCCCTCACCTGACCATGGTCCATTCCTCC	GGAGGAAUGGACCAUGGUCAGGUGAGGGGU	0
NM_005026.5:1021-1050	NM_005026.5	NM_005026.5.fasta	1021	1050	+	30	CCCCTCACCTGACCATGGTCCATTCCTCCT	AGGAGGAAUGGACCAUGGUCAGGUGAGGGG	0
NM_005026.5:1022-1051	NM_005026.5	NM_005026.5.fasta	1022	1051	+	30	CCCTCACCTGACCATGGTCCATTCCTCCTC	GAGGAGGAAUGGACCAUGGUCAGGUGAGGG	0
NM_005026.5:1023-1052	NM_005026.5	NM_005026.5.fasta	1023	1052	+	30	CCTCACCTGACCATGGTCCATTCCTCCTCC	GGAGGAGGAAUGGACCAUGGUCAGGUGAGG	0
NM_005026.5:1024-1053	NM_005026.5	NM_005026.5.fasta	1024	1053	+	30	CTCACCTGACCATGGTCCATTCCTCCTCCA	UGGAGGAGGAAUGGACCAUGGUCAGGUGAG	0
NM_005026.5:1025-1054	NM_005026.5	NM_005026.5.fasta	1025	1054	+	30	TCACCTGACCATGGTCCATTCCTCCTCCAT	AUGGAGGAGGAAUGGACCAUGGUCAGGUGA	0
NM_005026.5:1026-1055	NM_005026.5	NM_005026.5.fasta	1026	1055	+	30	CACCTGACCATGGTCCATTCCTCCTCCATC	GAUGGAGGAGGAAUGGACCAUGGUCAGGUG	0
NM_005026.5:1027-1056	NM_005026.5	NM_005026.5.fasta	1027	1056	+	30	ACCTGACCATGGTCCATTCCTCCTCCATCC	GGAUGGAGGAGGAAUGGACCAUGGUCAGGU	0
NM_005026.5:1028-1057	NM_005026.5	NM_005026.5.fasta	1028	1057	+	30	CCTGACCATGGTCCATTCCTCCTCCATCCT	AGGAUGGAGGAGGAAUGGACCAUGGUCAGG	0
NM_005026.5:1029-1058	NM_005026.5	NM_005026.5.fasta	1029	1058	+	30	CTGACCATGGTCCATTCCTCCTCCATCCTC	GAGGAUGGAGGAGGAAUGGACCAUGGUCAG	0
NM_005026.5:1030-1059	NM_005026.5	NM_005026.5.fasta	1030	1059	+	30	TGACCATGGTCCATTCCTCCTCCATCCTCG	CGAGGAUGGAGGAGGAAUGGACCAUGGUCA	0
NM_005026.5:1031-1060	NM_005026.5	NM_005026.5.fasta	1031	1060	+	30	GACCATGGTCCATTCCTCCTCCATCCTCGC	GCGAGGAUGGAGGAGGAAUGGACCAUGGUC	0
NM_005026.5:1032-1061	NM_005026.5	NM_005026.5.fasta	1032	1061	+	30	ACCATGGTCCATTCCTCCTCCATCCTCGCC	GGCGAGGAUGGAGGAGGAAUGGACCAUGGU	0
NM_005026.5:1033-1062	NM_005026.5	NM_005026.5.fasta	1033	1062	+	30	CCATGGTCCATTCCTCCTCCATCCTCGCCA	UGGCGAGGAUGGAGGAGGAAUGGACCAUGG	0
NM_005026.5:1034-1063	NM_005026.5	NM_005026.5.fasta	1034	1063	+	30	CATGGTCCATTCCTCCTCCATCCTCGCCAT	AUGGCGAGGAUGGAGGAGGAAUGGACCAUG	0
NM_005026.5:1035-1064	NM_005026.5	NM_005026.5.fasta	1035	1064	+	30	ATGGTCCATTCCTCCTCCATCCTCGCCATG	CAUGGCGAGGAUGGAGGAGGAAUGGACCAU	0
NM_005026.5:1036-1065	NM_005026.5	NM_005026.5.fasta	1036	1065	+	30	TGGTCCATTCCTCCTCCATCCTCGCCATGC	GCAUGGCGAGGAUGGAGGAGGAAUGGACCA	0
NM_005026.5:1037-1066	NM_005026.5	NM_005026.5.fasta	1037	1066	+	30	GGTCCATTCCTCCTCCATCCTCGCCATGCG	CGCAUGGCGAGGAUGGAGGAGGAAUGGACC	0
NM_005026.5:1038-1067	NM_005026.5	NM_005026.5.fasta	1038	1067	+	30	GTCCATTCCTCCTCCATCCTCGCCATGCGG	CCGCAUGGCGAGGAUGGAGGAGGAAUGGAC	0
NM_005026.5:1039-1068	NM_005026.5	NM_005026.5.fasta	1039	1068	+	30	TCCATTCCTCCTCCATCCTCGCCATGCGGG	CCCGCAUGGCGAGGAUGGAGGAGGAAUGGA	0
NM_005026.5:1040-1069	NM_005026.5	NM_005026.5.fasta	1040	1069	+	30	CCATTCCTCCTCCATCCTCGCCATGCGGGA	UCCCGCAUGGCGAGGAUGGAGGAGGAAUGG	0
NM_005026.5:1041-1070	NM_005026.5	NM_005026.5.fasta	1041	1070	+	30	CATTCCTCCTCCATCCTCGCCATGCGGGAT	AUCCCGCAUGGCGAGGAUGGAGGAGGAAUG	0
NM_005026.5:1042-1071	NM_005026.5	NM_005026.5.fasta	1042	1071	+	30	ATTCCTCCTCCATCCTCGCCATGCGGGATG	CAUCCCGCAUGGCGAGGAUGGAGGAGGAAU	0
NM_005026.5:1043-1072	NM_005026.5	NM_005026.5.fasta	1043	1072	+	30	TTCCTCCTCCATCCTCGCCATGCGGGATGA	UCAUCCCGCAUGGCGAGGAUGGAGGAGGAA	0
NM_005026.5:1044-1073	NM_005026.5	NM_005026.5.fasta	1044	1073	+	30	TCCTCCTCCATCCTCGCCATGCGGGATGAG	CUCAUCCCGCAUGGCGAGGAUGGAGGAGGA	0
NM_005026.5:1045-1074	NM_005026.5	NM_005026.5.fasta	1045	1074	+	30	CCTCCTCCATCCTCGCCATGCGGGATGAGC	GCUCAUCCCGCAUGGCGAGGAUGGAGGAGG	0
NM_005026.5:1046-1075	NM_005026.5	NM_005026.5.fasta	1046	1075	+	30	CTCCTCCATCCTCGCCATGCGGGATGAGCA	UGCUCAUCCCGCAUGGCGAGGAUGGAGGAG	0
NM_005026.5:1047-1076	NM_005026.5	NM_005026.5.fasta	1047	1076	+	30	TCCTCCATCCTCGCCATGCGGGATGAGCAG	CUGCUCAUCCCGCAUGGCGAGGAUGGAGGA	0
NM_005026.5:1048-1077	NM_005026.5	NM_005026.5.fasta	1048	1077	+	30	CCTCCATCCTCGCCATGCGGGATGAGCAGA	UCUGCUCAUCCCGCAUGGCGAGGAUGGAGG	0
NM_005026.5:1049-1078	NM_005026.5	NM_005026.5.fasta	1049	1078	+	30	CTCCATCCTCGCCATGCGGGATGAGCAGAG	CUCUGCUCAUCCCGCAUGGCGAGGAUGGAG	0
NM_005026.5:1050-1079	NM_005026.5	NM_005026.5.fasta	1050	1079	+	30	TCCATCCTCGCCATGCGGGATGAGCAGAGC	GCUCUGCUCAUCCCGCAUGGCGAGGAUGGA	0
NM_005026.5:1051-1080	NM_005026.5	NM_005026.5.fasta	1051	1080	+	30	CCATCCTCGCCATGCGGGATGAGCAGAGCA	UGCUCUGCUCAUCCCGCAUGGCGAGGAUGG	0
NM_005026.5:1052-1081	NM_005026.5	NM_005026.5.fasta	1052	1081	+	30	CATCCTCGCCATGCGGGATGAGCAGAGCAA	UUGCUCUGCUCAUCCCGCAUGGCGAGGAUG	0
NM_005026.5:1053-1082	NM_005026.5	NM_005026.5.fasta	1053	1082	+	30	ATCCTCGCCATGCGGGATGAGCAGAGCAAC	GUUGCUCUGCUCAUCCCGCAUGGCGAGGAU	0
NM_005026.5:1054-1083	NM_005026.5	NM_005026.5.fasta	1054	1083	+	30	TCCTCGCCATGCGGGATGAGCAGAGCAACC	GGUUGCUCUGCUCAUCCCGCAUGGCGAGGA	0
NM_005026.5:1055-1084	NM_005026.5	NM_005026.5.fasta	1055	1084	+	30	CCTCGCCATGCGGGATGAGCAGAGCAACCC	GGGUUGCUCUGCUCAUCCCGCAUGGCGAGG	0
NM_005026.5:1056-1085	NM_005026.5	NM_005026.5.fasta	1056	1085	+	30	CTCGCCATGCGGGATGAGCAGAGCAACCCT	AGGGUUGCUCUGCUCAUCCCGCAUGGCGAG	0
NM_005026.5:1057-1086	NM_005026.5	NM_005026.5.fasta	1057	1086	+	30	TCGCCATGCGGGATGAGCAGAGCAACCCTG	CAGGGUUGCUCUGCUCAUCCCGCAUGGCGA	0
NM_005026.5:1058-1087	NM_005026.5	NM_005026.5.fasta	1058	1087	+	30	CGCCATGCGGGATGAGCAGAGCAACCCTGC	GCAGGGUUGCUCUGCUCAUCCCGCAUGGCG	0
NM_005026.5:1059-1088	NM_005026.5	NM_005026.5.fasta	1059	1088	+	30	GCCATGCGGGATGAGCAGAGCAACCCTGCC	GGCAGGGUUGCUCUGCUCAUCCCGCAUGGC	0
NM_005026.5:1060-1089	NM_005026.5	NM_005026.5.fasta	1060	1089	+	30	CCATGCGGGATGAGCAGAGCAACCCTGCCC	GGGCAGGGUUGCUCUGCUCAUCCCGCAUGG	0
NM_005026.5:1061-1090	NM_005026.5	NM_005026.5.fasta	1061	1090	+	30	CATGCGGGATGAGCAGAGCAACCCTGCCCC	GGGGCAGGGUUGCUCUGCUCAUCCCGCAUG	0
NM_005026.5:1062-1091	NM_005026.5	NM_005026.5.fasta	1062	1091	+	30	ATGCGGGATGAGCAGAGCAACCCTGCCCCC	GGGGGCAGGGUUGCUCUGCUCAUCCCGCAU	0
NM_005026.5:1063-1092	NM_005026.5	NM_005026.5.fasta	1063	1092	+	30	TGCGGGATGAGCAGAGCAACCCTGCCCCCC	GGGGGGCAGGGUUGCUCUGCUCAUCCCGCA	0
NM_005026.5:1064-1093	NM_005026.5	NM_005026.5.fasta	1064	1093	+	30	GCGGGATGAGCAGAGCAACCCTGCCCCCCA	UGGGGGGCAGGGUUGCUCUGCUCAUCCCGC	0
NM_005026.5:1065-1094	NM_005026.5	NM_005026.5.fasta	1065	1094	+	30	CGGGATGAGCAGAGCAACCCTGCCCCCCAG	CUGGGGGGCAGGGUUGCUCUGCUCAUCCCG	0
NM_005026.5:1066-1095	NM_005026.5	NM_005026.5.fasta	1066	1095	+	30	GGGATGAGCAGAGCAACCCTGCCCCCCAGG	CCUGGGGGGCAGGGUUGCUCUGCUCAUCCC	0
NM_005026.5:1067-1096	NM_005026.5	NM_005026.5.fasta	1067	1096	+	30	GGATGAGCAGAGCAACCCTGCCCCCCAGGT	ACCUGGGGGGCAGGGUUGCUCUGCUCAUCC	0
NM_005026.5:1068-1097	NM_005026.5	NM_005026.5.fasta	1068	1097	+	30	GATGAGCAGAGCAACCCTGCCCCCCAGGTC	GACCUGGGGGGCAGGGUUGCUCUGCUCAUC	0
NM_005026.5:1069-1098	NM_005026.5	NM_005026.5.fasta	1069	1098	+	30	ATGAGCAGAGCAACCCTGCCCCCCAGGTCC	GGACCUGGGGGGCAGGGUUGCUCUGCUCAU	0
NM_005026.5:1070-1099	NM_005026.5	NM_005026.5.fasta	1070	1099	+	30	TGAGCAGAGCAACCCTGCCCCCCAGGTCCA	UGGACCUGGGGGGCAGGGUUGCUCUGCUCA	0
NM_005026.5:1071-1100	NM_005026.5	NM_005026.5.fasta	1071	1100	+	30	GAGCAGAGCAACCCTGCCCCCCAGGTCCAG	CUGGACCUGGGGGGCAGGGUUGCUCUGCUC	0
NM_005026.5:1072-1101	NM_005026.5	NM_005026.5.fasta	1072	1101	+	30	AGCAGAGCAACCCTGCCCCCCAGGTCCAGA	UCUGGACCUGGGGGGCAGGGUUGCUCUGCU	0
NM_005026.5:1073-1102	NM_005026.5	NM_005026.5.fasta	1073	1102	+	30	GCAGAGCAACCCTGCCCCCCAGGTCCAGAA	UUCUGGACCUGGGGGGCAGGGUUGCUCUGC	0
NM_005026.5:1074-1103	NM_005026.5	NM_005026.5.fasta	1074	1103	+	30	CAGAGCAACCCTGCCCCCCAGGTCCAGAAA	UUUCUGGACCUGGGGGGCAGGGUUGCUCUG	0
NM_005026.5:1075-1104	NM_005026.5	NM_005026.5.fasta	1075	1104	+	30	AGAGCAACCCTGCCCCCCAGGTCCAGAAAC	GUUUCUGGACCUGGGGGGCAGGGUUGCUCU	0
NM_005026.5:1076-1105	NM_005026.5	NM_005026.5.fasta	1076	1105	+	30	GAGCAACCCTGCCCCCCAGGTCCAGAAACC	GGUUUCUGGACCUGGGGGGCAGGGUUGCUC	0
NM_005026.5:1077-1106	NM_005026.5	NM_005026.5.fasta	1077	1106	+	30	AGCAACCCTGCCCCCCAGGTCCAGAAACCG	CGGUUUCUGGACCUGGGGGGCAGGGUUGCU	0
NM_005026.5:1078-1107	NM_005026.5	NM_005026.5.fasta	1078	1107	+	30	GCAACCCTGCCCCCCAGGTCCAGAAACCGC	GCGGUUUCUGGACCUGGGGGGCAGGGUUGC	0
NM_005026.5:1079-1108	NM_005026.5	NM_005026.5.fasta	1079	1108	+	30	CAACCCTGCCCCCCAGGTCCAGAAACCGCG	CGCGGUUUCUGGACCUGGGGGGCAGGGUUG	0
NM_005026.5:1080-1109	NM_005026.5	NM_005026.5.fasta	1080	1109	+	30	AACCCTGCCCCCCAGGTCCAGAAACCGCGT	ACGCGGUUUCUGGACCUGGGGGGCAGGGUU	0
NM_005026.5:1081-1110	NM_005026.5	NM_005026.5.fasta	1081	1110	+	30	ACCCTGCCCCCCAGGTCCAGAAACCGCGTG	CACGCGGUUUCUGGACCUGGGGGGCAGGGU	0
NM_005026.5:1082-1111	NM_005026.5	NM_005026.5.fasta	1082	1111	+	30	CCCTGCCCCCCAGGTCCAGAAACCGCGTGC	GCACGCGGUUUCUGGACCUGGGGGGCAGGG	0
NM_005026.5:1083-1112	NM_005026.5	NM_005026.5.fasta	1083	1112	+	30	CCTGCCCCCCAGGTCCAGAAACCGCGTGCC	GGCACGCGGUUUCUGGACCUGGGGGGCAGG	0
NM_005026.5:1084-1113	NM_005026.5	NM_005026.5.fasta	1084	1113	+	30	CTGCCCCCCAGGTCCAGAAACCGCGTGCCA	UGGCACGCGGUUUCUGGACCUGGGGGGCAG	0
NM_005026.5:1085-1114	NM_005026.5	NM_005026.5.fasta	1085	1114	+	30	TGCCCCCCAGGTCCAGAAACCGCGTGCCAA	UUGGCACGCGGUUUCUGGACCUGGGGGGCA	0
NM_005026.5:1086-1115	NM_005026.5	NM_005026.5.fasta	1086	1115	+	30	GCCCCCCAGGTCCAGAAACCGCGTGCCAAA	UUUGGCACGCGGUUUCUGGACCUGGGGGGC	0
NM_005026.5:1087-1116	NM_005026.5	NM_005026.5.fasta	1087	1116	+	30	CCCCCCAGGTCCAGAAACCGCGTGCCAAAC	GUUUGGCACGCGGUUUCUGGACCUGGGGGG	0
NM_005026.5:1088-1117	NM_005026.5	NM_005026.5.fasta	1088	1117	+	30	CCCCCAGGTCCAGAAACCGCGTGCCAAACC	GGUUUGGCACGCGGUUUCUGGACCUGGGGG	0
NM_005026.5:1089-1118	NM_005026.5	NM_005026.5.fasta	1089	1118	+	30	CCCCAGGTCCAGAAACCGCGTGCCAAACCA	UGGUUUGGCACGCGGUUUCUGGACCUGGGG	0
NM_005026.5:1090-1119	NM_005026.5	NM_005026.5.fasta	1090	1119	+	30	CCCAGGTCCAGAAACCGCGTGCCAAACCAC	GUGGUUUGGCACGCGGUUUCUGGACCUGGG	0
NM_005026.5:1091-1120	NM_005026.5	NM_005026.5.fasta	1091	1120	+	30	CCAGGTCCAGAAACCGCGTGCCAAACCACC	GGUGGUUUGGCACGCGGUUUCUGGACCUGG	0
NM_005026.5:1092-1121	NM_005026.5	NM_005026.5.fasta	1092	1121	+	30	CAGGTCCAGAAACCGCGTGCCAAACCACCT	AGGUGGUUUGGCACGCGGUUUCUGGACCUG	0
NM_005026.5:1093-1122	NM_005026.5	NM_005026.5.fasta	1093	1122	+	30	AGGTCCAGAAACCGCGTGCCAAACCACCTC	GAGGUGGUUUGGCACGCGGUUUCUGGACCU	0
NM_005026.5:1094-1123	NM_005026.5	NM_005026.5.fasta	1094	1123	+	30	GGTCCAGAAACCGCGTGCCAAACCACCTCC	GGAGGUGGUUUGGCACGCGGUUUCUGGACC	0
NM_005026.5:1095-1124	NM_005026.5	NM_005026.5.fasta	1095	1124	+	30	GTCCAGAAACCGCGTGCCAAACCACCTCCC	GGGAGGUGGUUUGGCACGCGGUUUCUGGAC	0
NM_005026.5:1096-1125	NM_005026.5	NM_005026.5.fasta	1096	1125	+	30	TCCAGAAACCGCGTGCCAAACCACCTCCCA	UGGGAGGUGGUUUGGCACGCGGUUUCUGGA	0
NM_005026.5:1097-1126	NM_005026.5	NM_005026.5.fasta	1097	1126	+	30	CCAGAAACCGCGTGCCAAACCACCTCCCAT	AUGGGAGGUGGUUUGGCACGCGGUUUCUGG	0
NM_005026.5:1098-1127	NM_005026.5	NM_005026.5.fasta	1098	1127	+	30	CAGAAACCGCGTGCCAAACCACCTCCCATT	AAUGGGAGGUGGUUUGGCACGCGGUUUCUG	0
NM_005026.5:1099-1128	NM_005026.5	NM_005026.5.fasta	1099	1128	+	30	AGAAACCGCGTGCCAAACCACCTCCCATTC	GAAUGGGAGGUGGUUUGGCACGCGGUUUCU	0
NM_005026.5:1100-1129	NM_005026.5	NM_005026.5.fasta	1100	1129	+	30	GAAACCGCGTGCCAAACCACCTCCCATTCC	GGAAUGGGAGGUGGUUUGGCACGCGGUUUC	0
NM_005026.5:1101-1130	NM_005026.5	NM_005026.5.fasta	1101	1130	+	30	AAACCGCGTGCCAAACCACCTCCCATTCCT	AGGAAUGGGAGGUGGUUUGGCACGCGGUUU	0
NM_005026.5:1102-1131	NM_005026.5	NM_005026.5.fasta	1102	1131	+	30	AACCGCGTGCCAAACCACCTCCCATTCCTG	CAGGAAUGGGAGGUGGUUUGGCACGCGGUU	0
NM_005026.5:1103-1132	NM_005026.5	NM_005026.5.fasta	1103	1132	+	30	ACCGCGTGCCAAACCACCTCCCATTCCTGC	GCAGGAAUGGGAGGUGGUUUGGCACGCGGU	0
NM_005026.5:1104-1133	NM_005026.5	NM_005026.5.fasta	1104	1133	+	30	CCGCGTGCCAAACCACCTCCCATTCCTGCG	CGCAGGAAUGGGAGGUGGUUUGGCACGCGG	0
NM_005026.5:1105-1134	NM_005026.5	NM_005026.5.fasta	1105	1134	+	30	CGCGTGCCAAACCACCTCCCATTCCTGCGA	UCGCAGGAAUGGGAGGUGGUUUGGCACGCG	0
NM_005026.5:1106-1135	NM_005026.5	NM_005026.5.fasta	1106	1135	+	30	GCGTGCCAAACCACCTCCCATTCCTGCGAA	UUCGCAGGAAUGGGAGGUGGUUUGGCACGC	0
NM_005026.5:1107-1136	NM_005026.5	NM_005026.5.fasta	1107	1136	+	30	CGTGCCAAACCACCTCCCATTCCTGCGAAG	CUUCGCAGGAAUGGGAGGUGGUUUGGCACG	0
NM_005026.5:1108-1137	NM_005026.5	NM_005026.5.fasta	1108	1137	+	30	GTGCCAAACCACCTCCCATTCCTGCGAAGA	UCUUCGCAGGAAUGGGAGGUGGUUUGGCAC	0
NM_005026.5:1109-1138	NM_005026.5	NM_005026.5.fasta	1109	1138	+	30	TGCCAAACCACCTCCCATTCCTGCGAAGAA	UUCUUCGCAGGAAUGGGAGGUGGUUUGGCA	0
NM_005026.5:1110-1139	NM_005026.5	NM_005026.5.fasta	1110	1139	+	30	GCCAAACCACCTCCCATTCCTGCGAAGAAG	CUUCUUCGCAGGAAUGGGAGGUGGUUUGGC	0
NM_005026.5:1111-1140	NM_005026.5	NM_005026.5.fasta	1111	1140	+	30	CCAAACCACCTCCCATTCCTGCGAAGAAGC	GCUUCUUCGCAGGAAUGGGAGGUGGUUUGG	0
NM_005026.5:1112-1141	NM_005026.5	NM_005026.5.fasta	1112	1141	+	30	CAAACCACCTCCCATTCCTGCGAAGAAGCC	GGCUUCUUCGCAGGAAUGGGAGGUGGUUUG	0
NM_005026.5:1113-1142	NM_005026.5	NM_005026.5.fasta	1113	1142	+	30	AAACCACCTCCCATTCCTGCGAAGAAGCCT	AGGCUUCUUCGCAGGAAUGGGAGGUGGUUU	0
NM_005026.5:1114-1143	NM_005026.5	NM_005026.5.fasta	1114	1143	+	30	AACCACCTCCCATTCCTGCGAAGAAGCCTT	AAGGCUUCUUCGCAGGAAUGGGAGGUGGUU	0
NM_005026.5:1115-1144	NM_005026.5	NM_005026.5.fasta	1115	1144	+	30	ACCACCTCCCATTCCTGCGAAGAAGCCTTC	GAAGGCUUCUUCGCAGGAAUGGGAGGUGGU	0
NM_005026.5:1116-1145	NM_005026.5	NM_005026.5.fasta	1116	1145	+	30	CCACCTCCCATTCCTGCGAAGAAGCCTTCC	GGAAGGCUUCUUCGCAGGAAUGGGAGGUGG	0
NM_005026.5:1117-1146	NM_005026.5	NM_005026.5.fasta	1117	1146	+	30	CACCTCCCATTCCTGCGAAGAAGCCTTCCT	AGGAAGGCUUCUUCGCAGGAAUGGGAGGUG	0
NM_005026.5:1118-1147	NM_005026.5	NM_005026.5.fasta	1118	1147	+	30	ACCTCCCATTCCTGCGAAGAAGCCTTCCTC	GAGGAAGGCUUCUUCGCAGGAAUGGGAGGU	0
NM_005026.5:1119-1148	NM_005026.5	NM_005026.5.fasta	1119	1148	+	30	CCTCCCATTCCTGCGAAGAAGCCTTCCTCT	AGAGGAAGGCUUCUUCGCAGGAAUGGGAGG	0
NM_005026.5:1120-1149	NM_005026.5	NM_005026.5.fasta	1120	1149	+	30	CTCCCATTCCTGCGAAGAAGCCTTCCTCTG	CAGAGGAAGGCUUCUUCGCAGGAAUGGGAG	0
NM_005026.5:1121-1150	NM_005026.5	NM_005026.5.fasta	1121	1150	+	30	TCCCATTCCTGCGAAGAAGCCTTCCTCTGT	ACAGAGGAAGGCUUCUUCGCAGGAAUGGGA	0
NM_005026.5:1122-1151	NM_005026.5	NM_005026.5.fasta	1122	1151	+	30	CCCATTCCTGCGAAGAAGCCTTCCTCTGTG	CACAGAGGAAGGCUUCUUCGCAGGAAUGGG	0
NM_005026.5:1123-1152	NM_005026.5	NM_005026.5.fasta	1123	1152	+	30	CCATTCCTGCGAAGAAGCCTTCCTCTGTGT	ACACAGAGGAAGGCUUCUUCGCAGGAAUGG	0
NM_005026.5:1124-1153	NM_005026.5	NM_005026.5.fasta	1124	1153	+	30	CATTCCTGCGAAGAAGCCTTCCTCTGTGTC	GACACAGAGGAAGGCUUCUUCGCAGGAAUG	0
NM_005026.5:1125-1154	NM_005026.5	NM_005026.5.fasta	1125	1154	+	30	ATTCCTGCGAAGAAGCCTTCCTCTGTGTCC	GGACACAGAGGAAGGCUUCUUCGCAGGAAU	0
NM_005026.5:1126-1155	NM_005026.5	NM_005026.5.fasta	1126	1155	+	30	TTCCTGCGAAGAAGCCTTCCTCTGTGTCCC	GGGACACAGAGGAAGGCUUCUUCGCAGGAA	0
NM_005026.5:1127-1156	NM_005026.5	NM_005026.5.fasta	1127	1156	+	30	TCCTGCGAAGAAGCCTTCCTCTGTGTCCCT	AGGGACACAGAGGAAGGCUUCUUCGCAGGA	0
NM_005026.5:1128-1157	NM_005026.5	NM_005026.5.fasta	1128	1157	+	30	CCTGCGAAGAAGCCTTCCTCTGTGTCCCTG	CAGGGACACAGAGGAAGGCUUCUUCGCAGG	0
NM_005026.5:1129-1158	NM_005026.5	NM_005026.5.fasta	1129	1158	+	30	CTGCGAAGAAGCCTTCCTCTGTGTCCCTGT	ACAGGGACACAGAGGAAGGCUUCUUCGCAG	0
NM_005026.5:1130-1159	NM_005026.5	NM_005026.5.fasta	1130	1159	+	30	TGCGAAGAAGCCTTCCTCTGTGTCCCTGTG	CACAGGGACACAGAGGAAGGCUUCUUCGCA	0
NM_005026.5:1131-1160	NM_005026.5	NM_005026.5.fasta	1131	1160	+	30	GCGAAGAAGCCTTCCTCTGTGTCCCTGTGG	CCACAGGGACACAGAGGAAGGCUUCUUCGC	0
NM_005026.5:1132-1161	NM_005026.5	NM_005026.5.fasta	1132	1161	+	30	CGAAGAAGCCTTCCTCTGTGTCCCTGTGGT	ACCACAGGGACACAGAGGAAGGCUUCUUCG	0
NM_005026.5:1133-1162	NM_005026.5	NM_005026.5.fasta	1133	1162	+	30	GAAGAAGCCTTCCTCTGTGTCCCTGTGGTC	GACCACAGGGACACAGAGGAAGGCUUCUUC	0
NM_005026.5:1134-1163	NM_005026.5	NM_005026.5.fasta	1134	1163	+	30	AAGAAGCCTTCCTCTGTGTCCCTGTGGTCC	GGACCACAGGGACACAGAGGAAGGCUUCUU	0
NM_005026.5:1135-1164	NM_005026.5	NM_005026.5.fasta	1135	1164	+	30	AGAAGCCTTCCTCTGTGTCCCTGTGGTCCC	GGGACCACAGGGACACAGAGGAAGGCUUCU	0
NM_005026.5:1136-1165	NM_005026.5	NM_005026.5.fasta	1136	1165	+	30	GAAGCCTTCCTCTGTGTCCCTGTGGTCCCT	AGGGACCACAGGGACACAGAGGAAGGCUUC	0
NM_005026.5:1137-1166	NM_005026.5	NM_005026.5.fasta	1137	1166	+	30	AAGCCTTCCTCTGTGTCCCTGTGGTCCCTG	CAGGGACCACAGGGACACAGAGGAAGGCUU	0
NM_005026.5:1138-1167	NM_005026.5	NM_005026.5.fasta	1138	1167	+	30	AGCCTTCCTCTGTGTCCCTGTGGTCCCTGG	CCAGGGACCACAGGGACACAGAGGAAGGCU	0
NM_005026.5:1139-1168	NM_005026.5	NM_005026.5.fasta	1139	1168	+	30	GCCTTCCTCTGTGTCCCTGTGGTCCCTGGA	UCCAGGGACCACAGGGACACAGAGGAAGGC	0
NM_005026.5:1140-1169	NM_005026.5	NM_005026.5.fasta	1140	1169	+	30	CCTTCCTCTGTGTCCCTGTGGTCCCTGGAG	CUCCAGGGACCACAGGGACACAGAGGAAGG	0
NM_005026.5:1141-1170	NM_005026.5	NM_005026.5.fasta	1141	1170	+	30	CTTCCTCTGTGTCCCTGTGGTCCCTGGAGC	GCUCCAGGGACCACAGGGACACAGAGGAAG	0
NM_005026.5:1142-1171	NM_005026.5	NM_005026.5.fasta	1142	1171	+	30	TTCCTCTGTGTCCCTGTGGTCCCTGGAGCA	UGCUCCAGGGACCACAGGGACACAGAGGAA	0
NM_005026.5:1143-1172	NM_005026.5	NM_005026.5.fasta	1143	1172	+	30	TCCTCTGTGTCCCTGTGGTCCCTGGAGCAG	CUGCUCCAGGGACCACAGGGACACAGAGGA	0
NM_005026.5:1144-1173	NM_005026.5	NM_005026.5.fasta	1144	1173	+	30	CCTCTGTGTCCCTGTGGTCCCTGGAGCAGC	GCUGCUCCAGGGACCACAGGGACACAGAGG	0
NM_005026.5:1145-1174	NM_005026.5	NM_005026.5.fasta	1145	1174	+	30	CTCTGTGTCCCTGTGGTCCCTGGAGCAGCC	GGCUGCUCCAGGGACCACAGGGACACAGAG	0
NM_005026.5:1146-1175	NM_005026.5	NM_005026.5.fasta	1146	1175	+	30	TCTGTGTCCCTGTGGTCCCTGGAGCAGCCG	CGGCUGCUCCAGGGACCACAGGGACACAGA	0
NM_005026.5:1147-1176	NM_005026.5	NM_005026.5.fasta	1147	1176	+	30	CTGTGTCCCTGTGGTCCCTGGAGCAGCCGT	ACGGCUGCUCCAGGGACCACAGGGACACAG	0
NM_005026.5:1148-1177	NM_005026.5	NM_005026.5.fasta	1148	1177	+	30	TGTGTCCCTGTGGTCCCTGGAGCAGCCGTT	AACGGCUGCUCCAGGGACCACAGGGACACA	0
NM_005026.5:1149-1178	NM_005026.5	NM_005026.5.fasta	1149	1178	+	30	GTGTCCCTGTGGTCCCTGGAGCAGCCGTTC	GAACGGCUGCUCCAGGGACCACAGGGACAC	0
NM_005026.5:1150-1179	NM_005026.5	NM_005026.5.fasta	1150	1179	+	30	TGTCCCTGTGGTCCCTGGAGCAGCCGTTCC	GGAACGGCUGCUCCAGGGACCACAGGGACA	0
NM_005026.5:1151-1180	NM_005026.5	NM_005026.5.fasta	1151	1180	+	30	GTCCCTGTGGTCCCTGGAGCAGCCGTTCCG	CGGAACGGCUGCUCCAGGGACCACAGGGAC	0
NM_005026.5:1152-1181	NM_005026.5	NM_005026.5.fasta	1152	1181	+	30	TCCCTGTGGTCCCTGGAGCAGCCGTTCCGC	GCGGAACGGCUGCUCCAGGGACCACAGGGA	0
NM_005026.5:1153-1182	NM_005026.5	NM_005026.5.fasta	1153	1182	+	30	CCCTGTGGTCCCTGGAGCAGCCGTTCCGCA	UGCGGAACGGCUGCUCCAGGGACCACAGGG	0
NM_005026.5:1154-1183	NM_005026.5	NM_005026.5.fasta	1154	1183	+	30	CCTGTGGTCCCTGGAGCAGCCGTTCCGCAT	AUGCGGAACGGCUGCUCCAGGGACCACAGG	0
NM_005026.5:1155-1184	NM_005026.5	NM_005026.5.fasta	1155	1184	+	30	CTGTGGTCCCTGGAGCAGCCGTTCCGCATC	GAUGCGGAACGGCUGCUCCAGGGACCACAG	0
NM_005026.5:1156-1185	NM_005026.5	NM_005026.5.fasta	1156	1185	+	30	TGTGGTCCCTGGAGCAGCCGTTCCGCATCG	CGAUGCGGAACGGCUGCUCCAGGGACCACA	0
NM_005026.5:1157-1186	NM_005026.5	NM_005026.5.fasta	1157	1186	+	30	GTGGTCCCTGGAGCAGCCGTTCCGCATCGA	UCGAUGCGGAACGGCUGCUCCAGGGACCAC	0
NM_005026.5:1158-1187	NM_005026.5	NM_005026.5.fasta	1158	1187	+	30	TGGTCCCTGGAGCAGCCGTTCCGCATCGAG	CUCGAUGCGGAACGGCUGCUCCAGGGACCA	0
NM_005026.5:1159-1188	NM_005026.5	NM_005026.5.fasta	1159	1188	+	30	GGTCCCTGGAGCAGCCGTTCCGCATCGAGC	GCUCGAUGCGGAACGGCUGCUCCAGGGACC	0
NM_005026.5:1160-1189	NM_005026.5	NM_005026.5.fasta	1160	1189	+	30	GTCCCTGGAGCAGCCGTTCCGCATCGAGCT	AGCUCGAUGCGGAACGGCUGCUCCAGGGAC	0
NM_005026.5:1161-1190	NM_005026.5	NM_005026.5.fasta	1161	1190	+	30	TCCCTGGAGCAGCCGTTCCGCATCGAGCTC	GAGCUCGAUGCGGAACGGCUGCUCCAGGGA	0
NM_005026.5:1162-1191	NM_005026.5	NM_005026.5.fasta	1162	1191	+	30	CCCTGGAGCAGCCGTTCCGCATCGAGCTCA	UGAGCUCGAUGCGGAACGGCUGCUCCAGGG	0
NM_005026.5:1163-1192	NM_005026.5	NM_005026.5.fasta	1163	1192	+	30	CCTGGAGCAGCCGTTCCGCATCGAGCTCAT	AUGAGCUCGAUGCGGAACGGCUGCUCCAGG	0
NM_005026.5:1164-1193	NM_005026.5	NM_005026.5.fasta	1164	1193	+	30	CTGGAGCAGCCGTTCCGCATCGAGCTCATC	GAUGAGCUCGAUGCGGAACGGCUGCUCCAG	0
NM_005026.5:1165-1194	NM_005026.5	NM_005026.5.fasta	1165	1194	+	30	TGGAGCAGCCGTTCCGCATCGAGCTCATCC	GGAUGAGCUCGAUGCGGAACGGCUGCUCCA	0
NM_005026.5:1166-1195	NM_005026.5	NM_005026.5.fasta	1166	1195	+	30	GGAGCAGCCGTTCCGCATCGAGCTCATCCA	UGGAUGAGCUCGAUGCGGAACGGCUGCUCC	0
NM_005026.5:1167-1196	NM_005026.5	NM_005026.5.fasta	1167	1196	+	30	GAGCAGCCGTTCCGCATCGAGCTCATCCAG	CUGGAUGAGCUCGAUGCGGAACGGCUGCUC	0
NM_005026.5:1168-1197	NM_005026.5	NM_005026.5.fasta	1168	1197	+	30	AGCAGCCGTTCCGCATCGAGCTCATCCAGG	CCUGGAUGAGCUCGAUGCGGAACGGCUGCU	0
NM_005026.5:1169-1198	NM_005026.5	NM_005026.5.fasta	1169	1198	+	30	GCAGCCGTTCCGCATCGAGCTCATCCAGGG	CCCUGGAUGAGCUCGAUGCGGAACGGCUGC	0
NM_005026.5:1170-1199	NM_005026.5	NM_005026.5.fasta	1170	1199	+	30	CAGCCGTTCCGCATCGAGCTCATCCAGGGC	GCCCUGGAUGAGCUCGAUGCGGAACGGCUG	0
NM_005026.5:1171-1200	NM_005026.5	NM_005026.5.fasta	1171	1200	+	30	AGCCGTTCCGCATCGAGCTCATCCAGGGCA	UGCCCUGGAUGAGCUCGAUGCGGAACGGCU	0
NM_005026.5:1172-1201	NM_005026.5	NM_005026.5.fasta	1172	1201	+	30	GCCGTTCCGCATCGAGCTCATCCAGGGCAG	CUGCCCUGGAUGAGCUCGAUGCGGAACGGC	0
NM_005026.5:1173-1202	NM_005026.5	NM_005026.5.fasta	1173	1202	+	30	CCGTTCCGCATCGAGCTCATCCAGGGCAGC	GCUGCCCUGGAUGAGCUCGAUGCGGAACGG	0
NM_005026.5:1174-1203	NM_005026.5	NM_005026.5.fasta	1174	1203	+	30	CGTTCCGCATCGAGCTCATCCAGGGCAGCA	UGCUGCCCUGGAUGAGCUCGAUGCGGAACG	0
NM_005026.5:1175-1204	NM_005026.5	NM_005026.5.fasta	1175	1204	+	30	GTTCCGCATCGAGCTCATCCAGGGCAGCAA	UUGCUGCCCUGGAUGAGCUCGAUGCGGAAC	0
NM_005026.5:1176-1205	NM_005026.5	NM_005026.5.fasta	1176	1205	+	30	TTCCGCATCGAGCTCATCCAGGGCAGCAAA	UUUGCUGCCCUGGAUGAGCUCGAUGCGGAA	0
NM_005026.5:1177-1206	NM_005026.5	NM_005026.5.fasta	1177	1206	+	30	TCCGCATCGAGCTCATCCAGGGCAGCAAAG	CUUUGCUGCCCUGGAUGAGCUCGAUGCGGA	0
NM_005026.5:1178-1207	NM_005026.5	NM_005026.5.fasta	1178	1207	+	30	CCGCATCGAGCTCATCCAGGGCAGCAAAGT	ACUUUGCUGCCCUGGAUGAGCUCGAUGCGG	0
NM_005026.5:1179-1208	NM_005026.5	NM_005026.5.fasta	1179	1208	+	30	CGCATCGAGCTCATCCAGGGCAGCAAAGTG	CACUUUGCUGCCCUGGAUGAGCUCGAUGCG	0
NM_005026.5:1180-1209	NM_005026.5	NM_005026.5.fasta	1180	1209	+	30	GCATCGAGCTCATCCAGGGCAGCAAAGTGA	UCACUUUGCUGCCCUGGAUGAGCUCGAUGC	0
NM_005026.5:1181-1210	NM_005026.5	NM_005026.5.fasta	1181	1210	+	30	CATCGAGCTCATCCAGGGCAGCAAAGTGAA	UUCACUUUGCUGCCCUGGAUGAGCUCGAUG	0
NM_005026.5:1182-1211	NM_005026.5	NM_005026.5.fasta	1182	1211	+	30	ATCGAGCTCATCCAGGGCAGCAAAGTGAAC	GUUCACUUUGCUGCCCUGGAUGAGCUCGAU	0
NM_005026.5:1183-1212	NM_005026.5	NM_005026.5.fasta	1183	1212	+	30	TCGAGCTCATCCAGGGCAGCAAAGTGAACG	CGUUCACUUUGCUGCCCUGGAUGAGCUCGA	0
NM_005026.5:1184-1213	NM_005026.5	NM_005026.5.fasta	1184	1213	+	30	CGAGCTCATCCAGGGCAGCAAAGTGAACGC	GCGUUCACUUUGCUGCCCUGGAUGAGCUCG	0
NM_005026.5:1185-1214	NM_005026.5	NM_005026.5.fasta	1185	1214	+	30	GAGCTCATCCAGGGCAGCAAAGTGAACGCC	GGCGUUCACUUUGCUGCCCUGGAUGAGCUC	0
NM_005026.5:1186-1215	NM_005026.5	NM_005026.5.fasta	1186	1215	+	30	AGCTCATCCAGGGCAGCAAAGTGAACGCCG	CGGCGUUCACUUUGCUGCCCUGGAUGAGCU	0
NM_005026.5:1187-1216	NM_005026.5	NM_005026.5.fasta	1187	1216	+	30	GCTCATCCAGGGCAGCAAAGTGAACGCCGA	UCGGCGUUCACUUUGCUGCCCUGGAUGAGC	0
NM_005026.5:1188-1217	NM_005026.5	NM_005026.5.fasta	1188	1217	+	30	CTCATCCAGGGCAGCAAAGTGAACGCCGAC	GUCGGCGUUCACUUUGCUGCCCUGGAUGAG	0
NM_005026.5:1189-1218	NM_005026.5	NM_005026.5.fasta	1189	1218	+	30	TCATCCAGGGCAGCAAAGTGAACGCCGACG	CGUCGGCGUUCACUUUGCUGCCCUGGAUGA	0
NM_005026.5:1190-1219	NM_005026.5	NM_005026.5.fasta	1190	1219	+	30	CATCCAGGGCAGCAAAGTGAACGCCGACGA	UCGUCGGCGUUCACUUUGCUGCCCUGGAUG	0
NM_005026.5:1191-1220	NM_005026.5	NM_005026.5.fasta	1191	1220	+	30	ATCCAGGGCAGCAAAGTGAACGCCGACGAG	CUCGUCGGCGUUCACUUUGCUGCCCUGGAU	0
NM_005026.5:1192-1221	NM_005026.5	NM_005026.5.fasta	1192	1221	+	30	TCCAGGGCAGCAAAGTGAACGCCGACGAGC	GCUCGUCGGCGUUCACUUUGCUGCCCUGGA	0
NM_005026.5:1193-1222	NM_005026.5	NM_005026.5.fasta	1193	1222	+	30	CCAGGGCAGCAAAGTGAACGCCGACGAGCG	CGCUCGUCGGCGUUCACUUUGCUGCCCUGG	0
NM_005026.5:1194-1223	NM_005026.5	NM_005026.5.fasta	1194	1223	+	30	CAGGGCAGCAAAGTGAACGCCGACGAGCGG	CCGCUCGUCGGCGUUCACUUUGCUGCCCUG	0
NM_005026.5:1195-1224	NM_005026.5	NM_005026.5.fasta	1195	1224	+	30	AGGGCAGCAAAGTGAACGCCGACGAGCGGA	UCCGCUCGUCGGCGUUCACUUUGCUGCCCU	0
NM_005026.5:1196-1225	NM_005026.5	NM_005026.5.fasta	1196	1225	+	30	GGGCAGCAAAGTGAACGCCGACGAGCGGAT	AUCCGCUCGUCGGCGUUCACUUUGCUGCCC	0
NM_005026.5:1197-1226	NM_005026.5	NM_005026.5.fasta	1197	1226	+	30	GGCAGCAAAGTGAACGCCGACGAGCGGATG	CAUCCGCUCGUCGGCGUUCACUUUGCUGCC	0
NM_005026.5:1198-1227	NM_005026.5	NM_005026.5.fasta	1198	1227	+	30	GCAGCAAAGTGAACGCCGACGAGCGGATGA	UCAUCCGCUCGUCGGCGUUCACUUUGCUGC	0
NM_005026.5:1199-1228	NM_005026.5	NM_005026.5.fasta	1199	1228	+	30	CAGCAAAGTGAACGCCGACGAGCGGATGAA	UUCAUCCGCUCGUCGGCGUUCACUUUGCUG	0
NM_005026.5:1200-1229	NM_005026.5	NM_005026.5.fasta	1200	1229	+	30	AGCAAAGTGAACGCCGACGAGCGGATGAAG	CUUCAUCCGCUCGUCGGCGUUCACUUUGCU	0
NM_005026.5:1201-1230	NM_005026.5	NM_005026.5.fasta	1201	1230	+	30	GCAAAGTGAACGCCGACGAGCGGATGAAGC	GCUUCAUCCGCUCGUCGGCGUUCACUUUGC	0
NM_005026.5:1202-1231	NM_005026.5	NM_005026.5.fasta	1202	1231	+	30	CAAAGTGAACGCCGACGAGCGGATGAAGCT	AGCUUCAUCCGCUCGUCGGCGUUCACUUUG	0
NM_005026.5:1203-1232	NM_005026.5	NM_005026.5.fasta	1203	1232	+	30	AAAGTGAACGCCGACGAGCGGATGAAGCTG	CAGCUUCAUCCGCUCGUCGGCGUUCACUUU	0
NM_005026.5:1204-1233	NM_005026.5	NM_005026.5.fasta	1204	1233	+	30	AAGTGAACGCCGACGAGCGGATGAAGCTGG	CCAGCUUCAUCCGCUCGUCGGCGUUCACUU	0
NM_005026.5:1205-1234	NM_005026.5	NM_005026.5.fasta	1205	1234	+	30	AGTGAACGCCGACGAGCGGATGAAGCTGGT	ACCAGCUUCAUCCGCUCGUCGGCGUUCACU	0
NM_005026.5:1206-1235	NM_005026.5	NM_005026.5.fasta	1206	1235	+	30	GTGAACGCCGACGAGCGGATGAAGCTGGTG	CACCAGCUUCAUCCGCUCGUCGGCGUUCAC	0
NM_005026.5:1207-1236	NM_005026.5	NM_005026.5.fasta	1207	1236	+	30	TGAACGCCGACGAGCGGATGAAGCTGGTGG	CCACCAGCUUCAUCCGCUCGUCGGCGUUCA	0
NM_005026.5:1208-1237	NM_005026.5	NM_005026.5.fasta	1208	1237	+	30	GAACGCCGACGAGCGGATGAAGCTGGTGGT	ACCACCAGCUUCAUCCGCUCGUCGGCGUUC	0
NM_005026.5:1209-1238	NM_005026.5	NM_005026.5.fasta	1209	1238	+	30	AACGCCGACGAGCGGATGAAGCTGGTGGTG	CACCACCAGCUUCAUCCGCUCGUCGGCGUU	0
NM_005026.5:1210-1239	NM_005026.5	NM_005026.5.fasta	1210	1239	+	30	ACGCCGACGAGCGGATGAAGCTGGTGGTGC	GCACCACCAGCUUCAUCCGCUCGUCGGCGU	0
NM_005026.5:1211-1240	NM_005026.5	NM_005026.5.fasta	1211	1240	+	30	CGCCGACGAGCGGATGAAGCTGGTGGTGCA	UGCACCACCAGCUUCAUCCGCUCGUCGGCG	0
NM_005026.5:1212-1241	NM_005026.5	NM_005026.5.fasta	1212	1241	+	30	GCCGACGAGCGGATGAAGCTGGTGGTGCAG	CUGCACCACCAGCUUCAUCCGCUCGUCGGC	0
NM_005026.5:1213-1242	NM_005026.5	NM_005026.5.fasta	1213	1242	+	30	CCGACGAGCGGATGAAGCTGGTGGTGCAGG	CCUGCACCACCAGCUUCAUCCGCUCGUCGG	0
NM_005026.5:1214-1243	NM_005026.5	NM_005026.5.fasta	1214	1243	+	30	CGACGAGCGGATGAAGCTGGTGGTGCAGGC	GCCUGCACCACCAGCUUCAUCCGCUCGUCG	0
NM_005026.5:1215-1244	NM_005026.5	NM_005026.5.fasta	1215	1244	+	30	GACGAGCGGATGAAGCTGGTGGTGCAGGCC	GGCCUGCACCACCAGCUUCAUCCGCUCGUC	0
NM_005026.5:1216-1245	NM_005026.5	NM_005026.5.fasta	1216	1245	+	30	ACGAGCGGATGAAGCTGGTGGTGCAGGCCG	CGGCCUGCACCACCAGCUUCAUCCGCUCGU	0
NM_005026.5:1217-1246	NM_005026.5	NM_005026.5.fasta	1217	1246	+	30	CGAGCGGATGAAGCTGGTGGTGCAGGCCGG	CCGGCCUGCACCACCAGCUUCAUCCGCUCG	0
NM_005026.5:1218-1247	NM_005026.5	NM_005026.5.fasta	1218	1247	+	30	GAGCGGATGAAGCTGGTGGTGCAGGCCGGG	CCCGGCCUGCACCACCAGCUUCAUCCGCUC	0
NM_005026.5:1219-1248	NM_005026.5	NM_005026.5.fasta	1219	1248	+	30	AGCGGATGAAGCTGGTGGTGCAGGCCGGGC	GCCCGGCCUGCACCACCAGCUUCAUCCGCU	0
NM_005026.5:1220-1249	NM_005026.5	NM_005026.5.fasta	1220	1249	+	30	GCGGATGAAGCTGGTGGTGCAGGCCGGGCT	AGCCCGGCCUGCACCACCAGCUUCAUCCGC	0
NM_005026.5:1221-1250	NM_005026.5	NM_005026.5.fasta	1221	1250	+	30	CGGATGAAGCTGGTGGTGCAGGCCGGGCTT	AAGCCCGGCCUGCACCACCAGCUUCAUCCG	0
NM_005026.5:1222-1251	NM_005026.5	NM_005026.5.fasta	1222	1251	+	30	GGATGAAGCTGGTGGTGCAGGCCGGGCTTT	AAAGCCCGGCCUGCACCACCAGCUUCAUCC	0
NM_005026.5:1223-1252	NM_005026.5	NM_005026.5.fasta	1223	1252	+	30	GATGAAGCTGGTGGTGCAGGCCGGGCTTTT	AAAAGCCCGGCCUGCACCACCAGCUUCAUC	0
NM_005026.5:1224-1253	NM_005026.5	NM_005026.5.fasta	1224	1253	+	30	ATGAAGCTGGTGGTGCAGGCCGGGCTTTTC	GAAAAGCCCGGCCUGCACCACCAGCUUCAU	0
NM_005026.5:1225-1254	NM_005026.5	NM_005026.5.fasta	1225	1254	+	30	TGAAGCTGGTGGTGCAGGCCGGGCTTTTCC	GGAAAAGCCCGGCCUGCACCACCAGCUUCA	0
NM_005026.5:1226-1255	NM_005026.5	NM_005026.5.fasta	1226	1255	+	30	GAAGCTGGTGGTGCAGGCCGGGCTTTTCCA	UGGAAAAGCCCGGCCUGCACCACCAGCUUC	0
NM_005026.5:1227-1256	NM_005026.5	NM_005026.5.fasta	1227	1256	+	30	AAGCTGGTGGTGCAGGCCGGGCTTTTCCAC	GUGGAAAAGCCCGGCCUGCACCACCAGCUU	0
NM_005026.5:1228-1257	NM_005026.5	NM_005026.5.fasta	1228	1257	+	30	AGCTGGTGGTGCAGGCCGGGCTTTTCCACG	CGUGGAAAAGCCCGGCCUGCACCACCAGCU	0
NM_005026.5:1229-1258	NM_005026.5	NM_005026.5.fasta	1229	1258	+	30	GCTGGTGGTGCAGGCCGGGCTTTTCCACGG	CCGUGGAAAAGCCCGGCCUGCACCACCAGC	0
NM_005026.5:1230-1259	NM_005026.5	NM_005026.5.fasta	1230	1259	+	30	CTGGTGGTGCAGGCCGGGCTTTTCCACGGC	GCCGUGGAAAAGCCCGGCCUGCACCACCAG	0
NM_005026.5:1231-1260	NM_005026.5	NM_005026.5.fasta	1231	1260	+	30	TGGTGGTGCAGGCCGGGCTTTTCCACGGCA	UGCCGUGGAAAAGCCCGGCCUGCACCACCA	0
NM_005026.5:1232-1261	NM_005026.5	NM_005026.5.fasta	1232	1261	+	30	GGTGGTGCAGGCCGGGCTTTTCCACGGCAA	UUGCCGUGGAAAAGCCCGGCCUGCACCACC	0
NM_005026.5:1233-1262	NM_005026.5	NM_005026.5.fasta	1233	1262	+	30	GTGGTGCAGGCCGGGCTTTTCCACGGCAAC	GUUGCCGUGGAAAAGCCCGGCCUGCACCAC	0
NM_005026.5:1234-1263	NM_005026.5	NM_005026.5.fasta	1234	1263	+	30	TGGTGCAGGCCGGGCTTTTCCACGGCAACG	CGUUGCCGUGGAAAAGCCCGGCCUGCACCA	0
NM_005026.5:1235-1264	NM_005026.5	NM_005026.5.fasta	1235	1264	+	30	GGTGCAGGCCGGGCTTTTCCACGGCAACGA	UCGUUGCCGUGGAAAAGCCCGGCCUGCACC	0
NM_005026.5:1236-1265	NM_005026.5	NM_005026.5.fasta	1236	1265	+	30	GTGCAGGCCGGGCTTTTCCACGGCAACGAG	CUCGUUGCCGUGGAAAAGCCCGGCCUGCAC	0
NM_005026.5:1237-1266	NM_005026.5	NM_005026.5.fasta	1237	1266	+	30	TGCAGGCCGGGCTTTTCCACGGCAACGAGA	UCUCGUUGCCGUGGAAAAGCCCGGCCUGCA	0
NM_005026.5:1238-1267	NM_005026.5	NM_005026.5.fasta	1238	1267	+	30	GCAGGCCGGGCTTTTCCACGGCAACGAGAT	AUCUCGUUGCCGUGGAAAAGCCCGGCCUGC	0
NM_005026.5:1239-1268	NM_005026.5	NM_005026.5.fasta	1239	1268	+	30	CAGGCCGGGCTTTTCCACGGCAACGAGATG	CAUCUCGUUGCCGUGGAAAAGCCCGGCCUG	0
NM_005026.5:1240-1269	NM_005026.5	NM_005026.5.fasta	1240	1269	+	30	AGGCCGGGCTTTTCCACGGCAACGAGATGC	GCAUCUCGUUGCCGUGGAAAAGCCCGGCCU	0
NM_005026.5:1241-1270	NM_005026.5	NM_005026.5.fasta	1241	1270	+	30	GGCCGGGCTTTTCCACGGCAACGAGATGCT	AGCAUCUCGUUGCCGUGGAAAAGCCCGGCC	0
NM_005026.5:1242-1271	NM_005026.5	NM_005026.5.fasta	1242	1271	+	30	GCCGGGCTTTTCCACGGCAACGAGATGCTG	CAGCAUCUCGUUGCCGUGGAAAAGCCCGGC	0
NM_005026.5:1243-1272	NM_005026.5	NM_005026.5.fasta	1243	1272	+	30	CCGGGCTTTTCCACGGCAACGAGATGCTGT	ACAGCAUCUCGUUGCCGUGGAAAAGCCCGG	0
NM_005026.5:1244-1273	NM_005026.5	NM_005026.5.fasta	1244	1273	+	30	CGGGCTTTTCCACGGCAACGAGATGCTGTG	CACAGCAUCUCGUUGCCGUGGAAAAGCCCG	0
NM_005026.5:1245-1274	NM_005026.5	NM_005026.5.fasta	1245	1274	+	30	GGGCTTTTCCACGGCAACGAGATGCTGTGC	GCACAGCAUCUCGUUGCCGUGGAAAAGCCC	0
NM_005026.5:1246-1275	NM_005026.5	NM_005026.5.fasta	1246	1275	+	30	GGCTTTTCCACGGCAACGAGATGCTGTGCA	UGCACAGCAUCUCGUUGCCGUGGAAAAGCC	0
NM_005026.5:1247-1276	NM_005026.5	NM_005026.5.fasta	1247	1276	+	30	GCTTTTCCACGGCAACGAGATGCTGTGCAA	UUGCACAGCAUCUCGUUGCCGUGGAAAAGC	0
NM_005026.5:1248-1277	NM_005026.5	NM_005026.5.fasta	1248	1277	+	30	CTTTTCCACGGCAACGAGATGCTGTGCAAG	CUUGCACAGCAUCUCGUUGCCGUGGAAAAG	0
NM_005026.5:1249-1278	NM_005026.5	NM_005026.5.fasta	1249	1278	+	30	TTTTCCACGGCAACGAGATGCTGTGCAAGA	UCUUGCACAGCAUCUCGUUGCCGUGGAAAA	0
NM_005026.5:1250-1279	NM_005026.5	NM_005026.5.fasta	1250	1279	+	30	TTTCCACGGCAACGAGATGCTGTGCAAGAC	GUCUUGCACAGCAUCUCGUUGCCGUGGAAA	0
NM_005026.5:1251-1280	NM_005026.5	NM_005026.5.fasta	1251	1280	+	30	TTCCACGGCAACGAGATGCTGTGCAAGACG	CGUCUUGCACAGCAUCUCGUUGCCGUGGAA	0
NM_005026.5:1252-1281	NM_005026.5	NM_005026.5.fasta	1252	1281	+	30	TCCACGGCAACGAGATGCTGTGCAAGACGG	CCGUCUUGCACAGCAUCUCGUUGCCGUGGA	0
NM_005026.5:1253-1282	NM_005026.5	NM_005026.5.fasta	1253	1282	+	30	CCACGGCAACGAGATGCTGTGCAAGACGGT	ACCGUCUUGCACAGCAUCUCGUUGCCGUGG	0
NM_005026.5:1254-1283	NM_005026.5	NM_005026.5.fasta	1254	1283	+	30	CACGGCAACGAGATGCTGTGCAAGACGGTG	CACCGUCUUGCACAGCAUCUCGUUGCCGUG	0
NM_005026.5:1255-1284	NM_005026.5	NM_005026.5.fasta	1255	1284	+	30	ACGGCAACGAGATGCTGTGCAAGACGGTGT	ACACCGUCUUGCACAGCAUCUCGUUGCCGU	0
NM_005026.5:1256-1285	NM_005026.5	NM_005026.5.fasta	1256	1285	+	30	CGGCAACGAGATGCTGTGCAAGACGGTGTC	GACACCGUCUUGCACAGCAUCUCGUUGCCG	0
NM_005026.5:1257-1286	NM_005026.5	NM_005026.5.fasta	1257	1286	+	30	GGCAACGAGATGCTGTGCAAGACGGTGTCC	GGACACCGUCUUGCACAGCAUCUCGUUGCC	0
NM_005026.5:1258-1287	NM_005026.5	NM_005026.5.fasta	1258	1287	+	30	GCAACGAGATGCTGTGCAAGACGGTGTCCA	UGGACACCGUCUUGCACAGCAUCUCGUUGC	0
NM_005026.5:1259-1288	NM_005026.5	NM_005026.5.fasta	1259	1288	+	30	CAACGAGATGCTGTGCAAGACGGTGTCCAG	CUGGACACCGUCUUGCACAGCAUCUCGUUG	0
NM_005026.5:1260-1289	NM_005026.5	NM_005026.5.fasta	1260	1289	+	30	AACGAGATGCTGTGCAAGACGGTGTCCAGC	GCUGGACACCGUCUUGCACAGCAUCUCGUU	0
NM_005026.5:1261-1290	NM_005026.5	NM_005026.5.fasta	1261	1290	+	30	ACGAGATGCTGTGCAAGACGGTGTCCAGCT	AGCUGGACACCGUCUUGCACAGCAUCUCGU	0
NM_005026.5:1262-1291	NM_005026.5	NM_005026.5.fasta	1262	1291	+	30	CGAGATGCTGTGCAAGACGGTGTCCAGCTC	GAGCUGGACACCGUCUUGCACAGCAUCUCG	0
NM_005026.5:1263-1292	NM_005026.5	NM_005026.5.fasta	1263	1292	+	30	GAGATGCTGTGCAAGACGGTGTCCAGCTCG	CGAGCUGGACACCGUCUUGCACAGCAUCUC	0
NM_005026.5:1264-1293	NM_005026.5	NM_005026.5.fasta	1264	1293	+	30	AGATGCTGTGCAAGACGGTGTCCAGCTCGG	CCGAGCUGGACACCGUCUUGCACAGCAUCU	0
NM_005026.5:1265-1294	NM_005026.5	NM_005026.5.fasta	1265	1294	+	30	GATGCTGTGCAAGACGGTGTCCAGCTCGGA	UCCGAGCUGGACACCGUCUUGCACAGCAUC	0
NM_005026.5:1266-1295	NM_005026.5	NM_005026.5.fasta	1266	1295	+	30	ATGCTGTGCAAGACGGTGTCCAGCTCGGAG	CUCCGAGCUGGACACCGUCUUGCACAGCAU	0
NM_005026.5:1267-1296	NM_005026.5	NM_005026.5.fasta	1267	1296	+	30	TGCTGTGCAAGACGGTGTCCAGCTCGGAGG	CCUCCGAGCUGGACACCGUCUUGCACAGCA	0
NM_005026.5:1268-1297	NM_005026.5	NM_005026.5.fasta	1268	1297	+	30	GCTGTGCAAGACGGTGTCCAGCTCGGAGGT	ACCUCCGAGCUGGACACCGUCUUGCACAGC	0
NM_005026.5:1269-1298	NM_005026.5	NM_005026.5.fasta	1269	1298	+	30	CTGTGCAAGACGGTGTCCAGCTCGGAGGTG	CACCUCCGAGCUGGACACCGUCUUGCACAG	0
NM_005026.5:1270-1299	NM_005026.5	NM_005026.5.fasta	1270	1299	+	30	TGTGCAAGACGGTGTCCAGCTCGGAGGTGA	UCACCUCCGAGCUGGACACCGUCUUGCACA	0
NM_005026.5:1271-1300	NM_005026.5	NM_005026.5.fasta	1271	1300	+	30	GTGCAAGACGGTGTCCAGCTCGGAGGTGAG	CUCACCUCCGAGCUGGACACCGUCUUGCAC	0
NM_005026.5:1272-1301	NM_005026.5	NM_005026.5.fasta	1272	1301	+	30	TGCAAGACGGTGTCCAGCTCGGAGGTGAGC	GCUCACCUCCGAGCUGGACACCGUCUUGCA	0
NM_005026.5:1273-1302	NM_005026.5	NM_005026.5.fasta	1273	1302	+	30	GCAAGACGGTGTCCAGCTCGGAGGTGAGCG	CGCUCACCUCCGAGCUGGACACCGUCUUGC	0
NM_005026.5:1274-1303	NM_005026.5	NM_005026.5.fasta	1274	1303	+	30	CAAGACGGTGTCCAGCTCGGAGGTGAGCGT	ACGCUCACCUCCGAGCUGGACACCGUCUUG	0
NM_005026.5:1275-1304	NM_005026.5	NM_005026.5.fasta	1275	1304	+	30	AAGACGGTGTCCAGCTCGGAGGTGAGCGTG	CACGCUCACCUCCGAGCUGGACACCGUCUU	0
NM_005026.5:1276-1305	NM_005026.5	NM_005026.5.fasta	1276	1305	+	30	AGACGGTGTCCAGCTCGGAGGTGAGCGTGT	ACACGCUCACCUCCGAGCUGGACACCGUCU	0
NM_005026.5:1277-1306	NM_005026.5	NM_005026.5.fasta	1277	1306	+	30	GACGGTGTCCAGCTCGGAGGTGAGCGTGTG	CACACGCUCACCUCCGAGCUGGACACCGUC	0
NM_005026.5:1278-1307	NM_005026.5	NM_005026.5.fasta	1278	1307	+	30	ACGGTGTCCAGCTCGGAGGTGAGCGTGTGC	GCACACGCUCACCUCCGAGCUGGACACCGU	0
NM_005026.5:1279-1308	NM_005026.5	NM_005026.5.fasta	1279	1308	+	30	CGGTGTCCAGCTCGGAGGTGAGCGTGTGCT	AGCACACGCUCACCUCCGAGCUGGACACCG	0
NM_005026.5:1280-1309	NM_005026.5	NM_005026.5.fasta	1280	1309	+	30	GGTGTCCAGCTCGGAGGTGAGCGTGTGCTC	GAGCACACGCUCACCUCCGAGCUGGACACC	0
NM_005026.5:1281-1310	NM_005026.5	NM_005026.5.fasta	1281	1310	+	30	GTGTCCAGCTCGGAGGTGAGCGTGTGCTCG	CGAGCACACGCUCACCUCCGAGCUGGACAC	0
NM_005026.5:1282-1311	NM_005026.5	NM_005026.5.fasta	1282	1311	+	30	TGTCCAGCTCGGAGGTGAGCGTGTGCTCGG	CCGAGCACACGCUCACCUCCGAGCUGGACA	0
NM_005026.5:1283-1312	NM_005026.5	NM_005026.5.fasta	1283	1312	+	30	GTCCAGCTCGGAGGTGAGCGTGTGCTCGGA	UCCGAGCACACGCUCACCUCCGAGCUGGAC	0
NM_005026.5:1284-1313	NM_005026.5	NM_005026.5.fasta	1284	1313	+	30	TCCAGCTCGGAGGTGAGCGTGTGCTCGGAG	CUCCGAGCACACGCUCACCUCCGAGCUGGA	0
NM_005026.5:1285-1314	NM_005026.5	NM_005026.5.fasta	1285	1314	+	30	CCAGCTCGGAGGTGAGCGTGTGCTCGGAGC	GCUCCGAGCACACGCUCACCUCCGAGCUGG	0
NM_005026.5:1286-1315	NM_005026.5	NM_005026.5.fasta	1286	1315	+	30	CAGCTCGGAGGTGAGCGTGTGCTCGGAGCC	GGCUCCGAGCACACGCUCACCUCCGAGCUG	0
NM_005026.5:1287-1316	NM_005026.5	NM_005026.5.fasta	1287	1316	+	30	AGCTCGGAGGTGAGCGTGTGCTCGGAGCCC	GGGCUCCGAGCACACGCUCACCUCCGAGCU	0
NM_005026.5:1288-1317	NM_005026.5	NM_005026.5.fasta	1288	1317	+	30	GCTCGGAGGTGAGCGTGTGCTCGGAGCCCG	CGGGCUCCGAGCACACGCUCACCUCCGAGC	0
NM_005026.5:1289-1318	NM_005026.5	NM_005026.5.fasta	1289	1318	+	30	CTCGGAGGTGAGCGTGTGCTCGGAGCCCGT	ACGGGCUCCGAGCACACGCUCACCUCCGAG	0
NM_005026.5:1290-1319	NM_005026.5	NM_005026.5.fasta	1290	1319	+	30	TCGGAGGTGAGCGTGTGCTCGGAGCCCGTG	CACGGGCUCCGAGCACACGCUCACCUCCGA	0
NM_005026.5:1291-1320	NM_005026.5	NM_005026.5.fasta	1291	1320	+	30	CGGAGGTGAGCGTGTGCTCGGAGCCCGTGT	ACACGGGCUCCGAGCACACGCUCACCUCCG	0
NM_005026.5:1292-1321	NM_005026.5	NM_005026.5.fasta	1292	1321	+	30	GGAGGTGAGCGTGTGCTCGGAGCCCGTGTG	CACACGGGCUCCGAGCACACGCUCACCUCC	0
NM_005026.5:1293-1322	NM_005026.5	NM_005026.5.fasta	1293	1322	+	30	GAGGTGAGCGTGTGCTCGGAGCCCGTGTGG	CCACACGGGCUCCGAGCACACGCUCACCUC	0
NM_005026.5:1294-1323	NM_005026.5	NM_005026.5.fasta	1294	1323	+	30	AGGTGAGCGTGTGCTCGGAGCCCGTGTGGA	UCCACACGGGCUCCGAGCACACGCUCACCU	0
NM_005026.5:1295-1324	NM_005026.5	NM_005026.5.fasta	1295	1324	+	30	GGTGAGCGTGTGCTCGGAGCCCGTGTGGAA	UUCCACACGGGCUCCGAGCACACGCUCACC	0
NM_005026.5:1296-1325	NM_005026.5	NM_005026.5.fasta	1296	1325	+	30	GTGAGCGTGTGCTCGGAGCCCGTGTGGAAG	CUUCCACACGGGCUCCGAGCACACGCUCAC	0
NM_005026.5:1297-1326	NM_005026.5	NM_005026.5.fasta	1297	1326	+	30	TGAGCGTGTGCTCGGAGCCCGTGTGGAAGC	GCUUCCACACGGGCUCCGAGCACACGCUCA	0
NM_005026.5:1298-1327	NM_005026.5	NM_005026.5.fasta	1298	1327	+	30	GAGCGTGTGCTCGGAGCCCGTGTGGAAGCA	UGCUUCCACACGGGCUCCGAGCACACGCUC	0
NM_005026.5:1299-1328	NM_005026.5	NM_005026.5.fasta	1299	1328	+	30	AGCGTGTGCTCGGAGCCCGTGTGGAAGCAG	CUGCUUCCACACGGGCUCCGAGCACACGCU	0
NM_005026.5:1300-1329	NM_005026.5	NM_005026.5.fasta	1300	1329	+	30	GCGTGTGCTCGGAGCCCGTGTGGAAGCAGC	GCUGCUUCCACACGGGCUCCGAGCACACGC	0
NM_005026.5:1301-1330	NM_005026.5	NM_005026.5.fasta	1301	1330	+	30	CGTGTGCTCGGAGCCCGTGTGGAAGCAGCG	CGCUGCUUCCACACGGGCUCCGAGCACACG	0
NM_005026.5:1302-1331	NM_005026.5	NM_005026.5.fasta	1302	1331	+	30	GTGTGCTCGGAGCCCGTGTGGAAGCAGCGG	CCGCUGCUUCCACACGGGCUCCGAGCACAC	0
NM_005026.5:1303-1332	NM_005026.5	NM_005026.5.fasta	1303	1332	+	30	TGTGCTCGGAGCCCGTGTGGAAGCAGCGGC	GCCGCUGCUUCCACACGGGCUCCGAGCACA	0
NM_005026.5:1304-1333	NM_005026.5	NM_005026.5.fasta	1304	1333	+	30	GTGCTCGGAGCCCGTGTGGAAGCAGCGGCT	AGCCGCUGCUUCCACACGGGCUCCGAGCAC	0
NM_005026.5:1305-1334	NM_005026.5	NM_005026.5.fasta	1305	1334	+	30	TGCTCGGAGCCCGTGTGGAAGCAGCGGCTG	CAGCCGCUGCUUCCACACGGGCUCCGAGCA	0
NM_005026.5:1306-1335	NM_005026.5	NM_005026.5.fasta	1306	1335	+	30	GCTCGGAGCCCGTGTGGAAGCAGCGGCTGG	CCAGCCGCUGCUUCCACACGGGCUCCGAGC	0
NM_005026.5:1307-1336	NM_005026.5	NM_005026.5.fasta	1307	1336	+	30	CTCGGAGCCCGTGTGGAAGCAGCGGCTGGA	UCCAGCCGCUGCUUCCACACGGGCUCCGAG	0
NM_005026.5:1308-1337	NM_005026.5	NM_005026.5.fasta	1308	1337	+	30	TCGGAGCCCGTGTGGAAGCAGCGGCTGGAG	CUCCAGCCGCUGCUUCCACACGGGCUCCGA	0
NM_005026.5:1309-1338	NM_005026.5	NM_005026.5.fasta	1309	1338	+	30	CGGAGCCCGTGTGGAAGCAGCGGCTGGAGT	ACUCCAGCCGCUGCUUCCACACGGGCUCCG	0
NM_005026.5:1310-1339	NM_005026.5	NM_005026.5.fasta	1310	1339	+	30	GGAGCCCGTGTGGAAGCAGCGGCTGGAGTT	AACUCCAGCCGCUGCUUCCACACGGGCUCC	0
NM_005026.5:1311-1340	NM_005026.5	NM_005026.5.fasta	1311	1340	+	30	GAGCCCGTGTGGAAGCAGCGGCTGGAGTTC	GAACUCCAGCCGCUGCUUCCACACGGGCUC	0
NM_005026.5:1312-1341	NM_005026.5	NM_005026.5.fasta	1312	1341	+	30	AGCCCGTGTGGAAGCAGCGGCTGGAGTTCG	CGAACUCCAGCCGCUGCUUCCACACGGGCU	0
NM_005026.5:1313-1342	NM_005026.5	NM_005026.5.fasta	1313	1342	+	30	GCCCGTGTGGAAGCAGCGGCTGGAGTTCGA	UCGAACUCCAGCCGCUGCUUCCACACGGGC	0
NM_005026.5:1314-1343	NM_005026.5	NM_005026.5.fasta	1314	1343	+	30	CCCGTGTGGAAGCAGCGGCTGGAGTTCGAC	GUCGAACUCCAGCCGCUGCUUCCACACGGG	0
NM_005026.5:1315-1344	NM_005026.5	NM_005026.5.fasta	1315	1344	+	30	CCGTGTGGAAGCAGCGGCTGGAGTTCGACA	UGUCGAACUCCAGCCGCUGCUUCCACACGG	0
NM_005026.5:1316-1345	NM_005026.5	NM_005026.5.fasta	1316	1345	+	30	CGTGTGGAAGCAGCGGCTGGAGTTCGACAT	AUGUCGAACUCCAGCCGCUGCUUCCACACG	0
NM_005026.5:1317-1346	NM_005026.5	NM_005026.5.fasta	1317	1346	+	30	GTGTGGAAGCAGCGGCTGGAGTTCGACATC	GAUGUCGAACUCCAGCCGCUGCUUCCACAC	0
NM_005026.5:1318-1347	NM_005026.5	NM_005026.5.fasta	1318	1347	+	30	TGTGGAAGCAGCGGCTGGAGTTCGACATCA	UGAUGUCGAACUCCAGCCGCUGCUUCCACA	0
NM_005026.5:1319-1348	NM_005026.5	NM_005026.5.fasta	1319	1348	+	30	GTGGAAGCAGCGGCTGGAGTTCGACATCAA	UUGAUGUCGAACUCCAGCCGCUGCUUCCAC	0
NM_005026.5:1320-1349	NM_005026.5	NM_005026.5.fasta	1320	1349	+	30	TGGAAGCAGCGGCTGGAGTTCGACATCAAC	GUUGAUGUCGAACUCCAGCCGCUGCUUCCA	0
NM_005026.5:1321-1350	NM_005026.5	NM_005026.5.fasta	1321	1350	+	30	GGAAGCAGCGGCTGGAGTTCGACATCAACA	UGUUGAUGUCGAACUCCAGCCGCUGCUUCC	0
NM_005026.5:1322-1351	NM_005026.5	NM_005026.5.fasta	1322	1351	+	30	GAAGCAGCGGCTGGAGTTCGACATCAACAT	AUGUUGAUGUCGAACUCCAGCCGCUGCUUC	0
NM_005026.5:1323-1352	NM_005026.5	NM_005026.5.fasta	1323	1352	+	30	AAGCAGCGGCTGGAGTTCGACATCAACATC	GAUGUUGAUGUCGAACUCCAGCCGCUGCUU	0
NM_005026.5:1324-1353	NM_005026.5	NM_005026.5.fasta	1324	1353	+	30	AGCAGCGGCTGGAGTTCGACATCAACATCT	AGAUGUUGAUGUCGAACUCCAGCCGCUGCU	0
NM_005026.5:1325-1354	NM_005026.5	NM_005026.5.fasta	1325	1354	+	30	GCAGCGGCTGGAGTTCGACATCAACATCTG	CAGAUGUUGAUGUCGAACUCCAGCCGCUGC	0
NM_005026.5:1326-1355	NM_005026.5	NM_005026.5.fasta	1326	1355	+	30	CAGCGGCTGGAGTTCGACATCAACATCTGC	GCAGAUGUUGAUGUCGAACUCCAGCCGCUG	0
NM_005026.5:1327-1356	NM_005026.5	NM_005026.5.fasta	1327	1356	+	30	AGCGGCTGGAGTTCGACATCAACATCTGCG	CGCAGAUGUUGAUGUCGAACUCCAGCCGCU	0
NM_005026.5:1328-1357	NM_005026.5	NM_005026.5.fasta	1328	1357	+	30	GCGGCTGGAGTTCGACATCAACATCTGCGA	UCGCAGAUGUUGAUGUCGAACUCCAGCCGC	0
NM_005026.5:1329-1358	NM_005026.5	NM_005026.5.fasta	1329	1358	+	30	CGGCTGGAGTTCGACATCAACATCTGCGAC	GUCGCAGAUGUUGAUGUCGAACUCCAGCCG	0
NM_005026.5:1330-1359	NM_005026.5	NM_005026.5.fasta	1330	1359	+	30	GGCTGGAGTTCGACATCAACATCTGCGACC	GGUCGCAGAUGUUGAUGUCGAACUCCAGCC	0
NM_005026.5:1331-1360	NM_005026.5	NM_005026.5.fasta	1331	1360	+	30	GCTGGAGTTCGACATCAACATCTGCGACCT	AGGUCGCAGAUGUUGAUGUCGAACUCCAGC	0
NM_005026.5:1332-1361	NM_005026.5	NM_005026.5.fasta	1332	1361	+	30	CTGGAGTTCGACATCAACATCTGCGACCTG	CAGGUCGCAGAUGUUGAUGUCGAACUCCAG	0
NM_005026.5:1333-1362	NM_005026.5	NM_005026.5.fasta	1333	1362	+	30	TGGAGTTCGACATCAACATCTGCGACCTGC	GCAGGUCGCAGAUGUUGAUGUCGAACUCCA	0
NM_005026.5:1334-1363	NM_005026.5	NM_005026.5.fasta	1334	1363	+	30	GGAGTTCGACATCAACATCTGCGACCTGCC	GGCAGGUCGCAGAUGUUGAUGUCGAACUCC	0
NM_005026.5:1335-1364	NM_005026.5	NM_005026.5.fasta	1335	1364	+	30	GAGTTCGACATCAACATCTGCGACCTGCCC	GGGCAGGUCGCAGAUGUUGAUGUCGAACUC	0
NM_005026.5:1336-1365	NM_005026.5	NM_005026.5.fasta	1336	1365	+	30	AGTTCGACATCAACATCTGCGACCTGCCCC	GGGGCAGGUCGCAGAUGUUGAUGUCGAACU	0
NM_005026.5:1337-1366	NM_005026.5	NM_005026.5.fasta	1337	1366	+	30	GTTCGACATCAACATCTGCGACCTGCCCCG	CGGGGCAGGUCGCAGAUGUUGAUGUCGAAC	0
NM_005026.5:1338-1367	NM_005026.5	NM_005026.5.fasta	1338	1367	+	30	TTCGACATCAACATCTGCGACCTGCCCCGC	GCGGGGCAGGUCGCAGAUGUUGAUGUCGAA	0
NM_005026.5:1339-1368	NM_005026.5	NM_005026.5.fasta	1339	1368	+	30	TCGACATCAACATCTGCGACCTGCCCCGCA	UGCGGGGCAGGUCGCAGAUGUUGAUGUCGA	0
NM_005026.5:1340-1369	NM_005026.5	NM_005026.5.fasta	1340	1369	+	30	CGACATCAACATCTGCGACCTGCCCCGCAT	AUGCGGGGCAGGUCGCAGAUGUUGAUGUCG	0
NM_005026.5:1341-1370	NM_005026.5	NM_005026.5.fasta	1341	1370	+	30	GACATCAACATCTGCGACCTGCCCCGCATG	CAUGCGGGGCAGGUCGCAGAUGUUGAUGUC	0
NM_005026.5:1342-1371	NM_005026.5	NM_005026.5.fasta	1342	1371	+	30	ACATCAACATCTGCGACCTGCCCCGCATGG	CCAUGCGGGGCAGGUCGCAGAUGUUGAUGU	0
NM_005026.5:1343-1372	NM_005026.5	NM_005026.5.fasta	1343	1372	+	30	CATCAACATCTGCGACCTGCCCCGCATGGC	GCCAUGCGGGGCAGGUCGCAGAUGUUGAUG	0
NM_005026.5:1344-1373	NM_005026.5	NM_005026.5.fasta	1344	1373	+	30	ATCAACATCTGCGACCTGCCCCGCATGGCC	GGCCAUGCGGGGCAGGUCGCAGAUGUUGAU	0
NM_005026.5:1345-1374	NM_005026.5	NM_005026.5.fasta	1345	1374	+	30	TCAACATCTGCGACCTGCCCCGCATGGCCC	GGGCCAUGCGGGGCAGGUCGCAGAUGUUGA	0
NM_005026.5:1346-1375	NM_005026.5	NM_005026.5.fasta	1346	1375	+	30	CAACATCTGCGACCTGCCCCGCATGGCCCG	CGGGCCAUGCGGGGCAGGUCGCAGAUGUUG	0
NM_005026.5:1347-1376	NM_005026.5	NM_005026.5.fasta	1347	1376	+	30	AACATCTGCGACCTGCCCCGCATGGCCCGT	ACGGGCCAUGCGGGGCAGGUCGCAGAUGUU	0
NM_005026.5:1348-1377	NM_005026.5	NM_005026.5.fasta	1348	1377	+	30	ACATCTGCGACCTGCCCCGCATGGCCCGTC	GACGGGCCAUGCGGGGCAGGUCGCAGAUGU	0
NM_005026.5:1349-1378	NM_005026.5	NM_005026.5.fasta	1349	1378	+	30	CATCTGCGACCTGCCCCGCATGGCCCGTCT	AGACGGGCCAUGCGGGGCAGGUCGCAGAUG	0
NM_005026.5:1350-1379	NM_005026.5	NM_005026.5.fasta	1350	1379	+	30	ATCTGCGACCTGCCCCGCATGGCCCGTCTC	GAGACGGGCCAUGCGGGGCAGGUCGCAGAU	0
NM_005026.5:1351-1380	NM_005026.5	NM_005026.5.fasta	1351	1380	+	30	TCTGCGACCTGCCCCGCATGGCCCGTCTCT	AGAGACGGGCCAUGCGGGGCAGGUCGCAGA	0
NM_005026.5:1352-1381	NM_005026.5	NM_005026.5.fasta	1352	1381	+	30	CTGCGACCTGCCCCGCATGGCCCGTCTCTG	CAGAGACGGGCCAUGCGGGGCAGGUCGCAG	0
NM_005026.5:1353-1382	NM_005026.5	NM_005026.5.fasta	1353	1382	+	30	TGCGACCTGCCCCGCATGGCCCGTCTCTGC	GCAGAGACGGGCCAUGCGGGGCAGGUCGCA	0
NM_005026.5:1354-1383	NM_005026.5	NM_005026.5.fasta	1354	1383	+	30	GCGACCTGCCCCGCATGGCCCGTCTCTGCT	AGCAGAGACGGGCCAUGCGGGGCAGGUCGC	0
NM_005026.5:1355-1384	NM_005026.5	NM_005026.5.fasta	1355	1384	+	30	CGACCTGCCCCGCATGGCCCGTCTCTGCTT	AAGCAGAGACGGGCCAUGCGGGGCAGGUCG	0
NM_005026.5:1356-1385	NM_005026.5	NM_005026.5.fasta	1356	1385	+	30	GACCTGCCCCGCATGGCCCGTCTCTGCTTT	AAAGCAGAGACGGGCCAUGCGGGGCAGGUC	0
NM_005026.5:1357-1386	NM_005026.5	NM_005026.5.fasta	1357	1386	+	30	ACCTGCCCCGCATGGCCCGTCTCTGCTTTG	CAAAGCAGAGACGGGCCAUGCGGGGCAGGU	0
NM_005026.5:1358-1387	NM_005026.5	NM_005026.5.fasta	1358	1387	+	30	CCTGCCCCGCATGGCCCGTCTCTGCTTTGC	GCAAAGCAGAGACGGGCCAUGCGGGGCAGG	0
NM_005026.5:1359-1388	NM_005026.5	NM_005026.5.fasta	1359	1388	+	30	CTGCCCCGCATGGCCCGTCTCTGCTTTGCG	CGCAAAGCAGAGACGGGCCAUGCGGGGCAG	0
NM_005026.5:1360-1389	NM_005026.5	NM_005026.5.fasta	1360	1389	+	30	TGCCCCGCATGGCCCGTCTCTGCTTTGCGC	GCGCAAAGCAGAGACGGGCCAUGCGGGGCA	0
NM_005026.5:1361-1390	NM_005026.5	NM_005026.5.fasta	1361	1390	+	30	GCCCCGCATGGCCCGTCTCTGCTTTGCGCT	AGCGCAAAGCAGAGACGGGCCAUGCGGGGC	0
NM_005026.5:1362-1391	NM_005026.5	NM_005026.5.fasta	1362	1391	+	30	CCCCGCATGGCCCGTCTCTGCTTTGCGCTG	CAGCGCAAAGCAGAGACGGGCCAUGCGGGG	0
NM_005026.5:1363-1392	NM_005026.5	NM_005026.5.fasta	1363	1392	+	30	CCCGCATGGCCCGTCTCTGCTTTGCGCTGT	ACAGCGCAAAGCAGAGACGGGCCAUGCGGG	0
NM_005026.5:1364-1393	NM_005026.5	NM_005026.5.fasta	1364	1393	+	30	CCGCATGGCCCGTCTCTGCTTTGCGCTGTA	UACAGCGCAAAGCAGAGACGGGCCAUGCGG	0
NM_005026.5:1365-1394	NM_005026.5	NM_005026.5.fasta	1365	1394	+	30	CGCATGGCCCGTCTCTGCTTTGCGCTGTAC	GUACAGCGCAAAGCAGAGACGGGCCAUGCG	0
NM_005026.5:1366-1395	NM_005026.5	NM_005026.5.fasta	1366	1395	+	30	GCATGGCCCGTCTCTGCTTTGCGCTGTACG	CGUACAGCGCAAAGCAGAGACGGGCCAUGC	0
NM_005026.5:1367-1396	NM_005026.5	NM_005026.5.fasta	1367	1396	+	30	CATGGCCCGTCTCTGCTTTGCGCTGTACGC	GCGUACAGCGCAAAGCAGAGACGGGCCAUG	0
NM_005026.5:1368-1397	NM_005026.5	NM_005026.5.fasta	1368	1397	+	30	ATGGCCCGTCTCTGCTTTGCGCTGTACGCC	GGCGUACAGCGCAAAGCAGAGACGGGCCAU	0
NM_005026.5:1369-1398	NM_005026.5	NM_005026.5.fasta	1369	1398	+	30	TGGCCCGTCTCTGCTTTGCGCTGTACGCCG	CGGCGUACAGCGCAAAGCAGAGACGGGCCA	0
NM_005026.5:1370-1399	NM_005026.5	NM_005026.5.fasta	1370	1399	+	30	GGCCCGTCTCTGCTTTGCGCTGTACGCCGT	ACGGCGUACAGCGCAAAGCAGAGACGGGCC	0
NM_005026.5:1371-1400	NM_005026.5	NM_005026.5.fasta	1371	1400	+	30	GCCCGTCTCTGCTTTGCGCTGTACGCCGTG	CACGGCGUACAGCGCAAAGCAGAGACGGGC	0
NM_005026.5:1372-1401	NM_005026.5	NM_005026.5.fasta	1372	1401	+	30	CCCGTCTCTGCTTTGCGCTGTACGCCGTGA	UCACGGCGUACAGCGCAAAGCAGAGACGGG	0
NM_005026.5:1373-1402	NM_005026.5	NM_005026.5.fasta	1373	1402	+	30	CCGTCTCTGCTTTGCGCTGTACGCCGTGAT	AUCACGGCGUACAGCGCAAAGCAGAGACGG	0
NM_005026.5:1374-1403	NM_005026.5	NM_005026.5.fasta	1374	1403	+	30	CGTCTCTGCTTTGCGCTGTACGCCGTGATC	GAUCACGGCGUACAGCGCAAAGCAGAGACG	0
NM_005026.5:1375-1404	NM_005026.5	NM_005026.5.fasta	1375	1404	+	30	GTCTCTGCTTTGCGCTGTACGCCGTGATCG	CGAUCACGGCGUACAGCGCAAAGCAGAGAC	0
NM_005026.5:1376-1405	NM_005026.5	NM_005026.5.fasta	1376	1405	+	30	TCTCTGCTTTGCGCTGTACGCCGTGATCGA	UCGAUCACGGCGUACAGCGCAAAGCAGAGA	0
NM_005026.5:1377-1406	NM_005026.5	NM_005026.5.fasta	1377	1406	+	30	CTCTGCTTTGCGCTGTACGCCGTGATCGAG	CUCGAUCACGGCGUACAGCGCAAAGCAGAG	0
NM_005026.5:1378-1407	NM_005026.5	NM_005026.5.fasta	1378	1407	+	30	TCTGCTTTGCGCTGTACGCCGTGATCGAGA	UCUCGAUCACGGCGUACAGCGCAAAGCAGA	0
NM_005026.5:1379-1408	NM_005026.5	NM_005026.5.fasta	1379	1408	+	30	CTGCTTTGCGCTGTACGCCGTGATCGAGAA	UUCUCGAUCACGGCGUACAGCGCAAAGCAG	0
NM_005026.5:1380-1409	NM_005026.5	NM_005026.5.fasta	1380	1409	+	30	TGCTTTGCGCTGTACGCCGTGATCGAGAAA	UUUCUCGAUCACGGCGUACAGCGCAAAGCA	0
NM_005026.5:1381-1410	NM_005026.5	NM_005026.5.fasta	1381	1410	+	30	GCTTTGCGCTGTACGCCGTGATCGAGAAAG	CUUUCUCGAUCACGGCGUACAGCGCAAAGC	0
NM_005026.5:1382-1411	NM_005026.5	NM_005026.5.fasta	1382	1411	+	30	CTTTGCGCTGTACGCCGTGATCGAGAAAGC	GCUUUCUCGAUCACGGCGUACAGCGCAAAG	0
NM_005026.5:1383-1412	NM_005026.5	NM_005026.5.fasta	1383	1412	+	30	TTTGCGCTGTACGCCGTGATCGAGAAAGCC	GGCUUUCUCGAUCACGGCGUACAGCGCAAA	0
NM_005026.5:1384-1413	NM_005026.5	NM_005026.5.fasta	1384	1413	+	30	TTGCGCTGTACGCCGTGATCGAGAAAGCCA	UGGCUUUCUCGAUCACGGCGUACAGCGCAA	0
NM_005026.5:1385-1414	NM_005026.5	NM_005026.5.fasta	1385	1414	+	30	TGCGCTGTACGCCGTGATCGAGAAAGCCAA	UUGGCUUUCUCGAUCACGGCGUACAGCGCA	0
NM_005026.5:1386-1415	NM_005026.5	NM_005026.5.fasta	1386	1415	+	30	GCGCTGTACGCCGTGATCGAGAAAGCCAAG	CUUGGCUUUCUCGAUCACGGCGUACAGCGC	0
NM_005026.5:1387-1416	NM_005026.5	NM_005026.5.fasta	1387	1416	+	30	CGCTGTACGCCGTGATCGAGAAAGCCAAGA	UCUUGGCUUUCUCGAUCACGGCGUACAGCG	0
NM_005026.5:1388-1417	NM_005026.5	NM_005026.5.fasta	1388	1417	+	30	GCTGTACGCCGTGATCGAGAAAGCCAAGAA	UUCUUGGCUUUCUCGAUCACGGCGUACAGC	0
NM_005026.5:1389-1418	NM_005026.5	NM_005026.5.fasta	1389	1418	+	30	CTGTACGCCGTGATCGAGAAAGCCAAGAAG	CUUCUUGGCUUUCUCGAUCACGGCGUACAG	0
NM_005026.5:1390-1419	NM_005026.5	NM_005026.5.fasta	1390	1419	+	30	TGTACGCCGTGATCGAGAAAGCCAAGAAGG	CCUUCUUGGCUUUCUCGAUCACGGCGUACA	0
NM_005026.5:1391-1420	NM_005026.5	NM_005026.5.fasta	1391	1420	+	30	GTACGCCGTGATCGAGAAAGCCAAGAAGGC	GCCUUCUUGGCUUUCUCGAUCACGGCGUAC	0
NM_005026.5:1392-1421	NM_005026.5	NM_005026.5.fasta	1392	1421	+	30	TACGCCGTGATCGAGAAAGCCAAGAAGGCT	AGCCUUCUUGGCUUUCUCGAUCACGGCGUA	0
NM_005026.5:1393-1422	NM_005026.5	NM_005026.5.fasta	1393	1422	+	30	ACGCCGTGATCGAGAAAGCCAAGAAGGCTC	GAGCCUUCUUGGCUUUCUCGAUCACGGCGU	0
NM_005026.5:1394-1423	NM_005026.5	NM_005026.5.fasta	1394	1423	+	30	CGCCGTGATCGAGAAAGCCAAGAAGGCTCG	CGAGCCUUCUUGGCUUUCUCGAUCACGGCG	0
NM_005026.5:1395-1424	NM_005026.5	NM_005026.5.fasta	1395	1424	+	30	GCCGTGATCGAGAAAGCCAAGAAGGCTCGC	GCGAGCCUUCUUGGCUUUCUCGAUCACGGC	0
NM_005026.5:1396-1425	NM_005026.5	NM_005026.5.fasta	1396	1425	+	30	CCGTGATCGAGAAAGCCAAGAAGGCTCGCT	AGCGAGCCUUCUUGGCUUUCUCGAUCACGG	0
NM_005026.5:1397-1426	NM_005026.5	NM_005026.5.fasta	1397	1426	+	30	CGTGATCGAGAAAGCCAAGAAGGCTCGCTC	GAGCGAGCCUUCUUGGCUUUCUCGAUCACG	0
NM_005026.5:1398-1427	NM_005026.5	NM_005026.5.fasta	1398	1427	+	30	GTGATCGAGAAAGCCAAGAAGGCTCGCTCC	GGAGCGAGCCUUCUUGGCUUUCUCGAUCAC	0
NM_005026.5:1399-1428	NM_005026.5	NM_005026.5.fasta	1399	1428	+	30	TGATCGAGAAAGCCAAGAAGGCTCGCTCCA	UGGAGCGAGCCUUCUUGGCUUUCUCGAUCA	0
NM_005026.5:1400-1429	NM_005026.5	NM_005026.5.fasta	1400	1429	+	30	GATCGAGAAAGCCAAGAAGGCTCGCTCCAC	GUGGAGCGAGCCUUCUUGGCUUUCUCGAUC	0
NM_005026.5:1401-1430	NM_005026.5	NM_005026.5.fasta	1401	1430	+	30	ATCGAGAAAGCCAAGAAGGCTCGCTCCACC	GGUGGAGCGAGCCUUCUUGGCUUUCUCGAU	0
NM_005026.5:1402-1431	NM_005026.5	NM_005026.5.fasta	1402	1431	+	30	TCGAGAAAGCCAAGAAGGCTCGCTCCACCA	UGGUGGAGCGAGCCUUCUUGGCUUUCUCGA	0
NM_005026.5:1403-1432	NM_005026.5	NM_005026.5.fasta	1403	1432	+	30	CGAGAAAGCCAAGAAGGCTCGCTCCACCAA	UUGGUGGAGCGAGCCUUCUUGGCUUUCUCG	0
NM_005026.5:1404-1433	NM_005026.5	NM_005026.5.fasta	1404	1433	+	30	GAGAAAGCCAAGAAGGCTCGCTCCACCAAG	CUUGGUGGAGCGAGCCUUCUUGGCUUUCUC	0
NM_005026.5:1405-1434	NM_005026.5	NM_005026.5.fasta	1405	1434	+	30	AGAAAGCCAAGAAGGCTCGCTCCACCAAGA	UCUUGGUGGAGCGAGCCUUCUUGGCUUUCU	0
NM_005026.5:1406-1435	NM_005026.5	NM_005026.5.fasta	1406	1435	+	30	GAAAGCCAAGAAGGCTCGCTCCACCAAGAA	UUCUUGGUGGAGCGAGCCUUCUUGGCUUUC	0
NM_005026.5:1407-1436	NM_005026.5	NM_005026.5.fasta	1407	1436	+	30	AAAGCCAAGAAGGCTCGCTCCACCAAGAAG	CUUCUUGGUGGAGCGAGCCUUCUUGGCUUU	0
NM_005026.5:1408-1437	NM_005026.5	NM_005026.5.fasta	1408	1437	+	30	AAGCCAAGAAGGCTCGCTCCACCAAGAAGA	UCUUCUUGGUGGAGCGAGCCUUCUUGGCUU	0
NM_005026.5:1409-1438	NM_005026.5	NM_005026.5.fasta	1409	1438	+	30	AGCCAAGAAGGCTCGCTCCACCAAGAAGAA	UUCUUCUUGGUGGAGCGAGCCUUCUUGGCU	0
NM_005026.5:1410-1439	NM_005026.5	NM_005026.5.fasta	1410	1439	+	30	GCCAAGAAGGCTCGCTCCACCAAGAAGAAG	CUUCUUCUUGGUGGAGCGAGCCUUCUUGGC	0
NM_005026.5:1411-1440	NM_005026.5	NM_005026.5.fasta	1411	1440	+	30	CCAAGAAGGCTCGCTCCACCAAGAAGAAGT	ACUUCUUCUUGGUGGAGCGAGCCUUCUUGG	0
NM_005026.5:1412-1441	NM_005026.5	NM_005026.5.fasta	1412	1441	+	30	CAAGAAGGCTCGCTCCACCAAGAAGAAGTC	GACUUCUUCUUGGUGGAGCGAGCCUUCUUG	0
NM_005026.5:1413-1442	NM_005026.5	NM_005026.5.fasta	1413	1442	+	30	AAGAAGGCTCGCTCCACCAAGAAGAAGTCC	GGACUUCUUCUUGGUGGAGCGAGCCUUCUU	0
NM_005026.5:1414-1443	NM_005026.5	NM_005026.5.fasta	1414	1443	+	30	AGAAGGCTCGCTCCACCAAGAAGAAGTCCA	UGGACUUCUUCUUGGUGGAGCGAGCCUUCU	0
NM_005026.5:1415-1444	NM_005026.5	NM_005026.5.fasta	1415	1444	+	30	GAAGGCTCGCTCCACCAAGAAGAAGTCCAA	UUGGACUUCUUCUUGGUGGAGCGAGCCUUC	0
NM_005026.5:1416-1445	NM_005026.5	NM_005026.5.fasta	1416	1445	+	30	AAGGCTCGCTCCACCAAGAAGAAGTCCAAG	CUUGGACUUCUUCUUGGUGGAGCGAGCCUU	0
NM_005026.5:1417-1446	NM_005026.5	NM_005026.5.fasta	1417	1446	+	30	AGGCTCGCTCCACCAAGAAGAAGTCCAAGA	UCUUGGACUUCUUCUUGGUGGAGCGAGCCU	0
NM_005026.5:1418-1447	NM_005026.5	NM_005026.5.fasta	1418	1447	+	30	GGCTCGCTCCACCAAGAAGAAGTCCAAGAA	UUCUUGGACUUCUUCUUGGUGGAGCGAGCC	0
NM_005026.5:1419-1448	NM_005026.5	NM_005026.5.fasta	1419	1448	+	30	GCTCGCTCCACCAAGAAGAAGTCCAAGAAG	CUUCUUGGACUUCUUCUUGGUGGAGCGAGC	0
NM_005026.5:1420-1449	NM_005026.5	NM_005026.5.fasta	1420	1449	+	30	CTCGCTCCACCAAGAAGAAGTCCAAGAAGG	CCUUCUUGGACUUCUUCUUGGUGGAGCGAG	0
NM_005026.5:1421-1450	NM_005026.5	NM_005026.5.fasta	1421	1450	+	30	TCGCTCCACCAAGAAGAAGTCCAAGAAGGC	GCCUUCUUGGACUUCUUCUUGGUGGAGCGA	0
NM_005026.5:1422-1451	NM_005026.5	NM_005026.5.fasta	1422	1451	+	30	CGCTCCACCAAGAAGAAGTCCAAGAAGGCG	CGCCUUCUUGGACUUCUUCUUGGUGGAGCG	0
NM_005026.5:1423-1452	NM_005026.5	NM_005026.5.fasta	1423	1452	+	30	GCTCCACCAAGAAGAAGTCCAAGAAGGCGG	CCGCCUUCUUGGACUUCUUCUUGGUGGAGC	0
NM_005026.5:1424-1453	NM_005026.5	NM_005026.5.fasta	1424	1453	+	30	CTCCACCAAGAAGAAGTCCAAGAAGGCGGA	UCCGCCUUCUUGGACUUCUUCUUGGUGGAG	0
NM_005026.5:1425-1454	NM_005026.5	NM_005026.5.fasta	1425	1454	+	30	TCCACCAAGAAGAAGTCCAAGAAGGCGGAC	GUCCGCCUUCUUGGACUUCUUCUUGGUGGA	0
NM_005026.5:1426-1455	NM_005026.5	NM_005026.5.fasta	1426	1455	+	30	CCACCAAGAAGAAGTCCAAGAAGGCGGACT	AGUCCGCCUUCUUGGACUUCUUCUUGGUGG	0
NM_005026.5:1427-1456	NM_005026.5	NM_005026.5.fasta	1427	1456	+	30	CACCAAGAAGAAGTCCAAGAAGGCGGACTG	CAGUCCGCCUUCUUGGACUUCUUCUUGGUG	0
NM_005026.5:1428-1457	NM_005026.5	NM_005026.5.fasta	1428	1457	+	30	ACCAAGAAGAAGTCCAAGAAGGCGGACTGC	GCAGUCCGCCUUCUUGGACUUCUUCUUGGU	0
NM_005026.5:1429-1458	NM_005026.5	NM_005026.5.fasta	1429	1458	+	30	CCAAGAAGAAGTCCAAGAAGGCGGACTGCC	GGCAGUCCGCCUUCUUGGACUUCUUCUUGG	0
NM_005026.5:1430-1459	NM_005026.5	NM_005026.5.fasta	1430	1459	+	30	CAAGAAGAAGTCCAAGAAGGCGGACTGCCC	GGGCAGUCCGCCUUCUUGGACUUCUUCUUG	0
NM_005026.5:1431-1460	NM_005026.5	NM_005026.5.fasta	1431	1460	+	30	AAGAAGAAGTCCAAGAAGGCGGACTGCCCC	GGGGCAGUCCGCCUUCUUGGACUUCUUCUU	0
NM_005026.5:1432-1461	NM_005026.5	NM_005026.5.fasta	1432	1461	+	30	AGAAGAAGTCCAAGAAGGCGGACTGCCCCA	UGGGGCAGUCCGCCUUCUUGGACUUCUUCU	0
NM_005026.5:1433-1462	NM_005026.5	NM_005026.5.fasta	1433	1462	+	30	GAAGAAGTCCAAGAAGGCGGACTGCCCCAT	AUGGGGCAGUCCGCCUUCUUGGACUUCUUC	0
NM_005026.5:1434-1463	NM_005026.5	NM_005026.5.fasta	1434	1463	+	30	AAGAAGTCCAAGAAGGCGGACTGCCCCATT	AAUGGGGCAGUCCGCCUUCUUGGACUUCUU	0
NM_005026.5:1435-1464	NM_005026.5	NM_005026.5.fasta	1435	1464	+	30	AGAAGTCCAAGAAGGCGGACTGCCCCATTG	CAAUGGGGCAGUCCGCCUUCUUGGACUUCU	0
NM_005026.5:1436-1465	NM_005026.5	NM_005026.5.fasta	1436	1465	+	30	GAAGTCCAAGAAGGCGGACTGCCCCATTGC	GCAAUGGGGCAGUCCGCCUUCUUGGACUUC	0
NM_005026.5:1437-1466	NM_005026.5	NM_005026.5.fasta	1437	1466	+	30	AAGTCCAAGAAGGCGGACTGCCCCATTGCC	GGCAAUGGGGCAGUCCGCCUUCUUGGACUU	0
NM_005026.5:1438-1467	NM_005026.5	NM_005026.5.fasta	1438	1467	+	30	AGTCCAAGAAGGCGGACTGCCCCATTGCCT	AGGCAAUGGGGCAGUCCGCCUUCUUGGACU	0
NM_005026.5:1439-1468	NM_005026.5	NM_005026.5.fasta	1439	1468	+	30	GTCCAAGAAGGCGGACTGCCCCATTGCCTG	CAGGCAAUGGGGCAGUCCGCCUUCUUGGAC	0
NM_005026.5:1440-1469	NM_005026.5	NM_005026.5.fasta	1440	1469	+	30	TCCAAGAAGGCGGACTGCCCCATTGCCTGG	CCAGGCAAUGGGGCAGUCCGCCUUCUUGGA	0
NM_005026.5:1441-1470	NM_005026.5	NM_005026.5.fasta	1441	1470	+	30	CCAAGAAGGCGGACTGCCCCATTGCCTGGG	CCCAGGCAAUGGGGCAGUCCGCCUUCUUGG	0
NM_005026.5:1442-1471	NM_005026.5	NM_005026.5.fasta	1442	1471	+	30	CAAGAAGGCGGACTGCCCCATTGCCTGGGC	GCCCAGGCAAUGGGGCAGUCCGCCUUCUUG	0
NM_005026.5:1443-1472	NM_005026.5	NM_005026.5.fasta	1443	1472	+	30	AAGAAGGCGGACTGCCCCATTGCCTGGGCC	GGCCCAGGCAAUGGGGCAGUCCGCCUUCUU	0
NM_005026.5:1444-1473	NM_005026.5	NM_005026.5.fasta	1444	1473	+	30	AGAAGGCGGACTGCCCCATTGCCTGGGCCA	UGGCCCAGGCAAUGGGGCAGUCCGCCUUCU	0
NM_005026.5:1445-1474	NM_005026.5	NM_005026.5.fasta	1445	1474	+	30	GAAGGCGGACTGCCCCATTGCCTGGGCCAA	UUGGCCCAGGCAAUGGGGCAGUCCGCCUUC	0
NM_005026.5:1446-1475	NM_005026.5	NM_005026.5.fasta	1446	1475	+	30	AAGGCGGACTGCCCCATTGCCTGGGCCAAC	GUUGGCCCAGGCAAUGGGGCAGUCCGCCUU	0
NM_005026.5:1447-1476	NM_005026.5	NM_005026.5.fasta	1447	1476	+	30	AGGCGGACTGCCCCATTGCCTGGGCCAACC	GGUUGGCCCAGGCAAUGGGGCAGUCCGCCU	0
NM_005026.5:1448-1477	NM_005026.5	NM_005026.5.fasta	1448	1477	+	30	GGCGGACTGCCCCATTGCCTGGGCCAACCT	AGGUUGGCCCAGGCAAUGGGGCAGUCCGCC	0
NM_005026.5:1449-1478	NM_005026.5	NM_005026.5.fasta	1449	1478	+	30	GCGGACTGCCCCATTGCCTGGGCCAACCTC	GAGGUUGGCCCAGGCAAUGGGGCAGUCCGC	0
NM_005026.5:1450-1479	NM_005026.5	NM_005026.5.fasta	1450	1479	+	30	CGGACTGCCCCATTGCCTGGGCCAACCTCA	UGAGGUUGGCCCAGGCAAUGGGGCAGUCCG	0
NM_005026.5:1451-1480	NM_005026.5	NM_005026.5.fasta	1451	1480	+	30	GGACTGCCCCATTGCCTGGGCCAACCTCAT	AUGAGGUUGGCCCAGGCAAUGGGGCAGUCC	0
NM_005026.5:1452-1481	NM_005026.5	NM_005026.5.fasta	1452	1481	+	30	GACTGCCCCATTGCCTGGGCCAACCTCATG	CAUGAGGUUGGCCCAGGCAAUGGGGCAGUC	0
NM_005026.5:1453-1482	NM_005026.5	NM_005026.5.fasta	1453	1482	+	30	ACTGCCCCATTGCCTGGGCCAACCTCATGC	GCAUGAGGUUGGCCCAGGCAAUGGGGCAGU	0
NM_005026.5:1454-1483	NM_005026.5	NM_005026.5.fasta	1454	1483	+	30	CTGCCCCATTGCCTGGGCCAACCTCATGCT	AGCAUGAGGUUGGCCCAGGCAAUGGGGCAG	0
NM_005026.5:1455-1484	NM_005026.5	NM_005026.5.fasta	1455	1484	+	30	TGCCCCATTGCCTGGGCCAACCTCATGCTG	CAGCAUGAGGUUGGCCCAGGCAAUGGGGCA	0
NM_005026.5:1456-1485	NM_005026.5	NM_005026.5.fasta	1456	1485	+	30	GCCCCATTGCCTGGGCCAACCTCATGCTGT	ACAGCAUGAGGUUGGCCCAGGCAAUGGGGC	0
NM_005026.5:1457-1486	NM_005026.5	NM_005026.5.fasta	1457	1486	+	30	CCCCATTGCCTGGGCCAACCTCATGCTGTT	AACAGCAUGAGGUUGGCCCAGGCAAUGGGG	0
NM_005026.5:1458-1487	NM_005026.5	NM_005026.5.fasta	1458	1487	+	30	CCCATTGCCTGGGCCAACCTCATGCTGTTT	AAACAGCAUGAGGUUGGCCCAGGCAAUGGG	0
NM_005026.5:1459-1488	NM_005026.5	NM_005026.5.fasta	1459	1488	+	30	CCATTGCCTGGGCCAACCTCATGCTGTTTG	CAAACAGCAUGAGGUUGGCCCAGGCAAUGG	0
NM_005026.5:1460-1489	NM_005026.5	NM_005026.5.fasta	1460	1489	+	30	CATTGCCTGGGCCAACCTCATGCTGTTTGA	UCAAACAGCAUGAGGUUGGCCCAGGCAAUG	0
NM_005026.5:1461-1490	NM_005026.5	NM_005026.5.fasta	1461	1490	+	30	ATTGCCTGGGCCAACCTCATGCTGTTTGAC	GUCAAACAGCAUGAGGUUGGCCCAGGCAAU	0
NM_005026.5:1462-1491	NM_005026.5	NM_005026.5.fasta	1462	1491	+	30	TTGCCTGGGCCAACCTCATGCTGTTTGACT	AGUCAAACAGCAUGAGGUUGGCCCAGGCAA	0
NM_005026.5:1463-1492	NM_005026.5	NM_005026.5.fasta	1463	1492	+	30	TGCCTGGGCCAACCTCATGCTGTTTGACTA	UAGUCAAACAGCAUGAGGUUGGCCCAGGCA	0
NM_005026.5:1464-1493	NM_005026.5	NM_005026.5.fasta	1464	1493	+	30	GCCTGGGCCAACCTCATGCTGTTTGACTAC	GUAGUCAAACAGCAUGAGGUUGGCCCAGGC	0
NM_005026.5:1465-1494	NM_005026.5	NM_005026.5.fasta	1465	1494	+	30	CCTGGGCCAACCTCATGCTGTTTGACTACA	UGUAGUCAAACAGCAUGAGGUUGGCCCAGG	0
NM_005026.5:1466-1495	NM_005026.5	NM_005026.5.fasta	1466	1495	+	30	CTGGGCCAACCTCATGCTGTTTGACTACAA	UUGUAGUCAAACAGCAUGAGGUUGGCCCAG	0
NM_005026.5:1467-1496	NM_005026.5	NM_005026.5.fasta	1467	1496	+	30	TGGGCCAACCTCATGCTGTTTGACTACAAG	CUUGUAGUCAAACAGCAUGAGGUUGGCCCA	0
NM_005026.5:1468-1497	NM_005026.5	NM_005026.5.fasta	1468	1497	+	30	GGGCCAACCTCATGCTGTTTGACTACAAGG	CCUUGUAGUCAAACAGCAUGAGGUUGGCCC	0
NM_005026.5:1469-1498	NM_005026.5	NM_005026.5.fasta	1469	1498	+	30	GGCCAACCTCATGCTGTTTGACTACAAGGA	UCCUUGUAGUCAAACAGCAUGAGGUUGGCC	0
NM_005026.5:1470-1499	NM_005026.5	NM_005026.5.fasta	1470	1499	+	30	GCCAACCTCATGCTGTTTGACTACAAGGAC	GUCCUUGUAGUCAAACAGCAUGAGGUUGGC	0
NM_005026.5:1471-1500	NM_005026.5	NM_005026.5.fasta	1471	1500	+	30	CCAACCTCATGCTGTTTGACTACAAGGACC	GGUCCUUGUAGUCAAACAGCAUGAGGUUGG	0
NM_005026.5:1472-1501	NM_005026.5	NM_005026.5.fasta	1472	1501	+	30	CAACCTCATGCTGTTTGACTACAAGGACCA	UGGUCCUUGUAGUCAAACAGCAUGAGGUUG	0
NM_005026.5:1473-1502	NM_005026.5	NM_005026.5.fasta	1473	1502	+	30	AACCTCATGCTGTTTGACTACAAGGACCAG	CUGGUCCUUGUAGUCAAACAGCAUGAGGUU	0
NM_005026.5:1474-1503	NM_005026.5	NM_005026.5.fasta	1474	1503	+	30	ACCTCATGCTGTTTGACTACAAGGACCAGC	GCUGGUCCUUGUAGUCAAACAGCAUGAGGU	0
NM_005026.5:1475-1504	NM_005026.5	NM_005026.5.fasta	1475	1504	+	30	CCTCATGCTGTTTGACTACAAGGACCAGCT	AGCUGGUCCUUGUAGUCAAACAGCAUGAGG	0
NM_005026.5:1476-1505	NM_005026.5	NM_005026.5.fasta	1476	1505	+	30	CTCATGCTGTTTGACTACAAGGACCAGCTT	AAGCUGGUCCUUGUAGUCAAACAGCAUGAG	0
NM_005026.5:1477-1506	NM_005026.5	NM_005026.5.fasta	1477	1506	+	30	TCATGCTGTTTGACTACAAGGACCAGCTTA	UAAGCUGGUCCUUGUAGUCAAACAGCAUGA	0
NM_005026.5:1478-1507	NM_005026.5	NM_005026.5.fasta	1478	1507	+	30	CATGCTGTTTGACTACAAGGACCAGCTTAA	UUAAGCUGGUCCUUGUAGUCAAACAGCAUG	0
NM_005026.5:1479-1508	NM_005026.5	NM_005026.5.fasta	1479	1508	+	30	ATGCTGTTTGACTACAAGGACCAGCTTAAG	CUUAAGCUGGUCCUUGUAGUCAAACAGCAU	0
NM_005026.5:1480-1509	NM_005026.5	NM_005026.5.fasta	1480	1509	+	30	TGCTGTTTGACTACAAGGACCAGCTTAAGA	UCUUAAGCUGGUCCUUGUAGUCAAACAGCA	0
NM_005026.5:1481-1510	NM_005026.5	NM_005026.5.fasta	1481	1510	+	30	GCTGTTTGACTACAAGGACCAGCTTAAGAC	GUCUUAAGCUGGUCCUUGUAGUCAAACAGC	0
NM_005026.5:1482-1511	NM_005026.5	NM_005026.5.fasta	1482	1511	+	30	CTGTTTGACTACAAGGACCAGCTTAAGACC	GGUCUUAAGCUGGUCCUUGUAGUCAAACAG	0
NM_005026.5:1483-1512	NM_005026.5	NM_005026.5.fasta	1483	1512	+	30	TGTTTGACTACAAGGACCAGCTTAAGACCG	CGGUCUUAAGCUGGUCCUUGUAGUCAAACA	0
NM_005026.5:1484-1513	NM_005026.5	NM_005026.5.fasta	1484	1513	+	30	GTTTGACTACAAGGACCAGCTTAAGACCGG	CCGGUCUUAAGCUGGUCCUUGUAGUCAAAC	0
NM_005026.5:1485-1514	NM_005026.5	NM_005026.5.fasta	1485	1514	+	30	TTTGACTACAAGGACCAGCTTAAGACCGGG	CCCGGUCUUAAGCUGGUCCUUGUAGUCAAA	0
NM_005026.5:1486-1515	NM_005026.5	NM_005026.5.fasta	1486	1515	+	30	TTGACTACAAGGACCAGCTTAAGACCGGGG	CCCCGGUCUUAAGCUGGUCCUUGUAGUCAA	0
NM_005026.5:1487-1516	NM_005026.5	NM_005026.5.fasta	1487	1516	+	30	TGACTACAAGGACCAGCTTAAGACCGGGGA	UCCCCGGUCUUAAGCUGGUCCUUGUAGUCA	0
NM_005026.5:1488-1517	NM_005026.5	NM_005026.5.fasta	1488	1517	+	30	GACTACAAGGACCAGCTTAAGACCGGGGAA	UUCCCCGGUCUUAAGCUGGUCCUUGUAGUC	0
NM_005026.5:1489-1518	NM_005026.5	NM_005026.5.fasta	1489	1518	+	30	ACTACAAGGACCAGCTTAAGACCGGGGAAC	GUUCCCCGGUCUUAAGCUGGUCCUUGUAGU	0
NM_005026.5:1490-1519	NM_005026.5	NM_005026.5.fasta	1490	1519	+	30	CTACAAGGACCAGCTTAAGACCGGGGAACG	CGUUCCCCGGUCUUAAGCUGGUCCUUGUAG	0
NM_005026.5:1491-1520	NM_005026.5	NM_005026.5.fasta	1491	1520	+	30	TACAAGGACCAGCTTAAGACCGGGGAACGC	GCGUUCCCCGGUCUUAAGCUGGUCCUUGUA	0
NM_005026.5:1492-1521	NM_005026.5	NM_005026.5.fasta	1492	1521	+	30	ACAAGGACCAGCTTAAGACCGGGGAACGCT	AGCGUUCCCCGGUCUUAAGCUGGUCCUUGU	0
NM_005026.5:1493-1522	NM_005026.5	NM_005026.5.fasta	1493	1522	+	30	CAAGGACCAGCTTAAGACCGGGGAACGCTG	CAGCGUUCCCCGGUCUUAAGCUGGUCCUUG	0
NM_005026.5:1494-1523	NM_005026.5	NM_005026.5.fasta	1494	1523	+	30	AAGGACCAGCTTAAGACCGGGGAACGCTGC	GCAGCGUUCCCCGGUCUUAAGCUGGUCCUU	0
NM_005026.5:1495-1524	NM_005026.5	NM_005026.5.fasta	1495	1524	+	30	AGGACCAGCTTAAGACCGGGGAACGCTGCC	GGCAGCGUUCCCCGGUCUUAAGCUGGUCCU	0
NM_005026.5:1496-1525	NM_005026.5	NM_005026.5.fasta	1496	1525	+	30	GGACCAGCTTAAGACCGGGGAACGCTGCCT	AGGCAGCGUUCCCCGGUCUUAAGCUGGUCC	0
NM_005026.5:1497-1526	NM_005026.5	NM_005026.5.fasta	1497	1526	+	30	GACCAGCTTAAGACCGGGGAACGCTGCCTC	GAGGCAGCGUUCCCCGGUCUUAAGCUGGUC	0
NM_005026.5:1498-1527	NM_005026.5	NM_005026.5.fasta	1498	1527	+	30	ACCAGCTTAAGACCGGGGAACGCTGCCTCT	AGAGGCAGCGUUCCCCGGUCUUAAGCUGGU	0
NM_005026.5:1499-1528	NM_005026.5	NM_005026.5.fasta	1499	1528	+	30	CCAGCTTAAGACCGGGGAACGCTGCCTCTA	UAGAGGCAGCGUUCCCCGGUCUUAAGCUGG	0
NM_005026.5:1500-1529	NM_005026.5	NM_005026.5.fasta	1500	1529	+	30	CAGCTTAAGACCGGGGAACGCTGCCTCTAC	GUAGAGGCAGCGUUCCCCGGUCUUAAGCUG	0
NM_005026.5:1501-1530	NM_005026.5	NM_005026.5.fasta	1501	1530	+	30	AGCTTAAGACCGGGGAACGCTGCCTCTACA	UGUAGAGGCAGCGUUCCCCGGUCUUAAGCU	0
NM_005026.5:1502-1531	NM_005026.5	NM_005026.5.fasta	1502	1531	+	30	GCTTAAGACCGGGGAACGCTGCCTCTACAT	AUGUAGAGGCAGCGUUCCCCGGUCUUAAGC	0
NM_005026.5:1503-1532	NM_005026.5	NM_005026.5.fasta	1503	1532	+	30	CTTAAGACCGGGGAACGCTGCCTCTACATG	CAUGUAGAGGCAGCGUUCCCCGGUCUUAAG	0
NM_005026.5:1504-1533	NM_005026.5	NM_005026.5.fasta	1504	1533	+	30	TTAAGACCGGGGAACGCTGCCTCTACATGT	ACAUGUAGAGGCAGCGUUCCCCGGUCUUAA	0
NM_005026.5:1505-1534	NM_005026.5	NM_005026.5.fasta	1505	1534	+	30	TAAGACCGGGGAACGCTGCCTCTACATGTG	CACAUGUAGAGGCAGCGUUCCCCGGUCUUA	0
NM_005026.5:1506-1535	NM_005026.5	NM_005026.5.fasta	1506	1535	+	30	AAGACCGGGGAACGCTGCCTCTACATGTGG	CCACAUGUAGAGGCAGCGUUCCCCGGUCUU	0
NM_005026.5:1507-1536	NM_005026.5	NM_005026.5.fasta	1507	1536	+	30	AGACCGGGGAACGCTGCCTCTACATGTGGC	GCCACAUGUAGAGGCAGCGUUCCCCGGUCU	0
NM_005026.5:1508-1537	NM_005026.5	NM_005026.5.fasta	1508	1537	+	30	GACCGGGGAACGCTGCCTCTACATGTGGCC	GGCCACAUGUAGAGGCAGCGUUCCCCGGUC	0
NM_005026.5:1509-1538	NM_005026.5	NM_005026.5.fasta	1509	1538	+	30	ACCGGGGAACGCTGCCTCTACATGTGGCCC	GGGCCACAUGUAGAGGCAGCGUUCCCCGGU	0
NM_005026.5:1510-1539	NM_005026.5	NM_005026.5.fasta	1510	1539	+	30	CCGGGGAACGCTGCCTCTACATGTGGCCCT	AGGGCCACAUGUAGAGGCAGCGUUCCCCGG	0
NM_005026.5:1511-1540	NM_005026.5	NM_005026.5.fasta	1511	1540	+	30	CGGGGAACGCTGCCTCTACATGTGGCCCTC	GAGGGCCACAUGUAGAGGCAGCGUUCCCCG	0
NM_005026.5:1512-1541	NM_005026.5	NM_005026.5.fasta	1512	1541	+	30	GGGGAACGCTGCCTCTACATGTGGCCCTCC	GGAGGGCCACAUGUAGAGGCAGCGUUCCCC	0
NM_005026.5:1513-1542	NM_005026.5	NM_005026.5.fasta	1513	1542	+	30	GGGAACGCTGCCTCTACATGTGGCCCTCCG	CGGAGGGCCACAUGUAGAGGCAGCGUUCCC	0
NM_005026.5:1514-1543	NM_005026.5	NM_005026.5.fasta	1514	1543	+	30	GGAACGCTGCCTCTACATGTGGCCCTCCGT	ACGGAGGGCCACAUGUAGAGGCAGCGUUCC	0
NM_005026.5:1515-1544	NM_005026.5	NM_005026.5.fasta	1515	1544	+	30	GAACGCTGCCTCTACATGTGGCCCTCCGTC	GACGGAGGGCCACAUGUAGAGGCAGCGUUC	0
NM_005026.5:1516-1545	NM_005026.5	NM_005026.5.fasta	1516	1545	+	30	AACGCTGCCTCTACATGTGGCCCTCCGTCC	GGACGGAGGGCCACAUGUAGAGGCAGCGUU	0
NM_005026.5:1517-1546	NM_005026.5	NM_005026.5.fasta	1517	1546	+	30	ACGCTGCCTCTACATGTGGCCCTCCGTCCC	GGGACGGAGGGCCACAUGUAGAGGCAGCGU	0
NM_005026.5:1518-1547	NM_005026.5	NM_005026.5.fasta	1518	1547	+	30	CGCTGCCTCTACATGTGGCCCTCCGTCCCA	UGGGACGGAGGGCCACAUGUAGAGGCAGCG	0
NM_005026.5:1519-1548	NM_005026.5	NM_005026.5.fasta	1519	1548	+	30	GCTGCCTCTACATGTGGCCCTCCGTCCCAG	CUGGGACGGAGGGCCACAUGUAGAGGCAGC	0
NM_005026.5:1520-1549	NM_005026.5	NM_005026.5.fasta	1520	1549	+	30	CTGCCTCTACATGTGGCCCTCCGTCCCAGA	UCUGGGACGGAGGGCCACAUGUAGAGGCAG	0
NM_005026.5:1521-1550	NM_005026.5	NM_005026.5.fasta	1521	1550	+	30	TGCCTCTACATGTGGCCCTCCGTCCCAGAT	AUCUGGGACGGAGGGCCACAUGUAGAGGCA	0
NM_005026.5:1522-1551	NM_005026.5	NM_005026.5.fasta	1522	1551	+	30	GCCTCTACATGTGGCCCTCCGTCCCAGATG	CAUCUGGGACGGAGGGCCACAUGUAGAGGC	0
NM_005026.5:1523-1552	NM_005026.5	NM_005026.5.fasta	1523	1552	+	30	CCTCTACATGTGGCCCTCCGTCCCAGATGA	UCAUCUGGGACGGAGGGCCACAUGUAGAGG	0
NM_005026.5:1524-1553	NM_005026.5	NM_005026.5.fasta	1524	1553	+	30	CTCTACATGTGGCCCTCCGTCCCAGATGAG	CUCAUCUGGGACGGAGGGCCACAUGUAGAG	0
NM_005026.5:1525-1554	NM_005026.5	NM_005026.5.fasta	1525	1554	+	30	TCTACATGTGGCCCTCCGTCCCAGATGAGA	UCUCAUCUGGGACGGAGGGCCACAUGUAGA	0
NM_005026.5:1526-1555	NM_005026.5	NM_005026.5.fasta	1526	1555	+	30	CTACATGTGGCCCTCCGTCCCAGATGAGAA	UUCUCAUCUGGGACGGAGGGCCACAUGUAG	0
NM_005026.5:1527-1556	NM_005026.5	NM_005026.5.fasta	1527	1556	+	30	TACATGTGGCCCTCCGTCCCAGATGAGAAG	CUUCUCAUCUGGGACGGAGGGCCACAUGUA	0
NM_005026.5:1528-1557	NM_005026.5	NM_005026.5.fasta	1528	1557	+	30	ACATGTGGCCCTCCGTCCCAGATGAGAAGG	CCUUCUCAUCUGGGACGGAGGGCCACAUGU	0
NM_005026.5:1529-1558	NM_005026.5	NM_005026.5.fasta	1529	1558	+	30	CATGTGGCCCTCCGTCCCAGATGAGAAGGG	CCCUUCUCAUCUGGGACGGAGGGCCACAUG	0
NM_005026.5:1530-1559	NM_005026.5	NM_005026.5.fasta	1530	1559	+	30	ATGTGGCCCTCCGTCCCAGATGAGAAGGGC	GCCCUUCUCAUCUGGGACGGAGGGCCACAU	0
NM_005026.5:1531-1560	NM_005026.5	NM_005026.5.fasta	1531	1560	+	30	TGTGGCCCTCCGTCCCAGATGAGAAGGGCG	CGCCCUUCUCAUCUGGGACGGAGGGCCACA	0
NM_005026.5:1532-1561	NM_005026.5	NM_005026.5.fasta	1532	1561	+	30	GTGGCCCTCCGTCCCAGATGAGAAGGGCGA	UCGCCCUUCUCAUCUGGGACGGAGGGCCAC	0
NM_005026.5:1533-1562	NM_005026.5	NM_005026.5.fasta	1533	1562	+	30	TGGCCCTCCGTCCCAGATGAGAAGGGCGAG	CUCGCCCUUCUCAUCUGGGACGGAGGGCCA	0
NM_005026.5:1534-1563	NM_005026.5	NM_005026.5.fasta	1534	1563	+	30	GGCCCTCCGTCCCAGATGAGAAGGGCGAGC	GCUCGCCCUUCUCAUCUGGGACGGAGGGCC	0
NM_005026.5:1535-1564	NM_005026.5	NM_005026.5.fasta	1535	1564	+	30	GCCCTCCGTCCCAGATGAGAAGGGCGAGCT	AGCUCGCCCUUCUCAUCUGGGACGGAGGGC	0
NM_005026.5:1536-1565	NM_005026.5	NM_005026.5.fasta	1536	1565	+	30	CCCTCCGTCCCAGATGAGAAGGGCGAGCTG	CAGCUCGCCCUUCUCAUCUGGGACGGAGGG	0
NM_005026.5:1537-1566	NM_005026.5	NM_005026.5.fasta	1537	1566	+	30	CCTCCGTCCCAGATGAGAAGGGCGAGCTGC	GCAGCUCGCCCUUCUCAUCUGGGACGGAGG	0
NM_005026.5:1538-1567	NM_005026.5	NM_005026.5.fasta	1538	1567	+	30	CTCCGTCCCAGATGAGAAGGGCGAGCTGCT	AGCAGCUCGCCCUUCUCAUCUGGGACGGAG	0
NM_005026.5:1539-1568	NM_005026.5	NM_005026.5.fasta	1539	1568	+	30	TCCGTCCCAGATGAGAAGGGCGAGCTGCTG	CAGCAGCUCGCCCUUCUCAUCUGGGACGGA	0
NM_005026.5:1540-1569	NM_005026.5	NM_005026.5.fasta	1540	1569	+	30	CCGTCCCAGATGAGAAGGGCGAGCTGCTGA	UCAGCAGCUCGCCCUUCUCAUCUGGGACGG	0
NM_005026.5:1541-1570	NM_005026.5	NM_005026.5.fasta	1541	1570	+	30	CGTCCCAGATGAGAAGGGCGAGCTGCTGAA	UUCAGCAGCUCGCCCUUCUCAUCUGGGACG	0
NM_005026.5:1542-1571	NM_005026.5	NM_005026.5.fasta	1542	1571	+	30	GTCCCAGATGAGAAGGGCGAGCTGCTGAAC	GUUCAGCAGCUCGCCCUUCUCAUCUGGGAC	0
NM_005026.5:1543-1572	NM_005026.5	NM_005026.5.fasta	1543	1572	+	30	TCCCAGATGAGAAGGGCGAGCTGCTGAACC	GGUUCAGCAGCUCGCCCUUCUCAUCUGGGA	0
NM_005026.5:1544-1573	NM_005026.5	NM_005026.5.fasta	1544	1573	+	30	CCCAGATGAGAAGGGCGAGCTGCTGAACCC	GGGUUCAGCAGCUCGCCCUUCUCAUCUGGG	0
NM_005026.5:1545-1574	NM_005026.5	NM_005026.5.fasta	1545	1574	+	30	CCAGATGAGAAGGGCGAGCTGCTGAACCCC	GGGGUUCAGCAGCUCGCCCUUCUCAUCUGG	0
NM_005026.5:1546-1575	NM_005026.5	NM_005026.5.fasta	1546	1575	+	30	CAGATGAGAAGGGCGAGCTGCTGAACCCCA	UGGGGUUCAGCAGCUCGCCCUUCUCAUCUG	0
NM_005026.5:1547-1576	NM_005026.5	NM_005026.5.fasta	1547	1576	+	30	AGATGAGAAGGGCGAGCTGCTGAACCCCAC	GUGGGGUUCAGCAGCUCGCCCUUCUCAUCU	0
NM_005026.5:1548-1577	NM_005026.5	NM_005026.5.fasta	1548	1577	+	30	GATGAGAAGGGCGAGCTGCTGAACCCCACG	CGUGGGGUUCAGCAGCUCGCCCUUCUCAUC	0
NM_005026.5:1549-1578	NM_005026.5	NM_005026.5.fasta	1549	1578	+	30	ATGAGAAGGGCGAGCTGCTGAACCCCACGG	CCGUGGGGUUCAGCAGCUCGCCCUUCUCAU	0
NM_005026.5:1550-1579	NM_005026.5	NM_005026.5.fasta	1550	1579	+	30	TGAGAAGGGCGAGCTGCTGAACCCCACGGG	CCCGUGGGGUUCAGCAGCUCGCCCUUCUCA	0
NM_005026.5:1551-1580	NM_005026.5	NM_005026.5.fasta	1551	1580	+	30	GAGAAGGGCGAGCTGCTGAACCCCACGGGC	GCCCGUGGGGUUCAGCAGCUCGCCCUUCUC	0
NM_005026.5:1552-1581	NM_005026.5	NM_005026.5.fasta	1552	1581	+	30	AGAAGGGCGAGCTGCTGAACCCCACGGGCA	UGCCCGUGGGGUUCAGCAGCUCGCCCUUCU	0
NM_005026.5:1553-1582	NM_005026.5	NM_005026.5.fasta	1553	1582	+	30	GAAGGGCGAGCTGCTGAACCCCACGGGCAC	GUGCCCGUGGGGUUCAGCAGCUCGCCCUUC	0
NM_005026.5:1554-1583	NM_005026.5	NM_005026.5.fasta	1554	1583	+	30	AAGGGCGAGCTGCTGAACCCCACGGGCACT	AGUGCCCGUGGGGUUCAGCAGCUCGCCCUU	0
NM_005026.5:1555-1584	NM_005026.5	NM_005026.5.fasta	1555	1584	+	30	AGGGCGAGCTGCTGAACCCCACGGGCACTG	CAGUGCCCGUGGGGUUCAGCAGCUCGCCCU	0
NM_005026.5:1556-1585	NM_005026.5	NM_005026.5.fasta	1556	1585	+	30	GGGCGAGCTGCTGAACCCCACGGGCACTGT	ACAGUGCCCGUGGGGUUCAGCAGCUCGCCC	0
NM_005026.5:1557-1586	NM_005026.5	NM_005026.5.fasta	1557	1586	+	30	GGCGAGCTGCTGAACCCCACGGGCACTGTG	CACAGUGCCCGUGGGGUUCAGCAGCUCGCC	0
NM_005026.5:1558-1587	NM_005026.5	NM_005026.5.fasta	1558	1587	+	30	GCGAGCTGCTGAACCCCACGGGCACTGTGC	GCACAGUGCCCGUGGGGUUCAGCAGCUCGC	0
NM_005026.5:1559-1588	NM_005026.5	NM_005026.5.fasta	1559	1588	+	30	CGAGCTGCTGAACCCCACGGGCACTGTGCG	CGCACAGUGCCCGUGGGGUUCAGCAGCUCG	0
NM_005026.5:1560-1589	NM_005026.5	NM_005026.5.fasta	1560	1589	+	30	GAGCTGCTGAACCCCACGGGCACTGTGCGC	GCGCACAGUGCCCGUGGGGUUCAGCAGCUC	0
NM_005026.5:1561-1590	NM_005026.5	NM_005026.5.fasta	1561	1590	+	30	AGCTGCTGAACCCCACGGGCACTGTGCGCA	UGCGCACAGUGCCCGUGGGGUUCAGCAGCU	0
NM_005026.5:1562-1591	NM_005026.5	NM_005026.5.fasta	1562	1591	+	30	GCTGCTGAACCCCACGGGCACTGTGCGCAG	CUGCGCACAGUGCCCGUGGGGUUCAGCAGC	0
NM_005026.5:1563-1592	NM_005026.5	NM_005026.5.fasta	1563	1592	+	30	CTGCTGAACCCCACGGGCACTGTGCGCAGT	ACUGCGCACAGUGCCCGUGGGGUUCAGCAG	0
NM_005026.5:1564-1593	NM_005026.5	NM_005026.5.fasta	1564	1593	+	30	TGCTGAACCCCACGGGCACTGTGCGCAGTA	UACUGCGCACAGUGCCCGUGGGGUUCAGCA	0
NM_005026.5:1565-1594	NM_005026.5	NM_005026.5.fasta	1565	1594	+	30	GCTGAACCCCACGGGCACTGTGCGCAGTAA	UUACUGCGCACAGUGCCCGUGGGGUUCAGC	0
NM_005026.5:1566-1595	NM_005026.5	NM_005026.5.fasta	1566	1595	+	30	CTGAACCCCACGGGCACTGTGCGCAGTAAC	GUUACUGCGCACAGUGCCCGUGGGGUUCAG	0
NM_005026.5:1567-1596	NM_005026.5	NM_005026.5.fasta	1567	1596	+	30	TGAACCCCACGGGCACTGTGCGCAGTAACC	GGUUACUGCGCACAGUGCCCGUGGGGUUCA	0
NM_005026.5:1568-1597	NM_005026.5	NM_005026.5.fasta	1568	1597	+	30	GAACCCCACGGGCACTGTGCGCAGTAACCC	GGGUUACUGCGCACAGUGCCCGUGGGGUUC	0
NM_005026.5:1569-1598	NM_005026.5	NM_005026.5.fasta	1569	1598	+	30	AACCCCACGGGCACTGTGCGCAGTAACCCC	GGGGUUACUGCGCACAGUGCCCGUGGGGUU	0
NM_005026.5:1570-1599	NM_005026.5	NM_005026.5.fasta	1570	1599	+	30	ACCCCACGGGCACTGTGCGCAGTAACCCCA	UGGGGUUACUGCGCACAGUGCCCGUGGGGU	0
NM_005026.5:1571-1600	NM_005026.5	NM_005026.5.fasta	1571	1600	+	30	CCCCACGGGCACTGTGCGCAGTAACCCCAA	UUGGGGUUACUGCGCACAGUGCCCGUGGGG	0
NM_005026.5:1572-1601	NM_005026.5	NM_005026.5.fasta	1572	1601	+	30	CCCACGGGCACTGTGCGCAGTAACCCCAAC	GUUGGGGUUACUGCGCACAGUGCCCGUGGG	0
NM_005026.5:1573-1602	NM_005026.5	NM_005026.5.fasta	1573	1602	+	30	CCACGGGCACTGTGCGCAGTAACCCCAACA	UGUUGGGGUUACUGCGCACAGUGCCCGUGG	0
NM_005026.5:1574-1603	NM_005026.5	NM_005026.5.fasta	1574	1603	+	30	CACGGGCACTGTGCGCAGTAACCCCAACAC	GUGUUGGGGUUACUGCGCACAGUGCCCGUG	0
NM_005026.5:1575-1604	NM_005026.5	NM_005026.5.fasta	1575	1604	+	30	ACGGGCACTGTGCGCAGTAACCCCAACACG	CGUGUUGGGGUUACUGCGCACAGUGCCCGU	0
NM_005026.5:1576-1605	NM_005026.5	NM_005026.5.fasta	1576	1605	+	30	CGGGCACTGTGCGCAGTAACCCCAACACGG	CCGUGUUGGGGUUACUGCGCACAGUGCCCG	0
NM_005026.5:1577-1606	NM_005026.5	NM_005026.5.fasta	1577	1606	+	30	GGGCACTGTGCGCAGTAACCCCAACACGGA	UCCGUGUUGGGGUUACUGCGCACAGUGCCC	0
NM_005026.5:1578-1607	NM_005026.5	NM_005026.5.fasta	1578	1607	+	30	GGCACTGTGCGCAGTAACCCCAACACGGAT	AUCCGUGUUGGGGUUACUGCGCACAGUGCC	0
NM_005026.5:1579-1608	NM_005026.5	NM_005026.5.fasta	1579	1608	+	30	GCACTGTGCGCAGTAACCCCAACACGGATA	UAUCCGUGUUGGGGUUACUGCGCACAGUGC	0
NM_005026.5:1580-1609	NM_005026.5	NM_005026.5.fasta	1580	1609	+	30	CACTGTGCGCAGTAACCCCAACACGGATAG	CUAUCCGUGUUGGGGUUACUGCGCACAGUG	0
NM_005026.5:1581-1610	NM_005026.5	NM_005026.5.fasta	1581	1610	+	30	ACTGTGCGCAGTAACCCCAACACGGATAGC	GCUAUCCGUGUUGGGGUUACUGCGCACAGU	0
NM_005026.5:1582-1611	NM_005026.5	NM_005026.5.fasta	1582	1611	+	30	CTGTGCGCAGTAACCCCAACACGGATAGCG	CGCUAUCCGUGUUGGGGUUACUGCGCACAG	0
NM_005026.5:1583-1612	NM_005026.5	NM_005026.5.fasta	1583	1612	+	30	TGTGCGCAGTAACCCCAACACGGATAGCGC	GCGCUAUCCGUGUUGGGGUUACUGCGCACA	0
NM_005026.5:1584-1613	NM_005026.5	NM_005026.5.fasta	1584	1613	+	30	GTGCGCAGTAACCCCAACACGGATAGCGCC	GGCGCUAUCCGUGUUGGGGUUACUGCGCAC	0
NM_005026.5:1585-1614	NM_005026.5	NM_005026.5.fasta	1585	1614	+	30	TGCGCAGTAACCCCAACACGGATAGCGCCG	CGGCGCUAUCCGUGUUGGGGUUACUGCGCA	0
NM_005026.5:1586-1615	NM_005026.5	NM_005026.5.fasta	1586	1615	+	30	GCGCAGTAACCCCAACACGGATAGCGCCGC	GCGGCGCUAUCCGUGUUGGGGUUACUGCGC	0
NM_005026.5:1587-1616	NM_005026.5	NM_005026.5.fasta	1587	1616	+	30	CGCAGTAACCCCAACACGGATAGCGCCGCT	AGCGGCGCUAUCCGUGUUGGGGUUACUGCG	0
NM_005026.5:1588-1617	NM_005026.5	NM_005026.5.fasta	1588	1617	+	30	GCAGTAACCCCAACACGGATAGCGCCGCTG	CAGCGGCGCUAUCCGUGUUGGGGUUACUGC	0
NM_005026.5:1589-1618	NM_005026.5	NM_005026.5.fasta	1589	1618	+	30	CAGTAACCCCAACACGGATAGCGCCGCTGC	GCAGCGGCGCUAUCCGUGUUGGGGUUACUG	0
NM_005026.5:1590-1619	NM_005026.5	NM_005026.5.fasta	1590	1619	+	30	AGTAACCCCAACACGGATAGCGCCGCTGCC	GGCAGCGGCGCUAUCCGUGUUGGGGUUACU	0
NM_005026.5:1591-1620	NM_005026.5	NM_005026.5.fasta	1591	1620	+	30	GTAACCCCAACACGGATAGCGCCGCTGCCC	GGGCAGCGGCGCUAUCCGUGUUGGGGUUAC	0
NM_005026.5:1592-1621	NM_005026.5	NM_005026.5.fasta	1592	1621	+	30	TAACCCCAACACGGATAGCGCCGCTGCCCT	AGGGCAGCGGCGCUAUCCGUGUUGGGGUUA	0
NM_005026.5:1593-1622	NM_005026.5	NM_005026.5.fasta	1593	1622	+	30	AACCCCAACACGGATAGCGCCGCTGCCCTG	CAGGGCAGCGGCGCUAUCCGUGUUGGGGUU	0
NM_005026.5:1594-1623	NM_005026.5	NM_005026.5.fasta	1594	1623	+	30	ACCCCAACACGGATAGCGCCGCTGCCCTGC	GCAGGGCAGCGGCGCUAUCCGUGUUGGGGU	0
NM_005026.5:1595-1624	NM_005026.5	NM_005026.5.fasta	1595	1624	+	30	CCCCAACACGGATAGCGCCGCTGCCCTGCT	AGCAGGGCAGCGGCGCUAUCCGUGUUGGGG	0
NM_005026.5:1596-1625	NM_005026.5	NM_005026.5.fasta	1596	1625	+	30	CCCAACACGGATAGCGCCGCTGCCCTGCTC	GAGCAGGGCAGCGGCGCUAUCCGUGUUGGG	0
NM_005026.5:1597-1626	NM_005026.5	NM_005026.5.fasta	1597	1626	+	30	CCAACACGGATAGCGCCGCTGCCCTGCTCA	UGAGCAGGGCAGCGGCGCUAUCCGUGUUGG	0
NM_005026.5:1598-1627	NM_005026.5	NM_005026.5.fasta	1598	1627	+	30	CAACACGGATAGCGCCGCTGCCCTGCTCAT	AUGAGCAGGGCAGCGGCGCUAUCCGUGUUG	0
NM_005026.5:1599-1628	NM_005026.5	NM_005026.5.fasta	1599	1628	+	30	AACACGGATAGCGCCGCTGCCCTGCTCATC	GAUGAGCAGGGCAGCGGCGCUAUCCGUGUU	0
NM_005026.5:1600-1629	NM_005026.5	NM_005026.5.fasta	1600	1629	+	30	ACACGGATAGCGCCGCTGCCCTGCTCATCT	AGAUGAGCAGGGCAGCGGCGCUAUCCGUGU	0
NM_005026.5:1601-1630	NM_005026.5	NM_005026.5.fasta	1601	1630	+	30	CACGGATAGCGCCGCTGCCCTGCTCATCTG	CAGAUGAGCAGGGCAGCGGCGCUAUCCGUG	0
NM_005026.5:1602-1631	NM_005026.5	NM_005026.5.fasta	1602	1631	+	30	ACGGATAGCGCCGCTGCCCTGCTCATCTGC	GCAGAUGAGCAGGGCAGCGGCGCUAUCCGU	0
NM_005026.5:1603-1632	NM_005026.5	NM_005026.5.fasta	1603	1632	+	30	CGGATAGCGCCGCTGCCCTGCTCATCTGCC	GGCAGAUGAGCAGGGCAGCGGCGCUAUCCG	0
NM_005026.5:1604-1633	NM_005026.5	NM_005026.5.fasta	1604	1633	+	30	GGATAGCGCCGCTGCCCTGCTCATCTGCCT	AGGCAGAUGAGCAGGGCAGCGGCGCUAUCC	0
NM_005026.5:1605-1634	NM_005026.5	NM_005026.5.fasta	1605	1634	+	30	GATAGCGCCGCTGCCCTGCTCATCTGCCTG	CAGGCAGAUGAGCAGGGCAGCGGCGCUAUC	0
NM_005026.5:1606-1635	NM_005026.5	NM_005026.5.fasta	1606	1635	+	30	ATAGCGCCGCTGCCCTGCTCATCTGCCTGC	GCAGGCAGAUGAGCAGGGCAGCGGCGCUAU	0
NM_005026.5:1607-1636	NM_005026.5	NM_005026.5.fasta	1607	1636	+	30	TAGCGCCGCTGCCCTGCTCATCTGCCTGCC	GGCAGGCAGAUGAGCAGGGCAGCGGCGCUA	0
NM_005026.5:1608-1637	NM_005026.5	NM_005026.5.fasta	1608	1637	+	30	AGCGCCGCTGCCCTGCTCATCTGCCTGCCC	GGGCAGGCAGAUGAGCAGGGCAGCGGCGCU	0
NM_005026.5:1609-1638	NM_005026.5	NM_005026.5.fasta	1609	1638	+	30	GCGCCGCTGCCCTGCTCATCTGCCTGCCCG	CGGGCAGGCAGAUGAGCAGGGCAGCGGCGC	0
NM_005026.5:1610-1639	NM_005026.5	NM_005026.5.fasta	1610	1639	+	30	CGCCGCTGCCCTGCTCATCTGCCTGCCCGA	UCGGGCAGGCAGAUGAGCAGGGCAGCGGCG	0
NM_005026.5:1611-1640	NM_005026.5	NM_005026.5.fasta	1611	1640	+	30	GCCGCTGCCCTGCTCATCTGCCTGCCCGAG	CUCGGGCAGGCAGAUGAGCAGGGCAGCGGC	0
NM_005026.5:1612-1641	NM_005026.5	NM_005026.5.fasta	1612	1641	+	30	CCGCTGCCCTGCTCATCTGCCTGCCCGAGG	CCUCGGGCAGGCAGAUGAGCAGGGCAGCGG	0
NM_005026.5:1613-1642	NM_005026.5	NM_005026.5.fasta	1613	1642	+	30	CGCTGCCCTGCTCATCTGCCTGCCCGAGGT	ACCUCGGGCAGGCAGAUGAGCAGGGCAGCG	0
NM_005026.5:1614-1643	NM_005026.5	NM_005026.5.fasta	1614	1643	+	30	GCTGCCCTGCTCATCTGCCTGCCCGAGGTG	CACCUCGGGCAGGCAGAUGAGCAGGGCAGC	0
NM_005026.5:1615-1644	NM_005026.5	NM_005026.5.fasta	1615	1644	+	30	CTGCCCTGCTCATCTGCCTGCCCGAGGTGG	CCACCUCGGGCAGGCAGAUGAGCAGGGCAG	0
NM_005026.5:1616-1645	NM_005026.5	NM_005026.5.fasta	1616	1645	+	30	TGCCCTGCTCATCTGCCTGCCCGAGGTGGC	GCCACCUCGGGCAGGCAGAUGAGCAGGGCA	0
NM_005026.5:1617-1646	NM_005026.5	NM_005026.5.fasta	1617	1646	+	30	GCCCTGCTCATCTGCCTGCCCGAGGTGGCC	GGCCACCUCGGGCAGGCAGAUGAGCAGGGC	0
NM_005026.5:1618-1647	NM_005026.5	NM_005026.5.fasta	1618	1647	+	30	CCCTGCTCATCTGCCTGCCCGAGGTGGCCC	GGGCCACCUCGGGCAGGCAGAUGAGCAGGG	0
NM_005026.5:1619-1648	NM_005026.5	NM_005026.5.fasta	1619	1648	+	30	CCTGCTCATCTGCCTGCCCGAGGTGGCCCC	GGGGCCACCUCGGGCAGGCAGAUGAGCAGG	0
NM_005026.5:1620-1649	NM_005026.5	NM_005026.5.fasta	1620	1649	+	30	CTGCTCATCTGCCTGCCCGAGGTGGCCCCG	CGGGGCCACCUCGGGCAGGCAGAUGAGCAG	0
NM_005026.5:1621-1650	NM_005026.5	NM_005026.5.fasta	1621	1650	+	30	TGCTCATCTGCCTGCCCGAGGTGGCCCCGC	GCGGGGCCACCUCGGGCAGGCAGAUGAGCA	0
NM_005026.5:1622-1651	NM_005026.5	NM_005026.5.fasta	1622	1651	+	30	GCTCATCTGCCTGCCCGAGGTGGCCCCGCA	UGCGGGGCCACCUCGGGCAGGCAGAUGAGC	0
NM_005026.5:1623-1652	NM_005026.5	NM_005026.5.fasta	1623	1652	+	30	CTCATCTGCCTGCCCGAGGTGGCCCCGCAC	GUGCGGGGCCACCUCGGGCAGGCAGAUGAG	0
NM_005026.5:1624-1653	NM_005026.5	NM_005026.5.fasta	1624	1653	+	30	TCATCTGCCTGCCCGAGGTGGCCCCGCACC	GGUGCGGGGCCACCUCGGGCAGGCAGAUGA	0
NM_005026.5:1625-1654	NM_005026.5	NM_005026.5.fasta	1625	1654	+	30	CATCTGCCTGCCCGAGGTGGCCCCGCACCC	GGGUGCGGGGCCACCUCGGGCAGGCAGAUG	0
NM_005026.5:1626-1655	NM_005026.5	NM_005026.5.fasta	1626	1655	+	30	ATCTGCCTGCCCGAGGTGGCCCCGCACCCC	GGGGUGCGGGGCCACCUCGGGCAGGCAGAU	0
NM_005026.5:1627-1656	NM_005026.5	NM_005026.5.fasta	1627	1656	+	30	TCTGCCTGCCCGAGGTGGCCCCGCACCCCG	CGGGGUGCGGGGCCACCUCGGGCAGGCAGA	0
NM_005026.5:1628-1657	NM_005026.5	NM_005026.5.fasta	1628	1657	+	30	CTGCCTGCCCGAGGTGGCCCCGCACCCCGT	ACGGGGUGCGGGGCCACCUCGGGCAGGCAG	0
NM_005026.5:1629-1658	NM_005026.5	NM_005026.5.fasta	1629	1658	+	30	TGCCTGCCCGAGGTGGCCCCGCACCCCGTG	CACGGGGUGCGGGGCCACCUCGGGCAGGCA	0
NM_005026.5:1630-1659	NM_005026.5	NM_005026.5.fasta	1630	1659	+	30	GCCTGCCCGAGGTGGCCCCGCACCCCGTGT	ACACGGGGUGCGGGGCCACCUCGGGCAGGC	0
NM_005026.5:1631-1660	NM_005026.5	NM_005026.5.fasta	1631	1660	+	30	CCTGCCCGAGGTGGCCCCGCACCCCGTGTA	UACACGGGGUGCGGGGCCACCUCGGGCAGG	0
NM_005026.5:1632-1661	NM_005026.5	NM_005026.5.fasta	1632	1661	+	30	CTGCCCGAGGTGGCCCCGCACCCCGTGTAC	GUACACGGGGUGCGGGGCCACCUCGGGCAG	0
NM_005026.5:1633-1662	NM_005026.5	NM_005026.5.fasta	1633	1662	+	30	TGCCCGAGGTGGCCCCGCACCCCGTGTACT	AGUACACGGGGUGCGGGGCCACCUCGGGCA	0
NM_005026.5:1634-1663	NM_005026.5	NM_005026.5.fasta	1634	1663	+	30	GCCCGAGGTGGCCCCGCACCCCGTGTACTA	UAGUACACGGGGUGCGGGGCCACCUCGGGC	0
NM_005026.5:1635-1664	NM_005026.5	NM_005026.5.fasta	1635	1664	+	30	CCCGAGGTGGCCCCGCACCCCGTGTACTAC	GUAGUACACGGGGUGCGGGGCCACCUCGGG	0
NM_005026.5:1636-1665	NM_005026.5	NM_005026.5.fasta	1636	1665	+	30	CCGAGGTGGCCCCGCACCCCGTGTACTACC	GGUAGUACACGGGGUGCGGGGCCACCUCGG	0
NM_005026.5:1637-1666	NM_005026.5	NM_005026.5.fasta	1637	1666	+	30	CGAGGTGGCCCCGCACCCCGTGTACTACCC	GGGUAGUACACGGGGUGCGGGGCCACCUCG	0
NM_005026.5:1638-1667	NM_005026.5	NM_005026.5.fasta	1638	1667	+	30	GAGGTGGCCCCGCACCCCGTGTACTACCCC	GGGGUAGUACACGGGGUGCGGGGCCACCUC	0
NM_005026.5:1639-1668	NM_005026.5	NM_005026.5.fasta	1639	1668	+	30	AGGTGGCCCCGCACCCCGTGTACTACCCCG	CGGGGUAGUACACGGGGUGCGGGGCCACCU	0
NM_005026.5:1640-1669	NM_005026.5	NM_005026.5.fasta	1640	1669	+	30	GGTGGCCCCGCACCCCGTGTACTACCCCGC	GCGGGGUAGUACACGGGGUGCGGGGCCACC	0
NM_005026.5:1641-1670	NM_005026.5	NM_005026.5.fasta	1641	1670	+	30	GTGGCCCCGCACCCCGTGTACTACCCCGCC	GGCGGGGUAGUACACGGGGUGCGGGGCCAC	0
NM_005026.5:1642-1671	NM_005026.5	NM_005026.5.fasta	1642	1671	+	30	TGGCCCCGCACCCCGTGTACTACCCCGCCC	GGGCGGGGUAGUACACGGGGUGCGGGGCCA	0
NM_005026.5:1643-1672	NM_005026.5	NM_005026.5.fasta	1643	1672	+	30	GGCCCCGCACCCCGTGTACTACCCCGCCCT	AGGGCGGGGUAGUACACGGGGUGCGGGGCC	0
NM_005026.5:1644-1673	NM_005026.5	NM_005026.5.fasta	1644	1673	+	30	GCCCCGCACCCCGTGTACTACCCCGCCCTG	CAGGGCGGGGUAGUACACGGGGUGCGGGGC	0
NM_005026.5:1645-1674	NM_005026.5	NM_005026.5.fasta	1645	1674	+	30	CCCCGCACCCCGTGTACTACCCCGCCCTGG	CCAGGGCGGGGUAGUACACGGGGUGCGGGG	0
NM_005026.5:1646-1675	NM_005026.5	NM_005026.5.fasta	1646	1675	+	30	CCCGCACCCCGTGTACTACCCCGCCCTGGA	UCCAGGGCGGGGUAGUACACGGGGUGCGGG	0
NM_005026.5:1647-1676	NM_005026.5	NM_005026.5.fasta	1647	1676	+	30	CCGCACCCCGTGTACTACCCCGCCCTGGAG	CUCCAGGGCGGGGUAGUACACGGGGUGCGG	0
NM_005026.5:1648-1677	NM_005026.5	NM_005026.5.fasta	1648	1677	+	30	CGCACCCCGTGTACTACCCCGCCCTGGAGA	UCUCCAGGGCGGGGUAGUACACGGGGUGCG	0
NM_005026.5:1649-1678	NM_005026.5	NM_005026.5.fasta	1649	1678	+	30	GCACCCCGTGTACTACCCCGCCCTGGAGAA	UUCUCCAGGGCGGGGUAGUACACGGGGUGC	0
NM_005026.5:1650-1679	NM_005026.5	NM_005026.5.fasta	1650	1679	+	30	CACCCCGTGTACTACCCCGCCCTGGAGAAG	CUUCUCCAGGGCGGGGUAGUACACGGGGUG	0
NM_005026.5:1651-1680	NM_005026.5	NM_005026.5.fasta	1651	1680	+	30	ACCCCGTGTACTACCCCGCCCTGGAGAAGA	UCUUCUCCAGGGCGGGGUAGUACACGGGGU	0
NM_005026.5:1652-1681	NM_005026.5	NM_005026.5.fasta	1652	1681	+	30	CCCCGTGTACTACCCCGCCCTGGAGAAGAT	AUCUUCUCCAGGGCGGGGUAGUACACGGGG	0
NM_005026.5:1653-1682	NM_005026.5	NM_005026.5.fasta	1653	1682	+	30	CCCGTGTACTACCCCGCCCTGGAGAAGATC	GAUCUUCUCCAGGGCGGGGUAGUACACGGG	0
NM_005026.5:1654-1683	NM_005026.5	NM_005026.5.fasta	1654	1683	+	30	CCGTGTACTACCCCGCCCTGGAGAAGATCT	AGAUCUUCUCCAGGGCGGGGUAGUACACGG	0
NM_005026.5:1655-1684	NM_005026.5	NM_005026.5.fasta	1655	1684	+	30	CGTGTACTACCCCGCCCTGGAGAAGATCTT	AAGAUCUUCUCCAGGGCGGGGUAGUACACG	0
NM_005026.5:1656-1685	NM_005026.5	NM_005026.5.fasta	1656	1685	+	30	GTGTACTACCCCGCCCTGGAGAAGATCTTG	CAAGAUCUUCUCCAGGGCGGGGUAGUACAC	0
NM_005026.5:1657-1686	NM_005026.5	NM_005026.5.fasta	1657	1686	+	30	TGTACTACCCCGCCCTGGAGAAGATCTTGG	CCAAGAUCUUCUCCAGGGCGGGGUAGUACA	0
NM_005026.5:1658-1687	NM_005026.5	NM_005026.5.fasta	1658	1687	+	30	GTACTACCCCGCCCTGGAGAAGATCTTGGA	UCCAAGAUCUUCUCCAGGGCGGGGUAGUAC	0
NM_005026.5:1659-1688	NM_005026.5	NM_005026.5.fasta	1659	1688	+	30	TACTACCCCGCCCTGGAGAAGATCTTGGAG	CUCCAAGAUCUUCUCCAGGGCGGGGUAGUA	0
NM_005026.5:1660-1689	NM_005026.5	NM_005026.5.fasta	1660	1689	+	30	ACTACCCCGCCCTGGAGAAGATCTTGGAGC	GCUCCAAGAUCUUCUCCAGGGCGGGGUAGU	0
NM_005026.5:1661-1690	NM_005026.5	NM_005026.5.fasta	1661	1690	+	30	CTACCCCGCCCTGGAGAAGATCTTGGAGCT	AGCUCCAAGAUCUUCUCCAGGGCGGGGUAG	0
NM_005026.5:1662-1691	NM_005026.5	NM_005026.5.fasta	1662	1691	+	30	TACCCCGCCCTGGAGAAGATCTTGGAGCTG	CAGCUCCAAGAUCUUCUCCAGGGCGGGGUA	0
NM_005026.5:1663-1692	NM_005026.5	NM_005026.5.fasta	1663	1692	+	30	ACCCCGCCCTGGAGAAGATCTTGGAGCTGG	CCAGCUCCAAGAUCUUCUCCAGGGCGGGGU	0
NM_005026.5:1664-1693	NM_005026.5	NM_005026.5.fasta	1664	1693	+	30	CCCCGCCCTGGAGAAGATCTTGGAGCTGGG	CCCAGCUCCAAGAUCUUCUCCAGGGCGGGG	0
NM_005026.5:1665-1694	NM_005026.5	NM_005026.5.fasta	1665	1694	+	30	CCCGCCCTGGAGAAGATCTTGGAGCTGGGG	CCCCAGCUCCAAGAUCUUCUCCAGGGCGGG	0
NM_005026.5:1666-1695	NM_005026.5	NM_005026.5.fasta	1666	1695	+	30	CCGCCCTGGAGAAGATCTTGGAGCTGGGGC	GCCCCAGCUCCAAGAUCUUCUCCAGGGCGG	0
NM_005026.5:1667-1696	NM_005026.5	NM_005026.5.fasta	1667	1696	+	30	CGCCCTGGAGAAGATCTTGGAGCTGGGGCG	CGCCCCAGCUCCAAGAUCUUCUCCAGGGCG	0
NM_005026.5:1668-1697	NM_005026.5	NM_005026.5.fasta	1668	1697	+	30	GCCCTGGAGAAGATCTTGGAGCTGGGGCGA	UCGCCCCAGCUCCAAGAUCUUCUCCAGGGC	0
NM_005026.5:1669-1698	NM_005026.5	NM_005026.5.fasta	1669	1698	+	30	CCCTGGAGAAGATCTTGGAGCTGGGGCGAC	GUCGCCCCAGCUCCAAGAUCUUCUCCAGGG	0
NM_005026.5:1670-1699	NM_005026.5	NM_005026.5.fasta	1670	1699	+	30	CCTGGAGAAGATCTTGGAGCTGGGGCGACA	UGUCGCCCCAGCUCCAAGAUCUUCUCCAGG	0
NM_005026.5:1671-1700	NM_005026.5	NM_005026.5.fasta	1671	1700	+	30	CTGGAGAAGATCTTGGAGCTGGGGCGACAC	GUGUCGCCCCAGCUCCAAGAUCUUCUCCAG	0
NM_005026.5:1672-1701	NM_005026.5	NM_005026.5.fasta	1672	1701	+	30	TGGAGAAGATCTTGGAGCTGGGGCGACACA	UGUGUCGCCCCAGCUCCAAGAUCUUCUCCA	0
NM_005026.5:1673-1702	NM_005026.5	NM_005026.5.fasta	1673	1702	+	30	GGAGAAGATCTTGGAGCTGGGGCGACACAG	CUGUGUCGCCCCAGCUCCAAGAUCUUCUCC	0
NM_005026.5:1674-1703	NM_005026.5	NM_005026.5.fasta	1674	1703	+	30	GAGAAGATCTTGGAGCTGGGGCGACACAGC	GCUGUGUCGCCCCAGCUCCAAGAUCUUCUC	0
NM_005026.5:1675-1704	NM_005026.5	NM_005026.5.fasta	1675	1704	+	30	AGAAGATCTTGGAGCTGGGGCGACACAGCG	CGCUGUGUCGCCCCAGCUCCAAGAUCUUCU	0
NM_005026.5:1676-1705	NM_005026.5	NM_005026.5.fasta	1676	1705	+	30	GAAGATCTTGGAGCTGGGGCGACACAGCGA	UCGCUGUGUCGCCCCAGCUCCAAGAUCUUC	0
NM_005026.5:1677-1706	NM_005026.5	NM_005026.5.fasta	1677	1706	+	30	AAGATCTTGGAGCTGGGGCGACACAGCGAG	CUCGCUGUGUCGCCCCAGCUCCAAGAUCUU	0
NM_005026.5:1678-1707	NM_005026.5	NM_005026.5.fasta	1678	1707	+	30	AGATCTTGGAGCTGGGGCGACACAGCGAGT	ACUCGCUGUGUCGCCCCAGCUCCAAGAUCU	0
NM_005026.5:1679-1708	NM_005026.5	NM_005026.5.fasta	1679	1708	+	30	GATCTTGGAGCTGGGGCGACACAGCGAGTG	CACUCGCUGUGUCGCCCCAGCUCCAAGAUC	0
NM_005026.5:1680-1709	NM_005026.5	NM_005026.5.fasta	1680	1709	+	30	ATCTTGGAGCTGGGGCGACACAGCGAGTGT	ACACUCGCUGUGUCGCCCCAGCUCCAAGAU	0
NM_005026.5:1681-1710	NM_005026.5	NM_005026.5.fasta	1681	1710	+	30	TCTTGGAGCTGGGGCGACACAGCGAGTGTG	CACACUCGCUGUGUCGCCCCAGCUCCAAGA	0
NM_005026.5:1682-1711	NM_005026.5	NM_005026.5.fasta	1682	1711	+	30	CTTGGAGCTGGGGCGACACAGCGAGTGTGT	ACACACUCGCUGUGUCGCCCCAGCUCCAAG	0
NM_005026.5:1683-1712	NM_005026.5	NM_005026.5.fasta	1683	1712	+	30	TTGGAGCTGGGGCGACACAGCGAGTGTGTG	CACACACUCGCUGUGUCGCCCCAGCUCCAA	0
NM_005026.5:1684-1713	NM_005026.5	NM_005026.5.fasta	1684	1713	+	30	TGGAGCTGGGGCGACACAGCGAGTGTGTGC	GCACACACUCGCUGUGUCGCCCCAGCUCCA	0
NM_005026.5:1685-1714	NM_005026.5	NM_005026.5.fasta	1685	1714	+	30	GGAGCTGGGGCGACACAGCGAGTGTGTGCA	UGCACACACUCGCUGUGUCGCCCCAGCUCC	0
NM_005026.5:1686-1715	NM_005026.5	NM_005026.5.fasta	1686	1715	+	30	GAGCTGGGGCGACACAGCGAGTGTGTGCAT	AUGCACACACUCGCUGUGUCGCCCCAGCUC	0
NM_005026.5:1687-1716	NM_005026.5	NM_005026.5.fasta	1687	1716	+	30	AGCTGGGGCGACACAGCGAGTGTGTGCATG	CAUGCACACACUCGCUGUGUCGCCCCAGCU	0
NM_005026.5:1688-1717	NM_005026.5	NM_005026.5.fasta	1688	1717	+	30	GCTGGGGCGACACAGCGAGTGTGTGCATGT	ACAUGCACACACUCGCUGUGUCGCCCCAGC	0
NM_005026.5:1689-1718	NM_005026.5	NM_005026.5.fasta	1689	1718	+	30	CTGGGGCGACACAGCGAGTGTGTGCATGTC	GACAUGCACACACUCGCUGUGUCGCCCCAG	0
NM_005026.5:1690-1719	NM_005026.5	NM_005026.5.fasta	1690	1719	+	30	TGGGGCGACACAGCGAGTGTGTGCATGTCA	UGACAUGCACACACUCGCUGUGUCGCCCCA	0
NM_005026.5:1691-1720	NM_005026.5	NM_005026.5.fasta	1691	1720	+	30	GGGGCGACACAGCGAGTGTGTGCATGTCAC	GUGACAUGCACACACUCGCUGUGUCGCCCC	0
NM_005026.5:1692-1721	NM_005026.5	NM_005026.5.fasta	1692	1721	+	30	GGGCGACACAGCGAGTGTGTGCATGTCACC	GGUGACAUGCACACACUCGCUGUGUCGCCC	0
NM_005026.5:1693-1722	NM_005026.5	NM_005026.5.fasta	1693	1722	+	30	GGCGACACAGCGAGTGTGTGCATGTCACCG	CGGUGACAUGCACACACUCGCUGUGUCGCC	0
NM_005026.5:1694-1723	NM_005026.5	NM_005026.5.fasta	1694	1723	+	30	GCGACACAGCGAGTGTGTGCATGTCACCGA	UCGGUGACAUGCACACACUCGCUGUGUCGC	0
NM_005026.5:1695-1724	NM_005026.5	NM_005026.5.fasta	1695	1724	+	30	CGACACAGCGAGTGTGTGCATGTCACCGAG	CUCGGUGACAUGCACACACUCGCUGUGUCG	0
NM_005026.5:1696-1725	NM_005026.5	NM_005026.5.fasta	1696	1725	+	30	GACACAGCGAGTGTGTGCATGTCACCGAGG	CCUCGGUGACAUGCACACACUCGCUGUGUC	0
NM_005026.5:1697-1726	NM_005026.5	NM_005026.5.fasta	1697	1726	+	30	ACACAGCGAGTGTGTGCATGTCACCGAGGA	UCCUCGGUGACAUGCACACACUCGCUGUGU	0
NM_005026.5:1698-1727	NM_005026.5	NM_005026.5.fasta	1698	1727	+	30	CACAGCGAGTGTGTGCATGTCACCGAGGAG	CUCCUCGGUGACAUGCACACACUCGCUGUG	0
NM_005026.5:1699-1728	NM_005026.5	NM_005026.5.fasta	1699	1728	+	30	ACAGCGAGTGTGTGCATGTCACCGAGGAGG	CCUCCUCGGUGACAUGCACACACUCGCUGU	0
NM_005026.5:1700-1729	NM_005026.5	NM_005026.5.fasta	1700	1729	+	30	CAGCGAGTGTGTGCATGTCACCGAGGAGGA	UCCUCCUCGGUGACAUGCACACACUCGCUG	0
NM_005026.5:1701-1730	NM_005026.5	NM_005026.5.fasta	1701	1730	+	30	AGCGAGTGTGTGCATGTCACCGAGGAGGAG	CUCCUCCUCGGUGACAUGCACACACUCGCU	0
NM_005026.5:1702-1731	NM_005026.5	NM_005026.5.fasta	1702	1731	+	30	GCGAGTGTGTGCATGTCACCGAGGAGGAGC	GCUCCUCCUCGGUGACAUGCACACACUCGC	0
NM_005026.5:1703-1732	NM_005026.5	NM_005026.5.fasta	1703	1732	+	30	CGAGTGTGTGCATGTCACCGAGGAGGAGCA	UGCUCCUCCUCGGUGACAUGCACACACUCG	0
NM_005026.5:1704-1733	NM_005026.5	NM_005026.5.fasta	1704	1733	+	30	GAGTGTGTGCATGTCACCGAGGAGGAGCAG	CUGCUCCUCCUCGGUGACAUGCACACACUC	0
NM_005026.5:1705-1734	NM_005026.5	NM_005026.5.fasta	1705	1734	+	30	AGTGTGTGCATGTCACCGAGGAGGAGCAGC	GCUGCUCCUCCUCGGUGACAUGCACACACU	0
NM_005026.5:1706-1735	NM_005026.5	NM_005026.5.fasta	1706	1735	+	30	GTGTGTGCATGTCACCGAGGAGGAGCAGCT	AGCUGCUCCUCCUCGGUGACAUGCACACAC	0
NM_005026.5:1707-1736	NM_005026.5	NM_005026.5.fasta	1707	1736	+	30	TGTGTGCATGTCACCGAGGAGGAGCAGCTG	CAGCUGCUCCUCCUCGGUGACAUGCACACA	0
NM_005026.5:1708-1737	NM_005026.5	NM_005026.5.fasta	1708	1737	+	30	GTGTGCATGTCACCGAGGAGGAGCAGCTGC	GCAGCUGCUCCUCCUCGGUGACAUGCACAC	0
NM_005026.5:1709-1738	NM_005026.5	NM_005026.5.fasta	1709	1738	+	30	TGTGCATGTCACCGAGGAGGAGCAGCTGCA	UGCAGCUGCUCCUCCUCGGUGACAUGCACA	0
NM_005026.5:1710-1739	NM_005026.5	NM_005026.5.fasta	1710	1739	+	30	GTGCATGTCACCGAGGAGGAGCAGCTGCAG	CUGCAGCUGCUCCUCCUCGGUGACAUGCAC	0
NM_005026.5:1711-1740	NM_005026.5	NM_005026.5.fasta	1711	1740	+	30	TGCATGTCACCGAGGAGGAGCAGCTGCAGC	GCUGCAGCUGCUCCUCCUCGGUGACAUGCA	0
NM_005026.5:1712-1741	NM_005026.5	NM_005026.5.fasta	1712	1741	+	30	GCATGTCACCGAGGAGGAGCAGCTGCAGCT	AGCUGCAGCUGCUCCUCCUCGGUGACAUGC	0
NM_005026.5:1713-1742	NM_005026.5	NM_005026.5.fasta	1713	1742	+	30	CATGTCACCGAGGAGGAGCAGCTGCAGCTG	CAGCUGCAGCUGCUCCUCCUCGGUGACAUG	0
NM_005026.5:1714-1743	NM_005026.5	NM_005026.5.fasta	1714	1743	+	30	ATGTCACCGAGGAGGAGCAGCTGCAGCTGC	GCAGCUGCAGCUGCUCCUCCUCGGUGACAU	0
NM_005026.5:1715-1744	NM_005026.5	NM_005026.5.fasta	1715	1744	+	30	TGTCACCGAGGAGGAGCAGCTGCAGCTGCG	CGCAGCUGCAGCUGCUCCUCCUCGGUGACA	0
NM_005026.5:1716-1745	NM_005026.5	NM_005026.5.fasta	1716	1745	+	30	GTCACCGAGGAGGAGCAGCTGCAGCTGCGG	CCGCAGCUGCAGCUGCUCCUCCUCGGUGAC	0
NM_005026.5:1717-1746	NM_005026.5	NM_005026.5.fasta	1717	1746	+	30	TCACCGAGGAGGAGCAGCTGCAGCTGCGGG	CCCGCAGCUGCAGCUGCUCCUCCUCGGUGA	0
NM_005026.5:1718-1747	NM_005026.5	NM_005026.5.fasta	1718	1747	+	30	CACCGAGGAGGAGCAGCTGCAGCTGCGGGA	UCCCGCAGCUGCAGCUGCUCCUCCUCGGUG	0
NM_005026.5:1719-1748	NM_005026.5	NM_005026.5.fasta	1719	1748	+	30	ACCGAGGAGGAGCAGCTGCAGCTGCGGGAA	UUCCCGCAGCUGCAGCUGCUCCUCCUCGGU	0
NM_005026.5:1720-1749	NM_005026.5	NM_005026.5.fasta	1720	1749	+	30	CCGAGGAGGAGCAGCTGCAGCTGCGGGAAA	UUUCCCGCAGCUGCAGCUGCUCCUCCUCGG	0
NM_005026.5:1721-1750	NM_005026.5	NM_005026.5.fasta	1721	1750	+	30	CGAGGAGGAGCAGCTGCAGCTGCGGGAAAT	AUUUCCCGCAGCUGCAGCUGCUCCUCCUCG	0
NM_005026.5:1722-1751	NM_005026.5	NM_005026.5.fasta	1722	1751	+	30	GAGGAGGAGCAGCTGCAGCTGCGGGAAATC	GAUUUCCCGCAGCUGCAGCUGCUCCUCCUC	0
NM_005026.5:1723-1752	NM_005026.5	NM_005026.5.fasta	1723	1752	+	30	AGGAGGAGCAGCTGCAGCTGCGGGAAATCC	GGAUUUCCCGCAGCUGCAGCUGCUCCUCCU	0
NM_005026.5:1724-1753	NM_005026.5	NM_005026.5.fasta	1724	1753	+	30	GGAGGAGCAGCTGCAGCTGCGGGAAATCCT	AGGAUUUCCCGCAGCUGCAGCUGCUCCUCC	0
NM_005026.5:1725-1754	NM_005026.5	NM_005026.5.fasta	1725	1754	+	30	GAGGAGCAGCTGCAGCTGCGGGAAATCCTG	CAGGAUUUCCCGCAGCUGCAGCUGCUCCUC	0
NM_005026.5:1726-1755	NM_005026.5	NM_005026.5.fasta	1726	1755	+	30	AGGAGCAGCTGCAGCTGCGGGAAATCCTGG	CCAGGAUUUCCCGCAGCUGCAGCUGCUCCU	0
NM_005026.5:1727-1756	NM_005026.5	NM_005026.5.fasta	1727	1756	+	30	GGAGCAGCTGCAGCTGCGGGAAATCCTGGA	UCCAGGAUUUCCCGCAGCUGCAGCUGCUCC	0
NM_005026.5:1728-1757	NM_005026.5	NM_005026.5.fasta	1728	1757	+	30	GAGCAGCTGCAGCTGCGGGAAATCCTGGAG	CUCCAGGAUUUCCCGCAGCUGCAGCUGCUC	0
NM_005026.5:1729-1758	NM_005026.5	NM_005026.5.fasta	1729	1758	+	30	AGCAGCTGCAGCTGCGGGAAATCCTGGAGC	GCUCCAGGAUUUCCCGCAGCUGCAGCUGCU	0
NM_005026.5:1730-1759	NM_005026.5	NM_005026.5.fasta	1730	1759	+	30	GCAGCTGCAGCTGCGGGAAATCCTGGAGCG	CGCUCCAGGAUUUCCCGCAGCUGCAGCUGC	0
NM_005026.5:1731-1760	NM_005026.5	NM_005026.5.fasta	1731	1760	+	30	CAGCTGCAGCTGCGGGAAATCCTGGAGCGG	CCGCUCCAGGAUUUCCCGCAGCUGCAGCUG	0
NM_005026.5:1732-1761	NM_005026.5	NM_005026.5.fasta	1732	1761	+	30	AGCTGCAGCTGCGGGAAATCCTGGAGCGGC	GCCGCUCCAGGAUUUCCCGCAGCUGCAGCU	0
NM_005026.5:1733-1762	NM_005026.5	NM_005026.5.fasta	1733	1762	+	30	GCTGCAGCTGCGGGAAATCCTGGAGCGGCG	CGCCGCUCCAGGAUUUCCCGCAGCUGCAGC	0
NM_005026.5:1734-1763	NM_005026.5	NM_005026.5.fasta	1734	1763	+	30	CTGCAGCTGCGGGAAATCCTGGAGCGGCGG	CCGCCGCUCCAGGAUUUCCCGCAGCUGCAG	0
NM_005026.5:1735-1764	NM_005026.5	NM_005026.5.fasta	1735	1764	+	30	TGCAGCTGCGGGAAATCCTGGAGCGGCGGG	CCCGCCGCUCCAGGAUUUCCCGCAGCUGCA	0
NM_005026.5:1736-1765	NM_005026.5	NM_005026.5.fasta	1736	1765	+	30	GCAGCTGCGGGAAATCCTGGAGCGGCGGGG	CCCCGCCGCUCCAGGAUUUCCCGCAGCUGC	0
NM_005026.5:1737-1766	NM_005026.5	NM_005026.5.fasta	1737	1766	+	30	CAGCTGCGGGAAATCCTGGAGCGGCGGGGG	CCCCCGCCGCUCCAGGAUUUCCCGCAGCUG	0
NM_005026.5:1738-1767	NM_005026.5	NM_005026.5.fasta	1738	1767	+	30	AGCTGCGGGAAATCCTGGAGCGGCGGGGGT	ACCCCCGCCGCUCCAGGAUUUCCCGCAGCU	0
NM_005026.5:1739-1768	NM_005026.5	NM_005026.5.fasta	1739	1768	+	30	GCTGCGGGAAATCCTGGAGCGGCGGGGGTC	GACCCCCGCCGCUCCAGGAUUUCCCGCAGC	0
NM_005026.5:1740-1769	NM_005026.5	NM_005026.5.fasta	1740	1769	+	30	CTGCGGGAAATCCTGGAGCGGCGGGGGTCT	AGACCCCCGCCGCUCCAGGAUUUCCCGCAG	0
NM_005026.5:1741-1770	NM_005026.5	NM_005026.5.fasta	1741	1770	+	30	TGCGGGAAATCCTGGAGCGGCGGGGGTCTG	CAGACCCCCGCCGCUCCAGGAUUUCCCGCA	0
NM_005026.5:1742-1771	NM_005026.5	NM_005026.5.fasta	1742	1771	+	30	GCGGGAAATCCTGGAGCGGCGGGGGTCTGG	CCAGACCCCCGCCGCUCCAGGAUUUCCCGC	0
NM_005026.5:1743-1772	NM_005026.5	NM_005026.5.fasta	1743	1772	+	30	CGGGAAATCCTGGAGCGGCGGGGGTCTGGG	CCCAGACCCCCGCCGCUCCAGGAUUUCCCG	0
NM_005026.5:1744-1773	NM_005026.5	NM_005026.5.fasta	1744	1773	+	30	GGGAAATCCTGGAGCGGCGGGGGTCTGGGG	CCCCAGACCCCCGCCGCUCCAGGAUUUCCC	0
NM_005026.5:1745-1774	NM_005026.5	NM_005026.5.fasta	1745	1774	+	30	GGAAATCCTGGAGCGGCGGGGGTCTGGGGA	UCCCCAGACCCCCGCCGCUCCAGGAUUUCC	0
NM_005026.5:1746-1775	NM_005026.5	NM_005026.5.fasta	1746	1775	+	30	GAAATCCTGGAGCGGCGGGGGTCTGGGGAG	CUCCCCAGACCCCCGCCGCUCCAGGAUUUC	0
NM_005026.5:1747-1776	NM_005026.5	NM_005026.5.fasta	1747	1776	+	30	AAATCCTGGAGCGGCGGGGGTCTGGGGAGC	GCUCCCCAGACCCCCGCCGCUCCAGGAUUU	0
NM_005026.5:1748-1777	NM_005026.5	NM_005026.5.fasta	1748	1777	+	30	AATCCTGGAGCGGCGGGGGTCTGGGGAGCT	AGCUCCCCAGACCCCCGCCGCUCCAGGAUU	0
NM_005026.5:1749-1778	NM_005026.5	NM_005026.5.fasta	1749	1778	+	30	ATCCTGGAGCGGCGGGGGTCTGGGGAGCTG	CAGCUCCCCAGACCCCCGCCGCUCCAGGAU	0
NM_005026.5:1750-1779	NM_005026.5	NM_005026.5.fasta	1750	1779	+	30	TCCTGGAGCGGCGGGGGTCTGGGGAGCTGT	ACAGCUCCCCAGACCCCCGCCGCUCCAGGA	0
NM_005026.5:1751-1780	NM_005026.5	NM_005026.5.fasta	1751	1780	+	30	CCTGGAGCGGCGGGGGTCTGGGGAGCTGTA	UACAGCUCCCCAGACCCCCGCCGCUCCAGG	0
NM_005026.5:1752-1781	NM_005026.5	NM_005026.5.fasta	1752	1781	+	30	CTGGAGCGGCGGGGGTCTGGGGAGCTGTAT	AUACAGCUCCCCAGACCCCCGCCGCUCCAG	0
NM_005026.5:1753-1782	NM_005026.5	NM_005026.5.fasta	1753	1782	+	30	TGGAGCGGCGGGGGTCTGGGGAGCTGTATG	CAUACAGCUCCCCAGACCCCCGCCGCUCCA	0
NM_005026.5:1754-1783	NM_005026.5	NM_005026.5.fasta	1754	1783	+	30	GGAGCGGCGGGGGTCTGGGGAGCTGTATGA	UCAUACAGCUCCCCAGACCCCCGCCGCUCC	0
NM_005026.5:1755-1784	NM_005026.5	NM_005026.5.fasta	1755	1784	+	30	GAGCGGCGGGGGTCTGGGGAGCTGTATGAG	CUCAUACAGCUCCCCAGACCCCCGCCGCUC	0
NM_005026.5:1756-1785	NM_005026.5	NM_005026.5.fasta	1756	1785	+	30	AGCGGCGGGGGTCTGGGGAGCTGTATGAGC	GCUCAUACAGCUCCCCAGACCCCCGCCGCU	0
NM_005026.5:1757-1786	NM_005026.5	NM_005026.5.fasta	1757	1786	+	30	GCGGCGGGGGTCTGGGGAGCTGTATGAGCA	UGCUCAUACAGCUCCCCAGACCCCCGCCGC	0
NM_005026.5:1758-1787	NM_005026.5	NM_005026.5.fasta	1758	1787	+	30	CGGCGGGGGTCTGGGGAGCTGTATGAGCAC	GUGCUCAUACAGCUCCCCAGACCCCCGCCG	0
NM_005026.5:1759-1788	NM_005026.5	NM_005026.5.fasta	1759	1788	+	30	GGCGGGGGTCTGGGGAGCTGTATGAGCACG	CGUGCUCAUACAGCUCCCCAGACCCCCGCC	0
NM_005026.5:1760-1789	NM_005026.5	NM_005026.5.fasta	1760	1789	+	30	GCGGGGGTCTGGGGAGCTGTATGAGCACGA	UCGUGCUCAUACAGCUCCCCAGACCCCCGC	0
NM_005026.5:1761-1790	NM_005026.5	NM_005026.5.fasta	1761	1790	+	30	CGGGGGTCTGGGGAGCTGTATGAGCACGAG	CUCGUGCUCAUACAGCUCCCCAGACCCCCG	0
NM_005026.5:1762-1791	NM_005026.5	NM_005026.5.fasta	1762	1791	+	30	GGGGGTCTGGGGAGCTGTATGAGCACGAGA	UCUCGUGCUCAUACAGCUCCCCAGACCCCC	0
NM_005026.5:1763-1792	NM_005026.5	NM_005026.5.fasta	1763	1792	+	30	GGGGTCTGGGGAGCTGTATGAGCACGAGAA	UUCUCGUGCUCAUACAGCUCCCCAGACCCC	0
NM_005026.5:1764-1793	NM_005026.5	NM_005026.5.fasta	1764	1793	+	30	GGGTCTGGGGAGCTGTATGAGCACGAGAAG	CUUCUCGUGCUCAUACAGCUCCCCAGACCC	0
NM_005026.5:1765-1794	NM_005026.5	NM_005026.5.fasta	1765	1794	+	30	GGTCTGGGGAGCTGTATGAGCACGAGAAGG	CCUUCUCGUGCUCAUACAGCUCCCCAGACC	0
NM_005026.5:1766-1795	NM_005026.5	NM_005026.5.fasta	1766	1795	+	30	GTCTGGGGAGCTGTATGAGCACGAGAAGGA	UCCUUCUCGUGCUCAUACAGCUCCCCAGAC	0
NM_005026.5:1767-1796	NM_005026.5	NM_005026.5.fasta	1767	1796	+	30	TCTGGGGAGCTGTATGAGCACGAGAAGGAC	GUCCUUCUCGUGCUCAUACAGCUCCCCAGA	0
NM_005026.5:1768-1797	NM_005026.5	NM_005026.5.fasta	1768	1797	+	30	CTGGGGAGCTGTATGAGCACGAGAAGGACC	GGUCCUUCUCGUGCUCAUACAGCUCCCCAG	0
NM_005026.5:1769-1798	NM_005026.5	NM_005026.5.fasta	1769	1798	+	30	TGGGGAGCTGTATGAGCACGAGAAGGACCT	AGGUCCUUCUCGUGCUCAUACAGCUCCCCA	0
NM_005026.5:1770-1799	NM_005026.5	NM_005026.5.fasta	1770	1799	+	30	GGGGAGCTGTATGAGCACGAGAAGGACCTG	CAGGUCCUUCUCGUGCUCAUACAGCUCCCC	0
NM_005026.5:1771-1800	NM_005026.5	NM_005026.5.fasta	1771	1800	+	30	GGGAGCTGTATGAGCACGAGAAGGACCTGG	CCAGGUCCUUCUCGUGCUCAUACAGCUCCC	0
NM_005026.5:1772-1801	NM_005026.5	NM_005026.5.fasta	1772	1801	+	30	GGAGCTGTATGAGCACGAGAAGGACCTGGT	ACCAGGUCCUUCUCGUGCUCAUACAGCUCC	0
NM_005026.5:1773-1802	NM_005026.5	NM_005026.5.fasta	1773	1802	+	30	GAGCTGTATGAGCACGAGAAGGACCTGGTG	CACCAGGUCCUUCUCGUGCUCAUACAGCUC	0
NM_005026.5:1774-1803	NM_005026.5	NM_005026.5.fasta	1774	1803	+	30	AGCTGTATGAGCACGAGAAGGACCTGGTGT	ACACCAGGUCCUUCUCGUGCUCAUACAGCU	0
NM_005026.5:1775-1804	NM_005026.5	NM_005026.5.fasta	1775	1804	+	30	GCTGTATGAGCACGAGAAGGACCTGGTGTG	CACACCAGGUCCUUCUCGUGCUCAUACAGC	0
NM_005026.5:1776-1805	NM_005026.5	NM_005026.5.fasta	1776	1805	+	30	CTGTATGAGCACGAGAAGGACCTGGTGTGG	CCACACCAGGUCCUUCUCGUGCUCAUACAG	0
NM_005026.5:1777-1806	NM_005026.5	NM_005026.5.fasta	1777	1806	+	30	TGTATGAGCACGAGAAGGACCTGGTGTGGA	UCCACACCAGGUCCUUCUCGUGCUCAUACA	0
NM_005026.5:1778-1807	NM_005026.5	NM_005026.5.fasta	1778	1807	+	30	GTATGAGCACGAGAAGGACCTGGTGTGGAA	UUCCACACCAGGUCCUUCUCGUGCUCAUAC	0
NM_005026.5:1779-1808	NM_005026.5	NM_005026.5.fasta	1779	1808	+	30	TATGAGCACGAGAAGGACCTGGTGTGGAAG	CUUCCACACCAGGUCCUUCUCGUGCUCAUA	0
NM_005026.5:1780-1809	NM_005026.5	NM_005026.5.fasta	1780	1809	+	30	ATGAGCACGAGAAGGACCTGGTGTGGAAGC	GCUUCCACACCAGGUCCUUCUCGUGCUCAU	0
NM_005026.5:1781-1810	NM_005026.5	NM_005026.5.fasta	1781	1810	+	30	TGAGCACGAGAAGGACCTGGTGTGGAAGCT	AGCUUCCACACCAGGUCCUUCUCGUGCUCA	0
NM_005026.5:1782-1811	NM_005026.5	NM_005026.5.fasta	1782	1811	+	30	GAGCACGAGAAGGACCTGGTGTGGAAGCTG	CAGCUUCCACACCAGGUCCUUCUCGUGCUC	0
NM_005026.5:1783-1812	NM_005026.5	NM_005026.5.fasta	1783	1812	+	30	AGCACGAGAAGGACCTGGTGTGGAAGCTGC	GCAGCUUCCACACCAGGUCCUUCUCGUGCU	0
NM_005026.5:1784-1813	NM_005026.5	NM_005026.5.fasta	1784	1813	+	30	GCACGAGAAGGACCTGGTGTGGAAGCTGCG	CGCAGCUUCCACACCAGGUCCUUCUCGUGC	0
NM_005026.5:1785-1814	NM_005026.5	NM_005026.5.fasta	1785	1814	+	30	CACGAGAAGGACCTGGTGTGGAAGCTGCGG	CCGCAGCUUCCACACCAGGUCCUUCUCGUG	0
NM_005026.5:1786-1815	NM_005026.5	NM_005026.5.fasta	1786	1815	+	30	ACGAGAAGGACCTGGTGTGGAAGCTGCGGC	GCCGCAGCUUCCACACCAGGUCCUUCUCGU	0
NM_005026.5:1787-1816	NM_005026.5	NM_005026.5.fasta	1787	1816	+	30	CGAGAAGGACCTGGTGTGGAAGCTGCGGCA	UGCCGCAGCUUCCACACCAGGUCCUUCUCG	0
NM_005026.5:1788-1817	NM_005026.5	NM_005026.5.fasta	1788	1817	+	30	GAGAAGGACCTGGTGTGGAAGCTGCGGCAT	AUGCCGCAGCUUCCACACCAGGUCCUUCUC	0
NM_005026.5:1789-1818	NM_005026.5	NM_005026.5.fasta	1789	1818	+	30	AGAAGGACCTGGTGTGGAAGCTGCGGCATG	CAUGCCGCAGCUUCCACACCAGGUCCUUCU	0
NM_005026.5:1790-1819	NM_005026.5	NM_005026.5.fasta	1790	1819	+	30	GAAGGACCTGGTGTGGAAGCTGCGGCATGA	UCAUGCCGCAGCUUCCACACCAGGUCCUUC	0
NM_005026.5:1791-1820	NM_005026.5	NM_005026.5.fasta	1791	1820	+	30	AAGGACCTGGTGTGGAAGCTGCGGCATGAA	UUCAUGCCGCAGCUUCCACACCAGGUCCUU	0
NM_005026.5:1792-1821	NM_005026.5	NM_005026.5.fasta	1792	1821	+	30	AGGACCTGGTGTGGAAGCTGCGGCATGAAG	CUUCAUGCCGCAGCUUCCACACCAGGUCCU	0
NM_005026.5:1793-1822	NM_005026.5	NM_005026.5.fasta	1793	1822	+	30	GGACCTGGTGTGGAAGCTGCGGCATGAAGT	ACUUCAUGCCGCAGCUUCCACACCAGGUCC	0
NM_005026.5:1794-1823	NM_005026.5	NM_005026.5.fasta	1794	1823	+	30	GACCTGGTGTGGAAGCTGCGGCATGAAGTC	GACUUCAUGCCGCAGCUUCCACACCAGGUC	0
NM_005026.5:1795-1824	NM_005026.5	NM_005026.5.fasta	1795	1824	+	30	ACCTGGTGTGGAAGCTGCGGCATGAAGTCC	GGACUUCAUGCCGCAGCUUCCACACCAGGU	0
NM_005026.5:1796-1825	NM_005026.5	NM_005026.5.fasta	1796	1825	+	30	CCTGGTGTGGAAGCTGCGGCATGAAGTCCA	UGGACUUCAUGCCGCAGCUUCCACACCAGG	0
NM_005026.5:1797-1826	NM_005026.5	NM_005026.5.fasta	1797	1826	+	30	CTGGTGTGGAAGCTGCGGCATGAAGTCCAG	CUGGACUUCAUGCCGCAGCUUCCACACCAG	0
NM_005026.5:1798-1827	NM_005026.5	NM_005026.5.fasta	1798	1827	+	30	TGGTGTGGAAGCTGCGGCATGAAGTCCAGG	CCUGGACUUCAUGCCGCAGCUUCCACACCA	0
NM_005026.5:1799-1828	NM_005026.5	NM_005026.5.fasta	1799	1828	+	30	GGTGTGGAAGCTGCGGCATGAAGTCCAGGA	UCCUGGACUUCAUGCCGCAGCUUCCACACC	0
NM_005026.5:1800-1829	NM_005026.5	NM_005026.5.fasta	1800	1829	+	30	GTGTGGAAGCTGCGGCATGAAGTCCAGGAG	CUCCUGGACUUCAUGCCGCAGCUUCCACAC	0
NM_005026.5:1801-1830	NM_005026.5	NM_005026.5.fasta	1801	1830	+	30	TGTGGAAGCTGCGGCATGAAGTCCAGGAGC	GCUCCUGGACUUCAUGCCGCAGCUUCCACA	0
NM_005026.5:1802-1831	NM_005026.5	NM_005026.5.fasta	1802	1831	+	30	GTGGAAGCTGCGGCATGAAGTCCAGGAGCA	UGCUCCUGGACUUCAUGCCGCAGCUUCCAC	0
NM_005026.5:1803-1832	NM_005026.5	NM_005026.5.fasta	1803	1832	+	30	TGGAAGCTGCGGCATGAAGTCCAGGAGCAC	GUGCUCCUGGACUUCAUGCCGCAGCUUCCA	0
NM_005026.5:1804-1833	NM_005026.5	NM_005026.5.fasta	1804	1833	+	30	GGAAGCTGCGGCATGAAGTCCAGGAGCACT	AGUGCUCCUGGACUUCAUGCCGCAGCUUCC	0
NM_005026.5:1805-1834	NM_005026.5	NM_005026.5.fasta	1805	1834	+	30	GAAGCTGCGGCATGAAGTCCAGGAGCACTT	AAGUGCUCCUGGACUUCAUGCCGCAGCUUC	0
NM_005026.5:1806-1835	NM_005026.5	NM_005026.5.fasta	1806	1835	+	30	AAGCTGCGGCATGAAGTCCAGGAGCACTTC	GAAGUGCUCCUGGACUUCAUGCCGCAGCUU	0
NM_005026.5:1807-1836	NM_005026.5	NM_005026.5.fasta	1807	1836	+	30	AGCTGCGGCATGAAGTCCAGGAGCACTTCC	GGAAGUGCUCCUGGACUUCAUGCCGCAGCU	0
NM_005026.5:1808-1837	NM_005026.5	NM_005026.5.fasta	1808	1837	+	30	GCTGCGGCATGAAGTCCAGGAGCACTTCCC	GGGAAGUGCUCCUGGACUUCAUGCCGCAGC	0
NM_005026.5:1809-1838	NM_005026.5	NM_005026.5.fasta	1809	1838	+	30	CTGCGGCATGAAGTCCAGGAGCACTTCCCG	CGGGAAGUGCUCCUGGACUUCAUGCCGCAG	0
NM_005026.5:1810-1839	NM_005026.5	NM_005026.5.fasta	1810	1839	+	30	TGCGGCATGAAGTCCAGGAGCACTTCCCGG	CCGGGAAGUGCUCCUGGACUUCAUGCCGCA	0
NM_005026.5:1811-1840	NM_005026.5	NM_005026.5.fasta	1811	1840	+	30	GCGGCATGAAGTCCAGGAGCACTTCCCGGA	UCCGGGAAGUGCUCCUGGACUUCAUGCCGC	0
NM_005026.5:1812-1841	NM_005026.5	NM_005026.5.fasta	1812	1841	+	30	CGGCATGAAGTCCAGGAGCACTTCCCGGAG	CUCCGGGAAGUGCUCCUGGACUUCAUGCCG	0
NM_005026.5:1813-1842	NM_005026.5	NM_005026.5.fasta	1813	1842	+	30	GGCATGAAGTCCAGGAGCACTTCCCGGAGG	CCUCCGGGAAGUGCUCCUGGACUUCAUGCC	0
NM_005026.5:1814-1843	NM_005026.5	NM_005026.5.fasta	1814	1843	+	30	GCATGAAGTCCAGGAGCACTTCCCGGAGGC	GCCUCCGGGAAGUGCUCCUGGACUUCAUGC	0
NM_005026.5:1815-1844	NM_005026.5	NM_005026.5.fasta	1815	1844	+	30	CATGAAGTCCAGGAGCACTTCCCGGAGGCG	CGCCUCCGGGAAGUGCUCCUGGACUUCAUG	0
NM_005026.5:1816-1845	NM_005026.5	NM_005026.5.fasta	1816	1845	+	30	ATGAAGTCCAGGAGCACTTCCCGGAGGCGC	GCGCCUCCGGGAAGUGCUCCUGGACUUCAU	0
NM_005026.5:1817-1846	NM_005026.5	NM_005026.5.fasta	1817	1846	+	30	TGAAGTCCAGGAGCACTTCCCGGAGGCGCT	AGCGCCUCCGGGAAGUGCUCCUGGACUUCA	0
NM_005026.5:1818-1847	NM_005026.5	NM_005026.5.fasta	1818	1847	+	30	GAAGTCCAGGAGCACTTCCCGGAGGCGCTA	UAGCGCCUCCGGGAAGUGCUCCUGGACUUC	0
NM_005026.5:1819-1848	NM_005026.5	NM_005026.5.fasta	1819	1848	+	30	AAGTCCAGGAGCACTTCCCGGAGGCGCTAG	CUAGCGCCUCCGGGAAGUGCUCCUGGACUU	0
NM_005026.5:1820-1849	NM_005026.5	NM_005026.5.fasta	1820	1849	+	30	AGTCCAGGAGCACTTCCCGGAGGCGCTAGC	GCUAGCGCCUCCGGGAAGUGCUCCUGGACU	0
NM_005026.5:1821-1850	NM_005026.5	NM_005026.5.fasta	1821	1850	+	30	GTCCAGGAGCACTTCCCGGAGGCGCTAGCC	GGCUAGCGCCUCCGGGAAGUGCUCCUGGAC	0
NM_005026.5:1822-1851	NM_005026.5	NM_005026.5.fasta	1822	1851	+	30	TCCAGGAGCACTTCCCGGAGGCGCTAGCCC	GGGCUAGCGCCUCCGGGAAGUGCUCCUGGA	0
NM_005026.5:1823-1852	NM_005026.5	NM_005026.5.fasta	1823	1852	+	30	CCAGGAGCACTTCCCGGAGGCGCTAGCCCG	CGGGCUAGCGCCUCCGGGAAGUGCUCCUGG	0
NM_005026.5:1824-1853	NM_005026.5	NM_005026.5.fasta	1824	1853	+	30	CAGGAGCACTTCCCGGAGGCGCTAGCCCGG	CCGGGCUAGCGCCUCCGGGAAGUGCUCCUG	0
NM_005026.5:1825-1854	NM_005026.5	NM_005026.5.fasta	1825	1854	+	30	AGGAGCACTTCCCGGAGGCGCTAGCCCGGC	GCCGGGCUAGCGCCUCCGGGAAGUGCUCCU	0
NM_005026.5:1826-1855	NM_005026.5	NM_005026.5.fasta	1826	1855	+	30	GGAGCACTTCCCGGAGGCGCTAGCCCGGCT	AGCCGGGCUAGCGCCUCCGGGAAGUGCUCC	0
NM_005026.5:1827-1856	NM_005026.5	NM_005026.5.fasta	1827	1856	+	30	GAGCACTTCCCGGAGGCGCTAGCCCGGCTG	CAGCCGGGCUAGCGCCUCCGGGAAGUGCUC	0
NM_005026.5:1828-1857	NM_005026.5	NM_005026.5.fasta	1828	1857	+	30	AGCACTTCCCGGAGGCGCTAGCCCGGCTGC	GCAGCCGGGCUAGCGCCUCCGGGAAGUGCU	0
NM_005026.5:1829-1858	NM_005026.5	NM_005026.5.fasta	1829	1858	+	30	GCACTTCCCGGAGGCGCTAGCCCGGCTGCT	AGCAGCCGGGCUAGCGCCUCCGGGAAGUGC	0
NM_005026.5:1830-1859	NM_005026.5	NM_005026.5.fasta	1830	1859	+	30	CACTTCCCGGAGGCGCTAGCCCGGCTGCTG	CAGCAGCCGGGCUAGCGCCUCCGGGAAGUG	0
NM_005026.5:1831-1860	NM_005026.5	NM_005026.5.fasta	1831	1860	+	30	ACTTCCCGGAGGCGCTAGCCCGGCTGCTGC	GCAGCAGCCGGGCUAGCGCCUCCGGGAAGU	0
NM_005026.5:1832-1861	NM_005026.5	NM_005026.5.fasta	1832	1861	+	30	CTTCCCGGAGGCGCTAGCCCGGCTGCTGCT	AGCAGCAGCCGGGCUAGCGCCUCCGGGAAG	0
NM_005026.5:1833-1862	NM_005026.5	NM_005026.5.fasta	1833	1862	+	30	TTCCCGGAGGCGCTAGCCCGGCTGCTGCTG	CAGCAGCAGCCGGGCUAGCGCCUCCGGGAA	0
NM_005026.5:1834-1863	NM_005026.5	NM_005026.5.fasta	1834	1863	+	30	TCCCGGAGGCGCTAGCCCGGCTGCTGCTGG	CCAGCAGCAGCCGGGCUAGCGCCUCCGGGA	0
NM_005026.5:1835-1864	NM_005026.5	NM_005026.5.fasta	1835	1864	+	30	CCCGGAGGCGCTAGCCCGGCTGCTGCTGGT	ACCAGCAGCAGCCGGGCUAGCGCCUCCGGG	0
NM_005026.5:1836-1865	NM_005026.5	NM_005026.5.fasta	1836	1865	+	30	CCGGAGGCGCTAGCCCGGCTGCTGCTGGTC	GACCAGCAGCAGCCGGGCUAGCGCCUCCGG	0
NM_005026.5:1837-1866	NM_005026.5	NM_005026.5.fasta	1837	1866	+	30	CGGAGGCGCTAGCCCGGCTGCTGCTGGTCA	UGACCAGCAGCAGCCGGGCUAGCGCCUCCG	0
NM_005026.5:1838-1867	NM_005026.5	NM_005026.5.fasta	1838	1867	+	30	GGAGGCGCTAGCCCGGCTGCTGCTGGTCAC	GUGACCAGCAGCAGCCGGGCUAGCGCCUCC	0
NM_005026.5:1839-1868	NM_005026.5	NM_005026.5.fasta	1839	1868	+	30	GAGGCGCTAGCCCGGCTGCTGCTGGTCACC	GGUGACCAGCAGCAGCCGGGCUAGCGCCUC	0
NM_005026.5:1840-1869	NM_005026.5	NM_005026.5.fasta	1840	1869	+	30	AGGCGCTAGCCCGGCTGCTGCTGGTCACCA	UGGUGACCAGCAGCAGCCGGGCUAGCGCCU	0
NM_005026.5:1841-1870	NM_005026.5	NM_005026.5.fasta	1841	1870	+	30	GGCGCTAGCCCGGCTGCTGCTGGTCACCAA	UUGGUGACCAGCAGCAGCCGGGCUAGCGCC	0
NM_005026.5:1842-1871	NM_005026.5	NM_005026.5.fasta	1842	1871	+	30	GCGCTAGCCCGGCTGCTGCTGGTCACCAAG	CUUGGUGACCAGCAGCAGCCGGGCUAGCGC	0
NM_005026.5:1843-1872	NM_005026.5	NM_005026.5.fasta	1843	1872	+	30	CGCTAGCCCGGCTGCTGCTGGTCACCAAGT	ACUUGGUGACCAGCAGCAGCCGGGCUAGCG	0
NM_005026.5:1844-1873	NM_005026.5	NM_005026.5.fasta	1844	1873	+	30	GCTAGCCCGGCTGCTGCTGGTCACCAAGTG	CACUUGGUGACCAGCAGCAGCCGGGCUAGC	0
NM_005026.5:1845-1874	NM_005026.5	NM_005026.5.fasta	1845	1874	+	30	CTAGCCCGGCTGCTGCTGGTCACCAAGTGG	CCACUUGGUGACCAGCAGCAGCCGGGCUAG	0
NM_005026.5:1846-1875	NM_005026.5	NM_005026.5.fasta	1846	1875	+	30	TAGCCCGGCTGCTGCTGGTCACCAAGTGGA	UCCACUUGGUGACCAGCAGCAGCCGGGCUA	0
NM_005026.5:1847-1876	NM_005026.5	NM_005026.5.fasta	1847	1876	+	30	AGCCCGGCTGCTGCTGGTCACCAAGTGGAA	UUCCACUUGGUGACCAGCAGCAGCCGGGCU	0
NM_005026.5:1848-1877	NM_005026.5	NM_005026.5.fasta	1848	1877	+	30	GCCCGGCTGCTGCTGGTCACCAAGTGGAAC	GUUCCACUUGGUGACCAGCAGCAGCCGGGC	0
NM_005026.5:1849-1878	NM_005026.5	NM_005026.5.fasta	1849	1878	+	30	CCCGGCTGCTGCTGGTCACCAAGTGGAACA	UGUUCCACUUGGUGACCAGCAGCAGCCGGG	0
NM_005026.5:1850-1879	NM_005026.5	NM_005026.5.fasta	1850	1879	+	30	CCGGCTGCTGCTGGTCACCAAGTGGAACAA	UUGUUCCACUUGGUGACCAGCAGCAGCCGG	0
NM_005026.5:1851-1880	NM_005026.5	NM_005026.5.fasta	1851	1880	+	30	CGGCTGCTGCTGGTCACCAAGTGGAACAAG	CUUGUUCCACUUGGUGACCAGCAGCAGCCG	0
NM_005026.5:1852-1881	NM_005026.5	NM_005026.5.fasta	1852	1881	+	30	GGCTGCTGCTGGTCACCAAGTGGAACAAGC	GCUUGUUCCACUUGGUGACCAGCAGCAGCC	0
NM_005026.5:1853-1882	NM_005026.5	NM_005026.5.fasta	1853	1882	+	30	GCTGCTGCTGGTCACCAAGTGGAACAAGCA	UGCUUGUUCCACUUGGUGACCAGCAGCAGC	0
NM_005026.5:1854-1883	NM_005026.5	NM_005026.5.fasta	1854	1883	+	30	CTGCTGCTGGTCACCAAGTGGAACAAGCAT	AUGCUUGUUCCACUUGGUGACCAGCAGCAG	0
NM_005026.5:1855-1884	NM_005026.5	NM_005026.5.fasta	1855	1884	+	30	TGCTGCTGGTCACCAAGTGGAACAAGCATG	CAUGCUUGUUCCACUUGGUGACCAGCAGCA	0
NM_005026.5:1856-1885	NM_005026.5	NM_005026.5.fasta	1856	1885	+	30	GCTGCTGGTCACCAAGTGGAACAAGCATGA	UCAUGCUUGUUCCACUUGGUGACCAGCAGC	0
NM_005026.5:1857-1886	NM_005026.5	NM_005026.5.fasta	1857	1886	+	30	CTGCTGGTCACCAAGTGGAACAAGCATGAG	CUCAUGCUUGUUCCACUUGGUGACCAGCAG	0
NM_005026.5:1858-1887	NM_005026.5	NM_005026.5.fasta	1858	1887	+	30	TGCTGGTCACCAAGTGGAACAAGCATGAGG	CCUCAUGCUUGUUCCACUUGGUGACCAGCA	0
NM_005026.5:1859-1888	NM_005026.5	NM_005026.5.fasta	1859	1888	+	30	GCTGGTCACCAAGTGGAACAAGCATGAGGA	UCCUCAUGCUUGUUCCACUUGGUGACCAGC	0
NM_005026.5:1860-1889	NM_005026.5	NM_005026.5.fasta	1860	1889	+	30	CTGGTCACCAAGTGGAACAAGCATGAGGAT	AUCCUCAUGCUUGUUCCACUUGGUGACCAG	0
NM_005026.5:1861-1890	NM_005026.5	NM_005026.5.fasta	1861	1890	+	30	TGGTCACCAAGTGGAACAAGCATGAGGATG	CAUCCUCAUGCUUGUUCCACUUGGUGACCA	0
NM_005026.5:1862-1891	NM_005026.5	NM_005026.5.fasta	1862	1891	+	30	GGTCACCAAGTGGAACAAGCATGAGGATGT	ACAUCCUCAUGCUUGUUCCACUUGGUGACC	0
NM_005026.5:1863-1892	NM_005026.5	NM_005026.5.fasta	1863	1892	+	30	GTCACCAAGTGGAACAAGCATGAGGATGTG	CACAUCCUCAUGCUUGUUCCACUUGGUGAC	0
NM_005026.5:1864-1893	NM_005026.5	NM_005026.5.fasta	1864	1893	+	30	TCACCAAGTGGAACAAGCATGAGGATGTGG	CCACAUCCUCAUGCUUGUUCCACUUGGUGA	0
NM_005026.5:1865-1894	NM_005026.5	NM_005026.5.fasta	1865	1894	+	30	CACCAAGTGGAACAAGCATGAGGATGTGGC	GCCACAUCCUCAUGCUUGUUCCACUUGGUG	0
NM_005026.5:1866-1895	NM_005026.5	NM_005026.5.fasta	1866	1895	+	30	ACCAAGTGGAACAAGCATGAGGATGTGGCC	GGCCACAUCCUCAUGCUUGUUCCACUUGGU	0
NM_005026.5:1867-1896	NM_005026.5	NM_005026.5.fasta	1867	1896	+	30	CCAAGTGGAACAAGCATGAGGATGTGGCCC	GGGCCACAUCCUCAUGCUUGUUCCACUUGG	0
NM_005026.5:1868-1897	NM_005026.5	NM_005026.5.fasta	1868	1897	+	30	CAAGTGGAACAAGCATGAGGATGTGGCCCA	UGGGCCACAUCCUCAUGCUUGUUCCACUUG	0
NM_005026.5:1869-1898	NM_005026.5	NM_005026.5.fasta	1869	1898	+	30	AAGTGGAACAAGCATGAGGATGTGGCCCAG	CUGGGCCACAUCCUCAUGCUUGUUCCACUU	0
NM_005026.5:1870-1899	NM_005026.5	NM_005026.5.fasta	1870	1899	+	30	AGTGGAACAAGCATGAGGATGTGGCCCAGA	UCUGGGCCACAUCCUCAUGCUUGUUCCACU	0
NM_005026.5:1871-1900	NM_005026.5	NM_005026.5.fasta	1871	1900	+	30	GTGGAACAAGCATGAGGATGTGGCCCAGAT	AUCUGGGCCACAUCCUCAUGCUUGUUCCAC	0
NM_005026.5:1872-1901	NM_005026.5	NM_005026.5.fasta	1872	1901	+	30	TGGAACAAGCATGAGGATGTGGCCCAGATG	CAUCUGGGCCACAUCCUCAUGCUUGUUCCA	0
NM_005026.5:1873-1902	NM_005026.5	NM_005026.5.fasta	1873	1902	+	30	GGAACAAGCATGAGGATGTGGCCCAGATGC	GCAUCUGGGCCACAUCCUCAUGCUUGUUCC	0
NM_005026.5:1874-1903	NM_005026.5	NM_005026.5.fasta	1874	1903	+	30	GAACAAGCATGAGGATGTGGCCCAGATGCT	AGCAUCUGGGCCACAUCCUCAUGCUUGUUC	0
NM_005026.5:1875-1904	NM_005026.5	NM_005026.5.fasta	1875	1904	+	30	AACAAGCATGAGGATGTGGCCCAGATGCTC	GAGCAUCUGGGCCACAUCCUCAUGCUUGUU	0
NM_005026.5:1876-1905	NM_005026.5	NM_005026.5.fasta	1876	1905	+	30	ACAAGCATGAGGATGTGGCCCAGATGCTCT	AGAGCAUCUGGGCCACAUCCUCAUGCUUGU	0
NM_005026.5:1877-1906	NM_005026.5	NM_005026.5.fasta	1877	1906	+	30	CAAGCATGAGGATGTGGCCCAGATGCTCTA	UAGAGCAUCUGGGCCACAUCCUCAUGCUUG	0
NM_005026.5:1878-1907	NM_005026.5	NM_005026.5.fasta	1878	1907	+	30	AAGCATGAGGATGTGGCCCAGATGCTCTAC	GUAGAGCAUCUGGGCCACAUCCUCAUGCUU	0
NM_005026.5:1879-1908	NM_005026.5	NM_005026.5.fasta	1879	1908	+	30	AGCATGAGGATGTGGCCCAGATGCTCTACC	GGUAGAGCAUCUGGGCCACAUCCUCAUGCU	0
NM_005026.5:1880-1909	NM_005026.5	NM_005026.5.fasta	1880	1909	+	30	GCATGAGGATGTGGCCCAGATGCTCTACCT	AGGUAGAGCAUCUGGGCCACAUCCUCAUGC	0
NM_005026.5:1881-1910	NM_005026.5	NM_005026.5.fasta	1881	1910	+	30	CATGAGGATGTGGCCCAGATGCTCTACCTG	CAGGUAGAGCAUCUGGGCCACAUCCUCAUG	0
NM_005026.5:1882-1911	NM_005026.5	NM_005026.5.fasta	1882	1911	+	30	ATGAGGATGTGGCCCAGATGCTCTACCTGC	GCAGGUAGAGCAUCUGGGCCACAUCCUCAU	0
NM_005026.5:1883-1912	NM_005026.5	NM_005026.5.fasta	1883	1912	+	30	TGAGGATGTGGCCCAGATGCTCTACCTGCT	AGCAGGUAGAGCAUCUGGGCCACAUCCUCA	0
NM_005026.5:1884-1913	NM_005026.5	NM_005026.5.fasta	1884	1913	+	30	GAGGATGTGGCCCAGATGCTCTACCTGCTG	CAGCAGGUAGAGCAUCUGGGCCACAUCCUC	0
NM_005026.5:1885-1914	NM_005026.5	NM_005026.5.fasta	1885	1914	+	30	AGGATGTGGCCCAGATGCTCTACCTGCTGT	ACAGCAGGUAGAGCAUCUGGGCCACAUCCU	0
NM_005026.5:1886-1915	NM_005026.5	NM_005026.5.fasta	1886	1915	+	30	GGATGTGGCCCAGATGCTCTACCTGCTGTG	CACAGCAGGUAGAGCAUCUGGGCCACAUCC	0
NM_005026.5:1887-1916	NM_005026.5	NM_005026.5.fasta	1887	1916	+	30	GATGTGGCCCAGATGCTCTACCTGCTGTGC	GCACAGCAGGUAGAGCAUCUGGGCCACAUC	0
NM_005026.5:1888-1917	NM_005026.5	NM_005026.5.fasta	1888	1917	+	30	ATGTGGCCCAGATGCTCTACCTGCTGTGCT	AGCACAGCAGGUAGAGCAUCUGGGCCACAU	0
NM_005026.5:1889-1918	NM_005026.5	NM_005026.5.fasta	1889	1918	+	30	TGTGGCCCAGATGCTCTACCTGCTGTGCTC	GAGCACAGCAGGUAGAGCAUCUGGGCCACA	0
NM_005026.5:1890-1919	NM_005026.5	NM_005026.5.fasta	1890	1919	+	30	GTGGCCCAGATGCTCTACCTGCTGTGCTCC	GGAGCACAGCAGGUAGAGCAUCUGGGCCAC	0
NM_005026.5:1891-1920	NM_005026.5	NM_005026.5.fasta	1891	1920	+	30	TGGCCCAGATGCTCTACCTGCTGTGCTCCT	AGGAGCACAGCAGGUAGAGCAUCUGGGCCA	0
NM_005026.5:1892-1921	NM_005026.5	NM_005026.5.fasta	1892	1921	+	30	GGCCCAGATGCTCTACCTGCTGTGCTCCTG	CAGGAGCACAGCAGGUAGAGCAUCUGGGCC	0
NM_005026.5:1893-1922	NM_005026.5	NM_005026.5.fasta	1893	1922	+	30	GCCCAGATGCTCTACCTGCTGTGCTCCTGG	CCAGGAGCACAGCAGGUAGAGCAUCUGGGC	0
NM_005026.5:1894-1923	NM_005026.5	NM_005026.5.fasta	1894	1923	+	30	CCCAGATGCTCTACCTGCTGTGCTCCTGGC	GCCAGGAGCACAGCAGGUAGAGCAUCUGGG	0
NM_005026.5:1895-1924	NM_005026.5	NM_005026.5.fasta	1895	1924	+	30	CCAGATGCTCTACCTGCTGTGCTCCTGGCC	GGCCAGGAGCACAGCAGGUAGAGCAUCUGG	0
NM_005026.5:1896-1925	NM_005026.5	NM_005026.5.fasta	1896	1925	+	30	CAGATGCTCTACCTGCTGTGCTCCTGGCCG	CGGCCAGGAGCACAGCAGGUAGAGCAUCUG	0
NM_005026.5:1897-1926	NM_005026.5	NM_005026.5.fasta	1897	1926	+	30	AGATGCTCTACCTGCTGTGCTCCTGGCCGG	CCGGCCAGGAGCACAGCAGGUAGAGCAUCU	0
NM_005026.5:1898-1927	NM_005026.5	NM_005026.5.fasta	1898	1927	+	30	GATGCTCTACCTGCTGTGCTCCTGGCCGGA	UCCGGCCAGGAGCACAGCAGGUAGAGCAUC	0
NM_005026.5:1899-1928	NM_005026.5	NM_005026.5.fasta	1899	1928	+	30	ATGCTCTACCTGCTGTGCTCCTGGCCGGAG	CUCCGGCCAGGAGCACAGCAGGUAGAGCAU	0
NM_005026.5:1900-1929	NM_005026.5	NM_005026.5.fasta	1900	1929	+	30	TGCTCTACCTGCTGTGCTCCTGGCCGGAGC	GCUCCGGCCAGGAGCACAGCAGGUAGAGCA	0
NM_005026.5:1901-1930	NM_005026.5	NM_005026.5.fasta	1901	1930	+	30	GCTCTACCTGCTGTGCTCCTGGCCGGAGCT	AGCUCCGGCCAGGAGCACAGCAGGUAGAGC	0
NM_005026.5:1902-1931	NM_005026.5	NM_005026.5.fasta	1902	1931	+	30	CTCTACCTGCTGTGCTCCTGGCCGGAGCTG	CAGCUCCGGCCAGGAGCACAGCAGGUAGAG	0
NM_005026.5:1903-1932	NM_005026.5	NM_005026.5.fasta	1903	1932	+	30	TCTACCTGCTGTGCTCCTGGCCGGAGCTGC	GCAGCUCCGGCCAGGAGCACAGCAGGUAGA	0
NM_005026.5:1904-1933	NM_005026.5	NM_005026.5.fasta	1904	1933	+	30	CTACCTGCTGTGCTCCTGGCCGGAGCTGCC	GGCAGCUCCGGCCAGGAGCACAGCAGGUAG	0
NM_005026.5:1905-1934	NM_005026.5	NM_005026.5.fasta	1905	1934	+	30	TACCTGCTGTGCTCCTGGCCGGAGCTGCCC	GGGCAGCUCCGGCCAGGAGCACAGCAGGUA	0
NM_005026.5:1906-1935	NM_005026.5	NM_005026.5.fasta	1906	1935	+	30	ACCTGCTGTGCTCCTGGCCGGAGCTGCCCG	CGGGCAGCUCCGGCCAGGAGCACAGCAGGU	0
NM_005026.5:1907-1936	NM_005026.5	NM_005026.5.fasta	1907	1936	+	30	CCTGCTGTGCTCCTGGCCGGAGCTGCCCGT	ACGGGCAGCUCCGGCCAGGAGCACAGCAGG	0
NM_005026.5:1908-1937	NM_005026.5	NM_005026.5.fasta	1908	1937	+	30	CTGCTGTGCTCCTGGCCGGAGCTGCCCGTC	GACGGGCAGCUCCGGCCAGGAGCACAGCAG	0
NM_005026.5:1909-1938	NM_005026.5	NM_005026.5.fasta	1909	1938	+	30	TGCTGTGCTCCTGGCCGGAGCTGCCCGTCC	GGACGGGCAGCUCCGGCCAGGAGCACAGCA	0
NM_005026.5:1910-1939	NM_005026.5	NM_005026.5.fasta	1910	1939	+	30	GCTGTGCTCCTGGCCGGAGCTGCCCGTCCT	AGGACGGGCAGCUCCGGCCAGGAGCACAGC	0
NM_005026.5:1911-1940	NM_005026.5	NM_005026.5.fasta	1911	1940	+	30	CTGTGCTCCTGGCCGGAGCTGCCCGTCCTG	CAGGACGGGCAGCUCCGGCCAGGAGCACAG	0
NM_005026.5:1912-1941	NM_005026.5	NM_005026.5.fasta	1912	1941	+	30	TGTGCTCCTGGCCGGAGCTGCCCGTCCTGA	UCAGGACGGGCAGCUCCGGCCAGGAGCACA	0
NM_005026.5:1913-1942	NM_005026.5	NM_005026.5.fasta	1913	1942	+	30	GTGCTCCTGGCCGGAGCTGCCCGTCCTGAG	CUCAGGACGGGCAGCUCCGGCCAGGAGCAC	0
NM_005026.5:1914-1943	NM_005026.5	NM_005026.5.fasta	1914	1943	+	30	TGCTCCTGGCCGGAGCTGCCCGTCCTGAGC	GCUCAGGACGGGCAGCUCCGGCCAGGAGCA	0
NM_005026.5:1915-1944	NM_005026.5	NM_005026.5.fasta	1915	1944	+	30	GCTCCTGGCCGGAGCTGCCCGTCCTGAGCG	CGCUCAGGACGGGCAGCUCCGGCCAGGAGC	0
NM_005026.5:1916-1945	NM_005026.5	NM_005026.5.fasta	1916	1945	+	30	CTCCTGGCCGGAGCTGCCCGTCCTGAGCGC	GCGCUCAGGACGGGCAGCUCCGGCCAGGAG	0
NM_005026.5:1917-1946	NM_005026.5	NM_005026.5.fasta	1917	1946	+	30	TCCTGGCCGGAGCTGCCCGTCCTGAGCGCC	GGCGCUCAGGACGGGCAGCUCCGGCCAGGA	0
NM_005026.5:1918-1947	NM_005026.5	NM_005026.5.fasta	1918	1947	+	30	CCTGGCCGGAGCTGCCCGTCCTGAGCGCCC	GGGCGCUCAGGACGGGCAGCUCCGGCCAGG	0
NM_005026.5:1919-1948	NM_005026.5	NM_005026.5.fasta	1919	1948	+	30	CTGGCCGGAGCTGCCCGTCCTGAGCGCCCT	AGGGCGCUCAGGACGGGCAGCUCCGGCCAG	0
NM_005026.5:1920-1949	NM_005026.5	NM_005026.5.fasta	1920	1949	+	30	TGGCCGGAGCTGCCCGTCCTGAGCGCCCTG	CAGGGCGCUCAGGACGGGCAGCUCCGGCCA	0
NM_005026.5:1921-1950	NM_005026.5	NM_005026.5.fasta	1921	1950	+	30	GGCCGGAGCTGCCCGTCCTGAGCGCCCTGG	CCAGGGCGCUCAGGACGGGCAGCUCCGGCC	0
NM_005026.5:1922-1951	NM_005026.5	NM_005026.5.fasta	1922	1951	+	30	GCCGGAGCTGCCCGTCCTGAGCGCCCTGGA	UCCAGGGCGCUCAGGACGGGCAGCUCCGGC	0
NM_005026.5:1923-1952	NM_005026.5	NM_005026.5.fasta	1923	1952	+	30	CCGGAGCTGCCCGTCCTGAGCGCCCTGGAG	CUCCAGGGCGCUCAGGACGGGCAGCUCCGG	0
NM_005026.5:1924-1953	NM_005026.5	NM_005026.5.fasta	1924	1953	+	30	CGGAGCTGCCCGTCCTGAGCGCCCTGGAGC	GCUCCAGGGCGCUCAGGACGGGCAGCUCCG	0
NM_005026.5:1925-1954	NM_005026.5	NM_005026.5.fasta	1925	1954	+	30	GGAGCTGCCCGTCCTGAGCGCCCTGGAGCT	AGCUCCAGGGCGCUCAGGACGGGCAGCUCC	0
NM_005026.5:1926-1955	NM_005026.5	NM_005026.5.fasta	1926	1955	+	30	GAGCTGCCCGTCCTGAGCGCCCTGGAGCTG	CAGCUCCAGGGCGCUCAGGACGGGCAGCUC	0
NM_005026.5:1927-1956	NM_005026.5	NM_005026.5.fasta	1927	1956	+	30	AGCTGCCCGTCCTGAGCGCCCTGGAGCTGC	GCAGCUCCAGGGCGCUCAGGACGGGCAGCU	0
NM_005026.5:1928-1957	NM_005026.5	NM_005026.5.fasta	1928	1957	+	30	GCTGCCCGTCCTGAGCGCCCTGGAGCTGCT	AGCAGCUCCAGGGCGCUCAGGACGGGCAGC	0
NM_005026.5:1929-1958	NM_005026.5	NM_005026.5.fasta	1929	1958	+	30	CTGCCCGTCCTGAGCGCCCTGGAGCTGCTA	UAGCAGCUCCAGGGCGCUCAGGACGGGCAG	0
NM_005026.5:1930-1959	NM_005026.5	NM_005026.5.fasta	1930	1959	+	30	TGCCCGTCCTGAGCGCCCTGGAGCTGCTAG	CUAGCAGCUCCAGGGCGCUCAGGACGGGCA	0
NM_005026.5:1931-1960	NM_005026.5	NM_005026.5.fasta	1931	1960	+	30	GCCCGTCCTGAGCGCCCTGGAGCTGCTAGA	UCUAGCAGCUCCAGGGCGCUCAGGACGGGC	0
NM_005026.5:1932-1961	NM_005026.5	NM_005026.5.fasta	1932	1961	+	30	CCCGTCCTGAGCGCCCTGGAGCTGCTAGAC	GUCUAGCAGCUCCAGGGCGCUCAGGACGGG	0
NM_005026.5:1933-1962	NM_005026.5	NM_005026.5.fasta	1933	1962	+	30	CCGTCCTGAGCGCCCTGGAGCTGCTAGACT	AGUCUAGCAGCUCCAGGGCGCUCAGGACGG	0
NM_005026.5:1934-1963	NM_005026.5	NM_005026.5.fasta	1934	1963	+	30	CGTCCTGAGCGCCCTGGAGCTGCTAGACTT	AAGUCUAGCAGCUCCAGGGCGCUCAGGACG	0
NM_005026.5:1935-1964	NM_005026.5	NM_005026.5.fasta	1935	1964	+	30	GTCCTGAGCGCCCTGGAGCTGCTAGACTTC	GAAGUCUAGCAGCUCCAGGGCGCUCAGGAC	0
NM_005026.5:1936-1965	NM_005026.5	NM_005026.5.fasta	1936	1965	+	30	TCCTGAGCGCCCTGGAGCTGCTAGACTTCA	UGAAGUCUAGCAGCUCCAGGGCGCUCAGGA	0
NM_005026.5:1937-1966	NM_005026.5	NM_005026.5.fasta	1937	1966	+	30	CCTGAGCGCCCTGGAGCTGCTAGACTTCAG	CUGAAGUCUAGCAGCUCCAGGGCGCUCAGG	0
NM_005026.5:1938-1967	NM_005026.5	NM_005026.5.fasta	1938	1967	+	30	CTGAGCGCCCTGGAGCTGCTAGACTTCAGC	GCUGAAGUCUAGCAGCUCCAGGGCGCUCAG	0
NM_005026.5:1939-1968	NM_005026.5	NM_005026.5.fasta	1939	1968	+	30	TGAGCGCCCTGGAGCTGCTAGACTTCAGCT	AGCUGAAGUCUAGCAGCUCCAGGGCGCUCA	0
NM_005026.5:1940-1969	NM_005026.5	NM_005026.5.fasta	1940	1969	+	30	GAGCGCCCTGGAGCTGCTAGACTTCAGCTT	AAGCUGAAGUCUAGCAGCUCCAGGGCGCUC	0
NM_005026.5:1941-1970	NM_005026.5	NM_005026.5.fasta	1941	1970	+	30	AGCGCCCTGGAGCTGCTAGACTTCAGCTTC	GAAGCUGAAGUCUAGCAGCUCCAGGGCGCU	0
NM_005026.5:1942-1971	NM_005026.5	NM_005026.5.fasta	1942	1971	+	30	GCGCCCTGGAGCTGCTAGACTTCAGCTTCC	GGAAGCUGAAGUCUAGCAGCUCCAGGGCGC	0
NM_005026.5:1943-1972	NM_005026.5	NM_005026.5.fasta	1943	1972	+	30	CGCCCTGGAGCTGCTAGACTTCAGCTTCCC	GGGAAGCUGAAGUCUAGCAGCUCCAGGGCG	0
NM_005026.5:1944-1973	NM_005026.5	NM_005026.5.fasta	1944	1973	+	30	GCCCTGGAGCTGCTAGACTTCAGCTTCCCC	GGGGAAGCUGAAGUCUAGCAGCUCCAGGGC	0
NM_005026.5:1945-1974	NM_005026.5	NM_005026.5.fasta	1945	1974	+	30	CCCTGGAGCTGCTAGACTTCAGCTTCCCCG	CGGGGAAGCUGAAGUCUAGCAGCUCCAGGG	0
NM_005026.5:1946-1975	NM_005026.5	NM_005026.5.fasta	1946	1975	+	30	CCTGGAGCTGCTAGACTTCAGCTTCCCCGA	UCGGGGAAGCUGAAGUCUAGCAGCUCCAGG	0
NM_005026.5:1947-1976	NM_005026.5	NM_005026.5.fasta	1947	1976	+	30	CTGGAGCTGCTAGACTTCAGCTTCCCCGAT	AUCGGGGAAGCUGAAGUCUAGCAGCUCCAG	0
NM_005026.5:1948-1977	NM_005026.5	NM_005026.5.fasta	1948	1977	+	30	TGGAGCTGCTAGACTTCAGCTTCCCCGATT	AAUCGGGGAAGCUGAAGUCUAGCAGCUCCA	0
NM_005026.5:1949-1978	NM_005026.5	NM_005026.5.fasta	1949	1978	+	30	GGAGCTGCTAGACTTCAGCTTCCCCGATTG	CAAUCGGGGAAGCUGAAGUCUAGCAGCUCC	0
NM_005026.5:1950-1979	NM_005026.5	NM_005026.5.fasta	1950	1979	+	30	GAGCTGCTAGACTTCAGCTTCCCCGATTGC	GCAAUCGGGGAAGCUGAAGUCUAGCAGCUC	0
NM_005026.5:1951-1980	NM_005026.5	NM_005026.5.fasta	1951	1980	+	30	AGCTGCTAGACTTCAGCTTCCCCGATTGCC	GGCAAUCGGGGAAGCUGAAGUCUAGCAGCU	0
NM_005026.5:1952-1981	NM_005026.5	NM_005026.5.fasta	1952	1981	+	30	GCTGCTAGACTTCAGCTTCCCCGATTGCCA	UGGCAAUCGGGGAAGCUGAAGUCUAGCAGC	0
NM_005026.5:1953-1982	NM_005026.5	NM_005026.5.fasta	1953	1982	+	30	CTGCTAGACTTCAGCTTCCCCGATTGCCAC	GUGGCAAUCGGGGAAGCUGAAGUCUAGCAG	0
NM_005026.5:1954-1983	NM_005026.5	NM_005026.5.fasta	1954	1983	+	30	TGCTAGACTTCAGCTTCCCCGATTGCCACG	CGUGGCAAUCGGGGAAGCUGAAGUCUAGCA	0
NM_005026.5:1955-1984	NM_005026.5	NM_005026.5.fasta	1955	1984	+	30	GCTAGACTTCAGCTTCCCCGATTGCCACGT	ACGUGGCAAUCGGGGAAGCUGAAGUCUAGC	0
NM_005026.5:1956-1985	NM_005026.5	NM_005026.5.fasta	1956	1985	+	30	CTAGACTTCAGCTTCCCCGATTGCCACGTA	UACGUGGCAAUCGGGGAAGCUGAAGUCUAG	0
NM_005026.5:1957-1986	NM_005026.5	NM_005026.5.fasta	1957	1986	+	30	TAGACTTCAGCTTCCCCGATTGCCACGTAG	CUACGUGGCAAUCGGGGAAGCUGAAGUCUA	0
NM_005026.5:1958-1987	NM_005026.5	NM_005026.5.fasta	1958	1987	+	30	AGACTTCAGCTTCCCCGATTGCCACGTAGG	CCUACGUGGCAAUCGGGGAAGCUGAAGUCU	0
NM_005026.5:1959-1988	NM_005026.5	NM_005026.5.fasta	1959	1988	+	30	GACTTCAGCTTCCCCGATTGCCACGTAGGC	GCCUACGUGGCAAUCGGGGAAGCUGAAGUC	0
NM_005026.5:1960-1989	NM_005026.5	NM_005026.5.fasta	1960	1989	+	30	ACTTCAGCTTCCCCGATTGCCACGTAGGCT	AGCCUACGUGGCAAUCGGGGAAGCUGAAGU	0
NM_005026.5:1961-1990	NM_005026.5	NM_005026.5.fasta	1961	1990	+	30	CTTCAGCTTCCCCGATTGCCACGTAGGCTC	GAGCCUACGUGGCAAUCGGGGAAGCUGAAG	0
NM_005026.5:1962-1991	NM_005026.5	NM_005026.5.fasta	1962	1991	+	30	TTCAGCTTCCCCGATTGCCACGTAGGCTCC	GGAGCCUACGUGGCAAUCGGGGAAGCUGAA	0
NM_005026.5:1963-1992	NM_005026.5	NM_005026.5.fasta	1963	1992	+	30	TCAGCTTCCCCGATTGCCACGTAGGCTCCT	AGGAGCCUACGUGGCAAUCGGGGAAGCUGA	0
NM_005026.5:1964-1993	NM_005026.5	NM_005026.5.fasta	1964	1993	+	30	CAGCTTCCCCGATTGCCACGTAGGCTCCTT	AAGGAGCCUACGUGGCAAUCGGGGAAGCUG	0
NM_005026.5:1965-1994	NM_005026.5	NM_005026.5.fasta	1965	1994	+	30	AGCTTCCCCGATTGCCACGTAGGCTCCTTC	GAAGGAGCCUACGUGGCAAUCGGGGAAGCU	0
NM_005026.5:1966-1995	NM_005026.5	NM_005026.5.fasta	1966	1995	+	30	GCTTCCCCGATTGCCACGTAGGCTCCTTCG	CGAAGGAGCCUACGUGGCAAUCGGGGAAGC	0
NM_005026.5:1967-1996	NM_005026.5	NM_005026.5.fasta	1967	1996	+	30	CTTCCCCGATTGCCACGTAGGCTCCTTCGC	GCGAAGGAGCCUACGUGGCAAUCGGGGAAG	0
NM_005026.5:1968-1997	NM_005026.5	NM_005026.5.fasta	1968	1997	+	30	TTCCCCGATTGCCACGTAGGCTCCTTCGCC	GGCGAAGGAGCCUACGUGGCAAUCGGGGAA	0
NM_005026.5:1969-1998	NM_005026.5	NM_005026.5.fasta	1969	1998	+	30	TCCCCGATTGCCACGTAGGCTCCTTCGCCA	UGGCGAAGGAGCCUACGUGGCAAUCGGGGA	0
NM_005026.5:1970-1999	NM_005026.5	NM_005026.5.fasta	1970	1999	+	30	CCCCGATTGCCACGTAGGCTCCTTCGCCAT	AUGGCGAAGGAGCCUACGUGGCAAUCGGGG	0
NM_005026.5:1971-2000	NM_005026.5	NM_005026.5.fasta	1971	2000	+	30	CCCGATTGCCACGTAGGCTCCTTCGCCATC	GAUGGCGAAGGAGCCUACGUGGCAAUCGGG	0
NM_005026.5:1972-2001	NM_005026.5	NM_005026.5.fasta	1972	2001	+	30	CCGATTGCCACGTAGGCTCCTTCGCCATCA	UGAUGGCGAAGGAGCCUACGUGGCAAUCGG	0
NM_005026.5:1973-2002	NM_005026.5	NM_005026.5.fasta	1973	2002	+	30	CGATTGCCACGTAGGCTCCTTCGCCATCAA	UUGAUGGCGAAGGAGCCUACGUGGCAAUCG	0
NM_005026.5:1974-2003	NM_005026.5	NM_005026.5.fasta	1974	2003	+	30	GATTGCCACGTAGGCTCCTTCGCCATCAAG	CUUGAUGGCGAAGGAGCCUACGUGGCAAUC	0
NM_005026.5:1975-2004	NM_005026.5	NM_005026.5.fasta	1975	2004	+	30	ATTGCCACGTAGGCTCCTTCGCCATCAAGT	ACUUGAUGGCGAAGGAGCCUACGUGGCAAU	0
NM_005026.5:1976-2005	NM_005026.5	NM_005026.5.fasta	1976	2005	+	30	TTGCCACGTAGGCTCCTTCGCCATCAAGTC	GACUUGAUGGCGAAGGAGCCUACGUGGCAA	0
NM_005026.5:1977-2006	NM_005026.5	NM_005026.5.fasta	1977	2006	+	30	TGCCACGTAGGCTCCTTCGCCATCAAGTCG	CGACUUGAUGGCGAAGGAGCCUACGUGGCA	0
NM_005026.5:1978-2007	NM_005026.5	NM_005026.5.fasta	1978	2007	+	30	GCCACGTAGGCTCCTTCGCCATCAAGTCGC	GCGACUUGAUGGCGAAGGAGCCUACGUGGC	0
NM_005026.5:1979-2008	NM_005026.5	NM_005026.5.fasta	1979	2008	+	30	CCACGTAGGCTCCTTCGCCATCAAGTCGCT	AGCGACUUGAUGGCGAAGGAGCCUACGUGG	0
NM_005026.5:1980-2009	NM_005026.5	NM_005026.5.fasta	1980	2009	+	30	CACGTAGGCTCCTTCGCCATCAAGTCGCTG	CAGCGACUUGAUGGCGAAGGAGCCUACGUG	0
NM_005026.5:1981-2010	NM_005026.5	NM_005026.5.fasta	1981	2010	+	30	ACGTAGGCTCCTTCGCCATCAAGTCGCTGC	GCAGCGACUUGAUGGCGAAGGAGCCUACGU	0
NM_005026.5:1982-2011	NM_005026.5	NM_005026.5.fasta	1982	2011	+	30	CGTAGGCTCCTTCGCCATCAAGTCGCTGCG	CGCAGCGACUUGAUGGCGAAGGAGCCUACG	0
NM_005026.5:1983-2012	NM_005026.5	NM_005026.5.fasta	1983	2012	+	30	GTAGGCTCCTTCGCCATCAAGTCGCTGCGG	CCGCAGCGACUUGAUGGCGAAGGAGCCUAC	0
NM_005026.5:1984-2013	NM_005026.5	NM_005026.5.fasta	1984	2013	+	30	TAGGCTCCTTCGCCATCAAGTCGCTGCGGA	UCCGCAGCGACUUGAUGGCGAAGGAGCCUA	0
NM_005026.5:1985-2014	NM_005026.5	NM_005026.5.fasta	1985	2014	+	30	AGGCTCCTTCGCCATCAAGTCGCTGCGGAA	UUCCGCAGCGACUUGAUGGCGAAGGAGCCU	0
NM_005026.5:1986-2015	NM_005026.5	NM_005026.5.fasta	1986	2015	+	30	GGCTCCTTCGCCATCAAGTCGCTGCGGAAA	UUUCCGCAGCGACUUGAUGGCGAAGGAGCC	0
NM_005026.5:1987-2016	NM_005026.5	NM_005026.5.fasta	1987	2016	+	30	GCTCCTTCGCCATCAAGTCGCTGCGGAAAC	GUUUCCGCAGCGACUUGAUGGCGAAGGAGC	0
NM_005026.5:1988-2017	NM_005026.5	NM_005026.5.fasta	1988	2017	+	30	CTCCTTCGCCATCAAGTCGCTGCGGAAACT	AGUUUCCGCAGCGACUUGAUGGCGAAGGAG	0
NM_005026.5:1989-2018	NM_005026.5	NM_005026.5.fasta	1989	2018	+	30	TCCTTCGCCATCAAGTCGCTGCGGAAACTG	CAGUUUCCGCAGCGACUUGAUGGCGAAGGA	0
NM_005026.5:1990-2019	NM_005026.5	NM_005026.5.fasta	1990	2019	+	30	CCTTCGCCATCAAGTCGCTGCGGAAACTGA	UCAGUUUCCGCAGCGACUUGAUGGCGAAGG	0
NM_005026.5:1991-2020	NM_005026.5	NM_005026.5.fasta	1991	2020	+	30	CTTCGCCATCAAGTCGCTGCGGAAACTGAC	GUCAGUUUCCGCAGCGACUUGAUGGCGAAG	0
NM_005026.5:1992-2021	NM_005026.5	NM_005026.5.fasta	1992	2021	+	30	TTCGCCATCAAGTCGCTGCGGAAACTGACG	CGUCAGUUUCCGCAGCGACUUGAUGGCGAA	0
NM_005026.5:1993-2022	NM_005026.5	NM_005026.5.fasta	1993	2022	+	30	TCGCCATCAAGTCGCTGCGGAAACTGACGG	CCGUCAGUUUCCGCAGCGACUUGAUGGCGA	0
NM_005026.5:1994-2023	NM_005026.5	NM_005026.5.fasta	1994	2023	+	30	CGCCATCAAGTCGCTGCGGAAACTGACGGA	UCCGUCAGUUUCCGCAGCGACUUGAUGGCG	0
NM_005026.5:1995-2024	NM_005026.5	NM_005026.5.fasta	1995	2024	+	30	GCCATCAAGTCGCTGCGGAAACTGACGGAC	GUCCGUCAGUUUCCGCAGCGACUUGAUGGC	0
NM_005026.5:1996-2025	NM_005026.5	NM_005026.5.fasta	1996	2025	+	30	CCATCAAGTCGCTGCGGAAACTGACGGACG	CGUCCGUCAGUUUCCGCAGCGACUUGAUGG	0
NM_005026.5:1997-2026	NM_005026.5	NM_005026.5.fasta	1997	2026	+	30	CATCAAGTCGCTGCGGAAACTGACGGACGA	UCGUCCGUCAGUUUCCGCAGCGACUUGAUG	0
NM_005026.5:1998-2027	NM_005026.5	NM_005026.5.fasta	1998	2027	+	30	ATCAAGTCGCTGCGGAAACTGACGGACGAT	AUCGUCCGUCAGUUUCCGCAGCGACUUGAU	0
NM_005026.5:1999-2028	NM_005026.5	NM_005026.5.fasta	1999	2028	+	30	TCAAGTCGCTGCGGAAACTGACGGACGATG	CAUCGUCCGUCAGUUUCCGCAGCGACUUGA	0
NM_005026.5:2000-2029	NM_005026.5	NM_005026.5.fasta	2000	2029	+	30	CAAGTCGCTGCGGAAACTGACGGACGATGA	UCAUCGUCCGUCAGUUUCCGCAGCGACUUG	0
NM_005026.5:2001-2030	NM_005026.5	NM_005026.5.fasta	2001	2030	+	30	AAGTCGCTGCGGAAACTGACGGACGATGAG	CUCAUCGUCCGUCAGUUUCCGCAGCGACUU	0
NM_005026.5:2002-2031	NM_005026.5	NM_005026.5.fasta	2002	2031	+	30	AGTCGCTGCGGAAACTGACGGACGATGAGC	GCUCAUCGUCCGUCAGUUUCCGCAGCGACU	0
NM_005026.5:2003-2032	NM_005026.5	NM_005026.5.fasta	2003	2032	+	30	GTCGCTGCGGAAACTGACGGACGATGAGCT	AGCUCAUCGUCCGUCAGUUUCCGCAGCGAC	0
NM_005026.5:2004-2033	NM_005026.5	NM_005026.5.fasta	2004	2033	+	30	TCGCTGCGGAAACTGACGGACGATGAGCTG	CAGCUCAUCGUCCGUCAGUUUCCGCAGCGA	0
NM_005026.5:2005-2034	NM_005026.5	NM_005026.5.fasta	2005	2034	+	30	CGCTGCGGAAACTGACGGACGATGAGCTGT	ACAGCUCAUCGUCCGUCAGUUUCCGCAGCG	0
NM_005026.5:2006-2035	NM_005026.5	NM_005026.5.fasta	2006	2035	+	30	GCTGCGGAAACTGACGGACGATGAGCTGTT	AACAGCUCAUCGUCCGUCAGUUUCCGCAGC	0
NM_005026.5:2007-2036	NM_005026.5	NM_005026.5.fasta	2007	2036	+	30	CTGCGGAAACTGACGGACGATGAGCTGTTC	GAACAGCUCAUCGUCCGUCAGUUUCCGCAG	0
NM_005026.5:2008-2037	NM_005026.5	NM_005026.5.fasta	2008	2037	+	30	TGCGGAAACTGACGGACGATGAGCTGTTCC	GGAACAGCUCAUCGUCCGUCAGUUUCCGCA	0
NM_005026.5:2009-2038	NM_005026.5	NM_005026.5.fasta	2009	2038	+	30	GCGGAAACTGACGGACGATGAGCTGTTCCA	UGGAACAGCUCAUCGUCCGUCAGUUUCCGC	0
NM_005026.5:2010-2039	NM_005026.5	NM_005026.5.fasta	2010	2039	+	30	CGGAAACTGACGGACGATGAGCTGTTCCAG	CUGGAACAGCUCAUCGUCCGUCAGUUUCCG	0
NM_005026.5:2011-2040	NM_005026.5	NM_005026.5.fasta	2011	2040	+	30	GGAAACTGACGGACGATGAGCTGTTCCAGT	ACUGGAACAGCUCAUCGUCCGUCAGUUUCC	0
NM_005026.5:2012-2041	NM_005026.5	NM_005026.5.fasta	2012	2041	+	30	GAAACTGACGGACGATGAGCTGTTCCAGTA	UACUGGAACAGCUCAUCGUCCGUCAGUUUC	0
NM_005026.5:2013-2042	NM_005026.5	NM_005026.5.fasta	2013	2042	+	30	AAACTGACGGACGATGAGCTGTTCCAGTAC	GUACUGGAACAGCUCAUCGUCCGUCAGUUU	0
NM_005026.5:2014-2043	NM_005026.5	NM_005026.5.fasta	2014	2043	+	30	AACTGACGGACGATGAGCTGTTCCAGTACC	GGUACUGGAACAGCUCAUCGUCCGUCAGUU	0
NM_005026.5:2015-2044	NM_005026.5	NM_005026.5.fasta	2015	2044	+	30	ACTGACGGACGATGAGCTGTTCCAGTACCT	AGGUACUGGAACAGCUCAUCGUCCGUCAGU	0
NM_005026.5:2016-2045	NM_005026.5	NM_005026.5.fasta	2016	2045	+	30	CTGACGGACGATGAGCTGTTCCAGTACCTG	CAGGUACUGGAACAGCUCAUCGUCCGUCAG	0
NM_005026.5:2017-2046	NM_005026.5	NM_005026.5.fasta	2017	2046	+	30	TGACGGACGATGAGCTGTTCCAGTACCTGC	GCAGGUACUGGAACAGCUCAUCGUCCGUCA	0
NM_005026.5:2018-2047	NM_005026.5	NM_005026.5.fasta	2018	2047	+	30	GACGGACGATGAGCTGTTCCAGTACCTGCT	AGCAGGUACUGGAACAGCUCAUCGUCCGUC	0
NM_005026.5:2019-2048	NM_005026.5	NM_005026.5.fasta	2019	2048	+	30	ACGGACGATGAGCTGTTCCAGTACCTGCTG	CAGCAGGUACUGGAACAGCUCAUCGUCCGU	0
NM_005026.5:2020-2049	NM_005026.5	NM_005026.5.fasta	2020	2049	+	30	CGGACGATGAGCTGTTCCAGTACCTGCTGC	GCAGCAGGUACUGGAACAGCUCAUCGUCCG	0
NM_005026.5:2021-2050	NM_005026.5	NM_005026.5.fasta	2021	2050	+	30	GGACGATGAGCTGTTCCAGTACCTGCTGCA	UGCAGCAGGUACUGGAACAGCUCAUCGUCC	0
NM_005026.5:2022-2051	NM_005026.5	NM_005026.5.fasta	2022	2051	+	30	GACGATGAGCTGTTCCAGTACCTGCTGCAG	CUGCAGCAGGUACUGGAACAGCUCAUCGUC	0
NM_005026.5:2023-2052	NM_005026.5	NM_005026.5.fasta	2023	2052	+	30	ACGATGAGCTGTTCCAGTACCTGCTGCAGC	GCUGCAGCAGGUACUGGAACAGCUCAUCGU	0
NM_005026.5:2024-2053	NM_005026.5	NM_005026.5.fasta	2024	2053	+	30	CGATGAGCTGTTCCAGTACCTGCTGCAGCT	AGCUGCAGCAGGUACUGGAACAGCUCAUCG	0
NM_005026.5:2025-2054	NM_005026.5	NM_005026.5.fasta	2025	2054	+	30	GATGAGCTGTTCCAGTACCTGCTGCAGCTG	CAGCUGCAGCAGGUACUGGAACAGCUCAUC	0
NM_005026.5:2026-2055	NM_005026.5	NM_005026.5.fasta	2026	2055	+	30	ATGAGCTGTTCCAGTACCTGCTGCAGCTGG	CCAGCUGCAGCAGGUACUGGAACAGCUCAU	0
NM_005026.5:2027-2056	NM_005026.5	NM_005026.5.fasta	2027	2056	+	30	TGAGCTGTTCCAGTACCTGCTGCAGCTGGT	ACCAGCUGCAGCAGGUACUGGAACAGCUCA	0
NM_005026.5:2028-2057	NM_005026.5	NM_005026.5.fasta	2028	2057	+	30	GAGCTGTTCCAGTACCTGCTGCAGCTGGTG	CACCAGCUGCAGCAGGUACUGGAACAGCUC	0
NM_005026.5:2029-2058	NM_005026.5	NM_005026.5.fasta	2029	2058	+	30	AGCTGTTCCAGTACCTGCTGCAGCTGGTGC	GCACCAGCUGCAGCAGGUACUGGAACAGCU	0
NM_005026.5:2030-2059	NM_005026.5	NM_005026.5.fasta	2030	2059	+	30	GCTGTTCCAGTACCTGCTGCAGCTGGTGCA	UGCACCAGCUGCAGCAGGUACUGGAACAGC	0
NM_005026.5:2031-2060	NM_005026.5	NM_005026.5.fasta	2031	2060	+	30	CTGTTCCAGTACCTGCTGCAGCTGGTGCAG	CUGCACCAGCUGCAGCAGGUACUGGAACAG	0
NM_005026.5:2032-2061	NM_005026.5	NM_005026.5.fasta	2032	2061	+	30	TGTTCCAGTACCTGCTGCAGCTGGTGCAGG	CCUGCACCAGCUGCAGCAGGUACUGGAACA	0
NM_005026.5:2033-2062	NM_005026.5	NM_005026.5.fasta	2033	2062	+	30	GTTCCAGTACCTGCTGCAGCTGGTGCAGGT	ACCUGCACCAGCUGCAGCAGGUACUGGAAC	0
NM_005026.5:2034-2063	NM_005026.5	NM_005026.5.fasta	2034	2063	+	30	TTCCAGTACCTGCTGCAGCTGGTGCAGGTG	CACCUGCACCAGCUGCAGCAGGUACUGGAA	0
NM_005026.5:2035-2064	NM_005026.5	NM_005026.5.fasta	2035	2064	+	30	TCCAGTACCTGCTGCAGCTGGTGCAGGTGC	GCACCUGCACCAGCUGCAGCAGGUACUGGA	0
NM_005026.5:2036-2065	NM_005026.5	NM_005026.5.fasta	2036	2065	+	30	CCAGTACCTGCTGCAGCTGGTGCAGGTGCT	AGCACCUGCACCAGCUGCAGCAGGUACUGG	0
NM_005026.5:2037-2066	NM_005026.5	NM_005026.5.fasta	2037	2066	+	30	CAGTACCTGCTGCAGCTGGTGCAGGTGCTC	GAGCACCUGCACCAGCUGCAGCAGGUACUG	0
NM_005026.5:2038-2067	NM_005026.5	NM_005026.5.fasta	2038	2067	+	30	AGTACCTGCTGCAGCTGGTGCAGGTGCTCA	UGAGCACCUGCACCAGCUGCAGCAGGUACU	0
NM_005026.5:2039-2068	NM_005026.5	NM_005026.5.fasta	2039	2068	+	30	GTACCTGCTGCAGCTGGTGCAGGTGCTCAA	UUGAGCACCUGCACCAGCUGCAGCAGGUAC	0
NM_005026.5:2040-2069	NM_005026.5	NM_005026.5.fasta	2040	2069	+	30	TACCTGCTGCAGCTGGTGCAGGTGCTCAAG	CUUGAGCACCUGCACCAGCUGCAGCAGGUA	0
NM_005026.5:2041-2070	NM_005026.5	NM_005026.5.fasta	2041	2070	+	30	ACCTGCTGCAGCTGGTGCAGGTGCTCAAGT	ACUUGAGCACCUGCACCAGCUGCAGCAGGU	0
NM_005026.5:2042-2071	NM_005026.5	NM_005026.5.fasta	2042	2071	+	30	CCTGCTGCAGCTGGTGCAGGTGCTCAAGTA	UACUUGAGCACCUGCACCAGCUGCAGCAGG	0
NM_005026.5:2043-2072	NM_005026.5	NM_005026.5.fasta	2043	2072	+	30	CTGCTGCAGCTGGTGCAGGTGCTCAAGTAC	GUACUUGAGCACCUGCACCAGCUGCAGCAG	0
NM_005026.5:2044-2073	NM_005026.5	NM_005026.5.fasta	2044	2073	+	30	TGCTGCAGCTGGTGCAGGTGCTCAAGTACG	CGUACUUGAGCACCUGCACCAGCUGCAGCA	0
NM_005026.5:2045-2074	NM_005026.5	NM_005026.5.fasta	2045	2074	+	30	GCTGCAGCTGGTGCAGGTGCTCAAGTACGA	UCGUACUUGAGCACCUGCACCAGCUGCAGC	0
NM_005026.5:2046-2075	NM_005026.5	NM_005026.5.fasta	2046	2075	+	30	CTGCAGCTGGTGCAGGTGCTCAAGTACGAG	CUCGUACUUGAGCACCUGCACCAGCUGCAG	0
NM_005026.5:2047-2076	NM_005026.5	NM_005026.5.fasta	2047	2076	+	30	TGCAGCTGGTGCAGGTGCTCAAGTACGAGT	ACUCGUACUUGAGCACCUGCACCAGCUGCA	0
NM_005026.5:2048-2077	NM_005026.5	NM_005026.5.fasta	2048	2077	+	30	GCAGCTGGTGCAGGTGCTCAAGTACGAGTC	GACUCGUACUUGAGCACCUGCACCAGCUGC	0
NM_005026.5:2049-2078	NM_005026.5	NM_005026.5.fasta	2049	2078	+	30	CAGCTGGTGCAGGTGCTCAAGTACGAGTCC	GGACUCGUACUUGAGCACCUGCACCAGCUG	0
NM_005026.5:2050-2079	NM_005026.5	NM_005026.5.fasta	2050	2079	+	30	AGCTGGTGCAGGTGCTCAAGTACGAGTCCT	AGGACUCGUACUUGAGCACCUGCACCAGCU	0
NM_005026.5:2051-2080	NM_005026.5	NM_005026.5.fasta	2051	2080	+	30	GCTGGTGCAGGTGCTCAAGTACGAGTCCTA	UAGGACUCGUACUUGAGCACCUGCACCAGC	0
NM_005026.5:2052-2081	NM_005026.5	NM_005026.5.fasta	2052	2081	+	30	CTGGTGCAGGTGCTCAAGTACGAGTCCTAC	GUAGGACUCGUACUUGAGCACCUGCACCAG	0
NM_005026.5:2053-2082	NM_005026.5	NM_005026.5.fasta	2053	2082	+	30	TGGTGCAGGTGCTCAAGTACGAGTCCTACC	GGUAGGACUCGUACUUGAGCACCUGCACCA	0
NM_005026.5:2054-2083	NM_005026.5	NM_005026.5.fasta	2054	2083	+	30	GGTGCAGGTGCTCAAGTACGAGTCCTACCT	AGGUAGGACUCGUACUUGAGCACCUGCACC	0
NM_005026.5:2055-2084	NM_005026.5	NM_005026.5.fasta	2055	2084	+	30	GTGCAGGTGCTCAAGTACGAGTCCTACCTG	CAGGUAGGACUCGUACUUGAGCACCUGCAC	0
NM_005026.5:2056-2085	NM_005026.5	NM_005026.5.fasta	2056	2085	+	30	TGCAGGTGCTCAAGTACGAGTCCTACCTGG	CCAGGUAGGACUCGUACUUGAGCACCUGCA	0
NM_005026.5:2057-2086	NM_005026.5	NM_005026.5.fasta	2057	2086	+	30	GCAGGTGCTCAAGTACGAGTCCTACCTGGA	UCCAGGUAGGACUCGUACUUGAGCACCUGC	0
NM_005026.5:2058-2087	NM_005026.5	NM_005026.5.fasta	2058	2087	+	30	CAGGTGCTCAAGTACGAGTCCTACCTGGAC	GUCCAGGUAGGACUCGUACUUGAGCACCUG	0
NM_005026.5:2059-2088	NM_005026.5	NM_005026.5.fasta	2059	2088	+	30	AGGTGCTCAAGTACGAGTCCTACCTGGACT	AGUCCAGGUAGGACUCGUACUUGAGCACCU	0
NM_005026.5:2060-2089	NM_005026.5	NM_005026.5.fasta	2060	2089	+	30	GGTGCTCAAGTACGAGTCCTACCTGGACTG	CAGUCCAGGUAGGACUCGUACUUGAGCACC	0
NM_005026.5:2061-2090	NM_005026.5	NM_005026.5.fasta	2061	2090	+	30	GTGCTCAAGTACGAGTCCTACCTGGACTGC	GCAGUCCAGGUAGGACUCGUACUUGAGCAC	0
NM_005026.5:2062-2091	NM_005026.5	NM_005026.5.fasta	2062	2091	+	30	TGCTCAAGTACGAGTCCTACCTGGACTGCG	CGCAGUCCAGGUAGGACUCGUACUUGAGCA	0
NM_005026.5:2063-2092	NM_005026.5	NM_005026.5.fasta	2063	2092	+	30	GCTCAAGTACGAGTCCTACCTGGACTGCGA	UCGCAGUCCAGGUAGGACUCGUACUUGAGC	0
NM_005026.5:2064-2093	NM_005026.5	NM_005026.5.fasta	2064	2093	+	30	CTCAAGTACGAGTCCTACCTGGACTGCGAG	CUCGCAGUCCAGGUAGGACUCGUACUUGAG	0
NM_005026.5:2065-2094	NM_005026.5	NM_005026.5.fasta	2065	2094	+	30	TCAAGTACGAGTCCTACCTGGACTGCGAGC	GCUCGCAGUCCAGGUAGGACUCGUACUUGA	0
NM_005026.5:2066-2095	NM_005026.5	NM_005026.5.fasta	2066	2095	+	30	CAAGTACGAGTCCTACCTGGACTGCGAGCT	AGCUCGCAGUCCAGGUAGGACUCGUACUUG	0
NM_005026.5:2067-2096	NM_005026.5	NM_005026.5.fasta	2067	2096	+	30	AAGTACGAGTCCTACCTGGACTGCGAGCTG	CAGCUCGCAGUCCAGGUAGGACUCGUACUU	0
NM_005026.5:2068-2097	NM_005026.5	NM_005026.5.fasta	2068	2097	+	30	AGTACGAGTCCTACCTGGACTGCGAGCTGA	UCAGCUCGCAGUCCAGGUAGGACUCGUACU	0
NM_005026.5:2069-2098	NM_005026.5	NM_005026.5.fasta	2069	2098	+	30	GTACGAGTCCTACCTGGACTGCGAGCTGAC	GUCAGCUCGCAGUCCAGGUAGGACUCGUAC	0
NM_005026.5:2070-2099	NM_005026.5	NM_005026.5.fasta	2070	2099	+	30	TACGAGTCCTACCTGGACTGCGAGCTGACC	GGUCAGCUCGCAGUCCAGGUAGGACUCGUA	0
NM_005026.5:2071-2100	NM_005026.5	NM_005026.5.fasta	2071	2100	+	30	ACGAGTCCTACCTGGACTGCGAGCTGACCA	UGGUCAGCUCGCAGUCCAGGUAGGACUCGU	0
NM_005026.5:2072-2101	NM_005026.5	NM_005026.5.fasta	2072	2101	+	30	CGAGTCCTACCTGGACTGCGAGCTGACCAA	UUGGUCAGCUCGCAGUCCAGGUAGGACUCG	0
NM_005026.5:2073-2102	NM_005026.5	NM_005026.5.fasta	2073	2102	+	30	GAGTCCTACCTGGACTGCGAGCTGACCAAA	UUUGGUCAGCUCGCAGUCCAGGUAGGACUC	0
NM_005026.5:2074-2103	NM_005026.5	NM_005026.5.fasta	2074	2103	+	30	AGTCCTACCTGGACTGCGAGCTGACCAAAT	AUUUGGUCAGCUCGCAGUCCAGGUAGGACU	0
NM_005026.5:2075-2104	NM_005026.5	NM_005026.5.fasta	2075	2104	+	30	GTCCTACCTGGACTGCGAGCTGACCAAATT	AAUUUGGUCAGCUCGCAGUCCAGGUAGGAC	0
NM_005026.5:2076-2105	NM_005026.5	NM_005026.5.fasta	2076	2105	+	30	TCCTACCTGGACTGCGAGCTGACCAAATTC	GAAUUUGGUCAGCUCGCAGUCCAGGUAGGA	0
NM_005026.5:2077-2106	NM_005026.5	NM_005026.5.fasta	2077	2106	+	30	CCTACCTGGACTGCGAGCTGACCAAATTCC	GGAAUUUGGUCAGCUCGCAGUCCAGGUAGG	0
NM_005026.5:2078-2107	NM_005026.5	NM_005026.5.fasta	2078	2107	+	30	CTACCTGGACTGCGAGCTGACCAAATTCCT	AGGAAUUUGGUCAGCUCGCAGUCCAGGUAG	0
NM_005026.5:2079-2108	NM_005026.5	NM_005026.5.fasta	2079	2108	+	30	TACCTGGACTGCGAGCTGACCAAATTCCTG	CAGGAAUUUGGUCAGCUCGCAGUCCAGGUA	0
NM_005026.5:2080-2109	NM_005026.5	NM_005026.5.fasta	2080	2109	+	30	ACCTGGACTGCGAGCTGACCAAATTCCTGC	GCAGGAAUUUGGUCAGCUCGCAGUCCAGGU	0
NM_005026.5:2081-2110	NM_005026.5	NM_005026.5.fasta	2081	2110	+	30	CCTGGACTGCGAGCTGACCAAATTCCTGCT	AGCAGGAAUUUGGUCAGCUCGCAGUCCAGG	0
NM_005026.5:2082-2111	NM_005026.5	NM_005026.5.fasta	2082	2111	+	30	CTGGACTGCGAGCTGACCAAATTCCTGCTG	CAGCAGGAAUUUGGUCAGCUCGCAGUCCAG	0
NM_005026.5:2083-2112	NM_005026.5	NM_005026.5.fasta	2083	2112	+	30	TGGACTGCGAGCTGACCAAATTCCTGCTGG	CCAGCAGGAAUUUGGUCAGCUCGCAGUCCA	0
NM_005026.5:2084-2113	NM_005026.5	NM_005026.5.fasta	2084	2113	+	30	GGACTGCGAGCTGACCAAATTCCTGCTGGA	UCCAGCAGGAAUUUGGUCAGCUCGCAGUCC	0
NM_005026.5:2085-2114	NM_005026.5	NM_005026.5.fasta	2085	2114	+	30	GACTGCGAGCTGACCAAATTCCTGCTGGAC	GUCCAGCAGGAAUUUGGUCAGCUCGCAGUC	0
NM_005026.5:2086-2115	NM_005026.5	NM_005026.5.fasta	2086	2115	+	30	ACTGCGAGCTGACCAAATTCCTGCTGGACC	GGUCCAGCAGGAAUUUGGUCAGCUCGCAGU	0
NM_005026.5:2087-2116	NM_005026.5	NM_005026.5.fasta	2087	2116	+	30	CTGCGAGCTGACCAAATTCCTGCTGGACCG	CGGUCCAGCAGGAAUUUGGUCAGCUCGCAG	0
NM_005026.5:2088-2117	NM_005026.5	NM_005026.5.fasta	2088	2117	+	30	TGCGAGCTGACCAAATTCCTGCTGGACCGG	CCGGUCCAGCAGGAAUUUGGUCAGCUCGCA	0
NM_005026.5:2089-2118	NM_005026.5	NM_005026.5.fasta	2089	2118	+	30	GCGAGCTGACCAAATTCCTGCTGGACCGGG	CCCGGUCCAGCAGGAAUUUGGUCAGCUCGC	0
NM_005026.5:2090-2119	NM_005026.5	NM_005026.5.fasta	2090	2119	+	30	CGAGCTGACCAAATTCCTGCTGGACCGGGC	GCCCGGUCCAGCAGGAAUUUGGUCAGCUCG	0
NM_005026.5:2091-2120	NM_005026.5	NM_005026.5.fasta	2091	2120	+	30	GAGCTGACCAAATTCCTGCTGGACCGGGCC	GGCCCGGUCCAGCAGGAAUUUGGUCAGCUC	0
NM_005026.5:2092-2121	NM_005026.5	NM_005026.5.fasta	2092	2121	+	30	AGCTGACCAAATTCCTGCTGGACCGGGCCC	GGGCCCGGUCCAGCAGGAAUUUGGUCAGCU	0
NM_005026.5:2093-2122	NM_005026.5	NM_005026.5.fasta	2093	2122	+	30	GCTGACCAAATTCCTGCTGGACCGGGCCCT	AGGGCCCGGUCCAGCAGGAAUUUGGUCAGC	0
NM_005026.5:2094-2123	NM_005026.5	NM_005026.5.fasta	2094	2123	+	30	CTGACCAAATTCCTGCTGGACCGGGCCCTG	CAGGGCCCGGUCCAGCAGGAAUUUGGUCAG	0
NM_005026.5:2095-2124	NM_005026.5	NM_005026.5.fasta	2095	2124	+	30	TGACCAAATTCCTGCTGGACCGGGCCCTGG	CCAGGGCCCGGUCCAGCAGGAAUUUGGUCA	0
NM_005026.5:2096-2125	NM_005026.5	NM_005026.5.fasta	2096	2125	+	30	GACCAAATTCCTGCTGGACCGGGCCCTGGC	GCCAGGGCCCGGUCCAGCAGGAAUUUGGUC	0
NM_005026.5:2097-2126	NM_005026.5	NM_005026.5.fasta	2097	2126	+	30	ACCAAATTCCTGCTGGACCGGGCCCTGGCC	GGCCAGGGCCCGGUCCAGCAGGAAUUUGGU	0
NM_005026.5:2098-2127	NM_005026.5	NM_005026.5.fasta	2098	2127	+	30	CCAAATTCCTGCTGGACCGGGCCCTGGCCA	UGGCCAGGGCCCGGUCCAGCAGGAAUUUGG	0
NM_005026.5:2099-2128	NM_005026.5	NM_005026.5.fasta	2099	2128	+	30	CAAATTCCTGCTGGACCGGGCCCTGGCCAA	UUGGCCAGGGCCCGGUCCAGCAGGAAUUUG	0
NM_005026.5:2100-2129	NM_005026.5	NM_005026.5.fasta	2100	2129	+	30	AAATTCCTGCTGGACCGGGCCCTGGCCAAC	GUUGGCCAGGGCCCGGUCCAGCAGGAAUUU	0
NM_005026.5:2101-2130	NM_005026.5	NM_005026.5.fasta	2101	2130	+	30	AATTCCTGCTGGACCGGGCCCTGGCCAACC	GGUUGGCCAGGGCCCGGUCCAGCAGGAAUU	0
NM_005026.5:2102-2131	NM_005026.5	NM_005026.5.fasta	2102	2131	+	30	ATTCCTGCTGGACCGGGCCCTGGCCAACCG	CGGUUGGCCAGGGCCCGGUCCAGCAGGAAU	0
NM_005026.5:2103-2132	NM_005026.5	NM_005026.5.fasta	2103	2132	+	30	TTCCTGCTGGACCGGGCCCTGGCCAACCGC	GCGGUUGGCCAGGGCCCGGUCCAGCAGGAA	0
NM_005026.5:2104-2133	NM_005026.5	NM_005026.5.fasta	2104	2133	+	30	TCCTGCTGGACCGGGCCCTGGCCAACCGCA	UGCGGUUGGCCAGGGCCCGGUCCAGCAGGA	0
NM_005026.5:2105-2134	NM_005026.5	NM_005026.5.fasta	2105	2134	+	30	CCTGCTGGACCGGGCCCTGGCCAACCGCAA	UUGCGGUUGGCCAGGGCCCGGUCCAGCAGG	0
NM_005026.5:2106-2135	NM_005026.5	NM_005026.5.fasta	2106	2135	+	30	CTGCTGGACCGGGCCCTGGCCAACCGCAAG	CUUGCGGUUGGCCAGGGCCCGGUCCAGCAG	0
NM_005026.5:2107-2136	NM_005026.5	NM_005026.5.fasta	2107	2136	+	30	TGCTGGACCGGGCCCTGGCCAACCGCAAGA	UCUUGCGGUUGGCCAGGGCCCGGUCCAGCA	0
NM_005026.5:2108-2137	NM_005026.5	NM_005026.5.fasta	2108	2137	+	30	GCTGGACCGGGCCCTGGCCAACCGCAAGAT	AUCUUGCGGUUGGCCAGGGCCCGGUCCAGC	0
NM_005026.5:2109-2138	NM_005026.5	NM_005026.5.fasta	2109	2138	+	30	CTGGACCGGGCCCTGGCCAACCGCAAGATC	GAUCUUGCGGUUGGCCAGGGCCCGGUCCAG	0
NM_005026.5:2110-2139	NM_005026.5	NM_005026.5.fasta	2110	2139	+	30	TGGACCGGGCCCTGGCCAACCGCAAGATCG	CGAUCUUGCGGUUGGCCAGGGCCCGGUCCA	0
NM_005026.5:2111-2140	NM_005026.5	NM_005026.5.fasta	2111	2140	+	30	GGACCGGGCCCTGGCCAACCGCAAGATCGG	CCGAUCUUGCGGUUGGCCAGGGCCCGGUCC	0
NM_005026.5:2112-2141	NM_005026.5	NM_005026.5.fasta	2112	2141	+	30	GACCGGGCCCTGGCCAACCGCAAGATCGGC	GCCGAUCUUGCGGUUGGCCAGGGCCCGGUC	0
NM_005026.5:2113-2142	NM_005026.5	NM_005026.5.fasta	2113	2142	+	30	ACCGGGCCCTGGCCAACCGCAAGATCGGCC	GGCCGAUCUUGCGGUUGGCCAGGGCCCGGU	0
NM_005026.5:2114-2143	NM_005026.5	NM_005026.5.fasta	2114	2143	+	30	CCGGGCCCTGGCCAACCGCAAGATCGGCCA	UGGCCGAUCUUGCGGUUGGCCAGGGCCCGG	0
NM_005026.5:2115-2144	NM_005026.5	NM_005026.5.fasta	2115	2144	+	30	CGGGCCCTGGCCAACCGCAAGATCGGCCAC	GUGGCCGAUCUUGCGGUUGGCCAGGGCCCG	0
NM_005026.5:2116-2145	NM_005026.5	NM_005026.5.fasta	2116	2145	+	30	GGGCCCTGGCCAACCGCAAGATCGGCCACT	AGUGGCCGAUCUUGCGGUUGGCCAGGGCCC	0
NM_005026.5:2117-2146	NM_005026.5	NM_005026.5.fasta	2117	2146	+	30	GGCCCTGGCCAACCGCAAGATCGGCCACTT	AAGUGGCCGAUCUUGCGGUUGGCCAGGGCC	0
NM_005026.5:2118-2147	NM_005026.5	NM_005026.5.fasta	2118	2147	+	30	GCCCTGGCCAACCGCAAGATCGGCCACTTC	GAAGUGGCCGAUCUUGCGGUUGGCCAGGGC	0
NM_005026.5:2119-2148	NM_005026.5	NM_005026.5.fasta	2119	2148	+	30	CCCTGGCCAACCGCAAGATCGGCCACTTCC	GGAAGUGGCCGAUCUUGCGGUUGGCCAGGG	0
NM_005026.5:2120-2149	NM_005026.5	NM_005026.5.fasta	2120	2149	+	30	CCTGGCCAACCGCAAGATCGGCCACTTCCT	AGGAAGUGGCCGAUCUUGCGGUUGGCCAGG	0
NM_005026.5:2121-2150	NM_005026.5	NM_005026.5.fasta	2121	2150	+	30	CTGGCCAACCGCAAGATCGGCCACTTCCTT	AAGGAAGUGGCCGAUCUUGCGGUUGGCCAG	0
NM_005026.5:2122-2151	NM_005026.5	NM_005026.5.fasta	2122	2151	+	30	TGGCCAACCGCAAGATCGGCCACTTCCTTT	AAAGGAAGUGGCCGAUCUUGCGGUUGGCCA	0
NM_005026.5:2123-2152	NM_005026.5	NM_005026.5.fasta	2123	2152	+	30	GGCCAACCGCAAGATCGGCCACTTCCTTTT	AAAAGGAAGUGGCCGAUCUUGCGGUUGGCC	0
NM_005026.5:2124-2153	NM_005026.5	NM_005026.5.fasta	2124	2153	+	30	GCCAACCGCAAGATCGGCCACTTCCTTTTC	GAAAAGGAAGUGGCCGAUCUUGCGGUUGGC	0
NM_005026.5:2125-2154	NM_005026.5	NM_005026.5.fasta	2125	2154	+	30	CCAACCGCAAGATCGGCCACTTCCTTTTCT	AGAAAAGGAAGUGGCCGAUCUUGCGGUUGG	0
NM_005026.5:2126-2155	NM_005026.5	NM_005026.5.fasta	2126	2155	+	30	CAACCGCAAGATCGGCCACTTCCTTTTCTG	CAGAAAAGGAAGUGGCCGAUCUUGCGGUUG	0
NM_005026.5:2127-2156	NM_005026.5	NM_005026.5.fasta	2127	2156	+	30	AACCGCAAGATCGGCCACTTCCTTTTCTGG	CCAGAAAAGGAAGUGGCCGAUCUUGCGGUU	0
NM_005026.5:2128-2157	NM_005026.5	NM_005026.5.fasta	2128	2157	+	30	ACCGCAAGATCGGCCACTTCCTTTTCTGGC	GCCAGAAAAGGAAGUGGCCGAUCUUGCGGU	0
NM_005026.5:2129-2158	NM_005026.5	NM_005026.5.fasta	2129	2158	+	30	CCGCAAGATCGGCCACTTCCTTTTCTGGCA	UGCCAGAAAAGGAAGUGGCCGAUCUUGCGG	0
NM_005026.5:2130-2159	NM_005026.5	NM_005026.5.fasta	2130	2159	+	30	CGCAAGATCGGCCACTTCCTTTTCTGGCAC	GUGCCAGAAAAGGAAGUGGCCGAUCUUGCG	0
NM_005026.5:2131-2160	NM_005026.5	NM_005026.5.fasta	2131	2160	+	30	GCAAGATCGGCCACTTCCTTTTCTGGCACC	GGUGCCAGAAAAGGAAGUGGCCGAUCUUGC	0
NM_005026.5:2132-2161	NM_005026.5	NM_005026.5.fasta	2132	2161	+	30	CAAGATCGGCCACTTCCTTTTCTGGCACCT	AGGUGCCAGAAAAGGAAGUGGCCGAUCUUG	0
NM_005026.5:2133-2162	NM_005026.5	NM_005026.5.fasta	2133	2162	+	30	AAGATCGGCCACTTCCTTTTCTGGCACCTC	GAGGUGCCAGAAAAGGAAGUGGCCGAUCUU	0
NM_005026.5:2134-2163	NM_005026.5	NM_005026.5.fasta	2134	2163	+	30	AGATCGGCCACTTCCTTTTCTGGCACCTCC	GGAGGUGCCAGAAAAGGAAGUGGCCGAUCU	0
NM_005026.5:2135-2164	NM_005026.5	NM_005026.5.fasta	2135	2164	+	30	GATCGGCCACTTCCTTTTCTGGCACCTCCG	CGGAGGUGCCAGAAAAGGAAGUGGCCGAUC	0
NM_005026.5:2136-2165	NM_005026.5	NM_005026.5.fasta	2136	2165	+	30	ATCGGCCACTTCCTTTTCTGGCACCTCCGC	GCGGAGGUGCCAGAAAAGGAAGUGGCCGAU	0
NM_005026.5:2137-2166	NM_005026.5	NM_005026.5.fasta	2137	2166	+	30	TCGGCCACTTCCTTTTCTGGCACCTCCGCT	AGCGGAGGUGCCAGAAAAGGAAGUGGCCGA	0
NM_005026.5:2138-2167	NM_005026.5	NM_005026.5.fasta	2138	2167	+	30	CGGCCACTTCCTTTTCTGGCACCTCCGCTC	GAGCGGAGGUGCCAGAAAAGGAAGUGGCCG	0
NM_005026.5:2139-2168	NM_005026.5	NM_005026.5.fasta	2139	2168	+	30	GGCCACTTCCTTTTCTGGCACCTCCGCTCC	GGAGCGGAGGUGCCAGAAAAGGAAGUGGCC	0
NM_005026.5:2140-2169	NM_005026.5	NM_005026.5.fasta	2140	2169	+	30	GCCACTTCCTTTTCTGGCACCTCCGCTCCG	CGGAGCGGAGGUGCCAGAAAAGGAAGUGGC	0
NM_005026.5:2141-2170	NM_005026.5	NM_005026.5.fasta	2141	2170	+	30	CCACTTCCTTTTCTGGCACCTCCGCTCCGA	UCGGAGCGGAGGUGCCAGAAAAGGAAGUGG	0
NM_005026.5:2142-2171	NM_005026.5	NM_005026.5.fasta	2142	2171	+	30	CACTTCCTTTTCTGGCACCTCCGCTCCGAG	CUCGGAGCGGAGGUGCCAGAAAAGGAAGUG	0
NM_005026.5:2143-2172	NM_005026.5	NM_005026.5.fasta	2143	2172	+	30	ACTTCCTTTTCTGGCACCTCCGCTCCGAGA	UCUCGGAGCGGAGGUGCCAGAAAAGGAAGU	0
NM_005026.5:2144-2173	NM_005026.5	NM_005026.5.fasta	2144	2173	+	30	CTTCCTTTTCTGGCACCTCCGCTCCGAGAT	AUCUCGGAGCGGAGGUGCCAGAAAAGGAAG	0
NM_005026.5:2145-2174	NM_005026.5	NM_005026.5.fasta	2145	2174	+	30	TTCCTTTTCTGGCACCTCCGCTCCGAGATG	CAUCUCGGAGCGGAGGUGCCAGAAAAGGAA	0
NM_005026.5:2146-2175	NM_005026.5	NM_005026.5.fasta	2146	2175	+	30	TCCTTTTCTGGCACCTCCGCTCCGAGATGC	GCAUCUCGGAGCGGAGGUGCCAGAAAAGGA	0
NM_005026.5:2147-2176	NM_005026.5	NM_005026.5.fasta	2147	2176	+	30	CCTTTTCTGGCACCTCCGCTCCGAGATGCA	UGCAUCUCGGAGCGGAGGUGCCAGAAAAGG	0
NM_005026.5:2148-2177	NM_005026.5	NM_005026.5.fasta	2148	2177	+	30	CTTTTCTGGCACCTCCGCTCCGAGATGCAC	GUGCAUCUCGGAGCGGAGGUGCCAGAAAAG	0
NM_005026.5:2149-2178	NM_005026.5	NM_005026.5.fasta	2149	2178	+	30	TTTTCTGGCACCTCCGCTCCGAGATGCACG	CGUGCAUCUCGGAGCGGAGGUGCCAGAAAA	0
NM_005026.5:2150-2179	NM_005026.5	NM_005026.5.fasta	2150	2179	+	30	TTTCTGGCACCTCCGCTCCGAGATGCACGT	ACGUGCAUCUCGGAGCGGAGGUGCCAGAAA	0
NM_005026.5:2151-2180	NM_005026.5	NM_005026.5.fasta	2151	2180	+	30	TTCTGGCACCTCCGCTCCGAGATGCACGTG	CACGUGCAUCUCGGAGCGGAGGUGCCAGAA	0
NM_005026.5:2152-2181	NM_005026.5	NM_005026.5.fasta	2152	2181	+	30	TCTGGCACCTCCGCTCCGAGATGCACGTGC	GCACGUGCAUCUCGGAGCGGAGGUGCCAGA	0
NM_005026.5:2153-2182	NM_005026.5	NM_005026.5.fasta	2153	2182	+	30	CTGGCACCTCCGCTCCGAGATGCACGTGCC	GGCACGUGCAUCUCGGAGCGGAGGUGCCAG	0
NM_005026.5:2154-2183	NM_005026.5	NM_005026.5.fasta	2154	2183	+	30	TGGCACCTCCGCTCCGAGATGCACGTGCCG	CGGCACGUGCAUCUCGGAGCGGAGGUGCCA	0
NM_005026.5:2155-2184	NM_005026.5	NM_005026.5.fasta	2155	2184	+	30	GGCACCTCCGCTCCGAGATGCACGTGCCGT	ACGGCACGUGCAUCUCGGAGCGGAGGUGCC	0
NM_005026.5:2156-2185	NM_005026.5	NM_005026.5.fasta	2156	2185	+	30	GCACCTCCGCTCCGAGATGCACGTGCCGTC	GACGGCACGUGCAUCUCGGAGCGGAGGUGC	0
NM_005026.5:2157-2186	NM_005026.5	NM_005026.5.fasta	2157	2186	+	30	CACCTCCGCTCCGAGATGCACGTGCCGTCG	CGACGGCACGUGCAUCUCGGAGCGGAGGUG	0
NM_005026.5:2158-2187	NM_005026.5	NM_005026.5.fasta	2158	2187	+	30	ACCTCCGCTCCGAGATGCACGTGCCGTCGG	CCGACGGCACGUGCAUCUCGGAGCGGAGGU	0
NM_005026.5:2159-2188	NM_005026.5	NM_005026.5.fasta	2159	2188	+	30	CCTCCGCTCCGAGATGCACGTGCCGTCGGT	ACCGACGGCACGUGCAUCUCGGAGCGGAGG	0
NM_005026.5:2160-2189	NM_005026.5	NM_005026.5.fasta	2160	2189	+	30	CTCCGCTCCGAGATGCACGTGCCGTCGGTG	CACCGACGGCACGUGCAUCUCGGAGCGGAG	0
NM_005026.5:2161-2190	NM_005026.5	NM_005026.5.fasta	2161	2190	+	30	TCCGCTCCGAGATGCACGTGCCGTCGGTGG	CCACCGACGGCACGUGCAUCUCGGAGCGGA	0
NM_005026.5:2162-2191	NM_005026.5	NM_005026.5.fasta	2162	2191	+	30	CCGCTCCGAGATGCACGTGCCGTCGGTGGC	GCCACCGACGGCACGUGCAUCUCGGAGCGG	0
NM_005026.5:2163-2192	NM_005026.5	NM_005026.5.fasta	2163	2192	+	30	CGCTCCGAGATGCACGTGCCGTCGGTGGCC	GGCCACCGACGGCACGUGCAUCUCGGAGCG	0
NM_005026.5:2164-2193	NM_005026.5	NM_005026.5.fasta	2164	2193	+	30	GCTCCGAGATGCACGTGCCGTCGGTGGCCC	GGGCCACCGACGGCACGUGCAUCUCGGAGC	0
NM_005026.5:2165-2194	NM_005026.5	NM_005026.5.fasta	2165	2194	+	30	CTCCGAGATGCACGTGCCGTCGGTGGCCCT	AGGGCCACCGACGGCACGUGCAUCUCGGAG	0
NM_005026.5:2166-2195	NM_005026.5	NM_005026.5.fasta	2166	2195	+	30	TCCGAGATGCACGTGCCGTCGGTGGCCCTG	CAGGGCCACCGACGGCACGUGCAUCUCGGA	0
NM_005026.5:2167-2196	NM_005026.5	NM_005026.5.fasta	2167	2196	+	30	CCGAGATGCACGTGCCGTCGGTGGCCCTGC	GCAGGGCCACCGACGGCACGUGCAUCUCGG	0
NM_005026.5:2168-2197	NM_005026.5	NM_005026.5.fasta	2168	2197	+	30	CGAGATGCACGTGCCGTCGGTGGCCCTGCG	CGCAGGGCCACCGACGGCACGUGCAUCUCG	0
NM_005026.5:2169-2198	NM_005026.5	NM_005026.5.fasta	2169	2198	+	30	GAGATGCACGTGCCGTCGGTGGCCCTGCGC	GCGCAGGGCCACCGACGGCACGUGCAUCUC	0
NM_005026.5:2170-2199	NM_005026.5	NM_005026.5.fasta	2170	2199	+	30	AGATGCACGTGCCGTCGGTGGCCCTGCGCT	AGCGCAGGGCCACCGACGGCACGUGCAUCU	0
NM_005026.5:2171-2200	NM_005026.5	NM_005026.5.fasta	2171	2200	+	30	GATGCACGTGCCGTCGGTGGCCCTGCGCTT	AAGCGCAGGGCCACCGACGGCACGUGCAUC	0
NM_005026.5:2172-2201	NM_005026.5	NM_005026.5.fasta	2172	2201	+	30	ATGCACGTGCCGTCGGTGGCCCTGCGCTTC	GAAGCGCAGGGCCACCGACGGCACGUGCAU	0
NM_005026.5:2173-2202	NM_005026.5	NM_005026.5.fasta	2173	2202	+	30	TGCACGTGCCGTCGGTGGCCCTGCGCTTCG	CGAAGCGCAGGGCCACCGACGGCACGUGCA	0
NM_005026.5:2174-2203	NM_005026.5	NM_005026.5.fasta	2174	2203	+	30	GCACGTGCCGTCGGTGGCCCTGCGCTTCGG	CCGAAGCGCAGGGCCACCGACGGCACGUGC	0
NM_005026.5:2175-2204	NM_005026.5	NM_005026.5.fasta	2175	2204	+	30	CACGTGCCGTCGGTGGCCCTGCGCTTCGGC	GCCGAAGCGCAGGGCCACCGACGGCACGUG	0
NM_005026.5:2176-2205	NM_005026.5	NM_005026.5.fasta	2176	2205	+	30	ACGTGCCGTCGGTGGCCCTGCGCTTCGGCC	GGCCGAAGCGCAGGGCCACCGACGGCACGU	0
NM_005026.5:2177-2206	NM_005026.5	NM_005026.5.fasta	2177	2206	+	30	CGTGCCGTCGGTGGCCCTGCGCTTCGGCCT	AGGCCGAAGCGCAGGGCCACCGACGGCACG	0
NM_005026.5:2178-2207	NM_005026.5	NM_005026.5.fasta	2178	2207	+	30	GTGCCGTCGGTGGCCCTGCGCTTCGGCCTC	GAGGCCGAAGCGCAGGGCCACCGACGGCAC	0
NM_005026.5:2179-2208	NM_005026.5	NM_005026.5.fasta	2179	2208	+	30	TGCCGTCGGTGGCCCTGCGCTTCGGCCTCA	UGAGGCCGAAGCGCAGGGCCACCGACGGCA	0
NM_005026.5:2180-2209	NM_005026.5	NM_005026.5.fasta	2180	2209	+	30	GCCGTCGGTGGCCCTGCGCTTCGGCCTCAT	AUGAGGCCGAAGCGCAGGGCCACCGACGGC	0
NM_005026.5:2181-2210	NM_005026.5	NM_005026.5.fasta	2181	2210	+	30	CCGTCGGTGGCCCTGCGCTTCGGCCTCATC	GAUGAGGCCGAAGCGCAGGGCCACCGACGG	0
NM_005026.5:2182-2211	NM_005026.5	NM_005026.5.fasta	2182	2211	+	30	CGTCGGTGGCCCTGCGCTTCGGCCTCATCC	GGAUGAGGCCGAAGCGCAGGGCCACCGACG	0
NM_005026.5:2183-2212	NM_005026.5	NM_005026.5.fasta	2183	2212	+	30	GTCGGTGGCCCTGCGCTTCGGCCTCATCCT	AGGAUGAGGCCGAAGCGCAGGGCCACCGAC	0
NM_005026.5:2184-2213	NM_005026.5	NM_005026.5.fasta	2184	2213	+	30	TCGGTGGCCCTGCGCTTCGGCCTCATCCTG	CAGGAUGAGGCCGAAGCGCAGGGCCACCGA	0
NM_005026.5:2185-2214	NM_005026.5	NM_005026.5.fasta	2185	2214	+	30	CGGTGGCCCTGCGCTTCGGCCTCATCCTGG	CCAGGAUGAGGCCGAAGCGCAGGGCCACCG	0
NM_005026.5:2186-2215	NM_005026.5	NM_005026.5.fasta	2186	2215	+	30	GGTGGCCCTGCGCTTCGGCCTCATCCTGGA	UCCAGGAUGAGGCCGAAGCGCAGGGCCACC	0
NM_005026.5:2187-2216	NM_005026.5	NM_005026.5.fasta	2187	2216	+	30	GTGGCCCTGCGCTTCGGCCTCATCCTGGAG	CUCCAGGAUGAGGCCGAAGCGCAGGGCCAC	0
NM_005026.5:2188-2217	NM_005026.5	NM_005026.5.fasta	2188	2217	+	30	TGGCCCTGCGCTTCGGCCTCATCCTGGAGG	CCUCCAGGAUGAGGCCGAAGCGCAGGGCCA	0
NM_005026.5:2189-2218	NM_005026.5	NM_005026.5.fasta	2189	2218	+	30	GGCCCTGCGCTTCGGCCTCATCCTGGAGGC	GCCUCCAGGAUGAGGCCGAAGCGCAGGGCC	0
NM_005026.5:2190-2219	NM_005026.5	NM_005026.5.fasta	2190	2219	+	30	GCCCTGCGCTTCGGCCTCATCCTGGAGGCC	GGCCUCCAGGAUGAGGCCGAAGCGCAGGGC	0
NM_005026.5:2191-2220	NM_005026.5	NM_005026.5.fasta	2191	2220	+	30	CCCTGCGCTTCGGCCTCATCCTGGAGGCCT	AGGCCUCCAGGAUGAGGCCGAAGCGCAGGG	0
NM_005026.5:2192-2221	NM_005026.5	NM_005026.5.fasta	2192	2221	+	30	CCTGCGCTTCGGCCTCATCCTGGAGGCCTA	UAGGCCUCCAGGAUGAGGCCGAAGCGCAGG	0
NM_005026.5:2193-2222	NM_005026.5	NM_005026.5.fasta	2193	2222	+	30	CTGCGCTTCGGCCTCATCCTGGAGGCCTAC	GUAGGCCUCCAGGAUGAGGCCGAAGCGCAG	0
NM_005026.5:2194-2223	NM_005026.5	NM_005026.5.fasta	2194	2223	+	30	TGCGCTTCGGCCTCATCCTGGAGGCCTACT	AGUAGGCCUCCAGGAUGAGGCCGAAGCGCA	0
NM_005026.5:2195-2224	NM_005026.5	NM_005026.5.fasta	2195	2224	+	30	GCGCTTCGGCCTCATCCTGGAGGCCTACTG	CAGUAGGCCUCCAGGAUGAGGCCGAAGCGC	0
NM_005026.5:2196-2225	NM_005026.5	NM_005026.5.fasta	2196	2225	+	30	CGCTTCGGCCTCATCCTGGAGGCCTACTGC	GCAGUAGGCCUCCAGGAUGAGGCCGAAGCG	0
NM_005026.5:2197-2226	NM_005026.5	NM_005026.5.fasta	2197	2226	+	30	GCTTCGGCCTCATCCTGGAGGCCTACTGCA	UGCAGUAGGCCUCCAGGAUGAGGCCGAAGC	0
NM_005026.5:2198-2227	NM_005026.5	NM_005026.5.fasta	2198	2227	+	30	CTTCGGCCTCATCCTGGAGGCCTACTGCAG	CUGCAGUAGGCCUCCAGGAUGAGGCCGAAG	0
NM_005026.5:2199-2228	NM_005026.5	NM_005026.5.fasta	2199	2228	+	30	TTCGGCCTCATCCTGGAGGCCTACTGCAGG	CCUGCAGUAGGCCUCCAGGAUGAGGCCGAA	0
NM_005026.5:2200-2229	NM_005026.5	NM_005026.5.fasta	2200	2229	+	30	TCGGCCTCATCCTGGAGGCCTACTGCAGGG	CCCUGCAGUAGGCCUCCAGGAUGAGGCCGA	0
NM_005026.5:2201-2230	NM_005026.5	NM_005026.5.fasta	2201	2230	+	30	CGGCCTCATCCTGGAGGCCTACTGCAGGGG	CCCCUGCAGUAGGCCUCCAGGAUGAGGCCG	0
NM_005026.5:2202-2231	NM_005026.5	NM_005026.5.fasta	2202	2231	+	30	GGCCTCATCCTGGAGGCCTACTGCAGGGGC	GCCCCUGCAGUAGGCCUCCAGGAUGAGGCC	0
NM_005026.5:2203-2232	NM_005026.5	NM_005026.5.fasta	2203	2232	+	30	GCCTCATCCTGGAGGCCTACTGCAGGGGCA	UGCCCCUGCAGUAGGCCUCCAGGAUGAGGC	0
NM_005026.5:2204-2233	NM_005026.5	NM_005026.5.fasta	2204	2233	+	30	CCTCATCCTGGAGGCCTACTGCAGGGGCAG	CUGCCCCUGCAGUAGGCCUCCAGGAUGAGG	0
NM_005026.5:2205-2234	NM_005026.5	NM_005026.5.fasta	2205	2234	+	30	CTCATCCTGGAGGCCTACTGCAGGGGCAGC	GCUGCCCCUGCAGUAGGCCUCCAGGAUGAG	0
NM_005026.5:2206-2235	NM_005026.5	NM_005026.5.fasta	2206	2235	+	30	TCATCCTGGAGGCCTACTGCAGGGGCAGCA	UGCUGCCCCUGCAGUAGGCCUCCAGGAUGA	0
NM_005026.5:2207-2236	NM_005026.5	NM_005026.5.fasta	2207	2236	+	30	CATCCTGGAGGCCTACTGCAGGGGCAGCAC	GUGCUGCCCCUGCAGUAGGCCUCCAGGAUG	0
NM_005026.5:2208-2237	NM_005026.5	NM_005026.5.fasta	2208	2237	+	30	ATCCTGGAGGCCTACTGCAGGGGCAGCACC	GGUGCUGCCCCUGCAGUAGGCCUCCAGGAU	0
NM_005026.5:2209-2238	NM_005026.5	NM_005026.5.fasta	2209	2238	+	30	TCCTGGAGGCCTACTGCAGGGGCAGCACCC	GGGUGCUGCCCCUGCAGUAGGCCUCCAGGA	0
NM_005026.5:2210-2239	NM_005026.5	NM_005026.5.fasta	2210	2239	+	30	CCTGGAGGCCTACTGCAGGGGCAGCACCCA	UGGGUGCUGCCCCUGCAGUAGGCCUCCAGG	0
NM_005026.5:2211-2240	NM_005026.5	NM_005026.5.fasta	2211	2240	+	30	CTGGAGGCCTACTGCAGGGGCAGCACCCAC	GUGGGUGCUGCCCCUGCAGUAGGCCUCCAG	0
NM_005026.5:2212-2241	NM_005026.5	NM_005026.5.fasta	2212	2241	+	30	TGGAGGCCTACTGCAGGGGCAGCACCCACC	GGUGGGUGCUGCCCCUGCAGUAGGCCUCCA	0
NM_005026.5:2213-2242	NM_005026.5	NM_005026.5.fasta	2213	2242	+	30	GGAGGCCTACTGCAGGGGCAGCACCCACCA	UGGUGGGUGCUGCCCCUGCAGUAGGCCUCC	0
NM_005026.5:2214-2243	NM_005026.5	NM_005026.5.fasta	2214	2243	+	30	GAGGCCTACTGCAGGGGCAGCACCCACCAC	GUGGUGGGUGCUGCCCCUGCAGUAGGCCUC	0
NM_005026.5:2215-2244	NM_005026.5	NM_005026.5.fasta	2215	2244	+	30	AGGCCTACTGCAGGGGCAGCACCCACCACA	UGUGGUGGGUGCUGCCCCUGCAGUAGGCCU	0
NM_005026.5:2216-2245	NM_005026.5	NM_005026.5.fasta	2216	2245	+	30	GGCCTACTGCAGGGGCAGCACCCACCACAT	AUGUGGUGGGUGCUGCCCCUGCAGUAGGCC	0
NM_005026.5:2217-2246	NM_005026.5	NM_005026.5.fasta	2217	2246	+	30	GCCTACTGCAGGGGCAGCACCCACCACATG	CAUGUGGUGGGUGCUGCCCCUGCAGUAGGC	0
NM_005026.5:2218-2247	NM_005026.5	NM_005026.5.fasta	2218	2247	+	30	CCTACTGCAGGGGCAGCACCCACCACATGA	UCAUGUGGUGGGUGCUGCCCCUGCAGUAGG	0
NM_005026.5:2219-2248	NM_005026.5	NM_005026.5.fasta	2219	2248	+	30	CTACTGCAGGGGCAGCACCCACCACATGAA	UUCAUGUGGUGGGUGCUGCCCCUGCAGUAG	0
NM_005026.5:2220-2249	NM_005026.5	NM_005026.5.fasta	2220	2249	+	30	TACTGCAGGGGCAGCACCCACCACATGAAG	CUUCAUGUGGUGGGUGCUGCCCCUGCAGUA	0
NM_005026.5:2221-2250	NM_005026.5	NM_005026.5.fasta	2221	2250	+	30	ACTGCAGGGGCAGCACCCACCACATGAAGG	CCUUCAUGUGGUGGGUGCUGCCCCUGCAGU	0
NM_005026.5:2222-2251	NM_005026.5	NM_005026.5.fasta	2222	2251	+	30	CTGCAGGGGCAGCACCCACCACATGAAGGT	ACCUUCAUGUGGUGGGUGCUGCCCCUGCAG	0
NM_005026.5:2223-2252	NM_005026.5	NM_005026.5.fasta	2223	2252	+	30	TGCAGGGGCAGCACCCACCACATGAAGGTG	CACCUUCAUGUGGUGGGUGCUGCCCCUGCA	0
NM_005026.5:2224-2253	NM_005026.5	NM_005026.5.fasta	2224	2253	+	30	GCAGGGGCAGCACCCACCACATGAAGGTGC	GCACCUUCAUGUGGUGGGUGCUGCCCCUGC	0
NM_005026.5:2225-2254	NM_005026.5	NM_005026.5.fasta	2225	2254	+	30	CAGGGGCAGCACCCACCACATGAAGGTGCT	AGCACCUUCAUGUGGUGGGUGCUGCCCCUG	0
NM_005026.5:2226-2255	NM_005026.5	NM_005026.5.fasta	2226	2255	+	30	AGGGGCAGCACCCACCACATGAAGGTGCTG	CAGCACCUUCAUGUGGUGGGUGCUGCCCCU	0
NM_005026.5:2227-2256	NM_005026.5	NM_005026.5.fasta	2227	2256	+	30	GGGGCAGCACCCACCACATGAAGGTGCTGA	UCAGCACCUUCAUGUGGUGGGUGCUGCCCC	0
NM_005026.5:2228-2257	NM_005026.5	NM_005026.5.fasta	2228	2257	+	30	GGGCAGCACCCACCACATGAAGGTGCTGAT	AUCAGCACCUUCAUGUGGUGGGUGCUGCCC	0
NM_005026.5:2229-2258	NM_005026.5	NM_005026.5.fasta	2229	2258	+	30	GGCAGCACCCACCACATGAAGGTGCTGATG	CAUCAGCACCUUCAUGUGGUGGGUGCUGCC	0
NM_005026.5:2230-2259	NM_005026.5	NM_005026.5.fasta	2230	2259	+	30	GCAGCACCCACCACATGAAGGTGCTGATGA	UCAUCAGCACCUUCAUGUGGUGGGUGCUGC	0
NM_005026.5:2231-2260	NM_005026.5	NM_005026.5.fasta	2231	2260	+	30	CAGCACCCACCACATGAAGGTGCTGATGAA	UUCAUCAGCACCUUCAUGUGGUGGGUGCUG	0
NM_005026.5:2232-2261	NM_005026.5	NM_005026.5.fasta	2232	2261	+	30	AGCACCCACCACATGAAGGTGCTGATGAAG	CUUCAUCAGCACCUUCAUGUGGUGGGUGCU	0
NM_005026.5:2233-2262	NM_005026.5	NM_005026.5.fasta	2233	2262	+	30	GCACCCACCACATGAAGGTGCTGATGAAGC	GCUUCAUCAGCACCUUCAUGUGGUGGGUGC	0
NM_005026.5:2234-2263	NM_005026.5	NM_005026.5.fasta	2234	2263	+	30	CACCCACCACATGAAGGTGCTGATGAAGCA	UGCUUCAUCAGCACCUUCAUGUGGUGGGUG	0
NM_005026.5:2235-2264	NM_005026.5	NM_005026.5.fasta	2235	2264	+	30	ACCCACCACATGAAGGTGCTGATGAAGCAG	CUGCUUCAUCAGCACCUUCAUGUGGUGGGU	0
NM_005026.5:2236-2265	NM_005026.5	NM_005026.5.fasta	2236	2265	+	30	CCCACCACATGAAGGTGCTGATGAAGCAGG	CCUGCUUCAUCAGCACCUUCAUGUGGUGGG	0
NM_005026.5:2237-2266	NM_005026.5	NM_005026.5.fasta	2237	2266	+	30	CCACCACATGAAGGTGCTGATGAAGCAGGG	CCCUGCUUCAUCAGCACCUUCAUGUGGUGG	0
NM_005026.5:2238-2267	NM_005026.5	NM_005026.5.fasta	2238	2267	+	30	CACCACATGAAGGTGCTGATGAAGCAGGGG	CCCCUGCUUCAUCAGCACCUUCAUGUGGUG	0
NM_005026.5:2239-2268	NM_005026.5	NM_005026.5.fasta	2239	2268	+	30	ACCACATGAAGGTGCTGATGAAGCAGGGGG	CCCCCUGCUUCAUCAGCACCUUCAUGUGGU	0
NM_005026.5:2240-2269	NM_005026.5	NM_005026.5.fasta	2240	2269	+	30	CCACATGAAGGTGCTGATGAAGCAGGGGGA	UCCCCCUGCUUCAUCAGCACCUUCAUGUGG	0
NM_005026.5:2241-2270	NM_005026.5	NM_005026.5.fasta	2241	2270	+	30	CACATGAAGGTGCTGATGAAGCAGGGGGAA	UUCCCCCUGCUUCAUCAGCACCUUCAUGUG	0
NM_005026.5:2242-2271	NM_005026.5	NM_005026.5.fasta	2242	2271	+	30	ACATGAAGGTGCTGATGAAGCAGGGGGAAG	CUUCCCCCUGCUUCAUCAGCACCUUCAUGU	0
NM_005026.5:2243-2272	NM_005026.5	NM_005026.5.fasta	2243	2272	+	30	CATGAAGGTGCTGATGAAGCAGGGGGAAGC	GCUUCCCCCUGCUUCAUCAGCACCUUCAUG	0
NM_005026.5:2244-2273	NM_005026.5	NM_005026.5.fasta	2244	2273	+	30	ATGAAGGTGCTGATGAAGCAGGGGGAAGCA	UGCUUCCCCCUGCUUCAUCAGCACCUUCAU	0
NM_005026.5:2245-2274	NM_005026.5	NM_005026.5.fasta	2245	2274	+	30	TGAAGGTGCTGATGAAGCAGGGGGAAGCAC	GUGCUUCCCCCUGCUUCAUCAGCACCUUCA	0
NM_005026.5:2246-2275	NM_005026.5	NM_005026.5.fasta	2246	2275	+	30	GAAGGTGCTGATGAAGCAGGGGGAAGCACT	AGUGCUUCCCCCUGCUUCAUCAGCACCUUC	0
NM_005026.5:2247-2276	NM_005026.5	NM_005026.5.fasta	2247	2276	+	30	AAGGTGCTGATGAAGCAGGGGGAAGCACTG	CAGUGCUUCCCCCUGCUUCAUCAGCACCUU	0
NM_005026.5:2248-2277	NM_005026.5	NM_005026.5.fasta	2248	2277	+	30	AGGTGCTGATGAAGCAGGGGGAAGCACTGA	UCAGUGCUUCCCCCUGCUUCAUCAGCACCU	0
NM_005026.5:2249-2278	NM_005026.5	NM_005026.5.fasta	2249	2278	+	30	GGTGCTGATGAAGCAGGGGGAAGCACTGAG	CUCAGUGCUUCCCCCUGCUUCAUCAGCACC	0
NM_005026.5:2250-2279	NM_005026.5	NM_005026.5.fasta	2250	2279	+	30	GTGCTGATGAAGCAGGGGGAAGCACTGAGC	GCUCAGUGCUUCCCCCUGCUUCAUCAGCAC	0
NM_005026.5:2251-2280	NM_005026.5	NM_005026.5.fasta	2251	2280	+	30	TGCTGATGAAGCAGGGGGAAGCACTGAGCA	UGCUCAGUGCUUCCCCCUGCUUCAUCAGCA	0
NM_005026.5:2252-2281	NM_005026.5	NM_005026.5.fasta	2252	2281	+	30	GCTGATGAAGCAGGGGGAAGCACTGAGCAA	UUGCUCAGUGCUUCCCCCUGCUUCAUCAGC	0
NM_005026.5:2253-2282	NM_005026.5	NM_005026.5.fasta	2253	2282	+	30	CTGATGAAGCAGGGGGAAGCACTGAGCAAA	UUUGCUCAGUGCUUCCCCCUGCUUCAUCAG	0
NM_005026.5:2254-2283	NM_005026.5	NM_005026.5.fasta	2254	2283	+	30	TGATGAAGCAGGGGGAAGCACTGAGCAAAC	GUUUGCUCAGUGCUUCCCCCUGCUUCAUCA	0
NM_005026.5:2255-2284	NM_005026.5	NM_005026.5.fasta	2255	2284	+	30	GATGAAGCAGGGGGAAGCACTGAGCAAACT	AGUUUGCUCAGUGCUUCCCCCUGCUUCAUC	0
NM_005026.5:2256-2285	NM_005026.5	NM_005026.5.fasta	2256	2285	+	30	ATGAAGCAGGGGGAAGCACTGAGCAAACTG	CAGUUUGCUCAGUGCUUCCCCCUGCUUCAU	0
NM_005026.5:2257-2286	NM_005026.5	NM_005026.5.fasta	2257	2286	+	30	TGAAGCAGGGGGAAGCACTGAGCAAACTGA	UCAGUUUGCUCAGUGCUUCCCCCUGCUUCA	0
NM_005026.5:2258-2287	NM_005026.5	NM_005026.5.fasta	2258	2287	+	30	GAAGCAGGGGGAAGCACTGAGCAAACTGAA	UUCAGUUUGCUCAGUGCUUCCCCCUGCUUC	0
NM_005026.5:2259-2288	NM_005026.5	NM_005026.5.fasta	2259	2288	+	30	AAGCAGGGGGAAGCACTGAGCAAACTGAAG	CUUCAGUUUGCUCAGUGCUUCCCCCUGCUU	0
NM_005026.5:2260-2289	NM_005026.5	NM_005026.5.fasta	2260	2289	+	30	AGCAGGGGGAAGCACTGAGCAAACTGAAGG	CCUUCAGUUUGCUCAGUGCUUCCCCCUGCU	0
NM_005026.5:2261-2290	NM_005026.5	NM_005026.5.fasta	2261	2290	+	30	GCAGGGGGAAGCACTGAGCAAACTGAAGGC	GCCUUCAGUUUGCUCAGUGCUUCCCCCUGC	0
NM_005026.5:2262-2291	NM_005026.5	NM_005026.5.fasta	2262	2291	+	30	CAGGGGGAAGCACTGAGCAAACTGAAGGCC	GGCCUUCAGUUUGCUCAGUGCUUCCCCCUG	0
NM_005026.5:2263-2292	NM_005026.5	NM_005026.5.fasta	2263	2292	+	30	AGGGGGAAGCACTGAGCAAACTGAAGGCCC	GGGCCUUCAGUUUGCUCAGUGCUUCCCCCU	0
NM_005026.5:2264-2293	NM_005026.5	NM_005026.5.fasta	2264	2293	+	30	GGGGGAAGCACTGAGCAAACTGAAGGCCCT	AGGGCCUUCAGUUUGCUCAGUGCUUCCCCC	0
NM_005026.5:2265-2294	NM_005026.5	NM_005026.5.fasta	2265	2294	+	30	GGGGAAGCACTGAGCAAACTGAAGGCCCTG	CAGGGCCUUCAGUUUGCUCAGUGCUUCCCC	0
NM_005026.5:2266-2295	NM_005026.5	NM_005026.5.fasta	2266	2295	+	30	GGGAAGCACTGAGCAAACTGAAGGCCCTGA	UCAGGGCCUUCAGUUUGCUCAGUGCUUCCC	0
NM_005026.5:2267-2296	NM_005026.5	NM_005026.5.fasta	2267	2296	+	30	GGAAGCACTGAGCAAACTGAAGGCCCTGAA	UUCAGGGCCUUCAGUUUGCUCAGUGCUUCC	0
NM_005026.5:2268-2297	NM_005026.5	NM_005026.5.fasta	2268	2297	+	30	GAAGCACTGAGCAAACTGAAGGCCCTGAAT	AUUCAGGGCCUUCAGUUUGCUCAGUGCUUC	0
NM_005026.5:2269-2298	NM_005026.5	NM_005026.5.fasta	2269	2298	+	30	AAGCACTGAGCAAACTGAAGGCCCTGAATG	CAUUCAGGGCCUUCAGUUUGCUCAGUGCUU	0
NM_005026.5:2270-2299	NM_005026.5	NM_005026.5.fasta	2270	2299	+	30	AGCACTGAGCAAACTGAAGGCCCTGAATGA	UCAUUCAGGGCCUUCAGUUUGCUCAGUGCU	0
NM_005026.5:2271-2300	NM_005026.5	NM_005026.5.fasta	2271	2300	+	30	GCACTGAGCAAACTGAAGGCCCTGAATGAC	GUCAUUCAGGGCCUUCAGUUUGCUCAGUGC	0
NM_005026.5:2272-2301	NM_005026.5	NM_005026.5.fasta	2272	2301	+	30	CACTGAGCAAACTGAAGGCCCTGAATGACT	AGUCAUUCAGGGCCUUCAGUUUGCUCAGUG	0
NM_005026.5:2273-2302	NM_005026.5	NM_005026.5.fasta	2273	2302	+	30	ACTGAGCAAACTGAAGGCCCTGAATGACTT	AAGUCAUUCAGGGCCUUCAGUUUGCUCAGU	0
NM_005026.5:2274-2303	NM_005026.5	NM_005026.5.fasta	2274	2303	+	30	CTGAGCAAACTGAAGGCCCTGAATGACTTC	GAAGUCAUUCAGGGCCUUCAGUUUGCUCAG	0
NM_005026.5:2275-2304	NM_005026.5	NM_005026.5.fasta	2275	2304	+	30	TGAGCAAACTGAAGGCCCTGAATGACTTCG	CGAAGUCAUUCAGGGCCUUCAGUUUGCUCA	0
NM_005026.5:2276-2305	NM_005026.5	NM_005026.5.fasta	2276	2305	+	30	GAGCAAACTGAAGGCCCTGAATGACTTCGT	ACGAAGUCAUUCAGGGCCUUCAGUUUGCUC	0
NM_005026.5:2277-2306	NM_005026.5	NM_005026.5.fasta	2277	2306	+	30	AGCAAACTGAAGGCCCTGAATGACTTCGTC	GACGAAGUCAUUCAGGGCCUUCAGUUUGCU	0
NM_005026.5:2278-2307	NM_005026.5	NM_005026.5.fasta	2278	2307	+	30	GCAAACTGAAGGCCCTGAATGACTTCGTCA	UGACGAAGUCAUUCAGGGCCUUCAGUUUGC	0
NM_005026.5:2279-2308	NM_005026.5	NM_005026.5.fasta	2279	2308	+	30	CAAACTGAAGGCCCTGAATGACTTCGTCAA	UUGACGAAGUCAUUCAGGGCCUUCAGUUUG	0
NM_005026.5:2280-2309	NM_005026.5	NM_005026.5.fasta	2280	2309	+	30	AAACTGAAGGCCCTGAATGACTTCGTCAAG	CUUGACGAAGUCAUUCAGGGCCUUCAGUUU	0
NM_005026.5:2281-2310	NM_005026.5	NM_005026.5.fasta	2281	2310	+	30	AACTGAAGGCCCTGAATGACTTCGTCAAGC	GCUUGACGAAGUCAUUCAGGGCCUUCAGUU	0
NM_005026.5:2282-2311	NM_005026.5	NM_005026.5.fasta	2282	2311	+	30	ACTGAAGGCCCTGAATGACTTCGTCAAGCT	AGCUUGACGAAGUCAUUCAGGGCCUUCAGU	0
NM_005026.5:2283-2312	NM_005026.5	NM_005026.5.fasta	2283	2312	+	30	CTGAAGGCCCTGAATGACTTCGTCAAGCTG	CAGCUUGACGAAGUCAUUCAGGGCCUUCAG	0
NM_005026.5:2284-2313	NM_005026.5	NM_005026.5.fasta	2284	2313	+	30	TGAAGGCCCTGAATGACTTCGTCAAGCTGA	UCAGCUUGACGAAGUCAUUCAGGGCCUUCA	0
NM_005026.5:2285-2314	NM_005026.5	NM_005026.5.fasta	2285	2314	+	30	GAAGGCCCTGAATGACTTCGTCAAGCTGAG	CUCAGCUUGACGAAGUCAUUCAGGGCCUUC	0
NM_005026.5:2286-2315	NM_005026.5	NM_005026.5.fasta	2286	2315	+	30	AAGGCCCTGAATGACTTCGTCAAGCTGAGC	GCUCAGCUUGACGAAGUCAUUCAGGGCCUU	0
NM_005026.5:2287-2316	NM_005026.5	NM_005026.5.fasta	2287	2316	+	30	AGGCCCTGAATGACTTCGTCAAGCTGAGCT	AGCUCAGCUUGACGAAGUCAUUCAGGGCCU	0
NM_005026.5:2288-2317	NM_005026.5	NM_005026.5.fasta	2288	2317	+	30	GGCCCTGAATGACTTCGTCAAGCTGAGCTC	GAGCUCAGCUUGACGAAGUCAUUCAGGGCC	0
NM_005026.5:2289-2318	NM_005026.5	NM_005026.5.fasta	2289	2318	+	30	GCCCTGAATGACTTCGTCAAGCTGAGCTCT	AGAGCUCAGCUUGACGAAGUCAUUCAGGGC	0
NM_005026.5:2290-2319	NM_005026.5	NM_005026.5.fasta	2290	2319	+	30	CCCTGAATGACTTCGTCAAGCTGAGCTCTC	GAGAGCUCAGCUUGACGAAGUCAUUCAGGG	0
NM_005026.5:2291-2320	NM_005026.5	NM_005026.5.fasta	2291	2320	+	30	CCTGAATGACTTCGTCAAGCTGAGCTCTCA	UGAGAGCUCAGCUUGACGAAGUCAUUCAGG	0
NM_005026.5:2292-2321	NM_005026.5	NM_005026.5.fasta	2292	2321	+	30	CTGAATGACTTCGTCAAGCTGAGCTCTCAG	CUGAGAGCUCAGCUUGACGAAGUCAUUCAG	0
NM_005026.5:2293-2322	NM_005026.5	NM_005026.5.fasta	2293	2322	+	30	TGAATGACTTCGTCAAGCTGAGCTCTCAGA	UCUGAGAGCUCAGCUUGACGAAGUCAUUCA	0
NM_005026.5:2294-2323	NM_005026.5	NM_005026.5.fasta	2294	2323	+	30	GAATGACTTCGTCAAGCTGAGCTCTCAGAA	UUCUGAGAGCUCAGCUUGACGAAGUCAUUC	0
NM_005026.5:2295-2324	NM_005026.5	NM_005026.5.fasta	2295	2324	+	30	AATGACTTCGTCAAGCTGAGCTCTCAGAAG	CUUCUGAGAGCUCAGCUUGACGAAGUCAUU	0
NM_005026.5:2296-2325	NM_005026.5	NM_005026.5.fasta	2296	2325	+	30	ATGACTTCGTCAAGCTGAGCTCTCAGAAGA	UCUUCUGAGAGCUCAGCUUGACGAAGUCAU	0
NM_005026.5:2297-2326	NM_005026.5	NM_005026.5.fasta	2297	2326	+	30	TGACTTCGTCAAGCTGAGCTCTCAGAAGAC	GUCUUCUGAGAGCUCAGCUUGACGAAGUCA	0
NM_005026.5:2298-2327	NM_005026.5	NM_005026.5.fasta	2298	2327	+	30	GACTTCGTCAAGCTGAGCTCTCAGAAGACC	GGUCUUCUGAGAGCUCAGCUUGACGAAGUC	0
NM_005026.5:2299-2328	NM_005026.5	NM_005026.5.fasta	2299	2328	+	30	ACTTCGTCAAGCTGAGCTCTCAGAAGACCC	GGGUCUUCUGAGAGCUCAGCUUGACGAAGU	0
NM_005026.5:2300-2329	NM_005026.5	NM_005026.5.fasta	2300	2329	+	30	CTTCGTCAAGCTGAGCTCTCAGAAGACCCC	GGGGUCUUCUGAGAGCUCAGCUUGACGAAG	0
NM_005026.5:2301-2330	NM_005026.5	NM_005026.5.fasta	2301	2330	+	30	TTCGTCAAGCTGAGCTCTCAGAAGACCCCC	GGGGGUCUUCUGAGAGCUCAGCUUGACGAA	0
NM_005026.5:2302-2331	NM_005026.5	NM_005026.5.fasta	2302	2331	+	30	TCGTCAAGCTGAGCTCTCAGAAGACCCCCA	UGGGGGUCUUCUGAGAGCUCAGCUUGACGA	0
NM_005026.5:2303-2332	NM_005026.5	NM_005026.5.fasta	2303	2332	+	30	CGTCAAGCTGAGCTCTCAGAAGACCCCCAA	UUGGGGGUCUUCUGAGAGCUCAGCUUGACG	0
NM_005026.5:2304-2333	NM_005026.5	NM_005026.5.fasta	2304	2333	+	30	GTCAAGCTGAGCTCTCAGAAGACCCCCAAG	CUUGGGGGUCUUCUGAGAGCUCAGCUUGAC	0
NM_005026.5:2305-2334	NM_005026.5	NM_005026.5.fasta	2305	2334	+	30	TCAAGCTGAGCTCTCAGAAGACCCCCAAGC	GCUUGGGGGUCUUCUGAGAGCUCAGCUUGA	0
NM_005026.5:2306-2335	NM_005026.5	NM_005026.5.fasta	2306	2335	+	30	CAAGCTGAGCTCTCAGAAGACCCCCAAGCC	GGCUUGGGGGUCUUCUGAGAGCUCAGCUUG	0
NM_005026.5:2307-2336	NM_005026.5	NM_005026.5.fasta	2307	2336	+	30	AAGCTGAGCTCTCAGAAGACCCCCAAGCCC	GGGCUUGGGGGUCUUCUGAGAGCUCAGCUU	0
NM_005026.5:2308-2337	NM_005026.5	NM_005026.5.fasta	2308	2337	+	30	AGCTGAGCTCTCAGAAGACCCCCAAGCCCC	GGGGCUUGGGGGUCUUCUGAGAGCUCAGCU	0
NM_005026.5:2309-2338	NM_005026.5	NM_005026.5.fasta	2309	2338	+	30	GCTGAGCTCTCAGAAGACCCCCAAGCCCCA	UGGGGCUUGGGGGUCUUCUGAGAGCUCAGC	0
NM_005026.5:2310-2339	NM_005026.5	NM_005026.5.fasta	2310	2339	+	30	CTGAGCTCTCAGAAGACCCCCAAGCCCCAG	CUGGGGCUUGGGGGUCUUCUGAGAGCUCAG	0
NM_005026.5:2311-2340	NM_005026.5	NM_005026.5.fasta	2311	2340	+	30	TGAGCTCTCAGAAGACCCCCAAGCCCCAGA	UCUGGGGCUUGGGGGUCUUCUGAGAGCUCA	0
NM_005026.5:2312-2341	NM_005026.5	NM_005026.5.fasta	2312	2341	+	30	GAGCTCTCAGAAGACCCCCAAGCCCCAGAC	GUCUGGGGCUUGGGGGUCUUCUGAGAGCUC	0
NM_005026.5:2313-2342	NM_005026.5	NM_005026.5.fasta	2313	2342	+	30	AGCTCTCAGAAGACCCCCAAGCCCCAGACC	GGUCUGGGGCUUGGGGGUCUUCUGAGAGCU	0
NM_005026.5:2314-2343	NM_005026.5	NM_005026.5.fasta	2314	2343	+	30	GCTCTCAGAAGACCCCCAAGCCCCAGACCA	UGGUCUGGGGCUUGGGGGUCUUCUGAGAGC	0
NM_005026.5:2315-2344	NM_005026.5	NM_005026.5.fasta	2315	2344	+	30	CTCTCAGAAGACCCCCAAGCCCCAGACCAA	UUGGUCUGGGGCUUGGGGGUCUUCUGAGAG	0
NM_005026.5:2316-2345	NM_005026.5	NM_005026.5.fasta	2316	2345	+	30	TCTCAGAAGACCCCCAAGCCCCAGACCAAG	CUUGGUCUGGGGCUUGGGGGUCUUCUGAGA	0
NM_005026.5:2317-2346	NM_005026.5	NM_005026.5.fasta	2317	2346	+	30	CTCAGAAGACCCCCAAGCCCCAGACCAAGG	CCUUGGUCUGGGGCUUGGGGGUCUUCUGAG	0
NM_005026.5:2318-2347	NM_005026.5	NM_005026.5.fasta	2318	2347	+	30	TCAGAAGACCCCCAAGCCCCAGACCAAGGA	UCCUUGGUCUGGGGCUUGGGGGUCUUCUGA	0
NM_005026.5:2319-2348	NM_005026.5	NM_005026.5.fasta	2319	2348	+	30	CAGAAGACCCCCAAGCCCCAGACCAAGGAG	CUCCUUGGUCUGGGGCUUGGGGGUCUUCUG	0
NM_005026.5:2320-2349	NM_005026.5	NM_005026.5.fasta	2320	2349	+	30	AGAAGACCCCCAAGCCCCAGACCAAGGAGC	GCUCCUUGGUCUGGGGCUUGGGGGUCUUCU	0
NM_005026.5:2321-2350	NM_005026.5	NM_005026.5.fasta	2321	2350	+	30	GAAGACCCCCAAGCCCCAGACCAAGGAGCT	AGCUCCUUGGUCUGGGGCUUGGGGGUCUUC	0
NM_005026.5:2322-2351	NM_005026.5	NM_005026.5.fasta	2322	2351	+	30	AAGACCCCCAAGCCCCAGACCAAGGAGCTG	CAGCUCCUUGGUCUGGGGCUUGGGGGUCUU	0
NM_005026.5:2323-2352	NM_005026.5	NM_005026.5.fasta	2323	2352	+	30	AGACCCCCAAGCCCCAGACCAAGGAGCTGA	UCAGCUCCUUGGUCUGGGGCUUGGGGGUCU	0
NM_005026.5:2324-2353	NM_005026.5	NM_005026.5.fasta	2324	2353	+	30	GACCCCCAAGCCCCAGACCAAGGAGCTGAT	AUCAGCUCCUUGGUCUGGGGCUUGGGGGUC	0
NM_005026.5:2325-2354	NM_005026.5	NM_005026.5.fasta	2325	2354	+	30	ACCCCCAAGCCCCAGACCAAGGAGCTGATG	CAUCAGCUCCUUGGUCUGGGGCUUGGGGGU	0
NM_005026.5:2326-2355	NM_005026.5	NM_005026.5.fasta	2326	2355	+	30	CCCCCAAGCCCCAGACCAAGGAGCTGATGC	GCAUCAGCUCCUUGGUCUGGGGCUUGGGGG	0
NM_005026.5:2327-2356	NM_005026.5	NM_005026.5.fasta	2327	2356	+	30	CCCCAAGCCCCAGACCAAGGAGCTGATGCA	UGCAUCAGCUCCUUGGUCUGGGGCUUGGGG	0
NM_005026.5:2328-2357	NM_005026.5	NM_005026.5.fasta	2328	2357	+	30	CCCAAGCCCCAGACCAAGGAGCTGATGCAC	GUGCAUCAGCUCCUUGGUCUGGGGCUUGGG	0
NM_005026.5:2329-2358	NM_005026.5	NM_005026.5.fasta	2329	2358	+	30	CCAAGCCCCAGACCAAGGAGCTGATGCACT	AGUGCAUCAGCUCCUUGGUCUGGGGCUUGG	0
NM_005026.5:2330-2359	NM_005026.5	NM_005026.5.fasta	2330	2359	+	30	CAAGCCCCAGACCAAGGAGCTGATGCACTT	AAGUGCAUCAGCUCCUUGGUCUGGGGCUUG	0
NM_005026.5:2331-2360	NM_005026.5	NM_005026.5.fasta	2331	2360	+	30	AAGCCCCAGACCAAGGAGCTGATGCACTTG	CAAGUGCAUCAGCUCCUUGGUCUGGGGCUU	0
NM_005026.5:2332-2361	NM_005026.5	NM_005026.5.fasta	2332	2361	+	30	AGCCCCAGACCAAGGAGCTGATGCACTTGT	ACAAGUGCAUCAGCUCCUUGGUCUGGGGCU	0
NM_005026.5:2333-2362	NM_005026.5	NM_005026.5.fasta	2333	2362	+	30	GCCCCAGACCAAGGAGCTGATGCACTTGTG	CACAAGUGCAUCAGCUCCUUGGUCUGGGGC	0
NM_005026.5:2334-2363	NM_005026.5	NM_005026.5.fasta	2334	2363	+	30	CCCCAGACCAAGGAGCTGATGCACTTGTGC	GCACAAGUGCAUCAGCUCCUUGGUCUGGGG	0
NM_005026.5:2335-2364	NM_005026.5	NM_005026.5.fasta	2335	2364	+	30	CCCAGACCAAGGAGCTGATGCACTTGTGCA	UGCACAAGUGCAUCAGCUCCUUGGUCUGGG	0
NM_005026.5:2336-2365	NM_005026.5	NM_005026.5.fasta	2336	2365	+	30	CCAGACCAAGGAGCTGATGCACTTGTGCAT	AUGCACAAGUGCAUCAGCUCCUUGGUCUGG	0
NM_005026.5:2337-2366	NM_005026.5	NM_005026.5.fasta	2337	2366	+	30	CAGACCAAGGAGCTGATGCACTTGTGCATG	CAUGCACAAGUGCAUCAGCUCCUUGGUCUG	0
NM_005026.5:2338-2367	NM_005026.5	NM_005026.5.fasta	2338	2367	+	30	AGACCAAGGAGCTGATGCACTTGTGCATGC	GCAUGCACAAGUGCAUCAGCUCCUUGGUCU	0
NM_005026.5:2339-2368	NM_005026.5	NM_005026.5.fasta	2339	2368	+	30	GACCAAGGAGCTGATGCACTTGTGCATGCG	CGCAUGCACAAGUGCAUCAGCUCCUUGGUC	0
NM_005026.5:2340-2369	NM_005026.5	NM_005026.5.fasta	2340	2369	+	30	ACCAAGGAGCTGATGCACTTGTGCATGCGG	CCGCAUGCACAAGUGCAUCAGCUCCUUGGU	0
NM_005026.5:2341-2370	NM_005026.5	NM_005026.5.fasta	2341	2370	+	30	CCAAGGAGCTGATGCACTTGTGCATGCGGC	GCCGCAUGCACAAGUGCAUCAGCUCCUUGG	0
NM_005026.5:2342-2371	NM_005026.5	NM_005026.5.fasta	2342	2371	+	30	CAAGGAGCTGATGCACTTGTGCATGCGGCA	UGCCGCAUGCACAAGUGCAUCAGCUCCUUG	0
NM_005026.5:2343-2372	NM_005026.5	NM_005026.5.fasta	2343	2372	+	30	AAGGAGCTGATGCACTTGTGCATGCGGCAG	CUGCCGCAUGCACAAGUGCAUCAGCUCCUU	0
NM_005026.5:2344-2373	NM_005026.5	NM_005026.5.fasta	2344	2373	+	30	AGGAGCTGATGCACTTGTGCATGCGGCAGG	CCUGCCGCAUGCACAAGUGCAUCAGCUCCU	0
NM_005026.5:2345-2374	NM_005026.5	NM_005026.5.fasta	2345	2374	+	30	GGAGCTGATGCACTTGTGCATGCGGCAGGA	UCCUGCCGCAUGCACAAGUGCAUCAGCUCC	0
NM_005026.5:2346-2375	NM_005026.5	NM_005026.5.fasta	2346	2375	+	30	GAGCTGATGCACTTGTGCATGCGGCAGGAG	CUCCUGCCGCAUGCACAAGUGCAUCAGCUC	0
NM_005026.5:2347-2376	NM_005026.5	NM_005026.5.fasta	2347	2376	+	30	AGCTGATGCACTTGTGCATGCGGCAGGAGG	CCUCCUGCCGCAUGCACAAGUGCAUCAGCU	0
NM_005026.5:2348-2377	NM_005026.5	NM_005026.5.fasta	2348	2377	+	30	GCTGATGCACTTGTGCATGCGGCAGGAGGC	GCCUCCUGCCGCAUGCACAAGUGCAUCAGC	0
NM_005026.5:2349-2378	NM_005026.5	NM_005026.5.fasta	2349	2378	+	30	CTGATGCACTTGTGCATGCGGCAGGAGGCC	GGCCUCCUGCCGCAUGCACAAGUGCAUCAG	0
NM_005026.5:2350-2379	NM_005026.5	NM_005026.5.fasta	2350	2379	+	30	TGATGCACTTGTGCATGCGGCAGGAGGCCT	AGGCCUCCUGCCGCAUGCACAAGUGCAUCA	0
NM_005026.5:2351-2380	NM_005026.5	NM_005026.5.fasta	2351	2380	+	30	GATGCACTTGTGCATGCGGCAGGAGGCCTA	UAGGCCUCCUGCCGCAUGCACAAGUGCAUC	0
NM_005026.5:2352-2381	NM_005026.5	NM_005026.5.fasta	2352	2381	+	30	ATGCACTTGTGCATGCGGCAGGAGGCCTAC	GUAGGCCUCCUGCCGCAUGCACAAGUGCAU	0
NM_005026.5:2353-2382	NM_005026.5	NM_005026.5.fasta	2353	2382	+	30	TGCACTTGTGCATGCGGCAGGAGGCCTACC	GGUAGGCCUCCUGCCGCAUGCACAAGUGCA	0
NM_005026.5:2354-2383	NM_005026.5	NM_005026.5.fasta	2354	2383	+	30	GCACTTGTGCATGCGGCAGGAGGCCTACCT	AGGUAGGCCUCCUGCCGCAUGCACAAGUGC	0
NM_005026.5:2355-2384	NM_005026.5	NM_005026.5.fasta	2355	2384	+	30	CACTTGTGCATGCGGCAGGAGGCCTACCTA	UAGGUAGGCCUCCUGCCGCAUGCACAAGUG	0
NM_005026.5:2356-2385	NM_005026.5	NM_005026.5.fasta	2356	2385	+	30	ACTTGTGCATGCGGCAGGAGGCCTACCTAG	CUAGGUAGGCCUCCUGCCGCAUGCACAAGU	0
NM_005026.5:2357-2386	NM_005026.5	NM_005026.5.fasta	2357	2386	+	30	CTTGTGCATGCGGCAGGAGGCCTACCTAGA	UCUAGGUAGGCCUCCUGCCGCAUGCACAAG	0
NM_005026.5:2358-2387	NM_005026.5	NM_005026.5.fasta	2358	2387	+	30	TTGTGCATGCGGCAGGAGGCCTACCTAGAG	CUCUAGGUAGGCCUCCUGCCGCAUGCACAA	0
NM_005026.5:2359-2388	NM_005026.5	NM_005026.5.fasta	2359	2388	+	30	TGTGCATGCGGCAGGAGGCCTACCTAGAGG	CCUCUAGGUAGGCCUCCUGCCGCAUGCACA	0
NM_005026.5:2360-2389	NM_005026.5	NM_005026.5.fasta	2360	2389	+	30	GTGCATGCGGCAGGAGGCCTACCTAGAGGC	GCCUCUAGGUAGGCCUCCUGCCGCAUGCAC	0
NM_005026.5:2361-2390	NM_005026.5	NM_005026.5.fasta	2361	2390	+	30	TGCATGCGGCAGGAGGCCTACCTAGAGGCC	GGCCUCUAGGUAGGCCUCCUGCCGCAUGCA	0
NM_005026.5:2362-2391	NM_005026.5	NM_005026.5.fasta	2362	2391	+	30	GCATGCGGCAGGAGGCCTACCTAGAGGCCC	GGGCCUCUAGGUAGGCCUCCUGCCGCAUGC	0
NM_005026.5:2363-2392	NM_005026.5	NM_005026.5.fasta	2363	2392	+	30	CATGCGGCAGGAGGCCTACCTAGAGGCCCT	AGGGCCUCUAGGUAGGCCUCCUGCCGCAUG	0
NM_005026.5:2364-2393	NM_005026.5	NM_005026.5.fasta	2364	2393	+	30	ATGCGGCAGGAGGCCTACCTAGAGGCCCTC	GAGGGCCUCUAGGUAGGCCUCCUGCCGCAU	0
NM_005026.5:2365-2394	NM_005026.5	NM_005026.5.fasta	2365	2394	+	30	TGCGGCAGGAGGCCTACCTAGAGGCCCTCT	AGAGGGCCUCUAGGUAGGCCUCCUGCCGCA	0
NM_005026.5:2366-2395	NM_005026.5	NM_005026.5.fasta	2366	2395	+	30	GCGGCAGGAGGCCTACCTAGAGGCCCTCTC	GAGAGGGCCUCUAGGUAGGCCUCCUGCCGC	0
NM_005026.5:2367-2396	NM_005026.5	NM_005026.5.fasta	2367	2396	+	30	CGGCAGGAGGCCTACCTAGAGGCCCTCTCC	GGAGAGGGCCUCUAGGUAGGCCUCCUGCCG	0
NM_005026.5:2368-2397	NM_005026.5	NM_005026.5.fasta	2368	2397	+	30	GGCAGGAGGCCTACCTAGAGGCCCTCTCCC	GGGAGAGGGCCUCUAGGUAGGCCUCCUGCC	0
NM_005026.5:2369-2398	NM_005026.5	NM_005026.5.fasta	2369	2398	+	30	GCAGGAGGCCTACCTAGAGGCCCTCTCCCA	UGGGAGAGGGCCUCUAGGUAGGCCUCCUGC	0
NM_005026.5:2370-2399	NM_005026.5	NM_005026.5.fasta	2370	2399	+	30	CAGGAGGCCTACCTAGAGGCCCTCTCCCAC	GUGGGAGAGGGCCUCUAGGUAGGCCUCCUG	0
NM_005026.5:2371-2400	NM_005026.5	NM_005026.5.fasta	2371	2400	+	30	AGGAGGCCTACCTAGAGGCCCTCTCCCACC	GGUGGGAGAGGGCCUCUAGGUAGGCCUCCU	0
NM_005026.5:2372-2401	NM_005026.5	NM_005026.5.fasta	2372	2401	+	30	GGAGGCCTACCTAGAGGCCCTCTCCCACCT	AGGUGGGAGAGGGCCUCUAGGUAGGCCUCC	0
NM_005026.5:2373-2402	NM_005026.5	NM_005026.5.fasta	2373	2402	+	30	GAGGCCTACCTAGAGGCCCTCTCCCACCTG	CAGGUGGGAGAGGGCCUCUAGGUAGGCCUC	0
NM_005026.5:2374-2403	NM_005026.5	NM_005026.5.fasta	2374	2403	+	30	AGGCCTACCTAGAGGCCCTCTCCCACCTGC	GCAGGUGGGAGAGGGCCUCUAGGUAGGCCU	0
NM_005026.5:2375-2404	NM_005026.5	NM_005026.5.fasta	2375	2404	+	30	GGCCTACCTAGAGGCCCTCTCCCACCTGCA	UGCAGGUGGGAGAGGGCCUCUAGGUAGGCC	0
NM_005026.5:2376-2405	NM_005026.5	NM_005026.5.fasta	2376	2405	+	30	GCCTACCTAGAGGCCCTCTCCCACCTGCAG	CUGCAGGUGGGAGAGGGCCUCUAGGUAGGC	0
NM_005026.5:2377-2406	NM_005026.5	NM_005026.5.fasta	2377	2406	+	30	CCTACCTAGAGGCCCTCTCCCACCTGCAGT	ACUGCAGGUGGGAGAGGGCCUCUAGGUAGG	0
NM_005026.5:2378-2407	NM_005026.5	NM_005026.5.fasta	2378	2407	+	30	CTACCTAGAGGCCCTCTCCCACCTGCAGTC	GACUGCAGGUGGGAGAGGGCCUCUAGGUAG	0
NM_005026.5:2379-2408	NM_005026.5	NM_005026.5.fasta	2379	2408	+	30	TACCTAGAGGCCCTCTCCCACCTGCAGTCC	GGACUGCAGGUGGGAGAGGGCCUCUAGGUA	0
NM_005026.5:2380-2409	NM_005026.5	NM_005026.5.fasta	2380	2409	+	30	ACCTAGAGGCCCTCTCCCACCTGCAGTCCC	GGGACUGCAGGUGGGAGAGGGCCUCUAGGU	0
NM_005026.5:2381-2410	NM_005026.5	NM_005026.5.fasta	2381	2410	+	30	CCTAGAGGCCCTCTCCCACCTGCAGTCCCC	GGGGACUGCAGGUGGGAGAGGGCCUCUAGG	0
NM_005026.5:2382-2411	NM_005026.5	NM_005026.5.fasta	2382	2411	+	30	CTAGAGGCCCTCTCCCACCTGCAGTCCCCA	UGGGGACUGCAGGUGGGAGAGGGCCUCUAG	0
NM_005026.5:2383-2412	NM_005026.5	NM_005026.5.fasta	2383	2412	+	30	TAGAGGCCCTCTCCCACCTGCAGTCCCCAC	GUGGGGACUGCAGGUGGGAGAGGGCCUCUA	0
NM_005026.5:2384-2413	NM_005026.5	NM_005026.5.fasta	2384	2413	+	30	AGAGGCCCTCTCCCACCTGCAGTCCCCACT	AGUGGGGACUGCAGGUGGGAGAGGGCCUCU	0
NM_005026.5:2385-2414	NM_005026.5	NM_005026.5.fasta	2385	2414	+	30	GAGGCCCTCTCCCACCTGCAGTCCCCACTC	GAGUGGGGACUGCAGGUGGGAGAGGGCCUC	0
NM_005026.5:2386-2415	NM_005026.5	NM_005026.5.fasta	2386	2415	+	30	AGGCCCTCTCCCACCTGCAGTCCCCACTCG	CGAGUGGGGACUGCAGGUGGGAGAGGGCCU	0
NM_005026.5:2387-2416	NM_005026.5	NM_005026.5.fasta	2387	2416	+	30	GGCCCTCTCCCACCTGCAGTCCCCACTCGA	UCGAGUGGGGACUGCAGGUGGGAGAGGGCC	0
NM_005026.5:2388-2417	NM_005026.5	NM_005026.5.fasta	2388	2417	+	30	GCCCTCTCCCACCTGCAGTCCCCACTCGAC	GUCGAGUGGGGACUGCAGGUGGGAGAGGGC	0
NM_005026.5:2389-2418	NM_005026.5	NM_005026.5.fasta	2389	2418	+	30	CCCTCTCCCACCTGCAGTCCCCACTCGACC	GGUCGAGUGGGGACUGCAGGUGGGAGAGGG	0
NM_005026.5:2390-2419	NM_005026.5	NM_005026.5.fasta	2390	2419	+	30	CCTCTCCCACCTGCAGTCCCCACTCGACCC	GGGUCGAGUGGGGACUGCAGGUGGGAGAGG	0
NM_005026.5:2391-2420	NM_005026.5	NM_005026.5.fasta	2391	2420	+	30	CTCTCCCACCTGCAGTCCCCACTCGACCCC	GGGGUCGAGUGGGGACUGCAGGUGGGAGAG	0
NM_005026.5:2392-2421	NM_005026.5	NM_005026.5.fasta	2392	2421	+	30	TCTCCCACCTGCAGTCCCCACTCGACCCCA	UGGGGUCGAGUGGGGACUGCAGGUGGGAGA	0
NM_005026.5:2393-2422	NM_005026.5	NM_005026.5.fasta	2393	2422	+	30	CTCCCACCTGCAGTCCCCACTCGACCCCAG	CUGGGGUCGAGUGGGGACUGCAGGUGGGAG	0
NM_005026.5:2394-2423	NM_005026.5	NM_005026.5.fasta	2394	2423	+	30	TCCCACCTGCAGTCCCCACTCGACCCCAGC	GCUGGGGUCGAGUGGGGACUGCAGGUGGGA	0
NM_005026.5:2395-2424	NM_005026.5	NM_005026.5.fasta	2395	2424	+	30	CCCACCTGCAGTCCCCACTCGACCCCAGCA	UGCUGGGGUCGAGUGGGGACUGCAGGUGGG	0
NM_005026.5:2396-2425	NM_005026.5	NM_005026.5.fasta	2396	2425	+	30	CCACCTGCAGTCCCCACTCGACCCCAGCAC	GUGCUGGGGUCGAGUGGGGACUGCAGGUGG	0
NM_005026.5:2397-2426	NM_005026.5	NM_005026.5.fasta	2397	2426	+	30	CACCTGCAGTCCCCACTCGACCCCAGCACC	GGUGCUGGGGUCGAGUGGGGACUGCAGGUG	0
NM_005026.5:2398-2427	NM_005026.5	NM_005026.5.fasta	2398	2427	+	30	ACCTGCAGTCCCCACTCGACCCCAGCACCC	GGGUGCUGGGGUCGAGUGGGGACUGCAGGU	0
NM_005026.5:2399-2428	NM_005026.5	NM_005026.5.fasta	2399	2428	+	30	CCTGCAGTCCCCACTCGACCCCAGCACCCT	AGGGUGCUGGGGUCGAGUGGGGACUGCAGG	0
NM_005026.5:2400-2429	NM_005026.5	NM_005026.5.fasta	2400	2429	+	30	CTGCAGTCCCCACTCGACCCCAGCACCCTG	CAGGGUGCUGGGGUCGAGUGGGGACUGCAG	0
NM_005026.5:2401-2430	NM_005026.5	NM_005026.5.fasta	2401	2430	+	30	TGCAGTCCCCACTCGACCCCAGCACCCTGC	GCAGGGUGCUGGGGUCGAGUGGGGACUGCA	0
NM_005026.5:2402-2431	NM_005026.5	NM_005026.5.fasta	2402	2431	+	30	GCAGTCCCCACTCGACCCCAGCACCCTGCT	AGCAGGGUGCUGGGGUCGAGUGGGGACUGC	0
NM_005026.5:2403-2432	NM_005026.5	NM_005026.5.fasta	2403	2432	+	30	CAGTCCCCACTCGACCCCAGCACCCTGCTG	CAGCAGGGUGCUGGGGUCGAGUGGGGACUG	0
NM_005026.5:2404-2433	NM_005026.5	NM_005026.5.fasta	2404	2433	+	30	AGTCCCCACTCGACCCCAGCACCCTGCTGG	CCAGCAGGGUGCUGGGGUCGAGUGGGGACU	0
NM_005026.5:2405-2434	NM_005026.5	NM_005026.5.fasta	2405	2434	+	30	GTCCCCACTCGACCCCAGCACCCTGCTGGC	GCCAGCAGGGUGCUGGGGUCGAGUGGGGAC	0
NM_005026.5:2406-2435	NM_005026.5	NM_005026.5.fasta	2406	2435	+	30	TCCCCACTCGACCCCAGCACCCTGCTGGCT	AGCCAGCAGGGUGCUGGGGUCGAGUGGGGA	0
NM_005026.5:2407-2436	NM_005026.5	NM_005026.5.fasta	2407	2436	+	30	CCCCACTCGACCCCAGCACCCTGCTGGCTG	CAGCCAGCAGGGUGCUGGGGUCGAGUGGGG	0
NM_005026.5:2408-2437	NM_005026.5	NM_005026.5.fasta	2408	2437	+	30	CCCACTCGACCCCAGCACCCTGCTGGCTGA	UCAGCCAGCAGGGUGCUGGGGUCGAGUGGG	0
NM_005026.5:2409-2438	NM_005026.5	NM_005026.5.fasta	2409	2438	+	30	CCACTCGACCCCAGCACCCTGCTGGCTGAA	UUCAGCCAGCAGGGUGCUGGGGUCGAGUGG	0
NM_005026.5:2410-2439	NM_005026.5	NM_005026.5.fasta	2410	2439	+	30	CACTCGACCCCAGCACCCTGCTGGCTGAAG	CUUCAGCCAGCAGGGUGCUGGGGUCGAGUG	0
NM_005026.5:2411-2440	NM_005026.5	NM_005026.5.fasta	2411	2440	+	30	ACTCGACCCCAGCACCCTGCTGGCTGAAGT	ACUUCAGCCAGCAGGGUGCUGGGGUCGAGU	0
NM_005026.5:2412-2441	NM_005026.5	NM_005026.5.fasta	2412	2441	+	30	CTCGACCCCAGCACCCTGCTGGCTGAAGTC	GACUUCAGCCAGCAGGGUGCUGGGGUCGAG	0
NM_005026.5:2413-2442	NM_005026.5	NM_005026.5.fasta	2413	2442	+	30	TCGACCCCAGCACCCTGCTGGCTGAAGTCT	AGACUUCAGCCAGCAGGGUGCUGGGGUCGA	0
NM_005026.5:2414-2443	NM_005026.5	NM_005026.5.fasta	2414	2443	+	30	CGACCCCAGCACCCTGCTGGCTGAAGTCTG	CAGACUUCAGCCAGCAGGGUGCUGGGGUCG	0
NM_005026.5:2415-2444	NM_005026.5	NM_005026.5.fasta	2415	2444	+	30	GACCCCAGCACCCTGCTGGCTGAAGTCTGC	GCAGACUUCAGCCAGCAGGGUGCUGGGGUC	0
NM_005026.5:2416-2445	NM_005026.5	NM_005026.5.fasta	2416	2445	+	30	ACCCCAGCACCCTGCTGGCTGAAGTCTGCG	CGCAGACUUCAGCCAGCAGGGUGCUGGGGU	0
NM_005026.5:2417-2446	NM_005026.5	NM_005026.5.fasta	2417	2446	+	30	CCCCAGCACCCTGCTGGCTGAAGTCTGCGT	ACGCAGACUUCAGCCAGCAGGGUGCUGGGG	0
NM_005026.5:2418-2447	NM_005026.5	NM_005026.5.fasta	2418	2447	+	30	CCCAGCACCCTGCTGGCTGAAGTCTGCGTG	CACGCAGACUUCAGCCAGCAGGGUGCUGGG	0
NM_005026.5:2419-2448	NM_005026.5	NM_005026.5.fasta	2419	2448	+	30	CCAGCACCCTGCTGGCTGAAGTCTGCGTGG	CCACGCAGACUUCAGCCAGCAGGGUGCUGG	0
NM_005026.5:2420-2449	NM_005026.5	NM_005026.5.fasta	2420	2449	+	30	CAGCACCCTGCTGGCTGAAGTCTGCGTGGA	UCCACGCAGACUUCAGCCAGCAGGGUGCUG	0
NM_005026.5:2421-2450	NM_005026.5	NM_005026.5.fasta	2421	2450	+	30	AGCACCCTGCTGGCTGAAGTCTGCGTGGAG	CUCCACGCAGACUUCAGCCAGCAGGGUGCU	0
NM_005026.5:2422-2451	NM_005026.5	NM_005026.5.fasta	2422	2451	+	30	GCACCCTGCTGGCTGAAGTCTGCGTGGAGC	GCUCCACGCAGACUUCAGCCAGCAGGGUGC	0
NM_005026.5:2423-2452	NM_005026.5	NM_005026.5.fasta	2423	2452	+	30	CACCCTGCTGGCTGAAGTCTGCGTGGAGCA	UGCUCCACGCAGACUUCAGCCAGCAGGGUG	0
NM_005026.5:2424-2453	NM_005026.5	NM_005026.5.fasta	2424	2453	+	30	ACCCTGCTGGCTGAAGTCTGCGTGGAGCAG	CUGCUCCACGCAGACUUCAGCCAGCAGGGU	0
NM_005026.5:2425-2454	NM_005026.5	NM_005026.5.fasta	2425	2454	+	30	CCCTGCTGGCTGAAGTCTGCGTGGAGCAGT	ACUGCUCCACGCAGACUUCAGCCAGCAGGG	0
NM_005026.5:2426-2455	NM_005026.5	NM_005026.5.fasta	2426	2455	+	30	CCTGCTGGCTGAAGTCTGCGTGGAGCAGTG	CACUGCUCCACGCAGACUUCAGCCAGCAGG	0
NM_005026.5:2427-2456	NM_005026.5	NM_005026.5.fasta	2427	2456	+	30	CTGCTGGCTGAAGTCTGCGTGGAGCAGTGC	GCACUGCUCCACGCAGACUUCAGCCAGCAG	0
NM_005026.5:2428-2457	NM_005026.5	NM_005026.5.fasta	2428	2457	+	30	TGCTGGCTGAAGTCTGCGTGGAGCAGTGCA	UGCACUGCUCCACGCAGACUUCAGCCAGCA	0
NM_005026.5:2429-2458	NM_005026.5	NM_005026.5.fasta	2429	2458	+	30	GCTGGCTGAAGTCTGCGTGGAGCAGTGCAC	GUGCACUGCUCCACGCAGACUUCAGCCAGC	0
NM_005026.5:2430-2459	NM_005026.5	NM_005026.5.fasta	2430	2459	+	30	CTGGCTGAAGTCTGCGTGGAGCAGTGCACC	GGUGCACUGCUCCACGCAGACUUCAGCCAG	0
NM_005026.5:2431-2460	NM_005026.5	NM_005026.5.fasta	2431	2460	+	30	TGGCTGAAGTCTGCGTGGAGCAGTGCACCT	AGGUGCACUGCUCCACGCAGACUUCAGCCA	0
NM_005026.5:2432-2461	NM_005026.5	NM_005026.5.fasta	2432	2461	+	30	GGCTGAAGTCTGCGTGGAGCAGTGCACCTT	AAGGUGCACUGCUCCACGCAGACUUCAGCC	0
NM_005026.5:2433-2462	NM_005026.5	NM_005026.5.fasta	2433	2462	+	30	GCTGAAGTCTGCGTGGAGCAGTGCACCTTC	GAAGGUGCACUGCUCCACGCAGACUUCAGC	0
NM_005026.5:2434-2463	NM_005026.5	NM_005026.5.fasta	2434	2463	+	30	CTGAAGTCTGCGTGGAGCAGTGCACCTTCA	UGAAGGUGCACUGCUCCACGCAGACUUCAG	0
NM_005026.5:2435-2464	NM_005026.5	NM_005026.5.fasta	2435	2464	+	30	TGAAGTCTGCGTGGAGCAGTGCACCTTCAT	AUGAAGGUGCACUGCUCCACGCAGACUUCA	0
NM_005026.5:2436-2465	NM_005026.5	NM_005026.5.fasta	2436	2465	+	30	GAAGTCTGCGTGGAGCAGTGCACCTTCATG	CAUGAAGGUGCACUGCUCCACGCAGACUUC	0
NM_005026.5:2437-2466	NM_005026.5	NM_005026.5.fasta	2437	2466	+	30	AAGTCTGCGTGGAGCAGTGCACCTTCATGG	CCAUGAAGGUGCACUGCUCCACGCAGACUU	0
NM_005026.5:2438-2467	NM_005026.5	NM_005026.5.fasta	2438	2467	+	30	AGTCTGCGTGGAGCAGTGCACCTTCATGGA	UCCAUGAAGGUGCACUGCUCCACGCAGACU	0
NM_005026.5:2439-2468	NM_005026.5	NM_005026.5.fasta	2439	2468	+	30	GTCTGCGTGGAGCAGTGCACCTTCATGGAC	GUCCAUGAAGGUGCACUGCUCCACGCAGAC	0
NM_005026.5:2440-2469	NM_005026.5	NM_005026.5.fasta	2440	2469	+	30	TCTGCGTGGAGCAGTGCACCTTCATGGACT	AGUCCAUGAAGGUGCACUGCUCCACGCAGA	0
NM_005026.5:2441-2470	NM_005026.5	NM_005026.5.fasta	2441	2470	+	30	CTGCGTGGAGCAGTGCACCTTCATGGACTC	GAGUCCAUGAAGGUGCACUGCUCCACGCAG	0
NM_005026.5:2442-2471	NM_005026.5	NM_005026.5.fasta	2442	2471	+	30	TGCGTGGAGCAGTGCACCTTCATGGACTCC	GGAGUCCAUGAAGGUGCACUGCUCCACGCA	0
NM_005026.5:2443-2472	NM_005026.5	NM_005026.5.fasta	2443	2472	+	30	GCGTGGAGCAGTGCACCTTCATGGACTCCA	UGGAGUCCAUGAAGGUGCACUGCUCCACGC	0
NM_005026.5:2444-2473	NM_005026.5	NM_005026.5.fasta	2444	2473	+	30	CGTGGAGCAGTGCACCTTCATGGACTCCAA	UUGGAGUCCAUGAAGGUGCACUGCUCCACG	0
NM_005026.5:2445-2474	NM_005026.5	NM_005026.5.fasta	2445	2474	+	30	GTGGAGCAGTGCACCTTCATGGACTCCAAG	CUUGGAGUCCAUGAAGGUGCACUGCUCCAC	0
NM_005026.5:2446-2475	NM_005026.5	NM_005026.5.fasta	2446	2475	+	30	TGGAGCAGTGCACCTTCATGGACTCCAAGA	UCUUGGAGUCCAUGAAGGUGCACUGCUCCA	0
NM_005026.5:2447-2476	NM_005026.5	NM_005026.5.fasta	2447	2476	+	30	GGAGCAGTGCACCTTCATGGACTCCAAGAT	AUCUUGGAGUCCAUGAAGGUGCACUGCUCC	0
NM_005026.5:2448-2477	NM_005026.5	NM_005026.5.fasta	2448	2477	+	30	GAGCAGTGCACCTTCATGGACTCCAAGATG	CAUCUUGGAGUCCAUGAAGGUGCACUGCUC	0
NM_005026.5:2449-2478	NM_005026.5	NM_005026.5.fasta	2449	2478	+	30	AGCAGTGCACCTTCATGGACTCCAAGATGA	UCAUCUUGGAGUCCAUGAAGGUGCACUGCU	0
NM_005026.5:2450-2479	NM_005026.5	NM_005026.5.fasta	2450	2479	+	30	GCAGTGCACCTTCATGGACTCCAAGATGAA	UUCAUCUUGGAGUCCAUGAAGGUGCACUGC	0
NM_005026.5:2451-2480	NM_005026.5	NM_005026.5.fasta	2451	2480	+	30	CAGTGCACCTTCATGGACTCCAAGATGAAG	CUUCAUCUUGGAGUCCAUGAAGGUGCACUG	0
NM_005026.5:2452-2481	NM_005026.5	NM_005026.5.fasta	2452	2481	+	30	AGTGCACCTTCATGGACTCCAAGATGAAGC	GCUUCAUCUUGGAGUCCAUGAAGGUGCACU	0
NM_005026.5:2453-2482	NM_005026.5	NM_005026.5.fasta	2453	2482	+	30	GTGCACCTTCATGGACTCCAAGATGAAGCC	GGCUUCAUCUUGGAGUCCAUGAAGGUGCAC	0
NM_005026.5:2454-2483	NM_005026.5	NM_005026.5.fasta	2454	2483	+	30	TGCACCTTCATGGACTCCAAGATGAAGCCC	GGGCUUCAUCUUGGAGUCCAUGAAGGUGCA	0
NM_005026.5:2455-2484	NM_005026.5	NM_005026.5.fasta	2455	2484	+	30	GCACCTTCATGGACTCCAAGATGAAGCCCC	GGGGCUUCAUCUUGGAGUCCAUGAAGGUGC	0
NM_005026.5:2456-2485	NM_005026.5	NM_005026.5.fasta	2456	2485	+	30	CACCTTCATGGACTCCAAGATGAAGCCCCT	AGGGGCUUCAUCUUGGAGUCCAUGAAGGUG	0
NM_005026.5:2457-2486	NM_005026.5	NM_005026.5.fasta	2457	2486	+	30	ACCTTCATGGACTCCAAGATGAAGCCCCTG	CAGGGGCUUCAUCUUGGAGUCCAUGAAGGU	0
NM_005026.5:2458-2487	NM_005026.5	NM_005026.5.fasta	2458	2487	+	30	CCTTCATGGACTCCAAGATGAAGCCCCTGT	ACAGGGGCUUCAUCUUGGAGUCCAUGAAGG	0
NM_005026.5:2459-2488	NM_005026.5	NM_005026.5.fasta	2459	2488	+	30	CTTCATGGACTCCAAGATGAAGCCCCTGTG	CACAGGGGCUUCAUCUUGGAGUCCAUGAAG	0
NM_005026.5:2460-2489	NM_005026.5	NM_005026.5.fasta	2460	2489	+	30	TTCATGGACTCCAAGATGAAGCCCCTGTGG	CCACAGGGGCUUCAUCUUGGAGUCCAUGAA	0
NM_005026.5:2461-2490	NM_005026.5	NM_005026.5.fasta	2461	2490	+	30	TCATGGACTCCAAGATGAAGCCCCTGTGGA	UCCACAGGGGCUUCAUCUUGGAGUCCAUGA	0
NM_005026.5:2462-2491	NM_005026.5	NM_005026.5.fasta	2462	2491	+	30	CATGGACTCCAAGATGAAGCCCCTGTGGAT	AUCCACAGGGGCUUCAUCUUGGAGUCCAUG	0
NM_005026.5:2463-2492	NM_005026.5	NM_005026.5.fasta	2463	2492	+	30	ATGGACTCCAAGATGAAGCCCCTGTGGATC	GAUCCACAGGGGCUUCAUCUUGGAGUCCAU	0
NM_005026.5:2464-2493	NM_005026.5	NM_005026.5.fasta	2464	2493	+	30	TGGACTCCAAGATGAAGCCCCTGTGGATCA	UGAUCCACAGGGGCUUCAUCUUGGAGUCCA	0
NM_005026.5:2465-2494	NM_005026.5	NM_005026.5.fasta	2465	2494	+	30	GGACTCCAAGATGAAGCCCCTGTGGATCAT	AUGAUCCACAGGGGCUUCAUCUUGGAGUCC	0
NM_005026.5:2466-2495	NM_005026.5	NM_005026.5.fasta	2466	2495	+	30	GACTCCAAGATGAAGCCCCTGTGGATCATG	CAUGAUCCACAGGGGCUUCAUCUUGGAGUC	0
NM_005026.5:2467-2496	NM_005026.5	NM_005026.5.fasta	2467	2496	+	30	ACTCCAAGATGAAGCCCCTGTGGATCATGT	ACAUGAUCCACAGGGGCUUCAUCUUGGAGU	0
NM_005026.5:2468-2497	NM_005026.5	NM_005026.5.fasta	2468	2497	+	30	CTCCAAGATGAAGCCCCTGTGGATCATGTA	UACAUGAUCCACAGGGGCUUCAUCUUGGAG	0
NM_005026.5:2469-2498	NM_005026.5	NM_005026.5.fasta	2469	2498	+	30	TCCAAGATGAAGCCCCTGTGGATCATGTAC	GUACAUGAUCCACAGGGGCUUCAUCUUGGA	0
NM_005026.5:2470-2499	NM_005026.5	NM_005026.5.fasta	2470	2499	+	30	CCAAGATGAAGCCCCTGTGGATCATGTACA	UGUACAUGAUCCACAGGGGCUUCAUCUUGG	0
NM_005026.5:2471-2500	NM_005026.5	NM_005026.5.fasta	2471	2500	+	30	CAAGATGAAGCCCCTGTGGATCATGTACAG	CUGUACAUGAUCCACAGGGGCUUCAUCUUG	0
NM_005026.5:2472-2501	NM_005026.5	NM_005026.5.fasta	2472	2501	+	30	AAGATGAAGCCCCTGTGGATCATGTACAGC	GCUGUACAUGAUCCACAGGGGCUUCAUCUU	0
NM_005026.5:2473-2502	NM_005026.5	NM_005026.5.fasta	2473	2502	+	30	AGATGAAGCCCCTGTGGATCATGTACAGCA	UGCUGUACAUGAUCCACAGGGGCUUCAUCU	0
NM_005026.5:2474-2503	NM_005026.5	NM_005026.5.fasta	2474	2503	+	30	GATGAAGCCCCTGTGGATCATGTACAGCAA	UUGCUGUACAUGAUCCACAGGGGCUUCAUC	0
NM_005026.5:2475-2504	NM_005026.5	NM_005026.5.fasta	2475	2504	+	30	ATGAAGCCCCTGTGGATCATGTACAGCAAC	GUUGCUGUACAUGAUCCACAGGGGCUUCAU	0
NM_005026.5:2476-2505	NM_005026.5	NM_005026.5.fasta	2476	2505	+	30	TGAAGCCCCTGTGGATCATGTACAGCAACG	CGUUGCUGUACAUGAUCCACAGGGGCUUCA	0
NM_005026.5:2477-2506	NM_005026.5	NM_005026.5.fasta	2477	2506	+	30	GAAGCCCCTGTGGATCATGTACAGCAACGA	UCGUUGCUGUACAUGAUCCACAGGGGCUUC	0
NM_005026.5:2478-2507	NM_005026.5	NM_005026.5.fasta	2478	2507	+	30	AAGCCCCTGTGGATCATGTACAGCAACGAG	CUCGUUGCUGUACAUGAUCCACAGGGGCUU	0
NM_005026.5:2479-2508	NM_005026.5	NM_005026.5.fasta	2479	2508	+	30	AGCCCCTGTGGATCATGTACAGCAACGAGG	CCUCGUUGCUGUACAUGAUCCACAGGGGCU	0
NM_005026.5:2480-2509	NM_005026.5	NM_005026.5.fasta	2480	2509	+	30	GCCCCTGTGGATCATGTACAGCAACGAGGA	UCCUCGUUGCUGUACAUGAUCCACAGGGGC	0
NM_005026.5:2481-2510	NM_005026.5	NM_005026.5.fasta	2481	2510	+	30	CCCCTGTGGATCATGTACAGCAACGAGGAG	CUCCUCGUUGCUGUACAUGAUCCACAGGGG	0
NM_005026.5:2482-2511	NM_005026.5	NM_005026.5.fasta	2482	2511	+	30	CCCTGTGGATCATGTACAGCAACGAGGAGG	CCUCCUCGUUGCUGUACAUGAUCCACAGGG	0
NM_005026.5:2483-2512	NM_005026.5	NM_005026.5.fasta	2483	2512	+	30	CCTGTGGATCATGTACAGCAACGAGGAGGC	GCCUCCUCGUUGCUGUACAUGAUCCACAGG	0
NM_005026.5:2484-2513	NM_005026.5	NM_005026.5.fasta	2484	2513	+	30	CTGTGGATCATGTACAGCAACGAGGAGGCA	UGCCUCCUCGUUGCUGUACAUGAUCCACAG	0
NM_005026.5:2485-2514	NM_005026.5	NM_005026.5.fasta	2485	2514	+	30	TGTGGATCATGTACAGCAACGAGGAGGCAG	CUGCCUCCUCGUUGCUGUACAUGAUCCACA	0
NM_005026.5:2486-2515	NM_005026.5	NM_005026.5.fasta	2486	2515	+	30	GTGGATCATGTACAGCAACGAGGAGGCAGG	CCUGCCUCCUCGUUGCUGUACAUGAUCCAC	0
NM_005026.5:2487-2516	NM_005026.5	NM_005026.5.fasta	2487	2516	+	30	TGGATCATGTACAGCAACGAGGAGGCAGGC	GCCUGCCUCCUCGUUGCUGUACAUGAUCCA	0
NM_005026.5:2488-2517	NM_005026.5	NM_005026.5.fasta	2488	2517	+	30	GGATCATGTACAGCAACGAGGAGGCAGGCA	UGCCUGCCUCCUCGUUGCUGUACAUGAUCC	0
NM_005026.5:2489-2518	NM_005026.5	NM_005026.5.fasta	2489	2518	+	30	GATCATGTACAGCAACGAGGAGGCAGGCAG	CUGCCUGCCUCCUCGUUGCUGUACAUGAUC	0
NM_005026.5:2490-2519	NM_005026.5	NM_005026.5.fasta	2490	2519	+	30	ATCATGTACAGCAACGAGGAGGCAGGCAGC	GCUGCCUGCCUCCUCGUUGCUGUACAUGAU	0
NM_005026.5:2491-2520	NM_005026.5	NM_005026.5.fasta	2491	2520	+	30	TCATGTACAGCAACGAGGAGGCAGGCAGCG	CGCUGCCUGCCUCCUCGUUGCUGUACAUGA	0
NM_005026.5:2492-2521	NM_005026.5	NM_005026.5.fasta	2492	2521	+	30	CATGTACAGCAACGAGGAGGCAGGCAGCGG	CCGCUGCCUGCCUCCUCGUUGCUGUACAUG	0
NM_005026.5:2493-2522	NM_005026.5	NM_005026.5.fasta	2493	2522	+	30	ATGTACAGCAACGAGGAGGCAGGCAGCGGC	GCCGCUGCCUGCCUCCUCGUUGCUGUACAU	0
NM_005026.5:2494-2523	NM_005026.5	NM_005026.5.fasta	2494	2523	+	30	TGTACAGCAACGAGGAGGCAGGCAGCGGCG	CGCCGCUGCCUGCCUCCUCGUUGCUGUACA	0
NM_005026.5:2495-2524	NM_005026.5	NM_005026.5.fasta	2495	2524	+	30	GTACAGCAACGAGGAGGCAGGCAGCGGCGG	CCGCCGCUGCCUGCCUCCUCGUUGCUGUAC	0
NM_005026.5:2496-2525	NM_005026.5	NM_005026.5.fasta	2496	2525	+	30	TACAGCAACGAGGAGGCAGGCAGCGGCGGC	GCCGCCGCUGCCUGCCUCCUCGUUGCUGUA	0
NM_005026.5:2497-2526	NM_005026.5	NM_005026.5.fasta	2497	2526	+	30	ACAGCAACGAGGAGGCAGGCAGCGGCGGCA	UGCCGCCGCUGCCUGCCUCCUCGUUGCUGU	0
NM_005026.5:2498-2527	NM_005026.5	NM_005026.5.fasta	2498	2527	+	30	CAGCAACGAGGAGGCAGGCAGCGGCGGCAG	CUGCCGCCGCUGCCUGCCUCCUCGUUGCUG	0
NM_005026.5:2499-2528	NM_005026.5	NM_005026.5.fasta	2499	2528	+	30	AGCAACGAGGAGGCAGGCAGCGGCGGCAGC	GCUGCCGCCGCUGCCUGCCUCCUCGUUGCU	0
NM_005026.5:2500-2529	NM_005026.5	NM_005026.5.fasta	2500	2529	+	30	GCAACGAGGAGGCAGGCAGCGGCGGCAGCG	CGCUGCCGCCGCUGCCUGCCUCCUCGUUGC	0
NM_005026.5:2501-2530	NM_005026.5	NM_005026.5.fasta	2501	2530	+	30	CAACGAGGAGGCAGGCAGCGGCGGCAGCGT	ACGCUGCCGCCGCUGCCUGCCUCCUCGUUG	0
NM_005026.5:2502-2531	NM_005026.5	NM_005026.5.fasta	2502	2531	+	30	AACGAGGAGGCAGGCAGCGGCGGCAGCGTG	CACGCUGCCGCCGCUGCCUGCCUCCUCGUU	0
NM_005026.5:2503-2532	NM_005026.5	NM_005026.5.fasta	2503	2532	+	30	ACGAGGAGGCAGGCAGCGGCGGCAGCGTGG	CCACGCUGCCGCCGCUGCCUGCCUCCUCGU	0
NM_005026.5:2504-2533	NM_005026.5	NM_005026.5.fasta	2504	2533	+	30	CGAGGAGGCAGGCAGCGGCGGCAGCGTGGG	CCCACGCUGCCGCCGCUGCCUGCCUCCUCG	0
NM_005026.5:2505-2534	NM_005026.5	NM_005026.5.fasta	2505	2534	+	30	GAGGAGGCAGGCAGCGGCGGCAGCGTGGGC	GCCCACGCUGCCGCCGCUGCCUGCCUCCUC	0
NM_005026.5:2506-2535	NM_005026.5	NM_005026.5.fasta	2506	2535	+	30	AGGAGGCAGGCAGCGGCGGCAGCGTGGGCA	UGCCCACGCUGCCGCCGCUGCCUGCCUCCU	0
NM_005026.5:2507-2536	NM_005026.5	NM_005026.5.fasta	2507	2536	+	30	GGAGGCAGGCAGCGGCGGCAGCGTGGGCAT	AUGCCCACGCUGCCGCCGCUGCCUGCCUCC	0
NM_005026.5:2508-2537	NM_005026.5	NM_005026.5.fasta	2508	2537	+	30	GAGGCAGGCAGCGGCGGCAGCGTGGGCATC	GAUGCCCACGCUGCCGCCGCUGCCUGCCUC	0
NM_005026.5:2509-2538	NM_005026.5	NM_005026.5.fasta	2509	2538	+	30	AGGCAGGCAGCGGCGGCAGCGTGGGCATCA	UGAUGCCCACGCUGCCGCCGCUGCCUGCCU	0
NM_005026.5:2510-2539	NM_005026.5	NM_005026.5.fasta	2510	2539	+	30	GGCAGGCAGCGGCGGCAGCGTGGGCATCAT	AUGAUGCCCACGCUGCCGCCGCUGCCUGCC	0
NM_005026.5:2511-2540	NM_005026.5	NM_005026.5.fasta	2511	2540	+	30	GCAGGCAGCGGCGGCAGCGTGGGCATCATC	GAUGAUGCCCACGCUGCCGCCGCUGCCUGC	0
NM_005026.5:2512-2541	NM_005026.5	NM_005026.5.fasta	2512	2541	+	30	CAGGCAGCGGCGGCAGCGTGGGCATCATCT	AGAUGAUGCCCACGCUGCCGCCGCUGCCUG	0
NM_005026.5:2513-2542	NM_005026.5	NM_005026.5.fasta	2513	2542	+	30	AGGCAGCGGCGGCAGCGTGGGCATCATCTT	AAGAUGAUGCCCACGCUGCCGCCGCUGCCU	0
NM_005026.5:2514-2543	NM_005026.5	NM_005026.5.fasta	2514	2543	+	30	GGCAGCGGCGGCAGCGTGGGCATCATCTTT	AAAGAUGAUGCCCACGCUGCCGCCGCUGCC	0
NM_005026.5:2515-2544	NM_005026.5	NM_005026.5.fasta	2515	2544	+	30	GCAGCGGCGGCAGCGTGGGCATCATCTTTA	UAAAGAUGAUGCCCACGCUGCCGCCGCUGC	0
NM_005026.5:2516-2545	NM_005026.5	NM_005026.5.fasta	2516	2545	+	30	CAGCGGCGGCAGCGTGGGCATCATCTTTAA	UUAAAGAUGAUGCCCACGCUGCCGCCGCUG	0
NM_005026.5:2517-2546	NM_005026.5	NM_005026.5.fasta	2517	2546	+	30	AGCGGCGGCAGCGTGGGCATCATCTTTAAG	CUUAAAGAUGAUGCCCACGCUGCCGCCGCU	0
NM_005026.5:2518-2547	NM_005026.5	NM_005026.5.fasta	2518	2547	+	30	GCGGCGGCAGCGTGGGCATCATCTTTAAGA	UCUUAAAGAUGAUGCCCACGCUGCCGCCGC	0
NM_005026.5:2519-2548	NM_005026.5	NM_005026.5.fasta	2519	2548	+	30	CGGCGGCAGCGTGGGCATCATCTTTAAGAA	UUCUUAAAGAUGAUGCCCACGCUGCCGCCG	0
NM_005026.5:2520-2549	NM_005026.5	NM_005026.5.fasta	2520	2549	+	30	GGCGGCAGCGTGGGCATCATCTTTAAGAAC	GUUCUUAAAGAUGAUGCCCACGCUGCCGCC	0
NM_005026.5:2521-2550	NM_005026.5	NM_005026.5.fasta	2521	2550	+	30	GCGGCAGCGTGGGCATCATCTTTAAGAACG	CGUUCUUAAAGAUGAUGCCCACGCUGCCGC	0
NM_005026.5:2522-2551	NM_005026.5	NM_005026.5.fasta	2522	2551	+	30	CGGCAGCGTGGGCATCATCTTTAAGAACGG	CCGUUCUUAAAGAUGAUGCCCACGCUGCCG	0
NM_005026.5:2523-2552	NM_005026.5	NM_005026.5.fasta	2523	2552	+	30	GGCAGCGTGGGCATCATCTTTAAGAACGGG	CCCGUUCUUAAAGAUGAUGCCCACGCUGCC	0
NM_005026.5:2524-2553	NM_005026.5	NM_005026.5.fasta	2524	2553	+	30	GCAGCGTGGGCATCATCTTTAAGAACGGGG	CCCCGUUCUUAAAGAUGAUGCCCACGCUGC	0
NM_005026.5:2525-2554	NM_005026.5	NM_005026.5.fasta	2525	2554	+	30	CAGCGTGGGCATCATCTTTAAGAACGGGGA	UCCCCGUUCUUAAAGAUGAUGCCCACGCUG	0
NM_005026.5:2526-2555	NM_005026.5	NM_005026.5.fasta	2526	2555	+	30	AGCGTGGGCATCATCTTTAAGAACGGGGAT	AUCCCCGUUCUUAAAGAUGAUGCCCACGCU	0
NM_005026.5:2527-2556	NM_005026.5	NM_005026.5.fasta	2527	2556	+	30	GCGTGGGCATCATCTTTAAGAACGGGGATG	CAUCCCCGUUCUUAAAGAUGAUGCCCACGC	0
NM_005026.5:2528-2557	NM_005026.5	NM_005026.5.fasta	2528	2557	+	30	CGTGGGCATCATCTTTAAGAACGGGGATGA	UCAUCCCCGUUCUUAAAGAUGAUGCCCACG	0
NM_005026.5:2529-2558	NM_005026.5	NM_005026.5.fasta	2529	2558	+	30	GTGGGCATCATCTTTAAGAACGGGGATGAC	GUCAUCCCCGUUCUUAAAGAUGAUGCCCAC	0
NM_005026.5:2530-2559	NM_005026.5	NM_005026.5.fasta	2530	2559	+	30	TGGGCATCATCTTTAAGAACGGGGATGACC	GGUCAUCCCCGUUCUUAAAGAUGAUGCCCA	0
NM_005026.5:2531-2560	NM_005026.5	NM_005026.5.fasta	2531	2560	+	30	GGGCATCATCTTTAAGAACGGGGATGACCT	AGGUCAUCCCCGUUCUUAAAGAUGAUGCCC	0
NM_005026.5:2532-2561	NM_005026.5	NM_005026.5.fasta	2532	2561	+	30	GGCATCATCTTTAAGAACGGGGATGACCTC	GAGGUCAUCCCCGUUCUUAAAGAUGAUGCC	0
NM_005026.5:2533-2562	NM_005026.5	NM_005026.5.fasta	2533	2562	+	30	GCATCATCTTTAAGAACGGGGATGACCTCC	GGAGGUCAUCCCCGUUCUUAAAGAUGAUGC	0
NM_005026.5:2534-2563	NM_005026.5	NM_005026.5.fasta	2534	2563	+	30	CATCATCTTTAAGAACGGGGATGACCTCCG	CGGAGGUCAUCCCCGUUCUUAAAGAUGAUG	0
NM_005026.5:2535-2564	NM_005026.5	NM_005026.5.fasta	2535	2564	+	30	ATCATCTTTAAGAACGGGGATGACCTCCGG	CCGGAGGUCAUCCCCGUUCUUAAAGAUGAU	0
NM_005026.5:2536-2565	NM_005026.5	NM_005026.5.fasta	2536	2565	+	30	TCATCTTTAAGAACGGGGATGACCTCCGGC	GCCGGAGGUCAUCCCCGUUCUUAAAGAUGA	0
NM_005026.5:2537-2566	NM_005026.5	NM_005026.5.fasta	2537	2566	+	30	CATCTTTAAGAACGGGGATGACCTCCGGCA	UGCCGGAGGUCAUCCCCGUUCUUAAAGAUG	0
NM_005026.5:2538-2567	NM_005026.5	NM_005026.5.fasta	2538	2567	+	30	ATCTTTAAGAACGGGGATGACCTCCGGCAG	CUGCCGGAGGUCAUCCCCGUUCUUAAAGAU	0
NM_005026.5:2539-2568	NM_005026.5	NM_005026.5.fasta	2539	2568	+	30	TCTTTAAGAACGGGGATGACCTCCGGCAGG	CCUGCCGGAGGUCAUCCCCGUUCUUAAAGA	0
NM_005026.5:2540-2569	NM_005026.5	NM_005026.5.fasta	2540	2569	+	30	CTTTAAGAACGGGGATGACCTCCGGCAGGA	UCCUGCCGGAGGUCAUCCCCGUUCUUAAAG	0
NM_005026.5:2541-2570	NM_005026.5	NM_005026.5.fasta	2541	2570	+	30	TTTAAGAACGGGGATGACCTCCGGCAGGAC	GUCCUGCCGGAGGUCAUCCCCGUUCUUAAA	0
NM_005026.5:2542-2571	NM_005026.5	NM_005026.5.fasta	2542	2571	+	30	TTAAGAACGGGGATGACCTCCGGCAGGACA	UGUCCUGCCGGAGGUCAUCCCCGUUCUUAA	0
NM_005026.5:2543-2572	NM_005026.5	NM_005026.5.fasta	2543	2572	+	30	TAAGAACGGGGATGACCTCCGGCAGGACAT	AUGUCCUGCCGGAGGUCAUCCCCGUUCUUA	0
NM_005026.5:2544-2573	NM_005026.5	NM_005026.5.fasta	2544	2573	+	30	AAGAACGGGGATGACCTCCGGCAGGACATG	CAUGUCCUGCCGGAGGUCAUCCCCGUUCUU	0
NM_005026.5:2545-2574	NM_005026.5	NM_005026.5.fasta	2545	2574	+	30	AGAACGGGGATGACCTCCGGCAGGACATGC	GCAUGUCCUGCCGGAGGUCAUCCCCGUUCU	0
NM_005026.5:2546-2575	NM_005026.5	NM_005026.5.fasta	2546	2575	+	30	GAACGGGGATGACCTCCGGCAGGACATGCT	AGCAUGUCCUGCCGGAGGUCAUCCCCGUUC	0
NM_005026.5:2547-2576	NM_005026.5	NM_005026.5.fasta	2547	2576	+	30	AACGGGGATGACCTCCGGCAGGACATGCTG	CAGCAUGUCCUGCCGGAGGUCAUCCCCGUU	0
NM_005026.5:2548-2577	NM_005026.5	NM_005026.5.fasta	2548	2577	+	30	ACGGGGATGACCTCCGGCAGGACATGCTGA	UCAGCAUGUCCUGCCGGAGGUCAUCCCCGU	0
NM_005026.5:2549-2578	NM_005026.5	NM_005026.5.fasta	2549	2578	+	30	CGGGGATGACCTCCGGCAGGACATGCTGAC	GUCAGCAUGUCCUGCCGGAGGUCAUCCCCG	0
NM_005026.5:2550-2579	NM_005026.5	NM_005026.5.fasta	2550	2579	+	30	GGGGATGACCTCCGGCAGGACATGCTGACC	GGUCAGCAUGUCCUGCCGGAGGUCAUCCCC	0
NM_005026.5:2551-2580	NM_005026.5	NM_005026.5.fasta	2551	2580	+	30	GGGATGACCTCCGGCAGGACATGCTGACCC	GGGUCAGCAUGUCCUGCCGGAGGUCAUCCC	0
NM_005026.5:2552-2581	NM_005026.5	NM_005026.5.fasta	2552	2581	+	30	GGATGACCTCCGGCAGGACATGCTGACCCT	AGGGUCAGCAUGUCCUGCCGGAGGUCAUCC	0
NM_005026.5:2553-2582	NM_005026.5	NM_005026.5.fasta	2553	2582	+	30	GATGACCTCCGGCAGGACATGCTGACCCTG	CAGGGUCAGCAUGUCCUGCCGGAGGUCAUC	0
NM_005026.5:2554-2583	NM_005026.5	NM_005026.5.fasta	2554	2583	+	30	ATGACCTCCGGCAGGACATGCTGACCCTGC	GCAGGGUCAGCAUGUCCUGCCGGAGGUCAU	0
NM_005026.5:2555-2584	NM_005026.5	NM_005026.5.fasta	2555	2584	+	30	TGACCTCCGGCAGGACATGCTGACCCTGCA	UGCAGGGUCAGCAUGUCCUGCCGGAGGUCA	0
NM_005026.5:2556-2585	NM_005026.5	NM_005026.5.fasta	2556	2585	+	30	GACCTCCGGCAGGACATGCTGACCCTGCAG	CUGCAGGGUCAGCAUGUCCUGCCGGAGGUC	0
NM_005026.5:2557-2586	NM_005026.5	NM_005026.5.fasta	2557	2586	+	30	ACCTCCGGCAGGACATGCTGACCCTGCAGA	UCUGCAGGGUCAGCAUGUCCUGCCGGAGGU	0
NM_005026.5:2558-2587	NM_005026.5	NM_005026.5.fasta	2558	2587	+	30	CCTCCGGCAGGACATGCTGACCCTGCAGAT	AUCUGCAGGGUCAGCAUGUCCUGCCGGAGG	0
NM_005026.5:2559-2588	NM_005026.5	NM_005026.5.fasta	2559	2588	+	30	CTCCGGCAGGACATGCTGACCCTGCAGATG	CAUCUGCAGGGUCAGCAUGUCCUGCCGGAG	0
NM_005026.5:2560-2589	NM_005026.5	NM_005026.5.fasta	2560	2589	+	30	TCCGGCAGGACATGCTGACCCTGCAGATGA	UCAUCUGCAGGGUCAGCAUGUCCUGCCGGA	0
NM_005026.5:2561-2590	NM_005026.5	NM_005026.5.fasta	2561	2590	+	30	CCGGCAGGACATGCTGACCCTGCAGATGAT	AUCAUCUGCAGGGUCAGCAUGUCCUGCCGG	0
NM_005026.5:2562-2591	NM_005026.5	NM_005026.5.fasta	2562	2591	+	30	CGGCAGGACATGCTGACCCTGCAGATGATC	GAUCAUCUGCAGGGUCAGCAUGUCCUGCCG	0
NM_005026.5:2563-2592	NM_005026.5	NM_005026.5.fasta	2563	2592	+	30	GGCAGGACATGCTGACCCTGCAGATGATCC	GGAUCAUCUGCAGGGUCAGCAUGUCCUGCC	0
NM_005026.5:2564-2593	NM_005026.5	NM_005026.5.fasta	2564	2593	+	30	GCAGGACATGCTGACCCTGCAGATGATCCA	UGGAUCAUCUGCAGGGUCAGCAUGUCCUGC	0
NM_005026.5:2565-2594	NM_005026.5	NM_005026.5.fasta	2565	2594	+	30	CAGGACATGCTGACCCTGCAGATGATCCAG	CUGGAUCAUCUGCAGGGUCAGCAUGUCCUG	0
NM_005026.5:2566-2595	NM_005026.5	NM_005026.5.fasta	2566	2595	+	30	AGGACATGCTGACCCTGCAGATGATCCAGC	GCUGGAUCAUCUGCAGGGUCAGCAUGUCCU	0
NM_005026.5:2567-2596	NM_005026.5	NM_005026.5.fasta	2567	2596	+	30	GGACATGCTGACCCTGCAGATGATCCAGCT	AGCUGGAUCAUCUGCAGGGUCAGCAUGUCC	0
NM_005026.5:2568-2597	NM_005026.5	NM_005026.5.fasta	2568	2597	+	30	GACATGCTGACCCTGCAGATGATCCAGCTC	GAGCUGGAUCAUCUGCAGGGUCAGCAUGUC	0
NM_005026.5:2569-2598	NM_005026.5	NM_005026.5.fasta	2569	2598	+	30	ACATGCTGACCCTGCAGATGATCCAGCTCA	UGAGCUGGAUCAUCUGCAGGGUCAGCAUGU	0
NM_005026.5:2570-2599	NM_005026.5	NM_005026.5.fasta	2570	2599	+	30	CATGCTGACCCTGCAGATGATCCAGCTCAT	AUGAGCUGGAUCAUCUGCAGGGUCAGCAUG	0
NM_005026.5:2571-2600	NM_005026.5	NM_005026.5.fasta	2571	2600	+	30	ATGCTGACCCTGCAGATGATCCAGCTCATG	CAUGAGCUGGAUCAUCUGCAGGGUCAGCAU	0
NM_005026.5:2572-2601	NM_005026.5	NM_005026.5.fasta	2572	2601	+	30	TGCTGACCCTGCAGATGATCCAGCTCATGG	CCAUGAGCUGGAUCAUCUGCAGGGUCAGCA	0
NM_005026.5:2573-2602	NM_005026.5	NM_005026.5.fasta	2573	2602	+	30	GCTGACCCTGCAGATGATCCAGCTCATGGA	UCCAUGAGCUGGAUCAUCUGCAGGGUCAGC	0
NM_005026.5:2574-2603	NM_005026.5	NM_005026.5.fasta	2574	2603	+	30	CTGACCCTGCAGATGATCCAGCTCATGGAC	GUCCAUGAGCUGGAUCAUCUGCAGGGUCAG	0
NM_005026.5:2575-2604	NM_005026.5	NM_005026.5.fasta	2575	2604	+	30	TGACCCTGCAGATGATCCAGCTCATGGACG	CGUCCAUGAGCUGGAUCAUCUGCAGGGUCA	0
NM_005026.5:2576-2605	NM_005026.5	NM_005026.5.fasta	2576	2605	+	30	GACCCTGCAGATGATCCAGCTCATGGACGT	ACGUCCAUGAGCUGGAUCAUCUGCAGGGUC	0
NM_005026.5:2577-2606	NM_005026.5	NM_005026.5.fasta	2577	2606	+	30	ACCCTGCAGATGATCCAGCTCATGGACGTC	GACGUCCAUGAGCUGGAUCAUCUGCAGGGU	0
NM_005026.5:2578-2607	NM_005026.5	NM_005026.5.fasta	2578	2607	+	30	CCCTGCAGATGATCCAGCTCATGGACGTCC	GGACGUCCAUGAGCUGGAUCAUCUGCAGGG	0
NM_005026.5:2579-2608	NM_005026.5	NM_005026.5.fasta	2579	2608	+	30	CCTGCAGATGATCCAGCTCATGGACGTCCT	AGGACGUCCAUGAGCUGGAUCAUCUGCAGG	0
NM_005026.5:2580-2609	NM_005026.5	NM_005026.5.fasta	2580	2609	+	30	CTGCAGATGATCCAGCTCATGGACGTCCTG	CAGGACGUCCAUGAGCUGGAUCAUCUGCAG	0
NM_005026.5:2581-2610	NM_005026.5	NM_005026.5.fasta	2581	2610	+	30	TGCAGATGATCCAGCTCATGGACGTCCTGT	ACAGGACGUCCAUGAGCUGGAUCAUCUGCA	0
NM_005026.5:2582-2611	NM_005026.5	NM_005026.5.fasta	2582	2611	+	30	GCAGATGATCCAGCTCATGGACGTCCTGTG	CACAGGACGUCCAUGAGCUGGAUCAUCUGC	0
NM_005026.5:2583-2612	NM_005026.5	NM_005026.5.fasta	2583	2612	+	30	CAGATGATCCAGCTCATGGACGTCCTGTGG	CCACAGGACGUCCAUGAGCUGGAUCAUCUG	0
NM_005026.5:2584-2613	NM_005026.5	NM_005026.5.fasta	2584	2613	+	30	AGATGATCCAGCTCATGGACGTCCTGTGGA	UCCACAGGACGUCCAUGAGCUGGAUCAUCU	0
NM_005026.5:2585-2614	NM_005026.5	NM_005026.5.fasta	2585	2614	+	30	GATGATCCAGCTCATGGACGTCCTGTGGAA	UUCCACAGGACGUCCAUGAGCUGGAUCAUC	0
NM_005026.5:2586-2615	NM_005026.5	NM_005026.5.fasta	2586	2615	+	30	ATGATCCAGCTCATGGACGTCCTGTGGAAG	CUUCCACAGGACGUCCAUGAGCUGGAUCAU	0
NM_005026.5:2587-2616	NM_005026.5	NM_005026.5.fasta	2587	2616	+	30	TGATCCAGCTCATGGACGTCCTGTGGAAGC	GCUUCCACAGGACGUCCAUGAGCUGGAUCA	0
NM_005026.5:2588-2617	NM_005026.5	NM_005026.5.fasta	2588	2617	+	30	GATCCAGCTCATGGACGTCCTGTGGAAGCA	UGCUUCCACAGGACGUCCAUGAGCUGGAUC	0
NM_005026.5:2589-2618	NM_005026.5	NM_005026.5.fasta	2589	2618	+	30	ATCCAGCTCATGGACGTCCTGTGGAAGCAG	CUGCUUCCACAGGACGUCCAUGAGCUGGAU	0
NM_005026.5:2590-2619	NM_005026.5	NM_005026.5.fasta	2590	2619	+	30	TCCAGCTCATGGACGTCCTGTGGAAGCAGG	CCUGCUUCCACAGGACGUCCAUGAGCUGGA	0
NM_005026.5:2591-2620	NM_005026.5	NM_005026.5.fasta	2591	2620	+	30	CCAGCTCATGGACGTCCTGTGGAAGCAGGA	UCCUGCUUCCACAGGACGUCCAUGAGCUGG	0
NM_005026.5:2592-2621	NM_005026.5	NM_005026.5.fasta	2592	2621	+	30	CAGCTCATGGACGTCCTGTGGAAGCAGGAG	CUCCUGCUUCCACAGGACGUCCAUGAGCUG	0
NM_005026.5:2593-2622	NM_005026.5	NM_005026.5.fasta	2593	2622	+	30	AGCTCATGGACGTCCTGTGGAAGCAGGAGG	CCUCCUGCUUCCACAGGACGUCCAUGAGCU	0
NM_005026.5:2594-2623	NM_005026.5	NM_005026.5.fasta	2594	2623	+	30	GCTCATGGACGTCCTGTGGAAGCAGGAGGG	CCCUCCUGCUUCCACAGGACGUCCAUGAGC	0
NM_005026.5:2595-2624	NM_005026.5	NM_005026.5.fasta	2595	2624	+	30	CTCATGGACGTCCTGTGGAAGCAGGAGGGG	CCCCUCCUGCUUCCACAGGACGUCCAUGAG	0
NM_005026.5:2596-2625	NM_005026.5	NM_005026.5.fasta	2596	2625	+	30	TCATGGACGTCCTGTGGAAGCAGGAGGGGC	GCCCCUCCUGCUUCCACAGGACGUCCAUGA	0
NM_005026.5:2597-2626	NM_005026.5	NM_005026.5.fasta	2597	2626	+	30	CATGGACGTCCTGTGGAAGCAGGAGGGGCT	AGCCCCUCCUGCUUCCACAGGACGUCCAUG	0
NM_005026.5:2598-2627	NM_005026.5	NM_005026.5.fasta	2598	2627	+	30	ATGGACGTCCTGTGGAAGCAGGAGGGGCTG	CAGCCCCUCCUGCUUCCACAGGACGUCCAU	0
NM_005026.5:2599-2628	NM_005026.5	NM_005026.5.fasta	2599	2628	+	30	TGGACGTCCTGTGGAAGCAGGAGGGGCTGG	CCAGCCCCUCCUGCUUCCACAGGACGUCCA	0
NM_005026.5:2600-2629	NM_005026.5	NM_005026.5.fasta	2600	2629	+	30	GGACGTCCTGTGGAAGCAGGAGGGGCTGGA	UCCAGCCCCUCCUGCUUCCACAGGACGUCC	0
NM_005026.5:2601-2630	NM_005026.5	NM_005026.5.fasta	2601	2630	+	30	GACGTCCTGTGGAAGCAGGAGGGGCTGGAC	GUCCAGCCCCUCCUGCUUCCACAGGACGUC	0
NM_005026.5:2602-2631	NM_005026.5	NM_005026.5.fasta	2602	2631	+	30	ACGTCCTGTGGAAGCAGGAGGGGCTGGACC	GGUCCAGCCCCUCCUGCUUCCACAGGACGU	0
NM_005026.5:2603-2632	NM_005026.5	NM_005026.5.fasta	2603	2632	+	30	CGTCCTGTGGAAGCAGGAGGGGCTGGACCT	AGGUCCAGCCCCUCCUGCUUCCACAGGACG	0
NM_005026.5:2604-2633	NM_005026.5	NM_005026.5.fasta	2604	2633	+	30	GTCCTGTGGAAGCAGGAGGGGCTGGACCTG	CAGGUCCAGCCCCUCCUGCUUCCACAGGAC	0
NM_005026.5:2605-2634	NM_005026.5	NM_005026.5.fasta	2605	2634	+	30	TCCTGTGGAAGCAGGAGGGGCTGGACCTGA	UCAGGUCCAGCCCCUCCUGCUUCCACAGGA	0
NM_005026.5:2606-2635	NM_005026.5	NM_005026.5.fasta	2606	2635	+	30	CCTGTGGAAGCAGGAGGGGCTGGACCTGAG	CUCAGGUCCAGCCCCUCCUGCUUCCACAGG	0
NM_005026.5:2607-2636	NM_005026.5	NM_005026.5.fasta	2607	2636	+	30	CTGTGGAAGCAGGAGGGGCTGGACCTGAGG	CCUCAGGUCCAGCCCCUCCUGCUUCCACAG	0
NM_005026.5:2608-2637	NM_005026.5	NM_005026.5.fasta	2608	2637	+	30	TGTGGAAGCAGGAGGGGCTGGACCTGAGGA	UCCUCAGGUCCAGCCCCUCCUGCUUCCACA	0
NM_005026.5:2609-2638	NM_005026.5	NM_005026.5.fasta	2609	2638	+	30	GTGGAAGCAGGAGGGGCTGGACCTGAGGAT	AUCCUCAGGUCCAGCCCCUCCUGCUUCCAC	0
NM_005026.5:2610-2639	NM_005026.5	NM_005026.5.fasta	2610	2639	+	30	TGGAAGCAGGAGGGGCTGGACCTGAGGATG	CAUCCUCAGGUCCAGCCCCUCCUGCUUCCA	0
NM_005026.5:2611-2640	NM_005026.5	NM_005026.5.fasta	2611	2640	+	30	GGAAGCAGGAGGGGCTGGACCTGAGGATGA	UCAUCCUCAGGUCCAGCCCCUCCUGCUUCC	0
NM_005026.5:2612-2641	NM_005026.5	NM_005026.5.fasta	2612	2641	+	30	GAAGCAGGAGGGGCTGGACCTGAGGATGAC	GUCAUCCUCAGGUCCAGCCCCUCCUGCUUC	0
NM_005026.5:2613-2642	NM_005026.5	NM_005026.5.fasta	2613	2642	+	30	AAGCAGGAGGGGCTGGACCTGAGGATGACC	GGUCAUCCUCAGGUCCAGCCCCUCCUGCUU	0
NM_005026.5:2614-2643	NM_005026.5	NM_005026.5.fasta	2614	2643	+	30	AGCAGGAGGGGCTGGACCTGAGGATGACCC	GGGUCAUCCUCAGGUCCAGCCCCUCCUGCU	0
NM_005026.5:2615-2644	NM_005026.5	NM_005026.5.fasta	2615	2644	+	30	GCAGGAGGGGCTGGACCTGAGGATGACCCC	GGGGUCAUCCUCAGGUCCAGCCCCUCCUGC	0
NM_005026.5:2616-2645	NM_005026.5	NM_005026.5.fasta	2616	2645	+	30	CAGGAGGGGCTGGACCTGAGGATGACCCCC	GGGGGUCAUCCUCAGGUCCAGCCCCUCCUG	0
NM_005026.5:2617-2646	NM_005026.5	NM_005026.5.fasta	2617	2646	+	30	AGGAGGGGCTGGACCTGAGGATGACCCCCT	AGGGGGUCAUCCUCAGGUCCAGCCCCUCCU	0
NM_005026.5:2618-2647	NM_005026.5	NM_005026.5.fasta	2618	2647	+	30	GGAGGGGCTGGACCTGAGGATGACCCCCTA	UAGGGGGUCAUCCUCAGGUCCAGCCCCUCC	0
NM_005026.5:2619-2648	NM_005026.5	NM_005026.5.fasta	2619	2648	+	30	GAGGGGCTGGACCTGAGGATGACCCCCTAT	AUAGGGGGUCAUCCUCAGGUCCAGCCCCUC	0
NM_005026.5:2620-2649	NM_005026.5	NM_005026.5.fasta	2620	2649	+	30	AGGGGCTGGACCTGAGGATGACCCCCTATG	CAUAGGGGGUCAUCCUCAGGUCCAGCCCCU	0
NM_005026.5:2621-2650	NM_005026.5	NM_005026.5.fasta	2621	2650	+	30	GGGGCTGGACCTGAGGATGACCCCCTATGG	CCAUAGGGGGUCAUCCUCAGGUCCAGCCCC	0
NM_005026.5:2622-2651	NM_005026.5	NM_005026.5.fasta	2622	2651	+	30	GGGCTGGACCTGAGGATGACCCCCTATGGC	GCCAUAGGGGGUCAUCCUCAGGUCCAGCCC	0
NM_005026.5:2623-2652	NM_005026.5	NM_005026.5.fasta	2623	2652	+	30	GGCTGGACCTGAGGATGACCCCCTATGGCT	AGCCAUAGGGGGUCAUCCUCAGGUCCAGCC	0
NM_005026.5:2624-2653	NM_005026.5	NM_005026.5.fasta	2624	2653	+	30	GCTGGACCTGAGGATGACCCCCTATGGCTG	CAGCCAUAGGGGGUCAUCCUCAGGUCCAGC	0
NM_005026.5:2625-2654	NM_005026.5	NM_005026.5.fasta	2625	2654	+	30	CTGGACCTGAGGATGACCCCCTATGGCTGC	GCAGCCAUAGGGGGUCAUCCUCAGGUCCAG	0
NM_005026.5:2626-2655	NM_005026.5	NM_005026.5.fasta	2626	2655	+	30	TGGACCTGAGGATGACCCCCTATGGCTGCC	GGCAGCCAUAGGGGGUCAUCCUCAGGUCCA	0
NM_005026.5:2627-2656	NM_005026.5	NM_005026.5.fasta	2627	2656	+	30	GGACCTGAGGATGACCCCCTATGGCTGCCT	AGGCAGCCAUAGGGGGUCAUCCUCAGGUCC	0
NM_005026.5:2628-2657	NM_005026.5	NM_005026.5.fasta	2628	2657	+	30	GACCTGAGGATGACCCCCTATGGCTGCCTC	GAGGCAGCCAUAGGGGGUCAUCCUCAGGUC	0
NM_005026.5:2629-2658	NM_005026.5	NM_005026.5.fasta	2629	2658	+	30	ACCTGAGGATGACCCCCTATGGCTGCCTCC	GGAGGCAGCCAUAGGGGGUCAUCCUCAGGU	0
NM_005026.5:2630-2659	NM_005026.5	NM_005026.5.fasta	2630	2659	+	30	CCTGAGGATGACCCCCTATGGCTGCCTCCC	GGGAGGCAGCCAUAGGGGGUCAUCCUCAGG	0
NM_005026.5:2631-2660	NM_005026.5	NM_005026.5.fasta	2631	2660	+	30	CTGAGGATGACCCCCTATGGCTGCCTCCCC	GGGGAGGCAGCCAUAGGGGGUCAUCCUCAG	0
NM_005026.5:2632-2661	NM_005026.5	NM_005026.5.fasta	2632	2661	+	30	TGAGGATGACCCCCTATGGCTGCCTCCCCA	UGGGGAGGCAGCCAUAGGGGGUCAUCCUCA	0
NM_005026.5:2633-2662	NM_005026.5	NM_005026.5.fasta	2633	2662	+	30	GAGGATGACCCCCTATGGCTGCCTCCCCAC	GUGGGGAGGCAGCCAUAGGGGGUCAUCCUC	0
NM_005026.5:2634-2663	NM_005026.5	NM_005026.5.fasta	2634	2663	+	30	AGGATGACCCCCTATGGCTGCCTCCCCACC	GGUGGGGAGGCAGCCAUAGGGGGUCAUCCU	0
NM_005026.5:2635-2664	NM_005026.5	NM_005026.5.fasta	2635	2664	+	30	GGATGACCCCCTATGGCTGCCTCCCCACCG	CGGUGGGGAGGCAGCCAUAGGGGGUCAUCC	0
NM_005026.5:2636-2665	NM_005026.5	NM_005026.5.fasta	2636	2665	+	30	GATGACCCCCTATGGCTGCCTCCCCACCGG	CCGGUGGGGAGGCAGCCAUAGGGGGUCAUC	0
NM_005026.5:2637-2666	NM_005026.5	NM_005026.5.fasta	2637	2666	+	30	ATGACCCCCTATGGCTGCCTCCCCACCGGG	CCCGGUGGGGAGGCAGCCAUAGGGGGUCAU	0
NM_005026.5:2638-2667	NM_005026.5	NM_005026.5.fasta	2638	2667	+	30	TGACCCCCTATGGCTGCCTCCCCACCGGGG	CCCCGGUGGGGAGGCAGCCAUAGGGGGUCA	0
NM_005026.5:2639-2668	NM_005026.5	NM_005026.5.fasta	2639	2668	+	30	GACCCCCTATGGCTGCCTCCCCACCGGGGA	UCCCCGGUGGGGAGGCAGCCAUAGGGGGUC	0
NM_005026.5:2640-2669	NM_005026.5	NM_005026.5.fasta	2640	2669	+	30	ACCCCCTATGGCTGCCTCCCCACCGGGGAC	GUCCCCGGUGGGGAGGCAGCCAUAGGGGGU	0
NM_005026.5:2641-2670	NM_005026.5	NM_005026.5.fasta	2641	2670	+	30	CCCCCTATGGCTGCCTCCCCACCGGGGACC	GGUCCCCGGUGGGGAGGCAGCCAUAGGGGG	0
NM_005026.5:2642-2671	NM_005026.5	NM_005026.5.fasta	2642	2671	+	30	CCCCTATGGCTGCCTCCCCACCGGGGACCG	CGGUCCCCGGUGGGGAGGCAGCCAUAGGGG	0
NM_005026.5:2643-2672	NM_005026.5	NM_005026.5.fasta	2643	2672	+	30	CCCTATGGCTGCCTCCCCACCGGGGACCGC	GCGGUCCCCGGUGGGGAGGCAGCCAUAGGG	0
NM_005026.5:2644-2673	NM_005026.5	NM_005026.5.fasta	2644	2673	+	30	CCTATGGCTGCCTCCCCACCGGGGACCGCA	UGCGGUCCCCGGUGGGGAGGCAGCCAUAGG	0
NM_005026.5:2645-2674	NM_005026.5	NM_005026.5.fasta	2645	2674	+	30	CTATGGCTGCCTCCCCACCGGGGACCGCAC	GUGCGGUCCCCGGUGGGGAGGCAGCCAUAG	0
NM_005026.5:2646-2675	NM_005026.5	NM_005026.5.fasta	2646	2675	+	30	TATGGCTGCCTCCCCACCGGGGACCGCACA	UGUGCGGUCCCCGGUGGGGAGGCAGCCAUA	0
NM_005026.5:2647-2676	NM_005026.5	NM_005026.5.fasta	2647	2676	+	30	ATGGCTGCCTCCCCACCGGGGACCGCACAG	CUGUGCGGUCCCCGGUGGGGAGGCAGCCAU	0
NM_005026.5:2648-2677	NM_005026.5	NM_005026.5.fasta	2648	2677	+	30	TGGCTGCCTCCCCACCGGGGACCGCACAGG	CCUGUGCGGUCCCCGGUGGGGAGGCAGCCA	0
NM_005026.5:2649-2678	NM_005026.5	NM_005026.5.fasta	2649	2678	+	30	GGCTGCCTCCCCACCGGGGACCGCACAGGC	GCCUGUGCGGUCCCCGGUGGGGAGGCAGCC	0
NM_005026.5:2650-2679	NM_005026.5	NM_005026.5.fasta	2650	2679	+	30	GCTGCCTCCCCACCGGGGACCGCACAGGCC	GGCCUGUGCGGUCCCCGGUGGGGAGGCAGC	0
NM_005026.5:2651-2680	NM_005026.5	NM_005026.5.fasta	2651	2680	+	30	CTGCCTCCCCACCGGGGACCGCACAGGCCT	AGGCCUGUGCGGUCCCCGGUGGGGAGGCAG	0
NM_005026.5:2652-2681	NM_005026.5	NM_005026.5.fasta	2652	2681	+	30	TGCCTCCCCACCGGGGACCGCACAGGCCTC	GAGGCCUGUGCGGUCCCCGGUGGGGAGGCA	0
NM_005026.5:2653-2682	NM_005026.5	NM_005026.5.fasta	2653	2682	+	30	GCCTCCCCACCGGGGACCGCACAGGCCTCA	UGAGGCCUGUGCGGUCCCCGGUGGGGAGGC	0
NM_005026.5:2654-2683	NM_005026.5	NM_005026.5.fasta	2654	2683	+	30	CCTCCCCACCGGGGACCGCACAGGCCTCAT	AUGAGGCCUGUGCGGUCCCCGGUGGGGAGG	0
NM_005026.5:2655-2684	NM_005026.5	NM_005026.5.fasta	2655	2684	+	30	CTCCCCACCGGGGACCGCACAGGCCTCATT	AAUGAGGCCUGUGCGGUCCCCGGUGGGGAG	0
NM_005026.5:2656-2685	NM_005026.5	NM_005026.5.fasta	2656	2685	+	30	TCCCCACCGGGGACCGCACAGGCCTCATTG	CAAUGAGGCCUGUGCGGUCCCCGGUGGGGA	0
NM_005026.5:2657-2686	NM_005026.5	NM_005026.5.fasta	2657	2686	+	30	CCCCACCGGGGACCGCACAGGCCTCATTGA	UCAAUGAGGCCUGUGCGGUCCCCGGUGGGG	0
NM_005026.5:2658-2687	NM_005026.5	NM_005026.5.fasta	2658	2687	+	30	CCCACCGGGGACCGCACAGGCCTCATTGAG	CUCAAUGAGGCCUGUGCGGUCCCCGGUGGG	0
NM_005026.5:2659-2688	NM_005026.5	NM_005026.5.fasta	2659	2688	+	30	CCACCGGGGACCGCACAGGCCTCATTGAGG	CCUCAAUGAGGCCUGUGCGGUCCCCGGUGG	0
NM_005026.5:2660-2689	NM_005026.5	NM_005026.5.fasta	2660	2689	+	30	CACCGGGGACCGCACAGGCCTCATTGAGGT	ACCUCAAUGAGGCCUGUGCGGUCCCCGGUG	0
NM_005026.5:2661-2690	NM_005026.5	NM_005026.5.fasta	2661	2690	+	30	ACCGGGGACCGCACAGGCCTCATTGAGGTG	CACCUCAAUGAGGCCUGUGCGGUCCCCGGU	0
NM_005026.5:2662-2691	NM_005026.5	NM_005026.5.fasta	2662	2691	+	30	CCGGGGACCGCACAGGCCTCATTGAGGTGG	CCACCUCAAUGAGGCCUGUGCGGUCCCCGG	0
NM_005026.5:2663-2692	NM_005026.5	NM_005026.5.fasta	2663	2692	+	30	CGGGGACCGCACAGGCCTCATTGAGGTGGT	ACCACCUCAAUGAGGCCUGUGCGGUCCCCG	0
NM_005026.5:2664-2693	NM_005026.5	NM_005026.5.fasta	2664	2693	+	30	GGGGACCGCACAGGCCTCATTGAGGTGGTA	UACCACCUCAAUGAGGCCUGUGCGGUCCCC	0
NM_005026.5:2665-2694	NM_005026.5	NM_005026.5.fasta	2665	2694	+	30	GGGACCGCACAGGCCTCATTGAGGTGGTAC	GUACCACCUCAAUGAGGCCUGUGCGGUCCC	0
NM_005026.5:2666-2695	NM_005026.5	NM_005026.5.fasta	2666	2695	+	30	GGACCGCACAGGCCTCATTGAGGTGGTACT	AGUACCACCUCAAUGAGGCCUGUGCGGUCC	0
NM_005026.5:2667-2696	NM_005026.5	NM_005026.5.fasta	2667	2696	+	30	GACCGCACAGGCCTCATTGAGGTGGTACTC	GAGUACCACCUCAAUGAGGCCUGUGCGGUC	0
NM_005026.5:2668-2697	NM_005026.5	NM_005026.5.fasta	2668	2697	+	30	ACCGCACAGGCCTCATTGAGGTGGTACTCC	GGAGUACCACCUCAAUGAGGCCUGUGCGGU	0
NM_005026.5:2669-2698	NM_005026.5	NM_005026.5.fasta	2669	2698	+	30	CCGCACAGGCCTCATTGAGGTGGTACTCCG	CGGAGUACCACCUCAAUGAGGCCUGUGCGG	0
NM_005026.5:2670-2699	NM_005026.5	NM_005026.5.fasta	2670	2699	+	30	CGCACAGGCCTCATTGAGGTGGTACTCCGT	ACGGAGUACCACCUCAAUGAGGCCUGUGCG	0
NM_005026.5:2671-2700	NM_005026.5	NM_005026.5.fasta	2671	2700	+	30	GCACAGGCCTCATTGAGGTGGTACTCCGTT	AACGGAGUACCACCUCAAUGAGGCCUGUGC	0
NM_005026.5:2672-2701	NM_005026.5	NM_005026.5.fasta	2672	2701	+	30	CACAGGCCTCATTGAGGTGGTACTCCGTTC	GAACGGAGUACCACCUCAAUGAGGCCUGUG	0
NM_005026.5:2673-2702	NM_005026.5	NM_005026.5.fasta	2673	2702	+	30	ACAGGCCTCATTGAGGTGGTACTCCGTTCA	UGAACGGAGUACCACCUCAAUGAGGCCUGU	0
NM_005026.5:2674-2703	NM_005026.5	NM_005026.5.fasta	2674	2703	+	30	CAGGCCTCATTGAGGTGGTACTCCGTTCAG	CUGAACGGAGUACCACCUCAAUGAGGCCUG	0
NM_005026.5:2675-2704	NM_005026.5	NM_005026.5.fasta	2675	2704	+	30	AGGCCTCATTGAGGTGGTACTCCGTTCAGA	UCUGAACGGAGUACCACCUCAAUGAGGCCU	0
NM_005026.5:2676-2705	NM_005026.5	NM_005026.5.fasta	2676	2705	+	30	GGCCTCATTGAGGTGGTACTCCGTTCAGAC	GUCUGAACGGAGUACCACCUCAAUGAGGCC	0
NM_005026.5:2677-2706	NM_005026.5	NM_005026.5.fasta	2677	2706	+	30	GCCTCATTGAGGTGGTACTCCGTTCAGACA	UGUCUGAACGGAGUACCACCUCAAUGAGGC	0
NM_005026.5:2678-2707	NM_005026.5	NM_005026.5.fasta	2678	2707	+	30	CCTCATTGAGGTGGTACTCCGTTCAGACAC	GUGUCUGAACGGAGUACCACCUCAAUGAGG	0
NM_005026.5:2679-2708	NM_005026.5	NM_005026.5.fasta	2679	2708	+	30	CTCATTGAGGTGGTACTCCGTTCAGACACC	GGUGUCUGAACGGAGUACCACCUCAAUGAG	0
NM_005026.5:2680-2709	NM_005026.5	NM_005026.5.fasta	2680	2709	+	30	TCATTGAGGTGGTACTCCGTTCAGACACCA	UGGUGUCUGAACGGAGUACCACCUCAAUGA	0
NM_005026.5:2681-2710	NM_005026.5	NM_005026.5.fasta	2681	2710	+	30	CATTGAGGTGGTACTCCGTTCAGACACCAT	AUGGUGUCUGAACGGAGUACCACCUCAAUG	0
NM_005026.5:2682-2711	NM_005026.5	NM_005026.5.fasta	2682	2711	+	30	ATTGAGGTGGTACTCCGTTCAGACACCATC	GAUGGUGUCUGAACGGAGUACCACCUCAAU	0
NM_005026.5:2683-2712	NM_005026.5	NM_005026.5.fasta	2683	2712	+	30	TTGAGGTGGTACTCCGTTCAGACACCATCG	CGAUGGUGUCUGAACGGAGUACCACCUCAA	0
NM_005026.5:2684-2713	NM_005026.5	NM_005026.5.fasta	2684	2713	+	30	TGAGGTGGTACTCCGTTCAGACACCATCGC	GCGAUGGUGUCUGAACGGAGUACCACCUCA	0
NM_005026.5:2685-2714	NM_005026.5	NM_005026.5.fasta	2685	2714	+	30	GAGGTGGTACTCCGTTCAGACACCATCGCC	GGCGAUGGUGUCUGAACGGAGUACCACCUC	0
NM_005026.5:2686-2715	NM_005026.5	NM_005026.5.fasta	2686	2715	+	30	AGGTGGTACTCCGTTCAGACACCATCGCCA	UGGCGAUGGUGUCUGAACGGAGUACCACCU	0
NM_005026.5:2687-2716	NM_005026.5	NM_005026.5.fasta	2687	2716	+	30	GGTGGTACTCCGTTCAGACACCATCGCCAA	UUGGCGAUGGUGUCUGAACGGAGUACCACC	0
NM_005026.5:2688-2717	NM_005026.5	NM_005026.5.fasta	2688	2717	+	30	GTGGTACTCCGTTCAGACACCATCGCCAAC	GUUGGCGAUGGUGUCUGAACGGAGUACCAC	0
NM_005026.5:2689-2718	NM_005026.5	NM_005026.5.fasta	2689	2718	+	30	TGGTACTCCGTTCAGACACCATCGCCAACA	UGUUGGCGAUGGUGUCUGAACGGAGUACCA	0
NM_005026.5:2690-2719	NM_005026.5	NM_005026.5.fasta	2690	2719	+	30	GGTACTCCGTTCAGACACCATCGCCAACAT	AUGUUGGCGAUGGUGUCUGAACGGAGUACC	0
NM_005026.5:2691-2720	NM_005026.5	NM_005026.5.fasta	2691	2720	+	30	GTACTCCGTTCAGACACCATCGCCAACATC	GAUGUUGGCGAUGGUGUCUGAACGGAGUAC	0
NM_005026.5:2692-2721	NM_005026.5	NM_005026.5.fasta	2692	2721	+	30	TACTCCGTTCAGACACCATCGCCAACATCC	GGAUGUUGGCGAUGGUGUCUGAACGGAGUA	0
NM_005026.5:2693-2722	NM_005026.5	NM_005026.5.fasta	2693	2722	+	30	ACTCCGTTCAGACACCATCGCCAACATCCA	UGGAUGUUGGCGAUGGUGUCUGAACGGAGU	0
NM_005026.5:2694-2723	NM_005026.5	NM_005026.5.fasta	2694	2723	+	30	CTCCGTTCAGACACCATCGCCAACATCCAA	UUGGAUGUUGGCGAUGGUGUCUGAACGGAG	0
NM_005026.5:2695-2724	NM_005026.5	NM_005026.5.fasta	2695	2724	+	30	TCCGTTCAGACACCATCGCCAACATCCAAC	GUUGGAUGUUGGCGAUGGUGUCUGAACGGA	0
NM_005026.5:2696-2725	NM_005026.5	NM_005026.5.fasta	2696	2725	+	30	CCGTTCAGACACCATCGCCAACATCCAACT	AGUUGGAUGUUGGCGAUGGUGUCUGAACGG	0
NM_005026.5:2697-2726	NM_005026.5	NM_005026.5.fasta	2697	2726	+	30	CGTTCAGACACCATCGCCAACATCCAACTC	GAGUUGGAUGUUGGCGAUGGUGUCUGAACG	0
NM_005026.5:2698-2727	NM_005026.5	NM_005026.5.fasta	2698	2727	+	30	GTTCAGACACCATCGCCAACATCCAACTCA	UGAGUUGGAUGUUGGCGAUGGUGUCUGAAC	0
NM_005026.5:2699-2728	NM_005026.5	NM_005026.5.fasta	2699	2728	+	30	TTCAGACACCATCGCCAACATCCAACTCAA	UUGAGUUGGAUGUUGGCGAUGGUGUCUGAA	0
NM_005026.5:2700-2729	NM_005026.5	NM_005026.5.fasta	2700	2729	+	30	TCAGACACCATCGCCAACATCCAACTCAAC	GUUGAGUUGGAUGUUGGCGAUGGUGUCUGA	0
NM_005026.5:2701-2730	NM_005026.5	NM_005026.5.fasta	2701	2730	+	30	CAGACACCATCGCCAACATCCAACTCAACA	UGUUGAGUUGGAUGUUGGCGAUGGUGUCUG	0
NM_005026.5:2702-2731	NM_005026.5	NM_005026.5.fasta	2702	2731	+	30	AGACACCATCGCCAACATCCAACTCAACAA	UUGUUGAGUUGGAUGUUGGCGAUGGUGUCU	0
NM_005026.5:2703-2732	NM_005026.5	NM_005026.5.fasta	2703	2732	+	30	GACACCATCGCCAACATCCAACTCAACAAG	CUUGUUGAGUUGGAUGUUGGCGAUGGUGUC	0
NM_005026.5:2704-2733	NM_005026.5	NM_005026.5.fasta	2704	2733	+	30	ACACCATCGCCAACATCCAACTCAACAAGA	UCUUGUUGAGUUGGAUGUUGGCGAUGGUGU	0
NM_005026.5:2705-2734	NM_005026.5	NM_005026.5.fasta	2705	2734	+	30	CACCATCGCCAACATCCAACTCAACAAGAG	CUCUUGUUGAGUUGGAUGUUGGCGAUGGUG	0
NM_005026.5:2706-2735	NM_005026.5	NM_005026.5.fasta	2706	2735	+	30	ACCATCGCCAACATCCAACTCAACAAGAGC	GCUCUUGUUGAGUUGGAUGUUGGCGAUGGU	0
NM_005026.5:2707-2736	NM_005026.5	NM_005026.5.fasta	2707	2736	+	30	CCATCGCCAACATCCAACTCAACAAGAGCA	UGCUCUUGUUGAGUUGGAUGUUGGCGAUGG	0
NM_005026.5:2708-2737	NM_005026.5	NM_005026.5.fasta	2708	2737	+	30	CATCGCCAACATCCAACTCAACAAGAGCAA	UUGCUCUUGUUGAGUUGGAUGUUGGCGAUG	0
NM_005026.5:2709-2738	NM_005026.5	NM_005026.5.fasta	2709	2738	+	30	ATCGCCAACATCCAACTCAACAAGAGCAAC	GUUGCUCUUGUUGAGUUGGAUGUUGGCGAU	0
NM_005026.5:2710-2739	NM_005026.5	NM_005026.5.fasta	2710	2739	+	30	TCGCCAACATCCAACTCAACAAGAGCAACA	UGUUGCUCUUGUUGAGUUGGAUGUUGGCGA	0
NM_005026.5:2711-2740	NM_005026.5	NM_005026.5.fasta	2711	2740	+	30	CGCCAACATCCAACTCAACAAGAGCAACAT	AUGUUGCUCUUGUUGAGUUGGAUGUUGGCG	0
NM_005026.5:2712-2741	NM_005026.5	NM_005026.5.fasta	2712	2741	+	30	GCCAACATCCAACTCAACAAGAGCAACATG	CAUGUUGCUCUUGUUGAGUUGGAUGUUGGC	0
NM_005026.5:2713-2742	NM_005026.5	NM_005026.5.fasta	2713	2742	+	30	CCAACATCCAACTCAACAAGAGCAACATGG	CCAUGUUGCUCUUGUUGAGUUGGAUGUUGG	0
NM_005026.5:2714-2743	NM_005026.5	NM_005026.5.fasta	2714	2743	+	30	CAACATCCAACTCAACAAGAGCAACATGGC	GCCAUGUUGCUCUUGUUGAGUUGGAUGUUG	0
NM_005026.5:2715-2744	NM_005026.5	NM_005026.5.fasta	2715	2744	+	30	AACATCCAACTCAACAAGAGCAACATGGCA	UGCCAUGUUGCUCUUGUUGAGUUGGAUGUU	0
NM_005026.5:2716-2745	NM_005026.5	NM_005026.5.fasta	2716	2745	+	30	ACATCCAACTCAACAAGAGCAACATGGCAG	CUGCCAUGUUGCUCUUGUUGAGUUGGAUGU	0
NM_005026.5:2717-2746	NM_005026.5	NM_005026.5.fasta	2717	2746	+	30	CATCCAACTCAACAAGAGCAACATGGCAGC	GCUGCCAUGUUGCUCUUGUUGAGUUGGAUG	0
NM_005026.5:2718-2747	NM_005026.5	NM_005026.5.fasta	2718	2747	+	30	ATCCAACTCAACAAGAGCAACATGGCAGCC	GGCUGCCAUGUUGCUCUUGUUGAGUUGGAU	0
NM_005026.5:2719-2748	NM_005026.5	NM_005026.5.fasta	2719	2748	+	30	TCCAACTCAACAAGAGCAACATGGCAGCCA	UGGCUGCCAUGUUGCUCUUGUUGAGUUGGA	0
NM_005026.5:2720-2749	NM_005026.5	NM_005026.5.fasta	2720	2749	+	30	CCAACTCAACAAGAGCAACATGGCAGCCAC	GUGGCUGCCAUGUUGCUCUUGUUGAGUUGG	0
NM_005026.5:2721-2750	NM_005026.5	NM_005026.5.fasta	2721	2750	+	30	CAACTCAACAAGAGCAACATGGCAGCCACA	UGUGGCUGCCAUGUUGCUCUUGUUGAGUUG	0
NM_005026.5:2722-2751	NM_005026.5	NM_005026.5.fasta	2722	2751	+	30	AACTCAACAAGAGCAACATGGCAGCCACAG	CUGUGGCUGCCAUGUUGCUCUUGUUGAGUU	0
NM_005026.5:2723-2752	NM_005026.5	NM_005026.5.fasta	2723	2752	+	30	ACTCAACAAGAGCAACATGGCAGCCACAGC	GCUGUGGCUGCCAUGUUGCUCUUGUUGAGU	0
NM_005026.5:2724-2753	NM_005026.5	NM_005026.5.fasta	2724	2753	+	30	CTCAACAAGAGCAACATGGCAGCCACAGCC	GGCUGUGGCUGCCAUGUUGCUCUUGUUGAG	0
NM_005026.5:2725-2754	NM_005026.5	NM_005026.5.fasta	2725	2754	+	30	TCAACAAGAGCAACATGGCAGCCACAGCCG	CGGCUGUGGCUGCCAUGUUGCUCUUGUUGA	0
NM_005026.5:2726-2755	NM_005026.5	NM_005026.5.fasta	2726	2755	+	30	CAACAAGAGCAACATGGCAGCCACAGCCGC	GCGGCUGUGGCUGCCAUGUUGCUCUUGUUG	0
NM_005026.5:2727-2756	NM_005026.5	NM_005026.5.fasta	2727	2756	+	30	AACAAGAGCAACATGGCAGCCACAGCCGCC	GGCGGCUGUGGCUGCCAUGUUGCUCUUGUU	0
NM_005026.5:2728-2757	NM_005026.5	NM_005026.5.fasta	2728	2757	+	30	ACAAGAGCAACATGGCAGCCACAGCCGCCT	AGGCGGCUGUGGCUGCCAUGUUGCUCUUGU	0
NM_005026.5:2729-2758	NM_005026.5	NM_005026.5.fasta	2729	2758	+	30	CAAGAGCAACATGGCAGCCACAGCCGCCTT	AAGGCGGCUGUGGCUGCCAUGUUGCUCUUG	0
NM_005026.5:2730-2759	NM_005026.5	NM_005026.5.fasta	2730	2759	+	30	AAGAGCAACATGGCAGCCACAGCCGCCTTC	GAAGGCGGCUGUGGCUGCCAUGUUGCUCUU	0
NM_005026.5:2731-2760	NM_005026.5	NM_005026.5.fasta	2731	2760	+	30	AGAGCAACATGGCAGCCACAGCCGCCTTCA	UGAAGGCGGCUGUGGCUGCCAUGUUGCUCU	0
NM_005026.5:2732-2761	NM_005026.5	NM_005026.5.fasta	2732	2761	+	30	GAGCAACATGGCAGCCACAGCCGCCTTCAA	UUGAAGGCGGCUGUGGCUGCCAUGUUGCUC	0
NM_005026.5:2733-2762	NM_005026.5	NM_005026.5.fasta	2733	2762	+	30	AGCAACATGGCAGCCACAGCCGCCTTCAAC	GUUGAAGGCGGCUGUGGCUGCCAUGUUGCU	0
NM_005026.5:2734-2763	NM_005026.5	NM_005026.5.fasta	2734	2763	+	30	GCAACATGGCAGCCACAGCCGCCTTCAACA	UGUUGAAGGCGGCUGUGGCUGCCAUGUUGC	0
NM_005026.5:2735-2764	NM_005026.5	NM_005026.5.fasta	2735	2764	+	30	CAACATGGCAGCCACAGCCGCCTTCAACAA	UUGUUGAAGGCGGCUGUGGCUGCCAUGUUG	0
NM_005026.5:2736-2765	NM_005026.5	NM_005026.5.fasta	2736	2765	+	30	AACATGGCAGCCACAGCCGCCTTCAACAAG	CUUGUUGAAGGCGGCUGUGGCUGCCAUGUU	0
NM_005026.5:2737-2766	NM_005026.5	NM_005026.5.fasta	2737	2766	+	30	ACATGGCAGCCACAGCCGCCTTCAACAAGG	CCUUGUUGAAGGCGGCUGUGGCUGCCAUGU	0
NM_005026.5:2738-2767	NM_005026.5	NM_005026.5.fasta	2738	2767	+	30	CATGGCAGCCACAGCCGCCTTCAACAAGGA	UCCUUGUUGAAGGCGGCUGUGGCUGCCAUG	0
NM_005026.5:2739-2768	NM_005026.5	NM_005026.5.fasta	2739	2768	+	30	ATGGCAGCCACAGCCGCCTTCAACAAGGAT	AUCCUUGUUGAAGGCGGCUGUGGCUGCCAU	0
NM_005026.5:2740-2769	NM_005026.5	NM_005026.5.fasta	2740	2769	+	30	TGGCAGCCACAGCCGCCTTCAACAAGGATG	CAUCCUUGUUGAAGGCGGCUGUGGCUGCCA	0
NM_005026.5:2741-2770	NM_005026.5	NM_005026.5.fasta	2741	2770	+	30	GGCAGCCACAGCCGCCTTCAACAAGGATGC	GCAUCCUUGUUGAAGGCGGCUGUGGCUGCC	0
NM_005026.5:2742-2771	NM_005026.5	NM_005026.5.fasta	2742	2771	+	30	GCAGCCACAGCCGCCTTCAACAAGGATGCC	GGCAUCCUUGUUGAAGGCGGCUGUGGCUGC	0
NM_005026.5:2743-2772	NM_005026.5	NM_005026.5.fasta	2743	2772	+	30	CAGCCACAGCCGCCTTCAACAAGGATGCCC	GGGCAUCCUUGUUGAAGGCGGCUGUGGCUG	0
NM_005026.5:2744-2773	NM_005026.5	NM_005026.5.fasta	2744	2773	+	30	AGCCACAGCCGCCTTCAACAAGGATGCCCT	AGGGCAUCCUUGUUGAAGGCGGCUGUGGCU	0
NM_005026.5:2745-2774	NM_005026.5	NM_005026.5.fasta	2745	2774	+	30	GCCACAGCCGCCTTCAACAAGGATGCCCTG	CAGGGCAUCCUUGUUGAAGGCGGCUGUGGC	0
NM_005026.5:2746-2775	NM_005026.5	NM_005026.5.fasta	2746	2775	+	30	CCACAGCCGCCTTCAACAAGGATGCCCTGC	GCAGGGCAUCCUUGUUGAAGGCGGCUGUGG	0
NM_005026.5:2747-2776	NM_005026.5	NM_005026.5.fasta	2747	2776	+	30	CACAGCCGCCTTCAACAAGGATGCCCTGCT	AGCAGGGCAUCCUUGUUGAAGGCGGCUGUG	0
NM_005026.5:2748-2777	NM_005026.5	NM_005026.5.fasta	2748	2777	+	30	ACAGCCGCCTTCAACAAGGATGCCCTGCTC	GAGCAGGGCAUCCUUGUUGAAGGCGGCUGU	0
NM_005026.5:2749-2778	NM_005026.5	NM_005026.5.fasta	2749	2778	+	30	CAGCCGCCTTCAACAAGGATGCCCTGCTCA	UGAGCAGGGCAUCCUUGUUGAAGGCGGCUG	0
NM_005026.5:2750-2779	NM_005026.5	NM_005026.5.fasta	2750	2779	+	30	AGCCGCCTTCAACAAGGATGCCCTGCTCAA	UUGAGCAGGGCAUCCUUGUUGAAGGCGGCU	0
NM_005026.5:2751-2780	NM_005026.5	NM_005026.5.fasta	2751	2780	+	30	GCCGCCTTCAACAAGGATGCCCTGCTCAAC	GUUGAGCAGGGCAUCCUUGUUGAAGGCGGC	0
NM_005026.5:2752-2781	NM_005026.5	NM_005026.5.fasta	2752	2781	+	30	CCGCCTTCAACAAGGATGCCCTGCTCAACT	AGUUGAGCAGGGCAUCCUUGUUGAAGGCGG	0
NM_005026.5:2753-2782	NM_005026.5	NM_005026.5.fasta	2753	2782	+	30	CGCCTTCAACAAGGATGCCCTGCTCAACTG	CAGUUGAGCAGGGCAUCCUUGUUGAAGGCG	0
NM_005026.5:2754-2783	NM_005026.5	NM_005026.5.fasta	2754	2783	+	30	GCCTTCAACAAGGATGCCCTGCTCAACTGG	CCAGUUGAGCAGGGCAUCCUUGUUGAAGGC	0
NM_005026.5:2755-2784	NM_005026.5	NM_005026.5.fasta	2755	2784	+	30	CCTTCAACAAGGATGCCCTGCTCAACTGGC	GCCAGUUGAGCAGGGCAUCCUUGUUGAAGG	0
NM_005026.5:2756-2785	NM_005026.5	NM_005026.5.fasta	2756	2785	+	30	CTTCAACAAGGATGCCCTGCTCAACTGGCT	AGCCAGUUGAGCAGGGCAUCCUUGUUGAAG	0
NM_005026.5:2757-2786	NM_005026.5	NM_005026.5.fasta	2757	2786	+	30	TTCAACAAGGATGCCCTGCTCAACTGGCTG	CAGCCAGUUGAGCAGGGCAUCCUUGUUGAA	0
NM_005026.5:2758-2787	NM_005026.5	NM_005026.5.fasta	2758	2787	+	30	TCAACAAGGATGCCCTGCTCAACTGGCTGA	UCAGCCAGUUGAGCAGGGCAUCCUUGUUGA	0
NM_005026.5:2759-2788	NM_005026.5	NM_005026.5.fasta	2759	2788	+	30	CAACAAGGATGCCCTGCTCAACTGGCTGAA	UUCAGCCAGUUGAGCAGGGCAUCCUUGUUG	0
NM_005026.5:2760-2789	NM_005026.5	NM_005026.5.fasta	2760	2789	+	30	AACAAGGATGCCCTGCTCAACTGGCTGAAG	CUUCAGCCAGUUGAGCAGGGCAUCCUUGUU	0
NM_005026.5:2761-2790	NM_005026.5	NM_005026.5.fasta	2761	2790	+	30	ACAAGGATGCCCTGCTCAACTGGCTGAAGT	ACUUCAGCCAGUUGAGCAGGGCAUCCUUGU	0
NM_005026.5:2762-2791	NM_005026.5	NM_005026.5.fasta	2762	2791	+	30	CAAGGATGCCCTGCTCAACTGGCTGAAGTC	GACUUCAGCCAGUUGAGCAGGGCAUCCUUG	0
NM_005026.5:2763-2792	NM_005026.5	NM_005026.5.fasta	2763	2792	+	30	AAGGATGCCCTGCTCAACTGGCTGAAGTCC	GGACUUCAGCCAGUUGAGCAGGGCAUCCUU	0
NM_005026.5:2764-2793	NM_005026.5	NM_005026.5.fasta	2764	2793	+	30	AGGATGCCCTGCTCAACTGGCTGAAGTCCA	UGGACUUCAGCCAGUUGAGCAGGGCAUCCU	0
NM_005026.5:2765-2794	NM_005026.5	NM_005026.5.fasta	2765	2794	+	30	GGATGCCCTGCTCAACTGGCTGAAGTCCAA	UUGGACUUCAGCCAGUUGAGCAGGGCAUCC	0
NM_005026.5:2766-2795	NM_005026.5	NM_005026.5.fasta	2766	2795	+	30	GATGCCCTGCTCAACTGGCTGAAGTCCAAG	CUUGGACUUCAGCCAGUUGAGCAGGGCAUC	0
NM_005026.5:2767-2796	NM_005026.5	NM_005026.5.fasta	2767	2796	+	30	ATGCCCTGCTCAACTGGCTGAAGTCCAAGA	UCUUGGACUUCAGCCAGUUGAGCAGGGCAU	0
NM_005026.5:2768-2797	NM_005026.5	NM_005026.5.fasta	2768	2797	+	30	TGCCCTGCTCAACTGGCTGAAGTCCAAGAA	UUCUUGGACUUCAGCCAGUUGAGCAGGGCA	0
NM_005026.5:2769-2798	NM_005026.5	NM_005026.5.fasta	2769	2798	+	30	GCCCTGCTCAACTGGCTGAAGTCCAAGAAC	GUUCUUGGACUUCAGCCAGUUGAGCAGGGC	0
NM_005026.5:2770-2799	NM_005026.5	NM_005026.5.fasta	2770	2799	+	30	CCCTGCTCAACTGGCTGAAGTCCAAGAACC	GGUUCUUGGACUUCAGCCAGUUGAGCAGGG	0
NM_005026.5:2771-2800	NM_005026.5	NM_005026.5.fasta	2771	2800	+	30	CCTGCTCAACTGGCTGAAGTCCAAGAACCC	GGGUUCUUGGACUUCAGCCAGUUGAGCAGG	0
NM_005026.5:2772-2801	NM_005026.5	NM_005026.5.fasta	2772	2801	+	30	CTGCTCAACTGGCTGAAGTCCAAGAACCCG	CGGGUUCUUGGACUUCAGCCAGUUGAGCAG	0
NM_005026.5:2773-2802	NM_005026.5	NM_005026.5.fasta	2773	2802	+	30	TGCTCAACTGGCTGAAGTCCAAGAACCCGG	CCGGGUUCUUGGACUUCAGCCAGUUGAGCA	0
NM_005026.5:2774-2803	NM_005026.5	NM_005026.5.fasta	2774	2803	+	30	GCTCAACTGGCTGAAGTCCAAGAACCCGGG	CCCGGGUUCUUGGACUUCAGCCAGUUGAGC	0
NM_005026.5:2775-2804	NM_005026.5	NM_005026.5.fasta	2775	2804	+	30	CTCAACTGGCTGAAGTCCAAGAACCCGGGG	CCCCGGGUUCUUGGACUUCAGCCAGUUGAG	0
NM_005026.5:2776-2805	NM_005026.5	NM_005026.5.fasta	2776	2805	+	30	TCAACTGGCTGAAGTCCAAGAACCCGGGGG	CCCCCGGGUUCUUGGACUUCAGCCAGUUGA	0
NM_005026.5:2777-2806	NM_005026.5	NM_005026.5.fasta	2777	2806	+	30	CAACTGGCTGAAGTCCAAGAACCCGGGGGA	UCCCCCGGGUUCUUGGACUUCAGCCAGUUG	0
NM_005026.5:2778-2807	NM_005026.5	NM_005026.5.fasta	2778	2807	+	30	AACTGGCTGAAGTCCAAGAACCCGGGGGAG	CUCCCCCGGGUUCUUGGACUUCAGCCAGUU	0
NM_005026.5:2779-2808	NM_005026.5	NM_005026.5.fasta	2779	2808	+	30	ACTGGCTGAAGTCCAAGAACCCGGGGGAGG	CCUCCCCCGGGUUCUUGGACUUCAGCCAGU	0
NM_005026.5:2780-2809	NM_005026.5	NM_005026.5.fasta	2780	2809	+	30	CTGGCTGAAGTCCAAGAACCCGGGGGAGGC	GCCUCCCCCGGGUUCUUGGACUUCAGCCAG	0
NM_005026.5:2781-2810	NM_005026.5	NM_005026.5.fasta	2781	2810	+	30	TGGCTGAAGTCCAAGAACCCGGGGGAGGCC	GGCCUCCCCCGGGUUCUUGGACUUCAGCCA	0
NM_005026.5:2782-2811	NM_005026.5	NM_005026.5.fasta	2782	2811	+	30	GGCTGAAGTCCAAGAACCCGGGGGAGGCCC	GGGCCUCCCCCGGGUUCUUGGACUUCAGCC	0
NM_005026.5:2783-2812	NM_005026.5	NM_005026.5.fasta	2783	2812	+	30	GCTGAAGTCCAAGAACCCGGGGGAGGCCCT	AGGGCCUCCCCCGGGUUCUUGGACUUCAGC	0
NM_005026.5:2784-2813	NM_005026.5	NM_005026.5.fasta	2784	2813	+	30	CTGAAGTCCAAGAACCCGGGGGAGGCCCTG	CAGGGCCUCCCCCGGGUUCUUGGACUUCAG	0
NM_005026.5:2785-2814	NM_005026.5	NM_005026.5.fasta	2785	2814	+	30	TGAAGTCCAAGAACCCGGGGGAGGCCCTGG	CCAGGGCCUCCCCCGGGUUCUUGGACUUCA	0
NM_005026.5:2786-2815	NM_005026.5	NM_005026.5.fasta	2786	2815	+	30	GAAGTCCAAGAACCCGGGGGAGGCCCTGGA	UCCAGGGCCUCCCCCGGGUUCUUGGACUUC	0
NM_005026.5:2787-2816	NM_005026.5	NM_005026.5.fasta	2787	2816	+	30	AAGTCCAAGAACCCGGGGGAGGCCCTGGAT	AUCCAGGGCCUCCCCCGGGUUCUUGGACUU	0
NM_005026.5:2788-2817	NM_005026.5	NM_005026.5.fasta	2788	2817	+	30	AGTCCAAGAACCCGGGGGAGGCCCTGGATC	GAUCCAGGGCCUCCCCCGGGUUCUUGGACU	0
NM_005026.5:2789-2818	NM_005026.5	NM_005026.5.fasta	2789	2818	+	30	GTCCAAGAACCCGGGGGAGGCCCTGGATCG	CGAUCCAGGGCCUCCCCCGGGUUCUUGGAC	0
NM_005026.5:2790-2819	NM_005026.5	NM_005026.5.fasta	2790	2819	+	30	TCCAAGAACCCGGGGGAGGCCCTGGATCGA	UCGAUCCAGGGCCUCCCCCGGGUUCUUGGA	0
NM_005026.5:2791-2820	NM_005026.5	NM_005026.5.fasta	2791	2820	+	30	CCAAGAACCCGGGGGAGGCCCTGGATCGAG	CUCGAUCCAGGGCCUCCCCCGGGUUCUUGG	0
NM_005026.5:2792-2821	NM_005026.5	NM_005026.5.fasta	2792	2821	+	30	CAAGAACCCGGGGGAGGCCCTGGATCGAGC	GCUCGAUCCAGGGCCUCCCCCGGGUUCUUG	0
NM_005026.5:2793-2822	NM_005026.5	NM_005026.5.fasta	2793	2822	+	30	AAGAACCCGGGGGAGGCCCTGGATCGAGCC	GGCUCGAUCCAGGGCCUCCCCCGGGUUCUU	0
NM_005026.5:2794-2823	NM_005026.5	NM_005026.5.fasta	2794	2823	+	30	AGAACCCGGGGGAGGCCCTGGATCGAGCCA	UGGCUCGAUCCAGGGCCUCCCCCGGGUUCU	0
NM_005026.5:2795-2824	NM_005026.5	NM_005026.5.fasta	2795	2824	+	30	GAACCCGGGGGAGGCCCTGGATCGAGCCAT	AUGGCUCGAUCCAGGGCCUCCCCCGGGUUC	0
NM_005026.5:2796-2825	NM_005026.5	NM_005026.5.fasta	2796	2825	+	30	AACCCGGGGGAGGCCCTGGATCGAGCCATT	AAUGGCUCGAUCCAGGGCCUCCCCCGGGUU	0
NM_005026.5:2797-2826	NM_005026.5	NM_005026.5.fasta	2797	2826	+	30	ACCCGGGGGAGGCCCTGGATCGAGCCATTG	CAAUGGCUCGAUCCAGGGCCUCCCCCGGGU	0
NM_005026.5:2798-2827	NM_005026.5	NM_005026.5.fasta	2798	2827	+	30	CCCGGGGGAGGCCCTGGATCGAGCCATTGA	UCAAUGGCUCGAUCCAGGGCCUCCCCCGGG	0
NM_005026.5:2799-2828	NM_005026.5	NM_005026.5.fasta	2799	2828	+	30	CCGGGGGAGGCCCTGGATCGAGCCATTGAG	CUCAAUGGCUCGAUCCAGGGCCUCCCCCGG	0
NM_005026.5:2800-2829	NM_005026.5	NM_005026.5.fasta	2800	2829	+	30	CGGGGGAGGCCCTGGATCGAGCCATTGAGG	CCUCAAUGGCUCGAUCCAGGGCCUCCCCCG	0
NM_005026.5:2801-2830	NM_005026.5	NM_005026.5.fasta	2801	2830	+	30	GGGGGAGGCCCTGGATCGAGCCATTGAGGA	UCCUCAAUGGCUCGAUCCAGGGCCUCCCCC	0
NM_005026.5:2802-2831	NM_005026.5	NM_005026.5.fasta	2802	2831	+	30	GGGGAGGCCCTGGATCGAGCCATTGAGGAG	CUCCUCAAUGGCUCGAUCCAGGGCCUCCCC	0
NM_005026.5:2803-2832	NM_005026.5	NM_005026.5.fasta	2803	2832	+	30	GGGAGGCCCTGGATCGAGCCATTGAGGAGT	ACUCCUCAAUGGCUCGAUCCAGGGCCUCCC	0
NM_005026.5:2804-2833	NM_005026.5	NM_005026.5.fasta	2804	2833	+	30	GGAGGCCCTGGATCGAGCCATTGAGGAGTT	AACUCCUCAAUGGCUCGAUCCAGGGCCUCC	0
NM_005026.5:2805-2834	NM_005026.5	NM_005026.5.fasta	2805	2834	+	30	GAGGCCCTGGATCGAGCCATTGAGGAGTTC	GAACUCCUCAAUGGCUCGAUCCAGGGCCUC	0
NM_005026.5:2806-2835	NM_005026.5	NM_005026.5.fasta	2806	2835	+	30	AGGCCCTGGATCGAGCCATTGAGGAGTTCA	UGAACUCCUCAAUGGCUCGAUCCAGGGCCU	0
NM_005026.5:2807-2836	NM_005026.5	NM_005026.5.fasta	2807	2836	+	30	GGCCCTGGATCGAGCCATTGAGGAGTTCAC	GUGAACUCCUCAAUGGCUCGAUCCAGGGCC	0
NM_005026.5:2808-2837	NM_005026.5	NM_005026.5.fasta	2808	2837	+	30	GCCCTGGATCGAGCCATTGAGGAGTTCACC	GGUGAACUCCUCAAUGGCUCGAUCCAGGGC	0
NM_005026.5:2809-2838	NM_005026.5	NM_005026.5.fasta	2809	2838	+	30	CCCTGGATCGAGCCATTGAGGAGTTCACCC	GGGUGAACUCCUCAAUGGCUCGAUCCAGGG	0
NM_005026.5:2810-2839	NM_005026.5	NM_005026.5.fasta	2810	2839	+	30	CCTGGATCGAGCCATTGAGGAGTTCACCCT	AGGGUGAACUCCUCAAUGGCUCGAUCCAGG	0
NM_005026.5:2811-2840	NM_005026.5	NM_005026.5.fasta	2811	2840	+	30	CTGGATCGAGCCATTGAGGAGTTCACCCTC	GAGGGUGAACUCCUCAAUGGCUCGAUCCAG	0
NM_005026.5:2812-2841	NM_005026.5	NM_005026.5.fasta	2812	2841	+	30	TGGATCGAGCCATTGAGGAGTTCACCCTCT	AGAGGGUGAACUCCUCAAUGGCUCGAUCCA	0
NM_005026.5:2813-2842	NM_005026.5	NM_005026.5.fasta	2813	2842	+	30	GGATCGAGCCATTGAGGAGTTCACCCTCTC	GAGAGGGUGAACUCCUCAAUGGCUCGAUCC	0
NM_005026.5:2814-2843	NM_005026.5	NM_005026.5.fasta	2814	2843	+	30	GATCGAGCCATTGAGGAGTTCACCCTCTCC	GGAGAGGGUGAACUCCUCAAUGGCUCGAUC	0
NM_005026.5:2815-2844	NM_005026.5	NM_005026.5.fasta	2815	2844	+	30	ATCGAGCCATTGAGGAGTTCACCCTCTCCT	AGGAGAGGGUGAACUCCUCAAUGGCUCGAU	0
NM_005026.5:2816-2845	NM_005026.5	NM_005026.5.fasta	2816	2845	+	30	TCGAGCCATTGAGGAGTTCACCCTCTCCTG	CAGGAGAGGGUGAACUCCUCAAUGGCUCGA	0
NM_005026.5:2817-2846	NM_005026.5	NM_005026.5.fasta	2817	2846	+	30	CGAGCCATTGAGGAGTTCACCCTCTCCTGT	ACAGGAGAGGGUGAACUCCUCAAUGGCUCG	0
NM_005026.5:2818-2847	NM_005026.5	NM_005026.5.fasta	2818	2847	+	30	GAGCCATTGAGGAGTTCACCCTCTCCTGTG	CACAGGAGAGGGUGAACUCCUCAAUGGCUC	0
NM_005026.5:2819-2848	NM_005026.5	NM_005026.5.fasta	2819	2848	+	30	AGCCATTGAGGAGTTCACCCTCTCCTGTGC	GCACAGGAGAGGGUGAACUCCUCAAUGGCU	0
NM_005026.5:2820-2849	NM_005026.5	NM_005026.5.fasta	2820	2849	+	30	GCCATTGAGGAGTTCACCCTCTCCTGTGCT	AGCACAGGAGAGGGUGAACUCCUCAAUGGC	0
NM_005026.5:2821-2850	NM_005026.5	NM_005026.5.fasta	2821	2850	+	30	CCATTGAGGAGTTCACCCTCTCCTGTGCTG	CAGCACAGGAGAGGGUGAACUCCUCAAUGG	0
NM_005026.5:2822-2851	NM_005026.5	NM_005026.5.fasta	2822	2851	+	30	CATTGAGGAGTTCACCCTCTCCTGTGCTGG	CCAGCACAGGAGAGGGUGAACUCCUCAAUG	0
NM_005026.5:2823-2852	NM_005026.5	NM_005026.5.fasta	2823	2852	+	30	ATTGAGGAGTTCACCCTCTCCTGTGCTGGC	GCCAGCACAGGAGAGGGUGAACUCCUCAAU	0
NM_005026.5:2824-2853	NM_005026.5	NM_005026.5.fasta	2824	2853	+	30	TTGAGGAGTTCACCCTCTCCTGTGCTGGCT	AGCCAGCACAGGAGAGGGUGAACUCCUCAA	0
NM_005026.5:2825-2854	NM_005026.5	NM_005026.5.fasta	2825	2854	+	30	TGAGGAGTTCACCCTCTCCTGTGCTGGCTA	UAGCCAGCACAGGAGAGGGUGAACUCCUCA	0
NM_005026.5:2826-2855	NM_005026.5	NM_005026.5.fasta	2826	2855	+	30	GAGGAGTTCACCCTCTCCTGTGCTGGCTAT	AUAGCCAGCACAGGAGAGGGUGAACUCCUC	0
NM_005026.5:2827-2856	NM_005026.5	NM_005026.5.fasta	2827	2856	+	30	AGGAGTTCACCCTCTCCTGTGCTGGCTATT	AAUAGCCAGCACAGGAGAGGGUGAACUCCU	0
NM_005026.5:2828-2857	NM_005026.5	NM_005026.5.fasta	2828	2857	+	30	GGAGTTCACCCTCTCCTGTGCTGGCTATTG	CAAUAGCCAGCACAGGAGAGGGUGAACUCC	0
NM_005026.5:2829-2858	NM_005026.5	NM_005026.5.fasta	2829	2858	+	30	GAGTTCACCCTCTCCTGTGCTGGCTATTGT	ACAAUAGCCAGCACAGGAGAGGGUGAACUC	0
NM_005026.5:2830-2859	NM_005026.5	NM_005026.5.fasta	2830	2859	+	30	AGTTCACCCTCTCCTGTGCTGGCTATTGTG	CACAAUAGCCAGCACAGGAGAGGGUGAACU	0
NM_005026.5:2831-2860	NM_005026.5	NM_005026.5.fasta	2831	2860	+	30	GTTCACCCTCTCCTGTGCTGGCTATTGTGT	ACACAAUAGCCAGCACAGGAGAGGGUGAAC	0
NM_005026.5:2832-2861	NM_005026.5	NM_005026.5.fasta	2832	2861	+	30	TTCACCCTCTCCTGTGCTGGCTATTGTGTG	CACACAAUAGCCAGCACAGGAGAGGGUGAA	0
NM_005026.5:2833-2862	NM_005026.5	NM_005026.5.fasta	2833	2862	+	30	TCACCCTCTCCTGTGCTGGCTATTGTGTGG	CCACACAAUAGCCAGCACAGGAGAGGGUGA	0
NM_005026.5:2834-2863	NM_005026.5	NM_005026.5.fasta	2834	2863	+	30	CACCCTCTCCTGTGCTGGCTATTGTGTGGC	GCCACACAAUAGCCAGCACAGGAGAGGGUG	0
NM_005026.5:2835-2864	NM_005026.5	NM_005026.5.fasta	2835	2864	+	30	ACCCTCTCCTGTGCTGGCTATTGTGTGGCC	GGCCACACAAUAGCCAGCACAGGAGAGGGU	0
NM_005026.5:2836-2865	NM_005026.5	NM_005026.5.fasta	2836	2865	+	30	CCCTCTCCTGTGCTGGCTATTGTGTGGCCA	UGGCCACACAAUAGCCAGCACAGGAGAGGG	0
NM_005026.5:2837-2866	NM_005026.5	NM_005026.5.fasta	2837	2866	+	30	CCTCTCCTGTGCTGGCTATTGTGTGGCCAC	GUGGCCACACAAUAGCCAGCACAGGAGAGG	0
NM_005026.5:2838-2867	NM_005026.5	NM_005026.5.fasta	2838	2867	+	30	CTCTCCTGTGCTGGCTATTGTGTGGCCACA	UGUGGCCACACAAUAGCCAGCACAGGAGAG	0
NM_005026.5:2839-2868	NM_005026.5	NM_005026.5.fasta	2839	2868	+	30	TCTCCTGTGCTGGCTATTGTGTGGCCACAT	AUGUGGCCACACAAUAGCCAGCACAGGAGA	0
NM_005026.5:2840-2869	NM_005026.5	NM_005026.5.fasta	2840	2869	+	30	CTCCTGTGCTGGCTATTGTGTGGCCACATA	UAUGUGGCCACACAAUAGCCAGCACAGGAG	0
NM_005026.5:2841-2870	NM_005026.5	NM_005026.5.fasta	2841	2870	+	30	TCCTGTGCTGGCTATTGTGTGGCCACATAT	AUAUGUGGCCACACAAUAGCCAGCACAGGA	0
NM_005026.5:2842-2871	NM_005026.5	NM_005026.5.fasta	2842	2871	+	30	CCTGTGCTGGCTATTGTGTGGCCACATATG	CAUAUGUGGCCACACAAUAGCCAGCACAGG	0
NM_005026.5:2843-2872	NM_005026.5	NM_005026.5.fasta	2843	2872	+	30	CTGTGCTGGCTATTGTGTGGCCACATATGT	ACAUAUGUGGCCACACAAUAGCCAGCACAG	0
NM_005026.5:2844-2873	NM_005026.5	NM_005026.5.fasta	2844	2873	+	30	TGTGCTGGCTATTGTGTGGCCACATATGTG	CACAUAUGUGGCCACACAAUAGCCAGCACA	0
NM_005026.5:2845-2874	NM_005026.5	NM_005026.5.fasta	2845	2874	+	30	GTGCTGGCTATTGTGTGGCCACATATGTGC	GCACAUAUGUGGCCACACAAUAGCCAGCAC	0
NM_005026.5:2846-2875	NM_005026.5	NM_005026.5.fasta	2846	2875	+	30	TGCTGGCTATTGTGTGGCCACATATGTGCT	AGCACAUAUGUGGCCACACAAUAGCCAGCA	0
NM_005026.5:2847-2876	NM_005026.5	NM_005026.5.fasta	2847	2876	+	30	GCTGGCTATTGTGTGGCCACATATGTGCTG	CAGCACAUAUGUGGCCACACAAUAGCCAGC	0
NM_005026.5:2848-2877	NM_005026.5	NM_005026.5.fasta	2848	2877	+	30	CTGGCTATTGTGTGGCCACATATGTGCTGG	CCAGCACAUAUGUGGCCACACAAUAGCCAG	0
NM_005026.5:2849-2878	NM_005026.5	NM_005026.5.fasta	2849	2878	+	30	TGGCTATTGTGTGGCCACATATGTGCTGGG	CCCAGCACAUAUGUGGCCACACAAUAGCCA	0
NM_005026.5:2850-2879	NM_005026.5	NM_005026.5.fasta	2850	2879	+	30	GGCTATTGTGTGGCCACATATGTGCTGGGC	GCCCAGCACAUAUGUGGCCACACAAUAGCC	0
NM_005026.5:2851-2880	NM_005026.5	NM_005026.5.fasta	2851	2880	+	30	GCTATTGTGTGGCCACATATGTGCTGGGCA	UGCCCAGCACAUAUGUGGCCACACAAUAGC	0
NM_005026.5:2852-2881	NM_005026.5	NM_005026.5.fasta	2852	2881	+	30	CTATTGTGTGGCCACATATGTGCTGGGCAT	AUGCCCAGCACAUAUGUGGCCACACAAUAG	0
NM_005026.5:2853-2882	NM_005026.5	NM_005026.5.fasta	2853	2882	+	30	TATTGTGTGGCCACATATGTGCTGGGCATT	AAUGCCCAGCACAUAUGUGGCCACACAAUA	0
NM_005026.5:2854-2883	NM_005026.5	NM_005026.5.fasta	2854	2883	+	30	ATTGTGTGGCCACATATGTGCTGGGCATTG	CAAUGCCCAGCACAUAUGUGGCCACACAAU	0
NM_005026.5:2855-2884	NM_005026.5	NM_005026.5.fasta	2855	2884	+	30	TTGTGTGGCCACATATGTGCTGGGCATTGG	CCAAUGCCCAGCACAUAUGUGGCCACACAA	0
NM_005026.5:2856-2885	NM_005026.5	NM_005026.5.fasta	2856	2885	+	30	TGTGTGGCCACATATGTGCTGGGCATTGGC	GCCAAUGCCCAGCACAUAUGUGGCCACACA	0
NM_005026.5:2857-2886	NM_005026.5	NM_005026.5.fasta	2857	2886	+	30	GTGTGGCCACATATGTGCTGGGCATTGGCG	CGCCAAUGCCCAGCACAUAUGUGGCCACAC	0
NM_005026.5:2858-2887	NM_005026.5	NM_005026.5.fasta	2858	2887	+	30	TGTGGCCACATATGTGCTGGGCATTGGCGA	UCGCCAAUGCCCAGCACAUAUGUGGCCACA	0
NM_005026.5:2859-2888	NM_005026.5	NM_005026.5.fasta	2859	2888	+	30	GTGGCCACATATGTGCTGGGCATTGGCGAT	AUCGCCAAUGCCCAGCACAUAUGUGGCCAC	0
NM_005026.5:2860-2889	NM_005026.5	NM_005026.5.fasta	2860	2889	+	30	TGGCCACATATGTGCTGGGCATTGGCGATC	GAUCGCCAAUGCCCAGCACAUAUGUGGCCA	0
NM_005026.5:2861-2890	NM_005026.5	NM_005026.5.fasta	2861	2890	+	30	GGCCACATATGTGCTGGGCATTGGCGATCG	CGAUCGCCAAUGCCCAGCACAUAUGUGGCC	0
NM_005026.5:2862-2891	NM_005026.5	NM_005026.5.fasta	2862	2891	+	30	GCCACATATGTGCTGGGCATTGGCGATCGG	CCGAUCGCCAAUGCCCAGCACAUAUGUGGC	0
NM_005026.5:2863-2892	NM_005026.5	NM_005026.5.fasta	2863	2892	+	30	CCACATATGTGCTGGGCATTGGCGATCGGC	GCCGAUCGCCAAUGCCCAGCACAUAUGUGG	0
NM_005026.5:2864-2893	NM_005026.5	NM_005026.5.fasta	2864	2893	+	30	CACATATGTGCTGGGCATTGGCGATCGGCA	UGCCGAUCGCCAAUGCCCAGCACAUAUGUG	0
NM_005026.5:2865-2894	NM_005026.5	NM_005026.5.fasta	2865	2894	+	30	ACATATGTGCTGGGCATTGGCGATCGGCAC	GUGCCGAUCGCCAAUGCCCAGCACAUAUGU	0
NM_005026.5:2866-2895	NM_005026.5	NM_005026.5.fasta	2866	2895	+	30	CATATGTGCTGGGCATTGGCGATCGGCACA	UGUGCCGAUCGCCAAUGCCCAGCACAUAUG	0
NM_005026.5:2867-2896	NM_005026.5	NM_005026.5.fasta	2867	2896	+	30	ATATGTGCTGGGCATTGGCGATCGGCACAG	CUGUGCCGAUCGCCAAUGCCCAGCACAUAU	0
NM_005026.5:2868-2897	NM_005026.5	NM_005026.5.fasta	2868	2897	+	30	TATGTGCTGGGCATTGGCGATCGGCACAGC	GCUGUGCCGAUCGCCAAUGCCCAGCACAUA	0
NM_005026.5:2869-2898	NM_005026.5	NM_005026.5.fasta	2869	2898	+	30	ATGTGCTGGGCATTGGCGATCGGCACAGCG	CGCUGUGCCGAUCGCCAAUGCCCAGCACAU	0
NM_005026.5:2870-2899	NM_005026.5	NM_005026.5.fasta	2870	2899	+	30	TGTGCTGGGCATTGGCGATCGGCACAGCGA	UCGCUGUGCCGAUCGCCAAUGCCCAGCACA	0
NM_005026.5:2871-2900	NM_005026.5	NM_005026.5.fasta	2871	2900	+	30	GTGCTGGGCATTGGCGATCGGCACAGCGAC	GUCGCUGUGCCGAUCGCCAAUGCCCAGCAC	0
NM_005026.5:2872-2901	NM_005026.5	NM_005026.5.fasta	2872	2901	+	30	TGCTGGGCATTGGCGATCGGCACAGCGACA	UGUCGCUGUGCCGAUCGCCAAUGCCCAGCA	0
NM_005026.5:2873-2902	NM_005026.5	NM_005026.5.fasta	2873	2902	+	30	GCTGGGCATTGGCGATCGGCACAGCGACAA	UUGUCGCUGUGCCGAUCGCCAAUGCCCAGC	0
NM_005026.5:2874-2903	NM_005026.5	NM_005026.5.fasta	2874	2903	+	30	CTGGGCATTGGCGATCGGCACAGCGACAAC	GUUGUCGCUGUGCCGAUCGCCAAUGCCCAG	0
NM_005026.5:2875-2904	NM_005026.5	NM_005026.5.fasta	2875	2904	+	30	TGGGCATTGGCGATCGGCACAGCGACAACA	UGUUGUCGCUGUGCCGAUCGCCAAUGCCCA	0
NM_005026.5:2876-2905	NM_005026.5	NM_005026.5.fasta	2876	2905	+	30	GGGCATTGGCGATCGGCACAGCGACAACAT	AUGUUGUCGCUGUGCCGAUCGCCAAUGCCC	0
NM_005026.5:2877-2906	NM_005026.5	NM_005026.5.fasta	2877	2906	+	30	GGCATTGGCGATCGGCACAGCGACAACATC	GAUGUUGUCGCUGUGCCGAUCGCCAAUGCC	0
NM_005026.5:2878-2907	NM_005026.5	NM_005026.5.fasta	2878	2907	+	30	GCATTGGCGATCGGCACAGCGACAACATCA	UGAUGUUGUCGCUGUGCCGAUCGCCAAUGC	0
NM_005026.5:2879-2908	NM_005026.5	NM_005026.5.fasta	2879	2908	+	30	CATTGGCGATCGGCACAGCGACAACATCAT	AUGAUGUUGUCGCUGUGCCGAUCGCCAAUG	0
NM_005026.5:2880-2909	NM_005026.5	NM_005026.5.fasta	2880	2909	+	30	ATTGGCGATCGGCACAGCGACAACATCATG	CAUGAUGUUGUCGCUGUGCCGAUCGCCAAU	0
NM_005026.5:2881-2910	NM_005026.5	NM_005026.5.fasta	2881	2910	+	30	TTGGCGATCGGCACAGCGACAACATCATGA	UCAUGAUGUUGUCGCUGUGCCGAUCGCCAA	0
NM_005026.5:2882-2911	NM_005026.5	NM_005026.5.fasta	2882	2911	+	30	TGGCGATCGGCACAGCGACAACATCATGAT	AUCAUGAUGUUGUCGCUGUGCCGAUCGCCA	0
NM_005026.5:2883-2912	NM_005026.5	NM_005026.5.fasta	2883	2912	+	30	GGCGATCGGCACAGCGACAACATCATGATC	GAUCAUGAUGUUGUCGCUGUGCCGAUCGCC	0
NM_005026.5:2884-2913	NM_005026.5	NM_005026.5.fasta	2884	2913	+	30	GCGATCGGCACAGCGACAACATCATGATCC	GGAUCAUGAUGUUGUCGCUGUGCCGAUCGC	0
NM_005026.5:2885-2914	NM_005026.5	NM_005026.5.fasta	2885	2914	+	30	CGATCGGCACAGCGACAACATCATGATCCG	CGGAUCAUGAUGUUGUCGCUGUGCCGAUCG	0
NM_005026.5:2886-2915	NM_005026.5	NM_005026.5.fasta	2886	2915	+	30	GATCGGCACAGCGACAACATCATGATCCGA	UCGGAUCAUGAUGUUGUCGCUGUGCCGAUC	0
NM_005026.5:2887-2916	NM_005026.5	NM_005026.5.fasta	2887	2916	+	30	ATCGGCACAGCGACAACATCATGATCCGAG	CUCGGAUCAUGAUGUUGUCGCUGUGCCGAU	0
NM_005026.5:2888-2917	NM_005026.5	NM_005026.5.fasta	2888	2917	+	30	TCGGCACAGCGACAACATCATGATCCGAGA	UCUCGGAUCAUGAUGUUGUCGCUGUGCCGA	0
NM_005026.5:2889-2918	NM_005026.5	NM_005026.5.fasta	2889	2918	+	30	CGGCACAGCGACAACATCATGATCCGAGAG	CUCUCGGAUCAUGAUGUUGUCGCUGUGCCG	0
NM_005026.5:2890-2919	NM_005026.5	NM_005026.5.fasta	2890	2919	+	30	GGCACAGCGACAACATCATGATCCGAGAGA	UCUCUCGGAUCAUGAUGUUGUCGCUGUGCC	0
NM_005026.5:2891-2920	NM_005026.5	NM_005026.5.fasta	2891	2920	+	30	GCACAGCGACAACATCATGATCCGAGAGAG	CUCUCUCGGAUCAUGAUGUUGUCGCUGUGC	0
NM_005026.5:2892-2921	NM_005026.5	NM_005026.5.fasta	2892	2921	+	30	CACAGCGACAACATCATGATCCGAGAGAGT	ACUCUCUCGGAUCAUGAUGUUGUCGCUGUG	0
NM_005026.5:2893-2922	NM_005026.5	NM_005026.5.fasta	2893	2922	+	30	ACAGCGACAACATCATGATCCGAGAGAGTG	CACUCUCUCGGAUCAUGAUGUUGUCGCUGU	0
NM_005026.5:2894-2923	NM_005026.5	NM_005026.5.fasta	2894	2923	+	30	CAGCGACAACATCATGATCCGAGAGAGTGG	CCACUCUCUCGGAUCAUGAUGUUGUCGCUG	0
NM_005026.5:2895-2924	NM_005026.5	NM_005026.5.fasta	2895	2924	+	30	AGCGACAACATCATGATCCGAGAGAGTGGG	CCCACUCUCUCGGAUCAUGAUGUUGUCGCU	0
NM_005026.5:2896-2925	NM_005026.5	NM_005026.5.fasta	2896	2925	+	30	GCGACAACATCATGATCCGAGAGAGTGGGC	GCCCACUCUCUCGGAUCAUGAUGUUGUCGC	0
NM_005026.5:2897-2926	NM_005026.5	NM_005026.5.fasta	2897	2926	+	30	CGACAACATCATGATCCGAGAGAGTGGGCA	UGCCCACUCUCUCGGAUCAUGAUGUUGUCG	0
NM_005026.5:2898-2927	NM_005026.5	NM_005026.5.fasta	2898	2927	+	30	GACAACATCATGATCCGAGAGAGTGGGCAG	CUGCCCACUCUCUCGGAUCAUGAUGUUGUC	0
NM_005026.5:2899-2928	NM_005026.5	NM_005026.5.fasta	2899	2928	+	30	ACAACATCATGATCCGAGAGAGTGGGCAGC	GCUGCCCACUCUCUCGGAUCAUGAUGUUGU	0
NM_005026.5:2900-2929	NM_005026.5	NM_005026.5.fasta	2900	2929	+	30	CAACATCATGATCCGAGAGAGTGGGCAGCT	AGCUGCCCACUCUCUCGGAUCAUGAUGUUG	0
NM_005026.5:2901-2930	NM_005026.5	NM_005026.5.fasta	2901	2930	+	30	AACATCATGATCCGAGAGAGTGGGCAGCTG	CAGCUGCCCACUCUCUCGGAUCAUGAUGUU	0
NM_005026.5:2902-2931	NM_005026.5	NM_005026.5.fasta	2902	2931	+	30	ACATCATGATCCGAGAGAGTGGGCAGCTGT	ACAGCUGCCCACUCUCUCGGAUCAUGAUGU	0
NM_005026.5:2903-2932	NM_005026.5	NM_005026.5.fasta	2903	2932	+	30	CATCATGATCCGAGAGAGTGGGCAGCTGTT	AACAGCUGCCCACUCUCUCGGAUCAUGAUG	0
NM_005026.5:2904-2933	NM_005026.5	NM_005026.5.fasta	2904	2933	+	30	ATCATGATCCGAGAGAGTGGGCAGCTGTTC	GAACAGCUGCCCACUCUCUCGGAUCAUGAU	0
NM_005026.5:2905-2934	NM_005026.5	NM_005026.5.fasta	2905	2934	+	30	TCATGATCCGAGAGAGTGGGCAGCTGTTCC	GGAACAGCUGCCCACUCUCUCGGAUCAUGA	0
NM_005026.5:2906-2935	NM_005026.5	NM_005026.5.fasta	2906	2935	+	30	CATGATCCGAGAGAGTGGGCAGCTGTTCCA	UGGAACAGCUGCCCACUCUCUCGGAUCAUG	0
NM_005026.5:2907-2936	NM_005026.5	NM_005026.5.fasta	2907	2936	+	30	ATGATCCGAGAGAGTGGGCAGCTGTTCCAC	GUGGAACAGCUGCCCACUCUCUCGGAUCAU	0
NM_005026.5:2908-2937	NM_005026.5	NM_005026.5.fasta	2908	2937	+	30	TGATCCGAGAGAGTGGGCAGCTGTTCCACA	UGUGGAACAGCUGCCCACUCUCUCGGAUCA	0
NM_005026.5:2909-2938	NM_005026.5	NM_005026.5.fasta	2909	2938	+	30	GATCCGAGAGAGTGGGCAGCTGTTCCACAT	AUGUGGAACAGCUGCCCACUCUCUCGGAUC	0
NM_005026.5:2910-2939	NM_005026.5	NM_005026.5.fasta	2910	2939	+	30	ATCCGAGAGAGTGGGCAGCTGTTCCACATT	AAUGUGGAACAGCUGCCCACUCUCUCGGAU	0
NM_005026.5:2911-2940	NM_005026.5	NM_005026.5.fasta	2911	2940	+	30	TCCGAGAGAGTGGGCAGCTGTTCCACATTG	CAAUGUGGAACAGCUGCCCACUCUCUCGGA	0
NM_005026.5:2912-2941	NM_005026.5	NM_005026.5.fasta	2912	2941	+	30	CCGAGAGAGTGGGCAGCTGTTCCACATTGA	UCAAUGUGGAACAGCUGCCCACUCUCUCGG	0
NM_005026.5:2913-2942	NM_005026.5	NM_005026.5.fasta	2913	2942	+	30	CGAGAGAGTGGGCAGCTGTTCCACATTGAT	AUCAAUGUGGAACAGCUGCCCACUCUCUCG	0
NM_005026.5:2914-2943	NM_005026.5	NM_005026.5.fasta	2914	2943	+	30	GAGAGAGTGGGCAGCTGTTCCACATTGATT	AAUCAAUGUGGAACAGCUGCCCACUCUCUC	0
NM_005026.5:2915-2944	NM_005026.5	NM_005026.5.fasta	2915	2944	+	30	AGAGAGTGGGCAGCTGTTCCACATTGATTT	AAAUCAAUGUGGAACAGCUGCCCACUCUCU	0
NM_005026.5:2916-2945	NM_005026.5	NM_005026.5.fasta	2916	2945	+	30	GAGAGTGGGCAGCTGTTCCACATTGATTTT	AAAAUCAAUGUGGAACAGCUGCCCACUCUC	0
NM_005026.5:2917-2946	NM_005026.5	NM_005026.5.fasta	2917	2946	+	30	AGAGTGGGCAGCTGTTCCACATTGATTTTG	CAAAAUCAAUGUGGAACAGCUGCCCACUCU	0
NM_005026.5:2918-2947	NM_005026.5	NM_005026.5.fasta	2918	2947	+	30	GAGTGGGCAGCTGTTCCACATTGATTTTGG	CCAAAAUCAAUGUGGAACAGCUGCCCACUC	0
NM_005026.5:2919-2948	NM_005026.5	NM_005026.5.fasta	2919	2948	+	30	AGTGGGCAGCTGTTCCACATTGATTTTGGC	GCCAAAAUCAAUGUGGAACAGCUGCCCACU	0
NM_005026.5:2920-2949	NM_005026.5	NM_005026.5.fasta	2920	2949	+	30	GTGGGCAGCTGTTCCACATTGATTTTGGCC	GGCCAAAAUCAAUGUGGAACAGCUGCCCAC	0
NM_005026.5:2921-2950	NM_005026.5	NM_005026.5.fasta	2921	2950	+	30	TGGGCAGCTGTTCCACATTGATTTTGGCCA	UGGCCAAAAUCAAUGUGGAACAGCUGCCCA	0
NM_005026.5:2922-2951	NM_005026.5	NM_005026.5.fasta	2922	2951	+	30	GGGCAGCTGTTCCACATTGATTTTGGCCAC	GUGGCCAAAAUCAAUGUGGAACAGCUGCCC	0
NM_005026.5:2923-2952	NM_005026.5	NM_005026.5.fasta	2923	2952	+	30	GGCAGCTGTTCCACATTGATTTTGGCCACT	AGUGGCCAAAAUCAAUGUGGAACAGCUGCC	0
NM_005026.5:2924-2953	NM_005026.5	NM_005026.5.fasta	2924	2953	+	30	GCAGCTGTTCCACATTGATTTTGGCCACTT	AAGUGGCCAAAAUCAAUGUGGAACAGCUGC	0
NM_005026.5:2925-2954	NM_005026.5	NM_005026.5.fasta	2925	2954	+	30	CAGCTGTTCCACATTGATTTTGGCCACTTT	AAAGUGGCCAAAAUCAAUGUGGAACAGCUG	0
NM_005026.5:2926-2955	NM_005026.5	NM_005026.5.fasta	2926	2955	+	30	AGCTGTTCCACATTGATTTTGGCCACTTTC	GAAAGUGGCCAAAAUCAAUGUGGAACAGCU	0
NM_005026.5:2927-2956	NM_005026.5	NM_005026.5.fasta	2927	2956	+	30	GCTGTTCCACATTGATTTTGGCCACTTTCT	AGAAAGUGGCCAAAAUCAAUGUGGAACAGC	0
NM_005026.5:2928-2957	NM_005026.5	NM_005026.5.fasta	2928	2957	+	30	CTGTTCCACATTGATTTTGGCCACTTTCTG	CAGAAAGUGGCCAAAAUCAAUGUGGAACAG	0
NM_005026.5:2929-2958	NM_005026.5	NM_005026.5.fasta	2929	2958	+	30	TGTTCCACATTGATTTTGGCCACTTTCTGG	CCAGAAAGUGGCCAAAAUCAAUGUGGAACA	0
NM_005026.5:2930-2959	NM_005026.5	NM_005026.5.fasta	2930	2959	+	30	GTTCCACATTGATTTTGGCCACTTTCTGGG	CCCAGAAAGUGGCCAAAAUCAAUGUGGAAC	0
NM_005026.5:2931-2960	NM_005026.5	NM_005026.5.fasta	2931	2960	+	30	TTCCACATTGATTTTGGCCACTTTCTGGGG	CCCCAGAAAGUGGCCAAAAUCAAUGUGGAA	0
NM_005026.5:2932-2961	NM_005026.5	NM_005026.5.fasta	2932	2961	+	30	TCCACATTGATTTTGGCCACTTTCTGGGGA	UCCCCAGAAAGUGGCCAAAAUCAAUGUGGA	0
NM_005026.5:2933-2962	NM_005026.5	NM_005026.5.fasta	2933	2962	+	30	CCACATTGATTTTGGCCACTTTCTGGGGAA	UUCCCCAGAAAGUGGCCAAAAUCAAUGUGG	0
NM_005026.5:2934-2963	NM_005026.5	NM_005026.5.fasta	2934	2963	+	30	CACATTGATTTTGGCCACTTTCTGGGGAAT	AUUCCCCAGAAAGUGGCCAAAAUCAAUGUG	0
NM_005026.5:2935-2964	NM_005026.5	NM_005026.5.fasta	2935	2964	+	30	ACATTGATTTTGGCCACTTTCTGGGGAATT	AAUUCCCCAGAAAGUGGCCAAAAUCAAUGU	0
NM_005026.5:2936-2965	NM_005026.5	NM_005026.5.fasta	2936	2965	+	30	CATTGATTTTGGCCACTTTCTGGGGAATTT	AAAUUCCCCAGAAAGUGGCCAAAAUCAAUG	0
NM_005026.5:2937-2966	NM_005026.5	NM_005026.5.fasta	2937	2966	+	30	ATTGATTTTGGCCACTTTCTGGGGAATTTC	GAAAUUCCCCAGAAAGUGGCCAAAAUCAAU	0
NM_005026.5:2938-2967	NM_005026.5	NM_005026.5.fasta	2938	2967	+	30	TTGATTTTGGCCACTTTCTGGGGAATTTCA	UGAAAUUCCCCAGAAAGUGGCCAAAAUCAA	0
NM_005026.5:2939-2968	NM_005026.5	NM_005026.5.fasta	2939	2968	+	30	TGATTTTGGCCACTTTCTGGGGAATTTCAA	UUGAAAUUCCCCAGAAAGUGGCCAAAAUCA	0
NM_005026.5:2940-2969	NM_005026.5	NM_005026.5.fasta	2940	2969	+	30	GATTTTGGCCACTTTCTGGGGAATTTCAAG	CUUGAAAUUCCCCAGAAAGUGGCCAAAAUC	0
NM_005026.5:2941-2970	NM_005026.5	NM_005026.5.fasta	2941	2970	+	30	ATTTTGGCCACTTTCTGGGGAATTTCAAGA	UCUUGAAAUUCCCCAGAAAGUGGCCAAAAU	0
NM_005026.5:2942-2971	NM_005026.5	NM_005026.5.fasta	2942	2971	+	30	TTTTGGCCACTTTCTGGGGAATTTCAAGAC	GUCUUGAAAUUCCCCAGAAAGUGGCCAAAA	0
NM_005026.5:2943-2972	NM_005026.5	NM_005026.5.fasta	2943	2972	+	30	TTTGGCCACTTTCTGGGGAATTTCAAGACC	GGUCUUGAAAUUCCCCAGAAAGUGGCCAAA	0
NM_005026.5:2944-2973	NM_005026.5	NM_005026.5.fasta	2944	2973	+	30	TTGGCCACTTTCTGGGGAATTTCAAGACCA	UGGUCUUGAAAUUCCCCAGAAAGUGGCCAA	0
NM_005026.5:2945-2974	NM_005026.5	NM_005026.5.fasta	2945	2974	+	30	TGGCCACTTTCTGGGGAATTTCAAGACCAA	UUGGUCUUGAAAUUCCCCAGAAAGUGGCCA	0
NM_005026.5:2946-2975	NM_005026.5	NM_005026.5.fasta	2946	2975	+	30	GGCCACTTTCTGGGGAATTTCAAGACCAAG	CUUGGUCUUGAAAUUCCCCAGAAAGUGGCC	0
NM_005026.5:2947-2976	NM_005026.5	NM_005026.5.fasta	2947	2976	+	30	GCCACTTTCTGGGGAATTTCAAGACCAAGT	ACUUGGUCUUGAAAUUCCCCAGAAAGUGGC	0
NM_005026.5:2948-2977	NM_005026.5	NM_005026.5.fasta	2948	2977	+	30	CCACTTTCTGGGGAATTTCAAGACCAAGTT	AACUUGGUCUUGAAAUUCCCCAGAAAGUGG	0
NM_005026.5:2949-2978	NM_005026.5	NM_005026.5.fasta	2949	2978	+	30	CACTTTCTGGGGAATTTCAAGACCAAGTTT	AAACUUGGUCUUGAAAUUCCCCAGAAAGUG	0
NM_005026.5:2950-2979	NM_005026.5	NM_005026.5.fasta	2950	2979	+	30	ACTTTCTGGGGAATTTCAAGACCAAGTTTG	CAAACUUGGUCUUGAAAUUCCCCAGAAAGU	0
NM_005026.5:2951-2980	NM_005026.5	NM_005026.5.fasta	2951	2980	+	30	CTTTCTGGGGAATTTCAAGACCAAGTTTGG	CCAAACUUGGUCUUGAAAUUCCCCAGAAAG	0
NM_005026.5:2952-2981	NM_005026.5	NM_005026.5.fasta	2952	2981	+	30	TTTCTGGGGAATTTCAAGACCAAGTTTGGA	UCCAAACUUGGUCUUGAAAUUCCCCAGAAA	0
NM_005026.5:2953-2982	NM_005026.5	NM_005026.5.fasta	2953	2982	+	30	TTCTGGGGAATTTCAAGACCAAGTTTGGAA	UUCCAAACUUGGUCUUGAAAUUCCCCAGAA	0
NM_005026.5:2954-2983	NM_005026.5	NM_005026.5.fasta	2954	2983	+	30	TCTGGGGAATTTCAAGACCAAGTTTGGAAT	AUUCCAAACUUGGUCUUGAAAUUCCCCAGA	0
NM_005026.5:2955-2984	NM_005026.5	NM_005026.5.fasta	2955	2984	+	30	CTGGGGAATTTCAAGACCAAGTTTGGAATC	GAUUCCAAACUUGGUCUUGAAAUUCCCCAG	0
NM_005026.5:2956-2985	NM_005026.5	NM_005026.5.fasta	2956	2985	+	30	TGGGGAATTTCAAGACCAAGTTTGGAATCA	UGAUUCCAAACUUGGUCUUGAAAUUCCCCA	0
NM_005026.5:2957-2986	NM_005026.5	NM_005026.5.fasta	2957	2986	+	30	GGGGAATTTCAAGACCAAGTTTGGAATCAA	UUGAUUCCAAACUUGGUCUUGAAAUUCCCC	0
NM_005026.5:2958-2987	NM_005026.5	NM_005026.5.fasta	2958	2987	+	30	GGGAATTTCAAGACCAAGTTTGGAATCAAC	GUUGAUUCCAAACUUGGUCUUGAAAUUCCC	0
NM_005026.5:2959-2988	NM_005026.5	NM_005026.5.fasta	2959	2988	+	30	GGAATTTCAAGACCAAGTTTGGAATCAACC	GGUUGAUUCCAAACUUGGUCUUGAAAUUCC	0
NM_005026.5:2960-2989	NM_005026.5	NM_005026.5.fasta	2960	2989	+	30	GAATTTCAAGACCAAGTTTGGAATCAACCG	CGGUUGAUUCCAAACUUGGUCUUGAAAUUC	0
NM_005026.5:2961-2990	NM_005026.5	NM_005026.5.fasta	2961	2990	+	30	AATTTCAAGACCAAGTTTGGAATCAACCGC	GCGGUUGAUUCCAAACUUGGUCUUGAAAUU	0
NM_005026.5:2962-2991	NM_005026.5	NM_005026.5.fasta	2962	2991	+	30	ATTTCAAGACCAAGTTTGGAATCAACCGCG	CGCGGUUGAUUCCAAACUUGGUCUUGAAAU	0
NM_005026.5:2963-2992	NM_005026.5	NM_005026.5.fasta	2963	2992	+	30	TTTCAAGACCAAGTTTGGAATCAACCGCGA	UCGCGGUUGAUUCCAAACUUGGUCUUGAAA	0
NM_005026.5:2964-2993	NM_005026.5	NM_005026.5.fasta	2964	2993	+	30	TTCAAGACCAAGTTTGGAATCAACCGCGAG	CUCGCGGUUGAUUCCAAACUUGGUCUUGAA	0
NM_005026.5:2965-2994	NM_005026.5	NM_005026.5.fasta	2965	2994	+	30	TCAAGACCAAGTTTGGAATCAACCGCGAGC	GCUCGCGGUUGAUUCCAAACUUGGUCUUGA	0
NM_005026.5:2966-2995	NM_005026.5	NM_005026.5.fasta	2966	2995	+	30	CAAGACCAAGTTTGGAATCAACCGCGAGCG	CGCUCGCGGUUGAUUCCAAACUUGGUCUUG	0
NM_005026.5:2967-2996	NM_005026.5	NM_005026.5.fasta	2967	2996	+	30	AAGACCAAGTTTGGAATCAACCGCGAGCGT	ACGCUCGCGGUUGAUUCCAAACUUGGUCUU	0
NM_005026.5:2968-2997	NM_005026.5	NM_005026.5.fasta	2968	2997	+	30	AGACCAAGTTTGGAATCAACCGCGAGCGTG	CACGCUCGCGGUUGAUUCCAAACUUGGUCU	0
NM_005026.5:2969-2998	NM_005026.5	NM_005026.5.fasta	2969	2998	+	30	GACCAAGTTTGGAATCAACCGCGAGCGTGT	ACACGCUCGCGGUUGAUUCCAAACUUGGUC	0
NM_005026.5:2970-2999	NM_005026.5	NM_005026.5.fasta	2970	2999	+	30	ACCAAGTTTGGAATCAACCGCGAGCGTGTC	GACACGCUCGCGGUUGAUUCCAAACUUGGU	0
NM_005026.5:2971-3000	NM_005026.5	NM_005026.5.fasta	2971	3000	+	30	CCAAGTTTGGAATCAACCGCGAGCGTGTCC	GGACACGCUCGCGGUUGAUUCCAAACUUGG	0
NM_005026.5:2972-3001	NM_005026.5	NM_005026.5.fasta	2972	3001	+	30	CAAGTTTGGAATCAACCGCGAGCGTGTCCC	GGGACACGCUCGCGGUUGAUUCCAAACUUG	0
NM_005026.5:2973-3002	NM_005026.5	NM_005026.5.fasta	2973	3002	+	30	AAGTTTGGAATCAACCGCGAGCGTGTCCCA	UGGGACACGCUCGCGGUUGAUUCCAAACUU	0
NM_005026.5:2974-3003	NM_005026.5	NM_005026.5.fasta	2974	3003	+	30	AGTTTGGAATCAACCGCGAGCGTGTCCCAT	AUGGGACACGCUCGCGGUUGAUUCCAAACU	0
NM_005026.5:2975-3004	NM_005026.5	NM_005026.5.fasta	2975	3004	+	30	GTTTGGAATCAACCGCGAGCGTGTCCCATT	AAUGGGACACGCUCGCGGUUGAUUCCAAAC	0
NM_005026.5:2976-3005	NM_005026.5	NM_005026.5.fasta	2976	3005	+	30	TTTGGAATCAACCGCGAGCGTGTCCCATTC	GAAUGGGACACGCUCGCGGUUGAUUCCAAA	0
NM_005026.5:2977-3006	NM_005026.5	NM_005026.5.fasta	2977	3006	+	30	TTGGAATCAACCGCGAGCGTGTCCCATTCA	UGAAUGGGACACGCUCGCGGUUGAUUCCAA	0
NM_005026.5:2978-3007	NM_005026.5	NM_005026.5.fasta	2978	3007	+	30	TGGAATCAACCGCGAGCGTGTCCCATTCAT	AUGAAUGGGACACGCUCGCGGUUGAUUCCA	0
NM_005026.5:2979-3008	NM_005026.5	NM_005026.5.fasta	2979	3008	+	30	GGAATCAACCGCGAGCGTGTCCCATTCATC	GAUGAAUGGGACACGCUCGCGGUUGAUUCC	0
NM_005026.5:2980-3009	NM_005026.5	NM_005026.5.fasta	2980	3009	+	30	GAATCAACCGCGAGCGTGTCCCATTCATCC	GGAUGAAUGGGACACGCUCGCGGUUGAUUC	0
NM_005026.5:2981-3010	NM_005026.5	NM_005026.5.fasta	2981	3010	+	30	AATCAACCGCGAGCGTGTCCCATTCATCCT	AGGAUGAAUGGGACACGCUCGCGGUUGAUU	0
NM_005026.5:2982-3011	NM_005026.5	NM_005026.5.fasta	2982	3011	+	30	ATCAACCGCGAGCGTGTCCCATTCATCCTC	GAGGAUGAAUGGGACACGCUCGCGGUUGAU	0
NM_005026.5:2983-3012	NM_005026.5	NM_005026.5.fasta	2983	3012	+	30	TCAACCGCGAGCGTGTCCCATTCATCCTCA	UGAGGAUGAAUGGGACACGCUCGCGGUUGA	0
NM_005026.5:2984-3013	NM_005026.5	NM_005026.5.fasta	2984	3013	+	30	CAACCGCGAGCGTGTCCCATTCATCCTCAC	GUGAGGAUGAAUGGGACACGCUCGCGGUUG	0
NM_005026.5:2985-3014	NM_005026.5	NM_005026.5.fasta	2985	3014	+	30	AACCGCGAGCGTGTCCCATTCATCCTCACC	GGUGAGGAUGAAUGGGACACGCUCGCGGUU	0
NM_005026.5:2986-3015	NM_005026.5	NM_005026.5.fasta	2986	3015	+	30	ACCGCGAGCGTGTCCCATTCATCCTCACCT	AGGUGAGGAUGAAUGGGACACGCUCGCGGU	0
NM_005026.5:2987-3016	NM_005026.5	NM_005026.5.fasta	2987	3016	+	30	CCGCGAGCGTGTCCCATTCATCCTCACCTA	UAGGUGAGGAUGAAUGGGACACGCUCGCGG	0
NM_005026.5:2988-3017	NM_005026.5	NM_005026.5.fasta	2988	3017	+	30	CGCGAGCGTGTCCCATTCATCCTCACCTAC	GUAGGUGAGGAUGAAUGGGACACGCUCGCG	0
NM_005026.5:2989-3018	NM_005026.5	NM_005026.5.fasta	2989	3018	+	30	GCGAGCGTGTCCCATTCATCCTCACCTACG	CGUAGGUGAGGAUGAAUGGGACACGCUCGC	0
NM_005026.5:2990-3019	NM_005026.5	NM_005026.5.fasta	2990	3019	+	30	CGAGCGTGTCCCATTCATCCTCACCTACGA	UCGUAGGUGAGGAUGAAUGGGACACGCUCG	0
NM_005026.5:2991-3020	NM_005026.5	NM_005026.5.fasta	2991	3020	+	30	GAGCGTGTCCCATTCATCCTCACCTACGAC	GUCGUAGGUGAGGAUGAAUGGGACACGCUC	0
NM_005026.5:2992-3021	NM_005026.5	NM_005026.5.fasta	2992	3021	+	30	AGCGTGTCCCATTCATCCTCACCTACGACT	AGUCGUAGGUGAGGAUGAAUGGGACACGCU	0
NM_005026.5:2993-3022	NM_005026.5	NM_005026.5.fasta	2993	3022	+	30	GCGTGTCCCATTCATCCTCACCTACGACTT	AAGUCGUAGGUGAGGAUGAAUGGGACACGC	0
NM_005026.5:2994-3023	NM_005026.5	NM_005026.5.fasta	2994	3023	+	30	CGTGTCCCATTCATCCTCACCTACGACTTT	AAAGUCGUAGGUGAGGAUGAAUGGGACACG	0
NM_005026.5:2995-3024	NM_005026.5	NM_005026.5.fasta	2995	3024	+	30	GTGTCCCATTCATCCTCACCTACGACTTTG	CAAAGUCGUAGGUGAGGAUGAAUGGGACAC	0
NM_005026.5:2996-3025	NM_005026.5	NM_005026.5.fasta	2996	3025	+	30	TGTCCCATTCATCCTCACCTACGACTTTGT	ACAAAGUCGUAGGUGAGGAUGAAUGGGACA	0
NM_005026.5:2997-3026	NM_005026.5	NM_005026.5.fasta	2997	3026	+	30	GTCCCATTCATCCTCACCTACGACTTTGTC	GACAAAGUCGUAGGUGAGGAUGAAUGGGAC	0
NM_005026.5:2998-3027	NM_005026.5	NM_005026.5.fasta	2998	3027	+	30	TCCCATTCATCCTCACCTACGACTTTGTCC	GGACAAAGUCGUAGGUGAGGAUGAAUGGGA	0
NM_005026.5:2999-3028	NM_005026.5	NM_005026.5.fasta	2999	3028	+	30	CCCATTCATCCTCACCTACGACTTTGTCCA	UGGACAAAGUCGUAGGUGAGGAUGAAUGGG	0
NM_005026.5:3000-3029	NM_005026.5	NM_005026.5.fasta	3000	3029	+	30	CCATTCATCCTCACCTACGACTTTGTCCAT	AUGGACAAAGUCGUAGGUGAGGAUGAAUGG	0
NM_005026.5:3001-3030	NM_005026.5	NM_005026.5.fasta	3001	3030	+	30	CATTCATCCTCACCTACGACTTTGTCCATG	CAUGGACAAAGUCGUAGGUGAGGAUGAAUG	0
NM_005026.5:3002-3031	NM_005026.5	NM_005026.5.fasta	3002	3031	+	30	ATTCATCCTCACCTACGACTTTGTCCATGT	ACAUGGACAAAGUCGUAGGUGAGGAUGAAU	0
NM_005026.5:3003-3032	NM_005026.5	NM_005026.5.fasta	3003	3032	+	30	TTCATCCTCACCTACGACTTTGTCCATGTG	CACAUGGACAAAGUCGUAGGUGAGGAUGAA	0
NM_005026.5:3004-3033	NM_005026.5	NM_005026.5.fasta	3004	3033	+	30	TCATCCTCACCTACGACTTTGTCCATGTGA	UCACAUGGACAAAGUCGUAGGUGAGGAUGA	0
NM_005026.5:3005-3034	NM_005026.5	NM_005026.5.fasta	3005	3034	+	30	CATCCTCACCTACGACTTTGTCCATGTGAT	AUCACAUGGACAAAGUCGUAGGUGAGGAUG	0
NM_005026.5:3006-3035	NM_005026.5	NM_005026.5.fasta	3006	3035	+	30	ATCCTCACCTACGACTTTGTCCATGTGATT	AAUCACAUGGACAAAGUCGUAGGUGAGGAU	0
NM_005026.5:3007-3036	NM_005026.5	NM_005026.5.fasta	3007	3036	+	30	TCCTCACCTACGACTTTGTCCATGTGATTC	GAAUCACAUGGACAAAGUCGUAGGUGAGGA	0
NM_005026.5:3008-3037	NM_005026.5	NM_005026.5.fasta	3008	3037	+	30	CCTCACCTACGACTTTGTCCATGTGATTCA	UGAAUCACAUGGACAAAGUCGUAGGUGAGG	0
NM_005026.5:3009-3038	NM_005026.5	NM_005026.5.fasta	3009	3038	+	30	CTCACCTACGACTTTGTCCATGTGATTCAG	CUGAAUCACAUGGACAAAGUCGUAGGUGAG	0
NM_005026.5:3010-3039	NM_005026.5	NM_005026.5.fasta	3010	3039	+	30	TCACCTACGACTTTGTCCATGTGATTCAGC	GCUGAAUCACAUGGACAAAGUCGUAGGUGA	0
NM_005026.5:3011-3040	NM_005026.5	NM_005026.5.fasta	3011	3040	+	30	CACCTACGACTTTGTCCATGTGATTCAGCA	UGCUGAAUCACAUGGACAAAGUCGUAGGUG	0
NM_005026.5:3012-3041	NM_005026.5	NM_005026.5.fasta	3012	3041	+	30	ACCTACGACTTTGTCCATGTGATTCAGCAG	CUGCUGAAUCACAUGGACAAAGUCGUAGGU	0
NM_005026.5:3013-3042	NM_005026.5	NM_005026.5.fasta	3013	3042	+	30	CCTACGACTTTGTCCATGTGATTCAGCAGG	CCUGCUGAAUCACAUGGACAAAGUCGUAGG	0
NM_005026.5:3014-3043	NM_005026.5	NM_005026.5.fasta	3014	3043	+	30	CTACGACTTTGTCCATGTGATTCAGCAGGG	CCCUGCUGAAUCACAUGGACAAAGUCGUAG	0
NM_005026.5:3015-3044	NM_005026.5	NM_005026.5.fasta	3015	3044	+	30	TACGACTTTGTCCATGTGATTCAGCAGGGG	CCCCUGCUGAAUCACAUGGACAAAGUCGUA	0
NM_005026.5:3016-3045	NM_005026.5	NM_005026.5.fasta	3016	3045	+	30	ACGACTTTGTCCATGTGATTCAGCAGGGGA	UCCCCUGCUGAAUCACAUGGACAAAGUCGU	0
NM_005026.5:3017-3046	NM_005026.5	NM_005026.5.fasta	3017	3046	+	30	CGACTTTGTCCATGTGATTCAGCAGGGGAA	UUCCCCUGCUGAAUCACAUGGACAAAGUCG	0
NM_005026.5:3018-3047	NM_005026.5	NM_005026.5.fasta	3018	3047	+	30	GACTTTGTCCATGTGATTCAGCAGGGGAAG	CUUCCCCUGCUGAAUCACAUGGACAAAGUC	0
NM_005026.5:3019-3048	NM_005026.5	NM_005026.5.fasta	3019	3048	+	30	ACTTTGTCCATGTGATTCAGCAGGGGAAGA	UCUUCCCCUGCUGAAUCACAUGGACAAAGU	0
NM_005026.5:3020-3049	NM_005026.5	NM_005026.5.fasta	3020	3049	+	30	CTTTGTCCATGTGATTCAGCAGGGGAAGAC	GUCUUCCCCUGCUGAAUCACAUGGACAAAG	0
NM_005026.5:3021-3050	NM_005026.5	NM_005026.5.fasta	3021	3050	+	30	TTTGTCCATGTGATTCAGCAGGGGAAGACT	AGUCUUCCCCUGCUGAAUCACAUGGACAAA	0
NM_005026.5:3022-3051	NM_005026.5	NM_005026.5.fasta	3022	3051	+	30	TTGTCCATGTGATTCAGCAGGGGAAGACTA	UAGUCUUCCCCUGCUGAAUCACAUGGACAA	0
NM_005026.5:3023-3052	NM_005026.5	NM_005026.5.fasta	3023	3052	+	30	TGTCCATGTGATTCAGCAGGGGAAGACTAA	UUAGUCUUCCCCUGCUGAAUCACAUGGACA	0
NM_005026.5:3024-3053	NM_005026.5	NM_005026.5.fasta	3024	3053	+	30	GTCCATGTGATTCAGCAGGGGAAGACTAAT	AUUAGUCUUCCCCUGCUGAAUCACAUGGAC	0
NM_005026.5:3025-3054	NM_005026.5	NM_005026.5.fasta	3025	3054	+	30	TCCATGTGATTCAGCAGGGGAAGACTAATA	UAUUAGUCUUCCCCUGCUGAAUCACAUGGA	0
NM_005026.5:3026-3055	NM_005026.5	NM_005026.5.fasta	3026	3055	+	30	CCATGTGATTCAGCAGGGGAAGACTAATAA	UUAUUAGUCUUCCCCUGCUGAAUCACAUGG	0
NM_005026.5:3027-3056	NM_005026.5	NM_005026.5.fasta	3027	3056	+	30	CATGTGATTCAGCAGGGGAAGACTAATAAT	AUUAUUAGUCUUCCCCUGCUGAAUCACAUG	0
NM_005026.5:3028-3057	NM_005026.5	NM_005026.5.fasta	3028	3057	+	30	ATGTGATTCAGCAGGGGAAGACTAATAATA	UAUUAUUAGUCUUCCCCUGCUGAAUCACAU	0
NM_005026.5:3029-3058	NM_005026.5	NM_005026.5.fasta	3029	3058	+	30	TGTGATTCAGCAGGGGAAGACTAATAATAG	CUAUUAUUAGUCUUCCCCUGCUGAAUCACA	0
NM_005026.5:3030-3059	NM_005026.5	NM_005026.5.fasta	3030	3059	+	30	GTGATTCAGCAGGGGAAGACTAATAATAGT	ACUAUUAUUAGUCUUCCCCUGCUGAAUCAC	0
NM_005026.5:3031-3060	NM_005026.5	NM_005026.5.fasta	3031	3060	+	30	TGATTCAGCAGGGGAAGACTAATAATAGTG	CACUAUUAUUAGUCUUCCCCUGCUGAAUCA	0
NM_005026.5:3032-3061	NM_005026.5	NM_005026.5.fasta	3032	3061	+	30	GATTCAGCAGGGGAAGACTAATAATAGTGA	UCACUAUUAUUAGUCUUCCCCUGCUGAAUC	0
NM_005026.5:3033-3062	NM_005026.5	NM_005026.5.fasta	3033	3062	+	30	ATTCAGCAGGGGAAGACTAATAATAGTGAG	CUCACUAUUAUUAGUCUUCCCCUGCUGAAU	0
NM_005026.5:3034-3063	NM_005026.5	NM_005026.5.fasta	3034	3063	+	30	TTCAGCAGGGGAAGACTAATAATAGTGAGA	UCUCACUAUUAUUAGUCUUCCCCUGCUGAA	0
NM_005026.5:3035-3064	NM_005026.5	NM_005026.5.fasta	3035	3064	+	30	TCAGCAGGGGAAGACTAATAATAGTGAGAA	UUCUCACUAUUAUUAGUCUUCCCCUGCUGA	0
NM_005026.5:3036-3065	NM_005026.5	NM_005026.5.fasta	3036	3065	+	30	CAGCAGGGGAAGACTAATAATAGTGAGAAA	UUUCUCACUAUUAUUAGUCUUCCCCUGCUG	0
NM_005026.5:3037-3066	NM_005026.5	NM_005026.5.fasta	3037	3066	+	30	AGCAGGGGAAGACTAATAATAGTGAGAAAT	AUUUCUCACUAUUAUUAGUCUUCCCCUGCU	0
NM_005026.5:3038-3067	NM_005026.5	NM_005026.5.fasta	3038	3067	+	30	GCAGGGGAAGACTAATAATAGTGAGAAATT	AAUUUCUCACUAUUAUUAGUCUUCCCCUGC	0
NM_005026.5:3039-3068	NM_005026.5	NM_005026.5.fasta	3039	3068	+	30	CAGGGGAAGACTAATAATAGTGAGAAATTT	AAAUUUCUCACUAUUAUUAGUCUUCCCCUG	0
NM_005026.5:3040-3069	NM_005026.5	NM_005026.5.fasta	3040	3069	+	30	AGGGGAAGACTAATAATAGTGAGAAATTTG	CAAAUUUCUCACUAUUAUUAGUCUUCCCCU	0
NM_005026.5:3041-3070	NM_005026.5	NM_005026.5.fasta	3041	3070	+	30	GGGGAAGACTAATAATAGTGAGAAATTTGA	UCAAAUUUCUCACUAUUAUUAGUCUUCCCC	0
NM_005026.5:3042-3071	NM_005026.5	NM_005026.5.fasta	3042	3071	+	30	GGGAAGACTAATAATAGTGAGAAATTTGAA	UUCAAAUUUCUCACUAUUAUUAGUCUUCCC	0
NM_005026.5:3043-3072	NM_005026.5	NM_005026.5.fasta	3043	3072	+	30	GGAAGACTAATAATAGTGAGAAATTTGAAC	GUUCAAAUUUCUCACUAUUAUUAGUCUUCC	0
NM_005026.5:3044-3073	NM_005026.5	NM_005026.5.fasta	3044	3073	+	30	GAAGACTAATAATAGTGAGAAATTTGAACG	CGUUCAAAUUUCUCACUAUUAUUAGUCUUC	0
NM_005026.5:3045-3074	NM_005026.5	NM_005026.5.fasta	3045	3074	+	30	AAGACTAATAATAGTGAGAAATTTGAACGG	CCGUUCAAAUUUCUCACUAUUAUUAGUCUU	0
NM_005026.5:3046-3075	NM_005026.5	NM_005026.5.fasta	3046	3075	+	30	AGACTAATAATAGTGAGAAATTTGAACGGT	ACCGUUCAAAUUUCUCACUAUUAUUAGUCU	0
NM_005026.5:3047-3076	NM_005026.5	NM_005026.5.fasta	3047	3076	+	30	GACTAATAATAGTGAGAAATTTGAACGGTT	AACCGUUCAAAUUUCUCACUAUUAUUAGUC	0
NM_005026.5:3048-3077	NM_005026.5	NM_005026.5.fasta	3048	3077	+	30	ACTAATAATAGTGAGAAATTTGAACGGTTC	GAACCGUUCAAAUUUCUCACUAUUAUUAGU	0
NM_005026.5:3049-3078	NM_005026.5	NM_005026.5.fasta	3049	3078	+	30	CTAATAATAGTGAGAAATTTGAACGGTTCC	GGAACCGUUCAAAUUUCUCACUAUUAUUAG	0
NM_005026.5:3050-3079	NM_005026.5	NM_005026.5.fasta	3050	3079	+	30	TAATAATAGTGAGAAATTTGAACGGTTCCG	CGGAACCGUUCAAAUUUCUCACUAUUAUUA	0
NM_005026.5:3051-3080	NM_005026.5	NM_005026.5.fasta	3051	3080	+	30	AATAATAGTGAGAAATTTGAACGGTTCCGG	CCGGAACCGUUCAAAUUUCUCACUAUUAUU	0
NM_005026.5:3052-3081	NM_005026.5	NM_005026.5.fasta	3052	3081	+	30	ATAATAGTGAGAAATTTGAACGGTTCCGGG	CCCGGAACCGUUCAAAUUUCUCACUAUUAU	0
NM_005026.5:3053-3082	NM_005026.5	NM_005026.5.fasta	3053	3082	+	30	TAATAGTGAGAAATTTGAACGGTTCCGGGG	CCCCGGAACCGUUCAAAUUUCUCACUAUUA	0
NM_005026.5:3054-3083	NM_005026.5	NM_005026.5.fasta	3054	3083	+	30	AATAGTGAGAAATTTGAACGGTTCCGGGGC	GCCCCGGAACCGUUCAAAUUUCUCACUAUU	0
NM_005026.5:3055-3084	NM_005026.5	NM_005026.5.fasta	3055	3084	+	30	ATAGTGAGAAATTTGAACGGTTCCGGGGCT	AGCCCCGGAACCGUUCAAAUUUCUCACUAU	0
NM_005026.5:3056-3085	NM_005026.5	NM_005026.5.fasta	3056	3085	+	30	TAGTGAGAAATTTGAACGGTTCCGGGGCTA	UAGCCCCGGAACCGUUCAAAUUUCUCACUA	0
NM_005026.5:3057-3086	NM_005026.5	NM_005026.5.fasta	3057	3086	+	30	AGTGAGAAATTTGAACGGTTCCGGGGCTAC	GUAGCCCCGGAACCGUUCAAAUUUCUCACU	0
NM_005026.5:3058-3087	NM_005026.5	NM_005026.5.fasta	3058	3087	+	30	GTGAGAAATTTGAACGGTTCCGGGGCTACT	AGUAGCCCCGGAACCGUUCAAAUUUCUCAC	0
NM_005026.5:3059-3088	NM_005026.5	NM_005026.5.fasta	3059	3088	+	30	TGAGAAATTTGAACGGTTCCGGGGCTACTG	CAGUAGCCCCGGAACCGUUCAAAUUUCUCA	0
NM_005026.5:3060-3089	NM_005026.5	NM_005026.5.fasta	3060	3089	+	30	GAGAAATTTGAACGGTTCCGGGGCTACTGT	ACAGUAGCCCCGGAACCGUUCAAAUUUCUC	0
NM_005026.5:3061-3090	NM_005026.5	NM_005026.5.fasta	3061	3090	+	30	AGAAATTTGAACGGTTCCGGGGCTACTGTG	CACAGUAGCCCCGGAACCGUUCAAAUUUCU	0
NM_005026.5:3062-3091	NM_005026.5	NM_005026.5.fasta	3062	3091	+	30	GAAATTTGAACGGTTCCGGGGCTACTGTGA	UCACAGUAGCCCCGGAACCGUUCAAAUUUC	0
NM_005026.5:3063-3092	NM_005026.5	NM_005026.5.fasta	3063	3092	+	30	AAATTTGAACGGTTCCGGGGCTACTGTGAA	UUCACAGUAGCCCCGGAACCGUUCAAAUUU	0
NM_005026.5:3064-3093	NM_005026.5	NM_005026.5.fasta	3064	3093	+	30	AATTTGAACGGTTCCGGGGCTACTGTGAAA	UUUCACAGUAGCCCCGGAACCGUUCAAAUU	0
NM_005026.5:3065-3094	NM_005026.5	NM_005026.5.fasta	3065	3094	+	30	ATTTGAACGGTTCCGGGGCTACTGTGAAAG	CUUUCACAGUAGCCCCGGAACCGUUCAAAU	0
NM_005026.5:3066-3095	NM_005026.5	NM_005026.5.fasta	3066	3095	+	30	TTTGAACGGTTCCGGGGCTACTGTGAAAGG	CCUUUCACAGUAGCCCCGGAACCGUUCAAA	0
NM_005026.5:3067-3096	NM_005026.5	NM_005026.5.fasta	3067	3096	+	30	TTGAACGGTTCCGGGGCTACTGTGAAAGGG	CCCUUUCACAGUAGCCCCGGAACCGUUCAA	0
NM_005026.5:3068-3097	NM_005026.5	NM_005026.5.fasta	3068	3097	+	30	TGAACGGTTCCGGGGCTACTGTGAAAGGGC	GCCCUUUCACAGUAGCCCCGGAACCGUUCA	0
NM_005026.5:3069-3098	NM_005026.5	NM_005026.5.fasta	3069	3098	+	30	GAACGGTTCCGGGGCTACTGTGAAAGGGCC	GGCCCUUUCACAGUAGCCCCGGAACCGUUC	0
NM_005026.5:3070-3099	NM_005026.5	NM_005026.5.fasta	3070	3099	+	30	AACGGTTCCGGGGCTACTGTGAAAGGGCCT	AGGCCCUUUCACAGUAGCCCCGGAACCGUU	0
NM_005026.5:3071-3100	NM_005026.5	NM_005026.5.fasta	3071	3100	+	30	ACGGTTCCGGGGCTACTGTGAAAGGGCCTA	UAGGCCCUUUCACAGUAGCCCCGGAACCGU	0
NM_005026.5:3072-3101	NM_005026.5	NM_005026.5.fasta	3072	3101	+	30	CGGTTCCGGGGCTACTGTGAAAGGGCCTAC	GUAGGCCCUUUCACAGUAGCCCCGGAACCG	0
NM_005026.5:3073-3102	NM_005026.5	NM_005026.5.fasta	3073	3102	+	30	GGTTCCGGGGCTACTGTGAAAGGGCCTACA	UGUAGGCCCUUUCACAGUAGCCCCGGAACC	0
NM_005026.5:3074-3103	NM_005026.5	NM_005026.5.fasta	3074	3103	+	30	GTTCCGGGGCTACTGTGAAAGGGCCTACAC	GUGUAGGCCCUUUCACAGUAGCCCCGGAAC	0
NM_005026.5:3075-3104	NM_005026.5	NM_005026.5.fasta	3075	3104	+	30	TTCCGGGGCTACTGTGAAAGGGCCTACACC	GGUGUAGGCCCUUUCACAGUAGCCCCGGAA	0
NM_005026.5:3076-3105	NM_005026.5	NM_005026.5.fasta	3076	3105	+	30	TCCGGGGCTACTGTGAAAGGGCCTACACCA	UGGUGUAGGCCCUUUCACAGUAGCCCCGGA	0
NM_005026.5:3077-3106	NM_005026.5	NM_005026.5.fasta	3077	3106	+	30	CCGGGGCTACTGTGAAAGGGCCTACACCAT	AUGGUGUAGGCCCUUUCACAGUAGCCCCGG	0
NM_005026.5:3078-3107	NM_005026.5	NM_005026.5.fasta	3078	3107	+	30	CGGGGCTACTGTGAAAGGGCCTACACCATC	GAUGGUGUAGGCCCUUUCACAGUAGCCCCG	0
NM_005026.5:3079-3108	NM_005026.5	NM_005026.5.fasta	3079	3108	+	30	GGGGCTACTGTGAAAGGGCCTACACCATCC	GGAUGGUGUAGGCCCUUUCACAGUAGCCCC	0
NM_005026.5:3080-3109	NM_005026.5	NM_005026.5.fasta	3080	3109	+	30	GGGCTACTGTGAAAGGGCCTACACCATCCT	AGGAUGGUGUAGGCCCUUUCACAGUAGCCC	0
NM_005026.5:3081-3110	NM_005026.5	NM_005026.5.fasta	3081	3110	+	30	GGCTACTGTGAAAGGGCCTACACCATCCTG	CAGGAUGGUGUAGGCCCUUUCACAGUAGCC	0
NM_005026.5:3082-3111	NM_005026.5	NM_005026.5.fasta	3082	3111	+	30	GCTACTGTGAAAGGGCCTACACCATCCTGC	GCAGGAUGGUGUAGGCCCUUUCACAGUAGC	0
NM_005026.5:3083-3112	NM_005026.5	NM_005026.5.fasta	3083	3112	+	30	CTACTGTGAAAGGGCCTACACCATCCTGCG	CGCAGGAUGGUGUAGGCCCUUUCACAGUAG	0
NM_005026.5:3084-3113	NM_005026.5	NM_005026.5.fasta	3084	3113	+	30	TACTGTGAAAGGGCCTACACCATCCTGCGG	CCGCAGGAUGGUGUAGGCCCUUUCACAGUA	0
NM_005026.5:3085-3114	NM_005026.5	NM_005026.5.fasta	3085	3114	+	30	ACTGTGAAAGGGCCTACACCATCCTGCGGC	GCCGCAGGAUGGUGUAGGCCCUUUCACAGU	0
NM_005026.5:3086-3115	NM_005026.5	NM_005026.5.fasta	3086	3115	+	30	CTGTGAAAGGGCCTACACCATCCTGCGGCG	CGCCGCAGGAUGGUGUAGGCCCUUUCACAG	0
NM_005026.5:3087-3116	NM_005026.5	NM_005026.5.fasta	3087	3116	+	30	TGTGAAAGGGCCTACACCATCCTGCGGCGC	GCGCCGCAGGAUGGUGUAGGCCCUUUCACA	0
NM_005026.5:3088-3117	NM_005026.5	NM_005026.5.fasta	3088	3117	+	30	GTGAAAGGGCCTACACCATCCTGCGGCGCC	GGCGCCGCAGGAUGGUGUAGGCCCUUUCAC	0
NM_005026.5:3089-3118	NM_005026.5	NM_005026.5.fasta	3089	3118	+	30	TGAAAGGGCCTACACCATCCTGCGGCGCCA	UGGCGCCGCAGGAUGGUGUAGGCCCUUUCA	0
NM_005026.5:3090-3119	NM_005026.5	NM_005026.5.fasta	3090	3119	+	30	GAAAGGGCCTACACCATCCTGCGGCGCCAC	GUGGCGCCGCAGGAUGGUGUAGGCCCUUUC	0
NM_005026.5:3091-3120	NM_005026.5	NM_005026.5.fasta	3091	3120	+	30	AAAGGGCCTACACCATCCTGCGGCGCCACG	CGUGGCGCCGCAGGAUGGUGUAGGCCCUUU	0
NM_005026.5:3092-3121	NM_005026.5	NM_005026.5.fasta	3092	3121	+	30	AAGGGCCTACACCATCCTGCGGCGCCACGG	CCGUGGCGCCGCAGGAUGGUGUAGGCCCUU	0
NM_005026.5:3093-3122	NM_005026.5	NM_005026.5.fasta	3093	3122	+	30	AGGGCCTACACCATCCTGCGGCGCCACGGG	CCCGUGGCGCCGCAGGAUGGUGUAGGCCCU	0
NM_005026.5:3094-3123	NM_005026.5	NM_005026.5.fasta	3094	3123	+	30	GGGCCTACACCATCCTGCGGCGCCACGGGC	GCCCGUGGCGCCGCAGGAUGGUGUAGGCCC	0
NM_005026.5:3095-3124	NM_005026.5	NM_005026.5.fasta	3095	3124	+	30	GGCCTACACCATCCTGCGGCGCCACGGGCT	AGCCCGUGGCGCCGCAGGAUGGUGUAGGCC	0
NM_005026.5:3096-3125	NM_005026.5	NM_005026.5.fasta	3096	3125	+	30	GCCTACACCATCCTGCGGCGCCACGGGCTT	AAGCCCGUGGCGCCGCAGGAUGGUGUAGGC	0
NM_005026.5:3097-3126	NM_005026.5	NM_005026.5.fasta	3097	3126	+	30	CCTACACCATCCTGCGGCGCCACGGGCTTC	GAAGCCCGUGGCGCCGCAGGAUGGUGUAGG	0
NM_005026.5:3098-3127	NM_005026.5	NM_005026.5.fasta	3098	3127	+	30	CTACACCATCCTGCGGCGCCACGGGCTTCT	AGAAGCCCGUGGCGCCGCAGGAUGGUGUAG	0
NM_005026.5:3099-3128	NM_005026.5	NM_005026.5.fasta	3099	3128	+	30	TACACCATCCTGCGGCGCCACGGGCTTCTC	GAGAAGCCCGUGGCGCCGCAGGAUGGUGUA	0
NM_005026.5:3100-3129	NM_005026.5	NM_005026.5.fasta	3100	3129	+	30	ACACCATCCTGCGGCGCCACGGGCTTCTCT	AGAGAAGCCCGUGGCGCCGCAGGAUGGUGU	0
NM_005026.5:3101-3130	NM_005026.5	NM_005026.5.fasta	3101	3130	+	30	CACCATCCTGCGGCGCCACGGGCTTCTCTT	AAGAGAAGCCCGUGGCGCCGCAGGAUGGUG	0
NM_005026.5:3102-3131	NM_005026.5	NM_005026.5.fasta	3102	3131	+	30	ACCATCCTGCGGCGCCACGGGCTTCTCTTC	GAAGAGAAGCCCGUGGCGCCGCAGGAUGGU	0
NM_005026.5:3103-3132	NM_005026.5	NM_005026.5.fasta	3103	3132	+	30	CCATCCTGCGGCGCCACGGGCTTCTCTTCC	GGAAGAGAAGCCCGUGGCGCCGCAGGAUGG	0
NM_005026.5:3104-3133	NM_005026.5	NM_005026.5.fasta	3104	3133	+	30	CATCCTGCGGCGCCACGGGCTTCTCTTCCT	AGGAAGAGAAGCCCGUGGCGCCGCAGGAUG	0
NM_005026.5:3105-3134	NM_005026.5	NM_005026.5.fasta	3105	3134	+	30	ATCCTGCGGCGCCACGGGCTTCTCTTCCTC	GAGGAAGAGAAGCCCGUGGCGCCGCAGGAU	0
NM_005026.5:3106-3135	NM_005026.5	NM_005026.5.fasta	3106	3135	+	30	TCCTGCGGCGCCACGGGCTTCTCTTCCTCC	GGAGGAAGAGAAGCCCGUGGCGCCGCAGGA	0
NM_005026.5:3107-3136	NM_005026.5	NM_005026.5.fasta	3107	3136	+	30	CCTGCGGCGCCACGGGCTTCTCTTCCTCCA	UGGAGGAAGAGAAGCCCGUGGCGCCGCAGG	0
NM_005026.5:3108-3137	NM_005026.5	NM_005026.5.fasta	3108	3137	+	30	CTGCGGCGCCACGGGCTTCTCTTCCTCCAC	GUGGAGGAAGAGAAGCCCGUGGCGCCGCAG	0
NM_005026.5:3109-3138	NM_005026.5	NM_005026.5.fasta	3109	3138	+	30	TGCGGCGCCACGGGCTTCTCTTCCTCCACC	GGUGGAGGAAGAGAAGCCCGUGGCGCCGCA	0
NM_005026.5:3110-3139	NM_005026.5	NM_005026.5.fasta	3110	3139	+	30	GCGGCGCCACGGGCTTCTCTTCCTCCACCT	AGGUGGAGGAAGAGAAGCCCGUGGCGCCGC	0
NM_005026.5:3111-3140	NM_005026.5	NM_005026.5.fasta	3111	3140	+	30	CGGCGCCACGGGCTTCTCTTCCTCCACCTC	GAGGUGGAGGAAGAGAAGCCCGUGGCGCCG	0
NM_005026.5:3112-3141	NM_005026.5	NM_005026.5.fasta	3112	3141	+	30	GGCGCCACGGGCTTCTCTTCCTCCACCTCT	AGAGGUGGAGGAAGAGAAGCCCGUGGCGCC	0
NM_005026.5:3113-3142	NM_005026.5	NM_005026.5.fasta	3113	3142	+	30	GCGCCACGGGCTTCTCTTCCTCCACCTCTT	AAGAGGUGGAGGAAGAGAAGCCCGUGGCGC	0
NM_005026.5:3114-3143	NM_005026.5	NM_005026.5.fasta	3114	3143	+	30	CGCCACGGGCTTCTCTTCCTCCACCTCTTT	AAAGAGGUGGAGGAAGAGAAGCCCGUGGCG	0
NM_005026.5:3115-3144	NM_005026.5	NM_005026.5.fasta	3115	3144	+	30	GCCACGGGCTTCTCTTCCTCCACCTCTTTG	CAAAGAGGUGGAGGAAGAGAAGCCCGUGGC	0
NM_005026.5:3116-3145	NM_005026.5	NM_005026.5.fasta	3116	3145	+	30	CCACGGGCTTCTCTTCCTCCACCTCTTTGC	GCAAAGAGGUGGAGGAAGAGAAGCCCGUGG	0
NM_005026.5:3117-3146	NM_005026.5	NM_005026.5.fasta	3117	3146	+	30	CACGGGCTTCTCTTCCTCCACCTCTTTGCC	GGCAAAGAGGUGGAGGAAGAGAAGCCCGUG	0
NM_005026.5:3118-3147	NM_005026.5	NM_005026.5.fasta	3118	3147	+	30	ACGGGCTTCTCTTCCTCCACCTCTTTGCCC	GGGCAAAGAGGUGGAGGAAGAGAAGCCCGU	0
NM_005026.5:3119-3148	NM_005026.5	NM_005026.5.fasta	3119	3148	+	30	CGGGCTTCTCTTCCTCCACCTCTTTGCCCT	AGGGCAAAGAGGUGGAGGAAGAGAAGCCCG	0
NM_005026.5:3120-3149	NM_005026.5	NM_005026.5.fasta	3120	3149	+	30	GGGCTTCTCTTCCTCCACCTCTTTGCCCTG	CAGGGCAAAGAGGUGGAGGAAGAGAAGCCC	0
NM_005026.5:3121-3150	NM_005026.5	NM_005026.5.fasta	3121	3150	+	30	GGCTTCTCTTCCTCCACCTCTTTGCCCTGA	UCAGGGCAAAGAGGUGGAGGAAGAGAAGCC	0
NM_005026.5:3122-3151	NM_005026.5	NM_005026.5.fasta	3122	3151	+	30	GCTTCTCTTCCTCCACCTCTTTGCCCTGAT	AUCAGGGCAAAGAGGUGGAGGAAGAGAAGC	0
NM_005026.5:3123-3152	NM_005026.5	NM_005026.5.fasta	3123	3152	+	30	CTTCTCTTCCTCCACCTCTTTGCCCTGATG	CAUCAGGGCAAAGAGGUGGAGGAAGAGAAG	0
NM_005026.5:3124-3153	NM_005026.5	NM_005026.5.fasta	3124	3153	+	30	TTCTCTTCCTCCACCTCTTTGCCCTGATGC	GCAUCAGGGCAAAGAGGUGGAGGAAGAGAA	0
NM_005026.5:3125-3154	NM_005026.5	NM_005026.5.fasta	3125	3154	+	30	TCTCTTCCTCCACCTCTTTGCCCTGATGCG	CGCAUCAGGGCAAAGAGGUGGAGGAAGAGA	0
NM_005026.5:3126-3155	NM_005026.5	NM_005026.5.fasta	3126	3155	+	30	CTCTTCCTCCACCTCTTTGCCCTGATGCGG	CCGCAUCAGGGCAAAGAGGUGGAGGAAGAG	0
NM_005026.5:3127-3156	NM_005026.5	NM_005026.5.fasta	3127	3156	+	30	TCTTCCTCCACCTCTTTGCCCTGATGCGGG	CCCGCAUCAGGGCAAAGAGGUGGAGGAAGA	0
NM_005026.5:3128-3157	NM_005026.5	NM_005026.5.fasta	3128	3157	+	30	CTTCCTCCACCTCTTTGCCCTGATGCGGGC	GCCCGCAUCAGGGCAAAGAGGUGGAGGAAG	0
NM_005026.5:3129-3158	NM_005026.5	NM_005026.5.fasta	3129	3158	+	30	TTCCTCCACCTCTTTGCCCTGATGCGGGCG	CGCCCGCAUCAGGGCAAAGAGGUGGAGGAA	0
NM_005026.5:3130-3159	NM_005026.5	NM_005026.5.fasta	3130	3159	+	30	TCCTCCACCTCTTTGCCCTGATGCGGGCGG	CCGCCCGCAUCAGGGCAAAGAGGUGGAGGA	0
NM_005026.5:3131-3160	NM_005026.5	NM_005026.5.fasta	3131	3160	+	30	CCTCCACCTCTTTGCCCTGATGCGGGCGGC	GCCGCCCGCAUCAGGGCAAAGAGGUGGAGG	0
NM_005026.5:3132-3161	NM_005026.5	NM_005026.5.fasta	3132	3161	+	30	CTCCACCTCTTTGCCCTGATGCGGGCGGCA	UGCCGCCCGCAUCAGGGCAAAGAGGUGGAG	0
NM_005026.5:3133-3162	NM_005026.5	NM_005026.5.fasta	3133	3162	+	30	TCCACCTCTTTGCCCTGATGCGGGCGGCAG	CUGCCGCCCGCAUCAGGGCAAAGAGGUGGA	0
NM_005026.5:3134-3163	NM_005026.5	NM_005026.5.fasta	3134	3163	+	30	CCACCTCTTTGCCCTGATGCGGGCGGCAGG	CCUGCCGCCCGCAUCAGGGCAAAGAGGUGG	0
NM_005026.5:3135-3164	NM_005026.5	NM_005026.5.fasta	3135	3164	+	30	CACCTCTTTGCCCTGATGCGGGCGGCAGGC	GCCUGCCGCCCGCAUCAGGGCAAAGAGGUG	0
NM_005026.5:3136-3165	NM_005026.5	NM_005026.5.fasta	3136	3165	+	30	ACCTCTTTGCCCTGATGCGGGCGGCAGGCC	GGCCUGCCGCCCGCAUCAGGGCAAAGAGGU	0
NM_005026.5:3137-3166	NM_005026.5	NM_005026.5.fasta	3137	3166	+	30	CCTCTTTGCCCTGATGCGGGCGGCAGGCCT	AGGCCUGCCGCCCGCAUCAGGGCAAAGAGG	0
NM_005026.5:3138-3167	NM_005026.5	NM_005026.5.fasta	3138	3167	+	30	CTCTTTGCCCTGATGCGGGCGGCAGGCCTG	CAGGCCUGCCGCCCGCAUCAGGGCAAAGAG	0
NM_005026.5:3139-3168	NM_005026.5	NM_005026.5.fasta	3139	3168	+	30	TCTTTGCCCTGATGCGGGCGGCAGGCCTGC	GCAGGCCUGCCGCCCGCAUCAGGGCAAAGA	0
NM_005026.5:3140-3169	NM_005026.5	NM_005026.5.fasta	3140	3169	+	30	CTTTGCCCTGATGCGGGCGGCAGGCCTGCC	GGCAGGCCUGCCGCCCGCAUCAGGGCAAAG	0
NM_005026.5:3141-3170	NM_005026.5	NM_005026.5.fasta	3141	3170	+	30	TTTGCCCTGATGCGGGCGGCAGGCCTGCCT	AGGCAGGCCUGCCGCCCGCAUCAGGGCAAA	0
NM_005026.5:3142-3171	NM_005026.5	NM_005026.5.fasta	3142	3171	+	30	TTGCCCTGATGCGGGCGGCAGGCCTGCCTG	CAGGCAGGCCUGCCGCCCGCAUCAGGGCAA	0
NM_005026.5:3143-3172	NM_005026.5	NM_005026.5.fasta	3143	3172	+	30	TGCCCTGATGCGGGCGGCAGGCCTGCCTGA	UCAGGCAGGCCUGCCGCCCGCAUCAGGGCA	0
NM_005026.5:3144-3173	NM_005026.5	NM_005026.5.fasta	3144	3173	+	30	GCCCTGATGCGGGCGGCAGGCCTGCCTGAG	CUCAGGCAGGCCUGCCGCCCGCAUCAGGGC	0
NM_005026.5:3145-3174	NM_005026.5	NM_005026.5.fasta	3145	3174	+	30	CCCTGATGCGGGCGGCAGGCCTGCCTGAGC	GCUCAGGCAGGCCUGCCGCCCGCAUCAGGG	0
NM_005026.5:3146-3175	NM_005026.5	NM_005026.5.fasta	3146	3175	+	30	CCTGATGCGGGCGGCAGGCCTGCCTGAGCT	AGCUCAGGCAGGCCUGCCGCCCGCAUCAGG	0
NM_005026.5:3147-3176	NM_005026.5	NM_005026.5.fasta	3147	3176	+	30	CTGATGCGGGCGGCAGGCCTGCCTGAGCTC	GAGCUCAGGCAGGCCUGCCGCCCGCAUCAG	0
NM_005026.5:3148-3177	NM_005026.5	NM_005026.5.fasta	3148	3177	+	30	TGATGCGGGCGGCAGGCCTGCCTGAGCTCA	UGAGCUCAGGCAGGCCUGCCGCCCGCAUCA	0
NM_005026.5:3149-3178	NM_005026.5	NM_005026.5.fasta	3149	3178	+	30	GATGCGGGCGGCAGGCCTGCCTGAGCTCAG	CUGAGCUCAGGCAGGCCUGCCGCCCGCAUC	0
NM_005026.5:3150-3179	NM_005026.5	NM_005026.5.fasta	3150	3179	+	30	ATGCGGGCGGCAGGCCTGCCTGAGCTCAGC	GCUGAGCUCAGGCAGGCCUGCCGCCCGCAU	0
NM_005026.5:3151-3180	NM_005026.5	NM_005026.5.fasta	3151	3180	+	30	TGCGGGCGGCAGGCCTGCCTGAGCTCAGCT	AGCUGAGCUCAGGCAGGCCUGCCGCCCGCA	0
NM_005026.5:3152-3181	NM_005026.5	NM_005026.5.fasta	3152	3181	+	30	GCGGGCGGCAGGCCTGCCTGAGCTCAGCTG	CAGCUGAGCUCAGGCAGGCCUGCCGCCCGC	0
NM_005026.5:3153-3182	NM_005026.5	NM_005026.5.fasta	3153	3182	+	30	CGGGCGGCAGGCCTGCCTGAGCTCAGCTGC	GCAGCUGAGCUCAGGCAGGCCUGCCGCCCG	0
NM_005026.5:3154-3183	NM_005026.5	NM_005026.5.fasta	3154	3183	+	30	GGGCGGCAGGCCTGCCTGAGCTCAGCTGCT	AGCAGCUGAGCUCAGGCAGGCCUGCCGCCC	0
NM_005026.5:3155-3184	NM_005026.5	NM_005026.5.fasta	3155	3184	+	30	GGCGGCAGGCCTGCCTGAGCTCAGCTGCTC	GAGCAGCUGAGCUCAGGCAGGCCUGCCGCC	0
NM_005026.5:3156-3185	NM_005026.5	NM_005026.5.fasta	3156	3185	+	30	GCGGCAGGCCTGCCTGAGCTCAGCTGCTCC	GGAGCAGCUGAGCUCAGGCAGGCCUGCCGC	0
NM_005026.5:3157-3186	NM_005026.5	NM_005026.5.fasta	3157	3186	+	30	CGGCAGGCCTGCCTGAGCTCAGCTGCTCCA	UGGAGCAGCUGAGCUCAGGCAGGCCUGCCG	0
NM_005026.5:3158-3187	NM_005026.5	NM_005026.5.fasta	3158	3187	+	30	GGCAGGCCTGCCTGAGCTCAGCTGCTCCAA	UUGGAGCAGCUGAGCUCAGGCAGGCCUGCC	0
NM_005026.5:3159-3188	NM_005026.5	NM_005026.5.fasta	3159	3188	+	30	GCAGGCCTGCCTGAGCTCAGCTGCTCCAAA	UUUGGAGCAGCUGAGCUCAGGCAGGCCUGC	0
NM_005026.5:3160-3189	NM_005026.5	NM_005026.5.fasta	3160	3189	+	30	CAGGCCTGCCTGAGCTCAGCTGCTCCAAAG	CUUUGGAGCAGCUGAGCUCAGGCAGGCCUG	0
NM_005026.5:3161-3190	NM_005026.5	NM_005026.5.fasta	3161	3190	+	30	AGGCCTGCCTGAGCTCAGCTGCTCCAAAGA	UCUUUGGAGCAGCUGAGCUCAGGCAGGCCU	0
NM_005026.5:3162-3191	NM_005026.5	NM_005026.5.fasta	3162	3191	+	30	GGCCTGCCTGAGCTCAGCTGCTCCAAAGAC	GUCUUUGGAGCAGCUGAGCUCAGGCAGGCC	0
NM_005026.5:3163-3192	NM_005026.5	NM_005026.5.fasta	3163	3192	+	30	GCCTGCCTGAGCTCAGCTGCTCCAAAGACA	UGUCUUUGGAGCAGCUGAGCUCAGGCAGGC	0
NM_005026.5:3164-3193	NM_005026.5	NM_005026.5.fasta	3164	3193	+	30	CCTGCCTGAGCTCAGCTGCTCCAAAGACAT	AUGUCUUUGGAGCAGCUGAGCUCAGGCAGG	0
NM_005026.5:3165-3194	NM_005026.5	NM_005026.5.fasta	3165	3194	+	30	CTGCCTGAGCTCAGCTGCTCCAAAGACATC	GAUGUCUUUGGAGCAGCUGAGCUCAGGCAG	0
NM_005026.5:3166-3195	NM_005026.5	NM_005026.5.fasta	3166	3195	+	30	TGCCTGAGCTCAGCTGCTCCAAAGACATCC	GGAUGUCUUUGGAGCAGCUGAGCUCAGGCA	0
NM_005026.5:3167-3196	NM_005026.5	NM_005026.5.fasta	3167	3196	+	30	GCCTGAGCTCAGCTGCTCCAAAGACATCCA	UGGAUGUCUUUGGAGCAGCUGAGCUCAGGC	0
NM_005026.5:3168-3197	NM_005026.5	NM_005026.5.fasta	3168	3197	+	30	CCTGAGCTCAGCTGCTCCAAAGACATCCAG	CUGGAUGUCUUUGGAGCAGCUGAGCUCAGG	0
NM_005026.5:3169-3198	NM_005026.5	NM_005026.5.fasta	3169	3198	+	30	CTGAGCTCAGCTGCTCCAAAGACATCCAGT	ACUGGAUGUCUUUGGAGCAGCUGAGCUCAG	0
NM_005026.5:3170-3199	NM_005026.5	NM_005026.5.fasta	3170	3199	+	30	TGAGCTCAGCTGCTCCAAAGACATCCAGTA	UACUGGAUGUCUUUGGAGCAGCUGAGCUCA	0
NM_005026.5:3171-3200	NM_005026.5	NM_005026.5.fasta	3171	3200	+	30	GAGCTCAGCTGCTCCAAAGACATCCAGTAT	AUACUGGAUGUCUUUGGAGCAGCUGAGCUC	0
NM_005026.5:3172-3201	NM_005026.5	NM_005026.5.fasta	3172	3201	+	30	AGCTCAGCTGCTCCAAAGACATCCAGTATC	GAUACUGGAUGUCUUUGGAGCAGCUGAGCU	0
NM_005026.5:3173-3202	NM_005026.5	NM_005026.5.fasta	3173	3202	+	30	GCTCAGCTGCTCCAAAGACATCCAGTATCT	AGAUACUGGAUGUCUUUGGAGCAGCUGAGC	0
NM_005026.5:3174-3203	NM_005026.5	NM_005026.5.fasta	3174	3203	+	30	CTCAGCTGCTCCAAAGACATCCAGTATCTC	GAGAUACUGGAUGUCUUUGGAGCAGCUGAG	0
NM_005026.5:3175-3204	NM_005026.5	NM_005026.5.fasta	3175	3204	+	30	TCAGCTGCTCCAAAGACATCCAGTATCTCA	UGAGAUACUGGAUGUCUUUGGAGCAGCUGA	0
NM_005026.5:3176-3205	NM_005026.5	NM_005026.5.fasta	3176	3205	+	30	CAGCTGCTCCAAAGACATCCAGTATCTCAA	UUGAGAUACUGGAUGUCUUUGGAGCAGCUG	0
NM_005026.5:3177-3206	NM_005026.5	NM_005026.5.fasta	3177	3206	+	30	AGCTGCTCCAAAGACATCCAGTATCTCAAG	CUUGAGAUACUGGAUGUCUUUGGAGCAGCU	0
NM_005026.5:3178-3207	NM_005026.5	NM_005026.5.fasta	3178	3207	+	30	GCTGCTCCAAAGACATCCAGTATCTCAAGG	CCUUGAGAUACUGGAUGUCUUUGGAGCAGC	0
NM_005026.5:3179-3208	NM_005026.5	NM_005026.5.fasta	3179	3208	+	30	CTGCTCCAAAGACATCCAGTATCTCAAGGA	UCCUUGAGAUACUGGAUGUCUUUGGAGCAG	0
NM_005026.5:3180-3209	NM_005026.5	NM_005026.5.fasta	3180	3209	+	30	TGCTCCAAAGACATCCAGTATCTCAAGGAC	GUCCUUGAGAUACUGGAUGUCUUUGGAGCA	0
NM_005026.5:3181-3210	NM_005026.5	NM_005026.5.fasta	3181	3210	+	30	GCTCCAAAGACATCCAGTATCTCAAGGACT	AGUCCUUGAGAUACUGGAUGUCUUUGGAGC	0
NM_005026.5:3182-3211	NM_005026.5	NM_005026.5.fasta	3182	3211	+	30	CTCCAAAGACATCCAGTATCTCAAGGACTC	GAGUCCUUGAGAUACUGGAUGUCUUUGGAG	0
NM_005026.5:3183-3212	NM_005026.5	NM_005026.5.fasta	3183	3212	+	30	TCCAAAGACATCCAGTATCTCAAGGACTCC	GGAGUCCUUGAGAUACUGGAUGUCUUUGGA	0
NM_005026.5:3184-3213	NM_005026.5	NM_005026.5.fasta	3184	3213	+	30	CCAAAGACATCCAGTATCTCAAGGACTCCC	GGGAGUCCUUGAGAUACUGGAUGUCUUUGG	0
NM_005026.5:3185-3214	NM_005026.5	NM_005026.5.fasta	3185	3214	+	30	CAAAGACATCCAGTATCTCAAGGACTCCCT	AGGGAGUCCUUGAGAUACUGGAUGUCUUUG	0
NM_005026.5:3186-3215	NM_005026.5	NM_005026.5.fasta	3186	3215	+	30	AAAGACATCCAGTATCTCAAGGACTCCCTG	CAGGGAGUCCUUGAGAUACUGGAUGUCUUU	0
NM_005026.5:3187-3216	NM_005026.5	NM_005026.5.fasta	3187	3216	+	30	AAGACATCCAGTATCTCAAGGACTCCCTGG	CCAGGGAGUCCUUGAGAUACUGGAUGUCUU	0
NM_005026.5:3188-3217	NM_005026.5	NM_005026.5.fasta	3188	3217	+	30	AGACATCCAGTATCTCAAGGACTCCCTGGC	GCCAGGGAGUCCUUGAGAUACUGGAUGUCU	0
NM_005026.5:3189-3218	NM_005026.5	NM_005026.5.fasta	3189	3218	+	30	GACATCCAGTATCTCAAGGACTCCCTGGCA	UGCCAGGGAGUCCUUGAGAUACUGGAUGUC	0
NM_005026.5:3190-3219	NM_005026.5	NM_005026.5.fasta	3190	3219	+	30	ACATCCAGTATCTCAAGGACTCCCTGGCAC	GUGCCAGGGAGUCCUUGAGAUACUGGAUGU	0
NM_005026.5:3191-3220	NM_005026.5	NM_005026.5.fasta	3191	3220	+	30	CATCCAGTATCTCAAGGACTCCCTGGCACT	AGUGCCAGGGAGUCCUUGAGAUACUGGAUG	0
NM_005026.5:3192-3221	NM_005026.5	NM_005026.5.fasta	3192	3221	+	30	ATCCAGTATCTCAAGGACTCCCTGGCACTG	CAGUGCCAGGGAGUCCUUGAGAUACUGGAU	0
NM_005026.5:3193-3222	NM_005026.5	NM_005026.5.fasta	3193	3222	+	30	TCCAGTATCTCAAGGACTCCCTGGCACTGG	CCAGUGCCAGGGAGUCCUUGAGAUACUGGA	0
NM_005026.5:3194-3223	NM_005026.5	NM_005026.5.fasta	3194	3223	+	30	CCAGTATCTCAAGGACTCCCTGGCACTGGG	CCCAGUGCCAGGGAGUCCUUGAGAUACUGG	0
NM_005026.5:3195-3224	NM_005026.5	NM_005026.5.fasta	3195	3224	+	30	CAGTATCTCAAGGACTCCCTGGCACTGGGG	CCCCAGUGCCAGGGAGUCCUUGAGAUACUG	0
NM_005026.5:3196-3225	NM_005026.5	NM_005026.5.fasta	3196	3225	+	30	AGTATCTCAAGGACTCCCTGGCACTGGGGA	UCCCCAGUGCCAGGGAGUCCUUGAGAUACU	0
NM_005026.5:3197-3226	NM_005026.5	NM_005026.5.fasta	3197	3226	+	30	GTATCTCAAGGACTCCCTGGCACTGGGGAA	UUCCCCAGUGCCAGGGAGUCCUUGAGAUAC	0
NM_005026.5:3198-3227	NM_005026.5	NM_005026.5.fasta	3198	3227	+	30	TATCTCAAGGACTCCCTGGCACTGGGGAAA	UUUCCCCAGUGCCAGGGAGUCCUUGAGAUA	0
NM_005026.5:3199-3228	NM_005026.5	NM_005026.5.fasta	3199	3228	+	30	ATCTCAAGGACTCCCTGGCACTGGGGAAAA	UUUUCCCCAGUGCCAGGGAGUCCUUGAGAU	0
NM_005026.5:3200-3229	NM_005026.5	NM_005026.5.fasta	3200	3229	+	30	TCTCAAGGACTCCCTGGCACTGGGGAAAAC	GUUUUCCCCAGUGCCAGGGAGUCCUUGAGA	0
NM_005026.5:3201-3230	NM_005026.5	NM_005026.5.fasta	3201	3230	+	30	CTCAAGGACTCCCTGGCACTGGGGAAAACA	UGUUUUCCCCAGUGCCAGGGAGUCCUUGAG	0
NM_005026.5:3202-3231	NM_005026.5	NM_005026.5.fasta	3202	3231	+	30	TCAAGGACTCCCTGGCACTGGGGAAAACAG	CUGUUUUCCCCAGUGCCAGGGAGUCCUUGA	0
NM_005026.5:3203-3232	NM_005026.5	NM_005026.5.fasta	3203	3232	+	30	CAAGGACTCCCTGGCACTGGGGAAAACAGA	UCUGUUUUCCCCAGUGCCAGGGAGUCCUUG	0
NM_005026.5:3204-3233	NM_005026.5	NM_005026.5.fasta	3204	3233	+	30	AAGGACTCCCTGGCACTGGGGAAAACAGAG	CUCUGUUUUCCCCAGUGCCAGGGAGUCCUU	0
NM_005026.5:3205-3234	NM_005026.5	NM_005026.5.fasta	3205	3234	+	30	AGGACTCCCTGGCACTGGGGAAAACAGAGG	CCUCUGUUUUCCCCAGUGCCAGGGAGUCCU	0
NM_005026.5:3206-3235	NM_005026.5	NM_005026.5.fasta	3206	3235	+	30	GGACTCCCTGGCACTGGGGAAAACAGAGGA	UCCUCUGUUUUCCCCAGUGCCAGGGAGUCC	0
NM_005026.5:3207-3236	NM_005026.5	NM_005026.5.fasta	3207	3236	+	30	GACTCCCTGGCACTGGGGAAAACAGAGGAG	CUCCUCUGUUUUCCCCAGUGCCAGGGAGUC	0
NM_005026.5:3208-3237	NM_005026.5	NM_005026.5.fasta	3208	3237	+	30	ACTCCCTGGCACTGGGGAAAACAGAGGAGG	CCUCCUCUGUUUUCCCCAGUGCCAGGGAGU	0
NM_005026.5:3209-3238	NM_005026.5	NM_005026.5.fasta	3209	3238	+	30	CTCCCTGGCACTGGGGAAAACAGAGGAGGA	UCCUCCUCUGUUUUCCCCAGUGCCAGGGAG	0
NM_005026.5:3210-3239	NM_005026.5	NM_005026.5.fasta	3210	3239	+	30	TCCCTGGCACTGGGGAAAACAGAGGAGGAG	CUCCUCCUCUGUUUUCCCCAGUGCCAGGGA	0
NM_005026.5:3211-3240	NM_005026.5	NM_005026.5.fasta	3211	3240	+	30	CCCTGGCACTGGGGAAAACAGAGGAGGAGG	CCUCCUCCUCUGUUUUCCCCAGUGCCAGGG	0
NM_005026.5:3212-3241	NM_005026.5	NM_005026.5.fasta	3212	3241	+	30	CCTGGCACTGGGGAAAACAGAGGAGGAGGC	GCCUCCUCCUCUGUUUUCCCCAGUGCCAGG	0
NM_005026.5:3213-3242	NM_005026.5	NM_005026.5.fasta	3213	3242	+	30	CTGGCACTGGGGAAAACAGAGGAGGAGGCA	UGCCUCCUCCUCUGUUUUCCCCAGUGCCAG	0
NM_005026.5:3214-3243	NM_005026.5	NM_005026.5.fasta	3214	3243	+	30	TGGCACTGGGGAAAACAGAGGAGGAGGCAC	GUGCCUCCUCCUCUGUUUUCCCCAGUGCCA	0
NM_005026.5:3215-3244	NM_005026.5	NM_005026.5.fasta	3215	3244	+	30	GGCACTGGGGAAAACAGAGGAGGAGGCACT	AGUGCCUCCUCCUCUGUUUUCCCCAGUGCC	0
NM_005026.5:3216-3245	NM_005026.5	NM_005026.5.fasta	3216	3245	+	30	GCACTGGGGAAAACAGAGGAGGAGGCACTG	CAGUGCCUCCUCCUCUGUUUUCCCCAGUGC	0
NM_005026.5:3217-3246	NM_005026.5	NM_005026.5.fasta	3217	3246	+	30	CACTGGGGAAAACAGAGGAGGAGGCACTGA	UCAGUGCCUCCUCCUCUGUUUUCCCCAGUG	0
NM_005026.5:3218-3247	NM_005026.5	NM_005026.5.fasta	3218	3247	+	30	ACTGGGGAAAACAGAGGAGGAGGCACTGAA	UUCAGUGCCUCCUCCUCUGUUUUCCCCAGU	0
NM_005026.5:3219-3248	NM_005026.5	NM_005026.5.fasta	3219	3248	+	30	CTGGGGAAAACAGAGGAGGAGGCACTGAAG	CUUCAGUGCCUCCUCCUCUGUUUUCCCCAG	0
NM_005026.5:3220-3249	NM_005026.5	NM_005026.5.fasta	3220	3249	+	30	TGGGGAAAACAGAGGAGGAGGCACTGAAGC	GCUUCAGUGCCUCCUCCUCUGUUUUCCCCA	0
NM_005026.5:3221-3250	NM_005026.5	NM_005026.5.fasta	3221	3250	+	30	GGGGAAAACAGAGGAGGAGGCACTGAAGCA	UGCUUCAGUGCCUCCUCCUCUGUUUUCCCC	0
NM_005026.5:3222-3251	NM_005026.5	NM_005026.5.fasta	3222	3251	+	30	GGGAAAACAGAGGAGGAGGCACTGAAGCAC	GUGCUUCAGUGCCUCCUCCUCUGUUUUCCC	0
NM_005026.5:3223-3252	NM_005026.5	NM_005026.5.fasta	3223	3252	+	30	GGAAAACAGAGGAGGAGGCACTGAAGCACT	AGUGCUUCAGUGCCUCCUCCUCUGUUUUCC	0
NM_005026.5:3224-3253	NM_005026.5	NM_005026.5.fasta	3224	3253	+	30	GAAAACAGAGGAGGAGGCACTGAAGCACTT	AAGUGCUUCAGUGCCUCCUCCUCUGUUUUC	0
NM_005026.5:3225-3254	NM_005026.5	NM_005026.5.fasta	3225	3254	+	30	AAAACAGAGGAGGAGGCACTGAAGCACTTC	GAAGUGCUUCAGUGCCUCCUCCUCUGUUUU	0
NM_005026.5:3226-3255	NM_005026.5	NM_005026.5.fasta	3226	3255	+	30	AAACAGAGGAGGAGGCACTGAAGCACTTCC	GGAAGUGCUUCAGUGCCUCCUCCUCUGUUU	0
NM_005026.5:3227-3256	NM_005026.5	NM_005026.5.fasta	3227	3256	+	30	AACAGAGGAGGAGGCACTGAAGCACTTCCG	CGGAAGUGCUUCAGUGCCUCCUCCUCUGUU	0
NM_005026.5:3228-3257	NM_005026.5	NM_005026.5.fasta	3228	3257	+	30	ACAGAGGAGGAGGCACTGAAGCACTTCCGA	UCGGAAGUGCUUCAGUGCCUCCUCCUCUGU	0
NM_005026.5:3229-3258	NM_005026.5	NM_005026.5.fasta	3229	3258	+	30	CAGAGGAGGAGGCACTGAAGCACTTCCGAG	CUCGGAAGUGCUUCAGUGCCUCCUCCUCUG	0
NM_005026.5:3230-3259	NM_005026.5	NM_005026.5.fasta	3230	3259	+	30	AGAGGAGGAGGCACTGAAGCACTTCCGAGT	ACUCGGAAGUGCUUCAGUGCCUCCUCCUCU	0
NM_005026.5:3231-3260	NM_005026.5	NM_005026.5.fasta	3231	3260	+	30	GAGGAGGAGGCACTGAAGCACTTCCGAGTG	CACUCGGAAGUGCUUCAGUGCCUCCUCCUC	0
NM_005026.5:3232-3261	NM_005026.5	NM_005026.5.fasta	3232	3261	+	30	AGGAGGAGGCACTGAAGCACTTCCGAGTGA	UCACUCGGAAGUGCUUCAGUGCCUCCUCCU	0
NM_005026.5:3233-3262	NM_005026.5	NM_005026.5.fasta	3233	3262	+	30	GGAGGAGGCACTGAAGCACTTCCGAGTGAA	UUCACUCGGAAGUGCUUCAGUGCCUCCUCC	0
NM_005026.5:3234-3263	NM_005026.5	NM_005026.5.fasta	3234	3263	+	30	GAGGAGGCACTGAAGCACTTCCGAGTGAAG	CUUCACUCGGAAGUGCUUCAGUGCCUCCUC	0
NM_005026.5:3235-3264	NM_005026.5	NM_005026.5.fasta	3235	3264	+	30	AGGAGGCACTGAAGCACTTCCGAGTGAAGT	ACUUCACUCGGAAGUGCUUCAGUGCCUCCU	0
NM_005026.5:3236-3265	NM_005026.5	NM_005026.5.fasta	3236	3265	+	30	GGAGGCACTGAAGCACTTCCGAGTGAAGTT	AACUUCACUCGGAAGUGCUUCAGUGCCUCC	0
NM_005026.5:3237-3266	NM_005026.5	NM_005026.5.fasta	3237	3266	+	30	GAGGCACTGAAGCACTTCCGAGTGAAGTTT	AAACUUCACUCGGAAGUGCUUCAGUGCCUC	0
NM_005026.5:3238-3267	NM_005026.5	NM_005026.5.fasta	3238	3267	+	30	AGGCACTGAAGCACTTCCGAGTGAAGTTTA	UAAACUUCACUCGGAAGUGCUUCAGUGCCU	0
NM_005026.5:3239-3268	NM_005026.5	NM_005026.5.fasta	3239	3268	+	30	GGCACTGAAGCACTTCCGAGTGAAGTTTAA	UUAAACUUCACUCGGAAGUGCUUCAGUGCC	0
NM_005026.5:3240-3269	NM_005026.5	NM_005026.5.fasta	3240	3269	+	30	GCACTGAAGCACTTCCGAGTGAAGTTTAAC	GUUAAACUUCACUCGGAAGUGCUUCAGUGC	0
NM_005026.5:3241-3270	NM_005026.5	NM_005026.5.fasta	3241	3270	+	30	CACTGAAGCACTTCCGAGTGAAGTTTAACG	CGUUAAACUUCACUCGGAAGUGCUUCAGUG	0
NM_005026.5:3242-3271	NM_005026.5	NM_005026.5.fasta	3242	3271	+	30	ACTGAAGCACTTCCGAGTGAAGTTTAACGA	UCGUUAAACUUCACUCGGAAGUGCUUCAGU	0
NM_005026.5:3243-3272	NM_005026.5	NM_005026.5.fasta	3243	3272	+	30	CTGAAGCACTTCCGAGTGAAGTTTAACGAA	UUCGUUAAACUUCACUCGGAAGUGCUUCAG	0
NM_005026.5:3244-3273	NM_005026.5	NM_005026.5.fasta	3244	3273	+	30	TGAAGCACTTCCGAGTGAAGTTTAACGAAG	CUUCGUUAAACUUCACUCGGAAGUGCUUCA	0
NM_005026.5:3245-3274	NM_005026.5	NM_005026.5.fasta	3245	3274	+	30	GAAGCACTTCCGAGTGAAGTTTAACGAAGC	GCUUCGUUAAACUUCACUCGGAAGUGCUUC	0
NM_005026.5:3246-3275	NM_005026.5	NM_005026.5.fasta	3246	3275	+	30	AAGCACTTCCGAGTGAAGTTTAACGAAGCC	GGCUUCGUUAAACUUCACUCGGAAGUGCUU	0
NM_005026.5:3247-3276	NM_005026.5	NM_005026.5.fasta	3247	3276	+	30	AGCACTTCCGAGTGAAGTTTAACGAAGCCC	GGGCUUCGUUAAACUUCACUCGGAAGUGCU	0
NM_005026.5:3248-3277	NM_005026.5	NM_005026.5.fasta	3248	3277	+	30	GCACTTCCGAGTGAAGTTTAACGAAGCCCT	AGGGCUUCGUUAAACUUCACUCGGAAGUGC	0
NM_005026.5:3249-3278	NM_005026.5	NM_005026.5.fasta	3249	3278	+	30	CACTTCCGAGTGAAGTTTAACGAAGCCCTC	GAGGGCUUCGUUAAACUUCACUCGGAAGUG	0
NM_005026.5:3250-3279	NM_005026.5	NM_005026.5.fasta	3250	3279	+	30	ACTTCCGAGTGAAGTTTAACGAAGCCCTCC	GGAGGGCUUCGUUAAACUUCACUCGGAAGU	0
NM_005026.5:3251-3280	NM_005026.5	NM_005026.5.fasta	3251	3280	+	30	CTTCCGAGTGAAGTTTAACGAAGCCCTCCG	CGGAGGGCUUCGUUAAACUUCACUCGGAAG	0
NM_005026.5:3252-3281	NM_005026.5	NM_005026.5.fasta	3252	3281	+	30	TTCCGAGTGAAGTTTAACGAAGCCCTCCGT	ACGGAGGGCUUCGUUAAACUUCACUCGGAA	0
NM_005026.5:3253-3282	NM_005026.5	NM_005026.5.fasta	3253	3282	+	30	TCCGAGTGAAGTTTAACGAAGCCCTCCGTG	CACGGAGGGCUUCGUUAAACUUCACUCGGA	0
NM_005026.5:3254-3283	NM_005026.5	NM_005026.5.fasta	3254	3283	+	30	CCGAGTGAAGTTTAACGAAGCCCTCCGTGA	UCACGGAGGGCUUCGUUAAACUUCACUCGG	0
NM_005026.5:3255-3284	NM_005026.5	NM_005026.5.fasta	3255	3284	+	30	CGAGTGAAGTTTAACGAAGCCCTCCGTGAG	CUCACGGAGGGCUUCGUUAAACUUCACUCG	0
NM_005026.5:3256-3285	NM_005026.5	NM_005026.5.fasta	3256	3285	+	30	GAGTGAAGTTTAACGAAGCCCTCCGTGAGA	UCUCACGGAGGGCUUCGUUAAACUUCACUC	0
NM_005026.5:3257-3286	NM_005026.5	NM_005026.5.fasta	3257	3286	+	30	AGTGAAGTTTAACGAAGCCCTCCGTGAGAG	CUCUCACGGAGGGCUUCGUUAAACUUCACU	0
NM_005026.5:3258-3287	NM_005026.5	NM_005026.5.fasta	3258	3287	+	30	GTGAAGTTTAACGAAGCCCTCCGTGAGAGC	GCUCUCACGGAGGGCUUCGUUAAACUUCAC	0
NM_005026.5:3259-3288	NM_005026.5	NM_005026.5.fasta	3259	3288	+	30	TGAAGTTTAACGAAGCCCTCCGTGAGAGCT	AGCUCUCACGGAGGGCUUCGUUAAACUUCA	0
NM_005026.5:3260-3289	NM_005026.5	NM_005026.5.fasta	3260	3289	+	30	GAAGTTTAACGAAGCCCTCCGTGAGAGCTG	CAGCUCUCACGGAGGGCUUCGUUAAACUUC	0
NM_005026.5:3261-3290	NM_005026.5	NM_005026.5.fasta	3261	3290	+	30	AAGTTTAACGAAGCCCTCCGTGAGAGCTGG	CCAGCUCUCACGGAGGGCUUCGUUAAACUU	0
NM_005026.5:3262-3291	NM_005026.5	NM_005026.5.fasta	3262	3291	+	30	AGTTTAACGAAGCCCTCCGTGAGAGCTGGA	UCCAGCUCUCACGGAGGGCUUCGUUAAACU	0
NM_005026.5:3263-3292	NM_005026.5	NM_005026.5.fasta	3263	3292	+	30	GTTTAACGAAGCCCTCCGTGAGAGCTGGAA	UUCCAGCUCUCACGGAGGGCUUCGUUAAAC	0
NM_005026.5:3264-3293	NM_005026.5	NM_005026.5.fasta	3264	3293	+	30	TTTAACGAAGCCCTCCGTGAGAGCTGGAAA	UUUCCAGCUCUCACGGAGGGCUUCGUUAAA	0
NM_005026.5:3265-3294	NM_005026.5	NM_005026.5.fasta	3265	3294	+	30	TTAACGAAGCCCTCCGTGAGAGCTGGAAAA	UUUUCCAGCUCUCACGGAGGGCUUCGUUAA	0
NM_005026.5:3266-3295	NM_005026.5	NM_005026.5.fasta	3266	3295	+	30	TAACGAAGCCCTCCGTGAGAGCTGGAAAAC	GUUUUCCAGCUCUCACGGAGGGCUUCGUUA	0
NM_005026.5:3267-3296	NM_005026.5	NM_005026.5.fasta	3267	3296	+	30	AACGAAGCCCTCCGTGAGAGCTGGAAAACC	GGUUUUCCAGCUCUCACGGAGGGCUUCGUU	0
NM_005026.5:3268-3297	NM_005026.5	NM_005026.5.fasta	3268	3297	+	30	ACGAAGCCCTCCGTGAGAGCTGGAAAACCA	UGGUUUUCCAGCUCUCACGGAGGGCUUCGU	0
NM_005026.5:3269-3298	NM_005026.5	NM_005026.5.fasta	3269	3298	+	30	CGAAGCCCTCCGTGAGAGCTGGAAAACCAA	UUGGUUUUCCAGCUCUCACGGAGGGCUUCG	0
NM_005026.5:3270-3299	NM_005026.5	NM_005026.5.fasta	3270	3299	+	30	GAAGCCCTCCGTGAGAGCTGGAAAACCAAA	UUUGGUUUUCCAGCUCUCACGGAGGGCUUC	0
NM_005026.5:3271-3300	NM_005026.5	NM_005026.5.fasta	3271	3300	+	30	AAGCCCTCCGTGAGAGCTGGAAAACCAAAG	CUUUGGUUUUCCAGCUCUCACGGAGGGCUU	0
NM_005026.5:3272-3301	NM_005026.5	NM_005026.5.fasta	3272	3301	+	30	AGCCCTCCGTGAGAGCTGGAAAACCAAAGT	ACUUUGGUUUUCCAGCUCUCACGGAGGGCU	0
NM_005026.5:3273-3302	NM_005026.5	NM_005026.5.fasta	3273	3302	+	30	GCCCTCCGTGAGAGCTGGAAAACCAAAGTG	CACUUUGGUUUUCCAGCUCUCACGGAGGGC	0
NM_005026.5:3274-3303	NM_005026.5	NM_005026.5.fasta	3274	3303	+	30	CCCTCCGTGAGAGCTGGAAAACCAAAGTGA	UCACUUUGGUUUUCCAGCUCUCACGGAGGG	0
NM_005026.5:3275-3304	NM_005026.5	NM_005026.5.fasta	3275	3304	+	30	CCTCCGTGAGAGCTGGAAAACCAAAGTGAA	UUCACUUUGGUUUUCCAGCUCUCACGGAGG	0
NM_005026.5:3276-3305	NM_005026.5	NM_005026.5.fasta	3276	3305	+	30	CTCCGTGAGAGCTGGAAAACCAAAGTGAAC	GUUCACUUUGGUUUUCCAGCUCUCACGGAG	0
NM_005026.5:3277-3306	NM_005026.5	NM_005026.5.fasta	3277	3306	+	30	TCCGTGAGAGCTGGAAAACCAAAGTGAACT	AGUUCACUUUGGUUUUCCAGCUCUCACGGA	0
NM_005026.5:3278-3307	NM_005026.5	NM_005026.5.fasta	3278	3307	+	30	CCGTGAGAGCTGGAAAACCAAAGTGAACTG	CAGUUCACUUUGGUUUUCCAGCUCUCACGG	0
NM_005026.5:3279-3308	NM_005026.5	NM_005026.5.fasta	3279	3308	+	30	CGTGAGAGCTGGAAAACCAAAGTGAACTGG	CCAGUUCACUUUGGUUUUCCAGCUCUCACG	0
NM_005026.5:3280-3309	NM_005026.5	NM_005026.5.fasta	3280	3309	+	30	GTGAGAGCTGGAAAACCAAAGTGAACTGGC	GCCAGUUCACUUUGGUUUUCCAGCUCUCAC	0
NM_005026.5:3281-3310	NM_005026.5	NM_005026.5.fasta	3281	3310	+	30	TGAGAGCTGGAAAACCAAAGTGAACTGGCT	AGCCAGUUCACUUUGGUUUUCCAGCUCUCA	0
NM_005026.5:3282-3311	NM_005026.5	NM_005026.5.fasta	3282	3311	+	30	GAGAGCTGGAAAACCAAAGTGAACTGGCTG	CAGCCAGUUCACUUUGGUUUUCCAGCUCUC	0
NM_005026.5:3283-3312	NM_005026.5	NM_005026.5.fasta	3283	3312	+	30	AGAGCTGGAAAACCAAAGTGAACTGGCTGG	CCAGCCAGUUCACUUUGGUUUUCCAGCUCU	0
NM_005026.5:3284-3313	NM_005026.5	NM_005026.5.fasta	3284	3313	+	30	GAGCTGGAAAACCAAAGTGAACTGGCTGGC	GCCAGCCAGUUCACUUUGGUUUUCCAGCUC	0
NM_005026.5:3285-3314	NM_005026.5	NM_005026.5.fasta	3285	3314	+	30	AGCTGGAAAACCAAAGTGAACTGGCTGGCC	GGCCAGCCAGUUCACUUUGGUUUUCCAGCU	0
NM_005026.5:3286-3315	NM_005026.5	NM_005026.5.fasta	3286	3315	+	30	GCTGGAAAACCAAAGTGAACTGGCTGGCCC	GGGCCAGCCAGUUCACUUUGGUUUUCCAGC	0
NM_005026.5:3287-3316	NM_005026.5	NM_005026.5.fasta	3287	3316	+	30	CTGGAAAACCAAAGTGAACTGGCTGGCCCA	UGGGCCAGCCAGUUCACUUUGGUUUUCCAG	0
NM_005026.5:3288-3317	NM_005026.5	NM_005026.5.fasta	3288	3317	+	30	TGGAAAACCAAAGTGAACTGGCTGGCCCAC	GUGGGCCAGCCAGUUCACUUUGGUUUUCCA	0
NM_005026.5:3289-3318	NM_005026.5	NM_005026.5.fasta	3289	3318	+	30	GGAAAACCAAAGTGAACTGGCTGGCCCACA	UGUGGGCCAGCCAGUUCACUUUGGUUUUCC	0
NM_005026.5:3290-3319	NM_005026.5	NM_005026.5.fasta	3290	3319	+	30	GAAAACCAAAGTGAACTGGCTGGCCCACAA	UUGUGGGCCAGCCAGUUCACUUUGGUUUUC	0
NM_005026.5:3291-3320	NM_005026.5	NM_005026.5.fasta	3291	3320	+	30	AAAACCAAAGTGAACTGGCTGGCCCACAAC	GUUGUGGGCCAGCCAGUUCACUUUGGUUUU	0
NM_005026.5:3292-3321	NM_005026.5	NM_005026.5.fasta	3292	3321	+	30	AAACCAAAGTGAACTGGCTGGCCCACAACG	CGUUGUGGGCCAGCCAGUUCACUUUGGUUU	0
NM_005026.5:3293-3322	NM_005026.5	NM_005026.5.fasta	3293	3322	+	30	AACCAAAGTGAACTGGCTGGCCCACAACGT	ACGUUGUGGGCCAGCCAGUUCACUUUGGUU	0
NM_005026.5:3294-3323	NM_005026.5	NM_005026.5.fasta	3294	3323	+	30	ACCAAAGTGAACTGGCTGGCCCACAACGTG	CACGUUGUGGGCCAGCCAGUUCACUUUGGU	0
NM_005026.5:3295-3324	NM_005026.5	NM_005026.5.fasta	3295	3324	+	30	CCAAAGTGAACTGGCTGGCCCACAACGTGT	ACACGUUGUGGGCCAGCCAGUUCACUUUGG	0
NM_005026.5:3296-3325	NM_005026.5	NM_005026.5.fasta	3296	3325	+	30	CAAAGTGAACTGGCTGGCCCACAACGTGTC	GACACGUUGUGGGCCAGCCAGUUCACUUUG	0
NM_005026.5:3297-3326	NM_005026.5	NM_005026.5.fasta	3297	3326	+	30	AAAGTGAACTGGCTGGCCCACAACGTGTCC	GGACACGUUGUGGGCCAGCCAGUUCACUUU	0
NM_005026.5:3298-3327	NM_005026.5	NM_005026.5.fasta	3298	3327	+	30	AAGTGAACTGGCTGGCCCACAACGTGTCCA	UGGACACGUUGUGGGCCAGCCAGUUCACUU	0
NM_005026.5:3299-3328	NM_005026.5	NM_005026.5.fasta	3299	3328	+	30	AGTGAACTGGCTGGCCCACAACGTGTCCAA	UUGGACACGUUGUGGGCCAGCCAGUUCACU	0
NM_005026.5:3300-3329	NM_005026.5	NM_005026.5.fasta	3300	3329	+	30	GTGAACTGGCTGGCCCACAACGTGTCCAAA	UUUGGACACGUUGUGGGCCAGCCAGUUCAC	0
NM_005026.5:3301-3330	NM_005026.5	NM_005026.5.fasta	3301	3330	+	30	TGAACTGGCTGGCCCACAACGTGTCCAAAG	CUUUGGACACGUUGUGGGCCAGCCAGUUCA	0
NM_005026.5:3302-3331	NM_005026.5	NM_005026.5.fasta	3302	3331	+	30	GAACTGGCTGGCCCACAACGTGTCCAAAGA	UCUUUGGACACGUUGUGGGCCAGCCAGUUC	0
NM_005026.5:3303-3332	NM_005026.5	NM_005026.5.fasta	3303	3332	+	30	AACTGGCTGGCCCACAACGTGTCCAAAGAC	GUCUUUGGACACGUUGUGGGCCAGCCAGUU	0
NM_005026.5:3304-3333	NM_005026.5	NM_005026.5.fasta	3304	3333	+	30	ACTGGCTGGCCCACAACGTGTCCAAAGACA	UGUCUUUGGACACGUUGUGGGCCAGCCAGU	0
NM_005026.5:3305-3334	NM_005026.5	NM_005026.5.fasta	3305	3334	+	30	CTGGCTGGCCCACAACGTGTCCAAAGACAA	UUGUCUUUGGACACGUUGUGGGCCAGCCAG	0
NM_005026.5:3306-3335	NM_005026.5	NM_005026.5.fasta	3306	3335	+	30	TGGCTGGCCCACAACGTGTCCAAAGACAAC	GUUGUCUUUGGACACGUUGUGGGCCAGCCA	0
NM_005026.5:3307-3336	NM_005026.5	NM_005026.5.fasta	3307	3336	+	30	GGCTGGCCCACAACGTGTCCAAAGACAACA	UGUUGUCUUUGGACACGUUGUGGGCCAGCC	0
NM_005026.5:3308-3337	NM_005026.5	NM_005026.5.fasta	3308	3337	+	30	GCTGGCCCACAACGTGTCCAAAGACAACAG	CUGUUGUCUUUGGACACGUUGUGGGCCAGC	0
NM_005026.5:3309-3338	NM_005026.5	NM_005026.5.fasta	3309	3338	+	30	CTGGCCCACAACGTGTCCAAAGACAACAGG	CCUGUUGUCUUUGGACACGUUGUGGGCCAG	0
NM_005026.5:3310-3339	NM_005026.5	NM_005026.5.fasta	3310	3339	+	30	TGGCCCACAACGTGTCCAAAGACAACAGGC	GCCUGUUGUCUUUGGACACGUUGUGGGCCA	0
NM_005026.5:3311-3340	NM_005026.5	NM_005026.5.fasta	3311	3340	+	30	GGCCCACAACGTGTCCAAAGACAACAGGCA	UGCCUGUUGUCUUUGGACACGUUGUGGGCC	0
NM_005026.5:3312-3341	NM_005026.5	NM_005026.5.fasta	3312	3341	+	30	GCCCACAACGTGTCCAAAGACAACAGGCAG	CUGCCUGUUGUCUUUGGACACGUUGUGGGC	0
NM_005026.5:3313-3342	NM_005026.5	NM_005026.5.fasta	3313	3342	+	30	CCCACAACGTGTCCAAAGACAACAGGCAGT	ACUGCCUGUUGUCUUUGGACACGUUGUGGG	0
NM_005026.5:3314-3343	NM_005026.5	NM_005026.5.fasta	3314	3343	+	30	CCACAACGTGTCCAAAGACAACAGGCAGTA	UACUGCCUGUUGUCUUUGGACACGUUGUGG	0
NM_005026.5:3315-3344	NM_005026.5	NM_005026.5.fasta	3315	3344	+	30	CACAACGTGTCCAAAGACAACAGGCAGTAG	CUACUGCCUGUUGUCUUUGGACACGUUGUG	0
NM_005026.5:3316-3345	NM_005026.5	NM_005026.5.fasta	3316	3345	+	30	ACAACGTGTCCAAAGACAACAGGCAGTAGT	ACUACUGCCUGUUGUCUUUGGACACGUUGU	0
NM_005026.5:3317-3346	NM_005026.5	NM_005026.5.fasta	3317	3346	+	30	CAACGTGTCCAAAGACAACAGGCAGTAGTG	CACUACUGCCUGUUGUCUUUGGACACGUUG	0
NM_005026.5:3318-3347	NM_005026.5	NM_005026.5.fasta	3318	3347	+	30	AACGTGTCCAAAGACAACAGGCAGTAGTGG	CCACUACUGCCUGUUGUCUUUGGACACGUU	0
NM_005026.5:3319-3348	NM_005026.5	NM_005026.5.fasta	3319	3348	+	30	ACGTGTCCAAAGACAACAGGCAGTAGTGGC	GCCACUACUGCCUGUUGUCUUUGGACACGU	0
NM_005026.5:3320-3349	NM_005026.5	NM_005026.5.fasta	3320	3349	+	30	CGTGTCCAAAGACAACAGGCAGTAGTGGCT	AGCCACUACUGCCUGUUGUCUUUGGACACG	0
NM_005026.5:3321-3350	NM_005026.5	NM_005026.5.fasta	3321	3350	+	30	GTGTCCAAAGACAACAGGCAGTAGTGGCTC	GAGCCACUACUGCCUGUUGUCUUUGGACAC	0
NM_005026.5:3322-3351	NM_005026.5	NM_005026.5.fasta	3322	3351	+	30	TGTCCAAAGACAACAGGCAGTAGTGGCTCC	GGAGCCACUACUGCCUGUUGUCUUUGGACA	0
NM_005026.5:3323-3352	NM_005026.5	NM_005026.5.fasta	3323	3352	+	30	GTCCAAAGACAACAGGCAGTAGTGGCTCCT	AGGAGCCACUACUGCCUGUUGUCUUUGGAC	0
NM_005026.5:3324-3353	NM_005026.5	NM_005026.5.fasta	3324	3353	+	30	TCCAAAGACAACAGGCAGTAGTGGCTCCTC	GAGGAGCCACUACUGCCUGUUGUCUUUGGA	0
NM_005026.5:3325-3354	NM_005026.5	NM_005026.5.fasta	3325	3354	+	30	CCAAAGACAACAGGCAGTAGTGGCTCCTCC	GGAGGAGCCACUACUGCCUGUUGUCUUUGG	0
NM_005026.5:3326-3355	NM_005026.5	NM_005026.5.fasta	3326	3355	+	30	CAAAGACAACAGGCAGTAGTGGCTCCTCCC	GGGAGGAGCCACUACUGCCUGUUGUCUUUG	0
NM_005026.5:3327-3356	NM_005026.5	NM_005026.5.fasta	3327	3356	+	30	AAAGACAACAGGCAGTAGTGGCTCCTCCCA	UGGGAGGAGCCACUACUGCCUGUUGUCUUU	0
NM_005026.5:3328-3357	NM_005026.5	NM_005026.5.fasta	3328	3357	+	30	AAGACAACAGGCAGTAGTGGCTCCTCCCAG	CUGGGAGGAGCCACUACUGCCUGUUGUCUU	0
NM_005026.5:3329-3358	NM_005026.5	NM_005026.5.fasta	3329	3358	+	30	AGACAACAGGCAGTAGTGGCTCCTCCCAGC	GCUGGGAGGAGCCACUACUGCCUGUUGUCU	0
NM_005026.5:3330-3359	NM_005026.5	NM_005026.5.fasta	3330	3359	+	30	GACAACAGGCAGTAGTGGCTCCTCCCAGCC	GGCUGGGAGGAGCCACUACUGCCUGUUGUC	0
NM_005026.5:3331-3360	NM_005026.5	NM_005026.5.fasta	3331	3360	+	30	ACAACAGGCAGTAGTGGCTCCTCCCAGCCC	GGGCUGGGAGGAGCCACUACUGCCUGUUGU	0
NM_005026.5:3332-3361	NM_005026.5	NM_005026.5.fasta	3332	3361	+	30	CAACAGGCAGTAGTGGCTCCTCCCAGCCCT	AGGGCUGGGAGGAGCCACUACUGCCUGUUG	0
NM_005026.5:3333-3362	NM_005026.5	NM_005026.5.fasta	3333	3362	+	30	AACAGGCAGTAGTGGCTCCTCCCAGCCCTG	CAGGGCUGGGAGGAGCCACUACUGCCUGUU	0
NM_005026.5:3334-3363	NM_005026.5	NM_005026.5.fasta	3334	3363	+	30	ACAGGCAGTAGTGGCTCCTCCCAGCCCTGG	CCAGGGCUGGGAGGAGCCACUACUGCCUGU	0
NM_005026.5:3335-3364	NM_005026.5	NM_005026.5.fasta	3335	3364	+	30	CAGGCAGTAGTGGCTCCTCCCAGCCCTGGG	CCCAGGGCUGGGAGGAGCCACUACUGCCUG	0
NM_005026.5:3336-3365	NM_005026.5	NM_005026.5.fasta	3336	3365	+	30	AGGCAGTAGTGGCTCCTCCCAGCCCTGGGC	GCCCAGGGCUGGGAGGAGCCACUACUGCCU	0
NM_005026.5:3337-3366	NM_005026.5	NM_005026.5.fasta	3337	3366	+	30	GGCAGTAGTGGCTCCTCCCAGCCCTGGGCC	GGCCCAGGGCUGGGAGGAGCCACUACUGCC	0
NM_005026.5:3338-3367	NM_005026.5	NM_005026.5.fasta	3338	3367	+	30	GCAGTAGTGGCTCCTCCCAGCCCTGGGCCC	GGGCCCAGGGCUGGGAGGAGCCACUACUGC	0
NM_005026.5:3339-3368	NM_005026.5	NM_005026.5.fasta	3339	3368	+	30	CAGTAGTGGCTCCTCCCAGCCCTGGGCCCA	UGGGCCCAGGGCUGGGAGGAGCCACUACUG	0
NM_005026.5:3340-3369	NM_005026.5	NM_005026.5.fasta	3340	3369	+	30	AGTAGTGGCTCCTCCCAGCCCTGGGCCCAA	UUGGGCCCAGGGCUGGGAGGAGCCACUACU	0
NM_005026.5:3341-3370	NM_005026.5	NM_005026.5.fasta	3341	3370	+	30	GTAGTGGCTCCTCCCAGCCCTGGGCCCAAG	CUUGGGCCCAGGGCUGGGAGGAGCCACUAC	0
NM_005026.5:3342-3371	NM_005026.5	NM_005026.5.fasta	3342	3371	+	30	TAGTGGCTCCTCCCAGCCCTGGGCCCAAGA	UCUUGGGCCCAGGGCUGGGAGGAGCCACUA	0
NM_005026.5:3343-3372	NM_005026.5	NM_005026.5.fasta	3343	3372	+	30	AGTGGCTCCTCCCAGCCCTGGGCCCAAGAG	CUCUUGGGCCCAGGGCUGGGAGGAGCCACU	0
NM_005026.5:3344-3373	NM_005026.5	NM_005026.5.fasta	3344	3373	+	30	GTGGCTCCTCCCAGCCCTGGGCCCAAGAGG	CCUCUUGGGCCCAGGGCUGGGAGGAGCCAC	0
NM_005026.5:3345-3374	NM_005026.5	NM_005026.5.fasta	3345	3374	+	30	TGGCTCCTCCCAGCCCTGGGCCCAAGAGGA	UCCUCUUGGGCCCAGGGCUGGGAGGAGCCA	0
NM_005026.5:3346-3375	NM_005026.5	NM_005026.5.fasta	3346	3375	+	30	GGCTCCTCCCAGCCCTGGGCCCAAGAGGAG	CUCCUCUUGGGCCCAGGGCUGGGAGGAGCC	0
NM_005026.5:3347-3376	NM_005026.5	NM_005026.5.fasta	3347	3376	+	30	GCTCCTCCCAGCCCTGGGCCCAAGAGGAGG	CCUCCUCUUGGGCCCAGGGCUGGGAGGAGC	0
NM_005026.5:3348-3377	NM_005026.5	NM_005026.5.fasta	3348	3377	+	30	CTCCTCCCAGCCCTGGGCCCAAGAGGAGGC	GCCUCCUCUUGGGCCCAGGGCUGGGAGGAG	0
NM_005026.5:3349-3378	NM_005026.5	NM_005026.5.fasta	3349	3378	+	30	TCCTCCCAGCCCTGGGCCCAAGAGGAGGCG	CGCCUCCUCUUGGGCCCAGGGCUGGGAGGA	0
NM_005026.5:3350-3379	NM_005026.5	NM_005026.5.fasta	3350	3379	+	30	CCTCCCAGCCCTGGGCCCAAGAGGAGGCGG	CCGCCUCCUCUUGGGCCCAGGGCUGGGAGG	0
NM_005026.5:3351-3380	NM_005026.5	NM_005026.5.fasta	3351	3380	+	30	CTCCCAGCCCTGGGCCCAAGAGGAGGCGGC	GCCGCCUCCUCUUGGGCCCAGGGCUGGGAG	0
NM_005026.5:3352-3381	NM_005026.5	NM_005026.5.fasta	3352	3381	+	30	TCCCAGCCCTGGGCCCAAGAGGAGGCGGCT	AGCCGCCUCCUCUUGGGCCCAGGGCUGGGA	0
NM_005026.5:3353-3382	NM_005026.5	NM_005026.5.fasta	3353	3382	+	30	CCCAGCCCTGGGCCCAAGAGGAGGCGGCTG	CAGCCGCCUCCUCUUGGGCCCAGGGCUGGG	0
NM_005026.5:3354-3383	NM_005026.5	NM_005026.5.fasta	3354	3383	+	30	CCAGCCCTGGGCCCAAGAGGAGGCGGCTGC	GCAGCCGCCUCCUCUUGGGCCCAGGGCUGG	0
NM_005026.5:3355-3384	NM_005026.5	NM_005026.5.fasta	3355	3384	+	30	CAGCCCTGGGCCCAAGAGGAGGCGGCTGCG	CGCAGCCGCCUCCUCUUGGGCCCAGGGCUG	0
NM_005026.5:3356-3385	NM_005026.5	NM_005026.5.fasta	3356	3385	+	30	AGCCCTGGGCCCAAGAGGAGGCGGCTGCGG	CCGCAGCCGCCUCCUCUUGGGCCCAGGGCU	0
NM_005026.5:3357-3386	NM_005026.5	NM_005026.5.fasta	3357	3386	+	30	GCCCTGGGCCCAAGAGGAGGCGGCTGCGGG	CCCGCAGCCGCCUCCUCUUGGGCCCAGGGC	0
NM_005026.5:3358-3387	NM_005026.5	NM_005026.5.fasta	3358	3387	+	30	CCCTGGGCCCAAGAGGAGGCGGCTGCGGGT	ACCCGCAGCCGCCUCCUCUUGGGCCCAGGG	0
NM_005026.5:3359-3388	NM_005026.5	NM_005026.5.fasta	3359	3388	+	30	CCTGGGCCCAAGAGGAGGCGGCTGCGGGTC	GACCCGCAGCCGCCUCCUCUUGGGCCCAGG	0
NM_005026.5:3360-3389	NM_005026.5	NM_005026.5.fasta	3360	3389	+	30	CTGGGCCCAAGAGGAGGCGGCTGCGGGTCG	CGACCCGCAGCCGCCUCCUCUUGGGCCCAG	0
NM_005026.5:3361-3390	NM_005026.5	NM_005026.5.fasta	3361	3390	+	30	TGGGCCCAAGAGGAGGCGGCTGCGGGTCGT	ACGACCCGCAGCCGCCUCCUCUUGGGCCCA	0
NM_005026.5:3362-3391	NM_005026.5	NM_005026.5.fasta	3362	3391	+	30	GGGCCCAAGAGGAGGCGGCTGCGGGTCGTG	CACGACCCGCAGCCGCCUCCUCUUGGGCCC	0
NM_005026.5:3363-3392	NM_005026.5	NM_005026.5.fasta	3363	3392	+	30	GGCCCAAGAGGAGGCGGCTGCGGGTCGTGG	CCACGACCCGCAGCCGCCUCCUCUUGGGCC	0
NM_005026.5:3364-3393	NM_005026.5	NM_005026.5.fasta	3364	3393	+	30	GCCCAAGAGGAGGCGGCTGCGGGTCGTGGG	CCCACGACCCGCAGCCGCCUCCUCUUGGGC	0
NM_005026.5:3365-3394	NM_005026.5	NM_005026.5.fasta	3365	3394	+	30	CCCAAGAGGAGGCGGCTGCGGGTCGTGGGG	CCCCACGACCCGCAGCCGCCUCCUCUUGGG	0
NM_005026.5:3366-3395	NM_005026.5	NM_005026.5.fasta	3366	3395	+	30	CCAAGAGGAGGCGGCTGCGGGTCGTGGGGA	UCCCCACGACCCGCAGCCGCCUCCUCUUGG	0
NM_005026.5:3367-3396	NM_005026.5	NM_005026.5.fasta	3367	3396	+	30	CAAGAGGAGGCGGCTGCGGGTCGTGGGGAC	GUCCCCACGACCCGCAGCCGCCUCCUCUUG	0
NM_005026.5:3368-3397	NM_005026.5	NM_005026.5.fasta	3368	3397	+	30	AAGAGGAGGCGGCTGCGGGTCGTGGGGACC	GGUCCCCACGACCCGCAGCCGCCUCCUCUU	0
NM_005026.5:3369-3398	NM_005026.5	NM_005026.5.fasta	3369	3398	+	30	AGAGGAGGCGGCTGCGGGTCGTGGGGACCA	UGGUCCCCACGACCCGCAGCCGCCUCCUCU	0
NM_005026.5:3370-3399	NM_005026.5	NM_005026.5.fasta	3370	3399	+	30	GAGGAGGCGGCTGCGGGTCGTGGGGACCAA	UUGGUCCCCACGACCCGCAGCCGCCUCCUC	0
NM_005026.5:3371-3400	NM_005026.5	NM_005026.5.fasta	3371	3400	+	30	AGGAGGCGGCTGCGGGTCGTGGGGACCAAG	CUUGGUCCCCACGACCCGCAGCCGCCUCCU	0
NM_005026.5:3372-3401	NM_005026.5	NM_005026.5.fasta	3372	3401	+	30	GGAGGCGGCTGCGGGTCGTGGGGACCAAGC	GCUUGGUCCCCACGACCCGCAGCCGCCUCC	0
NM_005026.5:3373-3402	NM_005026.5	NM_005026.5.fasta	3373	3402	+	30	GAGGCGGCTGCGGGTCGTGGGGACCAAGCA	UGCUUGGUCCCCACGACCCGCAGCCGCCUC	0
NM_005026.5:3374-3403	NM_005026.5	NM_005026.5.fasta	3374	3403	+	30	AGGCGGCTGCGGGTCGTGGGGACCAAGCAC	GUGCUUGGUCCCCACGACCCGCAGCCGCCU	0
NM_005026.5:3375-3404	NM_005026.5	NM_005026.5.fasta	3375	3404	+	30	GGCGGCTGCGGGTCGTGGGGACCAAGCACA	UGUGCUUGGUCCCCACGACCCGCAGCCGCC	0
NM_005026.5:3376-3405	NM_005026.5	NM_005026.5.fasta	3376	3405	+	30	GCGGCTGCGGGTCGTGGGGACCAAGCACAT	AUGUGCUUGGUCCCCACGACCCGCAGCCGC	0
NM_005026.5:3377-3406	NM_005026.5	NM_005026.5.fasta	3377	3406	+	30	CGGCTGCGGGTCGTGGGGACCAAGCACATT	AAUGUGCUUGGUCCCCACGACCCGCAGCCG	0
NM_005026.5:3378-3407	NM_005026.5	NM_005026.5.fasta	3378	3407	+	30	GGCTGCGGGTCGTGGGGACCAAGCACATTG	CAAUGUGCUUGGUCCCCACGACCCGCAGCC	0
NM_005026.5:3379-3408	NM_005026.5	NM_005026.5.fasta	3379	3408	+	30	GCTGCGGGTCGTGGGGACCAAGCACATTGG	CCAAUGUGCUUGGUCCCCACGACCCGCAGC	0
NM_005026.5:3380-3409	NM_005026.5	NM_005026.5.fasta	3380	3409	+	30	CTGCGGGTCGTGGGGACCAAGCACATTGGT	ACCAAUGUGCUUGGUCCCCACGACCCGCAG	0
NM_005026.5:3381-3410	NM_005026.5	NM_005026.5.fasta	3381	3410	+	30	TGCGGGTCGTGGGGACCAAGCACATTGGTC	GACCAAUGUGCUUGGUCCCCACGACCCGCA	0
NM_005026.5:3382-3411	NM_005026.5	NM_005026.5.fasta	3382	3411	+	30	GCGGGTCGTGGGGACCAAGCACATTGGTCC	GGACCAAUGUGCUUGGUCCCCACGACCCGC	0
NM_005026.5:3383-3412	NM_005026.5	NM_005026.5.fasta	3383	3412	+	30	CGGGTCGTGGGGACCAAGCACATTGGTCCT	AGGACCAAUGUGCUUGGUCCCCACGACCCG	0
NM_005026.5:3384-3413	NM_005026.5	NM_005026.5.fasta	3384	3413	+	30	GGGTCGTGGGGACCAAGCACATTGGTCCTA	UAGGACCAAUGUGCUUGGUCCCCACGACCC	0
NM_005026.5:3385-3414	NM_005026.5	NM_005026.5.fasta	3385	3414	+	30	GGTCGTGGGGACCAAGCACATTGGTCCTAA	UUAGGACCAAUGUGCUUGGUCCCCACGACC	0
NM_005026.5:3386-3415	NM_005026.5	NM_005026.5.fasta	3386	3415	+	30	GTCGTGGGGACCAAGCACATTGGTCCTAAA	UUUAGGACCAAUGUGCUUGGUCCCCACGAC	0
NM_005026.5:3387-3416	NM_005026.5	NM_005026.5.fasta	3387	3416	+	30	TCGTGGGGACCAAGCACATTGGTCCTAAAG	CUUUAGGACCAAUGUGCUUGGUCCCCACGA	0
NM_005026.5:3388-3417	NM_005026.5	NM_005026.5.fasta	3388	3417	+	30	CGTGGGGACCAAGCACATTGGTCCTAAAGG	CCUUUAGGACCAAUGUGCUUGGUCCCCACG	0
NM_005026.5:3389-3418	NM_005026.5	NM_005026.5.fasta	3389	3418	+	30	GTGGGGACCAAGCACATTGGTCCTAAAGGG	CCCUUUAGGACCAAUGUGCUUGGUCCCCAC	0
NM_005026.5:3390-3419	NM_005026.5	NM_005026.5.fasta	3390	3419	+	30	TGGGGACCAAGCACATTGGTCCTAAAGGGG	CCCCUUUAGGACCAAUGUGCUUGGUCCCCA	0
NM_005026.5:3391-3420	NM_005026.5	NM_005026.5.fasta	3391	3420	+	30	GGGGACCAAGCACATTGGTCCTAAAGGGGC	GCCCCUUUAGGACCAAUGUGCUUGGUCCCC	0
NM_005026.5:3392-3421	NM_005026.5	NM_005026.5.fasta	3392	3421	+	30	GGGACCAAGCACATTGGTCCTAAAGGGGCT	AGCCCCUUUAGGACCAAUGUGCUUGGUCCC	0
NM_005026.5:3393-3422	NM_005026.5	NM_005026.5.fasta	3393	3422	+	30	GGACCAAGCACATTGGTCCTAAAGGGGCTG	CAGCCCCUUUAGGACCAAUGUGCUUGGUCC	0
NM_005026.5:3394-3423	NM_005026.5	NM_005026.5.fasta	3394	3423	+	30	GACCAAGCACATTGGTCCTAAAGGGGCTGA	UCAGCCCCUUUAGGACCAAUGUGCUUGGUC	0
NM_005026.5:3395-3424	NM_005026.5	NM_005026.5.fasta	3395	3424	+	30	ACCAAGCACATTGGTCCTAAAGGGGCTGAA	UUCAGCCCCUUUAGGACCAAUGUGCUUGGU	0
NM_005026.5:3396-3425	NM_005026.5	NM_005026.5.fasta	3396	3425	+	30	CCAAGCACATTGGTCCTAAAGGGGCTGAAG	CUUCAGCCCCUUUAGGACCAAUGUGCUUGG	0
NM_005026.5:3397-3426	NM_005026.5	NM_005026.5.fasta	3397	3426	+	30	CAAGCACATTGGTCCTAAAGGGGCTGAAGA	UCUUCAGCCCCUUUAGGACCAAUGUGCUUG	0
NM_005026.5:3398-3427	NM_005026.5	NM_005026.5.fasta	3398	3427	+	30	AAGCACATTGGTCCTAAAGGGGCTGAAGAG	CUCUUCAGCCCCUUUAGGACCAAUGUGCUU	0
NM_005026.5:3399-3428	NM_005026.5	NM_005026.5.fasta	3399	3428	+	30	AGCACATTGGTCCTAAAGGGGCTGAAGAGC	GCUCUUCAGCCCCUUUAGGACCAAUGUGCU	0
NM_005026.5:3400-3429	NM_005026.5	NM_005026.5.fasta	3400	3429	+	30	GCACATTGGTCCTAAAGGGGCTGAAGAGCC	GGCUCUUCAGCCCCUUUAGGACCAAUGUGC	0
NM_005026.5:3401-3430	NM_005026.5	NM_005026.5.fasta	3401	3430	+	30	CACATTGGTCCTAAAGGGGCTGAAGAGCCT	AGGCUCUUCAGCCCCUUUAGGACCAAUGUG	0
NM_005026.5:3402-3431	NM_005026.5	NM_005026.5.fasta	3402	3431	+	30	ACATTGGTCCTAAAGGGGCTGAAGAGCCTG	CAGGCUCUUCAGCCCCUUUAGGACCAAUGU	0
NM_005026.5:3403-3432	NM_005026.5	NM_005026.5.fasta	3403	3432	+	30	CATTGGTCCTAAAGGGGCTGAAGAGCCTGA	UCAGGCUCUUCAGCCCCUUUAGGACCAAUG	0
NM_005026.5:3404-3433	NM_005026.5	NM_005026.5.fasta	3404	3433	+	30	ATTGGTCCTAAAGGGGCTGAAGAGCCTGAA	UUCAGGCUCUUCAGCCCCUUUAGGACCAAU	0
NM_005026.5:3405-3434	NM_005026.5	NM_005026.5.fasta	3405	3434	+	30	TTGGTCCTAAAGGGGCTGAAGAGCCTGAAC	GUUCAGGCUCUUCAGCCCCUUUAGGACCAA	0
NM_005026.5:3406-3435	NM_005026.5	NM_005026.5.fasta	3406	3435	+	30	TGGTCCTAAAGGGGCTGAAGAGCCTGAACT	AGUUCAGGCUCUUCAGCCCCUUUAGGACCA	0
NM_005026.5:3407-3436	NM_005026.5	NM_005026.5.fasta	3407	3436	+	30	GGTCCTAAAGGGGCTGAAGAGCCTGAACTG	CAGUUCAGGCUCUUCAGCCCCUUUAGGACC	0
NM_005026.5:3408-3437	NM_005026.5	NM_005026.5.fasta	3408	3437	+	30	GTCCTAAAGGGGCTGAAGAGCCTGAACTGC	GCAGUUCAGGCUCUUCAGCCCCUUUAGGAC	0
NM_005026.5:3409-3438	NM_005026.5	NM_005026.5.fasta	3409	3438	+	30	TCCTAAAGGGGCTGAAGAGCCTGAACTGCA	UGCAGUUCAGGCUCUUCAGCCCCUUUAGGA	0
NM_005026.5:3410-3439	NM_005026.5	NM_005026.5.fasta	3410	3439	+	30	CCTAAAGGGGCTGAAGAGCCTGAACTGCAC	GUGCAGUUCAGGCUCUUCAGCCCCUUUAGG	0
NM_005026.5:3411-3440	NM_005026.5	NM_005026.5.fasta	3411	3440	+	30	CTAAAGGGGCTGAAGAGCCTGAACTGCACC	GGUGCAGUUCAGGCUCUUCAGCCCCUUUAG	0
NM_005026.5:3412-3441	NM_005026.5	NM_005026.5.fasta	3412	3441	+	30	TAAAGGGGCTGAAGAGCCTGAACTGCACCT	AGGUGCAGUUCAGGCUCUUCAGCCCCUUUA	0
NM_005026.5:3413-3442	NM_005026.5	NM_005026.5.fasta	3413	3442	+	30	AAAGGGGCTGAAGAGCCTGAACTGCACCTA	UAGGUGCAGUUCAGGCUCUUCAGCCCCUUU	0
NM_005026.5:3414-3443	NM_005026.5	NM_005026.5.fasta	3414	3443	+	30	AAGGGGCTGAAGAGCCTGAACTGCACCTAA	UUAGGUGCAGUUCAGGCUCUUCAGCCCCUU	0
NM_005026.5:3415-3444	NM_005026.5	NM_005026.5.fasta	3415	3444	+	30	AGGGGCTGAAGAGCCTGAACTGCACCTAAC	GUUAGGUGCAGUUCAGGCUCUUCAGCCCCU	0
NM_005026.5:3416-3445	NM_005026.5	NM_005026.5.fasta	3416	3445	+	30	GGGGCTGAAGAGCCTGAACTGCACCTAACG	CGUUAGGUGCAGUUCAGGCUCUUCAGCCCC	0
NM_005026.5:3417-3446	NM_005026.5	NM_005026.5.fasta	3417	3446	+	30	GGGCTGAAGAGCCTGAACTGCACCTAACGG	CCGUUAGGUGCAGUUCAGGCUCUUCAGCCC	0
NM_005026.5:3418-3447	NM_005026.5	NM_005026.5.fasta	3418	3447	+	30	GGCTGAAGAGCCTGAACTGCACCTAACGGG	CCCGUUAGGUGCAGUUCAGGCUCUUCAGCC	0
NM_005026.5:3419-3448	NM_005026.5	NM_005026.5.fasta	3419	3448	+	30	GCTGAAGAGCCTGAACTGCACCTAACGGGA	UCCCGUUAGGUGCAGUUCAGGCUCUUCAGC	0
NM_005026.5:3420-3449	NM_005026.5	NM_005026.5.fasta	3420	3449	+	30	CTGAAGAGCCTGAACTGCACCTAACGGGAA	UUCCCGUUAGGUGCAGUUCAGGCUCUUCAG	0
NM_005026.5:3421-3450	NM_005026.5	NM_005026.5.fasta	3421	3450	+	30	TGAAGAGCCTGAACTGCACCTAACGGGAAA	UUUCCCGUUAGGUGCAGUUCAGGCUCUUCA	0
NM_005026.5:3422-3451	NM_005026.5	NM_005026.5.fasta	3422	3451	+	30	GAAGAGCCTGAACTGCACCTAACGGGAAAG	CUUUCCCGUUAGGUGCAGUUCAGGCUCUUC	0
NM_005026.5:3423-3452	NM_005026.5	NM_005026.5.fasta	3423	3452	+	30	AAGAGCCTGAACTGCACCTAACGGGAAAGA	UCUUUCCCGUUAGGUGCAGUUCAGGCUCUU	0
NM_005026.5:3424-3453	NM_005026.5	NM_005026.5.fasta	3424	3453	+	30	AGAGCCTGAACTGCACCTAACGGGAAAGAA	UUCUUUCCCGUUAGGUGCAGUUCAGGCUCU	0
NM_005026.5:3425-3454	NM_005026.5	NM_005026.5.fasta	3425	3454	+	30	GAGCCTGAACTGCACCTAACGGGAAAGAAC	GUUCUUUCCCGUUAGGUGCAGUUCAGGCUC	0
NM_005026.5:3426-3455	NM_005026.5	NM_005026.5.fasta	3426	3455	+	30	AGCCTGAACTGCACCTAACGGGAAAGAACC	GGUUCUUUCCCGUUAGGUGCAGUUCAGGCU	0
NM_005026.5:3427-3456	NM_005026.5	NM_005026.5.fasta	3427	3456	+	30	GCCTGAACTGCACCTAACGGGAAAGAACCG	CGGUUCUUUCCCGUUAGGUGCAGUUCAGGC	0
NM_005026.5:3428-3457	NM_005026.5	NM_005026.5.fasta	3428	3457	+	30	CCTGAACTGCACCTAACGGGAAAGAACCGA	UCGGUUCUUUCCCGUUAGGUGCAGUUCAGG	0
NM_005026.5:3429-3458	NM_005026.5	NM_005026.5.fasta	3429	3458	+	30	CTGAACTGCACCTAACGGGAAAGAACCGAC	GUCGGUUCUUUCCCGUUAGGUGCAGUUCAG	0
NM_005026.5:3430-3459	NM_005026.5	NM_005026.5.fasta	3430	3459	+	30	TGAACTGCACCTAACGGGAAAGAACCGACA	UGUCGGUUCUUUCCCGUUAGGUGCAGUUCA	0
NM_005026.5:3431-3460	NM_005026.5	NM_005026.5.fasta	3431	3460	+	30	GAACTGCACCTAACGGGAAAGAACCGACAT	AUGUCGGUUCUUUCCCGUUAGGUGCAGUUC	0
NM_005026.5:3432-3461	NM_005026.5	NM_005026.5.fasta	3432	3461	+	30	AACTGCACCTAACGGGAAAGAACCGACATG	CAUGUCGGUUCUUUCCCGUUAGGUGCAGUU	0
NM_005026.5:3433-3462	NM_005026.5	NM_005026.5.fasta	3433	3462	+	30	ACTGCACCTAACGGGAAAGAACCGACATGG	CCAUGUCGGUUCUUUCCCGUUAGGUGCAGU	0
NM_005026.5:3434-3463	NM_005026.5	NM_005026.5.fasta	3434	3463	+	30	CTGCACCTAACGGGAAAGAACCGACATGGC	GCCAUGUCGGUUCUUUCCCGUUAGGUGCAG	0
NM_005026.5:3435-3464	NM_005026.5	NM_005026.5.fasta	3435	3464	+	30	TGCACCTAACGGGAAAGAACCGACATGGCT	AGCCAUGUCGGUUCUUUCCCGUUAGGUGCA	0
NM_005026.5:3436-3465	NM_005026.5	NM_005026.5.fasta	3436	3465	+	30	GCACCTAACGGGAAAGAACCGACATGGCTG	CAGCCAUGUCGGUUCUUUCCCGUUAGGUGC	0
NM_005026.5:3437-3466	NM_005026.5	NM_005026.5.fasta	3437	3466	+	30	CACCTAACGGGAAAGAACCGACATGGCTGC	GCAGCCAUGUCGGUUCUUUCCCGUUAGGUG	0
NM_005026.5:3438-3467	NM_005026.5	NM_005026.5.fasta	3438	3467	+	30	ACCTAACGGGAAAGAACCGACATGGCTGCC	GGCAGCCAUGUCGGUUCUUUCCCGUUAGGU	0
NM_005026.5:3439-3468	NM_005026.5	NM_005026.5.fasta	3439	3468	+	30	CCTAACGGGAAAGAACCGACATGGCTGCCT	AGGCAGCCAUGUCGGUUCUUUCCCGUUAGG	0
NM_005026.5:3440-3469	NM_005026.5	NM_005026.5.fasta	3440	3469	+	30	CTAACGGGAAAGAACCGACATGGCTGCCTT	AAGGCAGCCAUGUCGGUUCUUUCCCGUUAG	0
NM_005026.5:3441-3470	NM_005026.5	NM_005026.5.fasta	3441	3470	+	30	TAACGGGAAAGAACCGACATGGCTGCCTTT	AAAGGCAGCCAUGUCGGUUCUUUCCCGUUA	0
NM_005026.5:3442-3471	NM_005026.5	NM_005026.5.fasta	3442	3471	+	30	AACGGGAAAGAACCGACATGGCTGCCTTTT	AAAAGGCAGCCAUGUCGGUUCUUUCCCGUU	0
NM_005026.5:3443-3472	NM_005026.5	NM_005026.5.fasta	3443	3472	+	30	ACGGGAAAGAACCGACATGGCTGCCTTTTG	CAAAAGGCAGCCAUGUCGGUUCUUUCCCGU	0
NM_005026.5:3444-3473	NM_005026.5	NM_005026.5.fasta	3444	3473	+	30	CGGGAAAGAACCGACATGGCTGCCTTTTGT	ACAAAAGGCAGCCAUGUCGGUUCUUUCCCG	0
NM_005026.5:3445-3474	NM_005026.5	NM_005026.5.fasta	3445	3474	+	30	GGGAAAGAACCGACATGGCTGCCTTTTGTT	AACAAAAGGCAGCCAUGUCGGUUCUUUCCC	0
NM_005026.5:3446-3475	NM_005026.5	NM_005026.5.fasta	3446	3475	+	30	GGAAAGAACCGACATGGCTGCCTTTTGTTT	AAACAAAAGGCAGCCAUGUCGGUUCUUUCC	0
NM_005026.5:3447-3476	NM_005026.5	NM_005026.5.fasta	3447	3476	+	30	GAAAGAACCGACATGGCTGCCTTTTGTTTA	UAAACAAAAGGCAGCCAUGUCGGUUCUUUC	0
NM_005026.5:3448-3477	NM_005026.5	NM_005026.5.fasta	3448	3477	+	30	AAAGAACCGACATGGCTGCCTTTTGTTTAC	GUAAACAAAAGGCAGCCAUGUCGGUUCUUU	0
NM_005026.5:3449-3478	NM_005026.5	NM_005026.5.fasta	3449	3478	+	30	AAGAACCGACATGGCTGCCTTTTGTTTACA	UGUAAACAAAAGGCAGCCAUGUCGGUUCUU	0
NM_005026.5:3450-3479	NM_005026.5	NM_005026.5.fasta	3450	3479	+	30	AGAACCGACATGGCTGCCTTTTGTTTACAC	GUGUAAACAAAAGGCAGCCAUGUCGGUUCU	0
NM_005026.5:3451-3480	NM_005026.5	NM_005026.5.fasta	3451	3480	+	30	GAACCGACATGGCTGCCTTTTGTTTACACT	AGUGUAAACAAAAGGCAGCCAUGUCGGUUC	0
NM_005026.5:3452-3481	NM_005026.5	NM_005026.5.fasta	3452	3481	+	30	AACCGACATGGCTGCCTTTTGTTTACACTG	CAGUGUAAACAAAAGGCAGCCAUGUCGGUU	0
NM_005026.5:3453-3482	NM_005026.5	NM_005026.5.fasta	3453	3482	+	30	ACCGACATGGCTGCCTTTTGTTTACACTGG	CCAGUGUAAACAAAAGGCAGCCAUGUCGGU	0
NM_005026.5:3454-3483	NM_005026.5	NM_005026.5.fasta	3454	3483	+	30	CCGACATGGCTGCCTTTTGTTTACACTGGT	ACCAGUGUAAACAAAAGGCAGCCAUGUCGG	0
NM_005026.5:3455-3484	NM_005026.5	NM_005026.5.fasta	3455	3484	+	30	CGACATGGCTGCCTTTTGTTTACACTGGTT	AACCAGUGUAAACAAAAGGCAGCCAUGUCG	0
NM_005026.5:3456-3485	NM_005026.5	NM_005026.5.fasta	3456	3485	+	30	GACATGGCTGCCTTTTGTTTACACTGGTTA	UAACCAGUGUAAACAAAAGGCAGCCAUGUC	0
NM_005026.5:3457-3486	NM_005026.5	NM_005026.5.fasta	3457	3486	+	30	ACATGGCTGCCTTTTGTTTACACTGGTTAT	AUAACCAGUGUAAACAAAAGGCAGCCAUGU	0
NM_005026.5:3458-3487	NM_005026.5	NM_005026.5.fasta	3458	3487	+	30	CATGGCTGCCTTTTGTTTACACTGGTTATT	AAUAACCAGUGUAAACAAAAGGCAGCCAUG	0
NM_005026.5:3459-3488	NM_005026.5	NM_005026.5.fasta	3459	3488	+	30	ATGGCTGCCTTTTGTTTACACTGGTTATTT	AAAUAACCAGUGUAAACAAAAGGCAGCCAU	0
NM_005026.5:3460-3489	NM_005026.5	NM_005026.5.fasta	3460	3489	+	30	TGGCTGCCTTTTGTTTACACTGGTTATTTA	UAAAUAACCAGUGUAAACAAAAGGCAGCCA	0
NM_005026.5:3461-3490	NM_005026.5	NM_005026.5.fasta	3461	3490	+	30	GGCTGCCTTTTGTTTACACTGGTTATTTAT	AUAAAUAACCAGUGUAAACAAAAGGCAGCC	0
NM_005026.5:3462-3491	NM_005026.5	NM_005026.5.fasta	3462	3491	+	30	GCTGCCTTTTGTTTACACTGGTTATTTATT	AAUAAAUAACCAGUGUAAACAAAAGGCAGC	0
NM_005026.5:3463-3492	NM_005026.5	NM_005026.5.fasta	3463	3492	+	30	CTGCCTTTTGTTTACACTGGTTATTTATTT	AAAUAAAUAACCAGUGUAAACAAAAGGCAG	0
NM_005026.5:3464-3493	NM_005026.5	NM_005026.5.fasta	3464	3493	+	30	TGCCTTTTGTTTACACTGGTTATTTATTTA	UAAAUAAAUAACCAGUGUAAACAAAAGGCA	0
NM_005026.5:3465-3494	NM_005026.5	NM_005026.5.fasta	3465	3494	+	30	GCCTTTTGTTTACACTGGTTATTTATTTAT	AUAAAUAAAUAACCAGUGUAAACAAAAGGC	0
NM_005026.5:3466-3495	NM_005026.5	NM_005026.5.fasta	3466	3495	+	30	CCTTTTGTTTACACTGGTTATTTATTTATG	CAUAAAUAAAUAACCAGUGUAAACAAAAGG	0
NM_005026.5:3467-3496	NM_005026.5	NM_005026.5.fasta	3467	3496	+	30	CTTTTGTTTACACTGGTTATTTATTTATGA	UCAUAAAUAAAUAACCAGUGUAAACAAAAG	0
NM_005026.5:3468-3497	NM_005026.5	NM_005026.5.fasta	3468	3497	+	30	TTTTGTTTACACTGGTTATTTATTTATGAC	GUCAUAAAUAAAUAACCAGUGUAAACAAAA	0
NM_005026.5:3469-3498	NM_005026.5	NM_005026.5.fasta	3469	3498	+	30	TTTGTTTACACTGGTTATTTATTTATGACT	AGUCAUAAAUAAAUAACCAGUGUAAACAAA	0
NM_005026.5:3470-3499	NM_005026.5	NM_005026.5.fasta	3470	3499	+	30	TTGTTTACACTGGTTATTTATTTATGACTT	AAGUCAUAAAUAAAUAACCAGUGUAAACAA	0
NM_005026.5:3471-3500	NM_005026.5	NM_005026.5.fasta	3471	3500	+	30	TGTTTACACTGGTTATTTATTTATGACTTG	CAAGUCAUAAAUAAAUAACCAGUGUAAACA	0
NM_005026.5:3472-3501	NM_005026.5	NM_005026.5.fasta	3472	3501	+	30	GTTTACACTGGTTATTTATTTATGACTTGA	UCAAGUCAUAAAUAAAUAACCAGUGUAAAC	0
NM_005026.5:3473-3502	NM_005026.5	NM_005026.5.fasta	3473	3502	+	30	TTTACACTGGTTATTTATTTATGACTTGAA	UUCAAGUCAUAAAUAAAUAACCAGUGUAAA	0
NM_005026.5:3474-3503	NM_005026.5	NM_005026.5.fasta	3474	3503	+	30	TTACACTGGTTATTTATTTATGACTTGAAA	UUUCAAGUCAUAAAUAAAUAACCAGUGUAA	0
NM_005026.5:3475-3504	NM_005026.5	NM_005026.5.fasta	3475	3504	+	30	TACACTGGTTATTTATTTATGACTTGAAAT	AUUUCAAGUCAUAAAUAAAUAACCAGUGUA	0
NM_005026.5:3476-3505	NM_005026.5	NM_005026.5.fasta	3476	3505	+	30	ACACTGGTTATTTATTTATGACTTGAAATA	UAUUUCAAGUCAUAAAUAAAUAACCAGUGU	0
NM_005026.5:3477-3506	NM_005026.5	NM_005026.5.fasta	3477	3506	+	30	CACTGGTTATTTATTTATGACTTGAAATAG	CUAUUUCAAGUCAUAAAUAAAUAACCAGUG	0
NM_005026.5:3478-3507	NM_005026.5	NM_005026.5.fasta	3478	3507	+	30	ACTGGTTATTTATTTATGACTTGAAATAGT	ACUAUUUCAAGUCAUAAAUAAAUAACCAGU	0
NM_005026.5:3479-3508	NM_005026.5	NM_005026.5.fasta	3479	3508	+	30	CTGGTTATTTATTTATGACTTGAAATAGTT	AACUAUUUCAAGUCAUAAAUAAAUAACCAG	0
NM_005026.5:3480-3509	NM_005026.5	NM_005026.5.fasta	3480	3509	+	30	TGGTTATTTATTTATGACTTGAAATAGTTT	AAACUAUUUCAAGUCAUAAAUAAAUAACCA	0
NM_005026.5:3481-3510	NM_005026.5	NM_005026.5.fasta	3481	3510	+	30	GGTTATTTATTTATGACTTGAAATAGTTTA	UAAACUAUUUCAAGUCAUAAAUAAAUAACC	0
NM_005026.5:3482-3511	NM_005026.5	NM_005026.5.fasta	3482	3511	+	30	GTTATTTATTTATGACTTGAAATAGTTTAA	UUAAACUAUUUCAAGUCAUAAAUAAAUAAC	0
NM_005026.5:3483-3512	NM_005026.5	NM_005026.5.fasta	3483	3512	+	30	TTATTTATTTATGACTTGAAATAGTTTAAG	CUUAAACUAUUUCAAGUCAUAAAUAAAUAA	0
NM_005026.5:3484-3513	NM_005026.5	NM_005026.5.fasta	3484	3513	+	30	TATTTATTTATGACTTGAAATAGTTTAAGG	CCUUAAACUAUUUCAAGUCAUAAAUAAAUA	0
NM_005026.5:3485-3514	NM_005026.5	NM_005026.5.fasta	3485	3514	+	30	ATTTATTTATGACTTGAAATAGTTTAAGGA	UCCUUAAACUAUUUCAAGUCAUAAAUAAAU	0
NM_005026.5:3486-3515	NM_005026.5	NM_005026.5.fasta	3486	3515	+	30	TTTATTTATGACTTGAAATAGTTTAAGGAG	CUCCUUAAACUAUUUCAAGUCAUAAAUAAA	0
NM_005026.5:3487-3516	NM_005026.5	NM_005026.5.fasta	3487	3516	+	30	TTATTTATGACTTGAAATAGTTTAAGGAGC	GCUCCUUAAACUAUUUCAAGUCAUAAAUAA	0
NM_005026.5:3488-3517	NM_005026.5	NM_005026.5.fasta	3488	3517	+	30	TATTTATGACTTGAAATAGTTTAAGGAGCT	AGCUCCUUAAACUAUUUCAAGUCAUAAAUA	0
NM_005026.5:3489-3518	NM_005026.5	NM_005026.5.fasta	3489	3518	+	30	ATTTATGACTTGAAATAGTTTAAGGAGCTA	UAGCUCCUUAAACUAUUUCAAGUCAUAAAU	0
NM_005026.5:3490-3519	NM_005026.5	NM_005026.5.fasta	3490	3519	+	30	TTTATGACTTGAAATAGTTTAAGGAGCTAA	UUAGCUCCUUAAACUAUUUCAAGUCAUAAA	0
NM_005026.5:3491-3520	NM_005026.5	NM_005026.5.fasta	3491	3520	+	30	TTATGACTTGAAATAGTTTAAGGAGCTAAA	UUUAGCUCCUUAAACUAUUUCAAGUCAUAA	0
NM_005026.5:3492-3521	NM_005026.5	NM_005026.5.fasta	3492	3521	+	30	TATGACTTGAAATAGTTTAAGGAGCTAAAC	GUUUAGCUCCUUAAACUAUUUCAAGUCAUA	0
NM_005026.5:3493-3522	NM_005026.5	NM_005026.5.fasta	3493	3522	+	30	ATGACTTGAAATAGTTTAAGGAGCTAAACA	UGUUUAGCUCCUUAAACUAUUUCAAGUCAU	0
NM_005026.5:3494-3523	NM_005026.5	NM_005026.5.fasta	3494	3523	+	30	TGACTTGAAATAGTTTAAGGAGCTAAACAG	CUGUUUAGCUCCUUAAACUAUUUCAAGUCA	0
NM_005026.5:3495-3524	NM_005026.5	NM_005026.5.fasta	3495	3524	+	30	GACTTGAAATAGTTTAAGGAGCTAAACAGC	GCUGUUUAGCUCCUUAAACUAUUUCAAGUC	0
NM_005026.5:3496-3525	NM_005026.5	NM_005026.5.fasta	3496	3525	+	30	ACTTGAAATAGTTTAAGGAGCTAAACAGCC	GGCUGUUUAGCUCCUUAAACUAUUUCAAGU	0
NM_005026.5:3497-3526	NM_005026.5	NM_005026.5.fasta	3497	3526	+	30	CTTGAAATAGTTTAAGGAGCTAAACAGCCA	UGGCUGUUUAGCUCCUUAAACUAUUUCAAG	0
NM_005026.5:3498-3527	NM_005026.5	NM_005026.5.fasta	3498	3527	+	30	TTGAAATAGTTTAAGGAGCTAAACAGCCAT	AUGGCUGUUUAGCUCCUUAAACUAUUUCAA	0
NM_005026.5:3499-3528	NM_005026.5	NM_005026.5.fasta	3499	3528	+	30	TGAAATAGTTTAAGGAGCTAAACAGCCATA	UAUGGCUGUUUAGCUCCUUAAACUAUUUCA	0
NM_005026.5:3500-3529	NM_005026.5	NM_005026.5.fasta	3500	3529	+	30	GAAATAGTTTAAGGAGCTAAACAGCCATAA	UUAUGGCUGUUUAGCUCCUUAAACUAUUUC	0
NM_005026.5:3501-3530	NM_005026.5	NM_005026.5.fasta	3501	3530	+	30	AAATAGTTTAAGGAGCTAAACAGCCATAAA	UUUAUGGCUGUUUAGCUCCUUAAACUAUUU	0
NM_005026.5:3502-3531	NM_005026.5	NM_005026.5.fasta	3502	3531	+	30	AATAGTTTAAGGAGCTAAACAGCCATAAAC	GUUUAUGGCUGUUUAGCUCCUUAAACUAUU	0
NM_005026.5:3503-3532	NM_005026.5	NM_005026.5.fasta	3503	3532	+	30	ATAGTTTAAGGAGCTAAACAGCCATAAACG	CGUUUAUGGCUGUUUAGCUCCUUAAACUAU	0
NM_005026.5:3504-3533	NM_005026.5	NM_005026.5.fasta	3504	3533	+	30	TAGTTTAAGGAGCTAAACAGCCATAAACGG	CCGUUUAUGGCUGUUUAGCUCCUUAAACUA	0
NM_005026.5:3505-3534	NM_005026.5	NM_005026.5.fasta	3505	3534	+	30	AGTTTAAGGAGCTAAACAGCCATAAACGGA	UCCGUUUAUGGCUGUUUAGCUCCUUAAACU	0
NM_005026.5:3506-3535	NM_005026.5	NM_005026.5.fasta	3506	3535	+	30	GTTTAAGGAGCTAAACAGCCATAAACGGAA	UUCCGUUUAUGGCUGUUUAGCUCCUUAAAC	0
NM_005026.5:3507-3536	NM_005026.5	NM_005026.5.fasta	3507	3536	+	30	TTTAAGGAGCTAAACAGCCATAAACGGAAA	UUUCCGUUUAUGGCUGUUUAGCUCCUUAAA	0
NM_005026.5:3508-3537	NM_005026.5	NM_005026.5.fasta	3508	3537	+	30	TTAAGGAGCTAAACAGCCATAAACGGAAAC	GUUUCCGUUUAUGGCUGUUUAGCUCCUUAA	0
NM_005026.5:3509-3538	NM_005026.5	NM_005026.5.fasta	3509	3538	+	30	TAAGGAGCTAAACAGCCATAAACGGAAACG	CGUUUCCGUUUAUGGCUGUUUAGCUCCUUA	0
NM_005026.5:3510-3539	NM_005026.5	NM_005026.5.fasta	3510	3539	+	30	AAGGAGCTAAACAGCCATAAACGGAAACGC	GCGUUUCCGUUUAUGGCUGUUUAGCUCCUU	0
NM_005026.5:3511-3540	NM_005026.5	NM_005026.5.fasta	3511	3540	+	30	AGGAGCTAAACAGCCATAAACGGAAACGCC	GGCGUUUCCGUUUAUGGCUGUUUAGCUCCU	0
NM_005026.5:3512-3541	NM_005026.5	NM_005026.5.fasta	3512	3541	+	30	GGAGCTAAACAGCCATAAACGGAAACGCCT	AGGCGUUUCCGUUUAUGGCUGUUUAGCUCC	0
NM_005026.5:3513-3542	NM_005026.5	NM_005026.5.fasta	3513	3542	+	30	GAGCTAAACAGCCATAAACGGAAACGCCTC	GAGGCGUUUCCGUUUAUGGCUGUUUAGCUC	0
NM_005026.5:3514-3543	NM_005026.5	NM_005026.5.fasta	3514	3543	+	30	AGCTAAACAGCCATAAACGGAAACGCCTCC	GGAGGCGUUUCCGUUUAUGGCUGUUUAGCU	0
NM_005026.5:3515-3544	NM_005026.5	NM_005026.5.fasta	3515	3544	+	30	GCTAAACAGCCATAAACGGAAACGCCTCCT	AGGAGGCGUUUCCGUUUAUGGCUGUUUAGC	0
NM_005026.5:3516-3545	NM_005026.5	NM_005026.5.fasta	3516	3545	+	30	CTAAACAGCCATAAACGGAAACGCCTCCTT	AAGGAGGCGUUUCCGUUUAUGGCUGUUUAG	0
NM_005026.5:3517-3546	NM_005026.5	NM_005026.5.fasta	3517	3546	+	30	TAAACAGCCATAAACGGAAACGCCTCCTTC	GAAGGAGGCGUUUCCGUUUAUGGCUGUUUA	0
NM_005026.5:3518-3547	NM_005026.5	NM_005026.5.fasta	3518	3547	+	30	AAACAGCCATAAACGGAAACGCCTCCTTCA	UGAAGGAGGCGUUUCCGUUUAUGGCUGUUU	0
NM_005026.5:3519-3548	NM_005026.5	NM_005026.5.fasta	3519	3548	+	30	AACAGCCATAAACGGAAACGCCTCCTTCAT	AUGAAGGAGGCGUUUCCGUUUAUGGCUGUU	0
NM_005026.5:3520-3549	NM_005026.5	NM_005026.5.fasta	3520	3549	+	30	ACAGCCATAAACGGAAACGCCTCCTTCATG	CAUGAAGGAGGCGUUUCCGUUUAUGGCUGU	0
NM_005026.5:3521-3550	NM_005026.5	NM_005026.5.fasta	3521	3550	+	30	CAGCCATAAACGGAAACGCCTCCTTCATGC	GCAUGAAGGAGGCGUUUCCGUUUAUGGCUG	0
NM_005026.5:3522-3551	NM_005026.5	NM_005026.5.fasta	3522	3551	+	30	AGCCATAAACGGAAACGCCTCCTTCATGCA	UGCAUGAAGGAGGCGUUUCCGUUUAUGGCU	0
NM_005026.5:3523-3552	NM_005026.5	NM_005026.5.fasta	3523	3552	+	30	GCCATAAACGGAAACGCCTCCTTCATGCAG	CUGCAUGAAGGAGGCGUUUCCGUUUAUGGC	0
NM_005026.5:3524-3553	NM_005026.5	NM_005026.5.fasta	3524	3553	+	30	CCATAAACGGAAACGCCTCCTTCATGCAGC	GCUGCAUGAAGGAGGCGUUUCCGUUUAUGG	0
NM_005026.5:3525-3554	NM_005026.5	NM_005026.5.fasta	3525	3554	+	30	CATAAACGGAAACGCCTCCTTCATGCAGCG	CGCUGCAUGAAGGAGGCGUUUCCGUUUAUG	0
NM_005026.5:3526-3555	NM_005026.5	NM_005026.5.fasta	3526	3555	+	30	ATAAACGGAAACGCCTCCTTCATGCAGCGG	CCGCUGCAUGAAGGAGGCGUUUCCGUUUAU	0
NM_005026.5:3527-3556	NM_005026.5	NM_005026.5.fasta	3527	3556	+	30	TAAACGGAAACGCCTCCTTCATGCAGCGGC	GCCGCUGCAUGAAGGAGGCGUUUCCGUUUA	0
NM_005026.5:3528-3557	NM_005026.5	NM_005026.5.fasta	3528	3557	+	30	AAACGGAAACGCCTCCTTCATGCAGCGGCG	CGCCGCUGCAUGAAGGAGGCGUUUCCGUUU	0
NM_005026.5:3529-3558	NM_005026.5	NM_005026.5.fasta	3529	3558	+	30	AACGGAAACGCCTCCTTCATGCAGCGGCGG	CCGCCGCUGCAUGAAGGAGGCGUUUCCGUU	0
NM_005026.5:3530-3559	NM_005026.5	NM_005026.5.fasta	3530	3559	+	30	ACGGAAACGCCTCCTTCATGCAGCGGCGGT	ACCGCCGCUGCAUGAAGGAGGCGUUUCCGU	0
NM_005026.5:3531-3560	NM_005026.5	NM_005026.5.fasta	3531	3560	+	30	CGGAAACGCCTCCTTCATGCAGCGGCGGTG	CACCGCCGCUGCAUGAAGGAGGCGUUUCCG	0
NM_005026.5:3532-3561	NM_005026.5	NM_005026.5.fasta	3532	3561	+	30	GGAAACGCCTCCTTCATGCAGCGGCGGTGC	GCACCGCCGCUGCAUGAAGGAGGCGUUUCC	0
NM_005026.5:3533-3562	NM_005026.5	NM_005026.5.fasta	3533	3562	+	30	GAAACGCCTCCTTCATGCAGCGGCGGTGCT	AGCACCGCCGCUGCAUGAAGGAGGCGUUUC	0
NM_005026.5:3534-3563	NM_005026.5	NM_005026.5.fasta	3534	3563	+	30	AAACGCCTCCTTCATGCAGCGGCGGTGCTG	CAGCACCGCCGCUGCAUGAAGGAGGCGUUU	0
NM_005026.5:3535-3564	NM_005026.5	NM_005026.5.fasta	3535	3564	+	30	AACGCCTCCTTCATGCAGCGGCGGTGCTGG	CCAGCACCGCCGCUGCAUGAAGGAGGCGUU	0
NM_005026.5:3536-3565	NM_005026.5	NM_005026.5.fasta	3536	3565	+	30	ACGCCTCCTTCATGCAGCGGCGGTGCTGGG	CCCAGCACCGCCGCUGCAUGAAGGAGGCGU	0
NM_005026.5:3537-3566	NM_005026.5	NM_005026.5.fasta	3537	3566	+	30	CGCCTCCTTCATGCAGCGGCGGTGCTGGGC	GCCCAGCACCGCCGCUGCAUGAAGGAGGCG	0
NM_005026.5:3538-3567	NM_005026.5	NM_005026.5.fasta	3538	3567	+	30	GCCTCCTTCATGCAGCGGCGGTGCTGGGCC	GGCCCAGCACCGCCGCUGCAUGAAGGAGGC	0
NM_005026.5:3539-3568	NM_005026.5	NM_005026.5.fasta	3539	3568	+	30	CCTCCTTCATGCAGCGGCGGTGCTGGGCCC	GGGCCCAGCACCGCCGCUGCAUGAAGGAGG	0
NM_005026.5:3540-3569	NM_005026.5	NM_005026.5.fasta	3540	3569	+	30	CTCCTTCATGCAGCGGCGGTGCTGGGCCCC	GGGGCCCAGCACCGCCGCUGCAUGAAGGAG	0
NM_005026.5:3541-3570	NM_005026.5	NM_005026.5.fasta	3541	3570	+	30	TCCTTCATGCAGCGGCGGTGCTGGGCCCCC	GGGGGCCCAGCACCGCCGCUGCAUGAAGGA	0
NM_005026.5:3542-3571	NM_005026.5	NM_005026.5.fasta	3542	3571	+	30	CCTTCATGCAGCGGCGGTGCTGGGCCCCCC	GGGGGGCCCAGCACCGCCGCUGCAUGAAGG	0
NM_005026.5:3543-3572	NM_005026.5	NM_005026.5.fasta	3543	3572	+	30	CTTCATGCAGCGGCGGTGCTGGGCCCCCCG	CGGGGGGCCCAGCACCGCCGCUGCAUGAAG	0
NM_005026.5:3544-3573	NM_005026.5	NM_005026.5.fasta	3544	3573	+	30	TTCATGCAGCGGCGGTGCTGGGCCCCCCGA	UCGGGGGGCCCAGCACCGCCGCUGCAUGAA	0
NM_005026.5:3545-3574	NM_005026.5	NM_005026.5.fasta	3545	3574	+	30	TCATGCAGCGGCGGTGCTGGGCCCCCCGAG	CUCGGGGGGCCCAGCACCGCCGCUGCAUGA	0
NM_005026.5:3546-3575	NM_005026.5	NM_005026.5.fasta	3546	3575	+	30	CATGCAGCGGCGGTGCTGGGCCCCCCGAGG	CCUCGGGGGGCCCAGCACCGCCGCUGCAUG	0
NM_005026.5:3547-3576	NM_005026.5	NM_005026.5.fasta	3547	3576	+	30	ATGCAGCGGCGGTGCTGGGCCCCCCGAGGC	GCCUCGGGGGGCCCAGCACCGCCGCUGCAU	0
NM_005026.5:3548-3577	NM_005026.5	NM_005026.5.fasta	3548	3577	+	30	TGCAGCGGCGGTGCTGGGCCCCCCGAGGCT	AGCCUCGGGGGGCCCAGCACCGCCGCUGCA	0
NM_005026.5:3549-3578	NM_005026.5	NM_005026.5.fasta	3549	3578	+	30	GCAGCGGCGGTGCTGGGCCCCCCGAGGCTG	CAGCCUCGGGGGGCCCAGCACCGCCGCUGC	0
NM_005026.5:3550-3579	NM_005026.5	NM_005026.5.fasta	3550	3579	+	30	CAGCGGCGGTGCTGGGCCCCCCGAGGCTGC	GCAGCCUCGGGGGGCCCAGCACCGCCGCUG	0
NM_005026.5:3551-3580	NM_005026.5	NM_005026.5.fasta	3551	3580	+	30	AGCGGCGGTGCTGGGCCCCCCGAGGCTGCA	UGCAGCCUCGGGGGGCCCAGCACCGCCGCU	0
NM_005026.5:3552-3581	NM_005026.5	NM_005026.5.fasta	3552	3581	+	30	GCGGCGGTGCTGGGCCCCCCGAGGCTGCAC	GUGCAGCCUCGGGGGGCCCAGCACCGCCGC	0
NM_005026.5:3553-3582	NM_005026.5	NM_005026.5.fasta	3553	3582	+	30	CGGCGGTGCTGGGCCCCCCGAGGCTGCACC	GGUGCAGCCUCGGGGGGCCCAGCACCGCCG	0
NM_005026.5:3554-3583	NM_005026.5	NM_005026.5.fasta	3554	3583	+	30	GGCGGTGCTGGGCCCCCCGAGGCTGCACCT	AGGUGCAGCCUCGGGGGGCCCAGCACCGCC	0
NM_005026.5:3555-3584	NM_005026.5	NM_005026.5.fasta	3555	3584	+	30	GCGGTGCTGGGCCCCCCGAGGCTGCACCTG	CAGGUGCAGCCUCGGGGGGCCCAGCACCGC	0
NM_005026.5:3556-3585	NM_005026.5	NM_005026.5.fasta	3556	3585	+	30	CGGTGCTGGGCCCCCCGAGGCTGCACCTGG	CCAGGUGCAGCCUCGGGGGGCCCAGCACCG	0
NM_005026.5:3557-3586	NM_005026.5	NM_005026.5.fasta	3557	3586	+	30	GGTGCTGGGCCCCCCGAGGCTGCACCTGGC	GCCAGGUGCAGCCUCGGGGGGCCCAGCACC	0
NM_005026.5:3558-3587	NM_005026.5	NM_005026.5.fasta	3558	3587	+	30	GTGCTGGGCCCCCCGAGGCTGCACCTGGCT	AGCCAGGUGCAGCCUCGGGGGGCCCAGCAC	0
NM_005026.5:3559-3588	NM_005026.5	NM_005026.5.fasta	3559	3588	+	30	TGCTGGGCCCCCCGAGGCTGCACCTGGCTC	GAGCCAGGUGCAGCCUCGGGGGGCCCAGCA	0
NM_005026.5:3560-3589	NM_005026.5	NM_005026.5.fasta	3560	3589	+	30	GCTGGGCCCCCCGAGGCTGCACCTGGCTCT	AGAGCCAGGUGCAGCCUCGGGGGGCCCAGC	0
NM_005026.5:3561-3590	NM_005026.5	NM_005026.5.fasta	3561	3590	+	30	CTGGGCCCCCCGAGGCTGCACCTGGCTCTC	GAGAGCCAGGUGCAGCCUCGGGGGGCCCAG	0
NM_005026.5:3562-3591	NM_005026.5	NM_005026.5.fasta	3562	3591	+	30	TGGGCCCCCCGAGGCTGCACCTGGCTCTCG	CGAGAGCCAGGUGCAGCCUCGGGGGGCCCA	0
NM_005026.5:3563-3592	NM_005026.5	NM_005026.5.fasta	3563	3592	+	30	GGGCCCCCCGAGGCTGCACCTGGCTCTCGG	CCGAGAGCCAGGUGCAGCCUCGGGGGGCCC	0
NM_005026.5:3564-3593	NM_005026.5	NM_005026.5.fasta	3564	3593	+	30	GGCCCCCCGAGGCTGCACCTGGCTCTCGGC	GCCGAGAGCCAGGUGCAGCCUCGGGGGGCC	0
NM_005026.5:3565-3594	NM_005026.5	NM_005026.5.fasta	3565	3594	+	30	GCCCCCCGAGGCTGCACCTGGCTCTCGGCT	AGCCGAGAGCCAGGUGCAGCCUCGGGGGGC	0
NM_005026.5:3566-3595	NM_005026.5	NM_005026.5.fasta	3566	3595	+	30	CCCCCCGAGGCTGCACCTGGCTCTCGGCTG	CAGCCGAGAGCCAGGUGCAGCCUCGGGGGG	0
NM_005026.5:3567-3596	NM_005026.5	NM_005026.5.fasta	3567	3596	+	30	CCCCCGAGGCTGCACCTGGCTCTCGGCTGA	UCAGCCGAGAGCCAGGUGCAGCCUCGGGGG	0
NM_005026.5:3568-3597	NM_005026.5	NM_005026.5.fasta	3568	3597	+	30	CCCCGAGGCTGCACCTGGCTCTCGGCTGAG	CUCAGCCGAGAGCCAGGUGCAGCCUCGGGG	0
NM_005026.5:3569-3598	NM_005026.5	NM_005026.5.fasta	3569	3598	+	30	CCCGAGGCTGCACCTGGCTCTCGGCTGAGG	CCUCAGCCGAGAGCCAGGUGCAGCCUCGGG	0
NM_005026.5:3570-3599	NM_005026.5	NM_005026.5.fasta	3570	3599	+	30	CCGAGGCTGCACCTGGCTCTCGGCTGAGGA	UCCUCAGCCGAGAGCCAGGUGCAGCCUCGG	0
NM_005026.5:3571-3600	NM_005026.5	NM_005026.5.fasta	3571	3600	+	30	CGAGGCTGCACCTGGCTCTCGGCTGAGGAT	AUCCUCAGCCGAGAGCCAGGUGCAGCCUCG	0
NM_005026.5:3572-3601	NM_005026.5	NM_005026.5.fasta	3572	3601	+	30	GAGGCTGCACCTGGCTCTCGGCTGAGGATT	AAUCCUCAGCCGAGAGCCAGGUGCAGCCUC	0
NM_005026.5:3573-3602	NM_005026.5	NM_005026.5.fasta	3573	3602	+	30	AGGCTGCACCTGGCTCTCGGCTGAGGATTG	CAAUCCUCAGCCGAGAGCCAGGUGCAGCCU	0
NM_005026.5:3574-3603	NM_005026.5	NM_005026.5.fasta	3574	3603	+	30	GGCTGCACCTGGCTCTCGGCTGAGGATTGT	ACAAUCCUCAGCCGAGAGCCAGGUGCAGCC	0
NM_005026.5:3575-3604	NM_005026.5	NM_005026.5.fasta	3575	3604	+	30	GCTGCACCTGGCTCTCGGCTGAGGATTGTC	GACAAUCCUCAGCCGAGAGCCAGGUGCAGC	0
NM_005026.5:3576-3605	NM_005026.5	NM_005026.5.fasta	3576	3605	+	30	CTGCACCTGGCTCTCGGCTGAGGATTGTCA	UGACAAUCCUCAGCCGAGAGCCAGGUGCAG	0
NM_005026.5:3577-3606	NM_005026.5	NM_005026.5.fasta	3577	3606	+	30	TGCACCTGGCTCTCGGCTGAGGATTGTCAC	GUGACAAUCCUCAGCCGAGAGCCAGGUGCA	0
NM_005026.5:3578-3607	NM_005026.5	NM_005026.5.fasta	3578	3607	+	30	GCACCTGGCTCTCGGCTGAGGATTGTCACC	GGUGACAAUCCUCAGCCGAGAGCCAGGUGC	0
NM_005026.5:3579-3608	NM_005026.5	NM_005026.5.fasta	3579	3608	+	30	CACCTGGCTCTCGGCTGAGGATTGTCACCC	GGGUGACAAUCCUCAGCCGAGAGCCAGGUG	0
NM_005026.5:3580-3609	NM_005026.5	NM_005026.5.fasta	3580	3609	+	30	ACCTGGCTCTCGGCTGAGGATTGTCACCCC	GGGGUGACAAUCCUCAGCCGAGAGCCAGGU	0
NM_005026.5:3581-3610	NM_005026.5	NM_005026.5.fasta	3581	3610	+	30	CCTGGCTCTCGGCTGAGGATTGTCACCCCA	UGGGGUGACAAUCCUCAGCCGAGAGCCAGG	0
NM_005026.5:3582-3611	NM_005026.5	NM_005026.5.fasta	3582	3611	+	30	CTGGCTCTCGGCTGAGGATTGTCACCCCAA	UUGGGGUGACAAUCCUCAGCCGAGAGCCAG	0
NM_005026.5:3583-3612	NM_005026.5	NM_005026.5.fasta	3583	3612	+	30	TGGCTCTCGGCTGAGGATTGTCACCCCAAG	CUUGGGGUGACAAUCCUCAGCCGAGAGCCA	0
NM_005026.5:3584-3613	NM_005026.5	NM_005026.5.fasta	3584	3613	+	30	GGCTCTCGGCTGAGGATTGTCACCCCAAGT	ACUUGGGGUGACAAUCCUCAGCCGAGAGCC	0
NM_005026.5:3585-3614	NM_005026.5	NM_005026.5.fasta	3585	3614	+	30	GCTCTCGGCTGAGGATTGTCACCCCAAGTC	GACUUGGGGUGACAAUCCUCAGCCGAGAGC	0
NM_005026.5:3586-3615	NM_005026.5	NM_005026.5.fasta	3586	3615	+	30	CTCTCGGCTGAGGATTGTCACCCCAAGTCT	AGACUUGGGGUGACAAUCCUCAGCCGAGAG	0
NM_005026.5:3587-3616	NM_005026.5	NM_005026.5.fasta	3587	3616	+	30	TCTCGGCTGAGGATTGTCACCCCAAGTCTT	AAGACUUGGGGUGACAAUCCUCAGCCGAGA	0
NM_005026.5:3588-3617	NM_005026.5	NM_005026.5.fasta	3588	3617	+	30	CTCGGCTGAGGATTGTCACCCCAAGTCTTC	GAAGACUUGGGGUGACAAUCCUCAGCCGAG	0
NM_005026.5:3589-3618	NM_005026.5	NM_005026.5.fasta	3589	3618	+	30	TCGGCTGAGGATTGTCACCCCAAGTCTTCC	GGAAGACUUGGGGUGACAAUCCUCAGCCGA	0
NM_005026.5:3590-3619	NM_005026.5	NM_005026.5.fasta	3590	3619	+	30	CGGCTGAGGATTGTCACCCCAAGTCTTCCA	UGGAAGACUUGGGGUGACAAUCCUCAGCCG	0
NM_005026.5:3591-3620	NM_005026.5	NM_005026.5.fasta	3591	3620	+	30	GGCTGAGGATTGTCACCCCAAGTCTTCCAG	CUGGAAGACUUGGGGUGACAAUCCUCAGCC	0
NM_005026.5:3592-3621	NM_005026.5	NM_005026.5.fasta	3592	3621	+	30	GCTGAGGATTGTCACCCCAAGTCTTCCAGC	GCUGGAAGACUUGGGGUGACAAUCCUCAGC	0
NM_005026.5:3593-3622	NM_005026.5	NM_005026.5.fasta	3593	3622	+	30	CTGAGGATTGTCACCCCAAGTCTTCCAGCT	AGCUGGAAGACUUGGGGUGACAAUCCUCAG	0
NM_005026.5:3594-3623	NM_005026.5	NM_005026.5.fasta	3594	3623	+	30	TGAGGATTGTCACCCCAAGTCTTCCAGCTG	CAGCUGGAAGACUUGGGGUGACAAUCCUCA	0
NM_005026.5:3595-3624	NM_005026.5	NM_005026.5.fasta	3595	3624	+	30	GAGGATTGTCACCCCAAGTCTTCCAGCTGG	CCAGCUGGAAGACUUGGGGUGACAAUCCUC	0
NM_005026.5:3596-3625	NM_005026.5	NM_005026.5.fasta	3596	3625	+	30	AGGATTGTCACCCCAAGTCTTCCAGCTGGT	ACCAGCUGGAAGACUUGGGGUGACAAUCCU	0
NM_005026.5:3597-3626	NM_005026.5	NM_005026.5.fasta	3597	3626	+	30	GGATTGTCACCCCAAGTCTTCCAGCTGGTG	CACCAGCUGGAAGACUUGGGGUGACAAUCC	0
NM_005026.5:3598-3627	NM_005026.5	NM_005026.5.fasta	3598	3627	+	30	GATTGTCACCCCAAGTCTTCCAGCTGGTGG	CCACCAGCUGGAAGACUUGGGGUGACAAUC	0
NM_005026.5:3599-3628	NM_005026.5	NM_005026.5.fasta	3599	3628	+	30	ATTGTCACCCCAAGTCTTCCAGCTGGTGGA	UCCACCAGCUGGAAGACUUGGGGUGACAAU	0
NM_005026.5:3600-3629	NM_005026.5	NM_005026.5.fasta	3600	3629	+	30	TTGTCACCCCAAGTCTTCCAGCTGGTGGAT	AUCCACCAGCUGGAAGACUUGGGGUGACAA	0
NM_005026.5:3601-3630	NM_005026.5	NM_005026.5.fasta	3601	3630	+	30	TGTCACCCCAAGTCTTCCAGCTGGTGGATC	GAUCCACCAGCUGGAAGACUUGGGGUGACA	0
NM_005026.5:3602-3631	NM_005026.5	NM_005026.5.fasta	3602	3631	+	30	GTCACCCCAAGTCTTCCAGCTGGTGGATCT	AGAUCCACCAGCUGGAAGACUUGGGGUGAC	0
NM_005026.5:3603-3632	NM_005026.5	NM_005026.5.fasta	3603	3632	+	30	TCACCCCAAGTCTTCCAGCTGGTGGATCTG	CAGAUCCACCAGCUGGAAGACUUGGGGUGA	0
NM_005026.5:3604-3633	NM_005026.5	NM_005026.5.fasta	3604	3633	+	30	CACCCCAAGTCTTCCAGCTGGTGGATCTGG	CCAGAUCCACCAGCUGGAAGACUUGGGGUG	0
NM_005026.5:3605-3634	NM_005026.5	NM_005026.5.fasta	3605	3634	+	30	ACCCCAAGTCTTCCAGCTGGTGGATCTGGG	CCCAGAUCCACCAGCUGGAAGACUUGGGGU	0
NM_005026.5:3606-3635	NM_005026.5	NM_005026.5.fasta	3606	3635	+	30	CCCCAAGTCTTCCAGCTGGTGGATCTGGGC	GCCCAGAUCCACCAGCUGGAAGACUUGGGG	0
NM_005026.5:3607-3636	NM_005026.5	NM_005026.5.fasta	3607	3636	+	30	CCCAAGTCTTCCAGCTGGTGGATCTGGGCC	GGCCCAGAUCCACCAGCUGGAAGACUUGGG	0
NM_005026.5:3608-3637	NM_005026.5	NM_005026.5.fasta	3608	3637	+	30	CCAAGTCTTCCAGCTGGTGGATCTGGGCCC	GGGCCCAGAUCCACCAGCUGGAAGACUUGG	0
NM_005026.5:3609-3638	NM_005026.5	NM_005026.5.fasta	3609	3638	+	30	CAAGTCTTCCAGCTGGTGGATCTGGGCCCA	UGGGCCCAGAUCCACCAGCUGGAAGACUUG	0
NM_005026.5:3610-3639	NM_005026.5	NM_005026.5.fasta	3610	3639	+	30	AAGTCTTCCAGCTGGTGGATCTGGGCCCAG	CUGGGCCCAGAUCCACCAGCUGGAAGACUU	0
NM_005026.5:3611-3640	NM_005026.5	NM_005026.5.fasta	3611	3640	+	30	AGTCTTCCAGCTGGTGGATCTGGGCCCAGC	GCUGGGCCCAGAUCCACCAGCUGGAAGACU	0
NM_005026.5:3612-3641	NM_005026.5	NM_005026.5.fasta	3612	3641	+	30	GTCTTCCAGCTGGTGGATCTGGGCCCAGCA	UGCUGGGCCCAGAUCCACCAGCUGGAAGAC	0
NM_005026.5:3613-3642	NM_005026.5	NM_005026.5.fasta	3613	3642	+	30	TCTTCCAGCTGGTGGATCTGGGCCCAGCAA	UUGCUGGGCCCAGAUCCACCAGCUGGAAGA	0
NM_005026.5:3614-3643	NM_005026.5	NM_005026.5.fasta	3614	3643	+	30	CTTCCAGCTGGTGGATCTGGGCCCAGCAAA	UUUGCUGGGCCCAGAUCCACCAGCUGGAAG	0
NM_005026.5:3615-3644	NM_005026.5	NM_005026.5.fasta	3615	3644	+	30	TTCCAGCTGGTGGATCTGGGCCCAGCAAAG	CUUUGCUGGGCCCAGAUCCACCAGCUGGAA	0
NM_005026.5:3616-3645	NM_005026.5	NM_005026.5.fasta	3616	3645	+	30	TCCAGCTGGTGGATCTGGGCCCAGCAAAGA	UCUUUGCUGGGCCCAGAUCCACCAGCUGGA	0
NM_005026.5:3617-3646	NM_005026.5	NM_005026.5.fasta	3617	3646	+	30	CCAGCTGGTGGATCTGGGCCCAGCAAAGAC	GUCUUUGCUGGGCCCAGAUCCACCAGCUGG	0
NM_005026.5:3618-3647	NM_005026.5	NM_005026.5.fasta	3618	3647	+	30	CAGCTGGTGGATCTGGGCCCAGCAAAGACT	AGUCUUUGCUGGGCCCAGAUCCACCAGCUG	0
NM_005026.5:3619-3648	NM_005026.5	NM_005026.5.fasta	3619	3648	+	30	AGCTGGTGGATCTGGGCCCAGCAAAGACTG	CAGUCUUUGCUGGGCCCAGAUCCACCAGCU	0
NM_005026.5:3620-3649	NM_005026.5	NM_005026.5.fasta	3620	3649	+	30	GCTGGTGGATCTGGGCCCAGCAAAGACTGT	ACAGUCUUUGCUGGGCCCAGAUCCACCAGC	0
NM_005026.5:3621-3650	NM_005026.5	NM_005026.5.fasta	3621	3650	+	30	CTGGTGGATCTGGGCCCAGCAAAGACTGTT	AACAGUCUUUGCUGGGCCCAGAUCCACCAG	0
NM_005026.5:3622-3651	NM_005026.5	NM_005026.5.fasta	3622	3651	+	30	TGGTGGATCTGGGCCCAGCAAAGACTGTTC	GAACAGUCUUUGCUGGGCCCAGAUCCACCA	0
NM_005026.5:3623-3652	NM_005026.5	NM_005026.5.fasta	3623	3652	+	30	GGTGGATCTGGGCCCAGCAAAGACTGTTCT	AGAACAGUCUUUGCUGGGCCCAGAUCCACC	0
NM_005026.5:3624-3653	NM_005026.5	NM_005026.5.fasta	3624	3653	+	30	GTGGATCTGGGCCCAGCAAAGACTGTTCTC	GAGAACAGUCUUUGCUGGGCCCAGAUCCAC	0
NM_005026.5:3625-3654	NM_005026.5	NM_005026.5.fasta	3625	3654	+	30	TGGATCTGGGCCCAGCAAAGACTGTTCTCC	GGAGAACAGUCUUUGCUGGGCCCAGAUCCA	0
NM_005026.5:3626-3655	NM_005026.5	NM_005026.5.fasta	3626	3655	+	30	GGATCTGGGCCCAGCAAAGACTGTTCTCCT	AGGAGAACAGUCUUUGCUGGGCCCAGAUCC	0
NM_005026.5:3627-3656	NM_005026.5	NM_005026.5.fasta	3627	3656	+	30	GATCTGGGCCCAGCAAAGACTGTTCTCCTC	GAGGAGAACAGUCUUUGCUGGGCCCAGAUC	0
NM_005026.5:3628-3657	NM_005026.5	NM_005026.5.fasta	3628	3657	+	30	ATCTGGGCCCAGCAAAGACTGTTCTCCTCC	GGAGGAGAACAGUCUUUGCUGGGCCCAGAU	0
NM_005026.5:3629-3658	NM_005026.5	NM_005026.5.fasta	3629	3658	+	30	TCTGGGCCCAGCAAAGACTGTTCTCCTCCC	GGGAGGAGAACAGUCUUUGCUGGGCCCAGA	0
NM_005026.5:3630-3659	NM_005026.5	NM_005026.5.fasta	3630	3659	+	30	CTGGGCCCAGCAAAGACTGTTCTCCTCCCG	CGGGAGGAGAACAGUCUUUGCUGGGCCCAG	0
NM_005026.5:3631-3660	NM_005026.5	NM_005026.5.fasta	3631	3660	+	30	TGGGCCCAGCAAAGACTGTTCTCCTCCCGA	UCGGGAGGAGAACAGUCUUUGCUGGGCCCA	0
NM_005026.5:3632-3661	NM_005026.5	NM_005026.5.fasta	3632	3661	+	30	GGGCCCAGCAAAGACTGTTCTCCTCCCGAG	CUCGGGAGGAGAACAGUCUUUGCUGGGCCC	0
NM_005026.5:3633-3662	NM_005026.5	NM_005026.5.fasta	3633	3662	+	30	GGCCCAGCAAAGACTGTTCTCCTCCCGAGG	CCUCGGGAGGAGAACAGUCUUUGCUGGGCC	0
NM_005026.5:3634-3663	NM_005026.5	NM_005026.5.fasta	3634	3663	+	30	GCCCAGCAAAGACTGTTCTCCTCCCGAGGG	CCCUCGGGAGGAGAACAGUCUUUGCUGGGC	0
NM_005026.5:3635-3664	NM_005026.5	NM_005026.5.fasta	3635	3664	+	30	CCCAGCAAAGACTGTTCTCCTCCCGAGGGA	UCCCUCGGGAGGAGAACAGUCUUUGCUGGG	0
NM_005026.5:3636-3665	NM_005026.5	NM_005026.5.fasta	3636	3665	+	30	CCAGCAAAGACTGTTCTCCTCCCGAGGGAA	UUCCCUCGGGAGGAGAACAGUCUUUGCUGG	0
NM_005026.5:3637-3666	NM_005026.5	NM_005026.5.fasta	3637	3666	+	30	CAGCAAAGACTGTTCTCCTCCCGAGGGAAC	GUUCCCUCGGGAGGAGAACAGUCUUUGCUG	0
NM_005026.5:3638-3667	NM_005026.5	NM_005026.5.fasta	3638	3667	+	30	AGCAAAGACTGTTCTCCTCCCGAGGGAACC	GGUUCCCUCGGGAGGAGAACAGUCUUUGCU	0
NM_005026.5:3639-3668	NM_005026.5	NM_005026.5.fasta	3639	3668	+	30	GCAAAGACTGTTCTCCTCCCGAGGGAACCT	AGGUUCCCUCGGGAGGAGAACAGUCUUUGC	0
NM_005026.5:3640-3669	NM_005026.5	NM_005026.5.fasta	3640	3669	+	30	CAAAGACTGTTCTCCTCCCGAGGGAACCTT	AAGGUUCCCUCGGGAGGAGAACAGUCUUUG	0
NM_005026.5:3641-3670	NM_005026.5	NM_005026.5.fasta	3641	3670	+	30	AAAGACTGTTCTCCTCCCGAGGGAACCTTC	GAAGGUUCCCUCGGGAGGAGAACAGUCUUU	0
NM_005026.5:3642-3671	NM_005026.5	NM_005026.5.fasta	3642	3671	+	30	AAGACTGTTCTCCTCCCGAGGGAACCTTCT	AGAAGGUUCCCUCGGGAGGAGAACAGUCUU	0
NM_005026.5:3643-3672	NM_005026.5	NM_005026.5.fasta	3643	3672	+	30	AGACTGTTCTCCTCCCGAGGGAACCTTCTT	AAGAAGGUUCCCUCGGGAGGAGAACAGUCU	0
NM_005026.5:3644-3673	NM_005026.5	NM_005026.5.fasta	3644	3673	+	30	GACTGTTCTCCTCCCGAGGGAACCTTCTTC	GAAGAAGGUUCCCUCGGGAGGAGAACAGUC	0
NM_005026.5:3645-3674	NM_005026.5	NM_005026.5.fasta	3645	3674	+	30	ACTGTTCTCCTCCCGAGGGAACCTTCTTCC	GGAAGAAGGUUCCCUCGGGAGGAGAACAGU	0
NM_005026.5:3646-3675	NM_005026.5	NM_005026.5.fasta	3646	3675	+	30	CTGTTCTCCTCCCGAGGGAACCTTCTTCCC	GGGAAGAAGGUUCCCUCGGGAGGAGAACAG	0
NM_005026.5:3647-3676	NM_005026.5	NM_005026.5.fasta	3647	3676	+	30	TGTTCTCCTCCCGAGGGAACCTTCTTCCCA	UGGGAAGAAGGUUCCCUCGGGAGGAGAACA	0
NM_005026.5:3648-3677	NM_005026.5	NM_005026.5.fasta	3648	3677	+	30	GTTCTCCTCCCGAGGGAACCTTCTTCCCAG	CUGGGAAGAAGGUUCCCUCGGGAGGAGAAC	0
NM_005026.5:3649-3678	NM_005026.5	NM_005026.5.fasta	3649	3678	+	30	TTCTCCTCCCGAGGGAACCTTCTTCCCAGG	CCUGGGAAGAAGGUUCCCUCGGGAGGAGAA	0
NM_005026.5:3650-3679	NM_005026.5	NM_005026.5.fasta	3650	3679	+	30	TCTCCTCCCGAGGGAACCTTCTTCCCAGGC	GCCUGGGAAGAAGGUUCCCUCGGGAGGAGA	0
NM_005026.5:3651-3680	NM_005026.5	NM_005026.5.fasta	3651	3680	+	30	CTCCTCCCGAGGGAACCTTCTTCCCAGGCC	GGCCUGGGAAGAAGGUUCCCUCGGGAGGAG	0
NM_005026.5:3652-3681	NM_005026.5	NM_005026.5.fasta	3652	3681	+	30	TCCTCCCGAGGGAACCTTCTTCCCAGGCCT	AGGCCUGGGAAGAAGGUUCCCUCGGGAGGA	0
NM_005026.5:3653-3682	NM_005026.5	NM_005026.5.fasta	3653	3682	+	30	CCTCCCGAGGGAACCTTCTTCCCAGGCCTC	GAGGCCUGGGAAGAAGGUUCCCUCGGGAGG	0
NM_005026.5:3654-3683	NM_005026.5	NM_005026.5.fasta	3654	3683	+	30	CTCCCGAGGGAACCTTCTTCCCAGGCCTCC	GGAGGCCUGGGAAGAAGGUUCCCUCGGGAG	0
NM_005026.5:3655-3684	NM_005026.5	NM_005026.5.fasta	3655	3684	+	30	TCCCGAGGGAACCTTCTTCCCAGGCCTCCC	GGGAGGCCUGGGAAGAAGGUUCCCUCGGGA	0
NM_005026.5:3656-3685	NM_005026.5	NM_005026.5.fasta	3656	3685	+	30	CCCGAGGGAACCTTCTTCCCAGGCCTCCCG	CGGGAGGCCUGGGAAGAAGGUUCCCUCGGG	0
NM_005026.5:3657-3686	NM_005026.5	NM_005026.5.fasta	3657	3686	+	30	CCGAGGGAACCTTCTTCCCAGGCCTCCCGC	GCGGGAGGCCUGGGAAGAAGGUUCCCUCGG	0
NM_005026.5:3658-3687	NM_005026.5	NM_005026.5.fasta	3658	3687	+	30	CGAGGGAACCTTCTTCCCAGGCCTCCCGCC	GGCGGGAGGCCUGGGAAGAAGGUUCCCUCG	0
NM_005026.5:3659-3688	NM_005026.5	NM_005026.5.fasta	3659	3688	+	30	GAGGGAACCTTCTTCCCAGGCCTCCCGCCA	UGGCGGGAGGCCUGGGAAGAAGGUUCCCUC	0
NM_005026.5:3660-3689	NM_005026.5	NM_005026.5.fasta	3660	3689	+	30	AGGGAACCTTCTTCCCAGGCCTCCCGCCAG	CUGGCGGGAGGCCUGGGAAGAAGGUUCCCU	0
NM_005026.5:3661-3690	NM_005026.5	NM_005026.5.fasta	3661	3690	+	30	GGGAACCTTCTTCCCAGGCCTCCCGCCAGA	UCUGGCGGGAGGCCUGGGAAGAAGGUUCCC	0
NM_005026.5:3662-3691	NM_005026.5	NM_005026.5.fasta	3662	3691	+	30	GGAACCTTCTTCCCAGGCCTCCCGCCAGAC	GUCUGGCGGGAGGCCUGGGAAGAAGGUUCC	0
NM_005026.5:3663-3692	NM_005026.5	NM_005026.5.fasta	3663	3692	+	30	GAACCTTCTTCCCAGGCCTCCCGCCAGACT	AGUCUGGCGGGAGGCCUGGGAAGAAGGUUC	0
NM_005026.5:3664-3693	NM_005026.5	NM_005026.5.fasta	3664	3693	+	30	AACCTTCTTCCCAGGCCTCCCGCCAGACTG	CAGUCUGGCGGGAGGCCUGGGAAGAAGGUU	0
NM_005026.5:3665-3694	NM_005026.5	NM_005026.5.fasta	3665	3694	+	30	ACCTTCTTCCCAGGCCTCCCGCCAGACTGC	GCAGUCUGGCGGGAGGCCUGGGAAGAAGGU	0
NM_005026.5:3666-3695	NM_005026.5	NM_005026.5.fasta	3666	3695	+	30	CCTTCTTCCCAGGCCTCCCGCCAGACTGCC	GGCAGUCUGGCGGGAGGCCUGGGAAGAAGG	0
NM_005026.5:3667-3696	NM_005026.5	NM_005026.5.fasta	3667	3696	+	30	CTTCTTCCCAGGCCTCCCGCCAGACTGCCT	AGGCAGUCUGGCGGGAGGCCUGGGAAGAAG	0
NM_005026.5:3668-3697	NM_005026.5	NM_005026.5.fasta	3668	3697	+	30	TTCTTCCCAGGCCTCCCGCCAGACTGCCTG	CAGGCAGUCUGGCGGGAGGCCUGGGAAGAA	0
NM_005026.5:3669-3698	NM_005026.5	NM_005026.5.fasta	3669	3698	+	30	TCTTCCCAGGCCTCCCGCCAGACTGCCTGG	CCAGGCAGUCUGGCGGGAGGCCUGGGAAGA	0
NM_005026.5:3670-3699	NM_005026.5	NM_005026.5.fasta	3670	3699	+	30	CTTCCCAGGCCTCCCGCCAGACTGCCTGGG	CCCAGGCAGUCUGGCGGGAGGCCUGGGAAG	0
NM_005026.5:3671-3700	NM_005026.5	NM_005026.5.fasta	3671	3700	+	30	TTCCCAGGCCTCCCGCCAGACTGCCTGGGT	ACCCAGGCAGUCUGGCGGGAGGCCUGGGAA	0
NM_005026.5:3672-3701	NM_005026.5	NM_005026.5.fasta	3672	3701	+	30	TCCCAGGCCTCCCGCCAGACTGCCTGGGTC	GACCCAGGCAGUCUGGCGGGAGGCCUGGGA	0
NM_005026.5:3673-3702	NM_005026.5	NM_005026.5.fasta	3673	3702	+	30	CCCAGGCCTCCCGCCAGACTGCCTGGGTCC	GGACCCAGGCAGUCUGGCGGGAGGCCUGGG	0
NM_005026.5:3674-3703	NM_005026.5	NM_005026.5.fasta	3674	3703	+	30	CCAGGCCTCCCGCCAGACTGCCTGGGTCCT	AGGACCCAGGCAGUCUGGCGGGAGGCCUGG	0
NM_005026.5:3675-3704	NM_005026.5	NM_005026.5.fasta	3675	3704	+	30	CAGGCCTCCCGCCAGACTGCCTGGGTCCTG	CAGGACCCAGGCAGUCUGGCGGGAGGCCUG	0
NM_005026.5:3676-3705	NM_005026.5	NM_005026.5.fasta	3676	3705	+	30	AGGCCTCCCGCCAGACTGCCTGGGTCCTGG	CCAGGACCCAGGCAGUCUGGCGGGAGGCCU	0
NM_005026.5:3677-3706	NM_005026.5	NM_005026.5.fasta	3677	3706	+	30	GGCCTCCCGCCAGACTGCCTGGGTCCTGGC	GCCAGGACCCAGGCAGUCUGGCGGGAGGCC	0
NM_005026.5:3678-3707	NM_005026.5	NM_005026.5.fasta	3678	3707	+	30	GCCTCCCGCCAGACTGCCTGGGTCCTGGCG	CGCCAGGACCCAGGCAGUCUGGCGGGAGGC	0
NM_005026.5:3679-3708	NM_005026.5	NM_005026.5.fasta	3679	3708	+	30	CCTCCCGCCAGACTGCCTGGGTCCTGGCGC	GCGCCAGGACCCAGGCAGUCUGGCGGGAGG	0
NM_005026.5:3680-3709	NM_005026.5	NM_005026.5.fasta	3680	3709	+	30	CTCCCGCCAGACTGCCTGGGTCCTGGCGCC	GGCGCCAGGACCCAGGCAGUCUGGCGGGAG	0
NM_005026.5:3681-3710	NM_005026.5	NM_005026.5.fasta	3681	3710	+	30	TCCCGCCAGACTGCCTGGGTCCTGGCGCCT	AGGCGCCAGGACCCAGGCAGUCUGGCGGGA	0
NM_005026.5:3682-3711	NM_005026.5	NM_005026.5.fasta	3682	3711	+	30	CCCGCCAGACTGCCTGGGTCCTGGCGCCTG	CAGGCGCCAGGACCCAGGCAGUCUGGCGGG	0
NM_005026.5:3683-3712	NM_005026.5	NM_005026.5.fasta	3683	3712	+	30	CCGCCAGACTGCCTGGGTCCTGGCGCCTGG	CCAGGCGCCAGGACCCAGGCAGUCUGGCGG	0
NM_005026.5:3684-3713	NM_005026.5	NM_005026.5.fasta	3684	3713	+	30	CGCCAGACTGCCTGGGTCCTGGCGCCTGGC	GCCAGGCGCCAGGACCCAGGCAGUCUGGCG	0
NM_005026.5:3685-3714	NM_005026.5	NM_005026.5.fasta	3685	3714	+	30	GCCAGACTGCCTGGGTCCTGGCGCCTGGCG	CGCCAGGCGCCAGGACCCAGGCAGUCUGGC	0
NM_005026.5:3686-3715	NM_005026.5	NM_005026.5.fasta	3686	3715	+	30	CCAGACTGCCTGGGTCCTGGCGCCTGGCGG	CCGCCAGGCGCCAGGACCCAGGCAGUCUGG	0
NM_005026.5:3687-3716	NM_005026.5	NM_005026.5.fasta	3687	3716	+	30	CAGACTGCCTGGGTCCTGGCGCCTGGCGGT	ACCGCCAGGCGCCAGGACCCAGGCAGUCUG	0
NM_005026.5:3688-3717	NM_005026.5	NM_005026.5.fasta	3688	3717	+	30	AGACTGCCTGGGTCCTGGCGCCTGGCGGTC	GACCGCCAGGCGCCAGGACCCAGGCAGUCU	0
NM_005026.5:3689-3718	NM_005026.5	NM_005026.5.fasta	3689	3718	+	30	GACTGCCTGGGTCCTGGCGCCTGGCGGTCA	UGACCGCCAGGCGCCAGGACCCAGGCAGUC	0
NM_005026.5:3690-3719	NM_005026.5	NM_005026.5.fasta	3690	3719	+	30	ACTGCCTGGGTCCTGGCGCCTGGCGGTCAC	GUGACCGCCAGGCGCCAGGACCCAGGCAGU	0
NM_005026.5:3691-3720	NM_005026.5	NM_005026.5.fasta	3691	3720	+	30	CTGCCTGGGTCCTGGCGCCTGGCGGTCACC	GGUGACCGCCAGGCGCCAGGACCCAGGCAG	0
NM_005026.5:3692-3721	NM_005026.5	NM_005026.5.fasta	3692	3721	+	30	TGCCTGGGTCCTGGCGCCTGGCGGTCACCT	AGGUGACCGCCAGGCGCCAGGACCCAGGCA	0
NM_005026.5:3693-3722	NM_005026.5	NM_005026.5.fasta	3693	3722	+	30	GCCTGGGTCCTGGCGCCTGGCGGTCACCTG	CAGGUGACCGCCAGGCGCCAGGACCCAGGC	0
NM_005026.5:3694-3723	NM_005026.5	NM_005026.5.fasta	3694	3723	+	30	CCTGGGTCCTGGCGCCTGGCGGTCACCTGG	CCAGGUGACCGCCAGGCGCCAGGACCCAGG	0
NM_005026.5:3695-3724	NM_005026.5	NM_005026.5.fasta	3695	3724	+	30	CTGGGTCCTGGCGCCTGGCGGTCACCTGGT	ACCAGGUGACCGCCAGGCGCCAGGACCCAG	0
NM_005026.5:3696-3725	NM_005026.5	NM_005026.5.fasta	3696	3725	+	30	TGGGTCCTGGCGCCTGGCGGTCACCTGGTG	CACCAGGUGACCGCCAGGCGCCAGGACCCA	0
NM_005026.5:3697-3726	NM_005026.5	NM_005026.5.fasta	3697	3726	+	30	GGGTCCTGGCGCCTGGCGGTCACCTGGTGC	GCACCAGGUGACCGCCAGGCGCCAGGACCC	0
NM_005026.5:3698-3727	NM_005026.5	NM_005026.5.fasta	3698	3727	+	30	GGTCCTGGCGCCTGGCGGTCACCTGGTGCC	GGCACCAGGUGACCGCCAGGCGCCAGGACC	0
NM_005026.5:3699-3728	NM_005026.5	NM_005026.5.fasta	3699	3728	+	30	GTCCTGGCGCCTGGCGGTCACCTGGTGCCT	AGGCACCAGGUGACCGCCAGGCGCCAGGAC	0
NM_005026.5:3700-3729	NM_005026.5	NM_005026.5.fasta	3700	3729	+	30	TCCTGGCGCCTGGCGGTCACCTGGTGCCTA	UAGGCACCAGGUGACCGCCAGGCGCCAGGA	0
NM_005026.5:3701-3730	NM_005026.5	NM_005026.5.fasta	3701	3730	+	30	CCTGGCGCCTGGCGGTCACCTGGTGCCTAC	GUAGGCACCAGGUGACCGCCAGGCGCCAGG	0
NM_005026.5:3702-3731	NM_005026.5	NM_005026.5.fasta	3702	3731	+	30	CTGGCGCCTGGCGGTCACCTGGTGCCTACT	AGUAGGCACCAGGUGACCGCCAGGCGCCAG	0
NM_005026.5:3703-3732	NM_005026.5	NM_005026.5.fasta	3703	3732	+	30	TGGCGCCTGGCGGTCACCTGGTGCCTACTG	CAGUAGGCACCAGGUGACCGCCAGGCGCCA	0
NM_005026.5:3704-3733	NM_005026.5	NM_005026.5.fasta	3704	3733	+	30	GGCGCCTGGCGGTCACCTGGTGCCTACTGT	ACAGUAGGCACCAGGUGACCGCCAGGCGCC	0
NM_005026.5:3705-3734	NM_005026.5	NM_005026.5.fasta	3705	3734	+	30	GCGCCTGGCGGTCACCTGGTGCCTACTGTC	GACAGUAGGCACCAGGUGACCGCCAGGCGC	0
NM_005026.5:3706-3735	NM_005026.5	NM_005026.5.fasta	3706	3735	+	30	CGCCTGGCGGTCACCTGGTGCCTACTGTCC	GGACAGUAGGCACCAGGUGACCGCCAGGCG	0
NM_005026.5:3707-3736	NM_005026.5	NM_005026.5.fasta	3707	3736	+	30	GCCTGGCGGTCACCTGGTGCCTACTGTCCG	CGGACAGUAGGCACCAGGUGACCGCCAGGC	0
NM_005026.5:3708-3737	NM_005026.5	NM_005026.5.fasta	3708	3737	+	30	CCTGGCGGTCACCTGGTGCCTACTGTCCGA	UCGGACAGUAGGCACCAGGUGACCGCCAGG	0
NM_005026.5:3709-3738	NM_005026.5	NM_005026.5.fasta	3709	3738	+	30	CTGGCGGTCACCTGGTGCCTACTGTCCGAC	GUCGGACAGUAGGCACCAGGUGACCGCCAG	0
NM_005026.5:3710-3739	NM_005026.5	NM_005026.5.fasta	3710	3739	+	30	TGGCGGTCACCTGGTGCCTACTGTCCGACA	UGUCGGACAGUAGGCACCAGGUGACCGCCA	0
NM_005026.5:3711-3740	NM_005026.5	NM_005026.5.fasta	3711	3740	+	30	GGCGGTCACCTGGTGCCTACTGTCCGACAG	CUGUCGGACAGUAGGCACCAGGUGACCGCC	0
NM_005026.5:3712-3741	NM_005026.5	NM_005026.5.fasta	3712	3741	+	30	GCGGTCACCTGGTGCCTACTGTCCGACAGG	CCUGUCGGACAGUAGGCACCAGGUGACCGC	0
NM_005026.5:3713-3742	NM_005026.5	NM_005026.5.fasta	3713	3742	+	30	CGGTCACCTGGTGCCTACTGTCCGACAGGA	UCCUGUCGGACAGUAGGCACCAGGUGACCG	0
NM_005026.5:3714-3743	NM_005026.5	NM_005026.5.fasta	3714	3743	+	30	GGTCACCTGGTGCCTACTGTCCGACAGGAT	AUCCUGUCGGACAGUAGGCACCAGGUGACC	0
NM_005026.5:3715-3744	NM_005026.5	NM_005026.5.fasta	3715	3744	+	30	GTCACCTGGTGCCTACTGTCCGACAGGATG	CAUCCUGUCGGACAGUAGGCACCAGGUGAC	0
NM_005026.5:3716-3745	NM_005026.5	NM_005026.5.fasta	3716	3745	+	30	TCACCTGGTGCCTACTGTCCGACAGGATGC	GCAUCCUGUCGGACAGUAGGCACCAGGUGA	0
NM_005026.5:3717-3746	NM_005026.5	NM_005026.5.fasta	3717	3746	+	30	CACCTGGTGCCTACTGTCCGACAGGATGCC	GGCAUCCUGUCGGACAGUAGGCACCAGGUG	0
NM_005026.5:3718-3747	NM_005026.5	NM_005026.5.fasta	3718	3747	+	30	ACCTGGTGCCTACTGTCCGACAGGATGCCT	AGGCAUCCUGUCGGACAGUAGGCACCAGGU	0
NM_005026.5:3719-3748	NM_005026.5	NM_005026.5.fasta	3719	3748	+	30	CCTGGTGCCTACTGTCCGACAGGATGCCTT	AAGGCAUCCUGUCGGACAGUAGGCACCAGG	0
NM_005026.5:3720-3749	NM_005026.5	NM_005026.5.fasta	3720	3749	+	30	CTGGTGCCTACTGTCCGACAGGATGCCTTG	CAAGGCAUCCUGUCGGACAGUAGGCACCAG	0
NM_005026.5:3721-3750	NM_005026.5	NM_005026.5.fasta	3721	3750	+	30	TGGTGCCTACTGTCCGACAGGATGCCTTGA	UCAAGGCAUCCUGUCGGACAGUAGGCACCA	0
NM_005026.5:3722-3751	NM_005026.5	NM_005026.5.fasta	3722	3751	+	30	GGTGCCTACTGTCCGACAGGATGCCTTGAT	AUCAAGGCAUCCUGUCGGACAGUAGGCACC	0
NM_005026.5:3723-3752	NM_005026.5	NM_005026.5.fasta	3723	3752	+	30	GTGCCTACTGTCCGACAGGATGCCTTGATC	GAUCAAGGCAUCCUGUCGGACAGUAGGCAC	0
NM_005026.5:3724-3753	NM_005026.5	NM_005026.5.fasta	3724	3753	+	30	TGCCTACTGTCCGACAGGATGCCTTGATCC	GGAUCAAGGCAUCCUGUCGGACAGUAGGCA	0
NM_005026.5:3725-3754	NM_005026.5	NM_005026.5.fasta	3725	3754	+	30	GCCTACTGTCCGACAGGATGCCTTGATCCT	AGGAUCAAGGCAUCCUGUCGGACAGUAGGC	0
NM_005026.5:3726-3755	NM_005026.5	NM_005026.5.fasta	3726	3755	+	30	CCTACTGTCCGACAGGATGCCTTGATCCTC	GAGGAUCAAGGCAUCCUGUCGGACAGUAGG	0
NM_005026.5:3727-3756	NM_005026.5	NM_005026.5.fasta	3727	3756	+	30	CTACTGTCCGACAGGATGCCTTGATCCTCG	CGAGGAUCAAGGCAUCCUGUCGGACAGUAG	0
NM_005026.5:3728-3757	NM_005026.5	NM_005026.5.fasta	3728	3757	+	30	TACTGTCCGACAGGATGCCTTGATCCTCGT	ACGAGGAUCAAGGCAUCCUGUCGGACAGUA	0
NM_005026.5:3729-3758	NM_005026.5	NM_005026.5.fasta	3729	3758	+	30	ACTGTCCGACAGGATGCCTTGATCCTCGTG	CACGAGGAUCAAGGCAUCCUGUCGGACAGU	0
NM_005026.5:3730-3759	NM_005026.5	NM_005026.5.fasta	3730	3759	+	30	CTGTCCGACAGGATGCCTTGATCCTCGTGC	GCACGAGGAUCAAGGCAUCCUGUCGGACAG	0
NM_005026.5:3731-3760	NM_005026.5	NM_005026.5.fasta	3731	3760	+	30	TGTCCGACAGGATGCCTTGATCCTCGTGCG	CGCACGAGGAUCAAGGCAUCCUGUCGGACA	0
NM_005026.5:3732-3761	NM_005026.5	NM_005026.5.fasta	3732	3761	+	30	GTCCGACAGGATGCCTTGATCCTCGTGCGA	UCGCACGAGGAUCAAGGCAUCCUGUCGGAC	0
NM_005026.5:3733-3762	NM_005026.5	NM_005026.5.fasta	3733	3762	+	30	TCCGACAGGATGCCTTGATCCTCGTGCGAC	GUCGCACGAGGAUCAAGGCAUCCUGUCGGA	0
NM_005026.5:3734-3763	NM_005026.5	NM_005026.5.fasta	3734	3763	+	30	CCGACAGGATGCCTTGATCCTCGTGCGACC	GGUCGCACGAGGAUCAAGGCAUCCUGUCGG	0
NM_005026.5:3735-3764	NM_005026.5	NM_005026.5.fasta	3735	3764	+	30	CGACAGGATGCCTTGATCCTCGTGCGACCC	GGGUCGCACGAGGAUCAAGGCAUCCUGUCG	0
NM_005026.5:3736-3765	NM_005026.5	NM_005026.5.fasta	3736	3765	+	30	GACAGGATGCCTTGATCCTCGTGCGACCCA	UGGGUCGCACGAGGAUCAAGGCAUCCUGUC	0
NM_005026.5:3737-3766	NM_005026.5	NM_005026.5.fasta	3737	3766	+	30	ACAGGATGCCTTGATCCTCGTGCGACCCAC	GUGGGUCGCACGAGGAUCAAGGCAUCCUGU	0
NM_005026.5:3738-3767	NM_005026.5	NM_005026.5.fasta	3738	3767	+	30	CAGGATGCCTTGATCCTCGTGCGACCCACC	GGUGGGUCGCACGAGGAUCAAGGCAUCCUG	0
NM_005026.5:3739-3768	NM_005026.5	NM_005026.5.fasta	3739	3768	+	30	AGGATGCCTTGATCCTCGTGCGACCCACCC	GGGUGGGUCGCACGAGGAUCAAGGCAUCCU	0
NM_005026.5:3740-3769	NM_005026.5	NM_005026.5.fasta	3740	3769	+	30	GGATGCCTTGATCCTCGTGCGACCCACCCT	AGGGUGGGUCGCACGAGGAUCAAGGCAUCC	0
NM_005026.5:3741-3770	NM_005026.5	NM_005026.5.fasta	3741	3770	+	30	GATGCCTTGATCCTCGTGCGACCCACCCTG	CAGGGUGGGUCGCACGAGGAUCAAGGCAUC	0
NM_005026.5:3742-3771	NM_005026.5	NM_005026.5.fasta	3742	3771	+	30	ATGCCTTGATCCTCGTGCGACCCACCCTGT	ACAGGGUGGGUCGCACGAGGAUCAAGGCAU	0
NM_005026.5:3743-3772	NM_005026.5	NM_005026.5.fasta	3743	3772	+	30	TGCCTTGATCCTCGTGCGACCCACCCTGTG	CACAGGGUGGGUCGCACGAGGAUCAAGGCA	0
NM_005026.5:3744-3773	NM_005026.5	NM_005026.5.fasta	3744	3773	+	30	GCCTTGATCCTCGTGCGACCCACCCTGTGT	ACACAGGGUGGGUCGCACGAGGAUCAAGGC	0
NM_005026.5:3745-3774	NM_005026.5	NM_005026.5.fasta	3745	3774	+	30	CCTTGATCCTCGTGCGACCCACCCTGTGTA	UACACAGGGUGGGUCGCACGAGGAUCAAGG	0
NM_005026.5:3746-3775	NM_005026.5	NM_005026.5.fasta	3746	3775	+	30	CTTGATCCTCGTGCGACCCACCCTGTGTAT	AUACACAGGGUGGGUCGCACGAGGAUCAAG	0
NM_005026.5:3747-3776	NM_005026.5	NM_005026.5.fasta	3747	3776	+	30	TTGATCCTCGTGCGACCCACCCTGTGTATC	GAUACACAGGGUGGGUCGCACGAGGAUCAA	0
NM_005026.5:3748-3777	NM_005026.5	NM_005026.5.fasta	3748	3777	+	30	TGATCCTCGTGCGACCCACCCTGTGTATCC	GGAUACACAGGGUGGGUCGCACGAGGAUCA	0
NM_005026.5:3749-3778	NM_005026.5	NM_005026.5.fasta	3749	3778	+	30	GATCCTCGTGCGACCCACCCTGTGTATCCT	AGGAUACACAGGGUGGGUCGCACGAGGAUC	0
NM_005026.5:3750-3779	NM_005026.5	NM_005026.5.fasta	3750	3779	+	30	ATCCTCGTGCGACCCACCCTGTGTATCCTC	GAGGAUACACAGGGUGGGUCGCACGAGGAU	0
NM_005026.5:3751-3780	NM_005026.5	NM_005026.5.fasta	3751	3780	+	30	TCCTCGTGCGACCCACCCTGTGTATCCTCC	GGAGGAUACACAGGGUGGGUCGCACGAGGA	0
NM_005026.5:3752-3781	NM_005026.5	NM_005026.5.fasta	3752	3781	+	30	CCTCGTGCGACCCACCCTGTGTATCCTCCC	GGGAGGAUACACAGGGUGGGUCGCACGAGG	0
NM_005026.5:3753-3782	NM_005026.5	NM_005026.5.fasta	3753	3782	+	30	CTCGTGCGACCCACCCTGTGTATCCTCCCT	AGGGAGGAUACACAGGGUGGGUCGCACGAG	0
NM_005026.5:3754-3783	NM_005026.5	NM_005026.5.fasta	3754	3783	+	30	TCGTGCGACCCACCCTGTGTATCCTCCCTA	UAGGGAGGAUACACAGGGUGGGUCGCACGA	0
NM_005026.5:3755-3784	NM_005026.5	NM_005026.5.fasta	3755	3784	+	30	CGTGCGACCCACCCTGTGTATCCTCCCTAG	CUAGGGAGGAUACACAGGGUGGGUCGCACG	0
NM_005026.5:3756-3785	NM_005026.5	NM_005026.5.fasta	3756	3785	+	30	GTGCGACCCACCCTGTGTATCCTCCCTAGA	UCUAGGGAGGAUACACAGGGUGGGUCGCAC	0
NM_005026.5:3757-3786	NM_005026.5	NM_005026.5.fasta	3757	3786	+	30	TGCGACCCACCCTGTGTATCCTCCCTAGAC	GUCUAGGGAGGAUACACAGGGUGGGUCGCA	0
NM_005026.5:3758-3787	NM_005026.5	NM_005026.5.fasta	3758	3787	+	30	GCGACCCACCCTGTGTATCCTCCCTAGACT	AGUCUAGGGAGGAUACACAGGGUGGGUCGC	0
NM_005026.5:3759-3788	NM_005026.5	NM_005026.5.fasta	3759	3788	+	30	CGACCCACCCTGTGTATCCTCCCTAGACTG	CAGUCUAGGGAGGAUACACAGGGUGGGUCG	0
NM_005026.5:3760-3789	NM_005026.5	NM_005026.5.fasta	3760	3789	+	30	GACCCACCCTGTGTATCCTCCCTAGACTGA	UCAGUCUAGGGAGGAUACACAGGGUGGGUC	0
NM_005026.5:3761-3790	NM_005026.5	NM_005026.5.fasta	3761	3790	+	30	ACCCACCCTGTGTATCCTCCCTAGACTGAG	CUCAGUCUAGGGAGGAUACACAGGGUGGGU	0
NM_005026.5:3762-3791	NM_005026.5	NM_005026.5.fasta	3762	3791	+	30	CCCACCCTGTGTATCCTCCCTAGACTGAGT	ACUCAGUCUAGGGAGGAUACACAGGGUGGG	0
NM_005026.5:3763-3792	NM_005026.5	NM_005026.5.fasta	3763	3792	+	30	CCACCCTGTGTATCCTCCCTAGACTGAGTT	AACUCAGUCUAGGGAGGAUACACAGGGUGG	0
NM_005026.5:3764-3793	NM_005026.5	NM_005026.5.fasta	3764	3793	+	30	CACCCTGTGTATCCTCCCTAGACTGAGTTC	GAACUCAGUCUAGGGAGGAUACACAGGGUG	0
NM_005026.5:3765-3794	NM_005026.5	NM_005026.5.fasta	3765	3794	+	30	ACCCTGTGTATCCTCCCTAGACTGAGTTCT	AGAACUCAGUCUAGGGAGGAUACACAGGGU	0
NM_005026.5:3766-3795	NM_005026.5	NM_005026.5.fasta	3766	3795	+	30	CCCTGTGTATCCTCCCTAGACTGAGTTCTG	CAGAACUCAGUCUAGGGAGGAUACACAGGG	0
NM_005026.5:3767-3796	NM_005026.5	NM_005026.5.fasta	3767	3796	+	30	CCTGTGTATCCTCCCTAGACTGAGTTCTGG	CCAGAACUCAGUCUAGGGAGGAUACACAGG	0
NM_005026.5:3768-3797	NM_005026.5	NM_005026.5.fasta	3768	3797	+	30	CTGTGTATCCTCCCTAGACTGAGTTCTGGC	GCCAGAACUCAGUCUAGGGAGGAUACACAG	0
NM_005026.5:3769-3798	NM_005026.5	NM_005026.5.fasta	3769	3798	+	30	TGTGTATCCTCCCTAGACTGAGTTCTGGCA	UGCCAGAACUCAGUCUAGGGAGGAUACACA	0
NM_005026.5:3770-3799	NM_005026.5	NM_005026.5.fasta	3770	3799	+	30	GTGTATCCTCCCTAGACTGAGTTCTGGCAG	CUGCCAGAACUCAGUCUAGGGAGGAUACAC	0
NM_005026.5:3771-3800	NM_005026.5	NM_005026.5.fasta	3771	3800	+	30	TGTATCCTCCCTAGACTGAGTTCTGGCAGC	GCUGCCAGAACUCAGUCUAGGGAGGAUACA	0
NM_005026.5:3772-3801	NM_005026.5	NM_005026.5.fasta	3772	3801	+	30	GTATCCTCCCTAGACTGAGTTCTGGCAGCT	AGCUGCCAGAACUCAGUCUAGGGAGGAUAC	0
NM_005026.5:3773-3802	NM_005026.5	NM_005026.5.fasta	3773	3802	+	30	TATCCTCCCTAGACTGAGTTCTGGCAGCTC	GAGCUGCCAGAACUCAGUCUAGGGAGGAUA	0
NM_005026.5:3774-3803	NM_005026.5	NM_005026.5.fasta	3774	3803	+	30	ATCCTCCCTAGACTGAGTTCTGGCAGCTCC	GGAGCUGCCAGAACUCAGUCUAGGGAGGAU	0
NM_005026.5:3775-3804	NM_005026.5	NM_005026.5.fasta	3775	3804	+	30	TCCTCCCTAGACTGAGTTCTGGCAGCTCCC	GGGAGCUGCCAGAACUCAGUCUAGGGAGGA	0
NM_005026.5:3776-3805	NM_005026.5	NM_005026.5.fasta	3776	3805	+	30	CCTCCCTAGACTGAGTTCTGGCAGCTCCCC	GGGGAGCUGCCAGAACUCAGUCUAGGGAGG	0
NM_005026.5:3777-3806	NM_005026.5	NM_005026.5.fasta	3777	3806	+	30	CTCCCTAGACTGAGTTCTGGCAGCTCCCCG	CGGGGAGCUGCCAGAACUCAGUCUAGGGAG	0
NM_005026.5:3778-3807	NM_005026.5	NM_005026.5.fasta	3778	3807	+	30	TCCCTAGACTGAGTTCTGGCAGCTCCCCGA	UCGGGGAGCUGCCAGAACUCAGUCUAGGGA	0
NM_005026.5:3779-3808	NM_005026.5	NM_005026.5.fasta	3779	3808	+	30	CCCTAGACTGAGTTCTGGCAGCTCCCCGAG	CUCGGGGAGCUGCCAGAACUCAGUCUAGGG	0
NM_005026.5:3780-3809	NM_005026.5	NM_005026.5.fasta	3780	3809	+	30	CCTAGACTGAGTTCTGGCAGCTCCCCGAGG	CCUCGGGGAGCUGCCAGAACUCAGUCUAGG	0
NM_005026.5:3781-3810	NM_005026.5	NM_005026.5.fasta	3781	3810	+	30	CTAGACTGAGTTCTGGCAGCTCCCCGAGGC	GCCUCGGGGAGCUGCCAGAACUCAGUCUAG	0
NM_005026.5:3782-3811	NM_005026.5	NM_005026.5.fasta	3782	3811	+	30	TAGACTGAGTTCTGGCAGCTCCCCGAGGCA	UGCCUCGGGGAGCUGCCAGAACUCAGUCUA	0
NM_005026.5:3783-3812	NM_005026.5	NM_005026.5.fasta	3783	3812	+	30	AGACTGAGTTCTGGCAGCTCCCCGAGGCAG	CUGCCUCGGGGAGCUGCCAGAACUCAGUCU	0
NM_005026.5:3784-3813	NM_005026.5	NM_005026.5.fasta	3784	3813	+	30	GACTGAGTTCTGGCAGCTCCCCGAGGCAGC	GCUGCCUCGGGGAGCUGCCAGAACUCAGUC	0
NM_005026.5:3785-3814	NM_005026.5	NM_005026.5.fasta	3785	3814	+	30	ACTGAGTTCTGGCAGCTCCCCGAGGCAGCC	GGCUGCCUCGGGGAGCUGCCAGAACUCAGU	0
NM_005026.5:3786-3815	NM_005026.5	NM_005026.5.fasta	3786	3815	+	30	CTGAGTTCTGGCAGCTCCCCGAGGCAGCCG	CGGCUGCCUCGGGGAGCUGCCAGAACUCAG	0
NM_005026.5:3787-3816	NM_005026.5	NM_005026.5.fasta	3787	3816	+	30	TGAGTTCTGGCAGCTCCCCGAGGCAGCCGG	CCGGCUGCCUCGGGGAGCUGCCAGAACUCA	0
NM_005026.5:3788-3817	NM_005026.5	NM_005026.5.fasta	3788	3817	+	30	GAGTTCTGGCAGCTCCCCGAGGCAGCCGGG	CCCGGCUGCCUCGGGGAGCUGCCAGAACUC	0
NM_005026.5:3789-3818	NM_005026.5	NM_005026.5.fasta	3789	3818	+	30	AGTTCTGGCAGCTCCCCGAGGCAGCCGGGG	CCCCGGCUGCCUCGGGGAGCUGCCAGAACU	0
NM_005026.5:3790-3819	NM_005026.5	NM_005026.5.fasta	3790	3819	+	30	GTTCTGGCAGCTCCCCGAGGCAGCCGGGGT	ACCCCGGCUGCCUCGGGGAGCUGCCAGAAC	0
NM_005026.5:3791-3820	NM_005026.5	NM_005026.5.fasta	3791	3820	+	30	TTCTGGCAGCTCCCCGAGGCAGCCGGGGTA	UACCCCGGCUGCCUCGGGGAGCUGCCAGAA	0
NM_005026.5:3792-3821	NM_005026.5	NM_005026.5.fasta	3792	3821	+	30	TCTGGCAGCTCCCCGAGGCAGCCGGGGTAC	GUACCCCGGCUGCCUCGGGGAGCUGCCAGA	0
NM_005026.5:3793-3822	NM_005026.5	NM_005026.5.fasta	3793	3822	+	30	CTGGCAGCTCCCCGAGGCAGCCGGGGTACC	GGUACCCCGGCUGCCUCGGGGAGCUGCCAG	0
NM_005026.5:3794-3823	NM_005026.5	NM_005026.5.fasta	3794	3823	+	30	TGGCAGCTCCCCGAGGCAGCCGGGGTACCC	GGGUACCCCGGCUGCCUCGGGGAGCUGCCA	0
NM_005026.5:3795-3824	NM_005026.5	NM_005026.5.fasta	3795	3824	+	30	GGCAGCTCCCCGAGGCAGCCGGGGTACCCT	AGGGUACCCCGGCUGCCUCGGGGAGCUGCC	0
NM_005026.5:3796-3825	NM_005026.5	NM_005026.5.fasta	3796	3825	+	30	GCAGCTCCCCGAGGCAGCCGGGGTACCCTC	GAGGGUACCCCGGCUGCCUCGGGGAGCUGC	0
NM_005026.5:3797-3826	NM_005026.5	NM_005026.5.fasta	3797	3826	+	30	CAGCTCCCCGAGGCAGCCGGGGTACCCTCT	AGAGGGUACCCCGGCUGCCUCGGGGAGCUG	0
NM_005026.5:3798-3827	NM_005026.5	NM_005026.5.fasta	3798	3827	+	30	AGCTCCCCGAGGCAGCCGGGGTACCCTCTA	UAGAGGGUACCCCGGCUGCCUCGGGGAGCU	0
NM_005026.5:3799-3828	NM_005026.5	NM_005026.5.fasta	3799	3828	+	30	GCTCCCCGAGGCAGCCGGGGTACCCTCTAG	CUAGAGGGUACCCCGGCUGCCUCGGGGAGC	0
NM_005026.5:3800-3829	NM_005026.5	NM_005026.5.fasta	3800	3829	+	30	CTCCCCGAGGCAGCCGGGGTACCCTCTAGA	UCUAGAGGGUACCCCGGCUGCCUCGGGGAG	0
NM_005026.5:3801-3830	NM_005026.5	NM_005026.5.fasta	3801	3830	+	30	TCCCCGAGGCAGCCGGGGTACCCTCTAGAT	AUCUAGAGGGUACCCCGGCUGCCUCGGGGA	0
NM_005026.5:3802-3831	NM_005026.5	NM_005026.5.fasta	3802	3831	+	30	CCCCGAGGCAGCCGGGGTACCCTCTAGATT	AAUCUAGAGGGUACCCCGGCUGCCUCGGGG	0
NM_005026.5:3803-3832	NM_005026.5	NM_005026.5.fasta	3803	3832	+	30	CCCGAGGCAGCCGGGGTACCCTCTAGATTC	GAAUCUAGAGGGUACCCCGGCUGCCUCGGG	0
NM_005026.5:3804-3833	NM_005026.5	NM_005026.5.fasta	3804	3833	+	30	CCGAGGCAGCCGGGGTACCCTCTAGATTCA	UGAAUCUAGAGGGUACCCCGGCUGCCUCGG	0
NM_005026.5:3805-3834	NM_005026.5	NM_005026.5.fasta	3805	3834	+	30	CGAGGCAGCCGGGGTACCCTCTAGATTCAG	CUGAAUCUAGAGGGUACCCCGGCUGCCUCG	0
NM_005026.5:3806-3835	NM_005026.5	NM_005026.5.fasta	3806	3835	+	30	GAGGCAGCCGGGGTACCCTCTAGATTCAGG	CCUGAAUCUAGAGGGUACCCCGGCUGCCUC	0
NM_005026.5:3807-3836	NM_005026.5	NM_005026.5.fasta	3807	3836	+	30	AGGCAGCCGGGGTACCCTCTAGATTCAGGG	CCCUGAAUCUAGAGGGUACCCCGGCUGCCU	0
NM_005026.5:3808-3837	NM_005026.5	NM_005026.5.fasta	3808	3837	+	30	GGCAGCCGGGGTACCCTCTAGATTCAGGGA	UCCCUGAAUCUAGAGGGUACCCCGGCUGCC	0
NM_005026.5:3809-3838	NM_005026.5	NM_005026.5.fasta	3809	3838	+	30	GCAGCCGGGGTACCCTCTAGATTCAGGGAT	AUCCCUGAAUCUAGAGGGUACCCCGGCUGC	0
NM_005026.5:3810-3839	NM_005026.5	NM_005026.5.fasta	3810	3839	+	30	CAGCCGGGGTACCCTCTAGATTCAGGGATG	CAUCCCUGAAUCUAGAGGGUACCCCGGCUG	0
NM_005026.5:3811-3840	NM_005026.5	NM_005026.5.fasta	3811	3840	+	30	AGCCGGGGTACCCTCTAGATTCAGGGATGC	GCAUCCCUGAAUCUAGAGGGUACCCCGGCU	0
NM_005026.5:3812-3841	NM_005026.5	NM_005026.5.fasta	3812	3841	+	30	GCCGGGGTACCCTCTAGATTCAGGGATGCT	AGCAUCCCUGAAUCUAGAGGGUACCCCGGC	0
NM_005026.5:3813-3842	NM_005026.5	NM_005026.5.fasta	3813	3842	+	30	CCGGGGTACCCTCTAGATTCAGGGATGCTT	AAGCAUCCCUGAAUCUAGAGGGUACCCCGG	0
NM_005026.5:3814-3843	NM_005026.5	NM_005026.5.fasta	3814	3843	+	30	CGGGGTACCCTCTAGATTCAGGGATGCTTG	CAAGCAUCCCUGAAUCUAGAGGGUACCCCG	0
NM_005026.5:3815-3844	NM_005026.5	NM_005026.5.fasta	3815	3844	+	30	GGGGTACCCTCTAGATTCAGGGATGCTTGC	GCAAGCAUCCCUGAAUCUAGAGGGUACCCC	0
NM_005026.5:3816-3845	NM_005026.5	NM_005026.5.fasta	3816	3845	+	30	GGGTACCCTCTAGATTCAGGGATGCTTGCT	AGCAAGCAUCCCUGAAUCUAGAGGGUACCC	0
NM_005026.5:3817-3846	NM_005026.5	NM_005026.5.fasta	3817	3846	+	30	GGTACCCTCTAGATTCAGGGATGCTTGCTC	GAGCAAGCAUCCCUGAAUCUAGAGGGUACC	0
NM_005026.5:3818-3847	NM_005026.5	NM_005026.5.fasta	3818	3847	+	30	GTACCCTCTAGATTCAGGGATGCTTGCTCT	AGAGCAAGCAUCCCUGAAUCUAGAGGGUAC	0
NM_005026.5:3819-3848	NM_005026.5	NM_005026.5.fasta	3819	3848	+	30	TACCCTCTAGATTCAGGGATGCTTGCTCTC	GAGAGCAAGCAUCCCUGAAUCUAGAGGGUA	0
NM_005026.5:3820-3849	NM_005026.5	NM_005026.5.fasta	3820	3849	+	30	ACCCTCTAGATTCAGGGATGCTTGCTCTCC	GGAGAGCAAGCAUCCCUGAAUCUAGAGGGU	0
NM_005026.5:3821-3850	NM_005026.5	NM_005026.5.fasta	3821	3850	+	30	CCCTCTAGATTCAGGGATGCTTGCTCTCCA	UGGAGAGCAAGCAUCCCUGAAUCUAGAGGG	0
NM_005026.5:3822-3851	NM_005026.5	NM_005026.5.fasta	3822	3851	+	30	CCTCTAGATTCAGGGATGCTTGCTCTCCAC	GUGGAGAGCAAGCAUCCCUGAAUCUAGAGG	0
NM_005026.5:3823-3852	NM_005026.5	NM_005026.5.fasta	3823	3852	+	30	CTCTAGATTCAGGGATGCTTGCTCTCCACT	AGUGGAGAGCAAGCAUCCCUGAAUCUAGAG	0
NM_005026.5:3824-3853	NM_005026.5	NM_005026.5.fasta	3824	3853	+	30	TCTAGATTCAGGGATGCTTGCTCTCCACTT	AAGUGGAGAGCAAGCAUCCCUGAAUCUAGA	0
NM_005026.5:3825-3854	NM_005026.5	NM_005026.5.fasta	3825	3854	+	30	CTAGATTCAGGGATGCTTGCTCTCCACTTT	AAAGUGGAGAGCAAGCAUCCCUGAAUCUAG	0
NM_005026.5:3826-3855	NM_005026.5	NM_005026.5.fasta	3826	3855	+	30	TAGATTCAGGGATGCTTGCTCTCCACTTTT	AAAAGUGGAGAGCAAGCAUCCCUGAAUCUA	0
NM_005026.5:3827-3856	NM_005026.5	NM_005026.5.fasta	3827	3856	+	30	AGATTCAGGGATGCTTGCTCTCCACTTTTC	GAAAAGUGGAGAGCAAGCAUCCCUGAAUCU	0
NM_005026.5:3828-3857	NM_005026.5	NM_005026.5.fasta	3828	3857	+	30	GATTCAGGGATGCTTGCTCTCCACTTTTCA	UGAAAAGUGGAGAGCAAGCAUCCCUGAAUC	0
NM_005026.5:3829-3858	NM_005026.5	NM_005026.5.fasta	3829	3858	+	30	ATTCAGGGATGCTTGCTCTCCACTTTTCAA	UUGAAAAGUGGAGAGCAAGCAUCCCUGAAU	0
NM_005026.5:3830-3859	NM_005026.5	NM_005026.5.fasta	3830	3859	+	30	TTCAGGGATGCTTGCTCTCCACTTTTCAAG	CUUGAAAAGUGGAGAGCAAGCAUCCCUGAA	0
NM_005026.5:3831-3860	NM_005026.5	NM_005026.5.fasta	3831	3860	+	30	TCAGGGATGCTTGCTCTCCACTTTTCAAGT	ACUUGAAAAGUGGAGAGCAAGCAUCCCUGA	0
NM_005026.5:3832-3861	NM_005026.5	NM_005026.5.fasta	3832	3861	+	30	CAGGGATGCTTGCTCTCCACTTTTCAAGTG	CACUUGAAAAGUGGAGAGCAAGCAUCCCUG	0
NM_005026.5:3833-3862	NM_005026.5	NM_005026.5.fasta	3833	3862	+	30	AGGGATGCTTGCTCTCCACTTTTCAAGTGG	CCACUUGAAAAGUGGAGAGCAAGCAUCCCU	0
NM_005026.5:3834-3863	NM_005026.5	NM_005026.5.fasta	3834	3863	+	30	GGGATGCTTGCTCTCCACTTTTCAAGTGGG	CCCACUUGAAAAGUGGAGAGCAAGCAUCCC	0
NM_005026.5:3835-3864	NM_005026.5	NM_005026.5.fasta	3835	3864	+	30	GGATGCTTGCTCTCCACTTTTCAAGTGGGT	ACCCACUUGAAAAGUGGAGAGCAAGCAUCC	0
NM_005026.5:3836-3865	NM_005026.5	NM_005026.5.fasta	3836	3865	+	30	GATGCTTGCTCTCCACTTTTCAAGTGGGTC	GACCCACUUGAAAAGUGGAGAGCAAGCAUC	0
NM_005026.5:3837-3866	NM_005026.5	NM_005026.5.fasta	3837	3866	+	30	ATGCTTGCTCTCCACTTTTCAAGTGGGTCT	AGACCCACUUGAAAAGUGGAGAGCAAGCAU	0
NM_005026.5:3838-3867	NM_005026.5	NM_005026.5.fasta	3838	3867	+	30	TGCTTGCTCTCCACTTTTCAAGTGGGTCTT	AAGACCCACUUGAAAAGUGGAGAGCAAGCA	0
NM_005026.5:3839-3868	NM_005026.5	NM_005026.5.fasta	3839	3868	+	30	GCTTGCTCTCCACTTTTCAAGTGGGTCTTG	CAAGACCCACUUGAAAAGUGGAGAGCAAGC	0
NM_005026.5:3840-3869	NM_005026.5	NM_005026.5.fasta	3840	3869	+	30	CTTGCTCTCCACTTTTCAAGTGGGTCTTGG	CCAAGACCCACUUGAAAAGUGGAGAGCAAG	0
NM_005026.5:3841-3870	NM_005026.5	NM_005026.5.fasta	3841	3870	+	30	TTGCTCTCCACTTTTCAAGTGGGTCTTGGG	CCCAAGACCCACUUGAAAAGUGGAGAGCAA	0
NM_005026.5:3842-3871	NM_005026.5	NM_005026.5.fasta	3842	3871	+	30	TGCTCTCCACTTTTCAAGTGGGTCTTGGGT	ACCCAAGACCCACUUGAAAAGUGGAGAGCA	0
NM_005026.5:3843-3872	NM_005026.5	NM_005026.5.fasta	3843	3872	+	30	GCTCTCCACTTTTCAAGTGGGTCTTGGGTA	UACCCAAGACCCACUUGAAAAGUGGAGAGC	0
NM_005026.5:3844-3873	NM_005026.5	NM_005026.5.fasta	3844	3873	+	30	CTCTCCACTTTTCAAGTGGGTCTTGGGTAC	GUACCCAAGACCCACUUGAAAAGUGGAGAG	0
NM_005026.5:3845-3874	NM_005026.5	NM_005026.5.fasta	3845	3874	+	30	TCTCCACTTTTCAAGTGGGTCTTGGGTACG	CGUACCCAAGACCCACUUGAAAAGUGGAGA	0
NM_005026.5:3846-3875	NM_005026.5	NM_005026.5.fasta	3846	3875	+	30	CTCCACTTTTCAAGTGGGTCTTGGGTACGA	UCGUACCCAAGACCCACUUGAAAAGUGGAG	0
NM_005026.5:3847-3876	NM_005026.5	NM_005026.5.fasta	3847	3876	+	30	TCCACTTTTCAAGTGGGTCTTGGGTACGAG	CUCGUACCCAAGACCCACUUGAAAAGUGGA	0
NM_005026.5:3848-3877	NM_005026.5	NM_005026.5.fasta	3848	3877	+	30	CCACTTTTCAAGTGGGTCTTGGGTACGAGA	UCUCGUACCCAAGACCCACUUGAAAAGUGG	0
NM_005026.5:3849-3878	NM_005026.5	NM_005026.5.fasta	3849	3878	+	30	CACTTTTCAAGTGGGTCTTGGGTACGAGAA	UUCUCGUACCCAAGACCCACUUGAAAAGUG	0
NM_005026.5:3850-3879	NM_005026.5	NM_005026.5.fasta	3850	3879	+	30	ACTTTTCAAGTGGGTCTTGGGTACGAGAAT	AUUCUCGUACCCAAGACCCACUUGAAAAGU	0
NM_005026.5:3851-3880	NM_005026.5	NM_005026.5.fasta	3851	3880	+	30	CTTTTCAAGTGGGTCTTGGGTACGAGAATT	AAUUCUCGUACCCAAGACCCACUUGAAAAG	0
NM_005026.5:3852-3881	NM_005026.5	NM_005026.5.fasta	3852	3881	+	30	TTTTCAAGTGGGTCTTGGGTACGAGAATTC	GAAUUCUCGUACCCAAGACCCACUUGAAAA	0
NM_005026.5:3853-3882	NM_005026.5	NM_005026.5.fasta	3853	3882	+	30	TTTCAAGTGGGTCTTGGGTACGAGAATTCC	GGAAUUCUCGUACCCAAGACCCACUUGAAA	0
NM_005026.5:3854-3883	NM_005026.5	NM_005026.5.fasta	3854	3883	+	30	TTCAAGTGGGTCTTGGGTACGAGAATTCCC	GGGAAUUCUCGUACCCAAGACCCACUUGAA	0
NM_005026.5:3855-3884	NM_005026.5	NM_005026.5.fasta	3855	3884	+	30	TCAAGTGGGTCTTGGGTACGAGAATTCCCT	AGGGAAUUCUCGUACCCAAGACCCACUUGA	0
NM_005026.5:3856-3885	NM_005026.5	NM_005026.5.fasta	3856	3885	+	30	CAAGTGGGTCTTGGGTACGAGAATTCCCTC	GAGGGAAUUCUCGUACCCAAGACCCACUUG	0
NM_005026.5:3857-3886	NM_005026.5	NM_005026.5.fasta	3857	3886	+	30	AAGTGGGTCTTGGGTACGAGAATTCCCTCA	UGAGGGAAUUCUCGUACCCAAGACCCACUU	0
NM_005026.5:3858-3887	NM_005026.5	NM_005026.5.fasta	3858	3887	+	30	AGTGGGTCTTGGGTACGAGAATTCCCTCAT	AUGAGGGAAUUCUCGUACCCAAGACCCACU	0
NM_005026.5:3859-3888	NM_005026.5	NM_005026.5.fasta	3859	3888	+	30	GTGGGTCTTGGGTACGAGAATTCCCTCATC	GAUGAGGGAAUUCUCGUACCCAAGACCCAC	0
NM_005026.5:3860-3889	NM_005026.5	NM_005026.5.fasta	3860	3889	+	30	TGGGTCTTGGGTACGAGAATTCCCTCATCT	AGAUGAGGGAAUUCUCGUACCCAAGACCCA	0
NM_005026.5:3861-3890	NM_005026.5	NM_005026.5.fasta	3861	3890	+	30	GGGTCTTGGGTACGAGAATTCCCTCATCTT	AAGAUGAGGGAAUUCUCGUACCCAAGACCC	0
NM_005026.5:3862-3891	NM_005026.5	NM_005026.5.fasta	3862	3891	+	30	GGTCTTGGGTACGAGAATTCCCTCATCTTT	AAAGAUGAGGGAAUUCUCGUACCCAAGACC	0
NM_005026.5:3863-3892	NM_005026.5	NM_005026.5.fasta	3863	3892	+	30	GTCTTGGGTACGAGAATTCCCTCATCTTTC	GAAAGAUGAGGGAAUUCUCGUACCCAAGAC	0
NM_005026.5:3864-3893	NM_005026.5	NM_005026.5.fasta	3864	3893	+	30	TCTTGGGTACGAGAATTCCCTCATCTTTCT	AGAAAGAUGAGGGAAUUCUCGUACCCAAGA	0
NM_005026.5:3865-3894	NM_005026.5	NM_005026.5.fasta	3865	3894	+	30	CTTGGGTACGAGAATTCCCTCATCTTTCTC	GAGAAAGAUGAGGGAAUUCUCGUACCCAAG	0
NM_005026.5:3866-3895	NM_005026.5	NM_005026.5.fasta	3866	3895	+	30	TTGGGTACGAGAATTCCCTCATCTTTCTCT	AGAGAAAGAUGAGGGAAUUCUCGUACCCAA	0
NM_005026.5:3867-3896	NM_005026.5	NM_005026.5.fasta	3867	3896	+	30	TGGGTACGAGAATTCCCTCATCTTTCTCTA	UAGAGAAAGAUGAGGGAAUUCUCGUACCCA	0
NM_005026.5:3868-3897	NM_005026.5	NM_005026.5.fasta	3868	3897	+	30	GGGTACGAGAATTCCCTCATCTTTCTCTAC	GUAGAGAAAGAUGAGGGAAUUCUCGUACCC	0
NM_005026.5:3869-3898	NM_005026.5	NM_005026.5.fasta	3869	3898	+	30	GGTACGAGAATTCCCTCATCTTTCTCTACT	AGUAGAGAAAGAUGAGGGAAUUCUCGUACC	0
NM_005026.5:3870-3899	NM_005026.5	NM_005026.5.fasta	3870	3899	+	30	GTACGAGAATTCCCTCATCTTTCTCTACTG	CAGUAGAGAAAGAUGAGGGAAUUCUCGUAC	0
NM_005026.5:3871-3900	NM_005026.5	NM_005026.5.fasta	3871	3900	+	30	TACGAGAATTCCCTCATCTTTCTCTACTGT	ACAGUAGAGAAAGAUGAGGGAAUUCUCGUA	0
NM_005026.5:3872-3901	NM_005026.5	NM_005026.5.fasta	3872	3901	+	30	ACGAGAATTCCCTCATCTTTCTCTACTGTA	UACAGUAGAGAAAGAUGAGGGAAUUCUCGU	0
NM_005026.5:3873-3902	NM_005026.5	NM_005026.5.fasta	3873	3902	+	30	CGAGAATTCCCTCATCTTTCTCTACTGTAA	UUACAGUAGAGAAAGAUGAGGGAAUUCUCG	0
NM_005026.5:3874-3903	NM_005026.5	NM_005026.5.fasta	3874	3903	+	30	GAGAATTCCCTCATCTTTCTCTACTGTAAA	UUUACAGUAGAGAAAGAUGAGGGAAUUCUC	0
NM_005026.5:3875-3904	NM_005026.5	NM_005026.5.fasta	3875	3904	+	30	AGAATTCCCTCATCTTTCTCTACTGTAAAG	CUUUACAGUAGAGAAAGAUGAGGGAAUUCU	0
NM_005026.5:3876-3905	NM_005026.5	NM_005026.5.fasta	3876	3905	+	30	GAATTCCCTCATCTTTCTCTACTGTAAAGT	ACUUUACAGUAGAGAAAGAUGAGGGAAUUC	0
NM_005026.5:3877-3906	NM_005026.5	NM_005026.5.fasta	3877	3906	+	30	AATTCCCTCATCTTTCTCTACTGTAAAGTG	CACUUUACAGUAGAGAAAGAUGAGGGAAUU	0
NM_005026.5:3878-3907	NM_005026.5	NM_005026.5.fasta	3878	3907	+	30	ATTCCCTCATCTTTCTCTACTGTAAAGTGA	UCACUUUACAGUAGAGAAAGAUGAGGGAAU	0
NM_005026.5:3879-3908	NM_005026.5	NM_005026.5.fasta	3879	3908	+	30	TTCCCTCATCTTTCTCTACTGTAAAGTGAT	AUCACUUUACAGUAGAGAAAGAUGAGGGAA	0
NM_005026.5:3880-3909	NM_005026.5	NM_005026.5.fasta	3880	3909	+	30	TCCCTCATCTTTCTCTACTGTAAAGTGATT	AAUCACUUUACAGUAGAGAAAGAUGAGGGA	0
NM_005026.5:3881-3910	NM_005026.5	NM_005026.5.fasta	3881	3910	+	30	CCCTCATCTTTCTCTACTGTAAAGTGATTT	AAAUCACUUUACAGUAGAGAAAGAUGAGGG	0
NM_005026.5:3882-3911	NM_005026.5	NM_005026.5.fasta	3882	3911	+	30	CCTCATCTTTCTCTACTGTAAAGTGATTTT	AAAAUCACUUUACAGUAGAGAAAGAUGAGG	0
NM_005026.5:3883-3912	NM_005026.5	NM_005026.5.fasta	3883	3912	+	30	CTCATCTTTCTCTACTGTAAAGTGATTTTG	CAAAAUCACUUUACAGUAGAGAAAGAUGAG	0
NM_005026.5:3884-3913	NM_005026.5	NM_005026.5.fasta	3884	3913	+	30	TCATCTTTCTCTACTGTAAAGTGATTTTGT	ACAAAAUCACUUUACAGUAGAGAAAGAUGA	0
NM_005026.5:3885-3914	NM_005026.5	NM_005026.5.fasta	3885	3914	+	30	CATCTTTCTCTACTGTAAAGTGATTTTGTT	AACAAAAUCACUUUACAGUAGAGAAAGAUG	0
NM_005026.5:3886-3915	NM_005026.5	NM_005026.5.fasta	3886	3915	+	30	ATCTTTCTCTACTGTAAAGTGATTTTGTTT	AAACAAAAUCACUUUACAGUAGAGAAAGAU	0
NM_005026.5:3887-3916	NM_005026.5	NM_005026.5.fasta	3887	3916	+	30	TCTTTCTCTACTGTAAAGTGATTTTGTTTG	CAAACAAAAUCACUUUACAGUAGAGAAAGA	0
NM_005026.5:3888-3917	NM_005026.5	NM_005026.5.fasta	3888	3917	+	30	CTTTCTCTACTGTAAAGTGATTTTGTTTGC	GCAAACAAAAUCACUUUACAGUAGAGAAAG	0
NM_005026.5:3889-3918	NM_005026.5	NM_005026.5.fasta	3889	3918	+	30	TTTCTCTACTGTAAAGTGATTTTGTTTGCA	UGCAAACAAAAUCACUUUACAGUAGAGAAA	0
NM_005026.5:3890-3919	NM_005026.5	NM_005026.5.fasta	3890	3919	+	30	TTCTCTACTGTAAAGTGATTTTGTTTGCAG	CUGCAAACAAAAUCACUUUACAGUAGAGAA	0
NM_005026.5:3891-3920	NM_005026.5	NM_005026.5.fasta	3891	3920	+	30	TCTCTACTGTAAAGTGATTTTGTTTGCAGG	CCUGCAAACAAAAUCACUUUACAGUAGAGA	0
NM_005026.5:3892-3921	NM_005026.5	NM_005026.5.fasta	3892	3921	+	30	CTCTACTGTAAAGTGATTTTGTTTGCAGGT	ACCUGCAAACAAAAUCACUUUACAGUAGAG	0
NM_005026.5:3893-3922	NM_005026.5	NM_005026.5.fasta	3893	3922	+	30	TCTACTGTAAAGTGATTTTGTTTGCAGGTA	UACCUGCAAACAAAAUCACUUUACAGUAGA	0
NM_005026.5:3894-3923	NM_005026.5	NM_005026.5.fasta	3894	3923	+	30	CTACTGTAAAGTGATTTTGTTTGCAGGTAA	UUACCUGCAAACAAAAUCACUUUACAGUAG	0
NM_005026.5:3895-3924	NM_005026.5	NM_005026.5.fasta	3895	3924	+	30	TACTGTAAAGTGATTTTGTTTGCAGGTAAG	CUUACCUGCAAACAAAAUCACUUUACAGUA	0
NM_005026.5:3896-3925	NM_005026.5	NM_005026.5.fasta	3896	3925	+	30	ACTGTAAAGTGATTTTGTTTGCAGGTAAGA	UCUUACCUGCAAACAAAAUCACUUUACAGU	0
NM_005026.5:3897-3926	NM_005026.5	NM_005026.5.fasta	3897	3926	+	30	CTGTAAAGTGATTTTGTTTGCAGGTAAGAA	UUCUUACCUGCAAACAAAAUCACUUUACAG	0
NM_005026.5:3898-3927	NM_005026.5	NM_005026.5.fasta	3898	3927	+	30	TGTAAAGTGATTTTGTTTGCAGGTAAGAAA	UUUCUUACCUGCAAACAAAAUCACUUUACA	0
NM_005026.5:3899-3928	NM_005026.5	NM_005026.5.fasta	3899	3928	+	30	GTAAAGTGATTTTGTTTGCAGGTAAGAAAA	UUUUCUUACCUGCAAACAAAAUCACUUUAC	0
NM_005026.5:3900-3929	NM_005026.5	NM_005026.5.fasta	3900	3929	+	30	TAAAGTGATTTTGTTTGCAGGTAAGAAAAT	AUUUUCUUACCUGCAAACAAAAUCACUUUA	0
NM_005026.5:3901-3930	NM_005026.5	NM_005026.5.fasta	3901	3930	+	30	AAAGTGATTTTGTTTGCAGGTAAGAAAATA	UAUUUUCUUACCUGCAAACAAAAUCACUUU	0
NM_005026.5:3902-3931	NM_005026.5	NM_005026.5.fasta	3902	3931	+	30	AAGTGATTTTGTTTGCAGGTAAGAAAATAA	UUAUUUUCUUACCUGCAAACAAAAUCACUU	0
NM_005026.5:3903-3932	NM_005026.5	NM_005026.5.fasta	3903	3932	+	30	AGTGATTTTGTTTGCAGGTAAGAAAATAAT	AUUAUUUUCUUACCUGCAAACAAAAUCACU	0
NM_005026.5:3904-3933	NM_005026.5	NM_005026.5.fasta	3904	3933	+	30	GTGATTTTGTTTGCAGGTAAGAAAATAATA	UAUUAUUUUCUUACCUGCAAACAAAAUCAC	0
NM_005026.5:3905-3934	NM_005026.5	NM_005026.5.fasta	3905	3934	+	30	TGATTTTGTTTGCAGGTAAGAAAATAATAG	CUAUUAUUUUCUUACCUGCAAACAAAAUCA	0
NM_005026.5:3906-3935	NM_005026.5	NM_005026.5.fasta	3906	3935	+	30	GATTTTGTTTGCAGGTAAGAAAATAATAGA	UCUAUUAUUUUCUUACCUGCAAACAAAAUC	0
NM_005026.5:3907-3936	NM_005026.5	NM_005026.5.fasta	3907	3936	+	30	ATTTTGTTTGCAGGTAAGAAAATAATAGAT	AUCUAUUAUUUUCUUACCUGCAAACAAAAU	0
NM_005026.5:3908-3937	NM_005026.5	NM_005026.5.fasta	3908	3937	+	30	TTTTGTTTGCAGGTAAGAAAATAATAGATG	CAUCUAUUAUUUUCUUACCUGCAAACAAAA	0
NM_005026.5:3909-3938	NM_005026.5	NM_005026.5.fasta	3909	3938	+	30	TTTGTTTGCAGGTAAGAAAATAATAGATGA	UCAUCUAUUAUUUUCUUACCUGCAAACAAA	0
NM_005026.5:3910-3939	NM_005026.5	NM_005026.5.fasta	3910	3939	+	30	TTGTTTGCAGGTAAGAAAATAATAGATGAC	GUCAUCUAUUAUUUUCUUACCUGCAAACAA	0
NM_005026.5:3911-3940	NM_005026.5	NM_005026.5.fasta	3911	3940	+	30	TGTTTGCAGGTAAGAAAATAATAGATGACT	AGUCAUCUAUUAUUUUCUUACCUGCAAACA	0
NM_005026.5:3912-3941	NM_005026.5	NM_005026.5.fasta	3912	3941	+	30	GTTTGCAGGTAAGAAAATAATAGATGACTC	GAGUCAUCUAUUAUUUUCUUACCUGCAAAC	0
NM_005026.5:3913-3942	NM_005026.5	NM_005026.5.fasta	3913	3942	+	30	TTTGCAGGTAAGAAAATAATAGATGACTCA	UGAGUCAUCUAUUAUUUUCUUACCUGCAAA	0
NM_005026.5:3914-3943	NM_005026.5	NM_005026.5.fasta	3914	3943	+	30	TTGCAGGTAAGAAAATAATAGATGACTCAC	GUGAGUCAUCUAUUAUUUUCUUACCUGCAA	0
NM_005026.5:3915-3944	NM_005026.5	NM_005026.5.fasta	3915	3944	+	30	TGCAGGTAAGAAAATAATAGATGACTCACC	GGUGAGUCAUCUAUUAUUUUCUUACCUGCA	0
NM_005026.5:3916-3945	NM_005026.5	NM_005026.5.fasta	3916	3945	+	30	GCAGGTAAGAAAATAATAGATGACTCACCA	UGGUGAGUCAUCUAUUAUUUUCUUACCUGC	0
NM_005026.5:3917-3946	NM_005026.5	NM_005026.5.fasta	3917	3946	+	30	CAGGTAAGAAAATAATAGATGACTCACCAC	GUGGUGAGUCAUCUAUUAUUUUCUUACCUG	0
NM_005026.5:3918-3947	NM_005026.5	NM_005026.5.fasta	3918	3947	+	30	AGGTAAGAAAATAATAGATGACTCACCACA	UGUGGUGAGUCAUCUAUUAUUUUCUUACCU	0
NM_005026.5:3919-3948	NM_005026.5	NM_005026.5.fasta	3919	3948	+	30	GGTAAGAAAATAATAGATGACTCACCACAC	GUGUGGUGAGUCAUCUAUUAUUUUCUUACC	0
NM_005026.5:3920-3949	NM_005026.5	NM_005026.5.fasta	3920	3949	+	30	GTAAGAAAATAATAGATGACTCACCACACC	GGUGUGGUGAGUCAUCUAUUAUUUUCUUAC	0
NM_005026.5:3921-3950	NM_005026.5	NM_005026.5.fasta	3921	3950	+	30	TAAGAAAATAATAGATGACTCACCACACCT	AGGUGUGGUGAGUCAUCUAUUAUUUUCUUA	0
NM_005026.5:3922-3951	NM_005026.5	NM_005026.5.fasta	3922	3951	+	30	AAGAAAATAATAGATGACTCACCACACCTC	GAGGUGUGGUGAGUCAUCUAUUAUUUUCUU	0
NM_005026.5:3923-3952	NM_005026.5	NM_005026.5.fasta	3923	3952	+	30	AGAAAATAATAGATGACTCACCACACCTCT	AGAGGUGUGGUGAGUCAUCUAUUAUUUUCU	0
NM_005026.5:3924-3953	NM_005026.5	NM_005026.5.fasta	3924	3953	+	30	GAAAATAATAGATGACTCACCACACCTCTA	UAGAGGUGUGGUGAGUCAUCUAUUAUUUUC	0
NM_005026.5:3925-3954	NM_005026.5	NM_005026.5.fasta	3925	3954	+	30	AAAATAATAGATGACTCACCACACCTCTAC	GUAGAGGUGUGGUGAGUCAUCUAUUAUUUU	0
NM_005026.5:3926-3955	NM_005026.5	NM_005026.5.fasta	3926	3955	+	30	AAATAATAGATGACTCACCACACCTCTACG	CGUAGAGGUGUGGUGAGUCAUCUAUUAUUU	0
NM_005026.5:3927-3956	NM_005026.5	NM_005026.5.fasta	3927	3956	+	30	AATAATAGATGACTCACCACACCTCTACGG	CCGUAGAGGUGUGGUGAGUCAUCUAUUAUU	0
NM_005026.5:3928-3957	NM_005026.5	NM_005026.5.fasta	3928	3957	+	30	ATAATAGATGACTCACCACACCTCTACGGC	GCCGUAGAGGUGUGGUGAGUCAUCUAUUAU	0
NM_005026.5:3929-3958	NM_005026.5	NM_005026.5.fasta	3929	3958	+	30	TAATAGATGACTCACCACACCTCTACGGCT	AGCCGUAGAGGUGUGGUGAGUCAUCUAUUA	0
NM_005026.5:3930-3959	NM_005026.5	NM_005026.5.fasta	3930	3959	+	30	AATAGATGACTCACCACACCTCTACGGCTG	CAGCCGUAGAGGUGUGGUGAGUCAUCUAUU	0
NM_005026.5:3931-3960	NM_005026.5	NM_005026.5.fasta	3931	3960	+	30	ATAGATGACTCACCACACCTCTACGGCTGG	CCAGCCGUAGAGGUGUGGUGAGUCAUCUAU	0
NM_005026.5:3932-3961	NM_005026.5	NM_005026.5.fasta	3932	3961	+	30	TAGATGACTCACCACACCTCTACGGCTGGG	CCCAGCCGUAGAGGUGUGGUGAGUCAUCUA	0
NM_005026.5:3933-3962	NM_005026.5	NM_005026.5.fasta	3933	3962	+	30	AGATGACTCACCACACCTCTACGGCTGGGG	CCCCAGCCGUAGAGGUGUGGUGAGUCAUCU	0
NM_005026.5:3934-3963	NM_005026.5	NM_005026.5.fasta	3934	3963	+	30	GATGACTCACCACACCTCTACGGCTGGGGA	UCCCCAGCCGUAGAGGUGUGGUGAGUCAUC	0
NM_005026.5:3935-3964	NM_005026.5	NM_005026.5.fasta	3935	3964	+	30	ATGACTCACCACACCTCTACGGCTGGGGAG	CUCCCCAGCCGUAGAGGUGUGGUGAGUCAU	0
NM_005026.5:3936-3965	NM_005026.5	NM_005026.5.fasta	3936	3965	+	30	TGACTCACCACACCTCTACGGCTGGGGAGA	UCUCCCCAGCCGUAGAGGUGUGGUGAGUCA	0
NM_005026.5:3937-3966	NM_005026.5	NM_005026.5.fasta	3937	3966	+	30	GACTCACCACACCTCTACGGCTGGGGAGAT	AUCUCCCCAGCCGUAGAGGUGUGGUGAGUC	0
NM_005026.5:3938-3967	NM_005026.5	NM_005026.5.fasta	3938	3967	+	30	ACTCACCACACCTCTACGGCTGGGGAGATC	GAUCUCCCCAGCCGUAGAGGUGUGGUGAGU	0
NM_005026.5:3939-3968	NM_005026.5	NM_005026.5.fasta	3939	3968	+	30	CTCACCACACCTCTACGGCTGGGGAGATCA	UGAUCUCCCCAGCCGUAGAGGUGUGGUGAG	0
NM_005026.5:3940-3969	NM_005026.5	NM_005026.5.fasta	3940	3969	+	30	TCACCACACCTCTACGGCTGGGGAGATCAG	CUGAUCUCCCCAGCCGUAGAGGUGUGGUGA	0
NM_005026.5:3941-3970	NM_005026.5	NM_005026.5.fasta	3941	3970	+	30	CACCACACCTCTACGGCTGGGGAGATCAGG	CCUGAUCUCCCCAGCCGUAGAGGUGUGGUG	0
NM_005026.5:3942-3971	NM_005026.5	NM_005026.5.fasta	3942	3971	+	30	ACCACACCTCTACGGCTGGGGAGATCAGGC	GCCUGAUCUCCCCAGCCGUAGAGGUGUGGU	0
NM_005026.5:3943-3972	NM_005026.5	NM_005026.5.fasta	3943	3972	+	30	CCACACCTCTACGGCTGGGGAGATCAGGCC	GGCCUGAUCUCCCCAGCCGUAGAGGUGUGG	0
NM_005026.5:3944-3973	NM_005026.5	NM_005026.5.fasta	3944	3973	+	30	CACACCTCTACGGCTGGGGAGATCAGGCCC	GGGCCUGAUCUCCCCAGCCGUAGAGGUGUG	0
NM_005026.5:3945-3974	NM_005026.5	NM_005026.5.fasta	3945	3974	+	30	ACACCTCTACGGCTGGGGAGATCAGGCCCA	UGGGCCUGAUCUCCCCAGCCGUAGAGGUGU	0
NM_005026.5:3946-3975	NM_005026.5	NM_005026.5.fasta	3946	3975	+	30	CACCTCTACGGCTGGGGAGATCAGGCCCAG	CUGGGCCUGAUCUCCCCAGCCGUAGAGGUG	0
NM_005026.5:3947-3976	NM_005026.5	NM_005026.5.fasta	3947	3976	+	30	ACCTCTACGGCTGGGGAGATCAGGCCCAGC	GCUGGGCCUGAUCUCCCCAGCCGUAGAGGU	0
NM_005026.5:3948-3977	NM_005026.5	NM_005026.5.fasta	3948	3977	+	30	CCTCTACGGCTGGGGAGATCAGGCCCAGCC	GGCUGGGCCUGAUCUCCCCAGCCGUAGAGG	0
NM_005026.5:3949-3978	NM_005026.5	NM_005026.5.fasta	3949	3978	+	30	CTCTACGGCTGGGGAGATCAGGCCCAGCCC	GGGCUGGGCCUGAUCUCCCCAGCCGUAGAG	0
NM_005026.5:3950-3979	NM_005026.5	NM_005026.5.fasta	3950	3979	+	30	TCTACGGCTGGGGAGATCAGGCCCAGCCCC	GGGGCUGGGCCUGAUCUCCCCAGCCGUAGA	0
NM_005026.5:3951-3980	NM_005026.5	NM_005026.5.fasta	3951	3980	+	30	CTACGGCTGGGGAGATCAGGCCCAGCCCCA	UGGGGCUGGGCCUGAUCUCCCCAGCCGUAG	0
NM_005026.5:3952-3981	NM_005026.5	NM_005026.5.fasta	3952	3981	+	30	TACGGCTGGGGAGATCAGGCCCAGCCCCAT	AUGGGGCUGGGCCUGAUCUCCCCAGCCGUA	0
NM_005026.5:3953-3982	NM_005026.5	NM_005026.5.fasta	3953	3982	+	30	ACGGCTGGGGAGATCAGGCCCAGCCCCATA	UAUGGGGCUGGGCCUGAUCUCCCCAGCCGU	0
NM_005026.5:3954-3983	NM_005026.5	NM_005026.5.fasta	3954	3983	+	30	CGGCTGGGGAGATCAGGCCCAGCCCCATAA	UUAUGGGGCUGGGCCUGAUCUCCCCAGCCG	0
NM_005026.5:3955-3984	NM_005026.5	NM_005026.5.fasta	3955	3984	+	30	GGCTGGGGAGATCAGGCCCAGCCCCATAAA	UUUAUGGGGCUGGGCCUGAUCUCCCCAGCC	0
NM_005026.5:3956-3985	NM_005026.5	NM_005026.5.fasta	3956	3985	+	30	GCTGGGGAGATCAGGCCCAGCCCCATAAAG	CUUUAUGGGGCUGGGCCUGAUCUCCCCAGC	0
NM_005026.5:3957-3986	NM_005026.5	NM_005026.5.fasta	3957	3986	+	30	CTGGGGAGATCAGGCCCAGCCCCATAAAGG	CCUUUAUGGGGCUGGGCCUGAUCUCCCCAG	0
NM_005026.5:3958-3987	NM_005026.5	NM_005026.5.fasta	3958	3987	+	30	TGGGGAGATCAGGCCCAGCCCCATAAAGGA	UCCUUUAUGGGGCUGGGCCUGAUCUCCCCA	0
NM_005026.5:3959-3988	NM_005026.5	NM_005026.5.fasta	3959	3988	+	30	GGGGAGATCAGGCCCAGCCCCATAAAGGAG	CUCCUUUAUGGGGCUGGGCCUGAUCUCCCC	0
NM_005026.5:3960-3989	NM_005026.5	NM_005026.5.fasta	3960	3989	+	30	GGGAGATCAGGCCCAGCCCCATAAAGGAGA	UCUCCUUUAUGGGGCUGGGCCUGAUCUCCC	0
NM_005026.5:3961-3990	NM_005026.5	NM_005026.5.fasta	3961	3990	+	30	GGAGATCAGGCCCAGCCCCATAAAGGAGAA	UUCUCCUUUAUGGGGCUGGGCCUGAUCUCC	0
NM_005026.5:3962-3991	NM_005026.5	NM_005026.5.fasta	3962	3991	+	30	GAGATCAGGCCCAGCCCCATAAAGGAGAAT	AUUCUCCUUUAUGGGGCUGGGCCUGAUCUC	0
NM_005026.5:3963-3992	NM_005026.5	NM_005026.5.fasta	3963	3992	+	30	AGATCAGGCCCAGCCCCATAAAGGAGAATC	GAUUCUCCUUUAUGGGGCUGGGCCUGAUCU	0
NM_005026.5:3964-3993	NM_005026.5	NM_005026.5.fasta	3964	3993	+	30	GATCAGGCCCAGCCCCATAAAGGAGAATCT	AGAUUCUCCUUUAUGGGGCUGGGCCUGAUC	0
NM_005026.5:3965-3994	NM_005026.5	NM_005026.5.fasta	3965	3994	+	30	ATCAGGCCCAGCCCCATAAAGGAGAATCTA	UAGAUUCUCCUUUAUGGGGCUGGGCCUGAU	0
NM_005026.5:3966-3995	NM_005026.5	NM_005026.5.fasta	3966	3995	+	30	TCAGGCCCAGCCCCATAAAGGAGAATCTAC	GUAGAUUCUCCUUUAUGGGGCUGGGCCUGA	0
NM_005026.5:3967-3996	NM_005026.5	NM_005026.5.fasta	3967	3996	+	30	CAGGCCCAGCCCCATAAAGGAGAATCTACG	CGUAGAUUCUCCUUUAUGGGGCUGGGCCUG	0
NM_005026.5:3968-3997	NM_005026.5	NM_005026.5.fasta	3968	3997	+	30	AGGCCCAGCCCCATAAAGGAGAATCTACGC	GCGUAGAUUCUCCUUUAUGGGGCUGGGCCU	0
NM_005026.5:3969-3998	NM_005026.5	NM_005026.5.fasta	3969	3998	+	30	GGCCCAGCCCCATAAAGGAGAATCTACGCT	AGCGUAGAUUCUCCUUUAUGGGGCUGGGCC	0
NM_005026.5:3970-3999	NM_005026.5	NM_005026.5.fasta	3970	3999	+	30	GCCCAGCCCCATAAAGGAGAATCTACGCTG	CAGCGUAGAUUCUCCUUUAUGGGGCUGGGC	0
NM_005026.5:3971-4000	NM_005026.5	NM_005026.5.fasta	3971	4000	+	30	CCCAGCCCCATAAAGGAGAATCTACGCTGG	CCAGCGUAGAUUCUCCUUUAUGGGGCUGGG	0
NM_005026.5:3972-4001	NM_005026.5	NM_005026.5.fasta	3972	4001	+	30	CCAGCCCCATAAAGGAGAATCTACGCTGGT	ACCAGCGUAGAUUCUCCUUUAUGGGGCUGG	0
NM_005026.5:3973-4002	NM_005026.5	NM_005026.5.fasta	3973	4002	+	30	CAGCCCCATAAAGGAGAATCTACGCTGGTC	GACCAGCGUAGAUUCUCCUUUAUGGGGCUG	0
NM_005026.5:3974-4003	NM_005026.5	NM_005026.5.fasta	3974	4003	+	30	AGCCCCATAAAGGAGAATCTACGCTGGTCC	GGACCAGCGUAGAUUCUCCUUUAUGGGGCU	0
NM_005026.5:3975-4004	NM_005026.5	NM_005026.5.fasta	3975	4004	+	30	GCCCCATAAAGGAGAATCTACGCTGGTCCT	AGGACCAGCGUAGAUUCUCCUUUAUGGGGC	0
NM_005026.5:3976-4005	NM_005026.5	NM_005026.5.fasta	3976	4005	+	30	CCCCATAAAGGAGAATCTACGCTGGTCCTC	GAGGACCAGCGUAGAUUCUCCUUUAUGGGG	0
NM_005026.5:3977-4006	NM_005026.5	NM_005026.5.fasta	3977	4006	+	30	CCCATAAAGGAGAATCTACGCTGGTCCTCA	UGAGGACCAGCGUAGAUUCUCCUUUAUGGG	0
NM_005026.5:3978-4007	NM_005026.5	NM_005026.5.fasta	3978	4007	+	30	CCATAAAGGAGAATCTACGCTGGTCCTCAG	CUGAGGACCAGCGUAGAUUCUCCUUUAUGG	0
NM_005026.5:3979-4008	NM_005026.5	NM_005026.5.fasta	3979	4008	+	30	CATAAAGGAGAATCTACGCTGGTCCTCAGG	CCUGAGGACCAGCGUAGAUUCUCCUUUAUG	0
NM_005026.5:3980-4009	NM_005026.5	NM_005026.5.fasta	3980	4009	+	30	ATAAAGGAGAATCTACGCTGGTCCTCAGGA	UCCUGAGGACCAGCGUAGAUUCUCCUUUAU	0
NM_005026.5:3981-4010	NM_005026.5	NM_005026.5.fasta	3981	4010	+	30	TAAAGGAGAATCTACGCTGGTCCTCAGGAC	GUCCUGAGGACCAGCGUAGAUUCUCCUUUA	0
NM_005026.5:3982-4011	NM_005026.5	NM_005026.5.fasta	3982	4011	+	30	AAAGGAGAATCTACGCTGGTCCTCAGGACG	CGUCCUGAGGACCAGCGUAGAUUCUCCUUU	0
NM_005026.5:3983-4012	NM_005026.5	NM_005026.5.fasta	3983	4012	+	30	AAGGAGAATCTACGCTGGTCCTCAGGACGT	ACGUCCUGAGGACCAGCGUAGAUUCUCCUU	0
NM_005026.5:3984-4013	NM_005026.5	NM_005026.5.fasta	3984	4013	+	30	AGGAGAATCTACGCTGGTCCTCAGGACGTG	CACGUCCUGAGGACCAGCGUAGAUUCUCCU	0
NM_005026.5:3985-4014	NM_005026.5	NM_005026.5.fasta	3985	4014	+	30	GGAGAATCTACGCTGGTCCTCAGGACGTGT	ACACGUCCUGAGGACCAGCGUAGAUUCUCC	0
NM_005026.5:3986-4015	NM_005026.5	NM_005026.5.fasta	3986	4015	+	30	GAGAATCTACGCTGGTCCTCAGGACGTGTT	AACACGUCCUGAGGACCAGCGUAGAUUCUC	0
NM_005026.5:3987-4016	NM_005026.5	NM_005026.5.fasta	3987	4016	+	30	AGAATCTACGCTGGTCCTCAGGACGTGTTA	UAACACGUCCUGAGGACCAGCGUAGAUUCU	0
NM_005026.5:3988-4017	NM_005026.5	NM_005026.5.fasta	3988	4017	+	30	GAATCTACGCTGGTCCTCAGGACGTGTTAA	UUAACACGUCCUGAGGACCAGCGUAGAUUC	0
NM_005026.5:3989-4018	NM_005026.5	NM_005026.5.fasta	3989	4018	+	30	AATCTACGCTGGTCCTCAGGACGTGTTAAA	UUUAACACGUCCUGAGGACCAGCGUAGAUU	0
NM_005026.5:3990-4019	NM_005026.5	NM_005026.5.fasta	3990	4019	+	30	ATCTACGCTGGTCCTCAGGACGTGTTAAAG	CUUUAACACGUCCUGAGGACCAGCGUAGAU	0
NM_005026.5:3991-4020	NM_005026.5	NM_005026.5.fasta	3991	4020	+	30	TCTACGCTGGTCCTCAGGACGTGTTAAAGA	UCUUUAACACGUCCUGAGGACCAGCGUAGA	0
NM_005026.5:3992-4021	NM_005026.5	NM_005026.5.fasta	3992	4021	+	30	CTACGCTGGTCCTCAGGACGTGTTAAAGAG	CUCUUUAACACGUCCUGAGGACCAGCGUAG	0
NM_005026.5:3993-4022	NM_005026.5	NM_005026.5.fasta	3993	4022	+	30	TACGCTGGTCCTCAGGACGTGTTAAAGAGA	UCUCUUUAACACGUCCUGAGGACCAGCGUA	0
NM_005026.5:3994-4023	NM_005026.5	NM_005026.5.fasta	3994	4023	+	30	ACGCTGGTCCTCAGGACGTGTTAAAGAGAT	AUCUCUUUAACACGUCCUGAGGACCAGCGU	0
NM_005026.5:3995-4024	NM_005026.5	NM_005026.5.fasta	3995	4024	+	30	CGCTGGTCCTCAGGACGTGTTAAAGAGATC	GAUCUCUUUAACACGUCCUGAGGACCAGCG	0
NM_005026.5:3996-4025	NM_005026.5	NM_005026.5.fasta	3996	4025	+	30	GCTGGTCCTCAGGACGTGTTAAAGAGATCT	AGAUCUCUUUAACACGUCCUGAGGACCAGC	0
NM_005026.5:3997-4026	NM_005026.5	NM_005026.5.fasta	3997	4026	+	30	CTGGTCCTCAGGACGTGTTAAAGAGATCTG	CAGAUCUCUUUAACACGUCCUGAGGACCAG	0
NM_005026.5:3998-4027	NM_005026.5	NM_005026.5.fasta	3998	4027	+	30	TGGTCCTCAGGACGTGTTAAAGAGATCTGG	CCAGAUCUCUUUAACACGUCCUGAGGACCA	0
NM_005026.5:3999-4028	NM_005026.5	NM_005026.5.fasta	3999	4028	+	30	GGTCCTCAGGACGTGTTAAAGAGATCTGGG	CCCAGAUCUCUUUAACACGUCCUGAGGACC	0
NM_005026.5:4000-4029	NM_005026.5	NM_005026.5.fasta	4000	4029	+	30	GTCCTCAGGACGTGTTAAAGAGATCTGGGC	GCCCAGAUCUCUUUAACACGUCCUGAGGAC	0
NM_005026.5:4001-4030	NM_005026.5	NM_005026.5.fasta	4001	4030	+	30	TCCTCAGGACGTGTTAAAGAGATCTGGGCC	GGCCCAGAUCUCUUUAACACGUCCUGAGGA	0
NM_005026.5:4002-4031	NM_005026.5	NM_005026.5.fasta	4002	4031	+	30	CCTCAGGACGTGTTAAAGAGATCTGGGCCT	AGGCCCAGAUCUCUUUAACACGUCCUGAGG	0
NM_005026.5:4003-4032	NM_005026.5	NM_005026.5.fasta	4003	4032	+	30	CTCAGGACGTGTTAAAGAGATCTGGGCCTC	GAGGCCCAGAUCUCUUUAACACGUCCUGAG	0
NM_005026.5:4004-4033	NM_005026.5	NM_005026.5.fasta	4004	4033	+	30	TCAGGACGTGTTAAAGAGATCTGGGCCTCA	UGAGGCCCAGAUCUCUUUAACACGUCCUGA	0
NM_005026.5:4005-4034	NM_005026.5	NM_005026.5.fasta	4005	4034	+	30	CAGGACGTGTTAAAGAGATCTGGGCCTCAT	AUGAGGCCCAGAUCUCUUUAACACGUCCUG	0
NM_005026.5:4006-4035	NM_005026.5	NM_005026.5.fasta	4006	4035	+	30	AGGACGTGTTAAAGAGATCTGGGCCTCATG	CAUGAGGCCCAGAUCUCUUUAACACGUCCU	0
NM_005026.5:4007-4036	NM_005026.5	NM_005026.5.fasta	4007	4036	+	30	GGACGTGTTAAAGAGATCTGGGCCTCATGT	ACAUGAGGCCCAGAUCUCUUUAACACGUCC	0
NM_005026.5:4008-4037	NM_005026.5	NM_005026.5.fasta	4008	4037	+	30	GACGTGTTAAAGAGATCTGGGCCTCATGTA	UACAUGAGGCCCAGAUCUCUUUAACACGUC	0
NM_005026.5:4009-4038	NM_005026.5	NM_005026.5.fasta	4009	4038	+	30	ACGTGTTAAAGAGATCTGGGCCTCATGTAG	CUACAUGAGGCCCAGAUCUCUUUAACACGU	0
NM_005026.5:4010-4039	NM_005026.5	NM_005026.5.fasta	4010	4039	+	30	CGTGTTAAAGAGATCTGGGCCTCATGTAGC	GCUACAUGAGGCCCAGAUCUCUUUAACACG	0
NM_005026.5:4011-4040	NM_005026.5	NM_005026.5.fasta	4011	4040	+	30	GTGTTAAAGAGATCTGGGCCTCATGTAGCT	AGCUACAUGAGGCCCAGAUCUCUUUAACAC	0
NM_005026.5:4012-4041	NM_005026.5	NM_005026.5.fasta	4012	4041	+	30	TGTTAAAGAGATCTGGGCCTCATGTAGCTC	GAGCUACAUGAGGCCCAGAUCUCUUUAACA	0
NM_005026.5:4013-4042	NM_005026.5	NM_005026.5.fasta	4013	4042	+	30	GTTAAAGAGATCTGGGCCTCATGTAGCTCA	UGAGCUACAUGAGGCCCAGAUCUCUUUAAC	0
NM_005026.5:4014-4043	NM_005026.5	NM_005026.5.fasta	4014	4043	+	30	TTAAAGAGATCTGGGCCTCATGTAGCTCAC	GUGAGCUACAUGAGGCCCAGAUCUCUUUAA	0
NM_005026.5:4015-4044	NM_005026.5	NM_005026.5.fasta	4015	4044	+	30	TAAAGAGATCTGGGCCTCATGTAGCTCACC	GGUGAGCUACAUGAGGCCCAGAUCUCUUUA	0
NM_005026.5:4016-4045	NM_005026.5	NM_005026.5.fasta	4016	4045	+	30	AAAGAGATCTGGGCCTCATGTAGCTCACCC	GGGUGAGCUACAUGAGGCCCAGAUCUCUUU	0
NM_005026.5:4017-4046	NM_005026.5	NM_005026.5.fasta	4017	4046	+	30	AAGAGATCTGGGCCTCATGTAGCTCACCCC	GGGGUGAGCUACAUGAGGCCCAGAUCUCUU	0
NM_005026.5:4018-4047	NM_005026.5	NM_005026.5.fasta	4018	4047	+	30	AGAGATCTGGGCCTCATGTAGCTCACCCCG	CGGGGUGAGCUACAUGAGGCCCAGAUCUCU	0
NM_005026.5:4019-4048	NM_005026.5	NM_005026.5.fasta	4019	4048	+	30	GAGATCTGGGCCTCATGTAGCTCACCCCGG	CCGGGGUGAGCUACAUGAGGCCCAGAUCUC	0
NM_005026.5:4020-4049	NM_005026.5	NM_005026.5.fasta	4020	4049	+	30	AGATCTGGGCCTCATGTAGCTCACCCCGGT	ACCGGGGUGAGCUACAUGAGGCCCAGAUCU	0
NM_005026.5:4021-4050	NM_005026.5	NM_005026.5.fasta	4021	4050	+	30	GATCTGGGCCTCATGTAGCTCACCCCGGTC	GACCGGGGUGAGCUACAUGAGGCCCAGAUC	0
NM_005026.5:4022-4051	NM_005026.5	NM_005026.5.fasta	4022	4051	+	30	ATCTGGGCCTCATGTAGCTCACCCCGGTCA	UGACCGGGGUGAGCUACAUGAGGCCCAGAU	0
NM_005026.5:4023-4052	NM_005026.5	NM_005026.5.fasta	4023	4052	+	30	TCTGGGCCTCATGTAGCTCACCCCGGTCAC	GUGACCGGGGUGAGCUACAUGAGGCCCAGA	0
NM_005026.5:4024-4053	NM_005026.5	NM_005026.5.fasta	4024	4053	+	30	CTGGGCCTCATGTAGCTCACCCCGGTCACG	CGUGACCGGGGUGAGCUACAUGAGGCCCAG	0
NM_005026.5:4025-4054	NM_005026.5	NM_005026.5.fasta	4025	4054	+	30	TGGGCCTCATGTAGCTCACCCCGGTCACGC	GCGUGACCGGGGUGAGCUACAUGAGGCCCA	0
NM_005026.5:4026-4055	NM_005026.5	NM_005026.5.fasta	4026	4055	+	30	GGGCCTCATGTAGCTCACCCCGGTCACGCA	UGCGUGACCGGGGUGAGCUACAUGAGGCCC	0
NM_005026.5:4027-4056	NM_005026.5	NM_005026.5.fasta	4027	4056	+	30	GGCCTCATGTAGCTCACCCCGGTCACGCAT	AUGCGUGACCGGGGUGAGCUACAUGAGGCC	0
NM_005026.5:4028-4057	NM_005026.5	NM_005026.5.fasta	4028	4057	+	30	GCCTCATGTAGCTCACCCCGGTCACGCATG	CAUGCGUGACCGGGGUGAGCUACAUGAGGC	0
NM_005026.5:4029-4058	NM_005026.5	NM_005026.5.fasta	4029	4058	+	30	CCTCATGTAGCTCACCCCGGTCACGCATGA	UCAUGCGUGACCGGGGUGAGCUACAUGAGG	0
NM_005026.5:4030-4059	NM_005026.5	NM_005026.5.fasta	4030	4059	+	30	CTCATGTAGCTCACCCCGGTCACGCATGAA	UUCAUGCGUGACCGGGGUGAGCUACAUGAG	0
NM_005026.5:4031-4060	NM_005026.5	NM_005026.5.fasta	4031	4060	+	30	TCATGTAGCTCACCCCGGTCACGCATGAAG	CUUCAUGCGUGACCGGGGUGAGCUACAUGA	0
NM_005026.5:4032-4061	NM_005026.5	NM_005026.5.fasta	4032	4061	+	30	CATGTAGCTCACCCCGGTCACGCATGAAGG	CCUUCAUGCGUGACCGGGGUGAGCUACAUG	0
NM_005026.5:4033-4062	NM_005026.5	NM_005026.5.fasta	4033	4062	+	30	ATGTAGCTCACCCCGGTCACGCATGAAGGC	GCCUUCAUGCGUGACCGGGGUGAGCUACAU	0
NM_005026.5:4034-4063	NM_005026.5	NM_005026.5.fasta	4034	4063	+	30	TGTAGCTCACCCCGGTCACGCATGAAGGCA	UGCCUUCAUGCGUGACCGGGGUGAGCUACA	0
NM_005026.5:4035-4064	NM_005026.5	NM_005026.5.fasta	4035	4064	+	30	GTAGCTCACCCCGGTCACGCATGAAGGCAA	UUGCCUUCAUGCGUGACCGGGGUGAGCUAC	0
NM_005026.5:4036-4065	NM_005026.5	NM_005026.5.fasta	4036	4065	+	30	TAGCTCACCCCGGTCACGCATGAAGGCAAA	UUUGCCUUCAUGCGUGACCGGGGUGAGCUA	0
NM_005026.5:4037-4066	NM_005026.5	NM_005026.5.fasta	4037	4066	+	30	AGCTCACCCCGGTCACGCATGAAGGCAAAA	UUUUGCCUUCAUGCGUGACCGGGGUGAGCU	0
NM_005026.5:4038-4067	NM_005026.5	NM_005026.5.fasta	4038	4067	+	30	GCTCACCCCGGTCACGCATGAAGGCAAAAG	CUUUUGCCUUCAUGCGUGACCGGGGUGAGC	0
NM_005026.5:4039-4068	NM_005026.5	NM_005026.5.fasta	4039	4068	+	30	CTCACCCCGGTCACGCATGAAGGCAAAAGC	GCUUUUGCCUUCAUGCGUGACCGGGGUGAG	0
NM_005026.5:4040-4069	NM_005026.5	NM_005026.5.fasta	4040	4069	+	30	TCACCCCGGTCACGCATGAAGGCAAAAGCA	UGCUUUUGCCUUCAUGCGUGACCGGGGUGA	0
NM_005026.5:4041-4070	NM_005026.5	NM_005026.5.fasta	4041	4070	+	30	CACCCCGGTCACGCATGAAGGCAAAAGCAG	CUGCUUUUGCCUUCAUGCGUGACCGGGGUG	0
NM_005026.5:4042-4071	NM_005026.5	NM_005026.5.fasta	4042	4071	+	30	ACCCCGGTCACGCATGAAGGCAAAAGCAGG	CCUGCUUUUGCCUUCAUGCGUGACCGGGGU	0
NM_005026.5:4043-4072	NM_005026.5	NM_005026.5.fasta	4043	4072	+	30	CCCCGGTCACGCATGAAGGCAAAAGCAGGT	ACCUGCUUUUGCCUUCAUGCGUGACCGGGG	0
NM_005026.5:4044-4073	NM_005026.5	NM_005026.5.fasta	4044	4073	+	30	CCCGGTCACGCATGAAGGCAAAAGCAGGTC	GACCUGCUUUUGCCUUCAUGCGUGACCGGG	0
NM_005026.5:4045-4074	NM_005026.5	NM_005026.5.fasta	4045	4074	+	30	CCGGTCACGCATGAAGGCAAAAGCAGGTCA	UGACCUGCUUUUGCCUUCAUGCGUGACCGG	0
NM_005026.5:4046-4075	NM_005026.5	NM_005026.5.fasta	4046	4075	+	30	CGGTCACGCATGAAGGCAAAAGCAGGTCAG	CUGACCUGCUUUUGCCUUCAUGCGUGACCG	0
NM_005026.5:4047-4076	NM_005026.5	NM_005026.5.fasta	4047	4076	+	30	GGTCACGCATGAAGGCAAAAGCAGGTCAGA	UCUGACCUGCUUUUGCCUUCAUGCGUGACC	0
NM_005026.5:4048-4077	NM_005026.5	NM_005026.5.fasta	4048	4077	+	30	GTCACGCATGAAGGCAAAAGCAGGTCAGAA	UUCUGACCUGCUUUUGCCUUCAUGCGUGAC	0
NM_005026.5:4049-4078	NM_005026.5	NM_005026.5.fasta	4049	4078	+	30	TCACGCATGAAGGCAAAAGCAGGTCAGAAG	CUUCUGACCUGCUUUUGCCUUCAUGCGUGA	0
NM_005026.5:4050-4079	NM_005026.5	NM_005026.5.fasta	4050	4079	+	30	CACGCATGAAGGCAAAAGCAGGTCAGAAGC	GCUUCUGACCUGCUUUUGCCUUCAUGCGUG	0
NM_005026.5:4051-4080	NM_005026.5	NM_005026.5.fasta	4051	4080	+	30	ACGCATGAAGGCAAAAGCAGGTCAGAAGCG	CGCUUCUGACCUGCUUUUGCCUUCAUGCGU	0
NM_005026.5:4052-4081	NM_005026.5	NM_005026.5.fasta	4052	4081	+	30	CGCATGAAGGCAAAAGCAGGTCAGAAGCGA	UCGCUUCUGACCUGCUUUUGCCUUCAUGCG	0
NM_005026.5:4053-4082	NM_005026.5	NM_005026.5.fasta	4053	4082	+	30	GCATGAAGGCAAAAGCAGGTCAGAAGCGAA	UUCGCUUCUGACCUGCUUUUGCCUUCAUGC	0
NM_005026.5:4054-4083	NM_005026.5	NM_005026.5.fasta	4054	4083	+	30	CATGAAGGCAAAAGCAGGTCAGAAGCGAAT	AUUCGCUUCUGACCUGCUUUUGCCUUCAUG	0
NM_005026.5:4055-4084	NM_005026.5	NM_005026.5.fasta	4055	4084	+	30	ATGAAGGCAAAAGCAGGTCAGAAGCGAATA	UAUUCGCUUCUGACCUGCUUUUGCCUUCAU	0
NM_005026.5:4056-4085	NM_005026.5	NM_005026.5.fasta	4056	4085	+	30	TGAAGGCAAAAGCAGGTCAGAAGCGAATAC	GUAUUCGCUUCUGACCUGCUUUUGCCUUCA	0
NM_005026.5:4057-4086	NM_005026.5	NM_005026.5.fasta	4057	4086	+	30	GAAGGCAAAAGCAGGTCAGAAGCGAATACT	AGUAUUCGCUUCUGACCUGCUUUUGCCUUC	0
NM_005026.5:4058-4087	NM_005026.5	NM_005026.5.fasta	4058	4087	+	30	AAGGCAAAAGCAGGTCAGAAGCGAATACTC	GAGUAUUCGCUUCUGACCUGCUUUUGCCUU	0
NM_005026.5:4059-4088	NM_005026.5	NM_005026.5.fasta	4059	4088	+	30	AGGCAAAAGCAGGTCAGAAGCGAATACTCT	AGAGUAUUCGCUUCUGACCUGCUUUUGCCU	0
NM_005026.5:4060-4089	NM_005026.5	NM_005026.5.fasta	4060	4089	+	30	GGCAAAAGCAGGTCAGAAGCGAATACTCTG	CAGAGUAUUCGCUUCUGACCUGCUUUUGCC	0
NM_005026.5:4061-4090	NM_005026.5	NM_005026.5.fasta	4061	4090	+	30	GCAAAAGCAGGTCAGAAGCGAATACTCTGC	GCAGAGUAUUCGCUUCUGACCUGCUUUUGC	0
NM_005026.5:4062-4091	NM_005026.5	NM_005026.5.fasta	4062	4091	+	30	CAAAAGCAGGTCAGAAGCGAATACTCTGCC	GGCAGAGUAUUCGCUUCUGACCUGCUUUUG	0
NM_005026.5:4063-4092	NM_005026.5	NM_005026.5.fasta	4063	4092	+	30	AAAAGCAGGTCAGAAGCGAATACTCTGCCA	UGGCAGAGUAUUCGCUUCUGACCUGCUUUU	0
NM_005026.5:4064-4093	NM_005026.5	NM_005026.5.fasta	4064	4093	+	30	AAAGCAGGTCAGAAGCGAATACTCTGCCAT	AUGGCAGAGUAUUCGCUUCUGACCUGCUUU	0
NM_005026.5:4065-4094	NM_005026.5	NM_005026.5.fasta	4065	4094	+	30	AAGCAGGTCAGAAGCGAATACTCTGCCATT	AAUGGCAGAGUAUUCGCUUCUGACCUGCUU	0
NM_005026.5:4066-4095	NM_005026.5	NM_005026.5.fasta	4066	4095	+	30	AGCAGGTCAGAAGCGAATACTCTGCCATTA	UAAUGGCAGAGUAUUCGCUUCUGACCUGCU	0
NM_005026.5:4067-4096	NM_005026.5	NM_005026.5.fasta	4067	4096	+	30	GCAGGTCAGAAGCGAATACTCTGCCATTAT	AUAAUGGCAGAGUAUUCGCUUCUGACCUGC	0
NM_005026.5:4068-4097	NM_005026.5	NM_005026.5.fasta	4068	4097	+	30	CAGGTCAGAAGCGAATACTCTGCCATTATC	GAUAAUGGCAGAGUAUUCGCUUCUGACCUG	0
NM_005026.5:4069-4098	NM_005026.5	NM_005026.5.fasta	4069	4098	+	30	AGGTCAGAAGCGAATACTCTGCCATTATCT	AGAUAAUGGCAGAGUAUUCGCUUCUGACCU	0
NM_005026.5:4070-4099	NM_005026.5	NM_005026.5.fasta	4070	4099	+	30	GGTCAGAAGCGAATACTCTGCCATTATCTC	GAGAUAAUGGCAGAGUAUUCGCUUCUGACC	0
NM_005026.5:4071-4100	NM_005026.5	NM_005026.5.fasta	4071	4100	+	30	GTCAGAAGCGAATACTCTGCCATTATCTCA	UGAGAUAAUGGCAGAGUAUUCGCUUCUGAC	0
NM_005026.5:4072-4101	NM_005026.5	NM_005026.5.fasta	4072	4101	+	30	TCAGAAGCGAATACTCTGCCATTATCTCAA	UUGAGAUAAUGGCAGAGUAUUCGCUUCUGA	0
NM_005026.5:4073-4102	NM_005026.5	NM_005026.5.fasta	4073	4102	+	30	CAGAAGCGAATACTCTGCCATTATCTCAAA	UUUGAGAUAAUGGCAGAGUAUUCGCUUCUG	0
NM_005026.5:4074-4103	NM_005026.5	NM_005026.5.fasta	4074	4103	+	30	AGAAGCGAATACTCTGCCATTATCTCAAAA	UUUUGAGAUAAUGGCAGAGUAUUCGCUUCU	0
NM_005026.5:4075-4104	NM_005026.5	NM_005026.5.fasta	4075	4104	+	30	GAAGCGAATACTCTGCCATTATCTCAAAAA	UUUUUGAGAUAAUGGCAGAGUAUUCGCUUC	0
NM_005026.5:4076-4105	NM_005026.5	NM_005026.5.fasta	4076	4105	+	30	AAGCGAATACTCTGCCATTATCTCAAAAAT	AUUUUUGAGAUAAUGGCAGAGUAUUCGCUU	0
NM_005026.5:4077-4106	NM_005026.5	NM_005026.5.fasta	4077	4106	+	30	AGCGAATACTCTGCCATTATCTCAAAAATC	GAUUUUUGAGAUAAUGGCAGAGUAUUCGCU	0
NM_005026.5:4078-4107	NM_005026.5	NM_005026.5.fasta	4078	4107	+	30	GCGAATACTCTGCCATTATCTCAAAAATCT	AGAUUUUUGAGAUAAUGGCAGAGUAUUCGC	0
NM_005026.5:4079-4108	NM_005026.5	NM_005026.5.fasta	4079	4108	+	30	CGAATACTCTGCCATTATCTCAAAAATCTT	AAGAUUUUUGAGAUAAUGGCAGAGUAUUCG	0
NM_005026.5:4080-4109	NM_005026.5	NM_005026.5.fasta	4080	4109	+	30	GAATACTCTGCCATTATCTCAAAAATCTTT	AAAGAUUUUUGAGAUAAUGGCAGAGUAUUC	0
NM_005026.5:4081-4110	NM_005026.5	NM_005026.5.fasta	4081	4110	+	30	AATACTCTGCCATTATCTCAAAAATCTTTT	AAAAGAUUUUUGAGAUAAUGGCAGAGUAUU	0
NM_005026.5:4082-4111	NM_005026.5	NM_005026.5.fasta	4082	4111	+	30	ATACTCTGCCATTATCTCAAAAATCTTTTT	AAAAAGAUUUUUGAGAUAAUGGCAGAGUAU	0
NM_005026.5:4083-4112	NM_005026.5	NM_005026.5.fasta	4083	4112	+	30	TACTCTGCCATTATCTCAAAAATCTTTTTT	AAAAAAGAUUUUUGAGAUAAUGGCAGAGUA	0
NM_005026.5:4084-4113	NM_005026.5	NM_005026.5.fasta	4084	4113	+	30	ACTCTGCCATTATCTCAAAAATCTTTTTTT	AAAAAAAGAUUUUUGAGAUAAUGGCAGAGU	0
NM_005026.5:4085-4114	NM_005026.5	NM_005026.5.fasta	4085	4114	+	30	CTCTGCCATTATCTCAAAAATCTTTTTTTT	AAAAAAAAGAUUUUUGAGAUAAUGGCAGAG	0
NM_005026.5:4086-4115	NM_005026.5	NM_005026.5.fasta	4086	4115	+	30	TCTGCCATTATCTCAAAAATCTTTTTTTTT	AAAAAAAAAGAUUUUUGAGAUAAUGGCAGA	0
NM_005026.5:4087-4116	NM_005026.5	NM_005026.5.fasta	4087	4116	+	30	CTGCCATTATCTCAAAAATCTTTTTTTTTT	AAAAAAAAAAGAUUUUUGAGAUAAUGGCAG	0
NM_005026.5:4088-4117	NM_005026.5	NM_005026.5.fasta	4088	4117	+	30	TGCCATTATCTCAAAAATCTTTTTTTTTTT	AAAAAAAAAAAGAUUUUUGAGAUAAUGGCA	0
NM_005026.5:4089-4118	NM_005026.5	NM_005026.5.fasta	4089	4118	+	30	GCCATTATCTCAAAAATCTTTTTTTTTTTT	AAAAAAAAAAAAGAUUUUUGAGAUAAUGGC	0
NM_005026.5:4090-4119	NM_005026.5	NM_005026.5.fasta	4090	4119	+	30	CCATTATCTCAAAAATCTTTTTTTTTTTTT	AAAAAAAAAAAAAGAUUUUUGAGAUAAUGG	0
NM_005026.5:4091-4120	NM_005026.5	NM_005026.5.fasta	4091	4120	+	30	CATTATCTCAAAAATCTTTTTTTTTTTTTT	AAAAAAAAAAAAAAGAUUUUUGAGAUAAUG	0
NM_005026.5:4092-4121	NM_005026.5	NM_005026.5.fasta	4092	4121	+	30	ATTATCTCAAAAATCTTTTTTTTTTTTTTG	CAAAAAAAAAAAAAAGAUUUUUGAGAUAAU	0
NM_005026.5:4093-4122	NM_005026.5	NM_005026.5.fasta	4093	4122	+	30	TTATCTCAAAAATCTTTTTTTTTTTTTTGA	UCAAAAAAAAAAAAAAGAUUUUUGAGAUAA	0
NM_005026.5:4094-4123	NM_005026.5	NM_005026.5.fasta	4094	4123	+	30	TATCTCAAAAATCTTTTTTTTTTTTTTGAG	CUCAAAAAAAAAAAAAAGAUUUUUGAGAUA	0
NM_005026.5:4095-4124	NM_005026.5	NM_005026.5.fasta	4095	4124	+	30	ATCTCAAAAATCTTTTTTTTTTTTTTGAGA	UCUCAAAAAAAAAAAAAAGAUUUUUGAGAU	0
NM_005026.5:4096-4125	NM_005026.5	NM_005026.5.fasta	4096	4125	+	30	TCTCAAAAATCTTTTTTTTTTTTTTGAGAT	AUCUCAAAAAAAAAAAAAAGAUUUUUGAGA	0
NM_005026.5:4097-4126	NM_005026.5	NM_005026.5.fasta	4097	4126	+	30	CTCAAAAATCTTTTTTTTTTTTTTGAGATG	CAUCUCAAAAAAAAAAAAAAGAUUUUUGAG	0
NM_005026.5:4098-4127	NM_005026.5	NM_005026.5.fasta	4098	4127	+	30	TCAAAAATCTTTTTTTTTTTTTTGAGATGG	CCAUCUCAAAAAAAAAAAAAAGAUUUUUGA	0
NM_005026.5:4099-4128	NM_005026.5	NM_005026.5.fasta	4099	4128	+	30	CAAAAATCTTTTTTTTTTTTTTGAGATGGG	CCCAUCUCAAAAAAAAAAAAAAGAUUUUUG	0
NM_005026.5:4100-4129	NM_005026.5	NM_005026.5.fasta	4100	4129	+	30	AAAAATCTTTTTTTTTTTTTTGAGATGGGG	CCCCAUCUCAAAAAAAAAAAAAAGAUUUUU	0
NM_005026.5:4101-4130	NM_005026.5	NM_005026.5.fasta	4101	4130	+	30	AAAATCTTTTTTTTTTTTTTGAGATGGGGT	ACCCCAUCUCAAAAAAAAAAAAAAGAUUUU	0
NM_005026.5:4102-4131	NM_005026.5	NM_005026.5.fasta	4102	4131	+	30	AAATCTTTTTTTTTTTTTTGAGATGGGGTC	GACCCCAUCUCAAAAAAAAAAAAAAGAUUU	0
NM_005026.5:4103-4132	NM_005026.5	NM_005026.5.fasta	4103	4132	+	30	AATCTTTTTTTTTTTTTTGAGATGGGGTCT	AGACCCCAUCUCAAAAAAAAAAAAAAGAUU	0
NM_005026.5:4104-4133	NM_005026.5	NM_005026.5.fasta	4104	4133	+	30	ATCTTTTTTTTTTTTTTGAGATGGGGTCTT	AAGACCCCAUCUCAAAAAAAAAAAAAAGAU	0
NM_005026.5:4105-4134	NM_005026.5	NM_005026.5.fasta	4105	4134	+	30	TCTTTTTTTTTTTTTTGAGATGGGGTCTTC	GAAGACCCCAUCUCAAAAAAAAAAAAAAGA	0
NM_005026.5:4106-4135	NM_005026.5	NM_005026.5.fasta	4106	4135	+	30	CTTTTTTTTTTTTTTGAGATGGGGTCTTCC	GGAAGACCCCAUCUCAAAAAAAAAAAAAAG	0
NM_005026.5:4107-4136	NM_005026.5	NM_005026.5.fasta	4107	4136	+	30	TTTTTTTTTTTTTTGAGATGGGGTCTTCCT	AGGAAGACCCCAUCUCAAAAAAAAAAAAAA	0
NM_005026.5:4108-4137	NM_005026.5	NM_005026.5.fasta	4108	4137	+	30	TTTTTTTTTTTTTGAGATGGGGTCTTCCTC	GAGGAAGACCCCAUCUCAAAAAAAAAAAAA	0
NM_005026.5:4109-4138	NM_005026.5	NM_005026.5.fasta	4109	4138	+	30	TTTTTTTTTTTTGAGATGGGGTCTTCCTCT	AGAGGAAGACCCCAUCUCAAAAAAAAAAAA	0
NM_005026.5:4110-4139	NM_005026.5	NM_005026.5.fasta	4110	4139	+	30	TTTTTTTTTTTGAGATGGGGTCTTCCTCTG	CAGAGGAAGACCCCAUCUCAAAAAAAAAAA	0
NM_005026.5:4111-4140	NM_005026.5	NM_005026.5.fasta	4111	4140	+	30	TTTTTTTTTTGAGATGGGGTCTTCCTCTGT	ACAGAGGAAGACCCCAUCUCAAAAAAAAAA	0
NM_005026.5:4112-4141	NM_005026.5	NM_005026.5.fasta	4112	4141	+	30	TTTTTTTTTGAGATGGGGTCTTCCTCTGTT	AACAGAGGAAGACCCCAUCUCAAAAAAAAA	0
NM_005026.5:4113-4142	NM_005026.5	NM_005026.5.fasta	4113	4142	+	30	TTTTTTTTGAGATGGGGTCTTCCTCTGTTG	CAACAGAGGAAGACCCCAUCUCAAAAAAAA	0
NM_005026.5:4114-4143	NM_005026.5	NM_005026.5.fasta	4114	4143	+	30	TTTTTTTGAGATGGGGTCTTCCTCTGTTGC	GCAACAGAGGAAGACCCCAUCUCAAAAAAA	0
NM_005026.5:4115-4144	NM_005026.5	NM_005026.5.fasta	4115	4144	+	30	TTTTTTGAGATGGGGTCTTCCTCTGTTGCC	GGCAACAGAGGAAGACCCCAUCUCAAAAAA	0
NM_005026.5:4116-4145	NM_005026.5	NM_005026.5.fasta	4116	4145	+	30	TTTTTGAGATGGGGTCTTCCTCTGTTGCCC	GGGCAACAGAGGAAGACCCCAUCUCAAAAA	0
NM_005026.5:4117-4146	NM_005026.5	NM_005026.5.fasta	4117	4146	+	30	TTTTGAGATGGGGTCTTCCTCTGTTGCCCA	UGGGCAACAGAGGAAGACCCCAUCUCAAAA	0
NM_005026.5:4118-4147	NM_005026.5	NM_005026.5.fasta	4118	4147	+	30	TTTGAGATGGGGTCTTCCTCTGTTGCCCAG	CUGGGCAACAGAGGAAGACCCCAUCUCAAA	0
NM_005026.5:4119-4148	NM_005026.5	NM_005026.5.fasta	4119	4148	+	30	TTGAGATGGGGTCTTCCTCTGTTGCCCAGG	CCUGGGCAACAGAGGAAGACCCCAUCUCAA	0
NM_005026.5:4120-4149	NM_005026.5	NM_005026.5.fasta	4120	4149	+	30	TGAGATGGGGTCTTCCTCTGTTGCCCAGGC	GCCUGGGCAACAGAGGAAGACCCCAUCUCA	0
NM_005026.5:4121-4150	NM_005026.5	NM_005026.5.fasta	4121	4150	+	30	GAGATGGGGTCTTCCTCTGTTGCCCAGGCT	AGCCUGGGCAACAGAGGAAGACCCCAUCUC	0
NM_005026.5:4122-4151	NM_005026.5	NM_005026.5.fasta	4122	4151	+	30	AGATGGGGTCTTCCTCTGTTGCCCAGGCTG	CAGCCUGGGCAACAGAGGAAGACCCCAUCU	0
NM_005026.5:4123-4152	NM_005026.5	NM_005026.5.fasta	4123	4152	+	30	GATGGGGTCTTCCTCTGTTGCCCAGGCTGG	CCAGCCUGGGCAACAGAGGAAGACCCCAUC	0
NM_005026.5:4124-4153	NM_005026.5	NM_005026.5.fasta	4124	4153	+	30	ATGGGGTCTTCCTCTGTTGCCCAGGCTGGA	UCCAGCCUGGGCAACAGAGGAAGACCCCAU	0
NM_005026.5:4125-4154	NM_005026.5	NM_005026.5.fasta	4125	4154	+	30	TGGGGTCTTCCTCTGTTGCCCAGGCTGGAG	CUCCAGCCUGGGCAACAGAGGAAGACCCCA	0
NM_005026.5:4126-4155	NM_005026.5	NM_005026.5.fasta	4126	4155	+	30	GGGGTCTTCCTCTGTTGCCCAGGCTGGAGT	ACUCCAGCCUGGGCAACAGAGGAAGACCCC	0
NM_005026.5:4127-4156	NM_005026.5	NM_005026.5.fasta	4127	4156	+	30	GGGTCTTCCTCTGTTGCCCAGGCTGGAGTG	CACUCCAGCCUGGGCAACAGAGGAAGACCC	0
NM_005026.5:4128-4157	NM_005026.5	NM_005026.5.fasta	4128	4157	+	30	GGTCTTCCTCTGTTGCCCAGGCTGGAGTGC	GCACUCCAGCCUGGGCAACAGAGGAAGACC	0
NM_005026.5:4129-4158	NM_005026.5	NM_005026.5.fasta	4129	4158	+	30	GTCTTCCTCTGTTGCCCAGGCTGGAGTGCA	UGCACUCCAGCCUGGGCAACAGAGGAAGAC	0
NM_005026.5:4130-4159	NM_005026.5	NM_005026.5.fasta	4130	4159	+	30	TCTTCCTCTGTTGCCCAGGCTGGAGTGCAG	CUGCACUCCAGCCUGGGCAACAGAGGAAGA	0
NM_005026.5:4131-4160	NM_005026.5	NM_005026.5.fasta	4131	4160	+	30	CTTCCTCTGTTGCCCAGGCTGGAGTGCAGT	ACUGCACUCCAGCCUGGGCAACAGAGGAAG	0
NM_005026.5:4132-4161	NM_005026.5	NM_005026.5.fasta	4132	4161	+	30	TTCCTCTGTTGCCCAGGCTGGAGTGCAGTG	CACUGCACUCCAGCCUGGGCAACAGAGGAA	0
NM_005026.5:4133-4162	NM_005026.5	NM_005026.5.fasta	4133	4162	+	30	TCCTCTGTTGCCCAGGCTGGAGTGCAGTGG	CCACUGCACUCCAGCCUGGGCAACAGAGGA	0
NM_005026.5:4134-4163	NM_005026.5	NM_005026.5.fasta	4134	4163	+	30	CCTCTGTTGCCCAGGCTGGAGTGCAGTGGT	ACCACUGCACUCCAGCCUGGGCAACAGAGG	0
NM_005026.5:4135-4164	NM_005026.5	NM_005026.5.fasta	4135	4164	+	30	CTCTGTTGCCCAGGCTGGAGTGCAGTGGTG	CACCACUGCACUCCAGCCUGGGCAACAGAG	0
NM_005026.5:4136-4165	NM_005026.5	NM_005026.5.fasta	4136	4165	+	30	TCTGTTGCCCAGGCTGGAGTGCAGTGGTGC	GCACCACUGCACUCCAGCCUGGGCAACAGA	0
NM_005026.5:4137-4166	NM_005026.5	NM_005026.5.fasta	4137	4166	+	30	CTGTTGCCCAGGCTGGAGTGCAGTGGTGCA	UGCACCACUGCACUCCAGCCUGGGCAACAG	0
NM_005026.5:4138-4167	NM_005026.5	NM_005026.5.fasta	4138	4167	+	30	TGTTGCCCAGGCTGGAGTGCAGTGGTGCAA	UUGCACCACUGCACUCCAGCCUGGGCAACA	0
NM_005026.5:4139-4168	NM_005026.5	NM_005026.5.fasta	4139	4168	+	30	GTTGCCCAGGCTGGAGTGCAGTGGTGCAAT	AUUGCACCACUGCACUCCAGCCUGGGCAAC	0
NM_005026.5:4140-4169	NM_005026.5	NM_005026.5.fasta	4140	4169	+	30	TTGCCCAGGCTGGAGTGCAGTGGTGCAATC	GAUUGCACCACUGCACUCCAGCCUGGGCAA	0
NM_005026.5:4141-4170	NM_005026.5	NM_005026.5.fasta	4141	4170	+	30	TGCCCAGGCTGGAGTGCAGTGGTGCAATCT	AGAUUGCACCACUGCACUCCAGCCUGGGCA	0
NM_005026.5:4142-4171	NM_005026.5	NM_005026.5.fasta	4142	4171	+	30	GCCCAGGCTGGAGTGCAGTGGTGCAATCTT	AAGAUUGCACCACUGCACUCCAGCCUGGGC	0
NM_005026.5:4143-4172	NM_005026.5	NM_005026.5.fasta	4143	4172	+	30	CCCAGGCTGGAGTGCAGTGGTGCAATCTTG	CAAGAUUGCACCACUGCACUCCAGCCUGGG	0
NM_005026.5:4144-4173	NM_005026.5	NM_005026.5.fasta	4144	4173	+	30	CCAGGCTGGAGTGCAGTGGTGCAATCTTGG	CCAAGAUUGCACCACUGCACUCCAGCCUGG	0
NM_005026.5:4145-4174	NM_005026.5	NM_005026.5.fasta	4145	4174	+	30	CAGGCTGGAGTGCAGTGGTGCAATCTTGGC	GCCAAGAUUGCACCACUGCACUCCAGCCUG	0
NM_005026.5:4146-4175	NM_005026.5	NM_005026.5.fasta	4146	4175	+	30	AGGCTGGAGTGCAGTGGTGCAATCTTGGCT	AGCCAAGAUUGCACCACUGCACUCCAGCCU	0
NM_005026.5:4147-4176	NM_005026.5	NM_005026.5.fasta	4147	4176	+	30	GGCTGGAGTGCAGTGGTGCAATCTTGGCTC	GAGCCAAGAUUGCACCACUGCACUCCAGCC	0
NM_005026.5:4148-4177	NM_005026.5	NM_005026.5.fasta	4148	4177	+	30	GCTGGAGTGCAGTGGTGCAATCTTGGCTCA	UGAGCCAAGAUUGCACCACUGCACUCCAGC	0
NM_005026.5:4149-4178	NM_005026.5	NM_005026.5.fasta	4149	4178	+	30	CTGGAGTGCAGTGGTGCAATCTTGGCTCAC	GUGAGCCAAGAUUGCACCACUGCACUCCAG	0
NM_005026.5:4150-4179	NM_005026.5	NM_005026.5.fasta	4150	4179	+	30	TGGAGTGCAGTGGTGCAATCTTGGCTCACT	AGUGAGCCAAGAUUGCACCACUGCACUCCA	0
NM_005026.5:4151-4180	NM_005026.5	NM_005026.5.fasta	4151	4180	+	30	GGAGTGCAGTGGTGCAATCTTGGCTCACTG	CAGUGAGCCAAGAUUGCACCACUGCACUCC	0
NM_005026.5:4152-4181	NM_005026.5	NM_005026.5.fasta	4152	4181	+	30	GAGTGCAGTGGTGCAATCTTGGCTCACTGT	ACAGUGAGCCAAGAUUGCACCACUGCACUC	0
NM_005026.5:4153-4182	NM_005026.5	NM_005026.5.fasta	4153	4182	+	30	AGTGCAGTGGTGCAATCTTGGCTCACTGTA	UACAGUGAGCCAAGAUUGCACCACUGCACU	0
NM_005026.5:4154-4183	NM_005026.5	NM_005026.5.fasta	4154	4183	+	30	GTGCAGTGGTGCAATCTTGGCTCACTGTAA	UUACAGUGAGCCAAGAUUGCACCACUGCAC	0
NM_005026.5:4155-4184	NM_005026.5	NM_005026.5.fasta	4155	4184	+	30	TGCAGTGGTGCAATCTTGGCTCACTGTAAC	GUUACAGUGAGCCAAGAUUGCACCACUGCA	0
NM_005026.5:4156-4185	NM_005026.5	NM_005026.5.fasta	4156	4185	+	30	GCAGTGGTGCAATCTTGGCTCACTGTAACC	GGUUACAGUGAGCCAAGAUUGCACCACUGC	0
NM_005026.5:4157-4186	NM_005026.5	NM_005026.5.fasta	4157	4186	+	30	CAGTGGTGCAATCTTGGCTCACTGTAACCT	AGGUUACAGUGAGCCAAGAUUGCACCACUG	0
NM_005026.5:4158-4187	NM_005026.5	NM_005026.5.fasta	4158	4187	+	30	AGTGGTGCAATCTTGGCTCACTGTAACCTC	GAGGUUACAGUGAGCCAAGAUUGCACCACU	0
NM_005026.5:4159-4188	NM_005026.5	NM_005026.5.fasta	4159	4188	+	30	GTGGTGCAATCTTGGCTCACTGTAACCTCC	GGAGGUUACAGUGAGCCAAGAUUGCACCAC	0
NM_005026.5:4160-4189	NM_005026.5	NM_005026.5.fasta	4160	4189	+	30	TGGTGCAATCTTGGCTCACTGTAACCTCCG	CGGAGGUUACAGUGAGCCAAGAUUGCACCA	0
NM_005026.5:4161-4190	NM_005026.5	NM_005026.5.fasta	4161	4190	+	30	GGTGCAATCTTGGCTCACTGTAACCTCCGC	GCGGAGGUUACAGUGAGCCAAGAUUGCACC	0
NM_005026.5:4162-4191	NM_005026.5	NM_005026.5.fasta	4162	4191	+	30	GTGCAATCTTGGCTCACTGTAACCTCCGCC	GGCGGAGGUUACAGUGAGCCAAGAUUGCAC	0
NM_005026.5:4163-4192	NM_005026.5	NM_005026.5.fasta	4163	4192	+	30	TGCAATCTTGGCTCACTGTAACCTCCGCCT	AGGCGGAGGUUACAGUGAGCCAAGAUUGCA	0
NM_005026.5:4164-4193	NM_005026.5	NM_005026.5.fasta	4164	4193	+	30	GCAATCTTGGCTCACTGTAACCTCCGCCTC	GAGGCGGAGGUUACAGUGAGCCAAGAUUGC	0
NM_005026.5:4165-4194	NM_005026.5	NM_005026.5.fasta	4165	4194	+	30	CAATCTTGGCTCACTGTAACCTCCGCCTCC	GGAGGCGGAGGUUACAGUGAGCCAAGAUUG	0
NM_005026.5:4166-4195	NM_005026.5	NM_005026.5.fasta	4166	4195	+	30	AATCTTGGCTCACTGTAACCTCCGCCTCCC	GGGAGGCGGAGGUUACAGUGAGCCAAGAUU	0
NM_005026.5:4167-4196	NM_005026.5	NM_005026.5.fasta	4167	4196	+	30	ATCTTGGCTCACTGTAACCTCCGCCTCCCA	UGGGAGGCGGAGGUUACAGUGAGCCAAGAU	0
NM_005026.5:4168-4197	NM_005026.5	NM_005026.5.fasta	4168	4197	+	30	TCTTGGCTCACTGTAACCTCCGCCTCCCAG	CUGGGAGGCGGAGGUUACAGUGAGCCAAGA	0
NM_005026.5:4169-4198	NM_005026.5	NM_005026.5.fasta	4169	4198	+	30	CTTGGCTCACTGTAACCTCCGCCTCCCAGG	CCUGGGAGGCGGAGGUUACAGUGAGCCAAG	0
NM_005026.5:4170-4199	NM_005026.5	NM_005026.5.fasta	4170	4199	+	30	TTGGCTCACTGTAACCTCCGCCTCCCAGGT	ACCUGGGAGGCGGAGGUUACAGUGAGCCAA	0
NM_005026.5:4171-4200	NM_005026.5	NM_005026.5.fasta	4171	4200	+	30	TGGCTCACTGTAACCTCCGCCTCCCAGGTT	AACCUGGGAGGCGGAGGUUACAGUGAGCCA	0
NM_005026.5:4172-4201	NM_005026.5	NM_005026.5.fasta	4172	4201	+	30	GGCTCACTGTAACCTCCGCCTCCCAGGTTC	GAACCUGGGAGGCGGAGGUUACAGUGAGCC	0
NM_005026.5:4173-4202	NM_005026.5	NM_005026.5.fasta	4173	4202	+	30	GCTCACTGTAACCTCCGCCTCCCAGGTTCA	UGAACCUGGGAGGCGGAGGUUACAGUGAGC	0
NM_005026.5:4174-4203	NM_005026.5	NM_005026.5.fasta	4174	4203	+	30	CTCACTGTAACCTCCGCCTCCCAGGTTCAA	UUGAACCUGGGAGGCGGAGGUUACAGUGAG	0
NM_005026.5:4175-4204	NM_005026.5	NM_005026.5.fasta	4175	4204	+	30	TCACTGTAACCTCCGCCTCCCAGGTTCAAG	CUUGAACCUGGGAGGCGGAGGUUACAGUGA	0
NM_005026.5:4176-4205	NM_005026.5	NM_005026.5.fasta	4176	4205	+	30	CACTGTAACCTCCGCCTCCCAGGTTCAAGT	ACUUGAACCUGGGAGGCGGAGGUUACAGUG	0
NM_005026.5:4177-4206	NM_005026.5	NM_005026.5.fasta	4177	4206	+	30	ACTGTAACCTCCGCCTCCCAGGTTCAAGTG	CACUUGAACCUGGGAGGCGGAGGUUACAGU	0
NM_005026.5:4178-4207	NM_005026.5	NM_005026.5.fasta	4178	4207	+	30	CTGTAACCTCCGCCTCCCAGGTTCAAGTGA	UCACUUGAACCUGGGAGGCGGAGGUUACAG	0
NM_005026.5:4179-4208	NM_005026.5	NM_005026.5.fasta	4179	4208	+	30	TGTAACCTCCGCCTCCCAGGTTCAAGTGAT	AUCACUUGAACCUGGGAGGCGGAGGUUACA	0
NM_005026.5:4180-4209	NM_005026.5	NM_005026.5.fasta	4180	4209	+	30	GTAACCTCCGCCTCCCAGGTTCAAGTGATT	AAUCACUUGAACCUGGGAGGCGGAGGUUAC	0
NM_005026.5:4181-4210	NM_005026.5	NM_005026.5.fasta	4181	4210	+	30	TAACCTCCGCCTCCCAGGTTCAAGTGATTC	GAAUCACUUGAACCUGGGAGGCGGAGGUUA	0
NM_005026.5:4182-4211	NM_005026.5	NM_005026.5.fasta	4182	4211	+	30	AACCTCCGCCTCCCAGGTTCAAGTGATTCT	AGAAUCACUUGAACCUGGGAGGCGGAGGUU	0
NM_005026.5:4183-4212	NM_005026.5	NM_005026.5.fasta	4183	4212	+	30	ACCTCCGCCTCCCAGGTTCAAGTGATTCTT	AAGAAUCACUUGAACCUGGGAGGCGGAGGU	0
NM_005026.5:4184-4213	NM_005026.5	NM_005026.5.fasta	4184	4213	+	30	CCTCCGCCTCCCAGGTTCAAGTGATTCTTC	GAAGAAUCACUUGAACCUGGGAGGCGGAGG	0
NM_005026.5:4185-4214	NM_005026.5	NM_005026.5.fasta	4185	4214	+	30	CTCCGCCTCCCAGGTTCAAGTGATTCTTCT	AGAAGAAUCACUUGAACCUGGGAGGCGGAG	0
NM_005026.5:4186-4215	NM_005026.5	NM_005026.5.fasta	4186	4215	+	30	TCCGCCTCCCAGGTTCAAGTGATTCTTCTG	CAGAAGAAUCACUUGAACCUGGGAGGCGGA	0
NM_005026.5:4187-4216	NM_005026.5	NM_005026.5.fasta	4187	4216	+	30	CCGCCTCCCAGGTTCAAGTGATTCTTCTGC	GCAGAAGAAUCACUUGAACCUGGGAGGCGG	0
NM_005026.5:4188-4217	NM_005026.5	NM_005026.5.fasta	4188	4217	+	30	CGCCTCCCAGGTTCAAGTGATTCTTCTGCC	GGCAGAAGAAUCACUUGAACCUGGGAGGCG	0
NM_005026.5:4189-4218	NM_005026.5	NM_005026.5.fasta	4189	4218	+	30	GCCTCCCAGGTTCAAGTGATTCTTCTGCCT	AGGCAGAAGAAUCACUUGAACCUGGGAGGC	0
NM_005026.5:4190-4219	NM_005026.5	NM_005026.5.fasta	4190	4219	+	30	CCTCCCAGGTTCAAGTGATTCTTCTGCCTC	GAGGCAGAAGAAUCACUUGAACCUGGGAGG	0
NM_005026.5:4191-4220	NM_005026.5	NM_005026.5.fasta	4191	4220	+	30	CTCCCAGGTTCAAGTGATTCTTCTGCCTCA	UGAGGCAGAAGAAUCACUUGAACCUGGGAG	0
NM_005026.5:4192-4221	NM_005026.5	NM_005026.5.fasta	4192	4221	+	30	TCCCAGGTTCAAGTGATTCTTCTGCCTCAG	CUGAGGCAGAAGAAUCACUUGAACCUGGGA	0
NM_005026.5:4193-4222	NM_005026.5	NM_005026.5.fasta	4193	4222	+	30	CCCAGGTTCAAGTGATTCTTCTGCCTCAGC	GCUGAGGCAGAAGAAUCACUUGAACCUGGG	0
NM_005026.5:4194-4223	NM_005026.5	NM_005026.5.fasta	4194	4223	+	30	CCAGGTTCAAGTGATTCTTCTGCCTCAGCC	GGCUGAGGCAGAAGAAUCACUUGAACCUGG	0
NM_005026.5:4195-4224	NM_005026.5	NM_005026.5.fasta	4195	4224	+	30	CAGGTTCAAGTGATTCTTCTGCCTCAGCCT	AGGCUGAGGCAGAAGAAUCACUUGAACCUG	0
NM_005026.5:4196-4225	NM_005026.5	NM_005026.5.fasta	4196	4225	+	30	AGGTTCAAGTGATTCTTCTGCCTCAGCCTC	GAGGCUGAGGCAGAAGAAUCACUUGAACCU	0
NM_005026.5:4197-4226	NM_005026.5	NM_005026.5.fasta	4197	4226	+	30	GGTTCAAGTGATTCTTCTGCCTCAGCCTCC	GGAGGCUGAGGCAGAAGAAUCACUUGAACC	0
NM_005026.5:4198-4227	NM_005026.5	NM_005026.5.fasta	4198	4227	+	30	GTTCAAGTGATTCTTCTGCCTCAGCCTCCT	AGGAGGCUGAGGCAGAAGAAUCACUUGAAC	0
NM_005026.5:4199-4228	NM_005026.5	NM_005026.5.fasta	4199	4228	+	30	TTCAAGTGATTCTTCTGCCTCAGCCTCCTG	CAGGAGGCUGAGGCAGAAGAAUCACUUGAA	0
NM_005026.5:4200-4229	NM_005026.5	NM_005026.5.fasta	4200	4229	+	30	TCAAGTGATTCTTCTGCCTCAGCCTCCTGA	UCAGGAGGCUGAGGCAGAAGAAUCACUUGA	0
NM_005026.5:4201-4230	NM_005026.5	NM_005026.5.fasta	4201	4230	+	30	CAAGTGATTCTTCTGCCTCAGCCTCCTGAG	CUCAGGAGGCUGAGGCAGAAGAAUCACUUG	0
NM_005026.5:4202-4231	NM_005026.5	NM_005026.5.fasta	4202	4231	+	30	AAGTGATTCTTCTGCCTCAGCCTCCTGAGT	ACUCAGGAGGCUGAGGCAGAAGAAUCACUU	0
NM_005026.5:4203-4232	NM_005026.5	NM_005026.5.fasta	4203	4232	+	30	AGTGATTCTTCTGCCTCAGCCTCCTGAGTA	UACUCAGGAGGCUGAGGCAGAAGAAUCACU	0
NM_005026.5:4204-4233	NM_005026.5	NM_005026.5.fasta	4204	4233	+	30	GTGATTCTTCTGCCTCAGCCTCCTGAGTAG	CUACUCAGGAGGCUGAGGCAGAAGAAUCAC	0
NM_005026.5:4205-4234	NM_005026.5	NM_005026.5.fasta	4205	4234	+	30	TGATTCTTCTGCCTCAGCCTCCTGAGTAGC	GCUACUCAGGAGGCUGAGGCAGAAGAAUCA	0
NM_005026.5:4206-4235	NM_005026.5	NM_005026.5.fasta	4206	4235	+	30	GATTCTTCTGCCTCAGCCTCCTGAGTAGCT	AGCUACUCAGGAGGCUGAGGCAGAAGAAUC	0
NM_005026.5:4207-4236	NM_005026.5	NM_005026.5.fasta	4207	4236	+	30	ATTCTTCTGCCTCAGCCTCCTGAGTAGCTG	CAGCUACUCAGGAGGCUGAGGCAGAAGAAU	0
NM_005026.5:4208-4237	NM_005026.5	NM_005026.5.fasta	4208	4237	+	30	TTCTTCTGCCTCAGCCTCCTGAGTAGCTGG	CCAGCUACUCAGGAGGCUGAGGCAGAAGAA	0
NM_005026.5:4209-4238	NM_005026.5	NM_005026.5.fasta	4209	4238	+	30	TCTTCTGCCTCAGCCTCCTGAGTAGCTGGG	CCCAGCUACUCAGGAGGCUGAGGCAGAAGA	0
NM_005026.5:4210-4239	NM_005026.5	NM_005026.5.fasta	4210	4239	+	30	CTTCTGCCTCAGCCTCCTGAGTAGCTGGGA	UCCCAGCUACUCAGGAGGCUGAGGCAGAAG	0
NM_005026.5:4211-4240	NM_005026.5	NM_005026.5.fasta	4211	4240	+	30	TTCTGCCTCAGCCTCCTGAGTAGCTGGGAT	AUCCCAGCUACUCAGGAGGCUGAGGCAGAA	0
NM_005026.5:4212-4241	NM_005026.5	NM_005026.5.fasta	4212	4241	+	30	TCTGCCTCAGCCTCCTGAGTAGCTGGGATT	AAUCCCAGCUACUCAGGAGGCUGAGGCAGA	0
NM_005026.5:4213-4242	NM_005026.5	NM_005026.5.fasta	4213	4242	+	30	CTGCCTCAGCCTCCTGAGTAGCTGGGATTA	UAAUCCCAGCUACUCAGGAGGCUGAGGCAG	0
NM_005026.5:4214-4243	NM_005026.5	NM_005026.5.fasta	4214	4243	+	30	TGCCTCAGCCTCCTGAGTAGCTGGGATTAC	GUAAUCCCAGCUACUCAGGAGGCUGAGGCA	0
NM_005026.5:4215-4244	NM_005026.5	NM_005026.5.fasta	4215	4244	+	30	GCCTCAGCCTCCTGAGTAGCTGGGATTACA	UGUAAUCCCAGCUACUCAGGAGGCUGAGGC	0
NM_005026.5:4216-4245	NM_005026.5	NM_005026.5.fasta	4216	4245	+	30	CCTCAGCCTCCTGAGTAGCTGGGATTACAG	CUGUAAUCCCAGCUACUCAGGAGGCUGAGG	0
NM_005026.5:4217-4246	NM_005026.5	NM_005026.5.fasta	4217	4246	+	30	CTCAGCCTCCTGAGTAGCTGGGATTACAGG	CCUGUAAUCCCAGCUACUCAGGAGGCUGAG	0
NM_005026.5:4218-4247	NM_005026.5	NM_005026.5.fasta	4218	4247	+	30	TCAGCCTCCTGAGTAGCTGGGATTACAGGT	ACCUGUAAUCCCAGCUACUCAGGAGGCUGA	0
NM_005026.5:4219-4248	NM_005026.5	NM_005026.5.fasta	4219	4248	+	30	CAGCCTCCTGAGTAGCTGGGATTACAGGTG	CACCUGUAAUCCCAGCUACUCAGGAGGCUG	0
NM_005026.5:4220-4249	NM_005026.5	NM_005026.5.fasta	4220	4249	+	30	AGCCTCCTGAGTAGCTGGGATTACAGGTGT	ACACCUGUAAUCCCAGCUACUCAGGAGGCU	0
NM_005026.5:4221-4250	NM_005026.5	NM_005026.5.fasta	4221	4250	+	30	GCCTCCTGAGTAGCTGGGATTACAGGTGTG	CACACCUGUAAUCCCAGCUACUCAGGAGGC	0
NM_005026.5:4222-4251	NM_005026.5	NM_005026.5.fasta	4222	4251	+	30	CCTCCTGAGTAGCTGGGATTACAGGTGTGC	GCACACCUGUAAUCCCAGCUACUCAGGAGG	0
NM_005026.5:4223-4252	NM_005026.5	NM_005026.5.fasta	4223	4252	+	30	CTCCTGAGTAGCTGGGATTACAGGTGTGCA	UGCACACCUGUAAUCCCAGCUACUCAGGAG	0
NM_005026.5:4224-4253	NM_005026.5	NM_005026.5.fasta	4224	4253	+	30	TCCTGAGTAGCTGGGATTACAGGTGTGCAC	GUGCACACCUGUAAUCCCAGCUACUCAGGA	0
NM_005026.5:4225-4254	NM_005026.5	NM_005026.5.fasta	4225	4254	+	30	CCTGAGTAGCTGGGATTACAGGTGTGCACC	GGUGCACACCUGUAAUCCCAGCUACUCAGG	0
NM_005026.5:4226-4255	NM_005026.5	NM_005026.5.fasta	4226	4255	+	30	CTGAGTAGCTGGGATTACAGGTGTGCACCA	UGGUGCACACCUGUAAUCCCAGCUACUCAG	0
NM_005026.5:4227-4256	NM_005026.5	NM_005026.5.fasta	4227	4256	+	30	TGAGTAGCTGGGATTACAGGTGTGCACCAC	GUGGUGCACACCUGUAAUCCCAGCUACUCA	0
NM_005026.5:4228-4257	NM_005026.5	NM_005026.5.fasta	4228	4257	+	30	GAGTAGCTGGGATTACAGGTGTGCACCACC	GGUGGUGCACACCUGUAAUCCCAGCUACUC	0
NM_005026.5:4229-4258	NM_005026.5	NM_005026.5.fasta	4229	4258	+	30	AGTAGCTGGGATTACAGGTGTGCACCACCG	CGGUGGUGCACACCUGUAAUCCCAGCUACU	0
NM_005026.5:4230-4259	NM_005026.5	NM_005026.5.fasta	4230	4259	+	30	GTAGCTGGGATTACAGGTGTGCACCACCGT	ACGGUGGUGCACACCUGUAAUCCCAGCUAC	0
NM_005026.5:4231-4260	NM_005026.5	NM_005026.5.fasta	4231	4260	+	30	TAGCTGGGATTACAGGTGTGCACCACCGTA	UACGGUGGUGCACACCUGUAAUCCCAGCUA	0
NM_005026.5:4232-4261	NM_005026.5	NM_005026.5.fasta	4232	4261	+	30	AGCTGGGATTACAGGTGTGCACCACCGTAC	GUACGGUGGUGCACACCUGUAAUCCCAGCU	0
NM_005026.5:4233-4262	NM_005026.5	NM_005026.5.fasta	4233	4262	+	30	GCTGGGATTACAGGTGTGCACCACCGTACC	GGUACGGUGGUGCACACCUGUAAUCCCAGC	0
NM_005026.5:4234-4263	NM_005026.5	NM_005026.5.fasta	4234	4263	+	30	CTGGGATTACAGGTGTGCACCACCGTACCC	GGGUACGGUGGUGCACACCUGUAAUCCCAG	0
NM_005026.5:4235-4264	NM_005026.5	NM_005026.5.fasta	4235	4264	+	30	TGGGATTACAGGTGTGCACCACCGTACCCA	UGGGUACGGUGGUGCACACCUGUAAUCCCA	0
NM_005026.5:4236-4265	NM_005026.5	NM_005026.5.fasta	4236	4265	+	30	GGGATTACAGGTGTGCACCACCGTACCCAG	CUGGGUACGGUGGUGCACACCUGUAAUCCC	0
NM_005026.5:4237-4266	NM_005026.5	NM_005026.5.fasta	4237	4266	+	30	GGATTACAGGTGTGCACCACCGTACCCAGC	GCUGGGUACGGUGGUGCACACCUGUAAUCC	0
NM_005026.5:4238-4267	NM_005026.5	NM_005026.5.fasta	4238	4267	+	30	GATTACAGGTGTGCACCACCGTACCCAGCT	AGCUGGGUACGGUGGUGCACACCUGUAAUC	0
NM_005026.5:4239-4268	NM_005026.5	NM_005026.5.fasta	4239	4268	+	30	ATTACAGGTGTGCACCACCGTACCCAGCTA	UAGCUGGGUACGGUGGUGCACACCUGUAAU	0
NM_005026.5:4240-4269	NM_005026.5	NM_005026.5.fasta	4240	4269	+	30	TTACAGGTGTGCACCACCGTACCCAGCTAA	UUAGCUGGGUACGGUGGUGCACACCUGUAA	0
NM_005026.5:4241-4270	NM_005026.5	NM_005026.5.fasta	4241	4270	+	30	TACAGGTGTGCACCACCGTACCCAGCTAAT	AUUAGCUGGGUACGGUGGUGCACACCUGUA	0
NM_005026.5:4242-4271	NM_005026.5	NM_005026.5.fasta	4242	4271	+	30	ACAGGTGTGCACCACCGTACCCAGCTAATT	AAUUAGCUGGGUACGGUGGUGCACACCUGU	0
NM_005026.5:4243-4272	NM_005026.5	NM_005026.5.fasta	4243	4272	+	30	CAGGTGTGCACCACCGTACCCAGCTAATTT	AAAUUAGCUGGGUACGGUGGUGCACACCUG	0
NM_005026.5:4244-4273	NM_005026.5	NM_005026.5.fasta	4244	4273	+	30	AGGTGTGCACCACCGTACCCAGCTAATTTT	AAAAUUAGCUGGGUACGGUGGUGCACACCU	0
NM_005026.5:4245-4274	NM_005026.5	NM_005026.5.fasta	4245	4274	+	30	GGTGTGCACCACCGTACCCAGCTAATTTTT	AAAAAUUAGCUGGGUACGGUGGUGCACACC	0
NM_005026.5:4246-4275	NM_005026.5	NM_005026.5.fasta	4246	4275	+	30	GTGTGCACCACCGTACCCAGCTAATTTTTG	CAAAAAUUAGCUGGGUACGGUGGUGCACAC	0
NM_005026.5:4247-4276	NM_005026.5	NM_005026.5.fasta	4247	4276	+	30	TGTGCACCACCGTACCCAGCTAATTTTTGT	ACAAAAAUUAGCUGGGUACGGUGGUGCACA	0
NM_005026.5:4248-4277	NM_005026.5	NM_005026.5.fasta	4248	4277	+	30	GTGCACCACCGTACCCAGCTAATTTTTGTA	UACAAAAAUUAGCUGGGUACGGUGGUGCAC	0
NM_005026.5:4249-4278	NM_005026.5	NM_005026.5.fasta	4249	4278	+	30	TGCACCACCGTACCCAGCTAATTTTTGTAT	AUACAAAAAUUAGCUGGGUACGGUGGUGCA	0
NM_005026.5:4250-4279	NM_005026.5	NM_005026.5.fasta	4250	4279	+	30	GCACCACCGTACCCAGCTAATTTTTGTATT	AAUACAAAAAUUAGCUGGGUACGGUGGUGC	0
NM_005026.5:4251-4280	NM_005026.5	NM_005026.5.fasta	4251	4280	+	30	CACCACCGTACCCAGCTAATTTTTGTATTT	AAAUACAAAAAUUAGCUGGGUACGGUGGUG	0
NM_005026.5:4252-4281	NM_005026.5	NM_005026.5.fasta	4252	4281	+	30	ACCACCGTACCCAGCTAATTTTTGTATTTT	AAAAUACAAAAAUUAGCUGGGUACGGUGGU	0
NM_005026.5:4253-4282	NM_005026.5	NM_005026.5.fasta	4253	4282	+	30	CCACCGTACCCAGCTAATTTTTGTATTTTA	UAAAAUACAAAAAUUAGCUGGGUACGGUGG	0
NM_005026.5:4254-4283	NM_005026.5	NM_005026.5.fasta	4254	4283	+	30	CACCGTACCCAGCTAATTTTTGTATTTTAG	CUAAAAUACAAAAAUUAGCUGGGUACGGUG	0
NM_005026.5:4255-4284	NM_005026.5	NM_005026.5.fasta	4255	4284	+	30	ACCGTACCCAGCTAATTTTTGTATTTTAGT	ACUAAAAUACAAAAAUUAGCUGGGUACGGU	0
NM_005026.5:4256-4285	NM_005026.5	NM_005026.5.fasta	4256	4285	+	30	CCGTACCCAGCTAATTTTTGTATTTTAGTA	UACUAAAAUACAAAAAUUAGCUGGGUACGG	0
NM_005026.5:4257-4286	NM_005026.5	NM_005026.5.fasta	4257	4286	+	30	CGTACCCAGCTAATTTTTGTATTTTAGTAG	CUACUAAAAUACAAAAAUUAGCUGGGUACG	0
NM_005026.5:4258-4287	NM_005026.5	NM_005026.5.fasta	4258	4287	+	30	GTACCCAGCTAATTTTTGTATTTTAGTAGA	UCUACUAAAAUACAAAAAUUAGCUGGGUAC	0
NM_005026.5:4259-4288	NM_005026.5	NM_005026.5.fasta	4259	4288	+	30	TACCCAGCTAATTTTTGTATTTTAGTAGAG	CUCUACUAAAAUACAAAAAUUAGCUGGGUA	0
NM_005026.5:4260-4289	NM_005026.5	NM_005026.5.fasta	4260	4289	+	30	ACCCAGCTAATTTTTGTATTTTAGTAGAGA	UCUCUACUAAAAUACAAAAAUUAGCUGGGU	0
NM_005026.5:4261-4290	NM_005026.5	NM_005026.5.fasta	4261	4290	+	30	CCCAGCTAATTTTTGTATTTTAGTAGAGAC	GUCUCUACUAAAAUACAAAAAUUAGCUGGG	0
NM_005026.5:4262-4291	NM_005026.5	NM_005026.5.fasta	4262	4291	+	30	CCAGCTAATTTTTGTATTTTAGTAGAGACG	CGUCUCUACUAAAAUACAAAAAUUAGCUGG	0
NM_005026.5:4263-4292	NM_005026.5	NM_005026.5.fasta	4263	4292	+	30	CAGCTAATTTTTGTATTTTAGTAGAGACGG	CCGUCUCUACUAAAAUACAAAAAUUAGCUG	0
NM_005026.5:4264-4293	NM_005026.5	NM_005026.5.fasta	4264	4293	+	30	AGCTAATTTTTGTATTTTAGTAGAGACGGG	CCCGUCUCUACUAAAAUACAAAAAUUAGCU	0
NM_005026.5:4265-4294	NM_005026.5	NM_005026.5.fasta	4265	4294	+	30	GCTAATTTTTGTATTTTAGTAGAGACGGGG	CCCCGUCUCUACUAAAAUACAAAAAUUAGC	0
NM_005026.5:4266-4295	NM_005026.5	NM_005026.5.fasta	4266	4295	+	30	CTAATTTTTGTATTTTAGTAGAGACGGGGG	CCCCCGUCUCUACUAAAAUACAAAAAUUAG	0
NM_005026.5:4267-4296	NM_005026.5	NM_005026.5.fasta	4267	4296	+	30	TAATTTTTGTATTTTAGTAGAGACGGGGGT	ACCCCCGUCUCUACUAAAAUACAAAAAUUA	0
NM_005026.5:4268-4297	NM_005026.5	NM_005026.5.fasta	4268	4297	+	30	AATTTTTGTATTTTAGTAGAGACGGGGGTT	AACCCCCGUCUCUACUAAAAUACAAAAAUU	0
NM_005026.5:4269-4298	NM_005026.5	NM_005026.5.fasta	4269	4298	+	30	ATTTTTGTATTTTAGTAGAGACGGGGGTTT	AAACCCCCGUCUCUACUAAAAUACAAAAAU	0
NM_005026.5:4270-4299	NM_005026.5	NM_005026.5.fasta	4270	4299	+	30	TTTTTGTATTTTAGTAGAGACGGGGGTTTC	GAAACCCCCGUCUCUACUAAAAUACAAAAA	0
NM_005026.5:4271-4300	NM_005026.5	NM_005026.5.fasta	4271	4300	+	30	TTTTGTATTTTAGTAGAGACGGGGGTTTCA	UGAAACCCCCGUCUCUACUAAAAUACAAAA	0
NM_005026.5:4272-4301	NM_005026.5	NM_005026.5.fasta	4272	4301	+	30	TTTGTATTTTAGTAGAGACGGGGGTTTCAC	GUGAAACCCCCGUCUCUACUAAAAUACAAA	0
NM_005026.5:4273-4302	NM_005026.5	NM_005026.5.fasta	4273	4302	+	30	TTGTATTTTAGTAGAGACGGGGGTTTCACC	GGUGAAACCCCCGUCUCUACUAAAAUACAA	0
NM_005026.5:4274-4303	NM_005026.5	NM_005026.5.fasta	4274	4303	+	30	TGTATTTTAGTAGAGACGGGGGTTTCACCA	UGGUGAAACCCCCGUCUCUACUAAAAUACA	0
NM_005026.5:4275-4304	NM_005026.5	NM_005026.5.fasta	4275	4304	+	30	GTATTTTAGTAGAGACGGGGGTTTCACCAT	AUGGUGAAACCCCCGUCUCUACUAAAAUAC	0
NM_005026.5:4276-4305	NM_005026.5	NM_005026.5.fasta	4276	4305	+	30	TATTTTAGTAGAGACGGGGGTTTCACCATG	CAUGGUGAAACCCCCGUCUCUACUAAAAUA	0
NM_005026.5:4277-4306	NM_005026.5	NM_005026.5.fasta	4277	4306	+	30	ATTTTAGTAGAGACGGGGGTTTCACCATGT	ACAUGGUGAAACCCCCGUCUCUACUAAAAU	0
NM_005026.5:4278-4307	NM_005026.5	NM_005026.5.fasta	4278	4307	+	30	TTTTAGTAGAGACGGGGGTTTCACCATGTT	AACAUGGUGAAACCCCCGUCUCUACUAAAA	0
NM_005026.5:4279-4308	NM_005026.5	NM_005026.5.fasta	4279	4308	+	30	TTTAGTAGAGACGGGGGTTTCACCATGTTG	CAACAUGGUGAAACCCCCGUCUCUACUAAA	0
NM_005026.5:4280-4309	NM_005026.5	NM_005026.5.fasta	4280	4309	+	30	TTAGTAGAGACGGGGGTTTCACCATGTTGG	CCAACAUGGUGAAACCCCCGUCUCUACUAA	0
NM_005026.5:4281-4310	NM_005026.5	NM_005026.5.fasta	4281	4310	+	30	TAGTAGAGACGGGGGTTTCACCATGTTGGC	GCCAACAUGGUGAAACCCCCGUCUCUACUA	0
NM_005026.5:4282-4311	NM_005026.5	NM_005026.5.fasta	4282	4311	+	30	AGTAGAGACGGGGGTTTCACCATGTTGGCT	AGCCAACAUGGUGAAACCCCCGUCUCUACU	0
NM_005026.5:4283-4312	NM_005026.5	NM_005026.5.fasta	4283	4312	+	30	GTAGAGACGGGGGTTTCACCATGTTGGCTG	CAGCCAACAUGGUGAAACCCCCGUCUCUAC	0
NM_005026.5:4284-4313	NM_005026.5	NM_005026.5.fasta	4284	4313	+	30	TAGAGACGGGGGTTTCACCATGTTGGCTGG	CCAGCCAACAUGGUGAAACCCCCGUCUCUA	0
NM_005026.5:4285-4314	NM_005026.5	NM_005026.5.fasta	4285	4314	+	30	AGAGACGGGGGTTTCACCATGTTGGCTGGG	CCCAGCCAACAUGGUGAAACCCCCGUCUCU	0
NM_005026.5:4286-4315	NM_005026.5	NM_005026.5.fasta	4286	4315	+	30	GAGACGGGGGTTTCACCATGTTGGCTGGGC	GCCCAGCCAACAUGGUGAAACCCCCGUCUC	0
NM_005026.5:4287-4316	NM_005026.5	NM_005026.5.fasta	4287	4316	+	30	AGACGGGGGTTTCACCATGTTGGCTGGGCT	AGCCCAGCCAACAUGGUGAAACCCCCGUCU	0
NM_005026.5:4288-4317	NM_005026.5	NM_005026.5.fasta	4288	4317	+	30	GACGGGGGTTTCACCATGTTGGCTGGGCTG	CAGCCCAGCCAACAUGGUGAAACCCCCGUC	0
NM_005026.5:4289-4318	NM_005026.5	NM_005026.5.fasta	4289	4318	+	30	ACGGGGGTTTCACCATGTTGGCTGGGCTGG	CCAGCCCAGCCAACAUGGUGAAACCCCCGU	0
NM_005026.5:4290-4319	NM_005026.5	NM_005026.5.fasta	4290	4319	+	30	CGGGGGTTTCACCATGTTGGCTGGGCTGGT	ACCAGCCCAGCCAACAUGGUGAAACCCCCG	0
NM_005026.5:4291-4320	NM_005026.5	NM_005026.5.fasta	4291	4320	+	30	GGGGGTTTCACCATGTTGGCTGGGCTGGTC	GACCAGCCCAGCCAACAUGGUGAAACCCCC	0
NM_005026.5:4292-4321	NM_005026.5	NM_005026.5.fasta	4292	4321	+	30	GGGGTTTCACCATGTTGGCTGGGCTGGTCT	AGACCAGCCCAGCCAACAUGGUGAAACCCC	0
NM_005026.5:4293-4322	NM_005026.5	NM_005026.5.fasta	4293	4322	+	30	GGGTTTCACCATGTTGGCTGGGCTGGTCTC	GAGACCAGCCCAGCCAACAUGGUGAAACCC	0
NM_005026.5:4294-4323	NM_005026.5	NM_005026.5.fasta	4294	4323	+	30	GGTTTCACCATGTTGGCTGGGCTGGTCTCG	CGAGACCAGCCCAGCCAACAUGGUGAAACC	0
NM_005026.5:4295-4324	NM_005026.5	NM_005026.5.fasta	4295	4324	+	30	GTTTCACCATGTTGGCTGGGCTGGTCTCGA	UCGAGACCAGCCCAGCCAACAUGGUGAAAC	0
NM_005026.5:4296-4325	NM_005026.5	NM_005026.5.fasta	4296	4325	+	30	TTTCACCATGTTGGCTGGGCTGGTCTCGAA	UUCGAGACCAGCCCAGCCAACAUGGUGAAA	0
NM_005026.5:4297-4326	NM_005026.5	NM_005026.5.fasta	4297	4326	+	30	TTCACCATGTTGGCTGGGCTGGTCTCGAAC	GUUCGAGACCAGCCCAGCCAACAUGGUGAA	0
NM_005026.5:4298-4327	NM_005026.5	NM_005026.5.fasta	4298	4327	+	30	TCACCATGTTGGCTGGGCTGGTCTCGAACT	AGUUCGAGACCAGCCCAGCCAACAUGGUGA	0
NM_005026.5:4299-4328	NM_005026.5	NM_005026.5.fasta	4299	4328	+	30	CACCATGTTGGCTGGGCTGGTCTCGAACTC	GAGUUCGAGACCAGCCCAGCCAACAUGGUG	0
NM_005026.5:4300-4329	NM_005026.5	NM_005026.5.fasta	4300	4329	+	30	ACCATGTTGGCTGGGCTGGTCTCGAACTCC	GGAGUUCGAGACCAGCCCAGCCAACAUGGU	0
NM_005026.5:4301-4330	NM_005026.5	NM_005026.5.fasta	4301	4330	+	30	CCATGTTGGCTGGGCTGGTCTCGAACTCCT	AGGAGUUCGAGACCAGCCCAGCCAACAUGG	0
NM_005026.5:4302-4331	NM_005026.5	NM_005026.5.fasta	4302	4331	+	30	CATGTTGGCTGGGCTGGTCTCGAACTCCTG	CAGGAGUUCGAGACCAGCCCAGCCAACAUG	0
NM_005026.5:4303-4332	NM_005026.5	NM_005026.5.fasta	4303	4332	+	30	ATGTTGGCTGGGCTGGTCTCGAACTCCTGA	UCAGGAGUUCGAGACCAGCCCAGCCAACAU	0
NM_005026.5:4304-4333	NM_005026.5	NM_005026.5.fasta	4304	4333	+	30	TGTTGGCTGGGCTGGTCTCGAACTCCTGAC	GUCAGGAGUUCGAGACCAGCCCAGCCAACA	0
NM_005026.5:4305-4334	NM_005026.5	NM_005026.5.fasta	4305	4334	+	30	GTTGGCTGGGCTGGTCTCGAACTCCTGACC	GGUCAGGAGUUCGAGACCAGCCCAGCCAAC	0
NM_005026.5:4306-4335	NM_005026.5	NM_005026.5.fasta	4306	4335	+	30	TTGGCTGGGCTGGTCTCGAACTCCTGACCT	AGGUCAGGAGUUCGAGACCAGCCCAGCCAA	0
NM_005026.5:4307-4336	NM_005026.5	NM_005026.5.fasta	4307	4336	+	30	TGGCTGGGCTGGTCTCGAACTCCTGACCTC	GAGGUCAGGAGUUCGAGACCAGCCCAGCCA	0
NM_005026.5:4308-4337	NM_005026.5	NM_005026.5.fasta	4308	4337	+	30	GGCTGGGCTGGTCTCGAACTCCTGACCTCA	UGAGGUCAGGAGUUCGAGACCAGCCCAGCC	0
NM_005026.5:4309-4338	NM_005026.5	NM_005026.5.fasta	4309	4338	+	30	GCTGGGCTGGTCTCGAACTCCTGACCTCAG	CUGAGGUCAGGAGUUCGAGACCAGCCCAGC	0
NM_005026.5:4310-4339	NM_005026.5	NM_005026.5.fasta	4310	4339	+	30	CTGGGCTGGTCTCGAACTCCTGACCTCAGG	CCUGAGGUCAGGAGUUCGAGACCAGCCCAG	0
NM_005026.5:4311-4340	NM_005026.5	NM_005026.5.fasta	4311	4340	+	30	TGGGCTGGTCTCGAACTCCTGACCTCAGGT	ACCUGAGGUCAGGAGUUCGAGACCAGCCCA	0
NM_005026.5:4312-4341	NM_005026.5	NM_005026.5.fasta	4312	4341	+	30	GGGCTGGTCTCGAACTCCTGACCTCAGGTG	CACCUGAGGUCAGGAGUUCGAGACCAGCCC	0
NM_005026.5:4313-4342	NM_005026.5	NM_005026.5.fasta	4313	4342	+	30	GGCTGGTCTCGAACTCCTGACCTCAGGTGA	UCACCUGAGGUCAGGAGUUCGAGACCAGCC	0
NM_005026.5:4314-4343	NM_005026.5	NM_005026.5.fasta	4314	4343	+	30	GCTGGTCTCGAACTCCTGACCTCAGGTGAT	AUCACCUGAGGUCAGGAGUUCGAGACCAGC	0
NM_005026.5:4315-4344	NM_005026.5	NM_005026.5.fasta	4315	4344	+	30	CTGGTCTCGAACTCCTGACCTCAGGTGATC	GAUCACCUGAGGUCAGGAGUUCGAGACCAG	0
NM_005026.5:4316-4345	NM_005026.5	NM_005026.5.fasta	4316	4345	+	30	TGGTCTCGAACTCCTGACCTCAGGTGATCC	GGAUCACCUGAGGUCAGGAGUUCGAGACCA	0
NM_005026.5:4317-4346	NM_005026.5	NM_005026.5.fasta	4317	4346	+	30	GGTCTCGAACTCCTGACCTCAGGTGATCCA	UGGAUCACCUGAGGUCAGGAGUUCGAGACC	0
NM_005026.5:4318-4347	NM_005026.5	NM_005026.5.fasta	4318	4347	+	30	GTCTCGAACTCCTGACCTCAGGTGATCCAC	GUGGAUCACCUGAGGUCAGGAGUUCGAGAC	0
NM_005026.5:4319-4348	NM_005026.5	NM_005026.5.fasta	4319	4348	+	30	TCTCGAACTCCTGACCTCAGGTGATCCACC	GGUGGAUCACCUGAGGUCAGGAGUUCGAGA	0
NM_005026.5:4320-4349	NM_005026.5	NM_005026.5.fasta	4320	4349	+	30	CTCGAACTCCTGACCTCAGGTGATCCACCC	GGGUGGAUCACCUGAGGUCAGGAGUUCGAG	0
NM_005026.5:4321-4350	NM_005026.5	NM_005026.5.fasta	4321	4350	+	30	TCGAACTCCTGACCTCAGGTGATCCACCCG	CGGGUGGAUCACCUGAGGUCAGGAGUUCGA	0
NM_005026.5:4322-4351	NM_005026.5	NM_005026.5.fasta	4322	4351	+	30	CGAACTCCTGACCTCAGGTGATCCACCCGC	GCGGGUGGAUCACCUGAGGUCAGGAGUUCG	0
NM_005026.5:4323-4352	NM_005026.5	NM_005026.5.fasta	4323	4352	+	30	GAACTCCTGACCTCAGGTGATCCACCCGCC	GGCGGGUGGAUCACCUGAGGUCAGGAGUUC	0
NM_005026.5:4324-4353	NM_005026.5	NM_005026.5.fasta	4324	4353	+	30	AACTCCTGACCTCAGGTGATCCACCCGCCT	AGGCGGGUGGAUCACCUGAGGUCAGGAGUU	0
NM_005026.5:4325-4354	NM_005026.5	NM_005026.5.fasta	4325	4354	+	30	ACTCCTGACCTCAGGTGATCCACCCGCCTG	CAGGCGGGUGGAUCACCUGAGGUCAGGAGU	0
NM_005026.5:4326-4355	NM_005026.5	NM_005026.5.fasta	4326	4355	+	30	CTCCTGACCTCAGGTGATCCACCCGCCTGA	UCAGGCGGGUGGAUCACCUGAGGUCAGGAG	0
NM_005026.5:4327-4356	NM_005026.5	NM_005026.5.fasta	4327	4356	+	30	TCCTGACCTCAGGTGATCCACCCGCCTGAG	CUCAGGCGGGUGGAUCACCUGAGGUCAGGA	0
NM_005026.5:4328-4357	NM_005026.5	NM_005026.5.fasta	4328	4357	+	30	CCTGACCTCAGGTGATCCACCCGCCTGAGC	GCUCAGGCGGGUGGAUCACCUGAGGUCAGG	0
NM_005026.5:4329-4358	NM_005026.5	NM_005026.5.fasta	4329	4358	+	30	CTGACCTCAGGTGATCCACCCGCCTGAGCC	GGCUCAGGCGGGUGGAUCACCUGAGGUCAG	0
NM_005026.5:4330-4359	NM_005026.5	NM_005026.5.fasta	4330	4359	+	30	TGACCTCAGGTGATCCACCCGCCTGAGCCT	AGGCUCAGGCGGGUGGAUCACCUGAGGUCA	0
NM_005026.5:4331-4360	NM_005026.5	NM_005026.5.fasta	4331	4360	+	30	GACCTCAGGTGATCCACCCGCCTGAGCCTC	GAGGCUCAGGCGGGUGGAUCACCUGAGGUC	0
NM_005026.5:4332-4361	NM_005026.5	NM_005026.5.fasta	4332	4361	+	30	ACCTCAGGTGATCCACCCGCCTGAGCCTCC	GGAGGCUCAGGCGGGUGGAUCACCUGAGGU	0
NM_005026.5:4333-4362	NM_005026.5	NM_005026.5.fasta	4333	4362	+	30	CCTCAGGTGATCCACCCGCCTGAGCCTCCC	GGGAGGCUCAGGCGGGUGGAUCACCUGAGG	0
NM_005026.5:4334-4363	NM_005026.5	NM_005026.5.fasta	4334	4363	+	30	CTCAGGTGATCCACCCGCCTGAGCCTCCCA	UGGGAGGCUCAGGCGGGUGGAUCACCUGAG	0
NM_005026.5:4335-4364	NM_005026.5	NM_005026.5.fasta	4335	4364	+	30	TCAGGTGATCCACCCGCCTGAGCCTCCCAA	UUGGGAGGCUCAGGCGGGUGGAUCACCUGA	0
NM_005026.5:4336-4365	NM_005026.5	NM_005026.5.fasta	4336	4365	+	30	CAGGTGATCCACCCGCCTGAGCCTCCCAAA	UUUGGGAGGCUCAGGCGGGUGGAUCACCUG	0
NM_005026.5:4337-4366	NM_005026.5	NM_005026.5.fasta	4337	4366	+	30	AGGTGATCCACCCGCCTGAGCCTCCCAAAG	CUUUGGGAGGCUCAGGCGGGUGGAUCACCU	0
NM_005026.5:4338-4367	NM_005026.5	NM_005026.5.fasta	4338	4367	+	30	GGTGATCCACCCGCCTGAGCCTCCCAAAGT	ACUUUGGGAGGCUCAGGCGGGUGGAUCACC	0
NM_005026.5:4339-4368	NM_005026.5	NM_005026.5.fasta	4339	4368	+	30	GTGATCCACCCGCCTGAGCCTCCCAAAGTG	CACUUUGGGAGGCUCAGGCGGGUGGAUCAC	0
NM_005026.5:4340-4369	NM_005026.5	NM_005026.5.fasta	4340	4369	+	30	TGATCCACCCGCCTGAGCCTCCCAAAGTGC	GCACUUUGGGAGGCUCAGGCGGGUGGAUCA	0
NM_005026.5:4341-4370	NM_005026.5	NM_005026.5.fasta	4341	4370	+	30	GATCCACCCGCCTGAGCCTCCCAAAGTGCT	AGCACUUUGGGAGGCUCAGGCGGGUGGAUC	0
NM_005026.5:4342-4371	NM_005026.5	NM_005026.5.fasta	4342	4371	+	30	ATCCACCCGCCTGAGCCTCCCAAAGTGCTG	CAGCACUUUGGGAGGCUCAGGCGGGUGGAU	0
NM_005026.5:4343-4372	NM_005026.5	NM_005026.5.fasta	4343	4372	+	30	TCCACCCGCCTGAGCCTCCCAAAGTGCTGG	CCAGCACUUUGGGAGGCUCAGGCGGGUGGA	0
NM_005026.5:4344-4373	NM_005026.5	NM_005026.5.fasta	4344	4373	+	30	CCACCCGCCTGAGCCTCCCAAAGTGCTGGG	CCCAGCACUUUGGGAGGCUCAGGCGGGUGG	0
NM_005026.5:4345-4374	NM_005026.5	NM_005026.5.fasta	4345	4374	+	30	CACCCGCCTGAGCCTCCCAAAGTGCTGGGA	UCCCAGCACUUUGGGAGGCUCAGGCGGGUG	0
NM_005026.5:4346-4375	NM_005026.5	NM_005026.5.fasta	4346	4375	+	30	ACCCGCCTGAGCCTCCCAAAGTGCTGGGAT	AUCCCAGCACUUUGGGAGGCUCAGGCGGGU	0
NM_005026.5:4347-4376	NM_005026.5	NM_005026.5.fasta	4347	4376	+	30	CCCGCCTGAGCCTCCCAAAGTGCTGGGATT	AAUCCCAGCACUUUGGGAGGCUCAGGCGGG	0
NM_005026.5:4348-4377	NM_005026.5	NM_005026.5.fasta	4348	4377	+	30	CCGCCTGAGCCTCCCAAAGTGCTGGGATTA	UAAUCCCAGCACUUUGGGAGGCUCAGGCGG	0
NM_005026.5:4349-4378	NM_005026.5	NM_005026.5.fasta	4349	4378	+	30	CGCCTGAGCCTCCCAAAGTGCTGGGATTAC	GUAAUCCCAGCACUUUGGGAGGCUCAGGCG	0
NM_005026.5:4350-4379	NM_005026.5	NM_005026.5.fasta	4350	4379	+	30	GCCTGAGCCTCCCAAAGTGCTGGGATTACA	UGUAAUCCCAGCACUUUGGGAGGCUCAGGC	0
NM_005026.5:4351-4380	NM_005026.5	NM_005026.5.fasta	4351	4380	+	30	CCTGAGCCTCCCAAAGTGCTGGGATTACAG	CUGUAAUCCCAGCACUUUGGGAGGCUCAGG	0
NM_005026.5:4352-4381	NM_005026.5	NM_005026.5.fasta	4352	4381	+	30	CTGAGCCTCCCAAAGTGCTGGGATTACAGG	CCUGUAAUCCCAGCACUUUGGGAGGCUCAG	0
NM_005026.5:4353-4382	NM_005026.5	NM_005026.5.fasta	4353	4382	+	30	TGAGCCTCCCAAAGTGCTGGGATTACAGGC	GCCUGUAAUCCCAGCACUUUGGGAGGCUCA	0
NM_005026.5:4354-4383	NM_005026.5	NM_005026.5.fasta	4354	4383	+	30	GAGCCTCCCAAAGTGCTGGGATTACAGGCA	UGCCUGUAAUCCCAGCACUUUGGGAGGCUC	0
NM_005026.5:4355-4384	NM_005026.5	NM_005026.5.fasta	4355	4384	+	30	AGCCTCCCAAAGTGCTGGGATTACAGGCAT	AUGCCUGUAAUCCCAGCACUUUGGGAGGCU	0
NM_005026.5:4356-4385	NM_005026.5	NM_005026.5.fasta	4356	4385	+	30	GCCTCCCAAAGTGCTGGGATTACAGGCATG	CAUGCCUGUAAUCCCAGCACUUUGGGAGGC	0
NM_005026.5:4357-4386	NM_005026.5	NM_005026.5.fasta	4357	4386	+	30	CCTCCCAAAGTGCTGGGATTACAGGCATGA	UCAUGCCUGUAAUCCCAGCACUUUGGGAGG	0
NM_005026.5:4358-4387	NM_005026.5	NM_005026.5.fasta	4358	4387	+	30	CTCCCAAAGTGCTGGGATTACAGGCATGAG	CUCAUGCCUGUAAUCCCAGCACUUUGGGAG	0
NM_005026.5:4359-4388	NM_005026.5	NM_005026.5.fasta	4359	4388	+	30	TCCCAAAGTGCTGGGATTACAGGCATGAGC	GCUCAUGCCUGUAAUCCCAGCACUUUGGGA	0
NM_005026.5:4360-4389	NM_005026.5	NM_005026.5.fasta	4360	4389	+	30	CCCAAAGTGCTGGGATTACAGGCATGAGCC	GGCUCAUGCCUGUAAUCCCAGCACUUUGGG	0
NM_005026.5:4361-4390	NM_005026.5	NM_005026.5.fasta	4361	4390	+	30	CCAAAGTGCTGGGATTACAGGCATGAGCCA	UGGCUCAUGCCUGUAAUCCCAGCACUUUGG	0
NM_005026.5:4362-4391	NM_005026.5	NM_005026.5.fasta	4362	4391	+	30	CAAAGTGCTGGGATTACAGGCATGAGCCAC	GUGGCUCAUGCCUGUAAUCCCAGCACUUUG	0
NM_005026.5:4363-4392	NM_005026.5	NM_005026.5.fasta	4363	4392	+	30	AAAGTGCTGGGATTACAGGCATGAGCCACC	GGUGGCUCAUGCCUGUAAUCCCAGCACUUU	0
NM_005026.5:4364-4393	NM_005026.5	NM_005026.5.fasta	4364	4393	+	30	AAGTGCTGGGATTACAGGCATGAGCCACCG	CGGUGGCUCAUGCCUGUAAUCCCAGCACUU	0
NM_005026.5:4365-4394	NM_005026.5	NM_005026.5.fasta	4365	4394	+	30	AGTGCTGGGATTACAGGCATGAGCCACCGC	GCGGUGGCUCAUGCCUGUAAUCCCAGCACU	0
NM_005026.5:4366-4395	NM_005026.5	NM_005026.5.fasta	4366	4395	+	30	GTGCTGGGATTACAGGCATGAGCCACCGCG	CGCGGUGGCUCAUGCCUGUAAUCCCAGCAC	0
NM_005026.5:4367-4396	NM_005026.5	NM_005026.5.fasta	4367	4396	+	30	TGCTGGGATTACAGGCATGAGCCACCGCGC	GCGCGGUGGCUCAUGCCUGUAAUCCCAGCA	0
NM_005026.5:4368-4397	NM_005026.5	NM_005026.5.fasta	4368	4397	+	30	GCTGGGATTACAGGCATGAGCCACCGCGCC	GGCGCGGUGGCUCAUGCCUGUAAUCCCAGC	0
NM_005026.5:4369-4398	NM_005026.5	NM_005026.5.fasta	4369	4398	+	30	CTGGGATTACAGGCATGAGCCACCGCGCCC	GGGCGCGGUGGCUCAUGCCUGUAAUCCCAG	0
NM_005026.5:4370-4399	NM_005026.5	NM_005026.5.fasta	4370	4399	+	30	TGGGATTACAGGCATGAGCCACCGCGCCCG	CGGGCGCGGUGGCUCAUGCCUGUAAUCCCA	0
NM_005026.5:4371-4400	NM_005026.5	NM_005026.5.fasta	4371	4400	+	30	GGGATTACAGGCATGAGCCACCGCGCCCGG	CCGGGCGCGGUGGCUCAUGCCUGUAAUCCC	0
NM_005026.5:4372-4401	NM_005026.5	NM_005026.5.fasta	4372	4401	+	30	GGATTACAGGCATGAGCCACCGCGCCCGGC	GCCGGGCGCGGUGGCUCAUGCCUGUAAUCC	0
NM_005026.5:4373-4402	NM_005026.5	NM_005026.5.fasta	4373	4402	+	30	GATTACAGGCATGAGCCACCGCGCCCGGCC	GGCCGGGCGCGGUGGCUCAUGCCUGUAAUC	0
NM_005026.5:4374-4403	NM_005026.5	NM_005026.5.fasta	4374	4403	+	30	ATTACAGGCATGAGCCACCGCGCCCGGCCC	GGGCCGGGCGCGGUGGCUCAUGCCUGUAAU	0
NM_005026.5:4375-4404	NM_005026.5	NM_005026.5.fasta	4375	4404	+	30	TTACAGGCATGAGCCACCGCGCCCGGCCCA	UGGGCCGGGCGCGGUGGCUCAUGCCUGUAA	0
NM_005026.5:4376-4405	NM_005026.5	NM_005026.5.fasta	4376	4405	+	30	TACAGGCATGAGCCACCGCGCCCGGCCCAC	GUGGGCCGGGCGCGGUGGCUCAUGCCUGUA	0
NM_005026.5:4377-4406	NM_005026.5	NM_005026.5.fasta	4377	4406	+	30	ACAGGCATGAGCCACCGCGCCCGGCCCACT	AGUGGGCCGGGCGCGGUGGCUCAUGCCUGU	0
NM_005026.5:4378-4407	NM_005026.5	NM_005026.5.fasta	4378	4407	+	30	CAGGCATGAGCCACCGCGCCCGGCCCACTC	GAGUGGGCCGGGCGCGGUGGCUCAUGCCUG	0
NM_005026.5:4379-4408	NM_005026.5	NM_005026.5.fasta	4379	4408	+	30	AGGCATGAGCCACCGCGCCCGGCCCACTCT	AGAGUGGGCCGGGCGCGGUGGCUCAUGCCU	0
NM_005026.5:4380-4409	NM_005026.5	NM_005026.5.fasta	4380	4409	+	30	GGCATGAGCCACCGCGCCCGGCCCACTCTG	CAGAGUGGGCCGGGCGCGGUGGCUCAUGCC	0
NM_005026.5:4381-4410	NM_005026.5	NM_005026.5.fasta	4381	4410	+	30	GCATGAGCCACCGCGCCCGGCCCACTCTGC	GCAGAGUGGGCCGGGCGCGGUGGCUCAUGC	0
NM_005026.5:4382-4411	NM_005026.5	NM_005026.5.fasta	4382	4411	+	30	CATGAGCCACCGCGCCCGGCCCACTCTGCC	GGCAGAGUGGGCCGGGCGCGGUGGCUCAUG	0
NM_005026.5:4383-4412	NM_005026.5	NM_005026.5.fasta	4383	4412	+	30	ATGAGCCACCGCGCCCGGCCCACTCTGCCA	UGGCAGAGUGGGCCGGGCGCGGUGGCUCAU	0
NM_005026.5:4384-4413	NM_005026.5	NM_005026.5.fasta	4384	4413	+	30	TGAGCCACCGCGCCCGGCCCACTCTGCCAT	AUGGCAGAGUGGGCCGGGCGCGGUGGCUCA	0
NM_005026.5:4385-4414	NM_005026.5	NM_005026.5.fasta	4385	4414	+	30	GAGCCACCGCGCCCGGCCCACTCTGCCATT	AAUGGCAGAGUGGGCCGGGCGCGGUGGCUC	0
NM_005026.5:4386-4415	NM_005026.5	NM_005026.5.fasta	4386	4415	+	30	AGCCACCGCGCCCGGCCCACTCTGCCATTG	CAAUGGCAGAGUGGGCCGGGCGCGGUGGCU	0
NM_005026.5:4387-4416	NM_005026.5	NM_005026.5.fasta	4387	4416	+	30	GCCACCGCGCCCGGCCCACTCTGCCATTGT	ACAAUGGCAGAGUGGGCCGGGCGCGGUGGC	0
NM_005026.5:4388-4417	NM_005026.5	NM_005026.5.fasta	4388	4417	+	30	CCACCGCGCCCGGCCCACTCTGCCATTGTC	GACAAUGGCAGAGUGGGCCGGGCGCGGUGG	0
NM_005026.5:4389-4418	NM_005026.5	NM_005026.5.fasta	4389	4418	+	30	CACCGCGCCCGGCCCACTCTGCCATTGTCT	AGACAAUGGCAGAGUGGGCCGGGCGCGGUG	0
NM_005026.5:4390-4419	NM_005026.5	NM_005026.5.fasta	4390	4419	+	30	ACCGCGCCCGGCCCACTCTGCCATTGTCTA	UAGACAAUGGCAGAGUGGGCCGGGCGCGGU	0
NM_005026.5:4391-4420	NM_005026.5	NM_005026.5.fasta	4391	4420	+	30	CCGCGCCCGGCCCACTCTGCCATTGTCTAA	UUAGACAAUGGCAGAGUGGGCCGGGCGCGG	0
NM_005026.5:4392-4421	NM_005026.5	NM_005026.5.fasta	4392	4421	+	30	CGCGCCCGGCCCACTCTGCCATTGTCTAAG	CUUAGACAAUGGCAGAGUGGGCCGGGCGCG	0
NM_005026.5:4393-4422	NM_005026.5	NM_005026.5.fasta	4393	4422	+	30	GCGCCCGGCCCACTCTGCCATTGTCTAAGC	GCUUAGACAAUGGCAGAGUGGGCCGGGCGC	0
NM_005026.5:4394-4423	NM_005026.5	NM_005026.5.fasta	4394	4423	+	30	CGCCCGGCCCACTCTGCCATTGTCTAAGCC	GGCUUAGACAAUGGCAGAGUGGGCCGGGCG	0
NM_005026.5:4395-4424	NM_005026.5	NM_005026.5.fasta	4395	4424	+	30	GCCCGGCCCACTCTGCCATTGTCTAAGCCA	UGGCUUAGACAAUGGCAGAGUGGGCCGGGC	0
NM_005026.5:4396-4425	NM_005026.5	NM_005026.5.fasta	4396	4425	+	30	CCCGGCCCACTCTGCCATTGTCTAAGCCAC	GUGGCUUAGACAAUGGCAGAGUGGGCCGGG	0
NM_005026.5:4397-4426	NM_005026.5	NM_005026.5.fasta	4397	4426	+	30	CCGGCCCACTCTGCCATTGTCTAAGCCACC	GGUGGCUUAGACAAUGGCAGAGUGGGCCGG	0
NM_005026.5:4398-4427	NM_005026.5	NM_005026.5.fasta	4398	4427	+	30	CGGCCCACTCTGCCATTGTCTAAGCCACCT	AGGUGGCUUAGACAAUGGCAGAGUGGGCCG	0
NM_005026.5:4399-4428	NM_005026.5	NM_005026.5.fasta	4399	4428	+	30	GGCCCACTCTGCCATTGTCTAAGCCACCTC	GAGGUGGCUUAGACAAUGGCAGAGUGGGCC	0
NM_005026.5:4400-4429	NM_005026.5	NM_005026.5.fasta	4400	4429	+	30	GCCCACTCTGCCATTGTCTAAGCCACCTCT	AGAGGUGGCUUAGACAAUGGCAGAGUGGGC	0
NM_005026.5:4401-4430	NM_005026.5	NM_005026.5.fasta	4401	4430	+	30	CCCACTCTGCCATTGTCTAAGCCACCTCTG	CAGAGGUGGCUUAGACAAUGGCAGAGUGGG	0
NM_005026.5:4402-4431	NM_005026.5	NM_005026.5.fasta	4402	4431	+	30	CCACTCTGCCATTGTCTAAGCCACCTCTGA	UCAGAGGUGGCUUAGACAAUGGCAGAGUGG	0
NM_005026.5:4403-4432	NM_005026.5	NM_005026.5.fasta	4403	4432	+	30	CACTCTGCCATTGTCTAAGCCACCTCTGAA	UUCAGAGGUGGCUUAGACAAUGGCAGAGUG	0
NM_005026.5:4404-4433	NM_005026.5	NM_005026.5.fasta	4404	4433	+	30	ACTCTGCCATTGTCTAAGCCACCTCTGAAA	UUUCAGAGGUGGCUUAGACAAUGGCAGAGU	0
NM_005026.5:4405-4434	NM_005026.5	NM_005026.5.fasta	4405	4434	+	30	CTCTGCCATTGTCTAAGCCACCTCTGAAAG	CUUUCAGAGGUGGCUUAGACAAUGGCAGAG	0
NM_005026.5:4406-4435	NM_005026.5	NM_005026.5.fasta	4406	4435	+	30	TCTGCCATTGTCTAAGCCACCTCTGAAAGC	GCUUUCAGAGGUGGCUUAGACAAUGGCAGA	0
NM_005026.5:4407-4436	NM_005026.5	NM_005026.5.fasta	4407	4436	+	30	CTGCCATTGTCTAAGCCACCTCTGAAAGCA	UGCUUUCAGAGGUGGCUUAGACAAUGGCAG	0
NM_005026.5:4408-4437	NM_005026.5	NM_005026.5.fasta	4408	4437	+	30	TGCCATTGTCTAAGCCACCTCTGAAAGCAG	CUGCUUUCAGAGGUGGCUUAGACAAUGGCA	0
NM_005026.5:4409-4438	NM_005026.5	NM_005026.5.fasta	4409	4438	+	30	GCCATTGTCTAAGCCACCTCTGAAAGCAGG	CCUGCUUUCAGAGGUGGCUUAGACAAUGGC	0
NM_005026.5:4410-4439	NM_005026.5	NM_005026.5.fasta	4410	4439	+	30	CCATTGTCTAAGCCACCTCTGAAAGCAGGT	ACCUGCUUUCAGAGGUGGCUUAGACAAUGG	0
NM_005026.5:4411-4440	NM_005026.5	NM_005026.5.fasta	4411	4440	+	30	CATTGTCTAAGCCACCTCTGAAAGCAGGTT	AACCUGCUUUCAGAGGUGGCUUAGACAAUG	0
NM_005026.5:4412-4441	NM_005026.5	NM_005026.5.fasta	4412	4441	+	30	ATTGTCTAAGCCACCTCTGAAAGCAGGTTT	AAACCUGCUUUCAGAGGUGGCUUAGACAAU	0
NM_005026.5:4413-4442	NM_005026.5	NM_005026.5.fasta	4413	4442	+	30	TTGTCTAAGCCACCTCTGAAAGCAGGTTTT	AAAACCUGCUUUCAGAGGUGGCUUAGACAA	0
NM_005026.5:4414-4443	NM_005026.5	NM_005026.5.fasta	4414	4443	+	30	TGTCTAAGCCACCTCTGAAAGCAGGTTTTA	UAAAACCUGCUUUCAGAGGUGGCUUAGACA	0
NM_005026.5:4415-4444	NM_005026.5	NM_005026.5.fasta	4415	4444	+	30	GTCTAAGCCACCTCTGAAAGCAGGTTTTAA	UUAAAACCUGCUUUCAGAGGUGGCUUAGAC	0
NM_005026.5:4416-4445	NM_005026.5	NM_005026.5.fasta	4416	4445	+	30	TCTAAGCCACCTCTGAAAGCAGGTTTTAAC	GUUAAAACCUGCUUUCAGAGGUGGCUUAGA	0
NM_005026.5:4417-4446	NM_005026.5	NM_005026.5.fasta	4417	4446	+	30	CTAAGCCACCTCTGAAAGCAGGTTTTAACA	UGUUAAAACCUGCUUUCAGAGGUGGCUUAG	0
NM_005026.5:4418-4447	NM_005026.5	NM_005026.5.fasta	4418	4447	+	30	TAAGCCACCTCTGAAAGCAGGTTTTAACAA	UUGUUAAAACCUGCUUUCAGAGGUGGCUUA	0
NM_005026.5:4419-4448	NM_005026.5	NM_005026.5.fasta	4419	4448	+	30	AAGCCACCTCTGAAAGCAGGTTTTAACAAA	UUUGUUAAAACCUGCUUUCAGAGGUGGCUU	0
NM_005026.5:4420-4449	NM_005026.5	NM_005026.5.fasta	4420	4449	+	30	AGCCACCTCTGAAAGCAGGTTTTAACAAAA	UUUUGUUAAAACCUGCUUUCAGAGGUGGCU	0
NM_005026.5:4421-4450	NM_005026.5	NM_005026.5.fasta	4421	4450	+	30	GCCACCTCTGAAAGCAGGTTTTAACAAAAG	CUUUUGUUAAAACCUGCUUUCAGAGGUGGC	0
NM_005026.5:4422-4451	NM_005026.5	NM_005026.5.fasta	4422	4451	+	30	CCACCTCTGAAAGCAGGTTTTAACAAAAGG	CCUUUUGUUAAAACCUGCUUUCAGAGGUGG	0
NM_005026.5:4423-4452	NM_005026.5	NM_005026.5.fasta	4423	4452	+	30	CACCTCTGAAAGCAGGTTTTAACAAAAGGA	UCCUUUUGUUAAAACCUGCUUUCAGAGGUG	0
NM_005026.5:4424-4453	NM_005026.5	NM_005026.5.fasta	4424	4453	+	30	ACCTCTGAAAGCAGGTTTTAACAAAAGGAT	AUCCUUUUGUUAAAACCUGCUUUCAGAGGU	0
NM_005026.5:4425-4454	NM_005026.5	NM_005026.5.fasta	4425	4454	+	30	CCTCTGAAAGCAGGTTTTAACAAAAGGATG	CAUCCUUUUGUUAAAACCUGCUUUCAGAGG	0
NM_005026.5:4426-4455	NM_005026.5	NM_005026.5.fasta	4426	4455	+	30	CTCTGAAAGCAGGTTTTAACAAAAGGATGA	UCAUCCUUUUGUUAAAACCUGCUUUCAGAG	0
NM_005026.5:4427-4456	NM_005026.5	NM_005026.5.fasta	4427	4456	+	30	TCTGAAAGCAGGTTTTAACAAAAGGATGAG	CUCAUCCUUUUGUUAAAACCUGCUUUCAGA	0
NM_005026.5:4428-4457	NM_005026.5	NM_005026.5.fasta	4428	4457	+	30	CTGAAAGCAGGTTTTAACAAAAGGATGAGG	CCUCAUCCUUUUGUUAAAACCUGCUUUCAG	0
NM_005026.5:4429-4458	NM_005026.5	NM_005026.5.fasta	4429	4458	+	30	TGAAAGCAGGTTTTAACAAAAGGATGAGGC	GCCUCAUCCUUUUGUUAAAACCUGCUUUCA	0
NM_005026.5:4430-4459	NM_005026.5	NM_005026.5.fasta	4430	4459	+	30	GAAAGCAGGTTTTAACAAAAGGATGAGGCC	GGCCUCAUCCUUUUGUUAAAACCUGCUUUC	0
NM_005026.5:4431-4460	NM_005026.5	NM_005026.5.fasta	4431	4460	+	30	AAAGCAGGTTTTAACAAAAGGATGAGGCCA	UGGCCUCAUCCUUUUGUUAAAACCUGCUUU	0
NM_005026.5:4432-4461	NM_005026.5	NM_005026.5.fasta	4432	4461	+	30	AAGCAGGTTTTAACAAAAGGATGAGGCCAG	CUGGCCUCAUCCUUUUGUUAAAACCUGCUU	0
NM_005026.5:4433-4462	NM_005026.5	NM_005026.5.fasta	4433	4462	+	30	AGCAGGTTTTAACAAAAGGATGAGGCCAGA	UCUGGCCUCAUCCUUUUGUUAAAACCUGCU	0
NM_005026.5:4434-4463	NM_005026.5	NM_005026.5.fasta	4434	4463	+	30	GCAGGTTTTAACAAAAGGATGAGGCCAGAA	UUCUGGCCUCAUCCUUUUGUUAAAACCUGC	0
NM_005026.5:4435-4464	NM_005026.5	NM_005026.5.fasta	4435	4464	+	30	CAGGTTTTAACAAAAGGATGAGGCCAGAAC	GUUCUGGCCUCAUCCUUUUGUUAAAACCUG	0
NM_005026.5:4436-4465	NM_005026.5	NM_005026.5.fasta	4436	4465	+	30	AGGTTTTAACAAAAGGATGAGGCCAGAACT	AGUUCUGGCCUCAUCCUUUUGUUAAAACCU	0
NM_005026.5:4437-4466	NM_005026.5	NM_005026.5.fasta	4437	4466	+	30	GGTTTTAACAAAAGGATGAGGCCAGAACTC	GAGUUCUGGCCUCAUCCUUUUGUUAAAACC	0
NM_005026.5:4438-4467	NM_005026.5	NM_005026.5.fasta	4438	4467	+	30	GTTTTAACAAAAGGATGAGGCCAGAACTCT	AGAGUUCUGGCCUCAUCCUUUUGUUAAAAC	0
NM_005026.5:4439-4468	NM_005026.5	NM_005026.5.fasta	4439	4468	+	30	TTTTAACAAAAGGATGAGGCCAGAACTCTT	AAGAGUUCUGGCCUCAUCCUUUUGUUAAAA	0
NM_005026.5:4440-4469	NM_005026.5	NM_005026.5.fasta	4440	4469	+	30	TTTAACAAAAGGATGAGGCCAGAACTCTTC	GAAGAGUUCUGGCCUCAUCCUUUUGUUAAA	0
NM_005026.5:4441-4470	NM_005026.5	NM_005026.5.fasta	4441	4470	+	30	TTAACAAAAGGATGAGGCCAGAACTCTTCC	GGAAGAGUUCUGGCCUCAUCCUUUUGUUAA	0
NM_005026.5:4442-4471	NM_005026.5	NM_005026.5.fasta	4442	4471	+	30	TAACAAAAGGATGAGGCCAGAACTCTTCCA	UGGAAGAGUUCUGGCCUCAUCCUUUUGUUA	0
NM_005026.5:4443-4472	NM_005026.5	NM_005026.5.fasta	4443	4472	+	30	AACAAAAGGATGAGGCCAGAACTCTTCCAG	CUGGAAGAGUUCUGGCCUCAUCCUUUUGUU	0
NM_005026.5:4444-4473	NM_005026.5	NM_005026.5.fasta	4444	4473	+	30	ACAAAAGGATGAGGCCAGAACTCTTCCAGA	UCUGGAAGAGUUCUGGCCUCAUCCUUUUGU	0
NM_005026.5:4445-4474	NM_005026.5	NM_005026.5.fasta	4445	4474	+	30	CAAAAGGATGAGGCCAGAACTCTTCCAGAA	UUCUGGAAGAGUUCUGGCCUCAUCCUUUUG	0
NM_005026.5:4446-4475	NM_005026.5	NM_005026.5.fasta	4446	4475	+	30	AAAAGGATGAGGCCAGAACTCTTCCAGAAC	GUUCUGGAAGAGUUCUGGCCUCAUCCUUUU	0
NM_005026.5:4447-4476	NM_005026.5	NM_005026.5.fasta	4447	4476	+	30	AAAGGATGAGGCCAGAACTCTTCCAGAACC	GGUUCUGGAAGAGUUCUGGCCUCAUCCUUU	0
NM_005026.5:4448-4477	NM_005026.5	NM_005026.5.fasta	4448	4477	+	30	AAGGATGAGGCCAGAACTCTTCCAGAACCA	UGGUUCUGGAAGAGUUCUGGCCUCAUCCUU	0
NM_005026.5:4449-4478	NM_005026.5	NM_005026.5.fasta	4449	4478	+	30	AGGATGAGGCCAGAACTCTTCCAGAACCAT	AUGGUUCUGGAAGAGUUCUGGCCUCAUCCU	0
NM_005026.5:4450-4479	NM_005026.5	NM_005026.5.fasta	4450	4479	+	30	GGATGAGGCCAGAACTCTTCCAGAACCATC	GAUGGUUCUGGAAGAGUUCUGGCCUCAUCC	0
NM_005026.5:4451-4480	NM_005026.5	NM_005026.5.fasta	4451	4480	+	30	GATGAGGCCAGAACTCTTCCAGAACCATCA	UGAUGGUUCUGGAAGAGUUCUGGCCUCAUC	0
NM_005026.5:4452-4481	NM_005026.5	NM_005026.5.fasta	4452	4481	+	30	ATGAGGCCAGAACTCTTCCAGAACCATCAC	GUGAUGGUUCUGGAAGAGUUCUGGCCUCAU	0
NM_005026.5:4453-4482	NM_005026.5	NM_005026.5.fasta	4453	4482	+	30	TGAGGCCAGAACTCTTCCAGAACCATCACC	GGUGAUGGUUCUGGAAGAGUUCUGGCCUCA	0
NM_005026.5:4454-4483	NM_005026.5	NM_005026.5.fasta	4454	4483	+	30	GAGGCCAGAACTCTTCCAGAACCATCACCT	AGGUGAUGGUUCUGGAAGAGUUCUGGCCUC	0
NM_005026.5:4455-4484	NM_005026.5	NM_005026.5.fasta	4455	4484	+	30	AGGCCAGAACTCTTCCAGAACCATCACCTT	AAGGUGAUGGUUCUGGAAGAGUUCUGGCCU	0
NM_005026.5:4456-4485	NM_005026.5	NM_005026.5.fasta	4456	4485	+	30	GGCCAGAACTCTTCCAGAACCATCACCTTT	AAAGGUGAUGGUUCUGGAAGAGUUCUGGCC	0
NM_005026.5:4457-4486	NM_005026.5	NM_005026.5.fasta	4457	4486	+	30	GCCAGAACTCTTCCAGAACCATCACCTTTG	CAAAGGUGAUGGUUCUGGAAGAGUUCUGGC	0
NM_005026.5:4458-4487	NM_005026.5	NM_005026.5.fasta	4458	4487	+	30	CCAGAACTCTTCCAGAACCATCACCTTTGG	CCAAAGGUGAUGGUUCUGGAAGAGUUCUGG	0
NM_005026.5:4459-4488	NM_005026.5	NM_005026.5.fasta	4459	4488	+	30	CAGAACTCTTCCAGAACCATCACCTTTGGG	CCCAAAGGUGAUGGUUCUGGAAGAGUUCUG	0
NM_005026.5:4460-4489	NM_005026.5	NM_005026.5.fasta	4460	4489	+	30	AGAACTCTTCCAGAACCATCACCTTTGGGA	UCCCAAAGGUGAUGGUUCUGGAAGAGUUCU	0
NM_005026.5:4461-4490	NM_005026.5	NM_005026.5.fasta	4461	4490	+	30	GAACTCTTCCAGAACCATCACCTTTGGGAA	UUCCCAAAGGUGAUGGUUCUGGAAGAGUUC	0
NM_005026.5:4462-4491	NM_005026.5	NM_005026.5.fasta	4462	4491	+	30	AACTCTTCCAGAACCATCACCTTTGGGAAC	GUUCCCAAAGGUGAUGGUUCUGGAAGAGUU	0
NM_005026.5:4463-4492	NM_005026.5	NM_005026.5.fasta	4463	4492	+	30	ACTCTTCCAGAACCATCACCTTTGGGAACC	GGUUCCCAAAGGUGAUGGUUCUGGAAGAGU	0
NM_005026.5:4464-4493	NM_005026.5	NM_005026.5.fasta	4464	4493	+	30	CTCTTCCAGAACCATCACCTTTGGGAACCT	AGGUUCCCAAAGGUGAUGGUUCUGGAAGAG	0
NM_005026.5:4465-4494	NM_005026.5	NM_005026.5.fasta	4465	4494	+	30	TCTTCCAGAACCATCACCTTTGGGAACCTG	CAGGUUCCCAAAGGUGAUGGUUCUGGAAGA	0
NM_005026.5:4466-4495	NM_005026.5	NM_005026.5.fasta	4466	4495	+	30	CTTCCAGAACCATCACCTTTGGGAACCTGC	GCAGGUUCCCAAAGGUGAUGGUUCUGGAAG	0
NM_005026.5:4467-4496	NM_005026.5	NM_005026.5.fasta	4467	4496	+	30	TTCCAGAACCATCACCTTTGGGAACCTGCT	AGCAGGUUCCCAAAGGUGAUGGUUCUGGAA	0
NM_005026.5:4468-4497	NM_005026.5	NM_005026.5.fasta	4468	4497	+	30	TCCAGAACCATCACCTTTGGGAACCTGCTG	CAGCAGGUUCCCAAAGGUGAUGGUUCUGGA	0
NM_005026.5:4469-4498	NM_005026.5	NM_005026.5.fasta	4469	4498	+	30	CCAGAACCATCACCTTTGGGAACCTGCTGT	ACAGCAGGUUCCCAAAGGUGAUGGUUCUGG	0
NM_005026.5:4470-4499	NM_005026.5	NM_005026.5.fasta	4470	4499	+	30	CAGAACCATCACCTTTGGGAACCTGCTGTG	CACAGCAGGUUCCCAAAGGUGAUGGUUCUG	0
NM_005026.5:4471-4500	NM_005026.5	NM_005026.5.fasta	4471	4500	+	30	AGAACCATCACCTTTGGGAACCTGCTGTGA	UCACAGCAGGUUCCCAAAGGUGAUGGUUCU	0
NM_005026.5:4472-4501	NM_005026.5	NM_005026.5.fasta	4472	4501	+	30	GAACCATCACCTTTGGGAACCTGCTGTGAG	CUCACAGCAGGUUCCCAAAGGUGAUGGUUC	0
NM_005026.5:4473-4502	NM_005026.5	NM_005026.5.fasta	4473	4502	+	30	AACCATCACCTTTGGGAACCTGCTGTGAGA	UCUCACAGCAGGUUCCCAAAGGUGAUGGUU	0
NM_005026.5:4474-4503	NM_005026.5	NM_005026.5.fasta	4474	4503	+	30	ACCATCACCTTTGGGAACCTGCTGTGAGAG	CUCUCACAGCAGGUUCCCAAAGGUGAUGGU	0
NM_005026.5:4475-4504	NM_005026.5	NM_005026.5.fasta	4475	4504	+	30	CCATCACCTTTGGGAACCTGCTGTGAGAGT	ACUCUCACAGCAGGUUCCCAAAGGUGAUGG	0
NM_005026.5:4476-4505	NM_005026.5	NM_005026.5.fasta	4476	4505	+	30	CATCACCTTTGGGAACCTGCTGTGAGAGTG	CACUCUCACAGCAGGUUCCCAAAGGUGAUG	0
NM_005026.5:4477-4506	NM_005026.5	NM_005026.5.fasta	4477	4506	+	30	ATCACCTTTGGGAACCTGCTGTGAGAGTGC	GCACUCUCACAGCAGGUUCCCAAAGGUGAU	0
NM_005026.5:4478-4507	NM_005026.5	NM_005026.5.fasta	4478	4507	+	30	TCACCTTTGGGAACCTGCTGTGAGAGTGCT	AGCACUCUCACAGCAGGUUCCCAAAGGUGA	0
NM_005026.5:4479-4508	NM_005026.5	NM_005026.5.fasta	4479	4508	+	30	CACCTTTGGGAACCTGCTGTGAGAGTGCTG	CAGCACUCUCACAGCAGGUUCCCAAAGGUG	0
NM_005026.5:4480-4509	NM_005026.5	NM_005026.5.fasta	4480	4509	+	30	ACCTTTGGGAACCTGCTGTGAGAGTGCTGA	UCAGCACUCUCACAGCAGGUUCCCAAAGGU	0
NM_005026.5:4481-4510	NM_005026.5	NM_005026.5.fasta	4481	4510	+	30	CCTTTGGGAACCTGCTGTGAGAGTGCTGAG	CUCAGCACUCUCACAGCAGGUUCCCAAAGG	0
NM_005026.5:4482-4511	NM_005026.5	NM_005026.5.fasta	4482	4511	+	30	CTTTGGGAACCTGCTGTGAGAGTGCTGAGG	CCUCAGCACUCUCACAGCAGGUUCCCAAAG	0
NM_005026.5:4483-4512	NM_005026.5	NM_005026.5.fasta	4483	4512	+	30	TTTGGGAACCTGCTGTGAGAGTGCTGAGGT	ACCUCAGCACUCUCACAGCAGGUUCCCAAA	0
NM_005026.5:4484-4513	NM_005026.5	NM_005026.5.fasta	4484	4513	+	30	TTGGGAACCTGCTGTGAGAGTGCTGAGGTA	UACCUCAGCACUCUCACAGCAGGUUCCCAA	0
NM_005026.5:4485-4514	NM_005026.5	NM_005026.5.fasta	4485	4514	+	30	TGGGAACCTGCTGTGAGAGTGCTGAGGTAC	GUACCUCAGCACUCUCACAGCAGGUUCCCA	0
NM_005026.5:4486-4515	NM_005026.5	NM_005026.5.fasta	4486	4515	+	30	GGGAACCTGCTGTGAGAGTGCTGAGGTACC	GGUACCUCAGCACUCUCACAGCAGGUUCCC	0
NM_005026.5:4487-4516	NM_005026.5	NM_005026.5.fasta	4487	4516	+	30	GGAACCTGCTGTGAGAGTGCTGAGGTACCA	UGGUACCUCAGCACUCUCACAGCAGGUUCC	0
NM_005026.5:4488-4517	NM_005026.5	NM_005026.5.fasta	4488	4517	+	30	GAACCTGCTGTGAGAGTGCTGAGGTACCAG	CUGGUACCUCAGCACUCUCACAGCAGGUUC	0
NM_005026.5:4489-4518	NM_005026.5	NM_005026.5.fasta	4489	4518	+	30	AACCTGCTGTGAGAGTGCTGAGGTACCAGA	UCUGGUACCUCAGCACUCUCACAGCAGGUU	0
NM_005026.5:4490-4519	NM_005026.5	NM_005026.5.fasta	4490	4519	+	30	ACCTGCTGTGAGAGTGCTGAGGTACCAGAA	UUCUGGUACCUCAGCACUCUCACAGCAGGU	0
NM_005026.5:4491-4520	NM_005026.5	NM_005026.5.fasta	4491	4520	+	30	CCTGCTGTGAGAGTGCTGAGGTACCAGAAG	CUUCUGGUACCUCAGCACUCUCACAGCAGG	0
NM_005026.5:4492-4521	NM_005026.5	NM_005026.5.fasta	4492	4521	+	30	CTGCTGTGAGAGTGCTGAGGTACCAGAAGT	ACUUCUGGUACCUCAGCACUCUCACAGCAG	0
NM_005026.5:4493-4522	NM_005026.5	NM_005026.5.fasta	4493	4522	+	30	TGCTGTGAGAGTGCTGAGGTACCAGAAGTG	CACUUCUGGUACCUCAGCACUCUCACAGCA	0
NM_005026.5:4494-4523	NM_005026.5	NM_005026.5.fasta	4494	4523	+	30	GCTGTGAGAGTGCTGAGGTACCAGAAGTGT	ACACUUCUGGUACCUCAGCACUCUCACAGC	0
NM_005026.5:4495-4524	NM_005026.5	NM_005026.5.fasta	4495	4524	+	30	CTGTGAGAGTGCTGAGGTACCAGAAGTGTG	CACACUUCUGGUACCUCAGCACUCUCACAG	0
NM_005026.5:4496-4525	NM_005026.5	NM_005026.5.fasta	4496	4525	+	30	TGTGAGAGTGCTGAGGTACCAGAAGTGTGA	UCACACUUCUGGUACCUCAGCACUCUCACA	0
NM_005026.5:4497-4526	NM_005026.5	NM_005026.5.fasta	4497	4526	+	30	GTGAGAGTGCTGAGGTACCAGAAGTGTGAG	CUCACACUUCUGGUACCUCAGCACUCUCAC	0
NM_005026.5:4498-4527	NM_005026.5	NM_005026.5.fasta	4498	4527	+	30	TGAGAGTGCTGAGGTACCAGAAGTGTGAGA	UCUCACACUUCUGGUACCUCAGCACUCUCA	0
NM_005026.5:4499-4528	NM_005026.5	NM_005026.5.fasta	4499	4528	+	30	GAGAGTGCTGAGGTACCAGAAGTGTGAGAA	UUCUCACACUUCUGGUACCUCAGCACUCUC	0
NM_005026.5:4500-4529	NM_005026.5	NM_005026.5.fasta	4500	4529	+	30	AGAGTGCTGAGGTACCAGAAGTGTGAGAAC	GUUCUCACACUUCUGGUACCUCAGCACUCU	0
NM_005026.5:4501-4530	NM_005026.5	NM_005026.5.fasta	4501	4530	+	30	GAGTGCTGAGGTACCAGAAGTGTGAGAACG	CGUUCUCACACUUCUGGUACCUCAGCACUC	0
NM_005026.5:4502-4531	NM_005026.5	NM_005026.5.fasta	4502	4531	+	30	AGTGCTGAGGTACCAGAAGTGTGAGAACGA	UCGUUCUCACACUUCUGGUACCUCAGCACU	0
NM_005026.5:4503-4532	NM_005026.5	NM_005026.5.fasta	4503	4532	+	30	GTGCTGAGGTACCAGAAGTGTGAGAACGAG	CUCGUUCUCACACUUCUGGUACCUCAGCAC	0
NM_005026.5:4504-4533	NM_005026.5	NM_005026.5.fasta	4504	4533	+	30	TGCTGAGGTACCAGAAGTGTGAGAACGAGG	CCUCGUUCUCACACUUCUGGUACCUCAGCA	0
NM_005026.5:4505-4534	NM_005026.5	NM_005026.5.fasta	4505	4534	+	30	GCTGAGGTACCAGAAGTGTGAGAACGAGGG	CCCUCGUUCUCACACUUCUGGUACCUCAGC	0
NM_005026.5:4506-4535	NM_005026.5	NM_005026.5.fasta	4506	4535	+	30	CTGAGGTACCAGAAGTGTGAGAACGAGGGG	CCCCUCGUUCUCACACUUCUGGUACCUCAG	0
NM_005026.5:4507-4536	NM_005026.5	NM_005026.5.fasta	4507	4536	+	30	TGAGGTACCAGAAGTGTGAGAACGAGGGGG	CCCCCUCGUUCUCACACUUCUGGUACCUCA	0
NM_005026.5:4508-4537	NM_005026.5	NM_005026.5.fasta	4508	4537	+	30	GAGGTACCAGAAGTGTGAGAACGAGGGGGC	GCCCCCUCGUUCUCACACUUCUGGUACCUC	0
NM_005026.5:4509-4538	NM_005026.5	NM_005026.5.fasta	4509	4538	+	30	AGGTACCAGAAGTGTGAGAACGAGGGGGCG	CGCCCCCUCGUUCUCACACUUCUGGUACCU	0
NM_005026.5:4510-4539	NM_005026.5	NM_005026.5.fasta	4510	4539	+	30	GGTACCAGAAGTGTGAGAACGAGGGGGCGT	ACGCCCCCUCGUUCUCACACUUCUGGUACC	0
NM_005026.5:4511-4540	NM_005026.5	NM_005026.5.fasta	4511	4540	+	30	GTACCAGAAGTGTGAGAACGAGGGGGCGTG	CACGCCCCCUCGUUCUCACACUUCUGGUAC	0
NM_005026.5:4512-4541	NM_005026.5	NM_005026.5.fasta	4512	4541	+	30	TACCAGAAGTGTGAGAACGAGGGGGCGTGC	GCACGCCCCCUCGUUCUCACACUUCUGGUA	0
NM_005026.5:4513-4542	NM_005026.5	NM_005026.5.fasta	4513	4542	+	30	ACCAGAAGTGTGAGAACGAGGGGGCGTGCT	AGCACGCCCCCUCGUUCUCACACUUCUGGU	0
NM_005026.5:4514-4543	NM_005026.5	NM_005026.5.fasta	4514	4543	+	30	CCAGAAGTGTGAGAACGAGGGGGCGTGCTG	CAGCACGCCCCCUCGUUCUCACACUUCUGG	0
NM_005026.5:4515-4544	NM_005026.5	NM_005026.5.fasta	4515	4544	+	30	CAGAAGTGTGAGAACGAGGGGGCGTGCTGG	CCAGCACGCCCCCUCGUUCUCACACUUCUG	0
NM_005026.5:4516-4545	NM_005026.5	NM_005026.5.fasta	4516	4545	+	30	AGAAGTGTGAGAACGAGGGGGCGTGCTGGG	CCCAGCACGCCCCCUCGUUCUCACACUUCU	0
NM_005026.5:4517-4546	NM_005026.5	NM_005026.5.fasta	4517	4546	+	30	GAAGTGTGAGAACGAGGGGGCGTGCTGGGA	UCCCAGCACGCCCCCUCGUUCUCACACUUC	0
NM_005026.5:4518-4547	NM_005026.5	NM_005026.5.fasta	4518	4547	+	30	AAGTGTGAGAACGAGGGGGCGTGCTGGGAT	AUCCCAGCACGCCCCCUCGUUCUCACACUU	0
NM_005026.5:4519-4548	NM_005026.5	NM_005026.5.fasta	4519	4548	+	30	AGTGTGAGAACGAGGGGGCGTGCTGGGATC	GAUCCCAGCACGCCCCCUCGUUCUCACACU	0
NM_005026.5:4520-4549	NM_005026.5	NM_005026.5.fasta	4520	4549	+	30	GTGTGAGAACGAGGGGGCGTGCTGGGATCT	AGAUCCCAGCACGCCCCCUCGUUCUCACAC	0
NM_005026.5:4521-4550	NM_005026.5	NM_005026.5.fasta	4521	4550	+	30	TGTGAGAACGAGGGGGCGTGCTGGGATCTT	AAGAUCCCAGCACGCCCCCUCGUUCUCACA	0
NM_005026.5:4522-4551	NM_005026.5	NM_005026.5.fasta	4522	4551	+	30	GTGAGAACGAGGGGGCGTGCTGGGATCTTT	AAAGAUCCCAGCACGCCCCCUCGUUCUCAC	0
NM_005026.5:4523-4552	NM_005026.5	NM_005026.5.fasta	4523	4552	+	30	TGAGAACGAGGGGGCGTGCTGGGATCTTTC	GAAAGAUCCCAGCACGCCCCCUCGUUCUCA	0
NM_005026.5:4524-4553	NM_005026.5	NM_005026.5.fasta	4524	4553	+	30	GAGAACGAGGGGGCGTGCTGGGATCTTTCT	AGAAAGAUCCCAGCACGCCCCCUCGUUCUC	0
NM_005026.5:4525-4554	NM_005026.5	NM_005026.5.fasta	4525	4554	+	30	AGAACGAGGGGGCGTGCTGGGATCTTTCTC	GAGAAAGAUCCCAGCACGCCCCCUCGUUCU	0
NM_005026.5:4526-4555	NM_005026.5	NM_005026.5.fasta	4526	4555	+	30	GAACGAGGGGGCGTGCTGGGATCTTTCTCT	AGAGAAAGAUCCCAGCACGCCCCCUCGUUC	0
NM_005026.5:4527-4556	NM_005026.5	NM_005026.5.fasta	4527	4556	+	30	AACGAGGGGGCGTGCTGGGATCTTTCTCTC	GAGAGAAAGAUCCCAGCACGCCCCCUCGUU	0
NM_005026.5:4528-4557	NM_005026.5	NM_005026.5.fasta	4528	4557	+	30	ACGAGGGGGCGTGCTGGGATCTTTCTCTCT	AGAGAGAAAGAUCCCAGCACGCCCCCUCGU	0
NM_005026.5:4529-4558	NM_005026.5	NM_005026.5.fasta	4529	4558	+	30	CGAGGGGGCGTGCTGGGATCTTTCTCTCTG	CAGAGAGAAAGAUCCCAGCACGCCCCCUCG	0
NM_005026.5:4530-4559	NM_005026.5	NM_005026.5.fasta	4530	4559	+	30	GAGGGGGCGTGCTGGGATCTTTCTCTCTGA	UCAGAGAGAAAGAUCCCAGCACGCCCCCUC	0
NM_005026.5:4531-4560	NM_005026.5	NM_005026.5.fasta	4531	4560	+	30	AGGGGGCGTGCTGGGATCTTTCTCTCTGAC	GUCAGAGAGAAAGAUCCCAGCACGCCCCCU	0
NM_005026.5:4532-4561	NM_005026.5	NM_005026.5.fasta	4532	4561	+	30	GGGGGCGTGCTGGGATCTTTCTCTCTGACT	AGUCAGAGAGAAAGAUCCCAGCACGCCCCC	0
NM_005026.5:4533-4562	NM_005026.5	NM_005026.5.fasta	4533	4562	+	30	GGGGCGTGCTGGGATCTTTCTCTCTGACTA	UAGUCAGAGAGAAAGAUCCCAGCACGCCCC	0
NM_005026.5:4534-4563	NM_005026.5	NM_005026.5.fasta	4534	4563	+	30	GGGCGTGCTGGGATCTTTCTCTCTGACTAT	AUAGUCAGAGAGAAAGAUCCCAGCACGCCC	0
NM_005026.5:4535-4564	NM_005026.5	NM_005026.5.fasta	4535	4564	+	30	GGCGTGCTGGGATCTTTCTCTCTGACTATA	UAUAGUCAGAGAGAAAGAUCCCAGCACGCC	0
NM_005026.5:4536-4565	NM_005026.5	NM_005026.5.fasta	4536	4565	+	30	GCGTGCTGGGATCTTTCTCTCTGACTATAC	GUAUAGUCAGAGAGAAAGAUCCCAGCACGC	0
NM_005026.5:4537-4566	NM_005026.5	NM_005026.5.fasta	4537	4566	+	30	CGTGCTGGGATCTTTCTCTCTGACTATACT	AGUAUAGUCAGAGAGAAAGAUCCCAGCACG	0
NM_005026.5:4538-4567	NM_005026.5	NM_005026.5.fasta	4538	4567	+	30	GTGCTGGGATCTTTCTCTCTGACTATACTT	AAGUAUAGUCAGAGAGAAAGAUCCCAGCAC	0
NM_005026.5:4539-4568	NM_005026.5	NM_005026.5.fasta	4539	4568	+	30	TGCTGGGATCTTTCTCTCTGACTATACTTA	UAAGUAUAGUCAGAGAGAAAGAUCCCAGCA	0
NM_005026.5:4540-4569	NM_005026.5	NM_005026.5.fasta	4540	4569	+	30	GCTGGGATCTTTCTCTCTGACTATACTTAG	CUAAGUAUAGUCAGAGAGAAAGAUCCCAGC	0
NM_005026.5:4541-4570	NM_005026.5	NM_005026.5.fasta	4541	4570	+	30	CTGGGATCTTTCTCTCTGACTATACTTAGT	ACUAAGUAUAGUCAGAGAGAAAGAUCCCAG	0
NM_005026.5:4542-4571	NM_005026.5	NM_005026.5.fasta	4542	4571	+	30	TGGGATCTTTCTCTCTGACTATACTTAGTT	AACUAAGUAUAGUCAGAGAGAAAGAUCCCA	0
NM_005026.5:4543-4572	NM_005026.5	NM_005026.5.fasta	4543	4572	+	30	GGGATCTTTCTCTCTGACTATACTTAGTTT	AAACUAAGUAUAGUCAGAGAGAAAGAUCCC	0
NM_005026.5:4544-4573	NM_005026.5	NM_005026.5.fasta	4544	4573	+	30	GGATCTTTCTCTCTGACTATACTTAGTTTG	CAAACUAAGUAUAGUCAGAGAGAAAGAUCC	0
NM_005026.5:4545-4574	NM_005026.5	NM_005026.5.fasta	4545	4574	+	30	GATCTTTCTCTCTGACTATACTTAGTTTGA	UCAAACUAAGUAUAGUCAGAGAGAAAGAUC	0
NM_005026.5:4546-4575	NM_005026.5	NM_005026.5.fasta	4546	4575	+	30	ATCTTTCTCTCTGACTATACTTAGTTTGAA	UUCAAACUAAGUAUAGUCAGAGAGAAAGAU	0
NM_005026.5:4547-4576	NM_005026.5	NM_005026.5.fasta	4547	4576	+	30	TCTTTCTCTCTGACTATACTTAGTTTGAAA	UUUCAAACUAAGUAUAGUCAGAGAGAAAGA	0
NM_005026.5:4548-4577	NM_005026.5	NM_005026.5.fasta	4548	4577	+	30	CTTTCTCTCTGACTATACTTAGTTTGAAAT	AUUUCAAACUAAGUAUAGUCAGAGAGAAAG	0
NM_005026.5:4549-4578	NM_005026.5	NM_005026.5.fasta	4549	4578	+	30	TTTCTCTCTGACTATACTTAGTTTGAAATG	CAUUUCAAACUAAGUAUAGUCAGAGAGAAA	0
NM_005026.5:4550-4579	NM_005026.5	NM_005026.5.fasta	4550	4579	+	30	TTCTCTCTGACTATACTTAGTTTGAAATGG	CCAUUUCAAACUAAGUAUAGUCAGAGAGAA	0
NM_005026.5:4551-4580	NM_005026.5	NM_005026.5.fasta	4551	4580	+	30	TCTCTCTGACTATACTTAGTTTGAAATGGT	ACCAUUUCAAACUAAGUAUAGUCAGAGAGA	0
NM_005026.5:4552-4581	NM_005026.5	NM_005026.5.fasta	4552	4581	+	30	CTCTCTGACTATACTTAGTTTGAAATGGTG	CACCAUUUCAAACUAAGUAUAGUCAGAGAG	0
NM_005026.5:4553-4582	NM_005026.5	NM_005026.5.fasta	4553	4582	+	30	TCTCTGACTATACTTAGTTTGAAATGGTGC	GCACCAUUUCAAACUAAGUAUAGUCAGAGA	0
NM_005026.5:4554-4583	NM_005026.5	NM_005026.5.fasta	4554	4583	+	30	CTCTGACTATACTTAGTTTGAAATGGTGCA	UGCACCAUUUCAAACUAAGUAUAGUCAGAG	0
NM_005026.5:4555-4584	NM_005026.5	NM_005026.5.fasta	4555	4584	+	30	TCTGACTATACTTAGTTTGAAATGGTGCAG	CUGCACCAUUUCAAACUAAGUAUAGUCAGA	0
NM_005026.5:4556-4585	NM_005026.5	NM_005026.5.fasta	4556	4585	+	30	CTGACTATACTTAGTTTGAAATGGTGCAGG	CCUGCACCAUUUCAAACUAAGUAUAGUCAG	0
NM_005026.5:4557-4586	NM_005026.5	NM_005026.5.fasta	4557	4586	+	30	TGACTATACTTAGTTTGAAATGGTGCAGGC	GCCUGCACCAUUUCAAACUAAGUAUAGUCA	0
NM_005026.5:4558-4587	NM_005026.5	NM_005026.5.fasta	4558	4587	+	30	GACTATACTTAGTTTGAAATGGTGCAGGCT	AGCCUGCACCAUUUCAAACUAAGUAUAGUC	0
NM_005026.5:4559-4588	NM_005026.5	NM_005026.5.fasta	4559	4588	+	30	ACTATACTTAGTTTGAAATGGTGCAGGCTT	AAGCCUGCACCAUUUCAAACUAAGUAUAGU	0
NM_005026.5:4560-4589	NM_005026.5	NM_005026.5.fasta	4560	4589	+	30	CTATACTTAGTTTGAAATGGTGCAGGCTTA	UAAGCCUGCACCAUUUCAAACUAAGUAUAG	0
NM_005026.5:4561-4590	NM_005026.5	NM_005026.5.fasta	4561	4590	+	30	TATACTTAGTTTGAAATGGTGCAGGCTTAG	CUAAGCCUGCACCAUUUCAAACUAAGUAUA	0
NM_005026.5:4562-4591	NM_005026.5	NM_005026.5.fasta	4562	4591	+	30	ATACTTAGTTTGAAATGGTGCAGGCTTAGT	ACUAAGCCUGCACCAUUUCAAACUAAGUAU	0
NM_005026.5:4563-4592	NM_005026.5	NM_005026.5.fasta	4563	4592	+	30	TACTTAGTTTGAAATGGTGCAGGCTTAGTC	GACUAAGCCUGCACCAUUUCAAACUAAGUA	0
NM_005026.5:4564-4593	NM_005026.5	NM_005026.5.fasta	4564	4593	+	30	ACTTAGTTTGAAATGGTGCAGGCTTAGTCT	AGACUAAGCCUGCACCAUUUCAAACUAAGU	0
NM_005026.5:4565-4594	NM_005026.5	NM_005026.5.fasta	4565	4594	+	30	CTTAGTTTGAAATGGTGCAGGCTTAGTCTT	AAGACUAAGCCUGCACCAUUUCAAACUAAG	0
NM_005026.5:4566-4595	NM_005026.5	NM_005026.5.fasta	4566	4595	+	30	TTAGTTTGAAATGGTGCAGGCTTAGTCTTA	UAAGACUAAGCCUGCACCAUUUCAAACUAA	0
NM_005026.5:4567-4596	NM_005026.5	NM_005026.5.fasta	4567	4596	+	30	TAGTTTGAAATGGTGCAGGCTTAGTCTTAA	UUAAGACUAAGCCUGCACCAUUUCAAACUA	0
NM_005026.5:4568-4597	NM_005026.5	NM_005026.5.fasta	4568	4597	+	30	AGTTTGAAATGGTGCAGGCTTAGTCTTAAG	CUUAAGACUAAGCCUGCACCAUUUCAAACU	0
NM_005026.5:4569-4598	NM_005026.5	NM_005026.5.fasta	4569	4598	+	30	GTTTGAAATGGTGCAGGCTTAGTCTTAAGC	GCUUAAGACUAAGCCUGCACCAUUUCAAAC	0
NM_005026.5:4570-4599	NM_005026.5	NM_005026.5.fasta	4570	4599	+	30	TTTGAAATGGTGCAGGCTTAGTCTTAAGCC	GGCUUAAGACUAAGCCUGCACCAUUUCAAA	0
NM_005026.5:4571-4600	NM_005026.5	NM_005026.5.fasta	4571	4600	+	30	TTGAAATGGTGCAGGCTTAGTCTTAAGCCT	AGGCUUAAGACUAAGCCUGCACCAUUUCAA	0
NM_005026.5:4572-4601	NM_005026.5	NM_005026.5.fasta	4572	4601	+	30	TGAAATGGTGCAGGCTTAGTCTTAAGCCTC	GAGGCUUAAGACUAAGCCUGCACCAUUUCA	0
NM_005026.5:4573-4602	NM_005026.5	NM_005026.5.fasta	4573	4602	+	30	GAAATGGTGCAGGCTTAGTCTTAAGCCTCC	GGAGGCUUAAGACUAAGCCUGCACCAUUUC	0
NM_005026.5:4574-4603	NM_005026.5	NM_005026.5.fasta	4574	4603	+	30	AAATGGTGCAGGCTTAGTCTTAAGCCTCCA	UGGAGGCUUAAGACUAAGCCUGCACCAUUU	0
NM_005026.5:4575-4604	NM_005026.5	NM_005026.5.fasta	4575	4604	+	30	AATGGTGCAGGCTTAGTCTTAAGCCTCCAA	UUGGAGGCUUAAGACUAAGCCUGCACCAUU	0
NM_005026.5:4576-4605	NM_005026.5	NM_005026.5.fasta	4576	4605	+	30	ATGGTGCAGGCTTAGTCTTAAGCCTCCAAA	UUUGGAGGCUUAAGACUAAGCCUGCACCAU	0
NM_005026.5:4577-4606	NM_005026.5	NM_005026.5.fasta	4577	4606	+	30	TGGTGCAGGCTTAGTCTTAAGCCTCCAAAG	CUUUGGAGGCUUAAGACUAAGCCUGCACCA	0
NM_005026.5:4578-4607	NM_005026.5	NM_005026.5.fasta	4578	4607	+	30	GGTGCAGGCTTAGTCTTAAGCCTCCAAAGG	CCUUUGGAGGCUUAAGACUAAGCCUGCACC	0
NM_005026.5:4579-4608	NM_005026.5	NM_005026.5.fasta	4579	4608	+	30	GTGCAGGCTTAGTCTTAAGCCTCCAAAGGC	GCCUUUGGAGGCUUAAGACUAAGCCUGCAC	0
NM_005026.5:4580-4609	NM_005026.5	NM_005026.5.fasta	4580	4609	+	30	TGCAGGCTTAGTCTTAAGCCTCCAAAGGCC	GGCCUUUGGAGGCUUAAGACUAAGCCUGCA	0
NM_005026.5:4581-4610	NM_005026.5	NM_005026.5.fasta	4581	4610	+	30	GCAGGCTTAGTCTTAAGCCTCCAAAGGCCT	AGGCCUUUGGAGGCUUAAGACUAAGCCUGC	0
NM_005026.5:4582-4611	NM_005026.5	NM_005026.5.fasta	4582	4611	+	30	CAGGCTTAGTCTTAAGCCTCCAAAGGCCTG	CAGGCCUUUGGAGGCUUAAGACUAAGCCUG	0
NM_005026.5:4583-4612	NM_005026.5	NM_005026.5.fasta	4583	4612	+	30	AGGCTTAGTCTTAAGCCTCCAAAGGCCTGG	CCAGGCCUUUGGAGGCUUAAGACUAAGCCU	0
NM_005026.5:4584-4613	NM_005026.5	NM_005026.5.fasta	4584	4613	+	30	GGCTTAGTCTTAAGCCTCCAAAGGCCTGGA	UCCAGGCCUUUGGAGGCUUAAGACUAAGCC	0
NM_005026.5:4585-4614	NM_005026.5	NM_005026.5.fasta	4585	4614	+	30	GCTTAGTCTTAAGCCTCCAAAGGCCTGGAT	AUCCAGGCCUUUGGAGGCUUAAGACUAAGC	0
NM_005026.5:4586-4615	NM_005026.5	NM_005026.5.fasta	4586	4615	+	30	CTTAGTCTTAAGCCTCCAAAGGCCTGGATT	AAUCCAGGCCUUUGGAGGCUUAAGACUAAG	0
NM_005026.5:4587-4616	NM_005026.5	NM_005026.5.fasta	4587	4616	+	30	TTAGTCTTAAGCCTCCAAAGGCCTGGATTT	AAAUCCAGGCCUUUGGAGGCUUAAGACUAA	0
NM_005026.5:4588-4617	NM_005026.5	NM_005026.5.fasta	4588	4617	+	30	TAGTCTTAAGCCTCCAAAGGCCTGGATTTG	CAAAUCCAGGCCUUUGGAGGCUUAAGACUA	0
NM_005026.5:4589-4618	NM_005026.5	NM_005026.5.fasta	4589	4618	+	30	AGTCTTAAGCCTCCAAAGGCCTGGATTTGA	UCAAAUCCAGGCCUUUGGAGGCUUAAGACU	0
NM_005026.5:4590-4619	NM_005026.5	NM_005026.5.fasta	4590	4619	+	30	GTCTTAAGCCTCCAAAGGCCTGGATTTGAG	CUCAAAUCCAGGCCUUUGGAGGCUUAAGAC	0
NM_005026.5:4591-4620	NM_005026.5	NM_005026.5.fasta	4591	4620	+	30	TCTTAAGCCTCCAAAGGCCTGGATTTGAGC	GCUCAAAUCCAGGCCUUUGGAGGCUUAAGA	0
NM_005026.5:4592-4621	NM_005026.5	NM_005026.5.fasta	4592	4621	+	30	CTTAAGCCTCCAAAGGCCTGGATTTGAGCA	UGCUCAAAUCCAGGCCUUUGGAGGCUUAAG	0
NM_005026.5:4593-4622	NM_005026.5	NM_005026.5.fasta	4593	4622	+	30	TTAAGCCTCCAAAGGCCTGGATTTGAGCAG	CUGCUCAAAUCCAGGCCUUUGGAGGCUUAA	0
NM_005026.5:4594-4623	NM_005026.5	NM_005026.5.fasta	4594	4623	+	30	TAAGCCTCCAAAGGCCTGGATTTGAGCAGC	GCUGCUCAAAUCCAGGCCUUUGGAGGCUUA	0
NM_005026.5:4595-4624	NM_005026.5	NM_005026.5.fasta	4595	4624	+	30	AAGCCTCCAAAGGCCTGGATTTGAGCAGCT	AGCUGCUCAAAUCCAGGCCUUUGGAGGCUU	0
NM_005026.5:4596-4625	NM_005026.5	NM_005026.5.fasta	4596	4625	+	30	AGCCTCCAAAGGCCTGGATTTGAGCAGCTT	AAGCUGCUCAAAUCCAGGCCUUUGGAGGCU	0
NM_005026.5:4597-4626	NM_005026.5	NM_005026.5.fasta	4597	4626	+	30	GCCTCCAAAGGCCTGGATTTGAGCAGCTTT	AAAGCUGCUCAAAUCCAGGCCUUUGGAGGC	0
NM_005026.5:4598-4627	NM_005026.5	NM_005026.5.fasta	4598	4627	+	30	CCTCCAAAGGCCTGGATTTGAGCAGCTTTA	UAAAGCUGCUCAAAUCCAGGCCUUUGGAGG	0
NM_005026.5:4599-4628	NM_005026.5	NM_005026.5.fasta	4599	4628	+	30	CTCCAAAGGCCTGGATTTGAGCAGCTTTAG	CUAAAGCUGCUCAAAUCCAGGCCUUUGGAG	0
NM_005026.5:4600-4629	NM_005026.5	NM_005026.5.fasta	4600	4629	+	30	TCCAAAGGCCTGGATTTGAGCAGCTTTAGA	UCUAAAGCUGCUCAAAUCCAGGCCUUUGGA	0
NM_005026.5:4601-4630	NM_005026.5	NM_005026.5.fasta	4601	4630	+	30	CCAAAGGCCTGGATTTGAGCAGCTTTAGAA	UUCUAAAGCUGCUCAAAUCCAGGCCUUUGG	0
NM_005026.5:4602-4631	NM_005026.5	NM_005026.5.fasta	4602	4631	+	30	CAAAGGCCTGGATTTGAGCAGCTTTAGAAA	UUUCUAAAGCUGCUCAAAUCCAGGCCUUUG	0
NM_005026.5:4603-4632	NM_005026.5	NM_005026.5.fasta	4603	4632	+	30	AAAGGCCTGGATTTGAGCAGCTTTAGAAAT	AUUUCUAAAGCUGCUCAAAUCCAGGCCUUU	0
NM_005026.5:4604-4633	NM_005026.5	NM_005026.5.fasta	4604	4633	+	30	AAGGCCTGGATTTGAGCAGCTTTAGAAATG	CAUUUCUAAAGCUGCUCAAAUCCAGGCCUU	0
NM_005026.5:4605-4634	NM_005026.5	NM_005026.5.fasta	4605	4634	+	30	AGGCCTGGATTTGAGCAGCTTTAGAAATGC	GCAUUUCUAAAGCUGCUCAAAUCCAGGCCU	0
NM_005026.5:4606-4635	NM_005026.5	NM_005026.5.fasta	4606	4635	+	30	GGCCTGGATTTGAGCAGCTTTAGAAATGCA	UGCAUUUCUAAAGCUGCUCAAAUCCAGGCC	0
NM_005026.5:4607-4636	NM_005026.5	NM_005026.5.fasta	4607	4636	+	30	GCCTGGATTTGAGCAGCTTTAGAAATGCAG	CUGCAUUUCUAAAGCUGCUCAAAUCCAGGC	0
NM_005026.5:4608-4637	NM_005026.5	NM_005026.5.fasta	4608	4637	+	30	CCTGGATTTGAGCAGCTTTAGAAATGCAGG	CCUGCAUUUCUAAAGCUGCUCAAAUCCAGG	0
NM_005026.5:4609-4638	NM_005026.5	NM_005026.5.fasta	4609	4638	+	30	CTGGATTTGAGCAGCTTTAGAAATGCAGGT	ACCUGCAUUUCUAAAGCUGCUCAAAUCCAG	0
NM_005026.5:4610-4639	NM_005026.5	NM_005026.5.fasta	4610	4639	+	30	TGGATTTGAGCAGCTTTAGAAATGCAGGTT	AACCUGCAUUUCUAAAGCUGCUCAAAUCCA	0
NM_005026.5:4611-4640	NM_005026.5	NM_005026.5.fasta	4611	4640	+	30	GGATTTGAGCAGCTTTAGAAATGCAGGTTC	GAACCUGCAUUUCUAAAGCUGCUCAAAUCC	0
NM_005026.5:4612-4641	NM_005026.5	NM_005026.5.fasta	4612	4641	+	30	GATTTGAGCAGCTTTAGAAATGCAGGTTCT	AGAACCUGCAUUUCUAAAGCUGCUCAAAUC	0
NM_005026.5:4613-4642	NM_005026.5	NM_005026.5.fasta	4613	4642	+	30	ATTTGAGCAGCTTTAGAAATGCAGGTTCTA	UAGAACCUGCAUUUCUAAAGCUGCUCAAAU	0
NM_005026.5:4614-4643	NM_005026.5	NM_005026.5.fasta	4614	4643	+	30	TTTGAGCAGCTTTAGAAATGCAGGTTCTAG	CUAGAACCUGCAUUUCUAAAGCUGCUCAAA	0
NM_005026.5:4615-4644	NM_005026.5	NM_005026.5.fasta	4615	4644	+	30	TTGAGCAGCTTTAGAAATGCAGGTTCTAGG	CCUAGAACCUGCAUUUCUAAAGCUGCUCAA	0
NM_005026.5:4616-4645	NM_005026.5	NM_005026.5.fasta	4616	4645	+	30	TGAGCAGCTTTAGAAATGCAGGTTCTAGGG	CCCUAGAACCUGCAUUUCUAAAGCUGCUCA	0
NM_005026.5:4617-4646	NM_005026.5	NM_005026.5.fasta	4617	4646	+	30	GAGCAGCTTTAGAAATGCAGGTTCTAGGGC	GCCCUAGAACCUGCAUUUCUAAAGCUGCUC	0
NM_005026.5:4618-4647	NM_005026.5	NM_005026.5.fasta	4618	4647	+	30	AGCAGCTTTAGAAATGCAGGTTCTAGGGCT	AGCCCUAGAACCUGCAUUUCUAAAGCUGCU	0
NM_005026.5:4619-4648	NM_005026.5	NM_005026.5.fasta	4619	4648	+	30	GCAGCTTTAGAAATGCAGGTTCTAGGGCTT	AAGCCCUAGAACCUGCAUUUCUAAAGCUGC	0
NM_005026.5:4620-4649	NM_005026.5	NM_005026.5.fasta	4620	4649	+	30	CAGCTTTAGAAATGCAGGTTCTAGGGCTTC	GAAGCCCUAGAACCUGCAUUUCUAAAGCUG	0
NM_005026.5:4621-4650	NM_005026.5	NM_005026.5.fasta	4621	4650	+	30	AGCTTTAGAAATGCAGGTTCTAGGGCTTCT	AGAAGCCCUAGAACCUGCAUUUCUAAAGCU	0
NM_005026.5:4622-4651	NM_005026.5	NM_005026.5.fasta	4622	4651	+	30	GCTTTAGAAATGCAGGTTCTAGGGCTTCTC	GAGAAGCCCUAGAACCUGCAUUUCUAAAGC	0
NM_005026.5:4623-4652	NM_005026.5	NM_005026.5.fasta	4623	4652	+	30	CTTTAGAAATGCAGGTTCTAGGGCTTCTCC	GGAGAAGCCCUAGAACCUGCAUUUCUAAAG	0
NM_005026.5:4624-4653	NM_005026.5	NM_005026.5.fasta	4624	4653	+	30	TTTAGAAATGCAGGTTCTAGGGCTTCTCCC	GGGAGAAGCCCUAGAACCUGCAUUUCUAAA	0
NM_005026.5:4625-4654	NM_005026.5	NM_005026.5.fasta	4625	4654	+	30	TTAGAAATGCAGGTTCTAGGGCTTCTCCCA	UGGGAGAAGCCCUAGAACCUGCAUUUCUAA	0
NM_005026.5:4626-4655	NM_005026.5	NM_005026.5.fasta	4626	4655	+	30	TAGAAATGCAGGTTCTAGGGCTTCTCCCAG	CUGGGAGAAGCCCUAGAACCUGCAUUUCUA	0
NM_005026.5:4627-4656	NM_005026.5	NM_005026.5.fasta	4627	4656	+	30	AGAAATGCAGGTTCTAGGGCTTCTCCCAGC	GCUGGGAGAAGCCCUAGAACCUGCAUUUCU	0
NM_005026.5:4628-4657	NM_005026.5	NM_005026.5.fasta	4628	4657	+	30	GAAATGCAGGTTCTAGGGCTTCTCCCAGCC	GGCUGGGAGAAGCCCUAGAACCUGCAUUUC	0
NM_005026.5:4629-4658	NM_005026.5	NM_005026.5.fasta	4629	4658	+	30	AAATGCAGGTTCTAGGGCTTCTCCCAGCCT	AGGCUGGGAGAAGCCCUAGAACCUGCAUUU	0
NM_005026.5:4630-4659	NM_005026.5	NM_005026.5.fasta	4630	4659	+	30	AATGCAGGTTCTAGGGCTTCTCCCAGCCTT	AAGGCUGGGAGAAGCCCUAGAACCUGCAUU	0
NM_005026.5:4631-4660	NM_005026.5	NM_005026.5.fasta	4631	4660	+	30	ATGCAGGTTCTAGGGCTTCTCCCAGCCTTC	GAAGGCUGGGAGAAGCCCUAGAACCUGCAU	0
NM_005026.5:4632-4661	NM_005026.5	NM_005026.5.fasta	4632	4661	+	30	TGCAGGTTCTAGGGCTTCTCCCAGCCTTCA	UGAAGGCUGGGAGAAGCCCUAGAACCUGCA	0
NM_005026.5:4633-4662	NM_005026.5	NM_005026.5.fasta	4633	4662	+	30	GCAGGTTCTAGGGCTTCTCCCAGCCTTCAG	CUGAAGGCUGGGAGAAGCCCUAGAACCUGC	0
NM_005026.5:4634-4663	NM_005026.5	NM_005026.5.fasta	4634	4663	+	30	CAGGTTCTAGGGCTTCTCCCAGCCTTCAGA	UCUGAAGGCUGGGAGAAGCCCUAGAACCUG	0
NM_005026.5:4635-4664	NM_005026.5	NM_005026.5.fasta	4635	4664	+	30	AGGTTCTAGGGCTTCTCCCAGCCTTCAGAA	UUCUGAAGGCUGGGAGAAGCCCUAGAACCU	0
NM_005026.5:4636-4665	NM_005026.5	NM_005026.5.fasta	4636	4665	+	30	GGTTCTAGGGCTTCTCCCAGCCTTCAGAAG	CUUCUGAAGGCUGGGAGAAGCCCUAGAACC	0
NM_005026.5:4637-4666	NM_005026.5	NM_005026.5.fasta	4637	4666	+	30	GTTCTAGGGCTTCTCCCAGCCTTCAGAAGC	GCUUCUGAAGGCUGGGAGAAGCCCUAGAAC	0
NM_005026.5:4638-4667	NM_005026.5	NM_005026.5.fasta	4638	4667	+	30	TTCTAGGGCTTCTCCCAGCCTTCAGAAGCC	GGCUUCUGAAGGCUGGGAGAAGCCCUAGAA	0
NM_005026.5:4639-4668	NM_005026.5	NM_005026.5.fasta	4639	4668	+	30	TCTAGGGCTTCTCCCAGCCTTCAGAAGCCA	UGGCUUCUGAAGGCUGGGAGAAGCCCUAGA	0
NM_005026.5:4640-4669	NM_005026.5	NM_005026.5.fasta	4640	4669	+	30	CTAGGGCTTCTCCCAGCCTTCAGAAGCCAA	UUGGCUUCUGAAGGCUGGGAGAAGCCCUAG	0
NM_005026.5:4641-4670	NM_005026.5	NM_005026.5.fasta	4641	4670	+	30	TAGGGCTTCTCCCAGCCTTCAGAAGCCAAC	GUUGGCUUCUGAAGGCUGGGAGAAGCCCUA	0
NM_005026.5:4642-4671	NM_005026.5	NM_005026.5.fasta	4642	4671	+	30	AGGGCTTCTCCCAGCCTTCAGAAGCCAACT	AGUUGGCUUCUGAAGGCUGGGAGAAGCCCU	0
NM_005026.5:4643-4672	NM_005026.5	NM_005026.5.fasta	4643	4672	+	30	GGGCTTCTCCCAGCCTTCAGAAGCCAACTA	UAGUUGGCUUCUGAAGGCUGGGAGAAGCCC	0
NM_005026.5:4644-4673	NM_005026.5	NM_005026.5.fasta	4644	4673	+	30	GGCTTCTCCCAGCCTTCAGAAGCCAACTAA	UUAGUUGGCUUCUGAAGGCUGGGAGAAGCC	0
NM_005026.5:4645-4674	NM_005026.5	NM_005026.5.fasta	4645	4674	+	30	GCTTCTCCCAGCCTTCAGAAGCCAACTAAC	GUUAGUUGGCUUCUGAAGGCUGGGAGAAGC	0
NM_005026.5:4646-4675	NM_005026.5	NM_005026.5.fasta	4646	4675	+	30	CTTCTCCCAGCCTTCAGAAGCCAACTAACT	AGUUAGUUGGCUUCUGAAGGCUGGGAGAAG	0
NM_005026.5:4647-4676	NM_005026.5	NM_005026.5.fasta	4647	4676	+	30	TTCTCCCAGCCTTCAGAAGCCAACTAACTC	GAGUUAGUUGGCUUCUGAAGGCUGGGAGAA	0
NM_005026.5:4648-4677	NM_005026.5	NM_005026.5.fasta	4648	4677	+	30	TCTCCCAGCCTTCAGAAGCCAACTAACTCT	AGAGUUAGUUGGCUUCUGAAGGCUGGGAGA	0
NM_005026.5:4649-4678	NM_005026.5	NM_005026.5.fasta	4649	4678	+	30	CTCCCAGCCTTCAGAAGCCAACTAACTCTG	CAGAGUUAGUUGGCUUCUGAAGGCUGGGAG	0
NM_005026.5:4650-4679	NM_005026.5	NM_005026.5.fasta	4650	4679	+	30	TCCCAGCCTTCAGAAGCCAACTAACTCTGC	GCAGAGUUAGUUGGCUUCUGAAGGCUGGGA	0
NM_005026.5:4651-4680	NM_005026.5	NM_005026.5.fasta	4651	4680	+	30	CCCAGCCTTCAGAAGCCAACTAACTCTGCA	UGCAGAGUUAGUUGGCUUCUGAAGGCUGGG	0
NM_005026.5:4652-4681	NM_005026.5	NM_005026.5.fasta	4652	4681	+	30	CCAGCCTTCAGAAGCCAACTAACTCTGCAG	CUGCAGAGUUAGUUGGCUUCUGAAGGCUGG	0
NM_005026.5:4653-4682	NM_005026.5	NM_005026.5.fasta	4653	4682	+	30	CAGCCTTCAGAAGCCAACTAACTCTGCAGA	UCUGCAGAGUUAGUUGGCUUCUGAAGGCUG	0
NM_005026.5:4654-4683	NM_005026.5	NM_005026.5.fasta	4654	4683	+	30	AGCCTTCAGAAGCCAACTAACTCTGCAGAT	AUCUGCAGAGUUAGUUGGCUUCUGAAGGCU	0
NM_005026.5:4655-4684	NM_005026.5	NM_005026.5.fasta	4655	4684	+	30	GCCTTCAGAAGCCAACTAACTCTGCAGATG	CAUCUGCAGAGUUAGUUGGCUUCUGAAGGC	0
NM_005026.5:4656-4685	NM_005026.5	NM_005026.5.fasta	4656	4685	+	30	CCTTCAGAAGCCAACTAACTCTGCAGATGG	CCAUCUGCAGAGUUAGUUGGCUUCUGAAGG	0
NM_005026.5:4657-4686	NM_005026.5	NM_005026.5.fasta	4657	4686	+	30	CTTCAGAAGCCAACTAACTCTGCAGATGGG	CCCAUCUGCAGAGUUAGUUGGCUUCUGAAG	0
NM_005026.5:4658-4687	NM_005026.5	NM_005026.5.fasta	4658	4687	+	30	TTCAGAAGCCAACTAACTCTGCAGATGGGG	CCCCAUCUGCAGAGUUAGUUGGCUUCUGAA	0
NM_005026.5:4659-4688	NM_005026.5	NM_005026.5.fasta	4659	4688	+	30	TCAGAAGCCAACTAACTCTGCAGATGGGGC	GCCCCAUCUGCAGAGUUAGUUGGCUUCUGA	0
NM_005026.5:4660-4689	NM_005026.5	NM_005026.5.fasta	4660	4689	+	30	CAGAAGCCAACTAACTCTGCAGATGGGGCT	AGCCCCAUCUGCAGAGUUAGUUGGCUUCUG	0
NM_005026.5:4661-4690	NM_005026.5	NM_005026.5.fasta	4661	4690	+	30	AGAAGCCAACTAACTCTGCAGATGGGGCTA	UAGCCCCAUCUGCAGAGUUAGUUGGCUUCU	0
NM_005026.5:4662-4691	NM_005026.5	NM_005026.5.fasta	4662	4691	+	30	GAAGCCAACTAACTCTGCAGATGGGGCTAG	CUAGCCCCAUCUGCAGAGUUAGUUGGCUUC	0
NM_005026.5:4663-4692	NM_005026.5	NM_005026.5.fasta	4663	4692	+	30	AAGCCAACTAACTCTGCAGATGGGGCTAGG	CCUAGCCCCAUCUGCAGAGUUAGUUGGCUU	0
NM_005026.5:4664-4693	NM_005026.5	NM_005026.5.fasta	4664	4693	+	30	AGCCAACTAACTCTGCAGATGGGGCTAGGA	UCCUAGCCCCAUCUGCAGAGUUAGUUGGCU	0
NM_005026.5:4665-4694	NM_005026.5	NM_005026.5.fasta	4665	4694	+	30	GCCAACTAACTCTGCAGATGGGGCTAGGAC	GUCCUAGCCCCAUCUGCAGAGUUAGUUGGC	0
NM_005026.5:4666-4695	NM_005026.5	NM_005026.5.fasta	4666	4695	+	30	CCAACTAACTCTGCAGATGGGGCTAGGACT	AGUCCUAGCCCCAUCUGCAGAGUUAGUUGG	0
NM_005026.5:4667-4696	NM_005026.5	NM_005026.5.fasta	4667	4696	+	30	CAACTAACTCTGCAGATGGGGCTAGGACTG	CAGUCCUAGCCCCAUCUGCAGAGUUAGUUG	0
NM_005026.5:4668-4697	NM_005026.5	NM_005026.5.fasta	4668	4697	+	30	AACTAACTCTGCAGATGGGGCTAGGACTGT	ACAGUCCUAGCCCCAUCUGCAGAGUUAGUU	0
NM_005026.5:4669-4698	NM_005026.5	NM_005026.5.fasta	4669	4698	+	30	ACTAACTCTGCAGATGGGGCTAGGACTGTG	CACAGUCCUAGCCCCAUCUGCAGAGUUAGU	0
NM_005026.5:4670-4699	NM_005026.5	NM_005026.5.fasta	4670	4699	+	30	CTAACTCTGCAGATGGGGCTAGGACTGTGG	CCACAGUCCUAGCCCCAUCUGCAGAGUUAG	0
NM_005026.5:4671-4700	NM_005026.5	NM_005026.5.fasta	4671	4700	+	30	TAACTCTGCAGATGGGGCTAGGACTGTGGG	CCCACAGUCCUAGCCCCAUCUGCAGAGUUA	0
NM_005026.5:4672-4701	NM_005026.5	NM_005026.5.fasta	4672	4701	+	30	AACTCTGCAGATGGGGCTAGGACTGTGGGC	GCCCACAGUCCUAGCCCCAUCUGCAGAGUU	0
NM_005026.5:4673-4702	NM_005026.5	NM_005026.5.fasta	4673	4702	+	30	ACTCTGCAGATGGGGCTAGGACTGTGGGCT	AGCCCACAGUCCUAGCCCCAUCUGCAGAGU	0
NM_005026.5:4674-4703	NM_005026.5	NM_005026.5.fasta	4674	4703	+	30	CTCTGCAGATGGGGCTAGGACTGTGGGCTT	AAGCCCACAGUCCUAGCCCCAUCUGCAGAG	0
NM_005026.5:4675-4704	NM_005026.5	NM_005026.5.fasta	4675	4704	+	30	TCTGCAGATGGGGCTAGGACTGTGGGCTTT	AAAGCCCACAGUCCUAGCCCCAUCUGCAGA	0
NM_005026.5:4676-4705	NM_005026.5	NM_005026.5.fasta	4676	4705	+	30	CTGCAGATGGGGCTAGGACTGTGGGCTTTT	AAAAGCCCACAGUCCUAGCCCCAUCUGCAG	0
NM_005026.5:4677-4706	NM_005026.5	NM_005026.5.fasta	4677	4706	+	30	TGCAGATGGGGCTAGGACTGTGGGCTTTTA	UAAAAGCCCACAGUCCUAGCCCCAUCUGCA	0
NM_005026.5:4678-4707	NM_005026.5	NM_005026.5.fasta	4678	4707	+	30	GCAGATGGGGCTAGGACTGTGGGCTTTTAG	CUAAAAGCCCACAGUCCUAGCCCCAUCUGC	0
NM_005026.5:4679-4708	NM_005026.5	NM_005026.5.fasta	4679	4708	+	30	CAGATGGGGCTAGGACTGTGGGCTTTTAGC	GCUAAAAGCCCACAGUCCUAGCCCCAUCUG	0
NM_005026.5:4680-4709	NM_005026.5	NM_005026.5.fasta	4680	4709	+	30	AGATGGGGCTAGGACTGTGGGCTTTTAGCA	UGCUAAAAGCCCACAGUCCUAGCCCCAUCU	0
NM_005026.5:4681-4710	NM_005026.5	NM_005026.5.fasta	4681	4710	+	30	GATGGGGCTAGGACTGTGGGCTTTTAGCAG	CUGCUAAAAGCCCACAGUCCUAGCCCCAUC	0
NM_005026.5:4682-4711	NM_005026.5	NM_005026.5.fasta	4682	4711	+	30	ATGGGGCTAGGACTGTGGGCTTTTAGCAGC	GCUGCUAAAAGCCCACAGUCCUAGCCCCAU	0
NM_005026.5:4683-4712	NM_005026.5	NM_005026.5.fasta	4683	4712	+	30	TGGGGCTAGGACTGTGGGCTTTTAGCAGCC	GGCUGCUAAAAGCCCACAGUCCUAGCCCCA	0
NM_005026.5:4684-4713	NM_005026.5	NM_005026.5.fasta	4684	4713	+	30	GGGGCTAGGACTGTGGGCTTTTAGCAGCCC	GGGCUGCUAAAAGCCCACAGUCCUAGCCCC	0
NM_005026.5:4685-4714	NM_005026.5	NM_005026.5.fasta	4685	4714	+	30	GGGCTAGGACTGTGGGCTTTTAGCAGCCCA	UGGGCUGCUAAAAGCCCACAGUCCUAGCCC	0
NM_005026.5:4686-4715	NM_005026.5	NM_005026.5.fasta	4686	4715	+	30	GGCTAGGACTGTGGGCTTTTAGCAGCCCAC	GUGGGCUGCUAAAAGCCCACAGUCCUAGCC	0
NM_005026.5:4687-4716	NM_005026.5	NM_005026.5.fasta	4687	4716	+	30	GCTAGGACTGTGGGCTTTTAGCAGCCCACA	UGUGGGCUGCUAAAAGCCCACAGUCCUAGC	0
NM_005026.5:4688-4717	NM_005026.5	NM_005026.5.fasta	4688	4717	+	30	CTAGGACTGTGGGCTTTTAGCAGCCCACAG	CUGUGGGCUGCUAAAAGCCCACAGUCCUAG	0
NM_005026.5:4689-4718	NM_005026.5	NM_005026.5.fasta	4689	4718	+	30	TAGGACTGTGGGCTTTTAGCAGCCCACAGG	CCUGUGGGCUGCUAAAAGCCCACAGUCCUA	0
NM_005026.5:4690-4719	NM_005026.5	NM_005026.5.fasta	4690	4719	+	30	AGGACTGTGGGCTTTTAGCAGCCCACAGGT	ACCUGUGGGCUGCUAAAAGCCCACAGUCCU	0
NM_005026.5:4691-4720	NM_005026.5	NM_005026.5.fasta	4691	4720	+	30	GGACTGTGGGCTTTTAGCAGCCCACAGGTG	CACCUGUGGGCUGCUAAAAGCCCACAGUCC	0
NM_005026.5:4692-4721	NM_005026.5	NM_005026.5.fasta	4692	4721	+	30	GACTGTGGGCTTTTAGCAGCCCACAGGTGA	UCACCUGUGGGCUGCUAAAAGCCCACAGUC	0
NM_005026.5:4693-4722	NM_005026.5	NM_005026.5.fasta	4693	4722	+	30	ACTGTGGGCTTTTAGCAGCCCACAGGTGAT	AUCACCUGUGGGCUGCUAAAAGCCCACAGU	0
NM_005026.5:4694-4723	NM_005026.5	NM_005026.5.fasta	4694	4723	+	30	CTGTGGGCTTTTAGCAGCCCACAGGTGATC	GAUCACCUGUGGGCUGCUAAAAGCCCACAG	0
NM_005026.5:4695-4724	NM_005026.5	NM_005026.5.fasta	4695	4724	+	30	TGTGGGCTTTTAGCAGCCCACAGGTGATCC	GGAUCACCUGUGGGCUGCUAAAAGCCCACA	0
NM_005026.5:4696-4725	NM_005026.5	NM_005026.5.fasta	4696	4725	+	30	GTGGGCTTTTAGCAGCCCACAGGTGATCCT	AGGAUCACCUGUGGGCUGCUAAAAGCCCAC	0
NM_005026.5:4697-4726	NM_005026.5	NM_005026.5.fasta	4697	4726	+	30	TGGGCTTTTAGCAGCCCACAGGTGATCCTA	UAGGAUCACCUGUGGGCUGCUAAAAGCCCA	0
NM_005026.5:4698-4727	NM_005026.5	NM_005026.5.fasta	4698	4727	+	30	GGGCTTTTAGCAGCCCACAGGTGATCCTAA	UUAGGAUCACCUGUGGGCUGCUAAAAGCCC	0
NM_005026.5:4699-4728	NM_005026.5	NM_005026.5.fasta	4699	4728	+	30	GGCTTTTAGCAGCCCACAGGTGATCCTAAC	GUUAGGAUCACCUGUGGGCUGCUAAAAGCC	0
NM_005026.5:4700-4729	NM_005026.5	NM_005026.5.fasta	4700	4729	+	30	GCTTTTAGCAGCCCACAGGTGATCCTAACA	UGUUAGGAUCACCUGUGGGCUGCUAAAAGC	0
NM_005026.5:4701-4730	NM_005026.5	NM_005026.5.fasta	4701	4730	+	30	CTTTTAGCAGCCCACAGGTGATCCTAACAT	AUGUUAGGAUCACCUGUGGGCUGCUAAAAG	0
NM_005026.5:4702-4731	NM_005026.5	NM_005026.5.fasta	4702	4731	+	30	TTTTAGCAGCCCACAGGTGATCCTAACATA	UAUGUUAGGAUCACCUGUGGGCUGCUAAAA	0
NM_005026.5:4703-4732	NM_005026.5	NM_005026.5.fasta	4703	4732	+	30	TTTAGCAGCCCACAGGTGATCCTAACATAT	AUAUGUUAGGAUCACCUGUGGGCUGCUAAA	0
NM_005026.5:4704-4733	NM_005026.5	NM_005026.5.fasta	4704	4733	+	30	TTAGCAGCCCACAGGTGATCCTAACATATC	GAUAUGUUAGGAUCACCUGUGGGCUGCUAA	0
NM_005026.5:4705-4734	NM_005026.5	NM_005026.5.fasta	4705	4734	+	30	TAGCAGCCCACAGGTGATCCTAACATATCA	UGAUAUGUUAGGAUCACCUGUGGGCUGCUA	0
NM_005026.5:4706-4735	NM_005026.5	NM_005026.5.fasta	4706	4735	+	30	AGCAGCCCACAGGTGATCCTAACATATCAG	CUGAUAUGUUAGGAUCACCUGUGGGCUGCU	0
NM_005026.5:4707-4736	NM_005026.5	NM_005026.5.fasta	4707	4736	+	30	GCAGCCCACAGGTGATCCTAACATATCAGG	CCUGAUAUGUUAGGAUCACCUGUGGGCUGC	0
NM_005026.5:4708-4737	NM_005026.5	NM_005026.5.fasta	4708	4737	+	30	CAGCCCACAGGTGATCCTAACATATCAGGC	GCCUGAUAUGUUAGGAUCACCUGUGGGCUG	0
NM_005026.5:4709-4738	NM_005026.5	NM_005026.5.fasta	4709	4738	+	30	AGCCCACAGGTGATCCTAACATATCAGGCC	GGCCUGAUAUGUUAGGAUCACCUGUGGGCU	0
NM_005026.5:4710-4739	NM_005026.5	NM_005026.5.fasta	4710	4739	+	30	GCCCACAGGTGATCCTAACATATCAGGCCA	UGGCCUGAUAUGUUAGGAUCACCUGUGGGC	0
NM_005026.5:4711-4740	NM_005026.5	NM_005026.5.fasta	4711	4740	+	30	CCCACAGGTGATCCTAACATATCAGGCCAT	AUGGCCUGAUAUGUUAGGAUCACCUGUGGG	0
NM_005026.5:4712-4741	NM_005026.5	NM_005026.5.fasta	4712	4741	+	30	CCACAGGTGATCCTAACATATCAGGCCATG	CAUGGCCUGAUAUGUUAGGAUCACCUGUGG	0
NM_005026.5:4713-4742	NM_005026.5	NM_005026.5.fasta	4713	4742	+	30	CACAGGTGATCCTAACATATCAGGCCATGG	CCAUGGCCUGAUAUGUUAGGAUCACCUGUG	0
NM_005026.5:4714-4743	NM_005026.5	NM_005026.5.fasta	4714	4743	+	30	ACAGGTGATCCTAACATATCAGGCCATGGA	UCCAUGGCCUGAUAUGUUAGGAUCACCUGU	0
NM_005026.5:4715-4744	NM_005026.5	NM_005026.5.fasta	4715	4744	+	30	CAGGTGATCCTAACATATCAGGCCATGGAC	GUCCAUGGCCUGAUAUGUUAGGAUCACCUG	0
NM_005026.5:4716-4745	NM_005026.5	NM_005026.5.fasta	4716	4745	+	30	AGGTGATCCTAACATATCAGGCCATGGACT	AGUCCAUGGCCUGAUAUGUUAGGAUCACCU	0
NM_005026.5:4717-4746	NM_005026.5	NM_005026.5.fasta	4717	4746	+	30	GGTGATCCTAACATATCAGGCCATGGACTC	GAGUCCAUGGCCUGAUAUGUUAGGAUCACC	0
NM_005026.5:4718-4747	NM_005026.5	NM_005026.5.fasta	4718	4747	+	30	GTGATCCTAACATATCAGGCCATGGACTCA	UGAGUCCAUGGCCUGAUAUGUUAGGAUCAC	0
NM_005026.5:4719-4748	NM_005026.5	NM_005026.5.fasta	4719	4748	+	30	TGATCCTAACATATCAGGCCATGGACTCAG	CUGAGUCCAUGGCCUGAUAUGUUAGGAUCA	0
NM_005026.5:4720-4749	NM_005026.5	NM_005026.5.fasta	4720	4749	+	30	GATCCTAACATATCAGGCCATGGACTCAGG	CCUGAGUCCAUGGCCUGAUAUGUUAGGAUC	0
NM_005026.5:4721-4750	NM_005026.5	NM_005026.5.fasta	4721	4750	+	30	ATCCTAACATATCAGGCCATGGACTCAGGA	UCCUGAGUCCAUGGCCUGAUAUGUUAGGAU	0
NM_005026.5:4722-4751	NM_005026.5	NM_005026.5.fasta	4722	4751	+	30	TCCTAACATATCAGGCCATGGACTCAGGAC	GUCCUGAGUCCAUGGCCUGAUAUGUUAGGA	0
NM_005026.5:4723-4752	NM_005026.5	NM_005026.5.fasta	4723	4752	+	30	CCTAACATATCAGGCCATGGACTCAGGACC	GGUCCUGAGUCCAUGGCCUGAUAUGUUAGG	0
NM_005026.5:4724-4753	NM_005026.5	NM_005026.5.fasta	4724	4753	+	30	CTAACATATCAGGCCATGGACTCAGGACCT	AGGUCCUGAGUCCAUGGCCUGAUAUGUUAG	0
NM_005026.5:4725-4754	NM_005026.5	NM_005026.5.fasta	4725	4754	+	30	TAACATATCAGGCCATGGACTCAGGACCTG	CAGGUCCUGAGUCCAUGGCCUGAUAUGUUA	0
NM_005026.5:4726-4755	NM_005026.5	NM_005026.5.fasta	4726	4755	+	30	AACATATCAGGCCATGGACTCAGGACCTGC	GCAGGUCCUGAGUCCAUGGCCUGAUAUGUU	0
NM_005026.5:4727-4756	NM_005026.5	NM_005026.5.fasta	4727	4756	+	30	ACATATCAGGCCATGGACTCAGGACCTGCC	GGCAGGUCCUGAGUCCAUGGCCUGAUAUGU	0
NM_005026.5:4728-4757	NM_005026.5	NM_005026.5.fasta	4728	4757	+	30	CATATCAGGCCATGGACTCAGGACCTGCCC	GGGCAGGUCCUGAGUCCAUGGCCUGAUAUG	0
NM_005026.5:4729-4758	NM_005026.5	NM_005026.5.fasta	4729	4758	+	30	ATATCAGGCCATGGACTCAGGACCTGCCCG	CGGGCAGGUCCUGAGUCCAUGGCCUGAUAU	0
NM_005026.5:4730-4759	NM_005026.5	NM_005026.5.fasta	4730	4759	+	30	TATCAGGCCATGGACTCAGGACCTGCCCGG	CCGGGCAGGUCCUGAGUCCAUGGCCUGAUA	0
NM_005026.5:4731-4760	NM_005026.5	NM_005026.5.fasta	4731	4760	+	30	ATCAGGCCATGGACTCAGGACCTGCCCGGT	ACCGGGCAGGUCCUGAGUCCAUGGCCUGAU	0
NM_005026.5:4732-4761	NM_005026.5	NM_005026.5.fasta	4732	4761	+	30	TCAGGCCATGGACTCAGGACCTGCCCGGTG	CACCGGGCAGGUCCUGAGUCCAUGGCCUGA	0
NM_005026.5:4733-4762	NM_005026.5	NM_005026.5.fasta	4733	4762	+	30	CAGGCCATGGACTCAGGACCTGCCCGGTGA	UCACCGGGCAGGUCCUGAGUCCAUGGCCUG	0
NM_005026.5:4734-4763	NM_005026.5	NM_005026.5.fasta	4734	4763	+	30	AGGCCATGGACTCAGGACCTGCCCGGTGAT	AUCACCGGGCAGGUCCUGAGUCCAUGGCCU	0
NM_005026.5:4735-4764	NM_005026.5	NM_005026.5.fasta	4735	4764	+	30	GGCCATGGACTCAGGACCTGCCCGGTGATG	CAUCACCGGGCAGGUCCUGAGUCCAUGGCC	0
NM_005026.5:4736-4765	NM_005026.5	NM_005026.5.fasta	4736	4765	+	30	GCCATGGACTCAGGACCTGCCCGGTGATGC	GCAUCACCGGGCAGGUCCUGAGUCCAUGGC	0
NM_005026.5:4737-4766	NM_005026.5	NM_005026.5.fasta	4737	4766	+	30	CCATGGACTCAGGACCTGCCCGGTGATGCT	AGCAUCACCGGGCAGGUCCUGAGUCCAUGG	0
NM_005026.5:4738-4767	NM_005026.5	NM_005026.5.fasta	4738	4767	+	30	CATGGACTCAGGACCTGCCCGGTGATGCTG	CAGCAUCACCGGGCAGGUCCUGAGUCCAUG	0
NM_005026.5:4739-4768	NM_005026.5	NM_005026.5.fasta	4739	4768	+	30	ATGGACTCAGGACCTGCCCGGTGATGCTGT	ACAGCAUCACCGGGCAGGUCCUGAGUCCAU	0
NM_005026.5:4740-4769	NM_005026.5	NM_005026.5.fasta	4740	4769	+	30	TGGACTCAGGACCTGCCCGGTGATGCTGTT	AACAGCAUCACCGGGCAGGUCCUGAGUCCA	0
NM_005026.5:4741-4770	NM_005026.5	NM_005026.5.fasta	4741	4770	+	30	GGACTCAGGACCTGCCCGGTGATGCTGTTG	CAACAGCAUCACCGGGCAGGUCCUGAGUCC	0
NM_005026.5:4742-4771	NM_005026.5	NM_005026.5.fasta	4742	4771	+	30	GACTCAGGACCTGCCCGGTGATGCTGTTGA	UCAACAGCAUCACCGGGCAGGUCCUGAGUC	0
NM_005026.5:4743-4772	NM_005026.5	NM_005026.5.fasta	4743	4772	+	30	ACTCAGGACCTGCCCGGTGATGCTGTTGAT	AUCAACAGCAUCACCGGGCAGGUCCUGAGU	0
NM_005026.5:4744-4773	NM_005026.5	NM_005026.5.fasta	4744	4773	+	30	CTCAGGACCTGCCCGGTGATGCTGTTGATT	AAUCAACAGCAUCACCGGGCAGGUCCUGAG	0
NM_005026.5:4745-4774	NM_005026.5	NM_005026.5.fasta	4745	4774	+	30	TCAGGACCTGCCCGGTGATGCTGTTGATTT	AAAUCAACAGCAUCACCGGGCAGGUCCUGA	0
NM_005026.5:4746-4775	NM_005026.5	NM_005026.5.fasta	4746	4775	+	30	CAGGACCTGCCCGGTGATGCTGTTGATTTC	GAAAUCAACAGCAUCACCGGGCAGGUCCUG	0
NM_005026.5:4747-4776	NM_005026.5	NM_005026.5.fasta	4747	4776	+	30	AGGACCTGCCCGGTGATGCTGTTGATTTCT	AGAAAUCAACAGCAUCACCGGGCAGGUCCU	0
NM_005026.5:4748-4777	NM_005026.5	NM_005026.5.fasta	4748	4777	+	30	GGACCTGCCCGGTGATGCTGTTGATTTCTC	GAGAAAUCAACAGCAUCACCGGGCAGGUCC	0
NM_005026.5:4749-4778	NM_005026.5	NM_005026.5.fasta	4749	4778	+	30	GACCTGCCCGGTGATGCTGTTGATTTCTCA	UGAGAAAUCAACAGCAUCACCGGGCAGGUC	0
NM_005026.5:4750-4779	NM_005026.5	NM_005026.5.fasta	4750	4779	+	30	ACCTGCCCGGTGATGCTGTTGATTTCTCAA	UUGAGAAAUCAACAGCAUCACCGGGCAGGU	0
NM_005026.5:4751-4780	NM_005026.5	NM_005026.5.fasta	4751	4780	+	30	CCTGCCCGGTGATGCTGTTGATTTCTCAAA	UUUGAGAAAUCAACAGCAUCACCGGGCAGG	0
NM_005026.5:4752-4781	NM_005026.5	NM_005026.5.fasta	4752	4781	+	30	CTGCCCGGTGATGCTGTTGATTTCTCAAAG	CUUUGAGAAAUCAACAGCAUCACCGGGCAG	0
NM_005026.5:4753-4782	NM_005026.5	NM_005026.5.fasta	4753	4782	+	30	TGCCCGGTGATGCTGTTGATTTCTCAAAGG	CCUUUGAGAAAUCAACAGCAUCACCGGGCA	0
NM_005026.5:4754-4783	NM_005026.5	NM_005026.5.fasta	4754	4783	+	30	GCCCGGTGATGCTGTTGATTTCTCAAAGGT	ACCUUUGAGAAAUCAACAGCAUCACCGGGC	0
NM_005026.5:4755-4784	NM_005026.5	NM_005026.5.fasta	4755	4784	+	30	CCCGGTGATGCTGTTGATTTCTCAAAGGTC	GACCUUUGAGAAAUCAACAGCAUCACCGGG	0
NM_005026.5:4756-4785	NM_005026.5	NM_005026.5.fasta	4756	4785	+	30	CCGGTGATGCTGTTGATTTCTCAAAGGTCT	AGACCUUUGAGAAAUCAACAGCAUCACCGG	0
NM_005026.5:4757-4786	NM_005026.5	NM_005026.5.fasta	4757	4786	+	30	CGGTGATGCTGTTGATTTCTCAAAGGTCTT	AAGACCUUUGAGAAAUCAACAGCAUCACCG	0
NM_005026.5:4758-4787	NM_005026.5	NM_005026.5.fasta	4758	4787	+	30	GGTGATGCTGTTGATTTCTCAAAGGTCTTC	GAAGACCUUUGAGAAAUCAACAGCAUCACC	0
NM_005026.5:4759-4788	NM_005026.5	NM_005026.5.fasta	4759	4788	+	30	GTGATGCTGTTGATTTCTCAAAGGTCTTCC	GGAAGACCUUUGAGAAAUCAACAGCAUCAC	0
NM_005026.5:4760-4789	NM_005026.5	NM_005026.5.fasta	4760	4789	+	30	TGATGCTGTTGATTTCTCAAAGGTCTTCCA	UGGAAGACCUUUGAGAAAUCAACAGCAUCA	0
NM_005026.5:4761-4790	NM_005026.5	NM_005026.5.fasta	4761	4790	+	30	GATGCTGTTGATTTCTCAAAGGTCTTCCAA	UUGGAAGACCUUUGAGAAAUCAACAGCAUC	0
NM_005026.5:4762-4791	NM_005026.5	NM_005026.5.fasta	4762	4791	+	30	ATGCTGTTGATTTCTCAAAGGTCTTCCAAA	UUUGGAAGACCUUUGAGAAAUCAACAGCAU	0
NM_005026.5:4763-4792	NM_005026.5	NM_005026.5.fasta	4763	4792	+	30	TGCTGTTGATTTCTCAAAGGTCTTCCAAAA	UUUUGGAAGACCUUUGAGAAAUCAACAGCA	0
NM_005026.5:4764-4793	NM_005026.5	NM_005026.5.fasta	4764	4793	+	30	GCTGTTGATTTCTCAAAGGTCTTCCAAAAC	GUUUUGGAAGACCUUUGAGAAAUCAACAGC	0
NM_005026.5:4765-4794	NM_005026.5	NM_005026.5.fasta	4765	4794	+	30	CTGTTGATTTCTCAAAGGTCTTCCAAAACT	AGUUUUGGAAGACCUUUGAGAAAUCAACAG	0
NM_005026.5:4766-4795	NM_005026.5	NM_005026.5.fasta	4766	4795	+	30	TGTTGATTTCTCAAAGGTCTTCCAAAACTC	GAGUUUUGGAAGACCUUUGAGAAAUCAACA	0
NM_005026.5:4767-4796	NM_005026.5	NM_005026.5.fasta	4767	4796	+	30	GTTGATTTCTCAAAGGTCTTCCAAAACTCA	UGAGUUUUGGAAGACCUUUGAGAAAUCAAC	0
NM_005026.5:4768-4797	NM_005026.5	NM_005026.5.fasta	4768	4797	+	30	TTGATTTCTCAAAGGTCTTCCAAAACTCAA	UUGAGUUUUGGAAGACCUUUGAGAAAUCAA	0
NM_005026.5:4769-4798	NM_005026.5	NM_005026.5.fasta	4769	4798	+	30	TGATTTCTCAAAGGTCTTCCAAAACTCAAC	GUUGAGUUUUGGAAGACCUUUGAGAAAUCA	0
NM_005026.5:4770-4799	NM_005026.5	NM_005026.5.fasta	4770	4799	+	30	GATTTCTCAAAGGTCTTCCAAAACTCAACA	UGUUGAGUUUUGGAAGACCUUUGAGAAAUC	0
NM_005026.5:4771-4800	NM_005026.5	NM_005026.5.fasta	4771	4800	+	30	ATTTCTCAAAGGTCTTCCAAAACTCAACAG	CUGUUGAGUUUUGGAAGACCUUUGAGAAAU	0
NM_005026.5:4772-4801	NM_005026.5	NM_005026.5.fasta	4772	4801	+	30	TTTCTCAAAGGTCTTCCAAAACTCAACAGA	UCUGUUGAGUUUUGGAAGACCUUUGAGAAA	0
NM_005026.5:4773-4802	NM_005026.5	NM_005026.5.fasta	4773	4802	+	30	TTCTCAAAGGTCTTCCAAAACTCAACAGAG	CUCUGUUGAGUUUUGGAAGACCUUUGAGAA	0
NM_005026.5:4774-4803	NM_005026.5	NM_005026.5.fasta	4774	4803	+	30	TCTCAAAGGTCTTCCAAAACTCAACAGAGC	GCUCUGUUGAGUUUUGGAAGACCUUUGAGA	0
NM_005026.5:4775-4804	NM_005026.5	NM_005026.5.fasta	4775	4804	+	30	CTCAAAGGTCTTCCAAAACTCAACAGAGCC	GGCUCUGUUGAGUUUUGGAAGACCUUUGAG	0
NM_005026.5:4776-4805	NM_005026.5	NM_005026.5.fasta	4776	4805	+	30	TCAAAGGTCTTCCAAAACTCAACAGAGCCA	UGGCUCUGUUGAGUUUUGGAAGACCUUUGA	0
NM_005026.5:4777-4806	NM_005026.5	NM_005026.5.fasta	4777	4806	+	30	CAAAGGTCTTCCAAAACTCAACAGAGCCAG	CUGGCUCUGUUGAGUUUUGGAAGACCUUUG	0
NM_005026.5:4778-4807	NM_005026.5	NM_005026.5.fasta	4778	4807	+	30	AAAGGTCTTCCAAAACTCAACAGAGCCAGA	UCUGGCUCUGUUGAGUUUUGGAAGACCUUU	0
NM_005026.5:4779-4808	NM_005026.5	NM_005026.5.fasta	4779	4808	+	30	AAGGTCTTCCAAAACTCAACAGAGCCAGAA	UUCUGGCUCUGUUGAGUUUUGGAAGACCUU	0
NM_005026.5:4780-4809	NM_005026.5	NM_005026.5.fasta	4780	4809	+	30	AGGTCTTCCAAAACTCAACAGAGCCAGAAG	CUUCUGGCUCUGUUGAGUUUUGGAAGACCU	0
NM_005026.5:4781-4810	NM_005026.5	NM_005026.5.fasta	4781	4810	+	30	GGTCTTCCAAAACTCAACAGAGCCAGAAGT	ACUUCUGGCUCUGUUGAGUUUUGGAAGACC	0
NM_005026.5:4782-4811	NM_005026.5	NM_005026.5.fasta	4782	4811	+	30	GTCTTCCAAAACTCAACAGAGCCAGAAGTA	UACUUCUGGCUCUGUUGAGUUUUGGAAGAC	0
NM_005026.5:4783-4812	NM_005026.5	NM_005026.5.fasta	4783	4812	+	30	TCTTCCAAAACTCAACAGAGCCAGAAGTAG	CUACUUCUGGCUCUGUUGAGUUUUGGAAGA	0
NM_005026.5:4784-4813	NM_005026.5	NM_005026.5.fasta	4784	4813	+	30	CTTCCAAAACTCAACAGAGCCAGAAGTAGC	GCUACUUCUGGCUCUGUUGAGUUUUGGAAG	0
NM_005026.5:4785-4814	NM_005026.5	NM_005026.5.fasta	4785	4814	+	30	TTCCAAAACTCAACAGAGCCAGAAGTAGCC	GGCUACUUCUGGCUCUGUUGAGUUUUGGAA	0
NM_005026.5:4786-4815	NM_005026.5	NM_005026.5.fasta	4786	4815	+	30	TCCAAAACTCAACAGAGCCAGAAGTAGCCG	CGGCUACUUCUGGCUCUGUUGAGUUUUGGA	0
NM_005026.5:4787-4816	NM_005026.5	NM_005026.5.fasta	4787	4816	+	30	CCAAAACTCAACAGAGCCAGAAGTAGCCGC	GCGGCUACUUCUGGCUCUGUUGAGUUUUGG	0
NM_005026.5:4788-4817	NM_005026.5	NM_005026.5.fasta	4788	4817	+	30	CAAAACTCAACAGAGCCAGAAGTAGCCGCC	GGCGGCUACUUCUGGCUCUGUUGAGUUUUG	0
NM_005026.5:4789-4818	NM_005026.5	NM_005026.5.fasta	4789	4818	+	30	AAAACTCAACAGAGCCAGAAGTAGCCGCCC	GGGCGGCUACUUCUGGCUCUGUUGAGUUUU	0
NM_005026.5:4790-4819	NM_005026.5	NM_005026.5.fasta	4790	4819	+	30	AAACTCAACAGAGCCAGAAGTAGCCGCCCG	CGGGCGGCUACUUCUGGCUCUGUUGAGUUU	0
NM_005026.5:4791-4820	NM_005026.5	NM_005026.5.fasta	4791	4820	+	30	AACTCAACAGAGCCAGAAGTAGCCGCCCGC	GCGGGCGGCUACUUCUGGCUCUGUUGAGUU	0
NM_005026.5:4792-4821	NM_005026.5	NM_005026.5.fasta	4792	4821	+	30	ACTCAACAGAGCCAGAAGTAGCCGCCCGCT	AGCGGGCGGCUACUUCUGGCUCUGUUGAGU	0
NM_005026.5:4793-4822	NM_005026.5	NM_005026.5.fasta	4793	4822	+	30	CTCAACAGAGCCAGAAGTAGCCGCCCGCTC	GAGCGGGCGGCUACUUCUGGCUCUGUUGAG	0
NM_005026.5:4794-4823	NM_005026.5	NM_005026.5.fasta	4794	4823	+	30	TCAACAGAGCCAGAAGTAGCCGCCCGCTCA	UGAGCGGGCGGCUACUUCUGGCUCUGUUGA	0
NM_005026.5:4795-4824	NM_005026.5	NM_005026.5.fasta	4795	4824	+	30	CAACAGAGCCAGAAGTAGCCGCCCGCTCAG	CUGAGCGGGCGGCUACUUCUGGCUCUGUUG	0
NM_005026.5:4796-4825	NM_005026.5	NM_005026.5.fasta	4796	4825	+	30	AACAGAGCCAGAAGTAGCCGCCCGCTCAGC	GCUGAGCGGGCGGCUACUUCUGGCUCUGUU	0
NM_005026.5:4797-4826	NM_005026.5	NM_005026.5.fasta	4797	4826	+	30	ACAGAGCCAGAAGTAGCCGCCCGCTCAGCG	CGCUGAGCGGGCGGCUACUUCUGGCUCUGU	0
NM_005026.5:4798-4827	NM_005026.5	NM_005026.5.fasta	4798	4827	+	30	CAGAGCCAGAAGTAGCCGCCCGCTCAGCGG	CCGCUGAGCGGGCGGCUACUUCUGGCUCUG	0
NM_005026.5:4799-4828	NM_005026.5	NM_005026.5.fasta	4799	4828	+	30	AGAGCCAGAAGTAGCCGCCCGCTCAGCGGC	GCCGCUGAGCGGGCGGCUACUUCUGGCUCU	0
NM_005026.5:4800-4829	NM_005026.5	NM_005026.5.fasta	4800	4829	+	30	GAGCCAGAAGTAGCCGCCCGCTCAGCGGCT	AGCCGCUGAGCGGGCGGCUACUUCUGGCUC	0
NM_005026.5:4801-4830	NM_005026.5	NM_005026.5.fasta	4801	4830	+	30	AGCCAGAAGTAGCCGCCCGCTCAGCGGCTC	GAGCCGCUGAGCGGGCGGCUACUUCUGGCU	0
NM_005026.5:4802-4831	NM_005026.5	NM_005026.5.fasta	4802	4831	+	30	GCCAGAAGTAGCCGCCCGCTCAGCGGCTCA	UGAGCCGCUGAGCGGGCGGCUACUUCUGGC	0
NM_005026.5:4803-4832	NM_005026.5	NM_005026.5.fasta	4803	4832	+	30	CCAGAAGTAGCCGCCCGCTCAGCGGCTCAG	CUGAGCCGCUGAGCGGGCGGCUACUUCUGG	0
NM_005026.5:4804-4833	NM_005026.5	NM_005026.5.fasta	4804	4833	+	30	CAGAAGTAGCCGCCCGCTCAGCGGCTCAGG	CCUGAGCCGCUGAGCGGGCGGCUACUUCUG	0
NM_005026.5:4805-4834	NM_005026.5	NM_005026.5.fasta	4805	4834	+	30	AGAAGTAGCCGCCCGCTCAGCGGCTCAGGT	ACCUGAGCCGCUGAGCGGGCGGCUACUUCU	0
NM_005026.5:4806-4835	NM_005026.5	NM_005026.5.fasta	4806	4835	+	30	GAAGTAGCCGCCCGCTCAGCGGCTCAGGTG	CACCUGAGCCGCUGAGCGGGCGGCUACUUC	0
NM_005026.5:4807-4836	NM_005026.5	NM_005026.5.fasta	4807	4836	+	30	AAGTAGCCGCCCGCTCAGCGGCTCAGGTGC	GCACCUGAGCCGCUGAGCGGGCGGCUACUU	0
NM_005026.5:4808-4837	NM_005026.5	NM_005026.5.fasta	4808	4837	+	30	AGTAGCCGCCCGCTCAGCGGCTCAGGTGCC	GGCACCUGAGCCGCUGAGCGGGCGGCUACU	0
NM_005026.5:4809-4838	NM_005026.5	NM_005026.5.fasta	4809	4838	+	30	GTAGCCGCCCGCTCAGCGGCTCAGGTGCCA	UGGCACCUGAGCCGCUGAGCGGGCGGCUAC	0
NM_005026.5:4810-4839	NM_005026.5	NM_005026.5.fasta	4810	4839	+	30	TAGCCGCCCGCTCAGCGGCTCAGGTGCCAG	CUGGCACCUGAGCCGCUGAGCGGGCGGCUA	0
NM_005026.5:4811-4840	NM_005026.5	NM_005026.5.fasta	4811	4840	+	30	AGCCGCCCGCTCAGCGGCTCAGGTGCCAGC	GCUGGCACCUGAGCCGCUGAGCGGGCGGCU	0
NM_005026.5:4812-4841	NM_005026.5	NM_005026.5.fasta	4812	4841	+	30	GCCGCCCGCTCAGCGGCTCAGGTGCCAGCT	AGCUGGCACCUGAGCCGCUGAGCGGGCGGC	0
NM_005026.5:4813-4842	NM_005026.5	NM_005026.5.fasta	4813	4842	+	30	CCGCCCGCTCAGCGGCTCAGGTGCCAGCTC	GAGCUGGCACCUGAGCCGCUGAGCGGGCGG	0
NM_005026.5:4814-4843	NM_005026.5	NM_005026.5.fasta	4814	4843	+	30	CGCCCGCTCAGCGGCTCAGGTGCCAGCTCT	AGAGCUGGCACCUGAGCCGCUGAGCGGGCG	0
NM_005026.5:4815-4844	NM_005026.5	NM_005026.5.fasta	4815	4844	+	30	GCCCGCTCAGCGGCTCAGGTGCCAGCTCTG	CAGAGCUGGCACCUGAGCCGCUGAGCGGGC	0
NM_005026.5:4816-4845	NM_005026.5	NM_005026.5.fasta	4816	4845	+	30	CCCGCTCAGCGGCTCAGGTGCCAGCTCTGT	ACAGAGCUGGCACCUGAGCCGCUGAGCGGG	0
NM_005026.5:4817-4846	NM_005026.5	NM_005026.5.fasta	4817	4846	+	30	CCGCTCAGCGGCTCAGGTGCCAGCTCTGTT	AACAGAGCUGGCACCUGAGCCGCUGAGCGG	0
NM_005026.5:4818-4847	NM_005026.5	NM_005026.5.fasta	4818	4847	+	30	CGCTCAGCGGCTCAGGTGCCAGCTCTGTTC	GAACAGAGCUGGCACCUGAGCCGCUGAGCG	0
NM_005026.5:4819-4848	NM_005026.5	NM_005026.5.fasta	4819	4848	+	30	GCTCAGCGGCTCAGGTGCCAGCTCTGTTCT	AGAACAGAGCUGGCACCUGAGCCGCUGAGC	0
NM_005026.5:4820-4849	NM_005026.5	NM_005026.5.fasta	4820	4849	+	30	CTCAGCGGCTCAGGTGCCAGCTCTGTTCTG	CAGAACAGAGCUGGCACCUGAGCCGCUGAG	0
NM_005026.5:4821-4850	NM_005026.5	NM_005026.5.fasta	4821	4850	+	30	TCAGCGGCTCAGGTGCCAGCTCTGTTCTGA	UCAGAACAGAGCUGGCACCUGAGCCGCUGA	0
NM_005026.5:4822-4851	NM_005026.5	NM_005026.5.fasta	4822	4851	+	30	CAGCGGCTCAGGTGCCAGCTCTGTTCTGAT	AUCAGAACAGAGCUGGCACCUGAGCCGCUG	0
NM_005026.5:4823-4852	NM_005026.5	NM_005026.5.fasta	4823	4852	+	30	AGCGGCTCAGGTGCCAGCTCTGTTCTGATT	AAUCAGAACAGAGCUGGCACCUGAGCCGCU	0
NM_005026.5:4824-4853	NM_005026.5	NM_005026.5.fasta	4824	4853	+	30	GCGGCTCAGGTGCCAGCTCTGTTCTGATTC	GAAUCAGAACAGAGCUGGCACCUGAGCCGC	0
NM_005026.5:4825-4854	NM_005026.5	NM_005026.5.fasta	4825	4854	+	30	CGGCTCAGGTGCCAGCTCTGTTCTGATTCA	UGAAUCAGAACAGAGCUGGCACCUGAGCCG	0
NM_005026.5:4826-4855	NM_005026.5	NM_005026.5.fasta	4826	4855	+	30	GGCTCAGGTGCCAGCTCTGTTCTGATTCAC	GUGAAUCAGAACAGAGCUGGCACCUGAGCC	0
NM_005026.5:4827-4856	NM_005026.5	NM_005026.5.fasta	4827	4856	+	30	GCTCAGGTGCCAGCTCTGTTCTGATTCACC	GGUGAAUCAGAACAGAGCUGGCACCUGAGC	0
NM_005026.5:4828-4857	NM_005026.5	NM_005026.5.fasta	4828	4857	+	30	CTCAGGTGCCAGCTCTGTTCTGATTCACCA	UGGUGAAUCAGAACAGAGCUGGCACCUGAG	0
NM_005026.5:4829-4858	NM_005026.5	NM_005026.5.fasta	4829	4858	+	30	TCAGGTGCCAGCTCTGTTCTGATTCACCAG	CUGGUGAAUCAGAACAGAGCUGGCACCUGA	0
NM_005026.5:4830-4859	NM_005026.5	NM_005026.5.fasta	4830	4859	+	30	CAGGTGCCAGCTCTGTTCTGATTCACCAGG	CCUGGUGAAUCAGAACAGAGCUGGCACCUG	0
NM_005026.5:4831-4860	NM_005026.5	NM_005026.5.fasta	4831	4860	+	30	AGGTGCCAGCTCTGTTCTGATTCACCAGGG	CCCUGGUGAAUCAGAACAGAGCUGGCACCU	0
NM_005026.5:4832-4861	NM_005026.5	NM_005026.5.fasta	4832	4861	+	30	GGTGCCAGCTCTGTTCTGATTCACCAGGGG	CCCCUGGUGAAUCAGAACAGAGCUGGCACC	0
NM_005026.5:4833-4862	NM_005026.5	NM_005026.5.fasta	4833	4862	+	30	GTGCCAGCTCTGTTCTGATTCACCAGGGGT	ACCCCUGGUGAAUCAGAACAGAGCUGGCAC	0
NM_005026.5:4834-4863	NM_005026.5	NM_005026.5.fasta	4834	4863	+	30	TGCCAGCTCTGTTCTGATTCACCAGGGGTC	GACCCCUGGUGAAUCAGAACAGAGCUGGCA	0
NM_005026.5:4835-4864	NM_005026.5	NM_005026.5.fasta	4835	4864	+	30	GCCAGCTCTGTTCTGATTCACCAGGGGTCC	GGACCCCUGGUGAAUCAGAACAGAGCUGGC	0
NM_005026.5:4836-4865	NM_005026.5	NM_005026.5.fasta	4836	4865	+	30	CCAGCTCTGTTCTGATTCACCAGGGGTCCG	CGGACCCCUGGUGAAUCAGAACAGAGCUGG	0
NM_005026.5:4837-4866	NM_005026.5	NM_005026.5.fasta	4837	4866	+	30	CAGCTCTGTTCTGATTCACCAGGGGTCCGT	ACGGACCCCUGGUGAAUCAGAACAGAGCUG	0
NM_005026.5:4838-4867	NM_005026.5	NM_005026.5.fasta	4838	4867	+	30	AGCTCTGTTCTGATTCACCAGGGGTCCGTC	GACGGACCCCUGGUGAAUCAGAACAGAGCU	0
NM_005026.5:4839-4868	NM_005026.5	NM_005026.5.fasta	4839	4868	+	30	GCTCTGTTCTGATTCACCAGGGGTCCGTCA	UGACGGACCCCUGGUGAAUCAGAACAGAGC	0
NM_005026.5:4840-4869	NM_005026.5	NM_005026.5.fasta	4840	4869	+	30	CTCTGTTCTGATTCACCAGGGGTCCGTCAG	CUGACGGACCCCUGGUGAAUCAGAACAGAG	0
NM_005026.5:4841-4870	NM_005026.5	NM_005026.5.fasta	4841	4870	+	30	TCTGTTCTGATTCACCAGGGGTCCGTCAGT	ACUGACGGACCCCUGGUGAAUCAGAACAGA	0
NM_005026.5:4842-4871	NM_005026.5	NM_005026.5.fasta	4842	4871	+	30	CTGTTCTGATTCACCAGGGGTCCGTCAGTA	UACUGACGGACCCCUGGUGAAUCAGAACAG	0
NM_005026.5:4843-4872	NM_005026.5	NM_005026.5.fasta	4843	4872	+	30	TGTTCTGATTCACCAGGGGTCCGTCAGTAG	CUACUGACGGACCCCUGGUGAAUCAGAACA	0
NM_005026.5:4844-4873	NM_005026.5	NM_005026.5.fasta	4844	4873	+	30	GTTCTGATTCACCAGGGGTCCGTCAGTAGT	ACUACUGACGGACCCCUGGUGAAUCAGAAC	0
NM_005026.5:4845-4874	NM_005026.5	NM_005026.5.fasta	4845	4874	+	30	TTCTGATTCACCAGGGGTCCGTCAGTAGTC	GACUACUGACGGACCCCUGGUGAAUCAGAA	0
NM_005026.5:4846-4875	NM_005026.5	NM_005026.5.fasta	4846	4875	+	30	TCTGATTCACCAGGGGTCCGTCAGTAGTCA	UGACUACUGACGGACCCCUGGUGAAUCAGA	0
NM_005026.5:4847-4876	NM_005026.5	NM_005026.5.fasta	4847	4876	+	30	CTGATTCACCAGGGGTCCGTCAGTAGTCAT	AUGACUACUGACGGACCCCUGGUGAAUCAG	0
NM_005026.5:4848-4877	NM_005026.5	NM_005026.5.fasta	4848	4877	+	30	TGATTCACCAGGGGTCCGTCAGTAGTCATT	AAUGACUACUGACGGACCCCUGGUGAAUCA	0
NM_005026.5:4849-4878	NM_005026.5	NM_005026.5.fasta	4849	4878	+	30	GATTCACCAGGGGTCCGTCAGTAGTCATTG	CAAUGACUACUGACGGACCCCUGGUGAAUC	0
NM_005026.5:4850-4879	NM_005026.5	NM_005026.5.fasta	4850	4879	+	30	ATTCACCAGGGGTCCGTCAGTAGTCATTGC	GCAAUGACUACUGACGGACCCCUGGUGAAU	0
NM_005026.5:4851-4880	NM_005026.5	NM_005026.5.fasta	4851	4880	+	30	TTCACCAGGGGTCCGTCAGTAGTCATTGCC	GGCAAUGACUACUGACGGACCCCUGGUGAA	0
NM_005026.5:4852-4881	NM_005026.5	NM_005026.5.fasta	4852	4881	+	30	TCACCAGGGGTCCGTCAGTAGTCATTGCCA	UGGCAAUGACUACUGACGGACCCCUGGUGA	0
NM_005026.5:4853-4882	NM_005026.5	NM_005026.5.fasta	4853	4882	+	30	CACCAGGGGTCCGTCAGTAGTCATTGCCAC	GUGGCAAUGACUACUGACGGACCCCUGGUG	0
NM_005026.5:4854-4883	NM_005026.5	NM_005026.5.fasta	4854	4883	+	30	ACCAGGGGTCCGTCAGTAGTCATTGCCACC	GGUGGCAAUGACUACUGACGGACCCCUGGU	0
NM_005026.5:4855-4884	NM_005026.5	NM_005026.5.fasta	4855	4884	+	30	CCAGGGGTCCGTCAGTAGTCATTGCCACCC	GGGUGGCAAUGACUACUGACGGACCCCUGG	0
NM_005026.5:4856-4885	NM_005026.5	NM_005026.5.fasta	4856	4885	+	30	CAGGGGTCCGTCAGTAGTCATTGCCACCCG	CGGGUGGCAAUGACUACUGACGGACCCCUG	0
NM_005026.5:4857-4886	NM_005026.5	NM_005026.5.fasta	4857	4886	+	30	AGGGGTCCGTCAGTAGTCATTGCCACCCGC	GCGGGUGGCAAUGACUACUGACGGACCCCU	0
NM_005026.5:4858-4887	NM_005026.5	NM_005026.5.fasta	4858	4887	+	30	GGGGTCCGTCAGTAGTCATTGCCACCCGCG	CGCGGGUGGCAAUGACUACUGACGGACCCC	0
NM_005026.5:4859-4888	NM_005026.5	NM_005026.5.fasta	4859	4888	+	30	GGGTCCGTCAGTAGTCATTGCCACCCGCGG	CCGCGGGUGGCAAUGACUACUGACGGACCC	0
NM_005026.5:4860-4889	NM_005026.5	NM_005026.5.fasta	4860	4889	+	30	GGTCCGTCAGTAGTCATTGCCACCCGCGGG	CCCGCGGGUGGCAAUGACUACUGACGGACC	0
NM_005026.5:4861-4890	NM_005026.5	NM_005026.5.fasta	4861	4890	+	30	GTCCGTCAGTAGTCATTGCCACCCGCGGGG	CCCCGCGGGUGGCAAUGACUACUGACGGAC	0
NM_005026.5:4862-4891	NM_005026.5	NM_005026.5.fasta	4862	4891	+	30	TCCGTCAGTAGTCATTGCCACCCGCGGGGC	GCCCCGCGGGUGGCAAUGACUACUGACGGA	0
NM_005026.5:4863-4892	NM_005026.5	NM_005026.5.fasta	4863	4892	+	30	CCGTCAGTAGTCATTGCCACCCGCGGGGCA	UGCCCCGCGGGUGGCAAUGACUACUGACGG	0
NM_005026.5:4864-4893	NM_005026.5	NM_005026.5.fasta	4864	4893	+	30	CGTCAGTAGTCATTGCCACCCGCGGGGCAC	GUGCCCCGCGGGUGGCAAUGACUACUGACG	0
NM_005026.5:4865-4894	NM_005026.5	NM_005026.5.fasta	4865	4894	+	30	GTCAGTAGTCATTGCCACCCGCGGGGCACC	GGUGCCCCGCGGGUGGCAAUGACUACUGAC	0
NM_005026.5:4866-4895	NM_005026.5	NM_005026.5.fasta	4866	4895	+	30	TCAGTAGTCATTGCCACCCGCGGGGCACCT	AGGUGCCCCGCGGGUGGCAAUGACUACUGA	0
NM_005026.5:4867-4896	NM_005026.5	NM_005026.5.fasta	4867	4896	+	30	CAGTAGTCATTGCCACCCGCGGGGCACCTC	GAGGUGCCCCGCGGGUGGCAAUGACUACUG	0
NM_005026.5:4868-4897	NM_005026.5	NM_005026.5.fasta	4868	4897	+	30	AGTAGTCATTGCCACCCGCGGGGCACCTCC	GGAGGUGCCCCGCGGGUGGCAAUGACUACU	0
NM_005026.5:4869-4898	NM_005026.5	NM_005026.5.fasta	4869	4898	+	30	GTAGTCATTGCCACCCGCGGGGCACCTCCC	GGGAGGUGCCCCGCGGGUGGCAAUGACUAC	0
NM_005026.5:4870-4899	NM_005026.5	NM_005026.5.fasta	4870	4899	+	30	TAGTCATTGCCACCCGCGGGGCACCTCCCT	AGGGAGGUGCCCCGCGGGUGGCAAUGACUA	0
NM_005026.5:4871-4900	NM_005026.5	NM_005026.5.fasta	4871	4900	+	30	AGTCATTGCCACCCGCGGGGCACCTCCCTG	CAGGGAGGUGCCCCGCGGGUGGCAAUGACU	0
NM_005026.5:4872-4901	NM_005026.5	NM_005026.5.fasta	4872	4901	+	30	GTCATTGCCACCCGCGGGGCACCTCCCTGG	CCAGGGAGGUGCCCCGCGGGUGGCAAUGAC	0
NM_005026.5:4873-4902	NM_005026.5	NM_005026.5.fasta	4873	4902	+	30	TCATTGCCACCCGCGGGGCACCTCCCTGGC	GCCAGGGAGGUGCCCCGCGGGUGGCAAUGA	0
NM_005026.5:4874-4903	NM_005026.5	NM_005026.5.fasta	4874	4903	+	30	CATTGCCACCCGCGGGGCACCTCCCTGGCC	GGCCAGGGAGGUGCCCCGCGGGUGGCAAUG	0
NM_005026.5:4875-4904	NM_005026.5	NM_005026.5.fasta	4875	4904	+	30	ATTGCCACCCGCGGGGCACCTCCCTGGCCA	UGGCCAGGGAGGUGCCCCGCGGGUGGCAAU	0
NM_005026.5:4876-4905	NM_005026.5	NM_005026.5.fasta	4876	4905	+	30	TTGCCACCCGCGGGGCACCTCCCTGGCCAC	GUGGCCAGGGAGGUGCCCCGCGGGUGGCAA	0
NM_005026.5:4877-4906	NM_005026.5	NM_005026.5.fasta	4877	4906	+	30	TGCCACCCGCGGGGCACCTCCCTGGCCACA	UGUGGCCAGGGAGGUGCCCCGCGGGUGGCA	0
NM_005026.5:4878-4907	NM_005026.5	NM_005026.5.fasta	4878	4907	+	30	GCCACCCGCGGGGCACCTCCCTGGCCACAC	GUGUGGCCAGGGAGGUGCCCCGCGGGUGGC	0
NM_005026.5:4879-4908	NM_005026.5	NM_005026.5.fasta	4879	4908	+	30	CCACCCGCGGGGCACCTCCCTGGCCACACG	CGUGUGGCCAGGGAGGUGCCCCGCGGGUGG	0
NM_005026.5:4880-4909	NM_005026.5	NM_005026.5.fasta	4880	4909	+	30	CACCCGCGGGGCACCTCCCTGGCCACACGC	GCGUGUGGCCAGGGAGGUGCCCCGCGGGUG	0
NM_005026.5:4881-4910	NM_005026.5	NM_005026.5.fasta	4881	4910	+	30	ACCCGCGGGGCACCTCCCTGGCCACACGCC	GGCGUGUGGCCAGGGAGGUGCCCCGCGGGU	0
NM_005026.5:4882-4911	NM_005026.5	NM_005026.5.fasta	4882	4911	+	30	CCCGCGGGGCACCTCCCTGGCCACACGCCT	AGGCGUGUGGCCAGGGAGGUGCCCCGCGGG	0
NM_005026.5:4883-4912	NM_005026.5	NM_005026.5.fasta	4883	4912	+	30	CCGCGGGGCACCTCCCTGGCCACACGCCTG	CAGGCGUGUGGCCAGGGAGGUGCCCCGCGG	0
NM_005026.5:4884-4913	NM_005026.5	NM_005026.5.fasta	4884	4913	+	30	CGCGGGGCACCTCCCTGGCCACACGCCTGT	ACAGGCGUGUGGCCAGGGAGGUGCCCCGCG	0
NM_005026.5:4885-4914	NM_005026.5	NM_005026.5.fasta	4885	4914	+	30	GCGGGGCACCTCCCTGGCCACACGCCTGTT	AACAGGCGUGUGGCCAGGGAGGUGCCCCGC	0
NM_005026.5:4886-4915	NM_005026.5	NM_005026.5.fasta	4886	4915	+	30	CGGGGCACCTCCCTGGCCACACGCCTGTTC	GAACAGGCGUGUGGCCAGGGAGGUGCCCCG	0
NM_005026.5:4887-4916	NM_005026.5	NM_005026.5.fasta	4887	4916	+	30	GGGGCACCTCCCTGGCCACACGCCTGTTCC	GGAACAGGCGUGUGGCCAGGGAGGUGCCCC	0
NM_005026.5:4888-4917	NM_005026.5	NM_005026.5.fasta	4888	4917	+	30	GGGCACCTCCCTGGCCACACGCCTGTTCCC	GGGAACAGGCGUGUGGCCAGGGAGGUGCCC	0
NM_005026.5:4889-4918	NM_005026.5	NM_005026.5.fasta	4889	4918	+	30	GGCACCTCCCTGGCCACACGCCTGTTCCCA	UGGGAACAGGCGUGUGGCCAGGGAGGUGCC	0
NM_005026.5:4890-4919	NM_005026.5	NM_005026.5.fasta	4890	4919	+	30	GCACCTCCCTGGCCACACGCCTGTTCCCAG	CUGGGAACAGGCGUGUGGCCAGGGAGGUGC	0
NM_005026.5:4891-4920	NM_005026.5	NM_005026.5.fasta	4891	4920	+	30	CACCTCCCTGGCCACACGCCTGTTCCCAGC	GCUGGGAACAGGCGUGUGGCCAGGGAGGUG	0
NM_005026.5:4892-4921	NM_005026.5	NM_005026.5.fasta	4892	4921	+	30	ACCTCCCTGGCCACACGCCTGTTCCCAGCA	UGCUGGGAACAGGCGUGUGGCCAGGGAGGU	0
NM_005026.5:4893-4922	NM_005026.5	NM_005026.5.fasta	4893	4922	+	30	CCTCCCTGGCCACACGCCTGTTCCCAGCAA	UUGCUGGGAACAGGCGUGUGGCCAGGGAGG	0
NM_005026.5:4894-4923	NM_005026.5	NM_005026.5.fasta	4894	4923	+	30	CTCCCTGGCCACACGCCTGTTCCCAGCAAG	CUUGCUGGGAACAGGCGUGUGGCCAGGGAG	0
NM_005026.5:4895-4924	NM_005026.5	NM_005026.5.fasta	4895	4924	+	30	TCCCTGGCCACACGCCTGTTCCCAGCAAGT	ACUUGCUGGGAACAGGCGUGUGGCCAGGGA	0
NM_005026.5:4896-4925	NM_005026.5	NM_005026.5.fasta	4896	4925	+	30	CCCTGGCCACACGCCTGTTCCCAGCAAGTG	CACUUGCUGGGAACAGGCGUGUGGCCAGGG	0
NM_005026.5:4897-4926	NM_005026.5	NM_005026.5.fasta	4897	4926	+	30	CCTGGCCACACGCCTGTTCCCAGCAAGTGC	GCACUUGCUGGGAACAGGCGUGUGGCCAGG	0
NM_005026.5:4898-4927	NM_005026.5	NM_005026.5.fasta	4898	4927	+	30	CTGGCCACACGCCTGTTCCCAGCAAGTGCT	AGCACUUGCUGGGAACAGGCGUGUGGCCAG	0
NM_005026.5:4899-4928	NM_005026.5	NM_005026.5.fasta	4899	4928	+	30	TGGCCACACGCCTGTTCCCAGCAAGTGCTG	CAGCACUUGCUGGGAACAGGCGUGUGGCCA	0
NM_005026.5:4900-4929	NM_005026.5	NM_005026.5.fasta	4900	4929	+	30	GGCCACACGCCTGTTCCCAGCAAGTGCTGA	UCAGCACUUGCUGGGAACAGGCGUGUGGCC	0
NM_005026.5:4901-4930	NM_005026.5	NM_005026.5.fasta	4901	4930	+	30	GCCACACGCCTGTTCCCAGCAAGTGCTGAA	UUCAGCACUUGCUGGGAACAGGCGUGUGGC	0
NM_005026.5:4902-4931	NM_005026.5	NM_005026.5.fasta	4902	4931	+	30	CCACACGCCTGTTCCCAGCAAGTGCTGAAA	UUUCAGCACUUGCUGGGAACAGGCGUGUGG	0
NM_005026.5:4903-4932	NM_005026.5	NM_005026.5.fasta	4903	4932	+	30	CACACGCCTGTTCCCAGCAAGTGCTGAAAC	GUUUCAGCACUUGCUGGGAACAGGCGUGUG	0
NM_005026.5:4904-4933	NM_005026.5	NM_005026.5.fasta	4904	4933	+	30	ACACGCCTGTTCCCAGCAAGTGCTGAAACT	AGUUUCAGCACUUGCUGGGAACAGGCGUGU	0
NM_005026.5:4905-4934	NM_005026.5	NM_005026.5.fasta	4905	4934	+	30	CACGCCTGTTCCCAGCAAGTGCTGAAACTC	GAGUUUCAGCACUUGCUGGGAACAGGCGUG	0
NM_005026.5:4906-4935	NM_005026.5	NM_005026.5.fasta	4906	4935	+	30	ACGCCTGTTCCCAGCAAGTGCTGAAACTCA	UGAGUUUCAGCACUUGCUGGGAACAGGCGU	0
NM_005026.5:4907-4936	NM_005026.5	NM_005026.5.fasta	4907	4936	+	30	CGCCTGTTCCCAGCAAGTGCTGAAACTCAC	GUGAGUUUCAGCACUUGCUGGGAACAGGCG	0
NM_005026.5:4908-4937	NM_005026.5	NM_005026.5.fasta	4908	4937	+	30	GCCTGTTCCCAGCAAGTGCTGAAACTCACT	AGUGAGUUUCAGCACUUGCUGGGAACAGGC	0
NM_005026.5:4909-4938	NM_005026.5	NM_005026.5.fasta	4909	4938	+	30	CCTGTTCCCAGCAAGTGCTGAAACTCACTA	UAGUGAGUUUCAGCACUUGCUGGGAACAGG	0
NM_005026.5:4910-4939	NM_005026.5	NM_005026.5.fasta	4910	4939	+	30	CTGTTCCCAGCAAGTGCTGAAACTCACTAG	CUAGUGAGUUUCAGCACUUGCUGGGAACAG	0
NM_005026.5:4911-4940	NM_005026.5	NM_005026.5.fasta	4911	4940	+	30	TGTTCCCAGCAAGTGCTGAAACTCACTAGA	UCUAGUGAGUUUCAGCACUUGCUGGGAACA	0
NM_005026.5:4912-4941	NM_005026.5	NM_005026.5.fasta	4912	4941	+	30	GTTCCCAGCAAGTGCTGAAACTCACTAGAC	GUCUAGUGAGUUUCAGCACUUGCUGGGAAC	0
NM_005026.5:4913-4942	NM_005026.5	NM_005026.5.fasta	4913	4942	+	30	TTCCCAGCAAGTGCTGAAACTCACTAGACC	GGUCUAGUGAGUUUCAGCACUUGCUGGGAA	0
NM_005026.5:4914-4943	NM_005026.5	NM_005026.5.fasta	4914	4943	+	30	TCCCAGCAAGTGCTGAAACTCACTAGACCG	CGGUCUAGUGAGUUUCAGCACUUGCUGGGA	0
NM_005026.5:4915-4944	NM_005026.5	NM_005026.5.fasta	4915	4944	+	30	CCCAGCAAGTGCTGAAACTCACTAGACCGT	ACGGUCUAGUGAGUUUCAGCACUUGCUGGG	0
NM_005026.5:4916-4945	NM_005026.5	NM_005026.5.fasta	4916	4945	+	30	CCAGCAAGTGCTGAAACTCACTAGACCGTC	GACGGUCUAGUGAGUUUCAGCACUUGCUGG	0
NM_005026.5:4917-4946	NM_005026.5	NM_005026.5.fasta	4917	4946	+	30	CAGCAAGTGCTGAAACTCACTAGACCGTCT	AGACGGUCUAGUGAGUUUCAGCACUUGCUG	0
NM_005026.5:4918-4947	NM_005026.5	NM_005026.5.fasta	4918	4947	+	30	AGCAAGTGCTGAAACTCACTAGACCGTCTG	CAGACGGUCUAGUGAGUUUCAGCACUUGCU	0
NM_005026.5:4919-4948	NM_005026.5	NM_005026.5.fasta	4919	4948	+	30	GCAAGTGCTGAAACTCACTAGACCGTCTGC	GCAGACGGUCUAGUGAGUUUCAGCACUUGC	0
NM_005026.5:4920-4949	NM_005026.5	NM_005026.5.fasta	4920	4949	+	30	CAAGTGCTGAAACTCACTAGACCGTCTGCC	GGCAGACGGUCUAGUGAGUUUCAGCACUUG	0
NM_005026.5:4921-4950	NM_005026.5	NM_005026.5.fasta	4921	4950	+	30	AAGTGCTGAAACTCACTAGACCGTCTGCCT	AGGCAGACGGUCUAGUGAGUUUCAGCACUU	0
NM_005026.5:4922-4951	NM_005026.5	NM_005026.5.fasta	4922	4951	+	30	AGTGCTGAAACTCACTAGACCGTCTGCCTG	CAGGCAGACGGUCUAGUGAGUUUCAGCACU	0
NM_005026.5:4923-4952	NM_005026.5	NM_005026.5.fasta	4923	4952	+	30	GTGCTGAAACTCACTAGACCGTCTGCCTGT	ACAGGCAGACGGUCUAGUGAGUUUCAGCAC	0
NM_005026.5:4924-4953	NM_005026.5	NM_005026.5.fasta	4924	4953	+	30	TGCTGAAACTCACTAGACCGTCTGCCTGTT	AACAGGCAGACGGUCUAGUGAGUUUCAGCA	0
NM_005026.5:4925-4954	NM_005026.5	NM_005026.5.fasta	4925	4954	+	30	GCTGAAACTCACTAGACCGTCTGCCTGTTT	AAACAGGCAGACGGUCUAGUGAGUUUCAGC	0
NM_005026.5:4926-4955	NM_005026.5	NM_005026.5.fasta	4926	4955	+	30	CTGAAACTCACTAGACCGTCTGCCTGTTTC	GAAACAGGCAGACGGUCUAGUGAGUUUCAG	0
NM_005026.5:4927-4956	NM_005026.5	NM_005026.5.fasta	4927	4956	+	30	TGAAACTCACTAGACCGTCTGCCTGTTTCG	CGAAACAGGCAGACGGUCUAGUGAGUUUCA	0
NM_005026.5:4928-4957	NM_005026.5	NM_005026.5.fasta	4928	4957	+	30	GAAACTCACTAGACCGTCTGCCTGTTTCGA	UCGAAACAGGCAGACGGUCUAGUGAGUUUC	0
NM_005026.5:4929-4958	NM_005026.5	NM_005026.5.fasta	4929	4958	+	30	AAACTCACTAGACCGTCTGCCTGTTTCGAA	UUCGAAACAGGCAGACGGUCUAGUGAGUUU	0
NM_005026.5:4930-4959	NM_005026.5	NM_005026.5.fasta	4930	4959	+	30	AACTCACTAGACCGTCTGCCTGTTTCGAAA	UUUCGAAACAGGCAGACGGUCUAGUGAGUU	0
NM_005026.5:4931-4960	NM_005026.5	NM_005026.5.fasta	4931	4960	+	30	ACTCACTAGACCGTCTGCCTGTTTCGAAAT	AUUUCGAAACAGGCAGACGGUCUAGUGAGU	0
NM_005026.5:4932-4961	NM_005026.5	NM_005026.5.fasta	4932	4961	+	30	CTCACTAGACCGTCTGCCTGTTTCGAAATG	CAUUUCGAAACAGGCAGACGGUCUAGUGAG	0
NM_005026.5:4933-4962	NM_005026.5	NM_005026.5.fasta	4933	4962	+	30	TCACTAGACCGTCTGCCTGTTTCGAAATGG	CCAUUUCGAAACAGGCAGACGGUCUAGUGA	0
NM_005026.5:4934-4963	NM_005026.5	NM_005026.5.fasta	4934	4963	+	30	CACTAGACCGTCTGCCTGTTTCGAAATGGG	CCCAUUUCGAAACAGGCAGACGGUCUAGUG	0
NM_005026.5:4935-4964	NM_005026.5	NM_005026.5.fasta	4935	4964	+	30	ACTAGACCGTCTGCCTGTTTCGAAATGGGG	CCCCAUUUCGAAACAGGCAGACGGUCUAGU	0
NM_005026.5:4936-4965	NM_005026.5	NM_005026.5.fasta	4936	4965	+	30	CTAGACCGTCTGCCTGTTTCGAAATGGGGA	UCCCCAUUUCGAAACAGGCAGACGGUCUAG	0
NM_005026.5:4937-4966	NM_005026.5	NM_005026.5.fasta	4937	4966	+	30	TAGACCGTCTGCCTGTTTCGAAATGGGGAA	UUCCCCAUUUCGAAACAGGCAGACGGUCUA	0
NM_005026.5:4938-4967	NM_005026.5	NM_005026.5.fasta	4938	4967	+	30	AGACCGTCTGCCTGTTTCGAAATGGGGAAA	UUUCCCCAUUUCGAAACAGGCAGACGGUCU	0
NM_005026.5:4939-4968	NM_005026.5	NM_005026.5.fasta	4939	4968	+	30	GACCGTCTGCCTGTTTCGAAATGGGGAAAG	CUUUCCCCAUUUCGAAACAGGCAGACGGUC	0
NM_005026.5:4940-4969	NM_005026.5	NM_005026.5.fasta	4940	4969	+	30	ACCGTCTGCCTGTTTCGAAATGGGGAAAGC	GCUUUCCCCAUUUCGAAACAGGCAGACGGU	0
NM_005026.5:4941-4970	NM_005026.5	NM_005026.5.fasta	4941	4970	+	30	CCGTCTGCCTGTTTCGAAATGGGGAAAGCC	GGCUUUCCCCAUUUCGAAACAGGCAGACGG	0
NM_005026.5:4942-4971	NM_005026.5	NM_005026.5.fasta	4942	4971	+	30	CGTCTGCCTGTTTCGAAATGGGGAAAGCCG	CGGCUUUCCCCAUUUCGAAACAGGCAGACG	0
NM_005026.5:4943-4972	NM_005026.5	NM_005026.5.fasta	4943	4972	+	30	GTCTGCCTGTTTCGAAATGGGGAAAGCCGT	ACGGCUUUCCCCAUUUCGAAACAGGCAGAC	0
NM_005026.5:4944-4973	NM_005026.5	NM_005026.5.fasta	4944	4973	+	30	TCTGCCTGTTTCGAAATGGGGAAAGCCGTG	CACGGCUUUCCCCAUUUCGAAACAGGCAGA	0
NM_005026.5:4945-4974	NM_005026.5	NM_005026.5.fasta	4945	4974	+	30	CTGCCTGTTTCGAAATGGGGAAAGCCGTGC	GCACGGCUUUCCCCAUUUCGAAACAGGCAG	0
NM_005026.5:4946-4975	NM_005026.5	NM_005026.5.fasta	4946	4975	+	30	TGCCTGTTTCGAAATGGGGAAAGCCGTGCG	CGCACGGCUUUCCCCAUUUCGAAACAGGCA	0
NM_005026.5:4947-4976	NM_005026.5	NM_005026.5.fasta	4947	4976	+	30	GCCTGTTTCGAAATGGGGAAAGCCGTGCGT	ACGCACGGCUUUCCCCAUUUCGAAACAGGC	0
NM_005026.5:4948-4977	NM_005026.5	NM_005026.5.fasta	4948	4977	+	30	CCTGTTTCGAAATGGGGAAAGCCGTGCGTG	CACGCACGGCUUUCCCCAUUUCGAAACAGG	0
NM_005026.5:4949-4978	NM_005026.5	NM_005026.5.fasta	4949	4978	+	30	CTGTTTCGAAATGGGGAAAGCCGTGCGTGC	GCACGCACGGCUUUCCCCAUUUCGAAACAG	0
NM_005026.5:4950-4979	NM_005026.5	NM_005026.5.fasta	4950	4979	+	30	TGTTTCGAAATGGGGAAAGCCGTGCGTGCG	CGCACGCACGGCUUUCCCCAUUUCGAAACA	0
NM_005026.5:4951-4980	NM_005026.5	NM_005026.5.fasta	4951	4980	+	30	GTTTCGAAATGGGGAAAGCCGTGCGTGCGC	GCGCACGCACGGCUUUCCCCAUUUCGAAAC	0
NM_005026.5:4952-4981	NM_005026.5	NM_005026.5.fasta	4952	4981	+	30	TTTCGAAATGGGGAAAGCCGTGCGTGCGCG	CGCGCACGCACGGCUUUCCCCAUUUCGAAA	0
NM_005026.5:4953-4982	NM_005026.5	NM_005026.5.fasta	4953	4982	+	30	TTCGAAATGGGGAAAGCCGTGCGTGCGCGT	ACGCGCACGCACGGCUUUCCCCAUUUCGAA	0
NM_005026.5:4954-4983	NM_005026.5	NM_005026.5.fasta	4954	4983	+	30	TCGAAATGGGGAAAGCCGTGCGTGCGCGTT	AACGCGCACGCACGGCUUUCCCCAUUUCGA	0
NM_005026.5:4955-4984	NM_005026.5	NM_005026.5.fasta	4955	4984	+	30	CGAAATGGGGAAAGCCGTGCGTGCGCGTTA	UAACGCGCACGCACGGCUUUCCCCAUUUCG	0
NM_005026.5:4956-4985	NM_005026.5	NM_005026.5.fasta	4956	4985	+	30	GAAATGGGGAAAGCCGTGCGTGCGCGTTAT	AUAACGCGCACGCACGGCUUUCCCCAUUUC	0
NM_005026.5:4957-4986	NM_005026.5	NM_005026.5.fasta	4957	4986	+	30	AAATGGGGAAAGCCGTGCGTGCGCGTTATT	AAUAACGCGCACGCACGGCUUUCCCCAUUU	0
NM_005026.5:4958-4987	NM_005026.5	NM_005026.5.fasta	4958	4987	+	30	AATGGGGAAAGCCGTGCGTGCGCGTTATTT	AAAUAACGCGCACGCACGGCUUUCCCCAUU	0
NM_005026.5:4959-4988	NM_005026.5	NM_005026.5.fasta	4959	4988	+	30	ATGGGGAAAGCCGTGCGTGCGCGTTATTTA	UAAAUAACGCGCACGCACGGCUUUCCCCAU	0
NM_005026.5:4960-4989	NM_005026.5	NM_005026.5.fasta	4960	4989	+	30	TGGGGAAAGCCGTGCGTGCGCGTTATTTAT	AUAAAUAACGCGCACGCACGGCUUUCCCCA	0
NM_005026.5:4961-4990	NM_005026.5	NM_005026.5.fasta	4961	4990	+	30	GGGGAAAGCCGTGCGTGCGCGTTATTTATT	AAUAAAUAACGCGCACGCACGGCUUUCCCC	0
NM_005026.5:4962-4991	NM_005026.5	NM_005026.5.fasta	4962	4991	+	30	GGGAAAGCCGTGCGTGCGCGTTATTTATTT	AAAUAAAUAACGCGCACGCACGGCUUUCCC	0
NM_005026.5:4963-4992	NM_005026.5	NM_005026.5.fasta	4963	4992	+	30	GGAAAGCCGTGCGTGCGCGTTATTTATTTA	UAAAUAAAUAACGCGCACGCACGGCUUUCC	0
NM_005026.5:4964-4993	NM_005026.5	NM_005026.5.fasta	4964	4993	+	30	GAAAGCCGTGCGTGCGCGTTATTTATTTAA	UUAAAUAAAUAACGCGCACGCACGGCUUUC	0
NM_005026.5:4965-4994	NM_005026.5	NM_005026.5.fasta	4965	4994	+	30	AAAGCCGTGCGTGCGCGTTATTTATTTAAG	CUUAAAUAAAUAACGCGCACGCACGGCUUU	0
NM_005026.5:4966-4995	NM_005026.5	NM_005026.5.fasta	4966	4995	+	30	AAGCCGTGCGTGCGCGTTATTTATTTAAGT	ACUUAAAUAAAUAACGCGCACGCACGGCUU	0
NM_005026.5:4967-4996	NM_005026.5	NM_005026.5.fasta	4967	4996	+	30	AGCCGTGCGTGCGCGTTATTTATTTAAGTG	CACUUAAAUAAAUAACGCGCACGCACGGCU	0
NM_005026.5:4968-4997	NM_005026.5	NM_005026.5.fasta	4968	4997	+	30	GCCGTGCGTGCGCGTTATTTATTTAAGTGC	GCACUUAAAUAAAUAACGCGCACGCACGGC	0
NM_005026.5:4969-4998	NM_005026.5	NM_005026.5.fasta	4969	4998	+	30	CCGTGCGTGCGCGTTATTTATTTAAGTGCG	CGCACUUAAAUAAAUAACGCGCACGCACGG	0
NM_005026.5:4970-4999	NM_005026.5	NM_005026.5.fasta	4970	4999	+	30	CGTGCGTGCGCGTTATTTATTTAAGTGCGC	GCGCACUUAAAUAAAUAACGCGCACGCACG	0
NM_005026.5:4971-5000	NM_005026.5	NM_005026.5.fasta	4971	5000	+	30	GTGCGTGCGCGTTATTTATTTAAGTGCGCC	GGCGCACUUAAAUAAAUAACGCGCACGCAC	0
NM_005026.5:4972-5001	NM_005026.5	NM_005026.5.fasta	4972	5001	+	30	TGCGTGCGCGTTATTTATTTAAGTGCGCCT	AGGCGCACUUAAAUAAAUAACGCGCACGCA	0
NM_005026.5:4973-5002	NM_005026.5	NM_005026.5.fasta	4973	5002	+	30	GCGTGCGCGTTATTTATTTAAGTGCGCCTG	CAGGCGCACUUAAAUAAAUAACGCGCACGC	0
NM_005026.5:4974-5003	NM_005026.5	NM_005026.5.fasta	4974	5003	+	30	CGTGCGCGTTATTTATTTAAGTGCGCCTGT	ACAGGCGCACUUAAAUAAAUAACGCGCACG	0
NM_005026.5:4975-5004	NM_005026.5	NM_005026.5.fasta	4975	5004	+	30	GTGCGCGTTATTTATTTAAGTGCGCCTGTG	CACAGGCGCACUUAAAUAAAUAACGCGCAC	0
NM_005026.5:4976-5005	NM_005026.5	NM_005026.5.fasta	4976	5005	+	30	TGCGCGTTATTTATTTAAGTGCGCCTGTGT	ACACAGGCGCACUUAAAUAAAUAACGCGCA	0
NM_005026.5:4977-5006	NM_005026.5	NM_005026.5.fasta	4977	5006	+	30	GCGCGTTATTTATTTAAGTGCGCCTGTGTG	CACACAGGCGCACUUAAAUAAAUAACGCGC	0
NM_005026.5:4978-5007	NM_005026.5	NM_005026.5.fasta	4978	5007	+	30	CGCGTTATTTATTTAAGTGCGCCTGTGTGC	GCACACAGGCGCACUUAAAUAAAUAACGCG	0
NM_005026.5:4979-5008	NM_005026.5	NM_005026.5.fasta	4979	5008	+	30	GCGTTATTTATTTAAGTGCGCCTGTGTGCG	CGCACACAGGCGCACUUAAAUAAAUAACGC	0
NM_005026.5:4980-5009	NM_005026.5	NM_005026.5.fasta	4980	5009	+	30	CGTTATTTATTTAAGTGCGCCTGTGTGCGC	GCGCACACAGGCGCACUUAAAUAAAUAACG	0
NM_005026.5:4981-5010	NM_005026.5	NM_005026.5.fasta	4981	5010	+	30	GTTATTTATTTAAGTGCGCCTGTGTGCGCG	CGCGCACACAGGCGCACUUAAAUAAAUAAC	0
NM_005026.5:4982-5011	NM_005026.5	NM_005026.5.fasta	4982	5011	+	30	TTATTTATTTAAGTGCGCCTGTGTGCGCGG	CCGCGCACACAGGCGCACUUAAAUAAAUAA	0
NM_005026.5:4983-5012	NM_005026.5	NM_005026.5.fasta	4983	5012	+	30	TATTTATTTAAGTGCGCCTGTGTGCGCGGG	CCCGCGCACACAGGCGCACUUAAAUAAAUA	0
NM_005026.5:4984-5013	NM_005026.5	NM_005026.5.fasta	4984	5013	+	30	ATTTATTTAAGTGCGCCTGTGTGCGCGGGT	ACCCGCGCACACAGGCGCACUUAAAUAAAU	0
NM_005026.5:4985-5014	NM_005026.5	NM_005026.5.fasta	4985	5014	+	30	TTTATTTAAGTGCGCCTGTGTGCGCGGGTG	CACCCGCGCACACAGGCGCACUUAAAUAAA	0
NM_005026.5:4986-5015	NM_005026.5	NM_005026.5.fasta	4986	5015	+	30	TTATTTAAGTGCGCCTGTGTGCGCGGGTGT	ACACCCGCGCACACAGGCGCACUUAAAUAA	0
NM_005026.5:4987-5016	NM_005026.5	NM_005026.5.fasta	4987	5016	+	30	TATTTAAGTGCGCCTGTGTGCGCGGGTGTG	CACACCCGCGCACACAGGCGCACUUAAAUA	0
NM_005026.5:4988-5017	NM_005026.5	NM_005026.5.fasta	4988	5017	+	30	ATTTAAGTGCGCCTGTGTGCGCGGGTGTGG	CCACACCCGCGCACACAGGCGCACUUAAAU	0
NM_005026.5:4989-5018	NM_005026.5	NM_005026.5.fasta	4989	5018	+	30	TTTAAGTGCGCCTGTGTGCGCGGGTGTGGG	CCCACACCCGCGCACACAGGCGCACUUAAA	0
NM_005026.5:4990-5019	NM_005026.5	NM_005026.5.fasta	4990	5019	+	30	TTAAGTGCGCCTGTGTGCGCGGGTGTGGGA	UCCCACACCCGCGCACACAGGCGCACUUAA	0
NM_005026.5:4991-5020	NM_005026.5	NM_005026.5.fasta	4991	5020	+	30	TAAGTGCGCCTGTGTGCGCGGGTGTGGGAG	CUCCCACACCCGCGCACACAGGCGCACUUA	0
NM_005026.5:4992-5021	NM_005026.5	NM_005026.5.fasta	4992	5021	+	30	AAGTGCGCCTGTGTGCGCGGGTGTGGGAGC	GCUCCCACACCCGCGCACACAGGCGCACUU	0
NM_005026.5:4993-5022	NM_005026.5	NM_005026.5.fasta	4993	5022	+	30	AGTGCGCCTGTGTGCGCGGGTGTGGGAGCA	UGCUCCCACACCCGCGCACACAGGCGCACU	0
NM_005026.5:4994-5023	NM_005026.5	NM_005026.5.fasta	4994	5023	+	30	GTGCGCCTGTGTGCGCGGGTGTGGGAGCAC	GUGCUCCCACACCCGCGCACACAGGCGCAC	0
NM_005026.5:4995-5024	NM_005026.5	NM_005026.5.fasta	4995	5024	+	30	TGCGCCTGTGTGCGCGGGTGTGGGAGCACA	UGUGCUCCCACACCCGCGCACACAGGCGCA	0
NM_005026.5:4996-5025	NM_005026.5	NM_005026.5.fasta	4996	5025	+	30	GCGCCTGTGTGCGCGGGTGTGGGAGCACAC	GUGUGCUCCCACACCCGCGCACACAGGCGC	0
NM_005026.5:4997-5026	NM_005026.5	NM_005026.5.fasta	4997	5026	+	30	CGCCTGTGTGCGCGGGTGTGGGAGCACACT	AGUGUGCUCCCACACCCGCGCACACAGGCG	0
NM_005026.5:4998-5027	NM_005026.5	NM_005026.5.fasta	4998	5027	+	30	GCCTGTGTGCGCGGGTGTGGGAGCACACTT	AAGUGUGCUCCCACACCCGCGCACACAGGC	0
NM_005026.5:4999-5028	NM_005026.5	NM_005026.5.fasta	4999	5028	+	30	CCTGTGTGCGCGGGTGTGGGAGCACACTTT	AAAGUGUGCUCCCACACCCGCGCACACAGG	0
NM_005026.5:5000-5029	NM_005026.5	NM_005026.5.fasta	5000	5029	+	30	CTGTGTGCGCGGGTGTGGGAGCACACTTTG	CAAAGUGUGCUCCCACACCCGCGCACACAG	0
NM_005026.5:5001-5030	NM_005026.5	NM_005026.5.fasta	5001	5030	+	30	TGTGTGCGCGGGTGTGGGAGCACACTTTGC	GCAAAGUGUGCUCCCACACCCGCGCACACA	0
NM_005026.5:5002-5031	NM_005026.5	NM_005026.5.fasta	5002	5031	+	30	GTGTGCGCGGGTGTGGGAGCACACTTTGCA	UGCAAAGUGUGCUCCCACACCCGCGCACAC	0
NM_005026.5:5003-5032	NM_005026.5	NM_005026.5.fasta	5003	5032	+	30	TGTGCGCGGGTGTGGGAGCACACTTTGCAA	UUGCAAAGUGUGCUCCCACACCCGCGCACA	0
NM_005026.5:5004-5033	NM_005026.5	NM_005026.5.fasta	5004	5033	+	30	GTGCGCGGGTGTGGGAGCACACTTTGCAAA	UUUGCAAAGUGUGCUCCCACACCCGCGCAC	0
NM_005026.5:5005-5034	NM_005026.5	NM_005026.5.fasta	5005	5034	+	30	TGCGCGGGTGTGGGAGCACACTTTGCAAAG	CUUUGCAAAGUGUGCUCCCACACCCGCGCA	0
NM_005026.5:5006-5035	NM_005026.5	NM_005026.5.fasta	5006	5035	+	30	GCGCGGGTGTGGGAGCACACTTTGCAAAGC	GCUUUGCAAAGUGUGCUCCCACACCCGCGC	0
NM_005026.5:5007-5036	NM_005026.5	NM_005026.5.fasta	5007	5036	+	30	CGCGGGTGTGGGAGCACACTTTGCAAAGCC	GGCUUUGCAAAGUGUGCUCCCACACCCGCG	0
NM_005026.5:5008-5037	NM_005026.5	NM_005026.5.fasta	5008	5037	+	30	GCGGGTGTGGGAGCACACTTTGCAAAGCCA	UGGCUUUGCAAAGUGUGCUCCCACACCCGC	0
NM_005026.5:5009-5038	NM_005026.5	NM_005026.5.fasta	5009	5038	+	30	CGGGTGTGGGAGCACACTTTGCAAAGCCAC	GUGGCUUUGCAAAGUGUGCUCCCACACCCG	0
NM_005026.5:5010-5039	NM_005026.5	NM_005026.5.fasta	5010	5039	+	30	GGGTGTGGGAGCACACTTTGCAAAGCCACA	UGUGGCUUUGCAAAGUGUGCUCCCACACCC	0
NM_005026.5:5011-5040	NM_005026.5	NM_005026.5.fasta	5011	5040	+	30	GGTGTGGGAGCACACTTTGCAAAGCCACAG	CUGUGGCUUUGCAAAGUGUGCUCCCACACC	0
NM_005026.5:5012-5041	NM_005026.5	NM_005026.5.fasta	5012	5041	+	30	GTGTGGGAGCACACTTTGCAAAGCCACAGC	GCUGUGGCUUUGCAAAGUGUGCUCCCACAC	0
NM_005026.5:5013-5042	NM_005026.5	NM_005026.5.fasta	5013	5042	+	30	TGTGGGAGCACACTTTGCAAAGCCACAGCG	CGCUGUGGCUUUGCAAAGUGUGCUCCCACA	0
NM_005026.5:5014-5043	NM_005026.5	NM_005026.5.fasta	5014	5043	+	30	GTGGGAGCACACTTTGCAAAGCCACAGCGT	ACGCUGUGGCUUUGCAAAGUGUGCUCCCAC	0
NM_005026.5:5015-5044	NM_005026.5	NM_005026.5.fasta	5015	5044	+	30	TGGGAGCACACTTTGCAAAGCCACAGCGTT	AACGCUGUGGCUUUGCAAAGUGUGCUCCCA	0
NM_005026.5:5016-5045	NM_005026.5	NM_005026.5.fasta	5016	5045	+	30	GGGAGCACACTTTGCAAAGCCACAGCGTTT	AAACGCUGUGGCUUUGCAAAGUGUGCUCCC	0
NM_005026.5:5017-5046	NM_005026.5	NM_005026.5.fasta	5017	5046	+	30	GGAGCACACTTTGCAAAGCCACAGCGTTTC	GAAACGCUGUGGCUUUGCAAAGUGUGCUCC	0
NM_005026.5:5018-5047	NM_005026.5	NM_005026.5.fasta	5018	5047	+	30	GAGCACACTTTGCAAAGCCACAGCGTTTCT	AGAAACGCUGUGGCUUUGCAAAGUGUGCUC	0
NM_005026.5:5019-5048	NM_005026.5	NM_005026.5.fasta	5019	5048	+	30	AGCACACTTTGCAAAGCCACAGCGTTTCTG	CAGAAACGCUGUGGCUUUGCAAAGUGUGCU	0
NM_005026.5:5020-5049	NM_005026.5	NM_005026.5.fasta	5020	5049	+	30	GCACACTTTGCAAAGCCACAGCGTTTCTGG	CCAGAAACGCUGUGGCUUUGCAAAGUGUGC	0
NM_005026.5:5021-5050	NM_005026.5	NM_005026.5.fasta	5021	5050	+	30	CACACTTTGCAAAGCCACAGCGTTTCTGGT	ACCAGAAACGCUGUGGCUUUGCAAAGUGUG	0
NM_005026.5:5022-5051	NM_005026.5	NM_005026.5.fasta	5022	5051	+	30	ACACTTTGCAAAGCCACAGCGTTTCTGGTT	AACCAGAAACGCUGUGGCUUUGCAAAGUGU	0
NM_005026.5:5023-5052	NM_005026.5	NM_005026.5.fasta	5023	5052	+	30	CACTTTGCAAAGCCACAGCGTTTCTGGTTT	AAACCAGAAACGCUGUGGCUUUGCAAAGUG	0
NM_005026.5:5024-5053	NM_005026.5	NM_005026.5.fasta	5024	5053	+	30	ACTTTGCAAAGCCACAGCGTTTCTGGTTTT	AAAACCAGAAACGCUGUGGCUUUGCAAAGU	0
NM_005026.5:5025-5054	NM_005026.5	NM_005026.5.fasta	5025	5054	+	30	CTTTGCAAAGCCACAGCGTTTCTGGTTTTG	CAAAACCAGAAACGCUGUGGCUUUGCAAAG	0
NM_005026.5:5026-5055	NM_005026.5	NM_005026.5.fasta	5026	5055	+	30	TTTGCAAAGCCACAGCGTTTCTGGTTTTGG	CCAAAACCAGAAACGCUGUGGCUUUGCAAA	0
NM_005026.5:5027-5056	NM_005026.5	NM_005026.5.fasta	5027	5056	+	30	TTGCAAAGCCACAGCGTTTCTGGTTTTGGG	CCCAAAACCAGAAACGCUGUGGCUUUGCAA	0
NM_005026.5:5028-5057	NM_005026.5	NM_005026.5.fasta	5028	5057	+	30	TGCAAAGCCACAGCGTTTCTGGTTTTGGGT	ACCCAAAACCAGAAACGCUGUGGCUUUGCA	0
NM_005026.5:5029-5058	NM_005026.5	NM_005026.5.fasta	5029	5058	+	30	GCAAAGCCACAGCGTTTCTGGTTTTGGGTG	CACCCAAAACCAGAAACGCUGUGGCUUUGC	0
NM_005026.5:5030-5059	NM_005026.5	NM_005026.5.fasta	5030	5059	+	30	CAAAGCCACAGCGTTTCTGGTTTTGGGTGT	ACACCCAAAACCAGAAACGCUGUGGCUUUG	0
NM_005026.5:5031-5060	NM_005026.5	NM_005026.5.fasta	5031	5060	+	30	AAAGCCACAGCGTTTCTGGTTTTGGGTGTA	UACACCCAAAACCAGAAACGCUGUGGCUUU	0
NM_005026.5:5032-5061	NM_005026.5	NM_005026.5.fasta	5032	5061	+	30	AAGCCACAGCGTTTCTGGTTTTGGGTGTAC	GUACACCCAAAACCAGAAACGCUGUGGCUU	0
NM_005026.5:5033-5062	NM_005026.5	NM_005026.5.fasta	5033	5062	+	30	AGCCACAGCGTTTCTGGTTTTGGGTGTACA	UGUACACCCAAAACCAGAAACGCUGUGGCU	0
NM_005026.5:5034-5063	NM_005026.5	NM_005026.5.fasta	5034	5063	+	30	GCCACAGCGTTTCTGGTTTTGGGTGTACAG	CUGUACACCCAAAACCAGAAACGCUGUGGC	0
NM_005026.5:5035-5064	NM_005026.5	NM_005026.5.fasta	5035	5064	+	30	CCACAGCGTTTCTGGTTTTGGGTGTACAGT	ACUGUACACCCAAAACCAGAAACGCUGUGG	0
NM_005026.5:5036-5065	NM_005026.5	NM_005026.5.fasta	5036	5065	+	30	CACAGCGTTTCTGGTTTTGGGTGTACAGTC	GACUGUACACCCAAAACCAGAAACGCUGUG	0
NM_005026.5:5037-5066	NM_005026.5	NM_005026.5.fasta	5037	5066	+	30	ACAGCGTTTCTGGTTTTGGGTGTACAGTCT	AGACUGUACACCCAAAACCAGAAACGCUGU	0
NM_005026.5:5038-5067	NM_005026.5	NM_005026.5.fasta	5038	5067	+	30	CAGCGTTTCTGGTTTTGGGTGTACAGTCTT	AAGACUGUACACCCAAAACCAGAAACGCUG	0
NM_005026.5:5039-5068	NM_005026.5	NM_005026.5.fasta	5039	5068	+	30	AGCGTTTCTGGTTTTGGGTGTACAGTCTTG	CAAGACUGUACACCCAAAACCAGAAACGCU	0
NM_005026.5:5040-5069	NM_005026.5	NM_005026.5.fasta	5040	5069	+	30	GCGTTTCTGGTTTTGGGTGTACAGTCTTGT	ACAAGACUGUACACCCAAAACCAGAAACGC	0
NM_005026.5:5041-5070	NM_005026.5	NM_005026.5.fasta	5041	5070	+	30	CGTTTCTGGTTTTGGGTGTACAGTCTTGTG	CACAAGACUGUACACCCAAAACCAGAAACG	0
NM_005026.5:5042-5071	NM_005026.5	NM_005026.5.fasta	5042	5071	+	30	GTTTCTGGTTTTGGGTGTACAGTCTTGTGT	ACACAAGACUGUACACCCAAAACCAGAAAC	0
NM_005026.5:5043-5072	NM_005026.5	NM_005026.5.fasta	5043	5072	+	30	TTTCTGGTTTTGGGTGTACAGTCTTGTGTG	CACACAAGACUGUACACCCAAAACCAGAAA	0
NM_005026.5:5044-5073	NM_005026.5	NM_005026.5.fasta	5044	5073	+	30	TTCTGGTTTTGGGTGTACAGTCTTGTGTGC	GCACACAAGACUGUACACCCAAAACCAGAA	0
NM_005026.5:5045-5074	NM_005026.5	NM_005026.5.fasta	5045	5074	+	30	TCTGGTTTTGGGTGTACAGTCTTGTGTGCC	GGCACACAAGACUGUACACCCAAAACCAGA	0
NM_005026.5:5046-5075	NM_005026.5	NM_005026.5.fasta	5046	5075	+	30	CTGGTTTTGGGTGTACAGTCTTGTGTGCCT	AGGCACACAAGACUGUACACCCAAAACCAG	0
NM_005026.5:5047-5076	NM_005026.5	NM_005026.5.fasta	5047	5076	+	30	TGGTTTTGGGTGTACAGTCTTGTGTGCCTG	CAGGCACACAAGACUGUACACCCAAAACCA	0
NM_005026.5:5048-5077	NM_005026.5	NM_005026.5.fasta	5048	5077	+	30	GGTTTTGGGTGTACAGTCTTGTGTGCCTGG	CCAGGCACACAAGACUGUACACCCAAAACC	0
NM_005026.5:5049-5078	NM_005026.5	NM_005026.5.fasta	5049	5078	+	30	GTTTTGGGTGTACAGTCTTGTGTGCCTGGC	GCCAGGCACACAAGACUGUACACCCAAAAC	0
NM_005026.5:5050-5079	NM_005026.5	NM_005026.5.fasta	5050	5079	+	30	TTTTGGGTGTACAGTCTTGTGTGCCTGGCG	CGCCAGGCACACAAGACUGUACACCCAAAA	0
NM_005026.5:5051-5080	NM_005026.5	NM_005026.5.fasta	5051	5080	+	30	TTTGGGTGTACAGTCTTGTGTGCCTGGCGA	UCGCCAGGCACACAAGACUGUACACCCAAA	0
NM_005026.5:5052-5081	NM_005026.5	NM_005026.5.fasta	5052	5081	+	30	TTGGGTGTACAGTCTTGTGTGCCTGGCGAG	CUCGCCAGGCACACAAGACUGUACACCCAA	0
NM_005026.5:5053-5082	NM_005026.5	NM_005026.5.fasta	5053	5082	+	30	TGGGTGTACAGTCTTGTGTGCCTGGCGAGA	UCUCGCCAGGCACACAAGACUGUACACCCA	0
NM_005026.5:5054-5083	NM_005026.5	NM_005026.5.fasta	5054	5083	+	30	GGGTGTACAGTCTTGTGTGCCTGGCGAGAA	UUCUCGCCAGGCACACAAGACUGUACACCC	0
NM_005026.5:5055-5084	NM_005026.5	NM_005026.5.fasta	5055	5084	+	30	GGTGTACAGTCTTGTGTGCCTGGCGAGAAG	CUUCUCGCCAGGCACACAAGACUGUACACC	0
NM_005026.5:5056-5085	NM_005026.5	NM_005026.5.fasta	5056	5085	+	30	GTGTACAGTCTTGTGTGCCTGGCGAGAAGA	UCUUCUCGCCAGGCACACAAGACUGUACAC	0
NM_005026.5:5057-5086	NM_005026.5	NM_005026.5.fasta	5057	5086	+	30	TGTACAGTCTTGTGTGCCTGGCGAGAAGAA	UUCUUCUCGCCAGGCACACAAGACUGUACA	0
NM_005026.5:5058-5087	NM_005026.5	NM_005026.5.fasta	5058	5087	+	30	GTACAGTCTTGTGTGCCTGGCGAGAAGAAT	AUUCUUCUCGCCAGGCACACAAGACUGUAC	0
NM_005026.5:5059-5088	NM_005026.5	NM_005026.5.fasta	5059	5088	+	30	TACAGTCTTGTGTGCCTGGCGAGAAGAATA	UAUUCUUCUCGCCAGGCACACAAGACUGUA	0
NM_005026.5:5060-5089	NM_005026.5	NM_005026.5.fasta	5060	5089	+	30	ACAGTCTTGTGTGCCTGGCGAGAAGAATAT	AUAUUCUUCUCGCCAGGCACACAAGACUGU	0
NM_005026.5:5061-5090	NM_005026.5	NM_005026.5.fasta	5061	5090	+	30	CAGTCTTGTGTGCCTGGCGAGAAGAATATT	AAUAUUCUUCUCGCCAGGCACACAAGACUG	0
NM_005026.5:5062-5091	NM_005026.5	NM_005026.5.fasta	5062	5091	+	30	AGTCTTGTGTGCCTGGCGAGAAGAATATTT	AAAUAUUCUUCUCGCCAGGCACACAAGACU	0
NM_005026.5:5063-5092	NM_005026.5	NM_005026.5.fasta	5063	5092	+	30	GTCTTGTGTGCCTGGCGAGAAGAATATTTT	AAAAUAUUCUUCUCGCCAGGCACACAAGAC	0
NM_005026.5:5064-5093	NM_005026.5	NM_005026.5.fasta	5064	5093	+	30	TCTTGTGTGCCTGGCGAGAAGAATATTTTC	GAAAAUAUUCUUCUCGCCAGGCACACAAGA	0
NM_005026.5:5065-5094	NM_005026.5	NM_005026.5.fasta	5065	5094	+	30	CTTGTGTGCCTGGCGAGAAGAATATTTTCT	AGAAAAUAUUCUUCUCGCCAGGCACACAAG	0
NM_005026.5:5066-5095	NM_005026.5	NM_005026.5.fasta	5066	5095	+	30	TTGTGTGCCTGGCGAGAAGAATATTTTCTA	UAGAAAAUAUUCUUCUCGCCAGGCACACAA	0
NM_005026.5:5067-5096	NM_005026.5	NM_005026.5.fasta	5067	5096	+	30	TGTGTGCCTGGCGAGAAGAATATTTTCTAT	AUAGAAAAUAUUCUUCUCGCCAGGCACACA	0
NM_005026.5:5068-5097	NM_005026.5	NM_005026.5.fasta	5068	5097	+	30	GTGTGCCTGGCGAGAAGAATATTTTCTATT	AAUAGAAAAUAUUCUUCUCGCCAGGCACAC	0
NM_005026.5:5069-5098	NM_005026.5	NM_005026.5.fasta	5069	5098	+	30	TGTGCCTGGCGAGAAGAATATTTTCTATTT	AAAUAGAAAAUAUUCUUCUCGCCAGGCACA	0
NM_005026.5:5070-5099	NM_005026.5	NM_005026.5.fasta	5070	5099	+	30	GTGCCTGGCGAGAAGAATATTTTCTATTTT	AAAAUAGAAAAUAUUCUUCUCGCCAGGCAC	0
NM_005026.5:5071-5100	NM_005026.5	NM_005026.5.fasta	5071	5100	+	30	TGCCTGGCGAGAAGAATATTTTCTATTTTT	AAAAAUAGAAAAUAUUCUUCUCGCCAGGCA	0
NM_005026.5:5072-5101	NM_005026.5	NM_005026.5.fasta	5072	5101	+	30	GCCTGGCGAGAAGAATATTTTCTATTTTTT	AAAAAAUAGAAAAUAUUCUUCUCGCCAGGC	0
NM_005026.5:5073-5102	NM_005026.5	NM_005026.5.fasta	5073	5102	+	30	CCTGGCGAGAAGAATATTTTCTATTTTTTT	AAAAAAAUAGAAAAUAUUCUUCUCGCCAGG	0
NM_005026.5:5074-5103	NM_005026.5	NM_005026.5.fasta	5074	5103	+	30	CTGGCGAGAAGAATATTTTCTATTTTTTTA	UAAAAAAAUAGAAAAUAUUCUUCUCGCCAG	0
NM_005026.5:5075-5104	NM_005026.5	NM_005026.5.fasta	5075	5104	+	30	TGGCGAGAAGAATATTTTCTATTTTTTTAA	UUAAAAAAAUAGAAAAUAUUCUUCUCGCCA	0
NM_005026.5:5076-5105	NM_005026.5	NM_005026.5.fasta	5076	5105	+	30	GGCGAGAAGAATATTTTCTATTTTTTTAAG	CUUAAAAAAAUAGAAAAUAUUCUUCUCGCC	0
NM_005026.5:5077-5106	NM_005026.5	NM_005026.5.fasta	5077	5106	+	30	GCGAGAAGAATATTTTCTATTTTTTTAAGT	ACUUAAAAAAAUAGAAAAUAUUCUUCUCGC	0
NM_005026.5:5078-5107	NM_005026.5	NM_005026.5.fasta	5078	5107	+	30	CGAGAAGAATATTTTCTATTTTTTTAAGTC	GACUUAAAAAAAUAGAAAAUAUUCUUCUCG	0
NM_005026.5:5079-5108	NM_005026.5	NM_005026.5.fasta	5079	5108	+	30	GAGAAGAATATTTTCTATTTTTTTAAGTCA	UGACUUAAAAAAAUAGAAAAUAUUCUUCUC	0
NM_005026.5:5080-5109	NM_005026.5	NM_005026.5.fasta	5080	5109	+	30	AGAAGAATATTTTCTATTTTTTTAAGTCAT	AUGACUUAAAAAAAUAGAAAAUAUUCUUCU	0
NM_005026.5:5081-5110	NM_005026.5	NM_005026.5.fasta	5081	5110	+	30	GAAGAATATTTTCTATTTTTTTAAGTCATT	AAUGACUUAAAAAAAUAGAAAAUAUUCUUC	0
NM_005026.5:5082-5111	NM_005026.5	NM_005026.5.fasta	5082	5111	+	30	AAGAATATTTTCTATTTTTTTAAGTCATTT	AAAUGACUUAAAAAAAUAGAAAAUAUUCUU	0
NM_005026.5:5083-5112	NM_005026.5	NM_005026.5.fasta	5083	5112	+	30	AGAATATTTTCTATTTTTTTAAGTCATTTC	GAAAUGACUUAAAAAAAUAGAAAAUAUUCU	0
NM_005026.5:5084-5113	NM_005026.5	NM_005026.5.fasta	5084	5113	+	30	GAATATTTTCTATTTTTTTAAGTCATTTCA	UGAAAUGACUUAAAAAAAUAGAAAAUAUUC	0
NM_005026.5:5085-5114	NM_005026.5	NM_005026.5.fasta	5085	5114	+	30	AATATTTTCTATTTTTTTAAGTCATTTCAT	AUGAAAUGACUUAAAAAAAUAGAAAAUAUU	0
NM_005026.5:5086-5115	NM_005026.5	NM_005026.5.fasta	5086	5115	+	30	ATATTTTCTATTTTTTTAAGTCATTTCATG	CAUGAAAUGACUUAAAAAAAUAGAAAAUAU	0
NM_005026.5:5087-5116	NM_005026.5	NM_005026.5.fasta	5087	5116	+	30	TATTTTCTATTTTTTTAAGTCATTTCATGT	ACAUGAAAUGACUUAAAAAAAUAGAAAAUA	0
NM_005026.5:5088-5117	NM_005026.5	NM_005026.5.fasta	5088	5117	+	30	ATTTTCTATTTTTTTAAGTCATTTCATGTT	AACAUGAAAUGACUUAAAAAAAUAGAAAAU	0
NM_005026.5:5089-5118	NM_005026.5	NM_005026.5.fasta	5089	5118	+	30	TTTTCTATTTTTTTAAGTCATTTCATGTTT	AAACAUGAAAUGACUUAAAAAAAUAGAAAA	0
NM_005026.5:5090-5119	NM_005026.5	NM_005026.5.fasta	5090	5119	+	30	TTTCTATTTTTTTAAGTCATTTCATGTTTC	GAAACAUGAAAUGACUUAAAAAAAUAGAAA	0
NM_005026.5:5091-5120	NM_005026.5	NM_005026.5.fasta	5091	5120	+	30	TTCTATTTTTTTAAGTCATTTCATGTTTCT	AGAAACAUGAAAUGACUUAAAAAAAUAGAA	0
NM_005026.5:5092-5121	NM_005026.5	NM_005026.5.fasta	5092	5121	+	30	TCTATTTTTTTAAGTCATTTCATGTTTCTG	CAGAAACAUGAAAUGACUUAAAAAAAUAGA	0
NM_005026.5:5093-5122	NM_005026.5	NM_005026.5.fasta	5093	5122	+	30	CTATTTTTTTAAGTCATTTCATGTTTCTGT	ACAGAAACAUGAAAUGACUUAAAAAAAUAG	0
NM_005026.5:5094-5123	NM_005026.5	NM_005026.5.fasta	5094	5123	+	30	TATTTTTTTAAGTCATTTCATGTTTCTGTC	GACAGAAACAUGAAAUGACUUAAAAAAAUA	0
NM_005026.5:5095-5124	NM_005026.5	NM_005026.5.fasta	5095	5124	+	30	ATTTTTTTAAGTCATTTCATGTTTCTGTCT	AGACAGAAACAUGAAAUGACUUAAAAAAAU	0
NM_005026.5:5096-5125	NM_005026.5	NM_005026.5.fasta	5096	5125	+	30	TTTTTTTAAGTCATTTCATGTTTCTGTCTG	CAGACAGAAACAUGAAAUGACUUAAAAAAA	0
NM_005026.5:5097-5126	NM_005026.5	NM_005026.5.fasta	5097	5126	+	30	TTTTTTAAGTCATTTCATGTTTCTGTCTGG	CCAGACAGAAACAUGAAAUGACUUAAAAAA	0
NM_005026.5:5098-5127	NM_005026.5	NM_005026.5.fasta	5098	5127	+	30	TTTTTAAGTCATTTCATGTTTCTGTCTGGG	CCCAGACAGAAACAUGAAAUGACUUAAAAA	0
NM_005026.5:5099-5128	NM_005026.5	NM_005026.5.fasta	5099	5128	+	30	TTTTAAGTCATTTCATGTTTCTGTCTGGGG	CCCCAGACAGAAACAUGAAAUGACUUAAAA	0
NM_005026.5:5100-5129	NM_005026.5	NM_005026.5.fasta	5100	5129	+	30	TTTAAGTCATTTCATGTTTCTGTCTGGGGA	UCCCCAGACAGAAACAUGAAAUGACUUAAA	0
NM_005026.5:5101-5130	NM_005026.5	NM_005026.5.fasta	5101	5130	+	30	TTAAGTCATTTCATGTTTCTGTCTGGGGAA	UUCCCCAGACAGAAACAUGAAAUGACUUAA	0
NM_005026.5:5102-5131	NM_005026.5	NM_005026.5.fasta	5102	5131	+	30	TAAGTCATTTCATGTTTCTGTCTGGGGAAG	CUUCCCCAGACAGAAACAUGAAAUGACUUA	0
NM_005026.5:5103-5132	NM_005026.5	NM_005026.5.fasta	5103	5132	+	30	AAGTCATTTCATGTTTCTGTCTGGGGAAGG	CCUUCCCCAGACAGAAACAUGAAAUGACUU	0
NM_005026.5:5104-5133	NM_005026.5	NM_005026.5.fasta	5104	5133	+	30	AGTCATTTCATGTTTCTGTCTGGGGAAGGC	GCCUUCCCCAGACAGAAACAUGAAAUGACU	0
NM_005026.5:5105-5134	NM_005026.5	NM_005026.5.fasta	5105	5134	+	30	GTCATTTCATGTTTCTGTCTGGGGAAGGCA	UGCCUUCCCCAGACAGAAACAUGAAAUGAC	0
NM_005026.5:5106-5135	NM_005026.5	NM_005026.5.fasta	5106	5135	+	30	TCATTTCATGTTTCTGTCTGGGGAAGGCAA	UUGCCUUCCCCAGACAGAAACAUGAAAUGA	0
NM_005026.5:5107-5136	NM_005026.5	NM_005026.5.fasta	5107	5136	+	30	CATTTCATGTTTCTGTCTGGGGAAGGCAAG	CUUGCCUUCCCCAGACAGAAACAUGAAAUG	0
NM_005026.5:5108-5137	NM_005026.5	NM_005026.5.fasta	5108	5137	+	30	ATTTCATGTTTCTGTCTGGGGAAGGCAAGT	ACUUGCCUUCCCCAGACAGAAACAUGAAAU	0
NM_005026.5:5109-5138	NM_005026.5	NM_005026.5.fasta	5109	5138	+	30	TTTCATGTTTCTGTCTGGGGAAGGCAAGTT	AACUUGCCUUCCCCAGACAGAAACAUGAAA	0
NM_005026.5:5110-5139	NM_005026.5	NM_005026.5.fasta	5110	5139	+	30	TTCATGTTTCTGTCTGGGGAAGGCAAGTTA	UAACUUGCCUUCCCCAGACAGAAACAUGAA	0
NM_005026.5:5111-5140	NM_005026.5	NM_005026.5.fasta	5111	5140	+	30	TCATGTTTCTGTCTGGGGAAGGCAAGTTAG	CUAACUUGCCUUCCCCAGACAGAAACAUGA	0
NM_005026.5:5112-5141	NM_005026.5	NM_005026.5.fasta	5112	5141	+	30	CATGTTTCTGTCTGGGGAAGGCAAGTTAGT	ACUAACUUGCCUUCCCCAGACAGAAACAUG	0
NM_005026.5:5113-5142	NM_005026.5	NM_005026.5.fasta	5113	5142	+	30	ATGTTTCTGTCTGGGGAAGGCAAGTTAGTT	AACUAACUUGCCUUCCCCAGACAGAAACAU	0
NM_005026.5:5114-5143	NM_005026.5	NM_005026.5.fasta	5114	5143	+	30	TGTTTCTGTCTGGGGAAGGCAAGTTAGTTA	UAACUAACUUGCCUUCCCCAGACAGAAACA	0
NM_005026.5:5115-5144	NM_005026.5	NM_005026.5.fasta	5115	5144	+	30	GTTTCTGTCTGGGGAAGGCAAGTTAGTTAA	UUAACUAACUUGCCUUCCCCAGACAGAAAC	0
NM_005026.5:5116-5145	NM_005026.5	NM_005026.5.fasta	5116	5145	+	30	TTTCTGTCTGGGGAAGGCAAGTTAGTTAAG	CUUAACUAACUUGCCUUCCCCAGACAGAAA	0
NM_005026.5:5117-5146	NM_005026.5	NM_005026.5.fasta	5117	5146	+	30	TTCTGTCTGGGGAAGGCAAGTTAGTTAAGT	ACUUAACUAACUUGCCUUCCCCAGACAGAA	0
NM_005026.5:5118-5147	NM_005026.5	NM_005026.5.fasta	5118	5147	+	30	TCTGTCTGGGGAAGGCAAGTTAGTTAAGTA	UACUUAACUAACUUGCCUUCCCCAGACAGA	0
NM_005026.5:5119-5148	NM_005026.5	NM_005026.5.fasta	5119	5148	+	30	CTGTCTGGGGAAGGCAAGTTAGTTAAGTAT	AUACUUAACUAACUUGCCUUCCCCAGACAG	0
NM_005026.5:5120-5149	NM_005026.5	NM_005026.5.fasta	5120	5149	+	30	TGTCTGGGGAAGGCAAGTTAGTTAAGTATC	GAUACUUAACUAACUUGCCUUCCCCAGACA	0
NM_005026.5:5121-5150	NM_005026.5	NM_005026.5.fasta	5121	5150	+	30	GTCTGGGGAAGGCAAGTTAGTTAAGTATCA	UGAUACUUAACUAACUUGCCUUCCCCAGAC	0
NM_005026.5:5122-5151	NM_005026.5	NM_005026.5.fasta	5122	5151	+	30	TCTGGGGAAGGCAAGTTAGTTAAGTATCAC	GUGAUACUUAACUAACUUGCCUUCCCCAGA	0
NM_005026.5:5123-5152	NM_005026.5	NM_005026.5.fasta	5123	5152	+	30	CTGGGGAAGGCAAGTTAGTTAAGTATCACT	AGUGAUACUUAACUAACUUGCCUUCCCCAG	0
NM_005026.5:5124-5153	NM_005026.5	NM_005026.5.fasta	5124	5153	+	30	TGGGGAAGGCAAGTTAGTTAAGTATCACTG	CAGUGAUACUUAACUAACUUGCCUUCCCCA	0
NM_005026.5:5125-5154	NM_005026.5	NM_005026.5.fasta	5125	5154	+	30	GGGGAAGGCAAGTTAGTTAAGTATCACTGA	UCAGUGAUACUUAACUAACUUGCCUUCCCC	0
NM_005026.5:5126-5155	NM_005026.5	NM_005026.5.fasta	5126	5155	+	30	GGGAAGGCAAGTTAGTTAAGTATCACTGAT	AUCAGUGAUACUUAACUAACUUGCCUUCCC	0
NM_005026.5:5127-5156	NM_005026.5	NM_005026.5.fasta	5127	5156	+	30	GGAAGGCAAGTTAGTTAAGTATCACTGATG	CAUCAGUGAUACUUAACUAACUUGCCUUCC	0
NM_005026.5:5128-5157	NM_005026.5	NM_005026.5.fasta	5128	5157	+	30	GAAGGCAAGTTAGTTAAGTATCACTGATGT	ACAUCAGUGAUACUUAACUAACUUGCCUUC	0
NM_005026.5:5129-5158	NM_005026.5	NM_005026.5.fasta	5129	5158	+	30	AAGGCAAGTTAGTTAAGTATCACTGATGTG	CACAUCAGUGAUACUUAACUAACUUGCCUU	0
NM_005026.5:5130-5159	NM_005026.5	NM_005026.5.fasta	5130	5159	+	30	AGGCAAGTTAGTTAAGTATCACTGATGTGG	CCACAUCAGUGAUACUUAACUAACUUGCCU	0
NM_005026.5:5131-5160	NM_005026.5	NM_005026.5.fasta	5131	5160	+	30	GGCAAGTTAGTTAAGTATCACTGATGTGGG	CCCACAUCAGUGAUACUUAACUAACUUGCC	0
NM_005026.5:5132-5161	NM_005026.5	NM_005026.5.fasta	5132	5161	+	30	GCAAGTTAGTTAAGTATCACTGATGTGGGT	ACCCACAUCAGUGAUACUUAACUAACUUGC	0
NM_005026.5:5133-5162	NM_005026.5	NM_005026.5.fasta	5133	5162	+	30	CAAGTTAGTTAAGTATCACTGATGTGGGTT	AACCCACAUCAGUGAUACUUAACUAACUUG	0
NM_005026.5:5134-5163	NM_005026.5	NM_005026.5.fasta	5134	5163	+	30	AAGTTAGTTAAGTATCACTGATGTGGGTTG	CAACCCACAUCAGUGAUACUUAACUAACUU	0
NM_005026.5:5135-5164	NM_005026.5	NM_005026.5.fasta	5135	5164	+	30	AGTTAGTTAAGTATCACTGATGTGGGTTGA	UCAACCCACAUCAGUGAUACUUAACUAACU	0
NM_005026.5:5136-5165	NM_005026.5	NM_005026.5.fasta	5136	5165	+	30	GTTAGTTAAGTATCACTGATGTGGGTTGAG	CUCAACCCACAUCAGUGAUACUUAACUAAC	0
NM_005026.5:5137-5166	NM_005026.5	NM_005026.5.fasta	5137	5166	+	30	TTAGTTAAGTATCACTGATGTGGGTTGAGA	UCUCAACCCACAUCAGUGAUACUUAACUAA	0
NM_005026.5:5138-5167	NM_005026.5	NM_005026.5.fasta	5138	5167	+	30	TAGTTAAGTATCACTGATGTGGGTTGAGAC	GUCUCAACCCACAUCAGUGAUACUUAACUA	0
NM_005026.5:5139-5168	NM_005026.5	NM_005026.5.fasta	5139	5168	+	30	AGTTAAGTATCACTGATGTGGGTTGAGACC	GGUCUCAACCCACAUCAGUGAUACUUAACU	0
NM_005026.5:5140-5169	NM_005026.5	NM_005026.5.fasta	5140	5169	+	30	GTTAAGTATCACTGATGTGGGTTGAGACCA	UGGUCUCAACCCACAUCAGUGAUACUUAAC	0
NM_005026.5:5141-5170	NM_005026.5	NM_005026.5.fasta	5141	5170	+	30	TTAAGTATCACTGATGTGGGTTGAGACCAG	CUGGUCUCAACCCACAUCAGUGAUACUUAA	0
NM_005026.5:5142-5171	NM_005026.5	NM_005026.5.fasta	5142	5171	+	30	TAAGTATCACTGATGTGGGTTGAGACCAGC	GCUGGUCUCAACCCACAUCAGUGAUACUUA	0
NM_005026.5:5143-5172	NM_005026.5	NM_005026.5.fasta	5143	5172	+	30	AAGTATCACTGATGTGGGTTGAGACCAGCA	UGCUGGUCUCAACCCACAUCAGUGAUACUU	0
NM_005026.5:5144-5173	NM_005026.5	NM_005026.5.fasta	5144	5173	+	30	AGTATCACTGATGTGGGTTGAGACCAGCAC	GUGCUGGUCUCAACCCACAUCAGUGAUACU	0
NM_005026.5:5145-5174	NM_005026.5	NM_005026.5.fasta	5145	5174	+	30	GTATCACTGATGTGGGTTGAGACCAGCACT	AGUGCUGGUCUCAACCCACAUCAGUGAUAC	0
NM_005026.5:5146-5175	NM_005026.5	NM_005026.5.fasta	5146	5175	+	30	TATCACTGATGTGGGTTGAGACCAGCACTC	GAGUGCUGGUCUCAACCCACAUCAGUGAUA	0
NM_005026.5:5147-5176	NM_005026.5	NM_005026.5.fasta	5147	5176	+	30	ATCACTGATGTGGGTTGAGACCAGCACTCT	AGAGUGCUGGUCUCAACCCACAUCAGUGAU	0
NM_005026.5:5148-5177	NM_005026.5	NM_005026.5.fasta	5148	5177	+	30	TCACTGATGTGGGTTGAGACCAGCACTCTG	CAGAGUGCUGGUCUCAACCCACAUCAGUGA	0
NM_005026.5:5149-5178	NM_005026.5	NM_005026.5.fasta	5149	5178	+	30	CACTGATGTGGGTTGAGACCAGCACTCTGT	ACAGAGUGCUGGUCUCAACCCACAUCAGUG	0
NM_005026.5:5150-5179	NM_005026.5	NM_005026.5.fasta	5150	5179	+	30	ACTGATGTGGGTTGAGACCAGCACTCTGTG	CACAGAGUGCUGGUCUCAACCCACAUCAGU	0
NM_005026.5:5151-5180	NM_005026.5	NM_005026.5.fasta	5151	5180	+	30	CTGATGTGGGTTGAGACCAGCACTCTGTGA	UCACAGAGUGCUGGUCUCAACCCACAUCAG	0
NM_005026.5:5152-5181	NM_005026.5	NM_005026.5.fasta	5152	5181	+	30	TGATGTGGGTTGAGACCAGCACTCTGTGAA	UUCACAGAGUGCUGGUCUCAACCCACAUCA	0
NM_005026.5:5153-5182	NM_005026.5	NM_005026.5.fasta	5153	5182	+	30	GATGTGGGTTGAGACCAGCACTCTGTGAAA	UUUCACAGAGUGCUGGUCUCAACCCACAUC	0
NM_005026.5:5154-5183	NM_005026.5	NM_005026.5.fasta	5154	5183	+	30	ATGTGGGTTGAGACCAGCACTCTGTGAAAC	GUUUCACAGAGUGCUGGUCUCAACCCACAU	0
NM_005026.5:5155-5184	NM_005026.5	NM_005026.5.fasta	5155	5184	+	30	TGTGGGTTGAGACCAGCACTCTGTGAAACC	GGUUUCACAGAGUGCUGGUCUCAACCCACA	0
NM_005026.5:5156-5185	NM_005026.5	NM_005026.5.fasta	5156	5185	+	30	GTGGGTTGAGACCAGCACTCTGTGAAACCT	AGGUUUCACAGAGUGCUGGUCUCAACCCAC	0
NM_005026.5:5157-5186	NM_005026.5	NM_005026.5.fasta	5157	5186	+	30	TGGGTTGAGACCAGCACTCTGTGAAACCTT	AAGGUUUCACAGAGUGCUGGUCUCAACCCA	0
NM_005026.5:5158-5187	NM_005026.5	NM_005026.5.fasta	5158	5187	+	30	GGGTTGAGACCAGCACTCTGTGAAACCTTG	CAAGGUUUCACAGAGUGCUGGUCUCAACCC	0
NM_005026.5:5159-5188	NM_005026.5	NM_005026.5.fasta	5159	5188	+	30	GGTTGAGACCAGCACTCTGTGAAACCTTGA	UCAAGGUUUCACAGAGUGCUGGUCUCAACC	0
NM_005026.5:5160-5189	NM_005026.5	NM_005026.5.fasta	5160	5189	+	30	GTTGAGACCAGCACTCTGTGAAACCTTGAA	UUCAAGGUUUCACAGAGUGCUGGUCUCAAC	0
NM_005026.5:5161-5190	NM_005026.5	NM_005026.5.fasta	5161	5190	+	30	TTGAGACCAGCACTCTGTGAAACCTTGAAA	UUUCAAGGUUUCACAGAGUGCUGGUCUCAA	0
NM_005026.5:5162-5191	NM_005026.5	NM_005026.5.fasta	5162	5191	+	30	TGAGACCAGCACTCTGTGAAACCTTGAAAT	AUUUCAAGGUUUCACAGAGUGCUGGUCUCA	0
NM_005026.5:5163-5192	NM_005026.5	NM_005026.5.fasta	5163	5192	+	30	GAGACCAGCACTCTGTGAAACCTTGAAATG	CAUUUCAAGGUUUCACAGAGUGCUGGUCUC	0
NM_005026.5:5164-5193	NM_005026.5	NM_005026.5.fasta	5164	5193	+	30	AGACCAGCACTCTGTGAAACCTTGAAATGA	UCAUUUCAAGGUUUCACAGAGUGCUGGUCU	0
NM_005026.5:5165-5194	NM_005026.5	NM_005026.5.fasta	5165	5194	+	30	GACCAGCACTCTGTGAAACCTTGAAATGAG	CUCAUUUCAAGGUUUCACAGAGUGCUGGUC	0
NM_005026.5:5166-5195	NM_005026.5	NM_005026.5.fasta	5166	5195	+	30	ACCAGCACTCTGTGAAACCTTGAAATGAGA	UCUCAUUUCAAGGUUUCACAGAGUGCUGGU	0
NM_005026.5:5167-5196	NM_005026.5	NM_005026.5.fasta	5167	5196	+	30	CCAGCACTCTGTGAAACCTTGAAATGAGAA	UUCUCAUUUCAAGGUUUCACAGAGUGCUGG	0
NM_005026.5:5168-5197	NM_005026.5	NM_005026.5.fasta	5168	5197	+	30	CAGCACTCTGTGAAACCTTGAAATGAGAAG	CUUCUCAUUUCAAGGUUUCACAGAGUGCUG	0
NM_005026.5:5169-5198	NM_005026.5	NM_005026.5.fasta	5169	5198	+	30	AGCACTCTGTGAAACCTTGAAATGAGAAGT	ACUUCUCAUUUCAAGGUUUCACAGAGUGCU	0
NM_005026.5:5170-5199	NM_005026.5	NM_005026.5.fasta	5170	5199	+	30	GCACTCTGTGAAACCTTGAAATGAGAAGTA	UACUUCUCAUUUCAAGGUUUCACAGAGUGC	0
NM_005026.5:5171-5200	NM_005026.5	NM_005026.5.fasta	5171	5200	+	30	CACTCTGTGAAACCTTGAAATGAGAAGTAA	UUACUUCUCAUUUCAAGGUUUCACAGAGUG	0
NM_005026.5:5172-5201	NM_005026.5	NM_005026.5.fasta	5172	5201	+	30	ACTCTGTGAAACCTTGAAATGAGAAGTAAA	UUUACUUCUCAUUUCAAGGUUUCACAGAGU	0
NM_005026.5:5173-5202	NM_005026.5	NM_005026.5.fasta	5173	5202	+	30	CTCTGTGAAACCTTGAAATGAGAAGTAAAG	CUUUACUUCUCAUUUCAAGGUUUCACAGAG	0
NM_005026.5:5174-5203	NM_005026.5	NM_005026.5.fasta	5174	5203	+	30	TCTGTGAAACCTTGAAATGAGAAGTAAAGG	CCUUUACUUCUCAUUUCAAGGUUUCACAGA	0
NM_005026.5:5175-5204	NM_005026.5	NM_005026.5.fasta	5175	5204	+	30	CTGTGAAACCTTGAAATGAGAAGTAAAGGC	GCCUUUACUUCUCAUUUCAAGGUUUCACAG	0
NM_005026.5:5176-5205	NM_005026.5	NM_005026.5.fasta	5176	5205	+	30	TGTGAAACCTTGAAATGAGAAGTAAAGGCA	UGCCUUUACUUCUCAUUUCAAGGUUUCACA	0
NM_005026.5:5177-5206	NM_005026.5	NM_005026.5.fasta	5177	5206	+	30	GTGAAACCTTGAAATGAGAAGTAAAGGCAG	CUGCCUUUACUUCUCAUUUCAAGGUUUCAC	0
NM_005026.5:5178-5207	NM_005026.5	NM_005026.5.fasta	5178	5207	+	30	TGAAACCTTGAAATGAGAAGTAAAGGCAGA	UCUGCCUUUACUUCUCAUUUCAAGGUUUCA	0
NM_005026.5:5179-5208	NM_005026.5	NM_005026.5.fasta	5179	5208	+	30	GAAACCTTGAAATGAGAAGTAAAGGCAGAT	AUCUGCCUUUACUUCUCAUUUCAAGGUUUC	0
NM_005026.5:5180-5209	NM_005026.5	NM_005026.5.fasta	5180	5209	+	30	AAACCTTGAAATGAGAAGTAAAGGCAGATG	CAUCUGCCUUUACUUCUCAUUUCAAGGUUU	0
NM_005026.5:5181-5210	NM_005026.5	NM_005026.5.fasta	5181	5210	+	30	AACCTTGAAATGAGAAGTAAAGGCAGATGA	UCAUCUGCCUUUACUUCUCAUUUCAAGGUU	0
NM_005026.5:5182-5211	NM_005026.5	NM_005026.5.fasta	5182	5211	+	30	ACCTTGAAATGAGAAGTAAAGGCAGATGAA	UUCAUCUGCCUUUACUUCUCAUUUCAAGGU	0
NM_005026.5:5183-5212	NM_005026.5	NM_005026.5.fasta	5183	5212	+	30	CCTTGAAATGAGAAGTAAAGGCAGATGAAA	UUUCAUCUGCCUUUACUUCUCAUUUCAAGG	0
NM_005026.5:5184-5213	NM_005026.5	NM_005026.5.fasta	5184	5213	+	30	CTTGAAATGAGAAGTAAAGGCAGATGAAAA	UUUUCAUCUGCCUUUACUUCUCAUUUCAAG	0
NM_005026.5:5185-5214	NM_005026.5	NM_005026.5.fasta	5185	5214	+	30	TTGAAATGAGAAGTAAAGGCAGATGAAAAG	CUUUUCAUCUGCCUUUACUUCUCAUUUCAA	0
NM_005026.5:5186-5215	NM_005026.5	NM_005026.5.fasta	5186	5215	+	30	TGAAATGAGAAGTAAAGGCAGATGAAAAGA	UCUUUUCAUCUGCCUUUACUUCUCAUUUCA	0
NM_005026.5:5187-5216	NM_005026.5	NM_005026.5.fasta	5187	5216	+	30	GAAATGAGAAGTAAAGGCAGATGAAAAGAA	UUCUUUUCAUCUGCCUUUACUUCUCAUUUC	0
NM_005026.5:5188-5217	NM_005026.5	NM_005026.5.fasta	5188	5217	+	30	AAATGAGAAGTAAAGGCAGATGAAAAGAAA	UUUCUUUUCAUCUGCCUUUACUUCUCAUUU	0
NM_005026.5:5189-5218	NM_005026.5	NM_005026.5.fasta	5189	5218	+	30	AATGAGAAGTAAAGGCAGATGAAAAGAAAG	CUUUCUUUUCAUCUGCCUUUACUUCUCAUU	0
NM_005026.5:5190-5219	NM_005026.5	NM_005026.5.fasta	5190	5219	+	30	ATGAGAAGTAAAGGCAGATGAAAAGAAAGA	UCUUUCUUUUCAUCUGCCUUUACUUCUCAU	0
NM_005026.5:5191-5220	NM_005026.5	NM_005026.5.fasta	5191	5220	+	30	TGAGAAGTAAAGGCAGATGAAAAGAAAGAA	UUCUUUCUUUUCAUCUGCCUUUACUUCUCA	0
NM_005026.5:5192-5221	NM_005026.5	NM_005026.5.fasta	5192	5221	+	30	GAGAAGTAAAGGCAGATGAAAAGAAAGAAA	UUUCUUUCUUUUCAUCUGCCUUUACUUCUC	0
NM_005026.5:5193-5222	NM_005026.5	NM_005026.5.fasta	5193	5222	+	30	AGAAGTAAAGGCAGATGAAAAGAAAGAAAA	UUUUCUUUCUUUUCAUCUGCCUUUACUUCU	0
NM_005026.5:5194-5223	NM_005026.5	NM_005026.5.fasta	5194	5223	+	30	GAAGTAAAGGCAGATGAAAAGAAAGAAAAA	UUUUUCUUUCUUUUCAUCUGCCUUUACUUC	0
NM_005026.5:5195-5224	NM_005026.5	NM_005026.5.fasta	5195	5224	+	30	AAGTAAAGGCAGATGAAAAGAAAGAAAAAG	CUUUUUCUUUCUUUUCAUCUGCCUUUACUU	0
NM_005026.5:5196-5225	NM_005026.5	NM_005026.5.fasta	5196	5225	+	30	AGTAAAGGCAGATGAAAAGAAAGAAAAAGC	GCUUUUUCUUUCUUUUCAUCUGCCUUUACU	0
NM_005026.5:5197-5226	NM_005026.5	NM_005026.5.fasta	5197	5226	+	30	GTAAAGGCAGATGAAAAGAAAGAAAAAGCC	GGCUUUUUCUUUCUUUUCAUCUGCCUUUAC	0
NM_005026.5:5198-5227	NM_005026.5	NM_005026.5.fasta	5198	5227	+	30	TAAAGGCAGATGAAAAGAAAGAAAAAGCCT	AGGCUUUUUCUUUCUUUUCAUCUGCCUUUA	0
NM_005026.5:5199-5228	NM_005026.5	NM_005026.5.fasta	5199	5228	+	30	AAAGGCAGATGAAAAGAAAGAAAAAGCCTT	AAGGCUUUUUCUUUCUUUUCAUCUGCCUUU	0
NM_005026.5:5200-5229	NM_005026.5	NM_005026.5.fasta	5200	5229	+	30	AAGGCAGATGAAAAGAAAGAAAAAGCCTTT	AAAGGCUUUUUCUUUCUUUUCAUCUGCCUU	0
NM_005026.5:5201-5230	NM_005026.5	NM_005026.5.fasta	5201	5230	+	30	AGGCAGATGAAAAGAAAGAAAAAGCCTTTT	AAAAGGCUUUUUCUUUCUUUUCAUCUGCCU	0
NM_005026.5:5202-5231	NM_005026.5	NM_005026.5.fasta	5202	5231	+	30	GGCAGATGAAAAGAAAGAAAAAGCCTTTTT	AAAAAGGCUUUUUCUUUCUUUUCAUCUGCC	0
NM_005026.5:5203-5232	NM_005026.5	NM_005026.5.fasta	5203	5232	+	30	GCAGATGAAAAGAAAGAAAAAGCCTTTTTA	UAAAAAGGCUUUUUCUUUCUUUUCAUCUGC	0
NM_005026.5:5204-5233	NM_005026.5	NM_005026.5.fasta	5204	5233	+	30	CAGATGAAAAGAAAGAAAAAGCCTTTTTAT	AUAAAAAGGCUUUUUCUUUCUUUUCAUCUG	0
NM_005026.5:5205-5234	NM_005026.5	NM_005026.5.fasta	5205	5234	+	30	AGATGAAAAGAAAGAAAAAGCCTTTTTATG	CAUAAAAAGGCUUUUUCUUUCUUUUCAUCU	0
NM_005026.5:5206-5235	NM_005026.5	NM_005026.5.fasta	5206	5235	+	30	GATGAAAAGAAAGAAAAAGCCTTTTTATGT	ACAUAAAAAGGCUUUUUCUUUCUUUUCAUC	0
NM_005026.5:5207-5236	NM_005026.5	NM_005026.5.fasta	5207	5236	+	30	ATGAAAAGAAAGAAAAAGCCTTTTTATGTT	AACAUAAAAAGGCUUUUUCUUUCUUUUCAU	0
NM_005026.5:5208-5237	NM_005026.5	NM_005026.5.fasta	5208	5237	+	30	TGAAAAGAAAGAAAAAGCCTTTTTATGTTC	GAACAUAAAAAGGCUUUUUCUUUCUUUUCA	0
NM_005026.5:5209-5238	NM_005026.5	NM_005026.5.fasta	5209	5238	+	30	GAAAAGAAAGAAAAAGCCTTTTTATGTTCT	AGAACAUAAAAAGGCUUUUUCUUUCUUUUC	0
NM_005026.5:5210-5239	NM_005026.5	NM_005026.5.fasta	5210	5239	+	30	AAAAGAAAGAAAAAGCCTTTTTATGTTCTT	AAGAACAUAAAAAGGCUUUUUCUUUCUUUU	0
NM_005026.5:5211-5240	NM_005026.5	NM_005026.5.fasta	5211	5240	+	30	AAAGAAAGAAAAAGCCTTTTTATGTTCTTT	AAAGAACAUAAAAAGGCUUUUUCUUUCUUU	0
NM_005026.5:5212-5241	NM_005026.5	NM_005026.5.fasta	5212	5241	+	30	AAGAAAGAAAAAGCCTTTTTATGTTCTTTT	AAAAGAACAUAAAAAGGCUUUUUCUUUCUU	0
NM_005026.5:5213-5242	NM_005026.5	NM_005026.5.fasta	5213	5242	+	30	AGAAAGAAAAAGCCTTTTTATGTTCTTTTA	UAAAAGAACAUAAAAAGGCUUUUUCUUUCU	0
NM_005026.5:5214-5243	NM_005026.5	NM_005026.5.fasta	5214	5243	+	30	GAAAGAAAAAGCCTTTTTATGTTCTTTTAT	AUAAAAGAACAUAAAAAGGCUUUUUCUUUC	0
NM_005026.5:5215-5244	NM_005026.5	NM_005026.5.fasta	5215	5244	+	30	AAAGAAAAAGCCTTTTTATGTTCTTTTATG	CAUAAAAGAACAUAAAAAGGCUUUUUCUUU	0
NM_005026.5:5216-5245	NM_005026.5	NM_005026.5.fasta	5216	5245	+	30	AAGAAAAAGCCTTTTTATGTTCTTTTATGT	ACAUAAAAGAACAUAAAAAGGCUUUUUCUU	0
NM_005026.5:5217-5246	NM_005026.5	NM_005026.5.fasta	5217	5246	+	30	AGAAAAAGCCTTTTTATGTTCTTTTATGTT	AACAUAAAAGAACAUAAAAAGGCUUUUUCU	0
NM_005026.5:5218-5247	NM_005026.5	NM_005026.5.fasta	5218	5247	+	30	GAAAAAGCCTTTTTATGTTCTTTTATGTTC	GAACAUAAAAGAACAUAAAAAGGCUUUUUC	0
NM_005026.5:5219-5248	NM_005026.5	NM_005026.5.fasta	5219	5248	+	30	AAAAAGCCTTTTTATGTTCTTTTATGTTCT	AGAACAUAAAAGAACAUAAAAAGGCUUUUU	0
NM_005026.5:5220-5249	NM_005026.5	NM_005026.5.fasta	5220	5249	+	30	AAAAGCCTTTTTATGTTCTTTTATGTTCTC	GAGAACAUAAAAGAACAUAAAAAGGCUUUU	0
NM_005026.5:5221-5250	NM_005026.5	NM_005026.5.fasta	5221	5250	+	30	AAAGCCTTTTTATGTTCTTTTATGTTCTCG	CGAGAACAUAAAAGAACAUAAAAAGGCUUU	0
NM_005026.5:5222-5251	NM_005026.5	NM_005026.5.fasta	5222	5251	+	30	AAGCCTTTTTATGTTCTTTTATGTTCTCGG	CCGAGAACAUAAAAGAACAUAAAAAGGCUU	0
NM_005026.5:5223-5252	NM_005026.5	NM_005026.5.fasta	5223	5252	+	30	AGCCTTTTTATGTTCTTTTATGTTCTCGGC	GCCGAGAACAUAAAAGAACAUAAAAAGGCU	0
NM_005026.5:5224-5253	NM_005026.5	NM_005026.5.fasta	5224	5253	+	30	GCCTTTTTATGTTCTTTTATGTTCTCGGCT	AGCCGAGAACAUAAAAGAACAUAAAAAGGC	0
NM_005026.5:5225-5254	NM_005026.5	NM_005026.5.fasta	5225	5254	+	30	CCTTTTTATGTTCTTTTATGTTCTCGGCTC	GAGCCGAGAACAUAAAAGAACAUAAAAAGG	0
NM_005026.5:5226-5255	NM_005026.5	NM_005026.5.fasta	5226	5255	+	30	CTTTTTATGTTCTTTTATGTTCTCGGCTCA	UGAGCCGAGAACAUAAAAGAACAUAAAAAG	0
NM_005026.5:5227-5256	NM_005026.5	NM_005026.5.fasta	5227	5256	+	30	TTTTTATGTTCTTTTATGTTCTCGGCTCAA	UUGAGCCGAGAACAUAAAAGAACAUAAAAA	0
NM_005026.5:5228-5257	NM_005026.5	NM_005026.5.fasta	5228	5257	+	30	TTTTATGTTCTTTTATGTTCTCGGCTCAAA	UUUGAGCCGAGAACAUAAAAGAACAUAAAA	0
NM_005026.5:5229-5258	NM_005026.5	NM_005026.5.fasta	5229	5258	+	30	TTTATGTTCTTTTATGTTCTCGGCTCAAAA	UUUUGAGCCGAGAACAUAAAAGAACAUAAA	0
NM_005026.5:5230-5259	NM_005026.5	NM_005026.5.fasta	5230	5259	+	30	TTATGTTCTTTTATGTTCTCGGCTCAAAAA	UUUUUGAGCCGAGAACAUAAAAGAACAUAA	0
NM_005026.5:5231-5260	NM_005026.5	NM_005026.5.fasta	5231	5260	+	30	TATGTTCTTTTATGTTCTCGGCTCAAAAAG	CUUUUUGAGCCGAGAACAUAAAAGAACAUA	0
NM_005026.5:5232-5261	NM_005026.5	NM_005026.5.fasta	5232	5261	+	30	ATGTTCTTTTATGTTCTCGGCTCAAAAAGA	UCUUUUUGAGCCGAGAACAUAAAAGAACAU	0
NM_005026.5:5233-5262	NM_005026.5	NM_005026.5.fasta	5233	5262	+	30	TGTTCTTTTATGTTCTCGGCTCAAAAAGAA	UUCUUUUUGAGCCGAGAACAUAAAAGAACA	0
NM_005026.5:5234-5263	NM_005026.5	NM_005026.5.fasta	5234	5263	+	30	GTTCTTTTATGTTCTCGGCTCAAAAAGAAA	UUUCUUUUUGAGCCGAGAACAUAAAAGAAC	0
NM_005026.5:5235-5264	NM_005026.5	NM_005026.5.fasta	5235	5264	+	30	TTCTTTTATGTTCTCGGCTCAAAAAGAAAC	GUUUCUUUUUGAGCCGAGAACAUAAAAGAA	0
NM_005026.5:5236-5265	NM_005026.5	NM_005026.5.fasta	5236	5265	+	30	TCTTTTATGTTCTCGGCTCAAAAAGAAACA	UGUUUCUUUUUGAGCCGAGAACAUAAAAGA	0
NM_005026.5:5237-5266	NM_005026.5	NM_005026.5.fasta	5237	5266	+	30	CTTTTATGTTCTCGGCTCAAAAAGAAACAA	UUGUUUCUUUUUGAGCCGAGAACAUAAAAG	0
NM_005026.5:5238-5267	NM_005026.5	NM_005026.5.fasta	5238	5267	+	30	TTTTATGTTCTCGGCTCAAAAAGAAACAAG	CUUGUUUCUUUUUGAGCCGAGAACAUAAAA	0
NM_005026.5:5239-5268	NM_005026.5	NM_005026.5.fasta	5239	5268	+	30	TTTATGTTCTCGGCTCAAAAAGAAACAAGG	CCUUGUUUCUUUUUGAGCCGAGAACAUAAA	0
NM_005026.5:5240-5269	NM_005026.5	NM_005026.5.fasta	5240	5269	+	30	TTATGTTCTCGGCTCAAAAAGAAACAAGGG	CCCUUGUUUCUUUUUGAGCCGAGAACAUAA	0
NM_005026.5:5241-5270	NM_005026.5	NM_005026.5.fasta	5241	5270	+	30	TATGTTCTCGGCTCAAAAAGAAACAAGGGA	UCCCUUGUUUCUUUUUGAGCCGAGAACAUA	0
NM_005026.5:5242-5271	NM_005026.5	NM_005026.5.fasta	5242	5271	+	30	ATGTTCTCGGCTCAAAAAGAAACAAGGGAG	CUCCCUUGUUUCUUUUUGAGCCGAGAACAU	0
NM_005026.5:5243-5272	NM_005026.5	NM_005026.5.fasta	5243	5272	+	30	TGTTCTCGGCTCAAAAAGAAACAAGGGAGT	ACUCCCUUGUUUCUUUUUGAGCCGAGAACA	0
NM_005026.5:5244-5273	NM_005026.5	NM_005026.5.fasta	5244	5273	+	30	GTTCTCGGCTCAAAAAGAAACAAGGGAGTG	CACUCCCUUGUUUCUUUUUGAGCCGAGAAC	0
NM_005026.5:5245-5274	NM_005026.5	NM_005026.5.fasta	5245	5274	+	30	TTCTCGGCTCAAAAAGAAACAAGGGAGTGT	ACACUCCCUUGUUUCUUUUUGAGCCGAGAA	0
NM_005026.5:5246-5275	NM_005026.5	NM_005026.5.fasta	5246	5275	+	30	TCTCGGCTCAAAAAGAAACAAGGGAGTGTA	UACACUCCCUUGUUUCUUUUUGAGCCGAGA	0
NM_005026.5:5247-5276	NM_005026.5	NM_005026.5.fasta	5247	5276	+	30	CTCGGCTCAAAAAGAAACAAGGGAGTGTAG	CUACACUCCCUUGUUUCUUUUUGAGCCGAG	0
NM_005026.5:5248-5277	NM_005026.5	NM_005026.5.fasta	5248	5277	+	30	TCGGCTCAAAAAGAAACAAGGGAGTGTAGG	CCUACACUCCCUUGUUUCUUUUUGAGCCGA	0
NM_005026.5:5249-5278	NM_005026.5	NM_005026.5.fasta	5249	5278	+	30	CGGCTCAAAAAGAAACAAGGGAGTGTAGGT	ACCUACACUCCCUUGUUUCUUUUUGAGCCG	0
NM_005026.5:5250-5279	NM_005026.5	NM_005026.5.fasta	5250	5279	+	30	GGCTCAAAAAGAAACAAGGGAGTGTAGGTT	AACCUACACUCCCUUGUUUCUUUUUGAGCC	0
NM_005026.5:5251-5280	NM_005026.5	NM_005026.5.fasta	5251	5280	+	30	GCTCAAAAAGAAACAAGGGAGTGTAGGTTT	AAACCUACACUCCCUUGUUUCUUUUUGAGC	0
NM_005026.5:5252-5281	NM_005026.5	NM_005026.5.fasta	5252	5281	+	30	CTCAAAAAGAAACAAGGGAGTGTAGGTTTA	UAAACCUACACUCCCUUGUUUCUUUUUGAG	0
NM_005026.5:5253-5282	NM_005026.5	NM_005026.5.fasta	5253	5282	+	30	TCAAAAAGAAACAAGGGAGTGTAGGTTTAA	UUAAACCUACACUCCCUUGUUUCUUUUUGA	0
NM_005026.5:5254-5283	NM_005026.5	NM_005026.5.fasta	5254	5283	+	30	CAAAAAGAAACAAGGGAGTGTAGGTTTAAA	UUUAAACCUACACUCCCUUGUUUCUUUUUG	0
NM_005026.5:5255-5284	NM_005026.5	NM_005026.5.fasta	5255	5284	+	30	AAAAAGAAACAAGGGAGTGTAGGTTTAAAA	UUUUAAACCUACACUCCCUUGUUUCUUUUU	0
NM_005026.5:5256-5285	NM_005026.5	NM_005026.5.fasta	5256	5285	+	30	AAAAGAAACAAGGGAGTGTAGGTTTAAAAC	GUUUUAAACCUACACUCCCUUGUUUCUUUU	0
NM_005026.5:5257-5286	NM_005026.5	NM_005026.5.fasta	5257	5286	+	30	AAAGAAACAAGGGAGTGTAGGTTTAAAACC	GGUUUUAAACCUACACUCCCUUGUUUCUUU	0
NM_005026.5:5258-5287	NM_005026.5	NM_005026.5.fasta	5258	5287	+	30	AAGAAACAAGGGAGTGTAGGTTTAAAACCA	UGGUUUUAAACCUACACUCCCUUGUUUCUU	0
NM_005026.5:5259-5288	NM_005026.5	NM_005026.5.fasta	5259	5288	+	30	AGAAACAAGGGAGTGTAGGTTTAAAACCAA	UUGGUUUUAAACCUACACUCCCUUGUUUCU	0
NM_005026.5:5260-5289	NM_005026.5	NM_005026.5.fasta	5260	5289	+	30	GAAACAAGGGAGTGTAGGTTTAAAACCAAA	UUUGGUUUUAAACCUACACUCCCUUGUUUC	0
NM_005026.5:5261-5290	NM_005026.5	NM_005026.5.fasta	5261	5290	+	30	AAACAAGGGAGTGTAGGTTTAAAACCAAAA	UUUUGGUUUUAAACCUACACUCCCUUGUUU	0
NM_005026.5:5262-5291	NM_005026.5	NM_005026.5.fasta	5262	5291	+	30	AACAAGGGAGTGTAGGTTTAAAACCAAAAC	GUUUUGGUUUUAAACCUACACUCCCUUGUU	0
NM_005026.5:5263-5292	NM_005026.5	NM_005026.5.fasta	5263	5292	+	30	ACAAGGGAGTGTAGGTTTAAAACCAAAACA	UGUUUUGGUUUUAAACCUACACUCCCUUGU	0
NM_005026.5:5264-5293	NM_005026.5	NM_005026.5.fasta	5264	5293	+	30	CAAGGGAGTGTAGGTTTAAAACCAAAACAG	CUGUUUUGGUUUUAAACCUACACUCCCUUG	0
NM_005026.5:5265-5294	NM_005026.5	NM_005026.5.fasta	5265	5294	+	30	AAGGGAGTGTAGGTTTAAAACCAAAACAGG	CCUGUUUUGGUUUUAAACCUACACUCCCUU	0
NM_005026.5:5266-5295	NM_005026.5	NM_005026.5.fasta	5266	5295	+	30	AGGGAGTGTAGGTTTAAAACCAAAACAGGA	UCCUGUUUUGGUUUUAAACCUACACUCCCU	0
NM_005026.5:5267-5296	NM_005026.5	NM_005026.5.fasta	5267	5296	+	30	GGGAGTGTAGGTTTAAAACCAAAACAGGAG	CUCCUGUUUUGGUUUUAAACCUACACUCCC	0
NM_005026.5:5268-5297	NM_005026.5	NM_005026.5.fasta	5268	5297	+	30	GGAGTGTAGGTTTAAAACCAAAACAGGAGA	UCUCCUGUUUUGGUUUUAAACCUACACUCC	0
NM_005026.5:5269-5298	NM_005026.5	NM_005026.5.fasta	5269	5298	+	30	GAGTGTAGGTTTAAAACCAAAACAGGAGAG	CUCUCCUGUUUUGGUUUUAAACCUACACUC	0
NM_005026.5:5270-5299	NM_005026.5	NM_005026.5.fasta	5270	5299	+	30	AGTGTAGGTTTAAAACCAAAACAGGAGAGA	UCUCUCCUGUUUUGGUUUUAAACCUACACU	0
NM_005026.5:5271-5300	NM_005026.5	NM_005026.5.fasta	5271	5300	+	30	GTGTAGGTTTAAAACCAAAACAGGAGAGAA	UUCUCUCCUGUUUUGGUUUUAAACCUACAC	0
NM_005026.5:5272-5301	NM_005026.5	NM_005026.5.fasta	5272	5301	+	30	TGTAGGTTTAAAACCAAAACAGGAGAGAAG	CUUCUCUCCUGUUUUGGUUUUAAACCUACA	0
NM_005026.5:5273-5302	NM_005026.5	NM_005026.5.fasta	5273	5302	+	30	GTAGGTTTAAAACCAAAACAGGAGAGAAGA	UCUUCUCUCCUGUUUUGGUUUUAAACCUAC	0
NM_005026.5:5274-5303	NM_005026.5	NM_005026.5.fasta	5274	5303	+	30	TAGGTTTAAAACCAAAACAGGAGAGAAGAC	GUCUUCUCUCCUGUUUUGGUUUUAAACCUA	0
NM_005026.5:5275-5304	NM_005026.5	NM_005026.5.fasta	5275	5304	+	30	AGGTTTAAAACCAAAACAGGAGAGAAGACA	UGUCUUCUCUCCUGUUUUGGUUUUAAACCU	0
NM_005026.5:5276-5305	NM_005026.5	NM_005026.5.fasta	5276	5305	+	30	GGTTTAAAACCAAAACAGGAGAGAAGACAA	UUGUCUUCUCUCCUGUUUUGGUUUUAAACC	0
NM_005026.5:5277-5306	NM_005026.5	NM_005026.5.fasta	5277	5306	+	30	GTTTAAAACCAAAACAGGAGAGAAGACAAA	UUUGUCUUCUCUCCUGUUUUGGUUUUAAAC	0
NM_005026.5:5278-5307	NM_005026.5	NM_005026.5.fasta	5278	5307	+	30	TTTAAAACCAAAACAGGAGAGAAGACAAAC	GUUUGUCUUCUCUCCUGUUUUGGUUUUAAA	0
NM_005026.5:5279-5308	NM_005026.5	NM_005026.5.fasta	5279	5308	+	30	TTAAAACCAAAACAGGAGAGAAGACAAACC	GGUUUGUCUUCUCUCCUGUUUUGGUUUUAA	0
NM_005026.5:5280-5309	NM_005026.5	NM_005026.5.fasta	5280	5309	+	30	TAAAACCAAAACAGGAGAGAAGACAAACCC	GGGUUUGUCUUCUCUCCUGUUUUGGUUUUA	0
NM_005026.5:5281-5310	NM_005026.5	NM_005026.5.fasta	5281	5310	+	30	AAAACCAAAACAGGAGAGAAGACAAACCCC	GGGGUUUGUCUUCUCUCCUGUUUUGGUUUU	0
NM_005026.5:5282-5311	NM_005026.5	NM_005026.5.fasta	5282	5311	+	30	AAACCAAAACAGGAGAGAAGACAAACCCCG	CGGGGUUUGUCUUCUCUCCUGUUUUGGUUU	0
NM_005026.5:5283-5312	NM_005026.5	NM_005026.5.fasta	5283	5312	+	30	AACCAAAACAGGAGAGAAGACAAACCCCGC	GCGGGGUUUGUCUUCUCUCCUGUUUUGGUU	0
NM_005026.5:5284-5313	NM_005026.5	NM_005026.5.fasta	5284	5313	+	30	ACCAAAACAGGAGAGAAGACAAACCCCGCT	AGCGGGGUUUGUCUUCUCUCCUGUUUUGGU	0
NM_005026.5:5285-5314	NM_005026.5	NM_005026.5.fasta	5285	5314	+	30	CCAAAACAGGAGAGAAGACAAACCCCGCTC	GAGCGGGGUUUGUCUUCUCUCCUGUUUUGG	0
NM_005026.5:5286-5315	NM_005026.5	NM_005026.5.fasta	5286	5315	+	30	CAAAACAGGAGAGAAGACAAACCCCGCTCC	GGAGCGGGGUUUGUCUUCUCUCCUGUUUUG	0
NM_005026.5:5287-5316	NM_005026.5	NM_005026.5.fasta	5287	5316	+	30	AAAACAGGAGAGAAGACAAACCCCGCTCCG	CGGAGCGGGGUUUGUCUUCUCUCCUGUUUU	0
NM_005026.5:5288-5317	NM_005026.5	NM_005026.5.fasta	5288	5317	+	30	AAACAGGAGAGAAGACAAACCCCGCTCCGG	CCGGAGCGGGGUUUGUCUUCUCUCCUGUUU	0
NM_005026.5:5289-5318	NM_005026.5	NM_005026.5.fasta	5289	5318	+	30	AACAGGAGAGAAGACAAACCCCGCTCCGGC	GCCGGAGCGGGGUUUGUCUUCUCUCCUGUU	0
NM_005026.5:5290-5319	NM_005026.5	NM_005026.5.fasta	5290	5319	+	30	ACAGGAGAGAAGACAAACCCCGCTCCGGCT	AGCCGGAGCGGGGUUUGUCUUCUCUCCUGU	0
NM_005026.5:5291-5320	NM_005026.5	NM_005026.5.fasta	5291	5320	+	30	CAGGAGAGAAGACAAACCCCGCTCCGGCTG	CAGCCGGAGCGGGGUUUGUCUUCUCUCCUG	0
NM_005026.5:5292-5321	NM_005026.5	NM_005026.5.fasta	5292	5321	+	30	AGGAGAGAAGACAAACCCCGCTCCGGCTGG	CCAGCCGGAGCGGGGUUUGUCUUCUCUCCU	0
NM_005026.5:5293-5322	NM_005026.5	NM_005026.5.fasta	5293	5322	+	30	GGAGAGAAGACAAACCCCGCTCCGGCTGGA	UCCAGCCGGAGCGGGGUUUGUCUUCUCUCC	0
NM_005026.5:5294-5323	NM_005026.5	NM_005026.5.fasta	5294	5323	+	30	GAGAGAAGACAAACCCCGCTCCGGCTGGAG	CUCCAGCCGGAGCGGGGUUUGUCUUCUCUC	0
NM_005026.5:5295-5324	NM_005026.5	NM_005026.5.fasta	5295	5324	+	30	AGAGAAGACAAACCCCGCTCCGGCTGGAGT	ACUCCAGCCGGAGCGGGGUUUGUCUUCUCU	0
NM_005026.5:5296-5325	NM_005026.5	NM_005026.5.fasta	5296	5325	+	30	GAGAAGACAAACCCCGCTCCGGCTGGAGTT	AACUCCAGCCGGAGCGGGGUUUGUCUUCUC	0
NM_005026.5:5297-5326	NM_005026.5	NM_005026.5.fasta	5297	5326	+	30	AGAAGACAAACCCCGCTCCGGCTGGAGTTA	UAACUCCAGCCGGAGCGGGGUUUGUCUUCU	0
NM_005026.5:5298-5327	NM_005026.5	NM_005026.5.fasta	5298	5327	+	30	GAAGACAAACCCCGCTCCGGCTGGAGTTAG	CUAACUCCAGCCGGAGCGGGGUUUGUCUUC	0
NM_005026.5:5299-5328	NM_005026.5	NM_005026.5.fasta	5299	5328	+	30	AAGACAAACCCCGCTCCGGCTGGAGTTAGT	ACUAACUCCAGCCGGAGCGGGGUUUGUCUU	0
NM_005026.5:5300-5329	NM_005026.5	NM_005026.5.fasta	5300	5329	+	30	AGACAAACCCCGCTCCGGCTGGAGTTAGTT	AACUAACUCCAGCCGGAGCGGGGUUUGUCU	0
NM_005026.5:5301-5330	NM_005026.5	NM_005026.5.fasta	5301	5330	+	30	GACAAACCCCGCTCCGGCTGGAGTTAGTTA	UAACUAACUCCAGCCGGAGCGGGGUUUGUC	0
NM_005026.5:5302-5331	NM_005026.5	NM_005026.5.fasta	5302	5331	+	30	ACAAACCCCGCTCCGGCTGGAGTTAGTTAG	CUAACUAACUCCAGCCGGAGCGGGGUUUGU	0
NM_005026.5:5303-5332	NM_005026.5	NM_005026.5.fasta	5303	5332	+	30	CAAACCCCGCTCCGGCTGGAGTTAGTTAGA	UCUAACUAACUCCAGCCGGAGCGGGGUUUG	0
NM_005026.5:5304-5333	NM_005026.5	NM_005026.5.fasta	5304	5333	+	30	AAACCCCGCTCCGGCTGGAGTTAGTTAGAA	UUCUAACUAACUCCAGCCGGAGCGGGGUUU	0
NM_005026.5:5305-5334	NM_005026.5	NM_005026.5.fasta	5305	5334	+	30	AACCCCGCTCCGGCTGGAGTTAGTTAGAAC	GUUCUAACUAACUCCAGCCGGAGCGGGGUU	0
NM_005026.5:5306-5335	NM_005026.5	NM_005026.5.fasta	5306	5335	+	30	ACCCCGCTCCGGCTGGAGTTAGTTAGAACC	GGUUCUAACUAACUCCAGCCGGAGCGGGGU	0
NM_005026.5:5307-5336	NM_005026.5	NM_005026.5.fasta	5307	5336	+	30	CCCCGCTCCGGCTGGAGTTAGTTAGAACCA	UGGUUCUAACUAACUCCAGCCGGAGCGGGG	0
NM_005026.5:5308-5337	NM_005026.5	NM_005026.5.fasta	5308	5337	+	30	CCCGCTCCGGCTGGAGTTAGTTAGAACCAG	CUGGUUCUAACUAACUCCAGCCGGAGCGGG	0
NM_005026.5:5309-5338	NM_005026.5	NM_005026.5.fasta	5309	5338	+	30	CCGCTCCGGCTGGAGTTAGTTAGAACCAGA	UCUGGUUCUAACUAACUCCAGCCGGAGCGG	0
NM_005026.5:5310-5339	NM_005026.5	NM_005026.5.fasta	5310	5339	+	30	CGCTCCGGCTGGAGTTAGTTAGAACCAGAA	UUCUGGUUCUAACUAACUCCAGCCGGAGCG	0
NM_005026.5:5311-5340	NM_005026.5	NM_005026.5.fasta	5311	5340	+	30	GCTCCGGCTGGAGTTAGTTAGAACCAGAAC	GUUCUGGUUCUAACUAACUCCAGCCGGAGC	0
NM_005026.5:5312-5341	NM_005026.5	NM_005026.5.fasta	5312	5341	+	30	CTCCGGCTGGAGTTAGTTAGAACCAGAACT	AGUUCUGGUUCUAACUAACUCCAGCCGGAG	0
NM_005026.5:5313-5342	NM_005026.5	NM_005026.5.fasta	5313	5342	+	30	TCCGGCTGGAGTTAGTTAGAACCAGAACTT	AAGUUCUGGUUCUAACUAACUCCAGCCGGA	0
NM_005026.5:5314-5343	NM_005026.5	NM_005026.5.fasta	5314	5343	+	30	CCGGCTGGAGTTAGTTAGAACCAGAACTTT	AAAGUUCUGGUUCUAACUAACUCCAGCCGG	0
NM_005026.5:5315-5344	NM_005026.5	NM_005026.5.fasta	5315	5344	+	30	CGGCTGGAGTTAGTTAGAACCAGAACTTTA	UAAAGUUCUGGUUCUAACUAACUCCAGCCG	0
NM_005026.5:5316-5345	NM_005026.5	NM_005026.5.fasta	5316	5345	+	30	GGCTGGAGTTAGTTAGAACCAGAACTTTAT	AUAAAGUUCUGGUUCUAACUAACUCCAGCC	0
NM_005026.5:5317-5346	NM_005026.5	NM_005026.5.fasta	5317	5346	+	30	GCTGGAGTTAGTTAGAACCAGAACTTTATT	AAUAAAGUUCUGGUUCUAACUAACUCCAGC	0
NM_005026.5:5318-5347	NM_005026.5	NM_005026.5.fasta	5318	5347	+	30	CTGGAGTTAGTTAGAACCAGAACTTTATTG	CAAUAAAGUUCUGGUUCUAACUAACUCCAG	0
NM_005026.5:5319-5348	NM_005026.5	NM_005026.5.fasta	5319	5348	+	30	TGGAGTTAGTTAGAACCAGAACTTTATTGT	ACAAUAAAGUUCUGGUUCUAACUAACUCCA	0
NM_005026.5:5320-5349	NM_005026.5	NM_005026.5.fasta	5320	5349	+	30	GGAGTTAGTTAGAACCAGAACTTTATTGTA	UACAAUAAAGUUCUGGUUCUAACUAACUCC	0
NM_005026.5:5321-5350	NM_005026.5	NM_005026.5.fasta	5321	5350	+	30	GAGTTAGTTAGAACCAGAACTTTATTGTAG	CUACAAUAAAGUUCUGGUUCUAACUAACUC	0
NM_005026.5:5322-5351	NM_005026.5	NM_005026.5.fasta	5322	5351	+	30	AGTTAGTTAGAACCAGAACTTTATTGTAGC	GCUACAAUAAAGUUCUGGUUCUAACUAACU	0
NM_005026.5:5323-5352	NM_005026.5	NM_005026.5.fasta	5323	5352	+	30	GTTAGTTAGAACCAGAACTTTATTGTAGCG	CGCUACAAUAAAGUUCUGGUUCUAACUAAC	0
NM_005026.5:5324-5353	NM_005026.5	NM_005026.5.fasta	5324	5353	+	30	TTAGTTAGAACCAGAACTTTATTGTAGCGG	CCGCUACAAUAAAGUUCUGGUUCUAACUAA	0
NM_005026.5:5325-5354	NM_005026.5	NM_005026.5.fasta	5325	5354	+	30	TAGTTAGAACCAGAACTTTATTGTAGCGGA	UCCGCUACAAUAAAGUUCUGGUUCUAACUA	0
NM_005026.5:5326-5355	NM_005026.5	NM_005026.5.fasta	5326	5355	+	30	AGTTAGAACCAGAACTTTATTGTAGCGGAT	AUCCGCUACAAUAAAGUUCUGGUUCUAACU	0
NM_005026.5:5327-5356	NM_005026.5	NM_005026.5.fasta	5327	5356	+	30	GTTAGAACCAGAACTTTATTGTAGCGGATA	UAUCCGCUACAAUAAAGUUCUGGUUCUAAC	0
NM_005026.5:5328-5357	NM_005026.5	NM_005026.5.fasta	5328	5357	+	30	TTAGAACCAGAACTTTATTGTAGCGGATAC	GUAUCCGCUACAAUAAAGUUCUGGUUCUAA	0
NM_005026.5:5329-5358	NM_005026.5	NM_005026.5.fasta	5329	5358	+	30	TAGAACCAGAACTTTATTGTAGCGGATACA	UGUAUCCGCUACAAUAAAGUUCUGGUUCUA	0
NM_005026.5:5330-5359	NM_005026.5	NM_005026.5.fasta	5330	5359	+	30	AGAACCAGAACTTTATTGTAGCGGATACAC	GUGUAUCCGCUACAAUAAAGUUCUGGUUCU	0
NM_005026.5:5331-5360	NM_005026.5	NM_005026.5.fasta	5331	5360	+	30	GAACCAGAACTTTATTGTAGCGGATACACT	AGUGUAUCCGCUACAAUAAAGUUCUGGUUC	0
NM_005026.5:5332-5361	NM_005026.5	NM_005026.5.fasta	5332	5361	+	30	AACCAGAACTTTATTGTAGCGGATACACTT	AAGUGUAUCCGCUACAAUAAAGUUCUGGUU	0
NM_005026.5:5333-5362	NM_005026.5	NM_005026.5.fasta	5333	5362	+	30	ACCAGAACTTTATTGTAGCGGATACACTTT	AAAGUGUAUCCGCUACAAUAAAGUUCUGGU	0
NM_005026.5:5334-5363	NM_005026.5	NM_005026.5.fasta	5334	5363	+	30	CCAGAACTTTATTGTAGCGGATACACTTTC	GAAAGUGUAUCCGCUACAAUAAAGUUCUGG	0
NM_005026.5:5335-5364	NM_005026.5	NM_005026.5.fasta	5335	5364	+	30	CAGAACTTTATTGTAGCGGATACACTTTCT	AGAAAGUGUAUCCGCUACAAUAAAGUUCUG	0
NM_005026.5:5336-5365	NM_005026.5	NM_005026.5.fasta	5336	5365	+	30	AGAACTTTATTGTAGCGGATACACTTTCTG	CAGAAAGUGUAUCCGCUACAAUAAAGUUCU	0
NM_005026.5:5337-5366	NM_005026.5	NM_005026.5.fasta	5337	5366	+	30	GAACTTTATTGTAGCGGATACACTTTCTGA	UCAGAAAGUGUAUCCGCUACAAUAAAGUUC	0
NM_005026.5:5338-5367	NM_005026.5	NM_005026.5.fasta	5338	5367	+	30	AACTTTATTGTAGCGGATACACTTTCTGAC	GUCAGAAAGUGUAUCCGCUACAAUAAAGUU	0
NM_005026.5:5339-5368	NM_005026.5	NM_005026.5.fasta	5339	5368	+	30	ACTTTATTGTAGCGGATACACTTTCTGACC	GGUCAGAAAGUGUAUCCGCUACAAUAAAGU	0
NM_005026.5:5340-5369	NM_005026.5	NM_005026.5.fasta	5340	5369	+	30	CTTTATTGTAGCGGATACACTTTCTGACCT	AGGUCAGAAAGUGUAUCCGCUACAAUAAAG	0
NM_005026.5:5341-5370	NM_005026.5	NM_005026.5.fasta	5341	5370	+	30	TTTATTGTAGCGGATACACTTTCTGACCTA	UAGGUCAGAAAGUGUAUCCGCUACAAUAAA	0
NM_005026.5:5342-5371	NM_005026.5	NM_005026.5.fasta	5342	5371	+	30	TTATTGTAGCGGATACACTTTCTGACCTAT	AUAGGUCAGAAAGUGUAUCCGCUACAAUAA	0
NM_005026.5:5343-5372	NM_005026.5	NM_005026.5.fasta	5343	5372	+	30	TATTGTAGCGGATACACTTTCTGACCTATC	GAUAGGUCAGAAAGUGUAUCCGCUACAAUA	0
NM_005026.5:5344-5373	NM_005026.5	NM_005026.5.fasta	5344	5373	+	30	ATTGTAGCGGATACACTTTCTGACCTATCA	UGAUAGGUCAGAAAGUGUAUCCGCUACAAU	0
NM_005026.5:5345-5374	NM_005026.5	NM_005026.5.fasta	5345	5374	+	30	TTGTAGCGGATACACTTTCTGACCTATCAT	AUGAUAGGUCAGAAAGUGUAUCCGCUACAA	0
NM_005026.5:5346-5375	NM_005026.5	NM_005026.5.fasta	5346	5375	+	30	TGTAGCGGATACACTTTCTGACCTATCATG	CAUGAUAGGUCAGAAAGUGUAUCCGCUACA	0
NM_005026.5:5347-5376	NM_005026.5	NM_005026.5.fasta	5347	5376	+	30	GTAGCGGATACACTTTCTGACCTATCATGA	UCAUGAUAGGUCAGAAAGUGUAUCCGCUAC	0
NM_005026.5:5348-5377	NM_005026.5	NM_005026.5.fasta	5348	5377	+	30	TAGCGGATACACTTTCTGACCTATCATGAG	CUCAUGAUAGGUCAGAAAGUGUAUCCGCUA	0
NM_005026.5:5349-5378	NM_005026.5	NM_005026.5.fasta	5349	5378	+	30	AGCGGATACACTTTCTGACCTATCATGAGT	ACUCAUGAUAGGUCAGAAAGUGUAUCCGCU	0
NM_005026.5:5350-5379	NM_005026.5	NM_005026.5.fasta	5350	5379	+	30	GCGGATACACTTTCTGACCTATCATGAGTA	UACUCAUGAUAGGUCAGAAAGUGUAUCCGC	0
NM_005026.5:5351-5380	NM_005026.5	NM_005026.5.fasta	5351	5380	+	30	CGGATACACTTTCTGACCTATCATGAGTAT	AUACUCAUGAUAGGUCAGAAAGUGUAUCCG	0
NM_005026.5:5352-5381	NM_005026.5	NM_005026.5.fasta	5352	5381	+	30	GGATACACTTTCTGACCTATCATGAGTATA	UAUACUCAUGAUAGGUCAGAAAGUGUAUCC	0
NM_005026.5:5353-5382	NM_005026.5	NM_005026.5.fasta	5353	5382	+	30	GATACACTTTCTGACCTATCATGAGTATAC	GUAUACUCAUGAUAGGUCAGAAAGUGUAUC	0
NM_005026.5:5354-5383	NM_005026.5	NM_005026.5.fasta	5354	5383	+	30	ATACACTTTCTGACCTATCATGAGTATACA	UGUAUACUCAUGAUAGGUCAGAAAGUGUAU	0
NM_005026.5:5355-5384	NM_005026.5	NM_005026.5.fasta	5355	5384	+	30	TACACTTTCTGACCTATCATGAGTATACAC	GUGUAUACUCAUGAUAGGUCAGAAAGUGUA	0
NM_005026.5:5356-5385	NM_005026.5	NM_005026.5.fasta	5356	5385	+	30	ACACTTTCTGACCTATCATGAGTATACACA	UGUGUAUACUCAUGAUAGGUCAGAAAGUGU	0
NM_005026.5:5357-5386	NM_005026.5	NM_005026.5.fasta	5357	5386	+	30	CACTTTCTGACCTATCATGAGTATACACAT	AUGUGUAUACUCAUGAUAGGUCAGAAAGUG	0
NM_005026.5:5358-5387	NM_005026.5	NM_005026.5.fasta	5358	5387	+	30	ACTTTCTGACCTATCATGAGTATACACATC	GAUGUGUAUACUCAUGAUAGGUCAGAAAGU	0
NM_005026.5:5359-5388	NM_005026.5	NM_005026.5.fasta	5359	5388	+	30	CTTTCTGACCTATCATGAGTATACACATCT	AGAUGUGUAUACUCAUGAUAGGUCAGAAAG	0
NM_005026.5:5360-5389	NM_005026.5	NM_005026.5.fasta	5360	5389	+	30	TTTCTGACCTATCATGAGTATACACATCTG	CAGAUGUGUAUACUCAUGAUAGGUCAGAAA	0
NM_005026.5:5361-5390	NM_005026.5	NM_005026.5.fasta	5361	5390	+	30	TTCTGACCTATCATGAGTATACACATCTGC	GCAGAUGUGUAUACUCAUGAUAGGUCAGAA	0
NM_005026.5:5362-5391	NM_005026.5	NM_005026.5.fasta	5362	5391	+	30	TCTGACCTATCATGAGTATACACATCTGCG	CGCAGAUGUGUAUACUCAUGAUAGGUCAGA	0
NM_005026.5:5363-5392	NM_005026.5	NM_005026.5.fasta	5363	5392	+	30	CTGACCTATCATGAGTATACACATCTGCGA	UCGCAGAUGUGUAUACUCAUGAUAGGUCAG	0
NM_005026.5:5364-5393	NM_005026.5	NM_005026.5.fasta	5364	5393	+	30	TGACCTATCATGAGTATACACATCTGCGAA	UUCGCAGAUGUGUAUACUCAUGAUAGGUCA	0
NM_005026.5:5365-5394	NM_005026.5	NM_005026.5.fasta	5365	5394	+	30	GACCTATCATGAGTATACACATCTGCGAAG	CUUCGCAGAUGUGUAUACUCAUGAUAGGUC	0
NM_005026.5:5366-5395	NM_005026.5	NM_005026.5.fasta	5366	5395	+	30	ACCTATCATGAGTATACACATCTGCGAAGG	CCUUCGCAGAUGUGUAUACUCAUGAUAGGU	0
NM_005026.5:5367-5396	NM_005026.5	NM_005026.5.fasta	5367	5396	+	30	CCTATCATGAGTATACACATCTGCGAAGGG	CCCUUCGCAGAUGUGUAUACUCAUGAUAGG	0
NM_005026.5:5368-5397	NM_005026.5	NM_005026.5.fasta	5368	5397	+	30	CTATCATGAGTATACACATCTGCGAAGGGA	UCCCUUCGCAGAUGUGUAUACUCAUGAUAG	0
NM_005026.5:5369-5398	NM_005026.5	NM_005026.5.fasta	5369	5398	+	30	TATCATGAGTATACACATCTGCGAAGGGAA	UUCCCUUCGCAGAUGUGUAUACUCAUGAUA	0
NM_005026.5:5370-5399	NM_005026.5	NM_005026.5.fasta	5370	5399	+	30	ATCATGAGTATACACATCTGCGAAGGGAAA	UUUCCCUUCGCAGAUGUGUAUACUCAUGAU	0
NM_005026.5:5371-5400	NM_005026.5	NM_005026.5.fasta	5371	5400	+	30	TCATGAGTATACACATCTGCGAAGGGAAAC	GUUUCCCUUCGCAGAUGUGUAUACUCAUGA	0
NM_005026.5:5372-5401	NM_005026.5	NM_005026.5.fasta	5372	5401	+	30	CATGAGTATACACATCTGCGAAGGGAAACC	GGUUUCCCUUCGCAGAUGUGUAUACUCAUG	0
NM_005026.5:5373-5402	NM_005026.5	NM_005026.5.fasta	5373	5402	+	30	ATGAGTATACACATCTGCGAAGGGAAACCG	CGGUUUCCCUUCGCAGAUGUGUAUACUCAU	0
NM_005026.5:5374-5403	NM_005026.5	NM_005026.5.fasta	5374	5403	+	30	TGAGTATACACATCTGCGAAGGGAAACCGC	GCGGUUUCCCUUCGCAGAUGUGUAUACUCA	0
NM_005026.5:5375-5404	NM_005026.5	NM_005026.5.fasta	5375	5404	+	30	GAGTATACACATCTGCGAAGGGAAACCGCG	CGCGGUUUCCCUUCGCAGAUGUGUAUACUC	0
NM_005026.5:5376-5405	NM_005026.5	NM_005026.5.fasta	5376	5405	+	30	AGTATACACATCTGCGAAGGGAAACCGCGC	GCGCGGUUUCCCUUCGCAGAUGUGUAUACU	0
NM_005026.5:5377-5406	NM_005026.5	NM_005026.5.fasta	5377	5406	+	30	GTATACACATCTGCGAAGGGAAACCGCGCG	CGCGCGGUUUCCCUUCGCAGAUGUGUAUAC	0
NM_005026.5:5378-5407	NM_005026.5	NM_005026.5.fasta	5378	5407	+	30	TATACACATCTGCGAAGGGAAACCGCGCGG	CCGCGCGGUUUCCCUUCGCAGAUGUGUAUA	0
NM_005026.5:5379-5408	NM_005026.5	NM_005026.5.fasta	5379	5408	+	30	ATACACATCTGCGAAGGGAAACCGCGCGGC	GCCGCGCGGUUUCCCUUCGCAGAUGUGUAU	0
NM_005026.5:5380-5409	NM_005026.5	NM_005026.5.fasta	5380	5409	+	30	TACACATCTGCGAAGGGAAACCGCGCGGCG	CGCCGCGCGGUUUCCCUUCGCAGAUGUGUA	0
NM_005026.5:5381-5410	NM_005026.5	NM_005026.5.fasta	5381	5410	+	30	ACACATCTGCGAAGGGAAACCGCGCGGCGA	UCGCCGCGCGGUUUCCCUUCGCAGAUGUGU	0
NM_005026.5:5382-5411	NM_005026.5	NM_005026.5.fasta	5382	5411	+	30	CACATCTGCGAAGGGAAACCGCGCGGCGAC	GUCGCCGCGCGGUUUCCCUUCGCAGAUGUG	0
NM_005026.5:5383-5412	NM_005026.5	NM_005026.5.fasta	5383	5412	+	30	ACATCTGCGAAGGGAAACCGCGCGGCGACA	UGUCGCCGCGCGGUUUCCCUUCGCAGAUGU	0
