tile_id	transcript_id	source_file	start	end	strand	length	target_seq	guide_rna	has_ambiguous
NM_006219.3:1-30	NM_006219.3	NM_006219.3.fasta	1	30	+	30	GCACACGGGCGCGGGTTCGGCGGCGGCGCG	CGCGCCGCCGCCGAACCCGCGCCCGUGUGC	0
NM_006219.3:2-31	NM_006219.3	NM_006219.3.fasta	2	31	+	30	CACACGGGCGCGGGTTCGGCGGCGGCGCGC	GCGCGCCGCCGCCGAACCCGCGCCCGUGUG	0
NM_006219.3:3-32	NM_006219.3	NM_006219.3.fasta	3	32	+	30	ACACGGGCGCGGGTTCGGCGGCGGCGCGCG	CGCGCGCCGCCGCCGAACCCGCGCCCGUGU	0
NM_006219.3:4-33	NM_006219.3	NM_006219.3.fasta	4	33	+	30	CACGGGCGCGGGTTCGGCGGCGGCGCGCGC	GCGCGCGCCGCCGCCGAACCCGCGCCCGUG	0
NM_006219.3:5-34	NM_006219.3	NM_006219.3.fasta	5	34	+	30	ACGGGCGCGGGTTCGGCGGCGGCGCGCGCG	CGCGCGCGCCGCCGCCGAACCCGCGCCCGU	0
NM_006219.3:6-35	NM_006219.3	NM_006219.3.fasta	6	35	+	30	CGGGCGCGGGTTCGGCGGCGGCGCGCGCGT	ACGCGCGCGCCGCCGCCGAACCCGCGCCCG	0
NM_006219.3:7-36	NM_006219.3	NM_006219.3.fasta	7	36	+	30	GGGCGCGGGTTCGGCGGCGGCGCGCGCGTG	CACGCGCGCGCCGCCGCCGAACCCGCGCCC	0
NM_006219.3:8-37	NM_006219.3	NM_006219.3.fasta	8	37	+	30	GGCGCGGGTTCGGCGGCGGCGCGCGCGTGC	GCACGCGCGCGCCGCCGCCGAACCCGCGCC	0
NM_006219.3:9-38	NM_006219.3	NM_006219.3.fasta	9	38	+	30	GCGCGGGTTCGGCGGCGGCGCGCGCGTGCT	AGCACGCGCGCGCCGCCGCCGAACCCGCGC	0
NM_006219.3:10-39	NM_006219.3	NM_006219.3.fasta	10	39	+	30	CGCGGGTTCGGCGGCGGCGCGCGCGTGCTC	GAGCACGCGCGCGCCGCCGCCGAACCCGCG	0
NM_006219.3:11-40	NM_006219.3	NM_006219.3.fasta	11	40	+	30	GCGGGTTCGGCGGCGGCGCGCGCGTGCTCT	AGAGCACGCGCGCGCCGCCGCCGAACCCGC	0
NM_006219.3:12-41	NM_006219.3	NM_006219.3.fasta	12	41	+	30	CGGGTTCGGCGGCGGCGCGCGCGTGCTCTG	CAGAGCACGCGCGCGCCGCCGCCGAACCCG	0
NM_006219.3:13-42	NM_006219.3	NM_006219.3.fasta	13	42	+	30	GGGTTCGGCGGCGGCGCGCGCGTGCTCTGT	ACAGAGCACGCGCGCGCCGCCGCCGAACCC	0
NM_006219.3:14-43	NM_006219.3	NM_006219.3.fasta	14	43	+	30	GGTTCGGCGGCGGCGCGCGCGTGCTCTGTC	GACAGAGCACGCGCGCGCCGCCGCCGAACC	0
NM_006219.3:15-44	NM_006219.3	NM_006219.3.fasta	15	44	+	30	GTTCGGCGGCGGCGCGCGCGTGCTCTGTCG	CGACAGAGCACGCGCGCGCCGCCGCCGAAC	0
NM_006219.3:16-45	NM_006219.3	NM_006219.3.fasta	16	45	+	30	TTCGGCGGCGGCGCGCGCGTGCTCTGTCGG	CCGACAGAGCACGCGCGCGCCGCCGCCGAA	0
NM_006219.3:17-46	NM_006219.3	NM_006219.3.fasta	17	46	+	30	TCGGCGGCGGCGCGCGCGTGCTCTGTCGGC	GCCGACAGAGCACGCGCGCGCCGCCGCCGA	0
NM_006219.3:18-47	NM_006219.3	NM_006219.3.fasta	18	47	+	30	CGGCGGCGGCGCGCGCGTGCTCTGTCGGCC	GGCCGACAGAGCACGCGCGCGCCGCCGCCG	0
NM_006219.3:19-48	NM_006219.3	NM_006219.3.fasta	19	48	+	30	GGCGGCGGCGCGCGCGTGCTCTGTCGGCCT	AGGCCGACAGAGCACGCGCGCGCCGCCGCC	0
NM_006219.3:20-49	NM_006219.3	NM_006219.3.fasta	20	49	+	30	GCGGCGGCGCGCGCGTGCTCTGTCGGCCTG	CAGGCCGACAGAGCACGCGCGCGCCGCCGC	0
NM_006219.3:21-50	NM_006219.3	NM_006219.3.fasta	21	50	+	30	CGGCGGCGCGCGCGTGCTCTGTCGGCCTGT	ACAGGCCGACAGAGCACGCGCGCGCCGCCG	0
NM_006219.3:22-51	NM_006219.3	NM_006219.3.fasta	22	51	+	30	GGCGGCGCGCGCGTGCTCTGTCGGCCTGTG	CACAGGCCGACAGAGCACGCGCGCGCCGCC	0
NM_006219.3:23-52	NM_006219.3	NM_006219.3.fasta	23	52	+	30	GCGGCGCGCGCGTGCTCTGTCGGCCTGTGC	GCACAGGCCGACAGAGCACGCGCGCGCCGC	0
NM_006219.3:24-53	NM_006219.3	NM_006219.3.fasta	24	53	+	30	CGGCGCGCGCGTGCTCTGTCGGCCTGTGCG	CGCACAGGCCGACAGAGCACGCGCGCGCCG	0
NM_006219.3:25-54	NM_006219.3	NM_006219.3.fasta	25	54	+	30	GGCGCGCGCGTGCTCTGTCGGCCTGTGCGG	CCGCACAGGCCGACAGAGCACGCGCGCGCC	0
NM_006219.3:26-55	NM_006219.3	NM_006219.3.fasta	26	55	+	30	GCGCGCGCGTGCTCTGTCGGCCTGTGCGGC	GCCGCACAGGCCGACAGAGCACGCGCGCGC	0
NM_006219.3:27-56	NM_006219.3	NM_006219.3.fasta	27	56	+	30	CGCGCGCGTGCTCTGTCGGCCTGTGCGGCG	CGCCGCACAGGCCGACAGAGCACGCGCGCG	0
NM_006219.3:28-57	NM_006219.3	NM_006219.3.fasta	28	57	+	30	GCGCGCGTGCTCTGTCGGCCTGTGCGGCGC	GCGCCGCACAGGCCGACAGAGCACGCGCGC	0
NM_006219.3:29-58	NM_006219.3	NM_006219.3.fasta	29	58	+	30	CGCGCGTGCTCTGTCGGCCTGTGCGGCGCT	AGCGCCGCACAGGCCGACAGAGCACGCGCG	0
NM_006219.3:30-59	NM_006219.3	NM_006219.3.fasta	30	59	+	30	GCGCGTGCTCTGTCGGCCTGTGCGGCGCTG	CAGCGCCGCACAGGCCGACAGAGCACGCGC	0
NM_006219.3:31-60	NM_006219.3	NM_006219.3.fasta	31	60	+	30	CGCGTGCTCTGTCGGCCTGTGCGGCGCTGC	GCAGCGCCGCACAGGCCGACAGAGCACGCG	0
NM_006219.3:32-61	NM_006219.3	NM_006219.3.fasta	32	61	+	30	GCGTGCTCTGTCGGCCTGTGCGGCGCTGCG	CGCAGCGCCGCACAGGCCGACAGAGCACGC	0
NM_006219.3:33-62	NM_006219.3	NM_006219.3.fasta	33	62	+	30	CGTGCTCTGTCGGCCTGTGCGGCGCTGCGG	CCGCAGCGCCGCACAGGCCGACAGAGCACG	0
NM_006219.3:34-63	NM_006219.3	NM_006219.3.fasta	34	63	+	30	GTGCTCTGTCGGCCTGTGCGGCGCTGCGGC	GCCGCAGCGCCGCACAGGCCGACAGAGCAC	0
NM_006219.3:35-64	NM_006219.3	NM_006219.3.fasta	35	64	+	30	TGCTCTGTCGGCCTGTGCGGCGCTGCGGCG	CGCCGCAGCGCCGCACAGGCCGACAGAGCA	0
NM_006219.3:36-65	NM_006219.3	NM_006219.3.fasta	36	65	+	30	GCTCTGTCGGCCTGTGCGGCGCTGCGGCGG	CCGCCGCAGCGCCGCACAGGCCGACAGAGC	0
NM_006219.3:37-66	NM_006219.3	NM_006219.3.fasta	37	66	+	30	CTCTGTCGGCCTGTGCGGCGCTGCGGCGGA	UCCGCCGCAGCGCCGCACAGGCCGACAGAG	0
NM_006219.3:38-67	NM_006219.3	NM_006219.3.fasta	38	67	+	30	TCTGTCGGCCTGTGCGGCGCTGCGGCGGAG	CUCCGCCGCAGCGCCGCACAGGCCGACAGA	0
NM_006219.3:39-68	NM_006219.3	NM_006219.3.fasta	39	68	+	30	CTGTCGGCCTGTGCGGCGCTGCGGCGGAGC	GCUCCGCCGCAGCGCCGCACAGGCCGACAG	0
NM_006219.3:40-69	NM_006219.3	NM_006219.3.fasta	40	69	+	30	TGTCGGCCTGTGCGGCGCTGCGGCGGAGCG	CGCUCCGCCGCAGCGCCGCACAGGCCGACA	0
NM_006219.3:41-70	NM_006219.3	NM_006219.3.fasta	41	70	+	30	GTCGGCCTGTGCGGCGCTGCGGCGGAGCGG	CCGCUCCGCCGCAGCGCCGCACAGGCCGAC	0
NM_006219.3:42-71	NM_006219.3	NM_006219.3.fasta	42	71	+	30	TCGGCCTGTGCGGCGCTGCGGCGGAGCGGG	CCCGCUCCGCCGCAGCGCCGCACAGGCCGA	0
NM_006219.3:43-72	NM_006219.3	NM_006219.3.fasta	43	72	+	30	CGGCCTGTGCGGCGCTGCGGCGGAGCGGGC	GCCCGCUCCGCCGCAGCGCCGCACAGGCCG	0
NM_006219.3:44-73	NM_006219.3	NM_006219.3.fasta	44	73	+	30	GGCCTGTGCGGCGCTGCGGCGGAGCGGGCC	GGCCCGCUCCGCCGCAGCGCCGCACAGGCC	0
NM_006219.3:45-74	NM_006219.3	NM_006219.3.fasta	45	74	+	30	GCCTGTGCGGCGCTGCGGCGGAGCGGGCCA	UGGCCCGCUCCGCCGCAGCGCCGCACAGGC	0
NM_006219.3:46-75	NM_006219.3	NM_006219.3.fasta	46	75	+	30	CCTGTGCGGCGCTGCGGCGGAGCGGGCCAT	AUGGCCCGCUCCGCCGCAGCGCCGCACAGG	0
NM_006219.3:47-76	NM_006219.3	NM_006219.3.fasta	47	76	+	30	CTGTGCGGCGCTGCGGCGGAGCGGGCCATG	CAUGGCCCGCUCCGCCGCAGCGCCGCACAG	0
NM_006219.3:48-77	NM_006219.3	NM_006219.3.fasta	48	77	+	30	TGTGCGGCGCTGCGGCGGAGCGGGCCATGG	CCAUGGCCCGCUCCGCCGCAGCGCCGCACA	0
NM_006219.3:49-78	NM_006219.3	NM_006219.3.fasta	49	78	+	30	GTGCGGCGCTGCGGCGGAGCGGGCCATGGC	GCCAUGGCCCGCUCCGCCGCAGCGCCGCAC	0
NM_006219.3:50-79	NM_006219.3	NM_006219.3.fasta	50	79	+	30	TGCGGCGCTGCGGCGGAGCGGGCCATGGCA	UGCCAUGGCCCGCUCCGCCGCAGCGCCGCA	0
NM_006219.3:51-80	NM_006219.3	NM_006219.3.fasta	51	80	+	30	GCGGCGCTGCGGCGGAGCGGGCCATGGCAG	CUGCCAUGGCCCGCUCCGCCGCAGCGCCGC	0
NM_006219.3:52-81	NM_006219.3	NM_006219.3.fasta	52	81	+	30	CGGCGCTGCGGCGGAGCGGGCCATGGCAGT	ACUGCCAUGGCCCGCUCCGCCGCAGCGCCG	0
NM_006219.3:53-82	NM_006219.3	NM_006219.3.fasta	53	82	+	30	GGCGCTGCGGCGGAGCGGGCCATGGCAGTG	CACUGCCAUGGCCCGCUCCGCCGCAGCGCC	0
NM_006219.3:54-83	NM_006219.3	NM_006219.3.fasta	54	83	+	30	GCGCTGCGGCGGAGCGGGCCATGGCAGTGG	CCACUGCCAUGGCCCGCUCCGCCGCAGCGC	0
NM_006219.3:55-84	NM_006219.3	NM_006219.3.fasta	55	84	+	30	CGCTGCGGCGGAGCGGGCCATGGCAGTGGG	CCCACUGCCAUGGCCCGCUCCGCCGCAGCG	0
NM_006219.3:56-85	NM_006219.3	NM_006219.3.fasta	56	85	+	30	GCTGCGGCGGAGCGGGCCATGGCAGTGGGG	CCCCACUGCCAUGGCCCGCUCCGCCGCAGC	0
NM_006219.3:57-86	NM_006219.3	NM_006219.3.fasta	57	86	+	30	CTGCGGCGGAGCGGGCCATGGCAGTGGGGA	UCCCCACUGCCAUGGCCCGCUCCGCCGCAG	0
NM_006219.3:58-87	NM_006219.3	NM_006219.3.fasta	58	87	+	30	TGCGGCGGAGCGGGCCATGGCAGTGGGGAG	CUCCCCACUGCCAUGGCCCGCUCCGCCGCA	0
NM_006219.3:59-88	NM_006219.3	NM_006219.3.fasta	59	88	+	30	GCGGCGGAGCGGGCCATGGCAGTGGGGAGG	CCUCCCCACUGCCAUGGCCCGCUCCGCCGC	0
NM_006219.3:60-89	NM_006219.3	NM_006219.3.fasta	60	89	+	30	CGGCGGAGCGGGCCATGGCAGTGGGGAGGG	CCCUCCCCACUGCCAUGGCCCGCUCCGCCG	0
NM_006219.3:61-90	NM_006219.3	NM_006219.3.fasta	61	90	+	30	GGCGGAGCGGGCCATGGCAGTGGGGAGGGG	CCCCUCCCCACUGCCAUGGCCCGCUCCGCC	0
NM_006219.3:62-91	NM_006219.3	NM_006219.3.fasta	62	91	+	30	GCGGAGCGGGCCATGGCAGTGGGGAGGGGG	CCCCCUCCCCACUGCCAUGGCCCGCUCCGC	0
NM_006219.3:63-92	NM_006219.3	NM_006219.3.fasta	63	92	+	30	CGGAGCGGGCCATGGCAGTGGGGAGGGGGC	GCCCCCUCCCCACUGCCAUGGCCCGCUCCG	0
NM_006219.3:64-93	NM_006219.3	NM_006219.3.fasta	64	93	+	30	GGAGCGGGCCATGGCAGTGGGGAGGGGGCG	CGCCCCCUCCCCACUGCCAUGGCCCGCUCC	0
NM_006219.3:65-94	NM_006219.3	NM_006219.3.fasta	65	94	+	30	GAGCGGGCCATGGCAGTGGGGAGGGGGCGA	UCGCCCCCUCCCCACUGCCAUGGCCCGCUC	0
NM_006219.3:66-95	NM_006219.3	NM_006219.3.fasta	66	95	+	30	AGCGGGCCATGGCAGTGGGGAGGGGGCGAG	CUCGCCCCCUCCCCACUGCCAUGGCCCGCU	0
NM_006219.3:67-96	NM_006219.3	NM_006219.3.fasta	67	96	+	30	GCGGGCCATGGCAGTGGGGAGGGGGCGAGT	ACUCGCCCCCUCCCCACUGCCAUGGCCCGC	0
NM_006219.3:68-97	NM_006219.3	NM_006219.3.fasta	68	97	+	30	CGGGCCATGGCAGTGGGGAGGGGGCGAGTG	CACUCGCCCCCUCCCCACUGCCAUGGCCCG	0
NM_006219.3:69-98	NM_006219.3	NM_006219.3.fasta	69	98	+	30	GGGCCATGGCAGTGGGGAGGGGGCGAGTGT	ACACUCGCCCCCUCCCCACUGCCAUGGCCC	0
NM_006219.3:70-99	NM_006219.3	NM_006219.3.fasta	70	99	+	30	GGCCATGGCAGTGGGGAGGGGGCGAGTGTA	UACACUCGCCCCCUCCCCACUGCCAUGGCC	0
NM_006219.3:71-100	NM_006219.3	NM_006219.3.fasta	71	100	+	30	GCCATGGCAGTGGGGAGGGGGCGAGTGTAG	CUACACUCGCCCCCUCCCCACUGCCAUGGC	0
NM_006219.3:72-101	NM_006219.3	NM_006219.3.fasta	72	101	+	30	CCATGGCAGTGGGGAGGGGGCGAGTGTAGT	ACUACACUCGCCCCCUCCCCACUGCCAUGG	0
NM_006219.3:73-102	NM_006219.3	NM_006219.3.fasta	73	102	+	30	CATGGCAGTGGGGAGGGGGCGAGTGTAGTG	CACUACACUCGCCCCCUCCCCACUGCCAUG	0
NM_006219.3:74-103	NM_006219.3	NM_006219.3.fasta	74	103	+	30	ATGGCAGTGGGGAGGGGGCGAGTGTAGTGC	GCACUACACUCGCCCCCUCCCCACUGCCAU	0
NM_006219.3:75-104	NM_006219.3	NM_006219.3.fasta	75	104	+	30	TGGCAGTGGGGAGGGGGCGAGTGTAGTGCT	AGCACUACACUCGCCCCCUCCCCACUGCCA	0
NM_006219.3:76-105	NM_006219.3	NM_006219.3.fasta	76	105	+	30	GGCAGTGGGGAGGGGGCGAGTGTAGTGCTG	CAGCACUACACUCGCCCCCUCCCCACUGCC	0
NM_006219.3:77-106	NM_006219.3	NM_006219.3.fasta	77	106	+	30	GCAGTGGGGAGGGGGCGAGTGTAGTGCTGC	GCAGCACUACACUCGCCCCCUCCCCACUGC	0
NM_006219.3:78-107	NM_006219.3	NM_006219.3.fasta	78	107	+	30	CAGTGGGGAGGGGGCGAGTGTAGTGCTGCG	CGCAGCACUACACUCGCCCCCUCCCCACUG	0
NM_006219.3:79-108	NM_006219.3	NM_006219.3.fasta	79	108	+	30	AGTGGGGAGGGGGCGAGTGTAGTGCTGCGC	GCGCAGCACUACACUCGCCCCCUCCCCACU	0
NM_006219.3:80-109	NM_006219.3	NM_006219.3.fasta	80	109	+	30	GTGGGGAGGGGGCGAGTGTAGTGCTGCGCG	CGCGCAGCACUACACUCGCCCCCUCCCCAC	0
NM_006219.3:81-110	NM_006219.3	NM_006219.3.fasta	81	110	+	30	TGGGGAGGGGGCGAGTGTAGTGCTGCGCGG	CCGCGCAGCACUACACUCGCCCCCUCCCCA	0
NM_006219.3:82-111	NM_006219.3	NM_006219.3.fasta	82	111	+	30	GGGGAGGGGGCGAGTGTAGTGCTGCGCGGG	CCCGCGCAGCACUACACUCGCCCCCUCCCC	0
NM_006219.3:83-112	NM_006219.3	NM_006219.3.fasta	83	112	+	30	GGGAGGGGGCGAGTGTAGTGCTGCGCGGGG	CCCCGCGCAGCACUACACUCGCCCCCUCCC	0
NM_006219.3:84-113	NM_006219.3	NM_006219.3.fasta	84	113	+	30	GGAGGGGGCGAGTGTAGTGCTGCGCGGGGC	GCCCCGCGCAGCACUACACUCGCCCCCUCC	0
NM_006219.3:85-114	NM_006219.3	NM_006219.3.fasta	85	114	+	30	GAGGGGGCGAGTGTAGTGCTGCGCGGGGCA	UGCCCCGCGCAGCACUACACUCGCCCCCUC	0
NM_006219.3:86-115	NM_006219.3	NM_006219.3.fasta	86	115	+	30	AGGGGGCGAGTGTAGTGCTGCGCGGGGCAG	CUGCCCCGCGCAGCACUACACUCGCCCCCU	0
NM_006219.3:87-116	NM_006219.3	NM_006219.3.fasta	87	116	+	30	GGGGGCGAGTGTAGTGCTGCGCGGGGCAGG	CCUGCCCCGCGCAGCACUACACUCGCCCCC	0
NM_006219.3:88-117	NM_006219.3	NM_006219.3.fasta	88	117	+	30	GGGGCGAGTGTAGTGCTGCGCGGGGCAGGC	GCCUGCCCCGCGCAGCACUACACUCGCCCC	0
NM_006219.3:89-118	NM_006219.3	NM_006219.3.fasta	89	118	+	30	GGGCGAGTGTAGTGCTGCGCGGGGCAGGCG	CGCCUGCCCCGCGCAGCACUACACUCGCCC	0
NM_006219.3:90-119	NM_006219.3	NM_006219.3.fasta	90	119	+	30	GGCGAGTGTAGTGCTGCGCGGGGCAGGCGG	CCGCCUGCCCCGCGCAGCACUACACUCGCC	0
NM_006219.3:91-120	NM_006219.3	NM_006219.3.fasta	91	120	+	30	GCGAGTGTAGTGCTGCGCGGGGCAGGCGGG	CCCGCCUGCCCCGCGCAGCACUACACUCGC	0
NM_006219.3:92-121	NM_006219.3	NM_006219.3.fasta	92	121	+	30	CGAGTGTAGTGCTGCGCGGGGCAGGCGGGA	UCCCGCCUGCCCCGCGCAGCACUACACUCG	0
NM_006219.3:93-122	NM_006219.3	NM_006219.3.fasta	93	122	+	30	GAGTGTAGTGCTGCGCGGGGCAGGCGGGAG	CUCCCGCCUGCCCCGCGCAGCACUACACUC	0
NM_006219.3:94-123	NM_006219.3	NM_006219.3.fasta	94	123	+	30	AGTGTAGTGCTGCGCGGGGCAGGCGGGAGG	CCUCCCGCCUGCCCCGCGCAGCACUACACU	0
NM_006219.3:95-124	NM_006219.3	NM_006219.3.fasta	95	124	+	30	GTGTAGTGCTGCGCGGGGCAGGCGGGAGGT	ACCUCCCGCCUGCCCCGCGCAGCACUACAC	0
NM_006219.3:96-125	NM_006219.3	NM_006219.3.fasta	96	125	+	30	TGTAGTGCTGCGCGGGGCAGGCGGGAGGTG	CACCUCCCGCCUGCCCCGCGCAGCACUACA	0
NM_006219.3:97-126	NM_006219.3	NM_006219.3.fasta	97	126	+	30	GTAGTGCTGCGCGGGGCAGGCGGGAGGTGA	UCACCUCCCGCCUGCCCCGCGCAGCACUAC	0
NM_006219.3:98-127	NM_006219.3	NM_006219.3.fasta	98	127	+	30	TAGTGCTGCGCGGGGCAGGCGGGAGGTGAT	AUCACCUCCCGCCUGCCCCGCGCAGCACUA	0
NM_006219.3:99-128	NM_006219.3	NM_006219.3.fasta	99	128	+	30	AGTGCTGCGCGGGGCAGGCGGGAGGTGATC	GAUCACCUCCCGCCUGCCCCGCGCAGCACU	0
NM_006219.3:100-129	NM_006219.3	NM_006219.3.fasta	100	129	+	30	GTGCTGCGCGGGGCAGGCGGGAGGTGATCG	CGAUCACCUCCCGCCUGCCCCGCGCAGCAC	0
NM_006219.3:101-130	NM_006219.3	NM_006219.3.fasta	101	130	+	30	TGCTGCGCGGGGCAGGCGGGAGGTGATCGA	UCGAUCACCUCCCGCCUGCCCCGCGCAGCA	0
NM_006219.3:102-131	NM_006219.3	NM_006219.3.fasta	102	131	+	30	GCTGCGCGGGGCAGGCGGGAGGTGATCGAG	CUCGAUCACCUCCCGCCUGCCCCGCGCAGC	0
NM_006219.3:103-132	NM_006219.3	NM_006219.3.fasta	103	132	+	30	CTGCGCGGGGCAGGCGGGAGGTGATCGAGA	UCUCGAUCACCUCCCGCCUGCCCCGCGCAG	0
NM_006219.3:104-133	NM_006219.3	NM_006219.3.fasta	104	133	+	30	TGCGCGGGGCAGGCGGGAGGTGATCGAGAG	CUCUCGAUCACCUCCCGCCUGCCCCGCGCA	0
NM_006219.3:105-134	NM_006219.3	NM_006219.3.fasta	105	134	+	30	GCGCGGGGCAGGCGGGAGGTGATCGAGAGA	UCUCUCGAUCACCUCCCGCCUGCCCCGCGC	0
NM_006219.3:106-135	NM_006219.3	NM_006219.3.fasta	106	135	+	30	CGCGGGGCAGGCGGGAGGTGATCGAGAGAG	CUCUCUCGAUCACCUCCCGCCUGCCCCGCG	0
NM_006219.3:107-136	NM_006219.3	NM_006219.3.fasta	107	136	+	30	GCGGGGCAGGCGGGAGGTGATCGAGAGAGG	CCUCUCUCGAUCACCUCCCGCCUGCCCCGC	0
NM_006219.3:108-137	NM_006219.3	NM_006219.3.fasta	108	137	+	30	CGGGGCAGGCGGGAGGTGATCGAGAGAGGC	GCCUCUCUCGAUCACCUCCCGCCUGCCCCG	0
NM_006219.3:109-138	NM_006219.3	NM_006219.3.fasta	109	138	+	30	GGGGCAGGCGGGAGGTGATCGAGAGAGGCA	UGCCUCUCUCGAUCACCUCCCGCCUGCCCC	0
NM_006219.3:110-139	NM_006219.3	NM_006219.3.fasta	110	139	+	30	GGGCAGGCGGGAGGTGATCGAGAGAGGCAG	CUGCCUCUCUCGAUCACCUCCCGCCUGCCC	0
NM_006219.3:111-140	NM_006219.3	NM_006219.3.fasta	111	140	+	30	GGCAGGCGGGAGGTGATCGAGAGAGGCAGG	CCUGCCUCUCUCGAUCACCUCCCGCCUGCC	0
NM_006219.3:112-141	NM_006219.3	NM_006219.3.fasta	112	141	+	30	GCAGGCGGGAGGTGATCGAGAGAGGCAGGG	CCCUGCCUCUCUCGAUCACCUCCCGCCUGC	0
NM_006219.3:113-142	NM_006219.3	NM_006219.3.fasta	113	142	+	30	CAGGCGGGAGGTGATCGAGAGAGGCAGGGA	UCCCUGCCUCUCUCGAUCACCUCCCGCCUG	0
NM_006219.3:114-143	NM_006219.3	NM_006219.3.fasta	114	143	+	30	AGGCGGGAGGTGATCGAGAGAGGCAGGGAT	AUCCCUGCCUCUCUCGAUCACCUCCCGCCU	0
NM_006219.3:115-144	NM_006219.3	NM_006219.3.fasta	115	144	+	30	GGCGGGAGGTGATCGAGAGAGGCAGGGATG	CAUCCCUGCCUCUCUCGAUCACCUCCCGCC	0
NM_006219.3:116-145	NM_006219.3	NM_006219.3.fasta	116	145	+	30	GCGGGAGGTGATCGAGAGAGGCAGGGATGG	CCAUCCCUGCCUCUCUCGAUCACCUCCCGC	0
NM_006219.3:117-146	NM_006219.3	NM_006219.3.fasta	117	146	+	30	CGGGAGGTGATCGAGAGAGGCAGGGATGGG	CCCAUCCCUGCCUCUCUCGAUCACCUCCCG	0
NM_006219.3:118-147	NM_006219.3	NM_006219.3.fasta	118	147	+	30	GGGAGGTGATCGAGAGAGGCAGGGATGGGG	CCCCAUCCCUGCCUCUCUCGAUCACCUCCC	0
NM_006219.3:119-148	NM_006219.3	NM_006219.3.fasta	119	148	+	30	GGAGGTGATCGAGAGAGGCAGGGATGGGGG	CCCCCAUCCCUGCCUCUCUCGAUCACCUCC	0
NM_006219.3:120-149	NM_006219.3	NM_006219.3.fasta	120	149	+	30	GAGGTGATCGAGAGAGGCAGGGATGGGGGC	GCCCCCAUCCCUGCCUCUCUCGAUCACCUC	0
NM_006219.3:121-150	NM_006219.3	NM_006219.3.fasta	121	150	+	30	AGGTGATCGAGAGAGGCAGGGATGGGGGCG	CGCCCCCAUCCCUGCCUCUCUCGAUCACCU	0
NM_006219.3:122-151	NM_006219.3	NM_006219.3.fasta	122	151	+	30	GGTGATCGAGAGAGGCAGGGATGGGGGCGC	GCGCCCCCAUCCCUGCCUCUCUCGAUCACC	0
NM_006219.3:123-152	NM_006219.3	NM_006219.3.fasta	123	152	+	30	GTGATCGAGAGAGGCAGGGATGGGGGCGCC	GGCGCCCCCAUCCCUGCCUCUCUCGAUCAC	0
NM_006219.3:124-153	NM_006219.3	NM_006219.3.fasta	124	153	+	30	TGATCGAGAGAGGCAGGGATGGGGGCGCCG	CGGCGCCCCCAUCCCUGCCUCUCUCGAUCA	0
NM_006219.3:125-154	NM_006219.3	NM_006219.3.fasta	125	154	+	30	GATCGAGAGAGGCAGGGATGGGGGCGCCGG	CCGGCGCCCCCAUCCCUGCCUCUCUCGAUC	0
NM_006219.3:126-155	NM_006219.3	NM_006219.3.fasta	126	155	+	30	ATCGAGAGAGGCAGGGATGGGGGCGCCGGA	UCCGGCGCCCCCAUCCCUGCCUCUCUCGAU	0
NM_006219.3:127-156	NM_006219.3	NM_006219.3.fasta	127	156	+	30	TCGAGAGAGGCAGGGATGGGGGCGCCGGAG	CUCCGGCGCCCCCAUCCCUGCCUCUCUCGA	0
NM_006219.3:128-157	NM_006219.3	NM_006219.3.fasta	128	157	+	30	CGAGAGAGGCAGGGATGGGGGCGCCGGAGT	ACUCCGGCGCCCCCAUCCCUGCCUCUCUCG	0
NM_006219.3:129-158	NM_006219.3	NM_006219.3.fasta	129	158	+	30	GAGAGAGGCAGGGATGGGGGCGCCGGAGTG	CACUCCGGCGCCCCCAUCCCUGCCUCUCUC	0
NM_006219.3:130-159	NM_006219.3	NM_006219.3.fasta	130	159	+	30	AGAGAGGCAGGGATGGGGGCGCCGGAGTGG	CCACUCCGGCGCCCCCAUCCCUGCCUCUCU	0
NM_006219.3:131-160	NM_006219.3	NM_006219.3.fasta	131	160	+	30	GAGAGGCAGGGATGGGGGCGCCGGAGTGGA	UCCACUCCGGCGCCCCCAUCCCUGCCUCUC	0
NM_006219.3:132-161	NM_006219.3	NM_006219.3.fasta	132	161	+	30	AGAGGCAGGGATGGGGGCGCCGGAGTGGAG	CUCCACUCCGGCGCCCCCAUCCCUGCCUCU	0
NM_006219.3:133-162	NM_006219.3	NM_006219.3.fasta	133	162	+	30	GAGGCAGGGATGGGGGCGCCGGAGTGGAGC	GCUCCACUCCGGCGCCCCCAUCCCUGCCUC	0
NM_006219.3:134-163	NM_006219.3	NM_006219.3.fasta	134	163	+	30	AGGCAGGGATGGGGGCGCCGGAGTGGAGCG	CGCUCCACUCCGGCGCCCCCAUCCCUGCCU	0
NM_006219.3:135-164	NM_006219.3	NM_006219.3.fasta	135	164	+	30	GGCAGGGATGGGGGCGCCGGAGTGGAGCGG	CCGCUCCACUCCGGCGCCCCCAUCCCUGCC	0
NM_006219.3:136-165	NM_006219.3	NM_006219.3.fasta	136	165	+	30	GCAGGGATGGGGGCGCCGGAGTGGAGCGGT	ACCGCUCCACUCCGGCGCCCCCAUCCCUGC	0
NM_006219.3:137-166	NM_006219.3	NM_006219.3.fasta	137	166	+	30	CAGGGATGGGGGCGCCGGAGTGGAGCGGTT	AACCGCUCCACUCCGGCGCCCCCAUCCCUG	0
NM_006219.3:138-167	NM_006219.3	NM_006219.3.fasta	138	167	+	30	AGGGATGGGGGCGCCGGAGTGGAGCGGTTG	CAACCGCUCCACUCCGGCGCCCCCAUCCCU	0
NM_006219.3:139-168	NM_006219.3	NM_006219.3.fasta	139	168	+	30	GGGATGGGGGCGCCGGAGTGGAGCGGTTGC	GCAACCGCUCCACUCCGGCGCCCCCAUCCC	0
NM_006219.3:140-169	NM_006219.3	NM_006219.3.fasta	140	169	+	30	GGATGGGGGCGCCGGAGTGGAGCGGTTGCG	CGCAACCGCUCCACUCCGGCGCCCCCAUCC	0
NM_006219.3:141-170	NM_006219.3	NM_006219.3.fasta	141	170	+	30	GATGGGGGCGCCGGAGTGGAGCGGTTGCGG	CCGCAACCGCUCCACUCCGGCGCCCCCAUC	0
NM_006219.3:142-171	NM_006219.3	NM_006219.3.fasta	142	171	+	30	ATGGGGGCGCCGGAGTGGAGCGGTTGCGGC	GCCGCAACCGCUCCACUCCGGCGCCCCCAU	0
NM_006219.3:143-172	NM_006219.3	NM_006219.3.fasta	143	172	+	30	TGGGGGCGCCGGAGTGGAGCGGTTGCGGCG	CGCCGCAACCGCUCCACUCCGGCGCCCCCA	0
NM_006219.3:144-173	NM_006219.3	NM_006219.3.fasta	144	173	+	30	GGGGGCGCCGGAGTGGAGCGGTTGCGGCGG	CCGCCGCAACCGCUCCACUCCGGCGCCCCC	0
NM_006219.3:145-174	NM_006219.3	NM_006219.3.fasta	145	174	+	30	GGGGCGCCGGAGTGGAGCGGTTGCGGCGGC	GCCGCCGCAACCGCUCCACUCCGGCGCCCC	0
NM_006219.3:146-175	NM_006219.3	NM_006219.3.fasta	146	175	+	30	GGGCGCCGGAGTGGAGCGGTTGCGGCGGCC	GGCCGCCGCAACCGCUCCACUCCGGCGCCC	0
NM_006219.3:147-176	NM_006219.3	NM_006219.3.fasta	147	176	+	30	GGCGCCGGAGTGGAGCGGTTGCGGCGGCCT	AGGCCGCCGCAACCGCUCCACUCCGGCGCC	0
NM_006219.3:148-177	NM_006219.3	NM_006219.3.fasta	148	177	+	30	GCGCCGGAGTGGAGCGGTTGCGGCGGCCTG	CAGGCCGCCGCAACCGCUCCACUCCGGCGC	0
NM_006219.3:149-178	NM_006219.3	NM_006219.3.fasta	149	178	+	30	CGCCGGAGTGGAGCGGTTGCGGCGGCCTGG	CCAGGCCGCCGCAACCGCUCCACUCCGGCG	0
NM_006219.3:150-179	NM_006219.3	NM_006219.3.fasta	150	179	+	30	GCCGGAGTGGAGCGGTTGCGGCGGCCTGGG	CCCAGGCCGCCGCAACCGCUCCACUCCGGC	0
NM_006219.3:151-180	NM_006219.3	NM_006219.3.fasta	151	180	+	30	CCGGAGTGGAGCGGTTGCGGCGGCCTGGGC	GCCCAGGCCGCCGCAACCGCUCCACUCCGG	0
NM_006219.3:152-181	NM_006219.3	NM_006219.3.fasta	152	181	+	30	CGGAGTGGAGCGGTTGCGGCGGCCTGGGCT	AGCCCAGGCCGCCGCAACCGCUCCACUCCG	0
NM_006219.3:153-182	NM_006219.3	NM_006219.3.fasta	153	182	+	30	GGAGTGGAGCGGTTGCGGCGGCCTGGGCTG	CAGCCCAGGCCGCCGCAACCGCUCCACUCC	0
NM_006219.3:154-183	NM_006219.3	NM_006219.3.fasta	154	183	+	30	GAGTGGAGCGGTTGCGGCGGCCTGGGCTGC	GCAGCCCAGGCCGCCGCAACCGCUCCACUC	0
NM_006219.3:155-184	NM_006219.3	NM_006219.3.fasta	155	184	+	30	AGTGGAGCGGTTGCGGCGGCCTGGGCTGCT	AGCAGCCCAGGCCGCCGCAACCGCUCCACU	0
NM_006219.3:156-185	NM_006219.3	NM_006219.3.fasta	156	185	+	30	GTGGAGCGGTTGCGGCGGCCTGGGCTGCTG	CAGCAGCCCAGGCCGCCGCAACCGCUCCAC	0
NM_006219.3:157-186	NM_006219.3	NM_006219.3.fasta	157	186	+	30	TGGAGCGGTTGCGGCGGCCTGGGCTGCTGA	UCAGCAGCCCAGGCCGCCGCAACCGCUCCA	0
NM_006219.3:158-187	NM_006219.3	NM_006219.3.fasta	158	187	+	30	GGAGCGGTTGCGGCGGCCTGGGCTGCTGAC	GUCAGCAGCCCAGGCCGCCGCAACCGCUCC	0
NM_006219.3:159-188	NM_006219.3	NM_006219.3.fasta	159	188	+	30	GAGCGGTTGCGGCGGCCTGGGCTGCTGACT	AGUCAGCAGCCCAGGCCGCCGCAACCGCUC	0
NM_006219.3:160-189	NM_006219.3	NM_006219.3.fasta	160	189	+	30	AGCGGTTGCGGCGGCCTGGGCTGCTGACTG	CAGUCAGCAGCCCAGGCCGCCGCAACCGCU	0
NM_006219.3:161-190	NM_006219.3	NM_006219.3.fasta	161	190	+	30	GCGGTTGCGGCGGCCTGGGCTGCTGACTGC	GCAGUCAGCAGCCCAGGCCGCCGCAACCGC	0
NM_006219.3:162-191	NM_006219.3	NM_006219.3.fasta	162	191	+	30	CGGTTGCGGCGGCCTGGGCTGCTGACTGCG	CGCAGUCAGCAGCCCAGGCCGCCGCAACCG	0
NM_006219.3:163-192	NM_006219.3	NM_006219.3.fasta	163	192	+	30	GGTTGCGGCGGCCTGGGCTGCTGACTGCGC	GCGCAGUCAGCAGCCCAGGCCGCCGCAACC	0
NM_006219.3:164-193	NM_006219.3	NM_006219.3.fasta	164	193	+	30	GTTGCGGCGGCCTGGGCTGCTGACTGCGCA	UGCGCAGUCAGCAGCCCAGGCCGCCGCAAC	0
NM_006219.3:165-194	NM_006219.3	NM_006219.3.fasta	165	194	+	30	TTGCGGCGGCCTGGGCTGCTGACTGCGCAC	GUGCGCAGUCAGCAGCCCAGGCCGCCGCAA	0
NM_006219.3:166-195	NM_006219.3	NM_006219.3.fasta	166	195	+	30	TGCGGCGGCCTGGGCTGCTGACTGCGCACT	AGUGCGCAGUCAGCAGCCCAGGCCGCCGCA	0
NM_006219.3:167-196	NM_006219.3	NM_006219.3.fasta	167	196	+	30	GCGGCGGCCTGGGCTGCTGACTGCGCACTT	AAGUGCGCAGUCAGCAGCCCAGGCCGCCGC	0
NM_006219.3:168-197	NM_006219.3	NM_006219.3.fasta	168	197	+	30	CGGCGGCCTGGGCTGCTGACTGCGCACTTG	CAAGUGCGCAGUCAGCAGCCCAGGCCGCCG	0
NM_006219.3:169-198	NM_006219.3	NM_006219.3.fasta	169	198	+	30	GGCGGCCTGGGCTGCTGACTGCGCACTTGG	CCAAGUGCGCAGUCAGCAGCCCAGGCCGCC	0
NM_006219.3:170-199	NM_006219.3	NM_006219.3.fasta	170	199	+	30	GCGGCCTGGGCTGCTGACTGCGCACTTGGA	UCCAAGUGCGCAGUCAGCAGCCCAGGCCGC	0
NM_006219.3:171-200	NM_006219.3	NM_006219.3.fasta	171	200	+	30	CGGCCTGGGCTGCTGACTGCGCACTTGGAA	UUCCAAGUGCGCAGUCAGCAGCCCAGGCCG	0
NM_006219.3:172-201	NM_006219.3	NM_006219.3.fasta	172	201	+	30	GGCCTGGGCTGCTGACTGCGCACTTGGAAT	AUUCCAAGUGCGCAGUCAGCAGCCCAGGCC	0
NM_006219.3:173-202	NM_006219.3	NM_006219.3.fasta	173	202	+	30	GCCTGGGCTGCTGACTGCGCACTTGGAATA	UAUUCCAAGUGCGCAGUCAGCAGCCCAGGC	0
NM_006219.3:174-203	NM_006219.3	NM_006219.3.fasta	174	203	+	30	CCTGGGCTGCTGACTGCGCACTTGGAATAG	CUAUUCCAAGUGCGCAGUCAGCAGCCCAGG	0
NM_006219.3:175-204	NM_006219.3	NM_006219.3.fasta	175	204	+	30	CTGGGCTGCTGACTGCGCACTTGGAATAGT	ACUAUUCCAAGUGCGCAGUCAGCAGCCCAG	0
NM_006219.3:176-205	NM_006219.3	NM_006219.3.fasta	176	205	+	30	TGGGCTGCTGACTGCGCACTTGGAATAGTA	UACUAUUCCAAGUGCGCAGUCAGCAGCCCA	0
NM_006219.3:177-206	NM_006219.3	NM_006219.3.fasta	177	206	+	30	GGGCTGCTGACTGCGCACTTGGAATAGTAG	CUACUAUUCCAAGUGCGCAGUCAGCAGCCC	0
NM_006219.3:178-207	NM_006219.3	NM_006219.3.fasta	178	207	+	30	GGCTGCTGACTGCGCACTTGGAATAGTAGC	GCUACUAUUCCAAGUGCGCAGUCAGCAGCC	0
NM_006219.3:179-208	NM_006219.3	NM_006219.3.fasta	179	208	+	30	GCTGCTGACTGCGCACTTGGAATAGTAGCA	UGCUACUAUUCCAAGUGCGCAGUCAGCAGC	0
NM_006219.3:180-209	NM_006219.3	NM_006219.3.fasta	180	209	+	30	CTGCTGACTGCGCACTTGGAATAGTAGCAG	CUGCUACUAUUCCAAGUGCGCAGUCAGCAG	0
NM_006219.3:181-210	NM_006219.3	NM_006219.3.fasta	181	210	+	30	TGCTGACTGCGCACTTGGAATAGTAGCAGG	CCUGCUACUAUUCCAAGUGCGCAGUCAGCA	0
NM_006219.3:182-211	NM_006219.3	NM_006219.3.fasta	182	211	+	30	GCTGACTGCGCACTTGGAATAGTAGCAGGC	GCCUGCUACUAUUCCAAGUGCGCAGUCAGC	0
NM_006219.3:183-212	NM_006219.3	NM_006219.3.fasta	183	212	+	30	CTGACTGCGCACTTGGAATAGTAGCAGGCG	CGCCUGCUACUAUUCCAAGUGCGCAGUCAG	0
NM_006219.3:184-213	NM_006219.3	NM_006219.3.fasta	184	213	+	30	TGACTGCGCACTTGGAATAGTAGCAGGCGG	CCGCCUGCUACUAUUCCAAGUGCGCAGUCA	0
NM_006219.3:185-214	NM_006219.3	NM_006219.3.fasta	185	214	+	30	GACTGCGCACTTGGAATAGTAGCAGGCGGC	GCCGCCUGCUACUAUUCCAAGUGCGCAGUC	0
NM_006219.3:186-215	NM_006219.3	NM_006219.3.fasta	186	215	+	30	ACTGCGCACTTGGAATAGTAGCAGGCGGCG	CGCCGCCUGCUACUAUUCCAAGUGCGCAGU	0
NM_006219.3:187-216	NM_006219.3	NM_006219.3.fasta	187	216	+	30	CTGCGCACTTGGAATAGTAGCAGGCGGCGG	CCGCCGCCUGCUACUAUUCCAAGUGCGCAG	0
NM_006219.3:188-217	NM_006219.3	NM_006219.3.fasta	188	217	+	30	TGCGCACTTGGAATAGTAGCAGGCGGCGGC	GCCGCCGCCUGCUACUAUUCCAAGUGCGCA	0
NM_006219.3:189-218	NM_006219.3	NM_006219.3.fasta	189	218	+	30	GCGCACTTGGAATAGTAGCAGGCGGCGGCG	CGCCGCCGCCUGCUACUAUUCCAAGUGCGC	0
NM_006219.3:190-219	NM_006219.3	NM_006219.3.fasta	190	219	+	30	CGCACTTGGAATAGTAGCAGGCGGCGGCGG	CCGCCGCCGCCUGCUACUAUUCCAAGUGCG	0
NM_006219.3:191-220	NM_006219.3	NM_006219.3.fasta	191	220	+	30	GCACTTGGAATAGTAGCAGGCGGCGGCGGC	GCCGCCGCCGCCUGCUACUAUUCCAAGUGC	0
NM_006219.3:192-221	NM_006219.3	NM_006219.3.fasta	192	221	+	30	CACTTGGAATAGTAGCAGGCGGCGGCGGCG	CGCCGCCGCCGCCUGCUACUAUUCCAAGUG	0
NM_006219.3:193-222	NM_006219.3	NM_006219.3.fasta	193	222	+	30	ACTTGGAATAGTAGCAGGCGGCGGCGGCGG	CCGCCGCCGCCGCCUGCUACUAUUCCAAGU	0
NM_006219.3:194-223	NM_006219.3	NM_006219.3.fasta	194	223	+	30	CTTGGAATAGTAGCAGGCGGCGGCGGCGGA	UCCGCCGCCGCCGCCUGCUACUAUUCCAAG	0
NM_006219.3:195-224	NM_006219.3	NM_006219.3.fasta	195	224	+	30	TTGGAATAGTAGCAGGCGGCGGCGGCGGAA	UUCCGCCGCCGCCGCCUGCUACUAUUCCAA	0
NM_006219.3:196-225	NM_006219.3	NM_006219.3.fasta	196	225	+	30	TGGAATAGTAGCAGGCGGCGGCGGCGGAAC	GUUCCGCCGCCGCCGCCUGCUACUAUUCCA	0
NM_006219.3:197-226	NM_006219.3	NM_006219.3.fasta	197	226	+	30	GGAATAGTAGCAGGCGGCGGCGGCGGAACG	CGUUCCGCCGCCGCCGCCUGCUACUAUUCC	0
NM_006219.3:198-227	NM_006219.3	NM_006219.3.fasta	198	227	+	30	GAATAGTAGCAGGCGGCGGCGGCGGAACGC	GCGUUCCGCCGCCGCCGCCUGCUACUAUUC	0
NM_006219.3:199-228	NM_006219.3	NM_006219.3.fasta	199	228	+	30	AATAGTAGCAGGCGGCGGCGGCGGAACGCC	GGCGUUCCGCCGCCGCCGCCUGCUACUAUU	0
NM_006219.3:200-229	NM_006219.3	NM_006219.3.fasta	200	229	+	30	ATAGTAGCAGGCGGCGGCGGCGGAACGCCA	UGGCGUUCCGCCGCCGCCGCCUGCUACUAU	0
NM_006219.3:201-230	NM_006219.3	NM_006219.3.fasta	201	230	+	30	TAGTAGCAGGCGGCGGCGGCGGAACGCCAG	CUGGCGUUCCGCCGCCGCCGCCUGCUACUA	0
NM_006219.3:202-231	NM_006219.3	NM_006219.3.fasta	202	231	+	30	AGTAGCAGGCGGCGGCGGCGGAACGCCAGG	CCUGGCGUUCCGCCGCCGCCGCCUGCUACU	0
NM_006219.3:203-232	NM_006219.3	NM_006219.3.fasta	203	232	+	30	GTAGCAGGCGGCGGCGGCGGAACGCCAGGC	GCCUGGCGUUCCGCCGCCGCCGCCUGCUAC	0
NM_006219.3:204-233	NM_006219.3	NM_006219.3.fasta	204	233	+	30	TAGCAGGCGGCGGCGGCGGAACGCCAGGCA	UGCCUGGCGUUCCGCCGCCGCCGCCUGCUA	0
NM_006219.3:205-234	NM_006219.3	NM_006219.3.fasta	205	234	+	30	AGCAGGCGGCGGCGGCGGAACGCCAGGCAG	CUGCCUGGCGUUCCGCCGCCGCCGCCUGCU	0
NM_006219.3:206-235	NM_006219.3	NM_006219.3.fasta	206	235	+	30	GCAGGCGGCGGCGGCGGAACGCCAGGCAGT	ACUGCCUGGCGUUCCGCCGCCGCCGCCUGC	0
NM_006219.3:207-236	NM_006219.3	NM_006219.3.fasta	207	236	+	30	CAGGCGGCGGCGGCGGAACGCCAGGCAGTG	CACUGCCUGGCGUUCCGCCGCCGCCGCCUG	0
NM_006219.3:208-237	NM_006219.3	NM_006219.3.fasta	208	237	+	30	AGGCGGCGGCGGCGGAACGCCAGGCAGTGT	ACACUGCCUGGCGUUCCGCCGCCGCCGCCU	0
NM_006219.3:209-238	NM_006219.3	NM_006219.3.fasta	209	238	+	30	GGCGGCGGCGGCGGAACGCCAGGCAGTGTA	UACACUGCCUGGCGUUCCGCCGCCGCCGCC	0
NM_006219.3:210-239	NM_006219.3	NM_006219.3.fasta	210	239	+	30	GCGGCGGCGGCGGAACGCCAGGCAGTGTAT	AUACACUGCCUGGCGUUCCGCCGCCGCCGC	0
NM_006219.3:211-240	NM_006219.3	NM_006219.3.fasta	211	240	+	30	CGGCGGCGGCGGAACGCCAGGCAGTGTATG	CAUACACUGCCUGGCGUUCCGCCGCCGCCG	0
NM_006219.3:212-241	NM_006219.3	NM_006219.3.fasta	212	241	+	30	GGCGGCGGCGGAACGCCAGGCAGTGTATGT	ACAUACACUGCCUGGCGUUCCGCCGCCGCC	0
NM_006219.3:213-242	NM_006219.3	NM_006219.3.fasta	213	242	+	30	GCGGCGGCGGAACGCCAGGCAGTGTATGTT	AACAUACACUGCCUGGCGUUCCGCCGCCGC	0
NM_006219.3:214-243	NM_006219.3	NM_006219.3.fasta	214	243	+	30	CGGCGGCGGAACGCCAGGCAGTGTATGTTT	AAACAUACACUGCCUGGCGUUCCGCCGCCG	0
NM_006219.3:215-244	NM_006219.3	NM_006219.3.fasta	215	244	+	30	GGCGGCGGAACGCCAGGCAGTGTATGTTTT	AAAACAUACACUGCCUGGCGUUCCGCCGCC	0
NM_006219.3:216-245	NM_006219.3	NM_006219.3.fasta	216	245	+	30	GCGGCGGAACGCCAGGCAGTGTATGTTTTA	UAAAACAUACACUGCCUGGCGUUCCGCCGC	0
NM_006219.3:217-246	NM_006219.3	NM_006219.3.fasta	217	246	+	30	CGGCGGAACGCCAGGCAGTGTATGTTTTAA	UUAAAACAUACACUGCCUGGCGUUCCGCCG	0
NM_006219.3:218-247	NM_006219.3	NM_006219.3.fasta	218	247	+	30	GGCGGAACGCCAGGCAGTGTATGTTTTAAC	GUUAAAACAUACACUGCCUGGCGUUCCGCC	0
NM_006219.3:219-248	NM_006219.3	NM_006219.3.fasta	219	248	+	30	GCGGAACGCCAGGCAGTGTATGTTTTAACT	AGUUAAAACAUACACUGCCUGGCGUUCCGC	0
NM_006219.3:220-249	NM_006219.3	NM_006219.3.fasta	220	249	+	30	CGGAACGCCAGGCAGTGTATGTTTTAACTG	CAGUUAAAACAUACACUGCCUGGCGUUCCG	0
NM_006219.3:221-250	NM_006219.3	NM_006219.3.fasta	221	250	+	30	GGAACGCCAGGCAGTGTATGTTTTAACTGG	CCAGUUAAAACAUACACUGCCUGGCGUUCC	0
NM_006219.3:222-251	NM_006219.3	NM_006219.3.fasta	222	251	+	30	GAACGCCAGGCAGTGTATGTTTTAACTGGA	UCCAGUUAAAACAUACACUGCCUGGCGUUC	0
NM_006219.3:223-252	NM_006219.3	NM_006219.3.fasta	223	252	+	30	AACGCCAGGCAGTGTATGTTTTAACTGGAA	UUCCAGUUAAAACAUACACUGCCUGGCGUU	0
NM_006219.3:224-253	NM_006219.3	NM_006219.3.fasta	224	253	+	30	ACGCCAGGCAGTGTATGTTTTAACTGGAAA	UUUCCAGUUAAAACAUACACUGCCUGGCGU	0
NM_006219.3:225-254	NM_006219.3	NM_006219.3.fasta	225	254	+	30	CGCCAGGCAGTGTATGTTTTAACTGGAAAA	UUUUCCAGUUAAAACAUACACUGCCUGGCG	0
NM_006219.3:226-255	NM_006219.3	NM_006219.3.fasta	226	255	+	30	GCCAGGCAGTGTATGTTTTAACTGGAAAAA	UUUUUCCAGUUAAAACAUACACUGCCUGGC	0
NM_006219.3:227-256	NM_006219.3	NM_006219.3.fasta	227	256	+	30	CCAGGCAGTGTATGTTTTAACTGGAAAAAG	CUUUUUCCAGUUAAAACAUACACUGCCUGG	0
NM_006219.3:228-257	NM_006219.3	NM_006219.3.fasta	228	257	+	30	CAGGCAGTGTATGTTTTAACTGGAAAAAGT	ACUUUUUCCAGUUAAAACAUACACUGCCUG	0
NM_006219.3:229-258	NM_006219.3	NM_006219.3.fasta	229	258	+	30	AGGCAGTGTATGTTTTAACTGGAAAAAGTC	GACUUUUUCCAGUUAAAACAUACACUGCCU	0
NM_006219.3:230-259	NM_006219.3	NM_006219.3.fasta	230	259	+	30	GGCAGTGTATGTTTTAACTGGAAAAAGTCT	AGACUUUUUCCAGUUAAAACAUACACUGCC	0
NM_006219.3:231-260	NM_006219.3	NM_006219.3.fasta	231	260	+	30	GCAGTGTATGTTTTAACTGGAAAAAGTCTT	AAGACUUUUUCCAGUUAAAACAUACACUGC	0
NM_006219.3:232-261	NM_006219.3	NM_006219.3.fasta	232	261	+	30	CAGTGTATGTTTTAACTGGAAAAAGTCTTC	GAAGACUUUUUCCAGUUAAAACAUACACUG	0
NM_006219.3:233-262	NM_006219.3	NM_006219.3.fasta	233	262	+	30	AGTGTATGTTTTAACTGGAAAAAGTCTTCC	GGAAGACUUUUUCCAGUUAAAACAUACACU	0
NM_006219.3:234-263	NM_006219.3	NM_006219.3.fasta	234	263	+	30	GTGTATGTTTTAACTGGAAAAAGTCTTCCA	UGGAAGACUUUUUCCAGUUAAAACAUACAC	0
NM_006219.3:235-264	NM_006219.3	NM_006219.3.fasta	235	264	+	30	TGTATGTTTTAACTGGAAAAAGTCTTCCAT	AUGGAAGACUUUUUCCAGUUAAAACAUACA	0
NM_006219.3:236-265	NM_006219.3	NM_006219.3.fasta	236	265	+	30	GTATGTTTTAACTGGAAAAAGTCTTCCATG	CAUGGAAGACUUUUUCCAGUUAAAACAUAC	0
NM_006219.3:237-266	NM_006219.3	NM_006219.3.fasta	237	266	+	30	TATGTTTTAACTGGAAAAAGTCTTCCATGA	UCAUGGAAGACUUUUUCCAGUUAAAACAUA	0
NM_006219.3:238-267	NM_006219.3	NM_006219.3.fasta	238	267	+	30	ATGTTTTAACTGGAAAAAGTCTTCCATGAA	UUCAUGGAAGACUUUUUCCAGUUAAAACAU	0
NM_006219.3:239-268	NM_006219.3	NM_006219.3.fasta	239	268	+	30	TGTTTTAACTGGAAAAAGTCTTCCATGAAA	UUUCAUGGAAGACUUUUUCCAGUUAAAACA	0
NM_006219.3:240-269	NM_006219.3	NM_006219.3.fasta	240	269	+	30	GTTTTAACTGGAAAAAGTCTTCCATGAAAA	UUUUCAUGGAAGACUUUUUCCAGUUAAAAC	0
NM_006219.3:241-270	NM_006219.3	NM_006219.3.fasta	241	270	+	30	TTTTAACTGGAAAAAGTCTTCCATGAAAAC	GUUUUCAUGGAAGACUUUUUCCAGUUAAAA	0
NM_006219.3:242-271	NM_006219.3	NM_006219.3.fasta	242	271	+	30	TTTAACTGGAAAAAGTCTTCCATGAAAACG	CGUUUUCAUGGAAGACUUUUUCCAGUUAAA	0
NM_006219.3:243-272	NM_006219.3	NM_006219.3.fasta	243	272	+	30	TTAACTGGAAAAAGTCTTCCATGAAAACGT	ACGUUUUCAUGGAAGACUUUUUCCAGUUAA	0
NM_006219.3:244-273	NM_006219.3	NM_006219.3.fasta	244	273	+	30	TAACTGGAAAAAGTCTTCCATGAAAACGTC	GACGUUUUCAUGGAAGACUUUUUCCAGUUA	0
NM_006219.3:245-274	NM_006219.3	NM_006219.3.fasta	245	274	+	30	AACTGGAAAAAGTCTTCCATGAAAACGTCA	UGACGUUUUCAUGGAAGACUUUUUCCAGUU	0
NM_006219.3:246-275	NM_006219.3	NM_006219.3.fasta	246	275	+	30	ACTGGAAAAAGTCTTCCATGAAAACGTCAC	GUGACGUUUUCAUGGAAGACUUUUUCCAGU	0
NM_006219.3:247-276	NM_006219.3	NM_006219.3.fasta	247	276	+	30	CTGGAAAAAGTCTTCCATGAAAACGTCACT	AGUGACGUUUUCAUGGAAGACUUUUUCCAG	0
NM_006219.3:248-277	NM_006219.3	NM_006219.3.fasta	248	277	+	30	TGGAAAAAGTCTTCCATGAAAACGTCACTT	AAGUGACGUUUUCAUGGAAGACUUUUUCCA	0
NM_006219.3:249-278	NM_006219.3	NM_006219.3.fasta	249	278	+	30	GGAAAAAGTCTTCCATGAAAACGTCACTTT	AAAGUGACGUUUUCAUGGAAGACUUUUUCC	0
NM_006219.3:250-279	NM_006219.3	NM_006219.3.fasta	250	279	+	30	GAAAAAGTCTTCCATGAAAACGTCACTTTT	AAAAGUGACGUUUUCAUGGAAGACUUUUUC	0
NM_006219.3:251-280	NM_006219.3	NM_006219.3.fasta	251	280	+	30	AAAAAGTCTTCCATGAAAACGTCACTTTTA	UAAAAGUGACGUUUUCAUGGAAGACUUUUU	0
NM_006219.3:252-281	NM_006219.3	NM_006219.3.fasta	252	281	+	30	AAAAGTCTTCCATGAAAACGTCACTTTTAA	UUAAAAGUGACGUUUUCAUGGAAGACUUUU	0
NM_006219.3:253-282	NM_006219.3	NM_006219.3.fasta	253	282	+	30	AAAGTCTTCCATGAAAACGTCACTTTTAAA	UUUAAAAGUGACGUUUUCAUGGAAGACUUU	0
NM_006219.3:254-283	NM_006219.3	NM_006219.3.fasta	254	283	+	30	AAGTCTTCCATGAAAACGTCACTTTTAAAA	UUUUAAAAGUGACGUUUUCAUGGAAGACUU	0
NM_006219.3:255-284	NM_006219.3	NM_006219.3.fasta	255	284	+	30	AGTCTTCCATGAAAACGTCACTTTTAAAAA	UUUUUAAAAGUGACGUUUUCAUGGAAGACU	0
NM_006219.3:256-285	NM_006219.3	NM_006219.3.fasta	256	285	+	30	GTCTTCCATGAAAACGTCACTTTTAAAAAA	UUUUUUAAAAGUGACGUUUUCAUGGAAGAC	0
NM_006219.3:257-286	NM_006219.3	NM_006219.3.fasta	257	286	+	30	TCTTCCATGAAAACGTCACTTTTAAAAAAT	AUUUUUUAAAAGUGACGUUUUCAUGGAAGA	0
NM_006219.3:258-287	NM_006219.3	NM_006219.3.fasta	258	287	+	30	CTTCCATGAAAACGTCACTTTTAAAAAATA	UAUUUUUUAAAAGUGACGUUUUCAUGGAAG	0
NM_006219.3:259-288	NM_006219.3	NM_006219.3.fasta	259	288	+	30	TTCCATGAAAACGTCACTTTTAAAAAATAA	UUAUUUUUUAAAAGUGACGUUUUCAUGGAA	0
NM_006219.3:260-289	NM_006219.3	NM_006219.3.fasta	260	289	+	30	TCCATGAAAACGTCACTTTTAAAAAATAAG	CUUAUUUUUUAAAAGUGACGUUUUCAUGGA	0
NM_006219.3:261-290	NM_006219.3	NM_006219.3.fasta	261	290	+	30	CCATGAAAACGTCACTTTTAAAAAATAAGT	ACUUAUUUUUUAAAAGUGACGUUUUCAUGG	0
NM_006219.3:262-291	NM_006219.3	NM_006219.3.fasta	262	291	+	30	CATGAAAACGTCACTTTTAAAAAATAAGTA	UACUUAUUUUUUAAAAGUGACGUUUUCAUG	0
NM_006219.3:263-292	NM_006219.3	NM_006219.3.fasta	263	292	+	30	ATGAAAACGTCACTTTTAAAAAATAAGTAA	UUACUUAUUUUUUAAAAGUGACGUUUUCAU	0
NM_006219.3:264-293	NM_006219.3	NM_006219.3.fasta	264	293	+	30	TGAAAACGTCACTTTTAAAAAATAAGTAAT	AUUACUUAUUUUUUAAAAGUGACGUUUUCA	0
NM_006219.3:265-294	NM_006219.3	NM_006219.3.fasta	265	294	+	30	GAAAACGTCACTTTTAAAAAATAAGTAATG	CAUUACUUAUUUUUUAAAAGUGACGUUUUC	0
NM_006219.3:266-295	NM_006219.3	NM_006219.3.fasta	266	295	+	30	AAAACGTCACTTTTAAAAAATAAGTAATGC	GCAUUACUUAUUUUUUAAAAGUGACGUUUU	0
NM_006219.3:267-296	NM_006219.3	NM_006219.3.fasta	267	296	+	30	AAACGTCACTTTTAAAAAATAAGTAATGCC	GGCAUUACUUAUUUUUUAAAAGUGACGUUU	0
NM_006219.3:268-297	NM_006219.3	NM_006219.3.fasta	268	297	+	30	AACGTCACTTTTAAAAAATAAGTAATGCCA	UGGCAUUACUUAUUUUUUAAAAGUGACGUU	0
NM_006219.3:269-298	NM_006219.3	NM_006219.3.fasta	269	298	+	30	ACGTCACTTTTAAAAAATAAGTAATGCCAT	AUGGCAUUACUUAUUUUUUAAAAGUGACGU	0
NM_006219.3:270-299	NM_006219.3	NM_006219.3.fasta	270	299	+	30	CGTCACTTTTAAAAAATAAGTAATGCCATC	GAUGGCAUUACUUAUUUUUUAAAAGUGACG	0
NM_006219.3:271-300	NM_006219.3	NM_006219.3.fasta	271	300	+	30	GTCACTTTTAAAAAATAAGTAATGCCATCT	AGAUGGCAUUACUUAUUUUUUAAAAGUGAC	0
NM_006219.3:272-301	NM_006219.3	NM_006219.3.fasta	272	301	+	30	TCACTTTTAAAAAATAAGTAATGCCATCTG	CAGAUGGCAUUACUUAUUUUUUAAAAGUGA	0
NM_006219.3:273-302	NM_006219.3	NM_006219.3.fasta	273	302	+	30	CACTTTTAAAAAATAAGTAATGCCATCTGT	ACAGAUGGCAUUACUUAUUUUUUAAAAGUG	0
NM_006219.3:274-303	NM_006219.3	NM_006219.3.fasta	274	303	+	30	ACTTTTAAAAAATAAGTAATGCCATCTGTT	AACAGAUGGCAUUACUUAUUUUUUAAAAGU	0
NM_006219.3:275-304	NM_006219.3	NM_006219.3.fasta	275	304	+	30	CTTTTAAAAAATAAGTAATGCCATCTGTTT	AAACAGAUGGCAUUACUUAUUUUUUAAAAG	0
NM_006219.3:276-305	NM_006219.3	NM_006219.3.fasta	276	305	+	30	TTTTAAAAAATAAGTAATGCCATCTGTTTT	AAAACAGAUGGCAUUACUUAUUUUUUAAAA	0
NM_006219.3:277-306	NM_006219.3	NM_006219.3.fasta	277	306	+	30	TTTAAAAAATAAGTAATGCCATCTGTTTTC	GAAAACAGAUGGCAUUACUUAUUUUUUAAA	0
NM_006219.3:278-307	NM_006219.3	NM_006219.3.fasta	278	307	+	30	TTAAAAAATAAGTAATGCCATCTGTTTTCC	GGAAAACAGAUGGCAUUACUUAUUUUUUAA	0
NM_006219.3:279-308	NM_006219.3	NM_006219.3.fasta	279	308	+	30	TAAAAAATAAGTAATGCCATCTGTTTTCCT	AGGAAAACAGAUGGCAUUACUUAUUUUUUA	0
NM_006219.3:280-309	NM_006219.3	NM_006219.3.fasta	280	309	+	30	AAAAAATAAGTAATGCCATCTGTTTTCCTA	UAGGAAAACAGAUGGCAUUACUUAUUUUUU	0
NM_006219.3:281-310	NM_006219.3	NM_006219.3.fasta	281	310	+	30	AAAAATAAGTAATGCCATCTGTTTTCCTAA	UUAGGAAAACAGAUGGCAUUACUUAUUUUU	0
NM_006219.3:282-311	NM_006219.3	NM_006219.3.fasta	282	311	+	30	AAAATAAGTAATGCCATCTGTTTTCCTAAA	UUUAGGAAAACAGAUGGCAUUACUUAUUUU	0
NM_006219.3:283-312	NM_006219.3	NM_006219.3.fasta	283	312	+	30	AAATAAGTAATGCCATCTGTTTTCCTAAAA	UUUUAGGAAAACAGAUGGCAUUACUUAUUU	0
NM_006219.3:284-313	NM_006219.3	NM_006219.3.fasta	284	313	+	30	AATAAGTAATGCCATCTGTTTTCCTAAAAG	CUUUUAGGAAAACAGAUGGCAUUACUUAUU	0
NM_006219.3:285-314	NM_006219.3	NM_006219.3.fasta	285	314	+	30	ATAAGTAATGCCATCTGTTTTCCTAAAAGA	UCUUUUAGGAAAACAGAUGGCAUUACUUAU	0
NM_006219.3:286-315	NM_006219.3	NM_006219.3.fasta	286	315	+	30	TAAGTAATGCCATCTGTTTTCCTAAAAGAC	GUCUUUUAGGAAAACAGAUGGCAUUACUUA	0
NM_006219.3:287-316	NM_006219.3	NM_006219.3.fasta	287	316	+	30	AAGTAATGCCATCTGTTTTCCTAAAAGACT	AGUCUUUUAGGAAAACAGAUGGCAUUACUU	0
NM_006219.3:288-317	NM_006219.3	NM_006219.3.fasta	288	317	+	30	AGTAATGCCATCTGTTTTCCTAAAAGACTG	CAGUCUUUUAGGAAAACAGAUGGCAUUACU	0
NM_006219.3:289-318	NM_006219.3	NM_006219.3.fasta	289	318	+	30	GTAATGCCATCTGTTTTCCTAAAAGACTGA	UCAGUCUUUUAGGAAAACAGAUGGCAUUAC	0
NM_006219.3:290-319	NM_006219.3	NM_006219.3.fasta	290	319	+	30	TAATGCCATCTGTTTTCCTAAAAGACTGAA	UUCAGUCUUUUAGGAAAACAGAUGGCAUUA	0
NM_006219.3:291-320	NM_006219.3	NM_006219.3.fasta	291	320	+	30	AATGCCATCTGTTTTCCTAAAAGACTGAAA	UUUCAGUCUUUUAGGAAAACAGAUGGCAUU	0
NM_006219.3:292-321	NM_006219.3	NM_006219.3.fasta	292	321	+	30	ATGCCATCTGTTTTCCTAAAAGACTGAAAT	AUUUCAGUCUUUUAGGAAAACAGAUGGCAU	0
NM_006219.3:293-322	NM_006219.3	NM_006219.3.fasta	293	322	+	30	TGCCATCTGTTTTCCTAAAAGACTGAAATG	CAUUUCAGUCUUUUAGGAAAACAGAUGGCA	0
NM_006219.3:294-323	NM_006219.3	NM_006219.3.fasta	294	323	+	30	GCCATCTGTTTTCCTAAAAGACTGAAATGG	CCAUUUCAGUCUUUUAGGAAAACAGAUGGC	0
NM_006219.3:295-324	NM_006219.3	NM_006219.3.fasta	295	324	+	30	CCATCTGTTTTCCTAAAAGACTGAAATGGG	CCCAUUUCAGUCUUUUAGGAAAACAGAUGG	0
NM_006219.3:296-325	NM_006219.3	NM_006219.3.fasta	296	325	+	30	CATCTGTTTTCCTAAAAGACTGAAATGGGG	CCCCAUUUCAGUCUUUUAGGAAAACAGAUG	0
NM_006219.3:297-326	NM_006219.3	NM_006219.3.fasta	297	326	+	30	ATCTGTTTTCCTAAAAGACTGAAATGGGGG	CCCCCAUUUCAGUCUUUUAGGAAAACAGAU	0
NM_006219.3:298-327	NM_006219.3	NM_006219.3.fasta	298	327	+	30	TCTGTTTTCCTAAAAGACTGAAATGGGGGC	GCCCCCAUUUCAGUCUUUUAGGAAAACAGA	0
NM_006219.3:299-328	NM_006219.3	NM_006219.3.fasta	299	328	+	30	CTGTTTTCCTAAAAGACTGAAATGGGGGCG	CGCCCCCAUUUCAGUCUUUUAGGAAAACAG	0
NM_006219.3:300-329	NM_006219.3	NM_006219.3.fasta	300	329	+	30	TGTTTTCCTAAAAGACTGAAATGGGGGCGA	UCGCCCCCAUUUCAGUCUUUUAGGAAAACA	0
NM_006219.3:301-330	NM_006219.3	NM_006219.3.fasta	301	330	+	30	GTTTTCCTAAAAGACTGAAATGGGGGCGAC	GUCGCCCCCAUUUCAGUCUUUUAGGAAAAC	0
NM_006219.3:302-331	NM_006219.3	NM_006219.3.fasta	302	331	+	30	TTTTCCTAAAAGACTGAAATGGGGGCGACC	GGUCGCCCCCAUUUCAGUCUUUUAGGAAAA	0
NM_006219.3:303-332	NM_006219.3	NM_006219.3.fasta	303	332	+	30	TTTCCTAAAAGACTGAAATGGGGGCGACCA	UGGUCGCCCCCAUUUCAGUCUUUUAGGAAA	0
NM_006219.3:304-333	NM_006219.3	NM_006219.3.fasta	304	333	+	30	TTCCTAAAAGACTGAAATGGGGGCGACCAT	AUGGUCGCCCCCAUUUCAGUCUUUUAGGAA	0
NM_006219.3:305-334	NM_006219.3	NM_006219.3.fasta	305	334	+	30	TCCTAAAAGACTGAAATGGGGGCGACCATT	AAUGGUCGCCCCCAUUUCAGUCUUUUAGGA	0
NM_006219.3:306-335	NM_006219.3	NM_006219.3.fasta	306	335	+	30	CCTAAAAGACTGAAATGGGGGCGACCATTC	GAAUGGUCGCCCCCAUUUCAGUCUUUUAGG	0
NM_006219.3:307-336	NM_006219.3	NM_006219.3.fasta	307	336	+	30	CTAAAAGACTGAAATGGGGGCGACCATTCT	AGAAUGGUCGCCCCCAUUUCAGUCUUUUAG	0
NM_006219.3:308-337	NM_006219.3	NM_006219.3.fasta	308	337	+	30	TAAAAGACTGAAATGGGGGCGACCATTCTT	AAGAAUGGUCGCCCCCAUUUCAGUCUUUUA	0
NM_006219.3:309-338	NM_006219.3	NM_006219.3.fasta	309	338	+	30	AAAAGACTGAAATGGGGGCGACCATTCTTA	UAAGAAUGGUCGCCCCCAUUUCAGUCUUUU	0
NM_006219.3:310-339	NM_006219.3	NM_006219.3.fasta	310	339	+	30	AAAGACTGAAATGGGGGCGACCATTCTTAG	CUAAGAAUGGUCGCCCCCAUUUCAGUCUUU	0
NM_006219.3:311-340	NM_006219.3	NM_006219.3.fasta	311	340	+	30	AAGACTGAAATGGGGGCGACCATTCTTAGG	CCUAAGAAUGGUCGCCCCCAUUUCAGUCUU	0
NM_006219.3:312-341	NM_006219.3	NM_006219.3.fasta	312	341	+	30	AGACTGAAATGGGGGCGACCATTCTTAGGG	CCCUAAGAAUGGUCGCCCCCAUUUCAGUCU	0
NM_006219.3:313-342	NM_006219.3	NM_006219.3.fasta	313	342	+	30	GACTGAAATGGGGGCGACCATTCTTAGGGC	GCCCUAAGAAUGGUCGCCCCCAUUUCAGUC	0
NM_006219.3:314-343	NM_006219.3	NM_006219.3.fasta	314	343	+	30	ACTGAAATGGGGGCGACCATTCTTAGGGCC	GGCCCUAAGAAUGGUCGCCCCCAUUUCAGU	0
NM_006219.3:315-344	NM_006219.3	NM_006219.3.fasta	315	344	+	30	CTGAAATGGGGGCGACCATTCTTAGGGCCC	GGGCCCUAAGAAUGGUCGCCCCCAUUUCAG	0
NM_006219.3:316-345	NM_006219.3	NM_006219.3.fasta	316	345	+	30	TGAAATGGGGGCGACCATTCTTAGGGCCCC	GGGGCCCUAAGAAUGGUCGCCCCCAUUUCA	0
NM_006219.3:317-346	NM_006219.3	NM_006219.3.fasta	317	346	+	30	GAAATGGGGGCGACCATTCTTAGGGCCCCG	CGGGGCCCUAAGAAUGGUCGCCCCCAUUUC	0
NM_006219.3:318-347	NM_006219.3	NM_006219.3.fasta	318	347	+	30	AAATGGGGGCGACCATTCTTAGGGCCCCGT	ACGGGGCCCUAAGAAUGGUCGCCCCCAUUU	0
NM_006219.3:319-348	NM_006219.3	NM_006219.3.fasta	319	348	+	30	AATGGGGGCGACCATTCTTAGGGCCCCGTG	CACGGGGCCCUAAGAAUGGUCGCCCCCAUU	0
NM_006219.3:320-349	NM_006219.3	NM_006219.3.fasta	320	349	+	30	ATGGGGGCGACCATTCTTAGGGCCCCGTGG	CCACGGGGCCCUAAGAAUGGUCGCCCCCAU	0
NM_006219.3:321-350	NM_006219.3	NM_006219.3.fasta	321	350	+	30	TGGGGGCGACCATTCTTAGGGCCCCGTGGT	ACCACGGGGCCCUAAGAAUGGUCGCCCCCA	0
NM_006219.3:322-351	NM_006219.3	NM_006219.3.fasta	322	351	+	30	GGGGGCGACCATTCTTAGGGCCCCGTGGTT	AACCACGGGGCCCUAAGAAUGGUCGCCCCC	0
NM_006219.3:323-352	NM_006219.3	NM_006219.3.fasta	323	352	+	30	GGGGCGACCATTCTTAGGGCCCCGTGGTTA	UAACCACGGGGCCCUAAGAAUGGUCGCCCC	0
NM_006219.3:324-353	NM_006219.3	NM_006219.3.fasta	324	353	+	30	GGGCGACCATTCTTAGGGCCCCGTGGTTAT	AUAACCACGGGGCCCUAAGAAUGGUCGCCC	0
NM_006219.3:325-354	NM_006219.3	NM_006219.3.fasta	325	354	+	30	GGCGACCATTCTTAGGGCCCCGTGGTTATG	CAUAACCACGGGGCCCUAAGAAUGGUCGCC	0
NM_006219.3:326-355	NM_006219.3	NM_006219.3.fasta	326	355	+	30	GCGACCATTCTTAGGGCCCCGTGGTTATGA	UCAUAACCACGGGGCCCUAAGAAUGGUCGC	0
NM_006219.3:327-356	NM_006219.3	NM_006219.3.fasta	327	356	+	30	CGACCATTCTTAGGGCCCCGTGGTTATGAA	UUCAUAACCACGGGGCCCUAAGAAUGGUCG	0
NM_006219.3:328-357	NM_006219.3	NM_006219.3.fasta	328	357	+	30	GACCATTCTTAGGGCCCCGTGGTTATGAAT	AUUCAUAACCACGGGGCCCUAAGAAUGGUC	0
NM_006219.3:329-358	NM_006219.3	NM_006219.3.fasta	329	358	+	30	ACCATTCTTAGGGCCCCGTGGTTATGAATG	CAUUCAUAACCACGGGGCCCUAAGAAUGGU	0
NM_006219.3:330-359	NM_006219.3	NM_006219.3.fasta	330	359	+	30	CCATTCTTAGGGCCCCGTGGTTATGAATGT	ACAUUCAUAACCACGGGGCCCUAAGAAUGG	0
NM_006219.3:331-360	NM_006219.3	NM_006219.3.fasta	331	360	+	30	CATTCTTAGGGCCCCGTGGTTATGAATGTG	CACAUUCAUAACCACGGGGCCCUAAGAAUG	0
NM_006219.3:332-361	NM_006219.3	NM_006219.3.fasta	332	361	+	30	ATTCTTAGGGCCCCGTGGTTATGAATGTGC	GCACAUUCAUAACCACGGGGCCCUAAGAAU	0
NM_006219.3:333-362	NM_006219.3	NM_006219.3.fasta	333	362	+	30	TTCTTAGGGCCCCGTGGTTATGAATGTGCT	AGCACAUUCAUAACCACGGGGCCCUAAGAA	0
NM_006219.3:334-363	NM_006219.3	NM_006219.3.fasta	334	363	+	30	TCTTAGGGCCCCGTGGTTATGAATGTGCTT	AAGCACAUUCAUAACCACGGGGCCCUAAGA	0
NM_006219.3:335-364	NM_006219.3	NM_006219.3.fasta	335	364	+	30	CTTAGGGCCCCGTGGTTATGAATGTGCTTC	GAAGCACAUUCAUAACCACGGGGCCCUAAG	0
NM_006219.3:336-365	NM_006219.3	NM_006219.3.fasta	336	365	+	30	TTAGGGCCCCGTGGTTATGAATGTGCTTCA	UGAAGCACAUUCAUAACCACGGGGCCCUAA	0
NM_006219.3:337-366	NM_006219.3	NM_006219.3.fasta	337	366	+	30	TAGGGCCCCGTGGTTATGAATGTGCTTCAG	CUGAAGCACAUUCAUAACCACGGGGCCCUA	0
NM_006219.3:338-367	NM_006219.3	NM_006219.3.fasta	338	367	+	30	AGGGCCCCGTGGTTATGAATGTGCTTCAGT	ACUGAAGCACAUUCAUAACCACGGGGCCCU	0
NM_006219.3:339-368	NM_006219.3	NM_006219.3.fasta	339	368	+	30	GGGCCCCGTGGTTATGAATGTGCTTCAGTT	AACUGAAGCACAUUCAUAACCACGGGGCCC	0
NM_006219.3:340-369	NM_006219.3	NM_006219.3.fasta	340	369	+	30	GGCCCCGTGGTTATGAATGTGCTTCAGTTT	AAACUGAAGCACAUUCAUAACCACGGGGCC	0
NM_006219.3:341-370	NM_006219.3	NM_006219.3.fasta	341	370	+	30	GCCCCGTGGTTATGAATGTGCTTCAGTTTC	GAAACUGAAGCACAUUCAUAACCACGGGGC	0
NM_006219.3:342-371	NM_006219.3	NM_006219.3.fasta	342	371	+	30	CCCCGTGGTTATGAATGTGCTTCAGTTTCA	UGAAACUGAAGCACAUUCAUAACCACGGGG	0
NM_006219.3:343-372	NM_006219.3	NM_006219.3.fasta	343	372	+	30	CCCGTGGTTATGAATGTGCTTCAGTTTCAT	AUGAAACUGAAGCACAUUCAUAACCACGGG	0
NM_006219.3:344-373	NM_006219.3	NM_006219.3.fasta	344	373	+	30	CCGTGGTTATGAATGTGCTTCAGTTTCATA	UAUGAAACUGAAGCACAUUCAUAACCACGG	0
NM_006219.3:345-374	NM_006219.3	NM_006219.3.fasta	345	374	+	30	CGTGGTTATGAATGTGCTTCAGTTTCATAA	UUAUGAAACUGAAGCACAUUCAUAACCACG	0
NM_006219.3:346-375	NM_006219.3	NM_006219.3.fasta	346	375	+	30	GTGGTTATGAATGTGCTTCAGTTTCATAAT	AUUAUGAAACUGAAGCACAUUCAUAACCAC	0
NM_006219.3:347-376	NM_006219.3	NM_006219.3.fasta	347	376	+	30	TGGTTATGAATGTGCTTCAGTTTCATAATG	CAUUAUGAAACUGAAGCACAUUCAUAACCA	0
NM_006219.3:348-377	NM_006219.3	NM_006219.3.fasta	348	377	+	30	GGTTATGAATGTGCTTCAGTTTCATAATGC	GCAUUAUGAAACUGAAGCACAUUCAUAACC	0
NM_006219.3:349-378	NM_006219.3	NM_006219.3.fasta	349	378	+	30	GTTATGAATGTGCTTCAGTTTCATAATGCC	GGCAUUAUGAAACUGAAGCACAUUCAUAAC	0
NM_006219.3:350-379	NM_006219.3	NM_006219.3.fasta	350	379	+	30	TTATGAATGTGCTTCAGTTTCATAATGCCT	AGGCAUUAUGAAACUGAAGCACAUUCAUAA	0
NM_006219.3:351-380	NM_006219.3	NM_006219.3.fasta	351	380	+	30	TATGAATGTGCTTCAGTTTCATAATGCCTC	GAGGCAUUAUGAAACUGAAGCACAUUCAUA	0
NM_006219.3:352-381	NM_006219.3	NM_006219.3.fasta	352	381	+	30	ATGAATGTGCTTCAGTTTCATAATGCCTCC	GGAGGCAUUAUGAAACUGAAGCACAUUCAU	0
NM_006219.3:353-382	NM_006219.3	NM_006219.3.fasta	353	382	+	30	TGAATGTGCTTCAGTTTCATAATGCCTCCT	AGGAGGCAUUAUGAAACUGAAGCACAUUCA	0
NM_006219.3:354-383	NM_006219.3	NM_006219.3.fasta	354	383	+	30	GAATGTGCTTCAGTTTCATAATGCCTCCTG	CAGGAGGCAUUAUGAAACUGAAGCACAUUC	0
NM_006219.3:355-384	NM_006219.3	NM_006219.3.fasta	355	384	+	30	AATGTGCTTCAGTTTCATAATGCCTCCTGC	GCAGGAGGCAUUAUGAAACUGAAGCACAUU	0
NM_006219.3:356-385	NM_006219.3	NM_006219.3.fasta	356	385	+	30	ATGTGCTTCAGTTTCATAATGCCTCCTGCT	AGCAGGAGGCAUUAUGAAACUGAAGCACAU	0
NM_006219.3:357-386	NM_006219.3	NM_006219.3.fasta	357	386	+	30	TGTGCTTCAGTTTCATAATGCCTCCTGCTA	UAGCAGGAGGCAUUAUGAAACUGAAGCACA	0
NM_006219.3:358-387	NM_006219.3	NM_006219.3.fasta	358	387	+	30	GTGCTTCAGTTTCATAATGCCTCCTGCTAT	AUAGCAGGAGGCAUUAUGAAACUGAAGCAC	0
NM_006219.3:359-388	NM_006219.3	NM_006219.3.fasta	359	388	+	30	TGCTTCAGTTTCATAATGCCTCCTGCTATG	CAUAGCAGGAGGCAUUAUGAAACUGAAGCA	0
NM_006219.3:360-389	NM_006219.3	NM_006219.3.fasta	360	389	+	30	GCTTCAGTTTCATAATGCCTCCTGCTATGG	CCAUAGCAGGAGGCAUUAUGAAACUGAAGC	0
NM_006219.3:361-390	NM_006219.3	NM_006219.3.fasta	361	390	+	30	CTTCAGTTTCATAATGCCTCCTGCTATGGC	GCCAUAGCAGGAGGCAUUAUGAAACUGAAG	0
NM_006219.3:362-391	NM_006219.3	NM_006219.3.fasta	362	391	+	30	TTCAGTTTCATAATGCCTCCTGCTATGGCA	UGCCAUAGCAGGAGGCAUUAUGAAACUGAA	0
NM_006219.3:363-392	NM_006219.3	NM_006219.3.fasta	363	392	+	30	TCAGTTTCATAATGCCTCCTGCTATGGCAG	CUGCCAUAGCAGGAGGCAUUAUGAAACUGA	0
NM_006219.3:364-393	NM_006219.3	NM_006219.3.fasta	364	393	+	30	CAGTTTCATAATGCCTCCTGCTATGGCAGA	UCUGCCAUAGCAGGAGGCAUUAUGAAACUG	0
NM_006219.3:365-394	NM_006219.3	NM_006219.3.fasta	365	394	+	30	AGTTTCATAATGCCTCCTGCTATGGCAGAC	GUCUGCCAUAGCAGGAGGCAUUAUGAAACU	0
NM_006219.3:366-395	NM_006219.3	NM_006219.3.fasta	366	395	+	30	GTTTCATAATGCCTCCTGCTATGGCAGACA	UGUCUGCCAUAGCAGGAGGCAUUAUGAAAC	0
NM_006219.3:367-396	NM_006219.3	NM_006219.3.fasta	367	396	+	30	TTTCATAATGCCTCCTGCTATGGCAGACAT	AUGUCUGCCAUAGCAGGAGGCAUUAUGAAA	0
NM_006219.3:368-397	NM_006219.3	NM_006219.3.fasta	368	397	+	30	TTCATAATGCCTCCTGCTATGGCAGACATC	GAUGUCUGCCAUAGCAGGAGGCAUUAUGAA	0
NM_006219.3:369-398	NM_006219.3	NM_006219.3.fasta	369	398	+	30	TCATAATGCCTCCTGCTATGGCAGACATCC	GGAUGUCUGCCAUAGCAGGAGGCAUUAUGA	0
NM_006219.3:370-399	NM_006219.3	NM_006219.3.fasta	370	399	+	30	CATAATGCCTCCTGCTATGGCAGACATCCT	AGGAUGUCUGCCAUAGCAGGAGGCAUUAUG	0
NM_006219.3:371-400	NM_006219.3	NM_006219.3.fasta	371	400	+	30	ATAATGCCTCCTGCTATGGCAGACATCCTT	AAGGAUGUCUGCCAUAGCAGGAGGCAUUAU	0
NM_006219.3:372-401	NM_006219.3	NM_006219.3.fasta	372	401	+	30	TAATGCCTCCTGCTATGGCAGACATCCTTG	CAAGGAUGUCUGCCAUAGCAGGAGGCAUUA	0
NM_006219.3:373-402	NM_006219.3	NM_006219.3.fasta	373	402	+	30	AATGCCTCCTGCTATGGCAGACATCCTTGA	UCAAGGAUGUCUGCCAUAGCAGGAGGCAUU	0
NM_006219.3:374-403	NM_006219.3	NM_006219.3.fasta	374	403	+	30	ATGCCTCCTGCTATGGCAGACATCCTTGAC	GUCAAGGAUGUCUGCCAUAGCAGGAGGCAU	0
NM_006219.3:375-404	NM_006219.3	NM_006219.3.fasta	375	404	+	30	TGCCTCCTGCTATGGCAGACATCCTTGACA	UGUCAAGGAUGUCUGCCAUAGCAGGAGGCA	0
NM_006219.3:376-405	NM_006219.3	NM_006219.3.fasta	376	405	+	30	GCCTCCTGCTATGGCAGACATCCTTGACAT	AUGUCAAGGAUGUCUGCCAUAGCAGGAGGC	0
NM_006219.3:377-406	NM_006219.3	NM_006219.3.fasta	377	406	+	30	CCTCCTGCTATGGCAGACATCCTTGACATC	GAUGUCAAGGAUGUCUGCCAUAGCAGGAGG	0
NM_006219.3:378-407	NM_006219.3	NM_006219.3.fasta	378	407	+	30	CTCCTGCTATGGCAGACATCCTTGACATCT	AGAUGUCAAGGAUGUCUGCCAUAGCAGGAG	0
NM_006219.3:379-408	NM_006219.3	NM_006219.3.fasta	379	408	+	30	TCCTGCTATGGCAGACATCCTTGACATCTG	CAGAUGUCAAGGAUGUCUGCCAUAGCAGGA	0
NM_006219.3:380-409	NM_006219.3	NM_006219.3.fasta	380	409	+	30	CCTGCTATGGCAGACATCCTTGACATCTGG	CCAGAUGUCAAGGAUGUCUGCCAUAGCAGG	0
NM_006219.3:381-410	NM_006219.3	NM_006219.3.fasta	381	410	+	30	CTGCTATGGCAGACATCCTTGACATCTGGG	CCCAGAUGUCAAGGAUGUCUGCCAUAGCAG	0
NM_006219.3:382-411	NM_006219.3	NM_006219.3.fasta	382	411	+	30	TGCTATGGCAGACATCCTTGACATCTGGGC	GCCCAGAUGUCAAGGAUGUCUGCCAUAGCA	0
NM_006219.3:383-412	NM_006219.3	NM_006219.3.fasta	383	412	+	30	GCTATGGCAGACATCCTTGACATCTGGGCG	CGCCCAGAUGUCAAGGAUGUCUGCCAUAGC	0
NM_006219.3:384-413	NM_006219.3	NM_006219.3.fasta	384	413	+	30	CTATGGCAGACATCCTTGACATCTGGGCGG	CCGCCCAGAUGUCAAGGAUGUCUGCCAUAG	0
NM_006219.3:385-414	NM_006219.3	NM_006219.3.fasta	385	414	+	30	TATGGCAGACATCCTTGACATCTGGGCGGT	ACCGCCCAGAUGUCAAGGAUGUCUGCCAUA	0
NM_006219.3:386-415	NM_006219.3	NM_006219.3.fasta	386	415	+	30	ATGGCAGACATCCTTGACATCTGGGCGGTG	CACCGCCCAGAUGUCAAGGAUGUCUGCCAU	0
NM_006219.3:387-416	NM_006219.3	NM_006219.3.fasta	387	416	+	30	TGGCAGACATCCTTGACATCTGGGCGGTGG	CCACCGCCCAGAUGUCAAGGAUGUCUGCCA	0
NM_006219.3:388-417	NM_006219.3	NM_006219.3.fasta	388	417	+	30	GGCAGACATCCTTGACATCTGGGCGGTGGA	UCCACCGCCCAGAUGUCAAGGAUGUCUGCC	0
NM_006219.3:389-418	NM_006219.3	NM_006219.3.fasta	389	418	+	30	GCAGACATCCTTGACATCTGGGCGGTGGAT	AUCCACCGCCCAGAUGUCAAGGAUGUCUGC	0
NM_006219.3:390-419	NM_006219.3	NM_006219.3.fasta	390	419	+	30	CAGACATCCTTGACATCTGGGCGGTGGATT	AAUCCACCGCCCAGAUGUCAAGGAUGUCUG	0
NM_006219.3:391-420	NM_006219.3	NM_006219.3.fasta	391	420	+	30	AGACATCCTTGACATCTGGGCGGTGGATTC	GAAUCCACCGCCCAGAUGUCAAGGAUGUCU	0
NM_006219.3:392-421	NM_006219.3	NM_006219.3.fasta	392	421	+	30	GACATCCTTGACATCTGGGCGGTGGATTCA	UGAAUCCACCGCCCAGAUGUCAAGGAUGUC	0
NM_006219.3:393-422	NM_006219.3	NM_006219.3.fasta	393	422	+	30	ACATCCTTGACATCTGGGCGGTGGATTCAC	GUGAAUCCACCGCCCAGAUGUCAAGGAUGU	0
NM_006219.3:394-423	NM_006219.3	NM_006219.3.fasta	394	423	+	30	CATCCTTGACATCTGGGCGGTGGATTCACA	UGUGAAUCCACCGCCCAGAUGUCAAGGAUG	0
NM_006219.3:395-424	NM_006219.3	NM_006219.3.fasta	395	424	+	30	ATCCTTGACATCTGGGCGGTGGATTCACAG	CUGUGAAUCCACCGCCCAGAUGUCAAGGAU	0
NM_006219.3:396-425	NM_006219.3	NM_006219.3.fasta	396	425	+	30	TCCTTGACATCTGGGCGGTGGATTCACAGA	UCUGUGAAUCCACCGCCCAGAUGUCAAGGA	0
NM_006219.3:397-426	NM_006219.3	NM_006219.3.fasta	397	426	+	30	CCTTGACATCTGGGCGGTGGATTCACAGAT	AUCUGUGAAUCCACCGCCCAGAUGUCAAGG	0
NM_006219.3:398-427	NM_006219.3	NM_006219.3.fasta	398	427	+	30	CTTGACATCTGGGCGGTGGATTCACAGATA	UAUCUGUGAAUCCACCGCCCAGAUGUCAAG	0
NM_006219.3:399-428	NM_006219.3	NM_006219.3.fasta	399	428	+	30	TTGACATCTGGGCGGTGGATTCACAGATAG	CUAUCUGUGAAUCCACCGCCCAGAUGUCAA	0
NM_006219.3:400-429	NM_006219.3	NM_006219.3.fasta	400	429	+	30	TGACATCTGGGCGGTGGATTCACAGATAGC	GCUAUCUGUGAAUCCACCGCCCAGAUGUCA	0
NM_006219.3:401-430	NM_006219.3	NM_006219.3.fasta	401	430	+	30	GACATCTGGGCGGTGGATTCACAGATAGCA	UGCUAUCUGUGAAUCCACCGCCCAGAUGUC	0
NM_006219.3:402-431	NM_006219.3	NM_006219.3.fasta	402	431	+	30	ACATCTGGGCGGTGGATTCACAGATAGCAT	AUGCUAUCUGUGAAUCCACCGCCCAGAUGU	0
NM_006219.3:403-432	NM_006219.3	NM_006219.3.fasta	403	432	+	30	CATCTGGGCGGTGGATTCACAGATAGCATC	GAUGCUAUCUGUGAAUCCACCGCCCAGAUG	0
NM_006219.3:404-433	NM_006219.3	NM_006219.3.fasta	404	433	+	30	ATCTGGGCGGTGGATTCACAGATAGCATCT	AGAUGCUAUCUGUGAAUCCACCGCCCAGAU	0
NM_006219.3:405-434	NM_006219.3	NM_006219.3.fasta	405	434	+	30	TCTGGGCGGTGGATTCACAGATAGCATCTG	CAGAUGCUAUCUGUGAAUCCACCGCCCAGA	0
NM_006219.3:406-435	NM_006219.3	NM_006219.3.fasta	406	435	+	30	CTGGGCGGTGGATTCACAGATAGCATCTGA	UCAGAUGCUAUCUGUGAAUCCACCGCCCAG	0
NM_006219.3:407-436	NM_006219.3	NM_006219.3.fasta	407	436	+	30	TGGGCGGTGGATTCACAGATAGCATCTGAT	AUCAGAUGCUAUCUGUGAAUCCACCGCCCA	0
NM_006219.3:408-437	NM_006219.3	NM_006219.3.fasta	408	437	+	30	GGGCGGTGGATTCACAGATAGCATCTGATG	CAUCAGAUGCUAUCUGUGAAUCCACCGCCC	0
NM_006219.3:409-438	NM_006219.3	NM_006219.3.fasta	409	438	+	30	GGCGGTGGATTCACAGATAGCATCTGATGG	CCAUCAGAUGCUAUCUGUGAAUCCACCGCC	0
NM_006219.3:410-439	NM_006219.3	NM_006219.3.fasta	410	439	+	30	GCGGTGGATTCACAGATAGCATCTGATGGC	GCCAUCAGAUGCUAUCUGUGAAUCCACCGC	0
NM_006219.3:411-440	NM_006219.3	NM_006219.3.fasta	411	440	+	30	CGGTGGATTCACAGATAGCATCTGATGGCT	AGCCAUCAGAUGCUAUCUGUGAAUCCACCG	0
NM_006219.3:412-441	NM_006219.3	NM_006219.3.fasta	412	441	+	30	GGTGGATTCACAGATAGCATCTGATGGCTC	GAGCCAUCAGAUGCUAUCUGUGAAUCCACC	0
NM_006219.3:413-442	NM_006219.3	NM_006219.3.fasta	413	442	+	30	GTGGATTCACAGATAGCATCTGATGGCTCC	GGAGCCAUCAGAUGCUAUCUGUGAAUCCAC	0
NM_006219.3:414-443	NM_006219.3	NM_006219.3.fasta	414	443	+	30	TGGATTCACAGATAGCATCTGATGGCTCCA	UGGAGCCAUCAGAUGCUAUCUGUGAAUCCA	0
NM_006219.3:415-444	NM_006219.3	NM_006219.3.fasta	415	444	+	30	GGATTCACAGATAGCATCTGATGGCTCCAT	AUGGAGCCAUCAGAUGCUAUCUGUGAAUCC	0
NM_006219.3:416-445	NM_006219.3	NM_006219.3.fasta	416	445	+	30	GATTCACAGATAGCATCTGATGGCTCCATA	UAUGGAGCCAUCAGAUGCUAUCUGUGAAUC	0
NM_006219.3:417-446	NM_006219.3	NM_006219.3.fasta	417	446	+	30	ATTCACAGATAGCATCTGATGGCTCCATAC	GUAUGGAGCCAUCAGAUGCUAUCUGUGAAU	0
NM_006219.3:418-447	NM_006219.3	NM_006219.3.fasta	418	447	+	30	TTCACAGATAGCATCTGATGGCTCCATACC	GGUAUGGAGCCAUCAGAUGCUAUCUGUGAA	0
NM_006219.3:419-448	NM_006219.3	NM_006219.3.fasta	419	448	+	30	TCACAGATAGCATCTGATGGCTCCATACCT	AGGUAUGGAGCCAUCAGAUGCUAUCUGUGA	0
NM_006219.3:420-449	NM_006219.3	NM_006219.3.fasta	420	449	+	30	CACAGATAGCATCTGATGGCTCCATACCTG	CAGGUAUGGAGCCAUCAGAUGCUAUCUGUG	0
NM_006219.3:421-450	NM_006219.3	NM_006219.3.fasta	421	450	+	30	ACAGATAGCATCTGATGGCTCCATACCTGT	ACAGGUAUGGAGCCAUCAGAUGCUAUCUGU	0
NM_006219.3:422-451	NM_006219.3	NM_006219.3.fasta	422	451	+	30	CAGATAGCATCTGATGGCTCCATACCTGTG	CACAGGUAUGGAGCCAUCAGAUGCUAUCUG	0
NM_006219.3:423-452	NM_006219.3	NM_006219.3.fasta	423	452	+	30	AGATAGCATCTGATGGCTCCATACCTGTGG	CCACAGGUAUGGAGCCAUCAGAUGCUAUCU	0
NM_006219.3:424-453	NM_006219.3	NM_006219.3.fasta	424	453	+	30	GATAGCATCTGATGGCTCCATACCTGTGGA	UCCACAGGUAUGGAGCCAUCAGAUGCUAUC	0
NM_006219.3:425-454	NM_006219.3	NM_006219.3.fasta	425	454	+	30	ATAGCATCTGATGGCTCCATACCTGTGGAT	AUCCACAGGUAUGGAGCCAUCAGAUGCUAU	0
NM_006219.3:426-455	NM_006219.3	NM_006219.3.fasta	426	455	+	30	TAGCATCTGATGGCTCCATACCTGTGGATT	AAUCCACAGGUAUGGAGCCAUCAGAUGCUA	0
NM_006219.3:427-456	NM_006219.3	NM_006219.3.fasta	427	456	+	30	AGCATCTGATGGCTCCATACCTGTGGATTT	AAAUCCACAGGUAUGGAGCCAUCAGAUGCU	0
NM_006219.3:428-457	NM_006219.3	NM_006219.3.fasta	428	457	+	30	GCATCTGATGGCTCCATACCTGTGGATTTC	GAAAUCCACAGGUAUGGAGCCAUCAGAUGC	0
NM_006219.3:429-458	NM_006219.3	NM_006219.3.fasta	429	458	+	30	CATCTGATGGCTCCATACCTGTGGATTTCC	GGAAAUCCACAGGUAUGGAGCCAUCAGAUG	0
NM_006219.3:430-459	NM_006219.3	NM_006219.3.fasta	430	459	+	30	ATCTGATGGCTCCATACCTGTGGATTTCCT	AGGAAAUCCACAGGUAUGGAGCCAUCAGAU	0
NM_006219.3:431-460	NM_006219.3	NM_006219.3.fasta	431	460	+	30	TCTGATGGCTCCATACCTGTGGATTTCCTT	AAGGAAAUCCACAGGUAUGGAGCCAUCAGA	0
NM_006219.3:432-461	NM_006219.3	NM_006219.3.fasta	432	461	+	30	CTGATGGCTCCATACCTGTGGATTTCCTTT	AAAGGAAAUCCACAGGUAUGGAGCCAUCAG	0
NM_006219.3:433-462	NM_006219.3	NM_006219.3.fasta	433	462	+	30	TGATGGCTCCATACCTGTGGATTTCCTTTT	AAAAGGAAAUCCACAGGUAUGGAGCCAUCA	0
NM_006219.3:434-463	NM_006219.3	NM_006219.3.fasta	434	463	+	30	GATGGCTCCATACCTGTGGATTTCCTTTTG	CAAAAGGAAAUCCACAGGUAUGGAGCCAUC	0
NM_006219.3:435-464	NM_006219.3	NM_006219.3.fasta	435	464	+	30	ATGGCTCCATACCTGTGGATTTCCTTTTGC	GCAAAAGGAAAUCCACAGGUAUGGAGCCAU	0
NM_006219.3:436-465	NM_006219.3	NM_006219.3.fasta	436	465	+	30	TGGCTCCATACCTGTGGATTTCCTTTTGCC	GGCAAAAGGAAAUCCACAGGUAUGGAGCCA	0
NM_006219.3:437-466	NM_006219.3	NM_006219.3.fasta	437	466	+	30	GGCTCCATACCTGTGGATTTCCTTTTGCCC	GGGCAAAAGGAAAUCCACAGGUAUGGAGCC	0
NM_006219.3:438-467	NM_006219.3	NM_006219.3.fasta	438	467	+	30	GCTCCATACCTGTGGATTTCCTTTTGCCCA	UGGGCAAAAGGAAAUCCACAGGUAUGGAGC	0
NM_006219.3:439-468	NM_006219.3	NM_006219.3.fasta	439	468	+	30	CTCCATACCTGTGGATTTCCTTTTGCCCAC	GUGGGCAAAAGGAAAUCCACAGGUAUGGAG	0
NM_006219.3:440-469	NM_006219.3	NM_006219.3.fasta	440	469	+	30	TCCATACCTGTGGATTTCCTTTTGCCCACT	AGUGGGCAAAAGGAAAUCCACAGGUAUGGA	0
NM_006219.3:441-470	NM_006219.3	NM_006219.3.fasta	441	470	+	30	CCATACCTGTGGATTTCCTTTTGCCCACTG	CAGUGGGCAAAAGGAAAUCCACAGGUAUGG	0
NM_006219.3:442-471	NM_006219.3	NM_006219.3.fasta	442	471	+	30	CATACCTGTGGATTTCCTTTTGCCCACTGG	CCAGUGGGCAAAAGGAAAUCCACAGGUAUG	0
NM_006219.3:443-472	NM_006219.3	NM_006219.3.fasta	443	472	+	30	ATACCTGTGGATTTCCTTTTGCCCACTGGG	CCCAGUGGGCAAAAGGAAAUCCACAGGUAU	0
NM_006219.3:444-473	NM_006219.3	NM_006219.3.fasta	444	473	+	30	TACCTGTGGATTTCCTTTTGCCCACTGGGA	UCCCAGUGGGCAAAAGGAAAUCCACAGGUA	0
NM_006219.3:445-474	NM_006219.3	NM_006219.3.fasta	445	474	+	30	ACCTGTGGATTTCCTTTTGCCCACTGGGAT	AUCCCAGUGGGCAAAAGGAAAUCCACAGGU	0
NM_006219.3:446-475	NM_006219.3	NM_006219.3.fasta	446	475	+	30	CCTGTGGATTTCCTTTTGCCCACTGGGATT	AAUCCCAGUGGGCAAAAGGAAAUCCACAGG	0
NM_006219.3:447-476	NM_006219.3	NM_006219.3.fasta	447	476	+	30	CTGTGGATTTCCTTTTGCCCACTGGGATTT	AAAUCCCAGUGGGCAAAAGGAAAUCCACAG	0
NM_006219.3:448-477	NM_006219.3	NM_006219.3.fasta	448	477	+	30	TGTGGATTTCCTTTTGCCCACTGGGATTTA	UAAAUCCCAGUGGGCAAAAGGAAAUCCACA	0
NM_006219.3:449-478	NM_006219.3	NM_006219.3.fasta	449	478	+	30	GTGGATTTCCTTTTGCCCACTGGGATTTAT	AUAAAUCCCAGUGGGCAAAAGGAAAUCCAC	0
NM_006219.3:450-479	NM_006219.3	NM_006219.3.fasta	450	479	+	30	TGGATTTCCTTTTGCCCACTGGGATTTATA	UAUAAAUCCCAGUGGGCAAAAGGAAAUCCA	0
NM_006219.3:451-480	NM_006219.3	NM_006219.3.fasta	451	480	+	30	GGATTTCCTTTTGCCCACTGGGATTTATAT	AUAUAAAUCCCAGUGGGCAAAAGGAAAUCC	0
NM_006219.3:452-481	NM_006219.3	NM_006219.3.fasta	452	481	+	30	GATTTCCTTTTGCCCACTGGGATTTATATC	GAUAUAAAUCCCAGUGGGCAAAAGGAAAUC	0
NM_006219.3:453-482	NM_006219.3	NM_006219.3.fasta	453	482	+	30	ATTTCCTTTTGCCCACTGGGATTTATATCC	GGAUAUAAAUCCCAGUGGGCAAAAGGAAAU	0
NM_006219.3:454-483	NM_006219.3	NM_006219.3.fasta	454	483	+	30	TTTCCTTTTGCCCACTGGGATTTATATCCA	UGGAUAUAAAUCCCAGUGGGCAAAAGGAAA	0
NM_006219.3:455-484	NM_006219.3	NM_006219.3.fasta	455	484	+	30	TTCCTTTTGCCCACTGGGATTTATATCCAG	CUGGAUAUAAAUCCCAGUGGGCAAAAGGAA	0
NM_006219.3:456-485	NM_006219.3	NM_006219.3.fasta	456	485	+	30	TCCTTTTGCCCACTGGGATTTATATCCAGT	ACUGGAUAUAAAUCCCAGUGGGCAAAAGGA	0
NM_006219.3:457-486	NM_006219.3	NM_006219.3.fasta	457	486	+	30	CCTTTTGCCCACTGGGATTTATATCCAGTT	AACUGGAUAUAAAUCCCAGUGGGCAAAAGG	0
NM_006219.3:458-487	NM_006219.3	NM_006219.3.fasta	458	487	+	30	CTTTTGCCCACTGGGATTTATATCCAGTTG	CAACUGGAUAUAAAUCCCAGUGGGCAAAAG	0
NM_006219.3:459-488	NM_006219.3	NM_006219.3.fasta	459	488	+	30	TTTTGCCCACTGGGATTTATATCCAGTTGG	CCAACUGGAUAUAAAUCCCAGUGGGCAAAA	0
NM_006219.3:460-489	NM_006219.3	NM_006219.3.fasta	460	489	+	30	TTTGCCCACTGGGATTTATATCCAGTTGGA	UCCAACUGGAUAUAAAUCCCAGUGGGCAAA	0
NM_006219.3:461-490	NM_006219.3	NM_006219.3.fasta	461	490	+	30	TTGCCCACTGGGATTTATATCCAGTTGGAG	CUCCAACUGGAUAUAAAUCCCAGUGGGCAA	0
NM_006219.3:462-491	NM_006219.3	NM_006219.3.fasta	462	491	+	30	TGCCCACTGGGATTTATATCCAGTTGGAGG	CCUCCAACUGGAUAUAAAUCCCAGUGGGCA	0
NM_006219.3:463-492	NM_006219.3	NM_006219.3.fasta	463	492	+	30	GCCCACTGGGATTTATATCCAGTTGGAGGT	ACCUCCAACUGGAUAUAAAUCCCAGUGGGC	0
NM_006219.3:464-493	NM_006219.3	NM_006219.3.fasta	464	493	+	30	CCCACTGGGATTTATATCCAGTTGGAGGTA	UACCUCCAACUGGAUAUAAAUCCCAGUGGG	0
NM_006219.3:465-494	NM_006219.3	NM_006219.3.fasta	465	494	+	30	CCACTGGGATTTATATCCAGTTGGAGGTAC	GUACCUCCAACUGGAUAUAAAUCCCAGUGG	0
NM_006219.3:466-495	NM_006219.3	NM_006219.3.fasta	466	495	+	30	CACTGGGATTTATATCCAGTTGGAGGTACC	GGUACCUCCAACUGGAUAUAAAUCCCAGUG	0
NM_006219.3:467-496	NM_006219.3	NM_006219.3.fasta	467	496	+	30	ACTGGGATTTATATCCAGTTGGAGGTACCT	AGGUACCUCCAACUGGAUAUAAAUCCCAGU	0
NM_006219.3:468-497	NM_006219.3	NM_006219.3.fasta	468	497	+	30	CTGGGATTTATATCCAGTTGGAGGTACCTC	GAGGUACCUCCAACUGGAUAUAAAUCCCAG	0
NM_006219.3:469-498	NM_006219.3	NM_006219.3.fasta	469	498	+	30	TGGGATTTATATCCAGTTGGAGGTACCTCG	CGAGGUACCUCCAACUGGAUAUAAAUCCCA	0
NM_006219.3:470-499	NM_006219.3	NM_006219.3.fasta	470	499	+	30	GGGATTTATATCCAGTTGGAGGTACCTCGG	CCGAGGUACCUCCAACUGGAUAUAAAUCCC	0
NM_006219.3:471-500	NM_006219.3	NM_006219.3.fasta	471	500	+	30	GGATTTATATCCAGTTGGAGGTACCTCGGG	CCCGAGGUACCUCCAACUGGAUAUAAAUCC	0
NM_006219.3:472-501	NM_006219.3	NM_006219.3.fasta	472	501	+	30	GATTTATATCCAGTTGGAGGTACCTCGGGA	UCCCGAGGUACCUCCAACUGGAUAUAAAUC	0
NM_006219.3:473-502	NM_006219.3	NM_006219.3.fasta	473	502	+	30	ATTTATATCCAGTTGGAGGTACCTCGGGAA	UUCCCGAGGUACCUCCAACUGGAUAUAAAU	0
NM_006219.3:474-503	NM_006219.3	NM_006219.3.fasta	474	503	+	30	TTTATATCCAGTTGGAGGTACCTCGGGAAG	CUUCCCGAGGUACCUCCAACUGGAUAUAAA	0
NM_006219.3:475-504	NM_006219.3	NM_006219.3.fasta	475	504	+	30	TTATATCCAGTTGGAGGTACCTCGGGAAGC	GCUUCCCGAGGUACCUCCAACUGGAUAUAA	0
NM_006219.3:476-505	NM_006219.3	NM_006219.3.fasta	476	505	+	30	TATATCCAGTTGGAGGTACCTCGGGAAGCT	AGCUUCCCGAGGUACCUCCAACUGGAUAUA	0
NM_006219.3:477-506	NM_006219.3	NM_006219.3.fasta	477	506	+	30	ATATCCAGTTGGAGGTACCTCGGGAAGCTA	UAGCUUCCCGAGGUACCUCCAACUGGAUAU	0
NM_006219.3:478-507	NM_006219.3	NM_006219.3.fasta	478	507	+	30	TATCCAGTTGGAGGTACCTCGGGAAGCTAC	GUAGCUUCCCGAGGUACCUCCAACUGGAUA	0
NM_006219.3:479-508	NM_006219.3	NM_006219.3.fasta	479	508	+	30	ATCCAGTTGGAGGTACCTCGGGAAGCTACC	GGUAGCUUCCCGAGGUACCUCCAACUGGAU	0
NM_006219.3:480-509	NM_006219.3	NM_006219.3.fasta	480	509	+	30	TCCAGTTGGAGGTACCTCGGGAAGCTACCA	UGGUAGCUUCCCGAGGUACCUCCAACUGGA	0
NM_006219.3:481-510	NM_006219.3	NM_006219.3.fasta	481	510	+	30	CCAGTTGGAGGTACCTCGGGAAGCTACCAT	AUGGUAGCUUCCCGAGGUACCUCCAACUGG	0
NM_006219.3:482-511	NM_006219.3	NM_006219.3.fasta	482	511	+	30	CAGTTGGAGGTACCTCGGGAAGCTACCATT	AAUGGUAGCUUCCCGAGGUACCUCCAACUG	0
NM_006219.3:483-512	NM_006219.3	NM_006219.3.fasta	483	512	+	30	AGTTGGAGGTACCTCGGGAAGCTACCATTT	AAAUGGUAGCUUCCCGAGGUACCUCCAACU	0
NM_006219.3:484-513	NM_006219.3	NM_006219.3.fasta	484	513	+	30	GTTGGAGGTACCTCGGGAAGCTACCATTTC	GAAAUGGUAGCUUCCCGAGGUACCUCCAAC	0
NM_006219.3:485-514	NM_006219.3	NM_006219.3.fasta	485	514	+	30	TTGGAGGTACCTCGGGAAGCTACCATTTCT	AGAAAUGGUAGCUUCCCGAGGUACCUCCAA	0
NM_006219.3:486-515	NM_006219.3	NM_006219.3.fasta	486	515	+	30	TGGAGGTACCTCGGGAAGCTACCATTTCTT	AAGAAAUGGUAGCUUCCCGAGGUACCUCCA	0
NM_006219.3:487-516	NM_006219.3	NM_006219.3.fasta	487	516	+	30	GGAGGTACCTCGGGAAGCTACCATTTCTTA	UAAGAAAUGGUAGCUUCCCGAGGUACCUCC	0
NM_006219.3:488-517	NM_006219.3	NM_006219.3.fasta	488	517	+	30	GAGGTACCTCGGGAAGCTACCATTTCTTAT	AUAAGAAAUGGUAGCUUCCCGAGGUACCUC	0
NM_006219.3:489-518	NM_006219.3	NM_006219.3.fasta	489	518	+	30	AGGTACCTCGGGAAGCTACCATTTCTTATA	UAUAAGAAAUGGUAGCUUCCCGAGGUACCU	0
NM_006219.3:490-519	NM_006219.3	NM_006219.3.fasta	490	519	+	30	GGTACCTCGGGAAGCTACCATTTCTTATAT	AUAUAAGAAAUGGUAGCUUCCCGAGGUACC	0
NM_006219.3:491-520	NM_006219.3	NM_006219.3.fasta	491	520	+	30	GTACCTCGGGAAGCTACCATTTCTTATATT	AAUAUAAGAAAUGGUAGCUUCCCGAGGUAC	0
NM_006219.3:492-521	NM_006219.3	NM_006219.3.fasta	492	521	+	30	TACCTCGGGAAGCTACCATTTCTTATATTA	UAAUAUAAGAAAUGGUAGCUUCCCGAGGUA	0
NM_006219.3:493-522	NM_006219.3	NM_006219.3.fasta	493	522	+	30	ACCTCGGGAAGCTACCATTTCTTATATTAA	UUAAUAUAAGAAAUGGUAGCUUCCCGAGGU	0
NM_006219.3:494-523	NM_006219.3	NM_006219.3.fasta	494	523	+	30	CCTCGGGAAGCTACCATTTCTTATATTAAG	CUUAAUAUAAGAAAUGGUAGCUUCCCGAGG	0
NM_006219.3:495-524	NM_006219.3	NM_006219.3.fasta	495	524	+	30	CTCGGGAAGCTACCATTTCTTATATTAAGC	GCUUAAUAUAAGAAAUGGUAGCUUCCCGAG	0
NM_006219.3:496-525	NM_006219.3	NM_006219.3.fasta	496	525	+	30	TCGGGAAGCTACCATTTCTTATATTAAGCA	UGCUUAAUAUAAGAAAUGGUAGCUUCCCGA	0
NM_006219.3:497-526	NM_006219.3	NM_006219.3.fasta	497	526	+	30	CGGGAAGCTACCATTTCTTATATTAAGCAG	CUGCUUAAUAUAAGAAAUGGUAGCUUCCCG	0
NM_006219.3:498-527	NM_006219.3	NM_006219.3.fasta	498	527	+	30	GGGAAGCTACCATTTCTTATATTAAGCAGA	UCUGCUUAAUAUAAGAAAUGGUAGCUUCCC	0
NM_006219.3:499-528	NM_006219.3	NM_006219.3.fasta	499	528	+	30	GGAAGCTACCATTTCTTATATTAAGCAGAT	AUCUGCUUAAUAUAAGAAAUGGUAGCUUCC	0
NM_006219.3:500-529	NM_006219.3	NM_006219.3.fasta	500	529	+	30	GAAGCTACCATTTCTTATATTAAGCAGATG	CAUCUGCUUAAUAUAAGAAAUGGUAGCUUC	0
NM_006219.3:501-530	NM_006219.3	NM_006219.3.fasta	501	530	+	30	AAGCTACCATTTCTTATATTAAGCAGATGT	ACAUCUGCUUAAUAUAAGAAAUGGUAGCUU	0
NM_006219.3:502-531	NM_006219.3	NM_006219.3.fasta	502	531	+	30	AGCTACCATTTCTTATATTAAGCAGATGTT	AACAUCUGCUUAAUAUAAGAAAUGGUAGCU	0
NM_006219.3:503-532	NM_006219.3	NM_006219.3.fasta	503	532	+	30	GCTACCATTTCTTATATTAAGCAGATGTTA	UAACAUCUGCUUAAUAUAAGAAAUGGUAGC	0
NM_006219.3:504-533	NM_006219.3	NM_006219.3.fasta	504	533	+	30	CTACCATTTCTTATATTAAGCAGATGTTAT	AUAACAUCUGCUUAAUAUAAGAAAUGGUAG	0
NM_006219.3:505-534	NM_006219.3	NM_006219.3.fasta	505	534	+	30	TACCATTTCTTATATTAAGCAGATGTTATG	CAUAACAUCUGCUUAAUAUAAGAAAUGGUA	0
NM_006219.3:506-535	NM_006219.3	NM_006219.3.fasta	506	535	+	30	ACCATTTCTTATATTAAGCAGATGTTATGG	CCAUAACAUCUGCUUAAUAUAAGAAAUGGU	0
NM_006219.3:507-536	NM_006219.3	NM_006219.3.fasta	507	536	+	30	CCATTTCTTATATTAAGCAGATGTTATGGA	UCCAUAACAUCUGCUUAAUAUAAGAAAUGG	0
NM_006219.3:508-537	NM_006219.3	NM_006219.3.fasta	508	537	+	30	CATTTCTTATATTAAGCAGATGTTATGGAA	UUCCAUAACAUCUGCUUAAUAUAAGAAAUG	0
NM_006219.3:509-538	NM_006219.3	NM_006219.3.fasta	509	538	+	30	ATTTCTTATATTAAGCAGATGTTATGGAAG	CUUCCAUAACAUCUGCUUAAUAUAAGAAAU	0
NM_006219.3:510-539	NM_006219.3	NM_006219.3.fasta	510	539	+	30	TTTCTTATATTAAGCAGATGTTATGGAAGC	GCUUCCAUAACAUCUGCUUAAUAUAAGAAA	0
NM_006219.3:511-540	NM_006219.3	NM_006219.3.fasta	511	540	+	30	TTCTTATATTAAGCAGATGTTATGGAAGCA	UGCUUCCAUAACAUCUGCUUAAUAUAAGAA	0
NM_006219.3:512-541	NM_006219.3	NM_006219.3.fasta	512	541	+	30	TCTTATATTAAGCAGATGTTATGGAAGCAA	UUGCUUCCAUAACAUCUGCUUAAUAUAAGA	0
NM_006219.3:513-542	NM_006219.3	NM_006219.3.fasta	513	542	+	30	CTTATATTAAGCAGATGTTATGGAAGCAAG	CUUGCUUCCAUAACAUCUGCUUAAUAUAAG	0
NM_006219.3:514-543	NM_006219.3	NM_006219.3.fasta	514	543	+	30	TTATATTAAGCAGATGTTATGGAAGCAAGT	ACUUGCUUCCAUAACAUCUGCUUAAUAUAA	0
NM_006219.3:515-544	NM_006219.3	NM_006219.3.fasta	515	544	+	30	TATATTAAGCAGATGTTATGGAAGCAAGTT	AACUUGCUUCCAUAACAUCUGCUUAAUAUA	0
NM_006219.3:516-545	NM_006219.3	NM_006219.3.fasta	516	545	+	30	ATATTAAGCAGATGTTATGGAAGCAAGTTC	GAACUUGCUUCCAUAACAUCUGCUUAAUAU	0
NM_006219.3:517-546	NM_006219.3	NM_006219.3.fasta	517	546	+	30	TATTAAGCAGATGTTATGGAAGCAAGTTCA	UGAACUUGCUUCCAUAACAUCUGCUUAAUA	0
NM_006219.3:518-547	NM_006219.3	NM_006219.3.fasta	518	547	+	30	ATTAAGCAGATGTTATGGAAGCAAGTTCAC	GUGAACUUGCUUCCAUAACAUCUGCUUAAU	0
NM_006219.3:519-548	NM_006219.3	NM_006219.3.fasta	519	548	+	30	TTAAGCAGATGTTATGGAAGCAAGTTCACA	UGUGAACUUGCUUCCAUAACAUCUGCUUAA	0
NM_006219.3:520-549	NM_006219.3	NM_006219.3.fasta	520	549	+	30	TAAGCAGATGTTATGGAAGCAAGTTCACAA	UUGUGAACUUGCUUCCAUAACAUCUGCUUA	0
NM_006219.3:521-550	NM_006219.3	NM_006219.3.fasta	521	550	+	30	AAGCAGATGTTATGGAAGCAAGTTCACAAT	AUUGUGAACUUGCUUCCAUAACAUCUGCUU	0
NM_006219.3:522-551	NM_006219.3	NM_006219.3.fasta	522	551	+	30	AGCAGATGTTATGGAAGCAAGTTCACAATT	AAUUGUGAACUUGCUUCCAUAACAUCUGCU	0
NM_006219.3:523-552	NM_006219.3	NM_006219.3.fasta	523	552	+	30	GCAGATGTTATGGAAGCAAGTTCACAATTA	UAAUUGUGAACUUGCUUCCAUAACAUCUGC	0
NM_006219.3:524-553	NM_006219.3	NM_006219.3.fasta	524	553	+	30	CAGATGTTATGGAAGCAAGTTCACAATTAC	GUAAUUGUGAACUUGCUUCCAUAACAUCUG	0
NM_006219.3:525-554	NM_006219.3	NM_006219.3.fasta	525	554	+	30	AGATGTTATGGAAGCAAGTTCACAATTACC	GGUAAUUGUGAACUUGCUUCCAUAACAUCU	0
NM_006219.3:526-555	NM_006219.3	NM_006219.3.fasta	526	555	+	30	GATGTTATGGAAGCAAGTTCACAATTACCC	GGGUAAUUGUGAACUUGCUUCCAUAACAUC	0
NM_006219.3:527-556	NM_006219.3	NM_006219.3.fasta	527	556	+	30	ATGTTATGGAAGCAAGTTCACAATTACCCA	UGGGUAAUUGUGAACUUGCUUCCAUAACAU	0
NM_006219.3:528-557	NM_006219.3	NM_006219.3.fasta	528	557	+	30	TGTTATGGAAGCAAGTTCACAATTACCCAA	UUGGGUAAUUGUGAACUUGCUUCCAUAACA	0
NM_006219.3:529-558	NM_006219.3	NM_006219.3.fasta	529	558	+	30	GTTATGGAAGCAAGTTCACAATTACCCAAT	AUUGGGUAAUUGUGAACUUGCUUCCAUAAC	0
NM_006219.3:530-559	NM_006219.3	NM_006219.3.fasta	530	559	+	30	TTATGGAAGCAAGTTCACAATTACCCAATG	CAUUGGGUAAUUGUGAACUUGCUUCCAUAA	0
NM_006219.3:531-560	NM_006219.3	NM_006219.3.fasta	531	560	+	30	TATGGAAGCAAGTTCACAATTACCCAATGT	ACAUUGGGUAAUUGUGAACUUGCUUCCAUA	0
NM_006219.3:532-561	NM_006219.3	NM_006219.3.fasta	532	561	+	30	ATGGAAGCAAGTTCACAATTACCCAATGTT	AACAUUGGGUAAUUGUGAACUUGCUUCCAU	0
NM_006219.3:533-562	NM_006219.3	NM_006219.3.fasta	533	562	+	30	TGGAAGCAAGTTCACAATTACCCAATGTTC	GAACAUUGGGUAAUUGUGAACUUGCUUCCA	0
NM_006219.3:534-563	NM_006219.3	NM_006219.3.fasta	534	563	+	30	GGAAGCAAGTTCACAATTACCCAATGTTCA	UGAACAUUGGGUAAUUGUGAACUUGCUUCC	0
NM_006219.3:535-564	NM_006219.3	NM_006219.3.fasta	535	564	+	30	GAAGCAAGTTCACAATTACCCAATGTTCAA	UUGAACAUUGGGUAAUUGUGAACUUGCUUC	0
NM_006219.3:536-565	NM_006219.3	NM_006219.3.fasta	536	565	+	30	AAGCAAGTTCACAATTACCCAATGTTCAAC	GUUGAACAUUGGGUAAUUGUGAACUUGCUU	0
NM_006219.3:537-566	NM_006219.3	NM_006219.3.fasta	537	566	+	30	AGCAAGTTCACAATTACCCAATGTTCAACC	GGUUGAACAUUGGGUAAUUGUGAACUUGCU	0
NM_006219.3:538-567	NM_006219.3	NM_006219.3.fasta	538	567	+	30	GCAAGTTCACAATTACCCAATGTTCAACCT	AGGUUGAACAUUGGGUAAUUGUGAACUUGC	0
NM_006219.3:539-568	NM_006219.3	NM_006219.3.fasta	539	568	+	30	CAAGTTCACAATTACCCAATGTTCAACCTC	GAGGUUGAACAUUGGGUAAUUGUGAACUUG	0
NM_006219.3:540-569	NM_006219.3	NM_006219.3.fasta	540	569	+	30	AAGTTCACAATTACCCAATGTTCAACCTCC	GGAGGUUGAACAUUGGGUAAUUGUGAACUU	0
NM_006219.3:541-570	NM_006219.3	NM_006219.3.fasta	541	570	+	30	AGTTCACAATTACCCAATGTTCAACCTCCT	AGGAGGUUGAACAUUGGGUAAUUGUGAACU	0
NM_006219.3:542-571	NM_006219.3	NM_006219.3.fasta	542	571	+	30	GTTCACAATTACCCAATGTTCAACCTCCTT	AAGGAGGUUGAACAUUGGGUAAUUGUGAAC	0
NM_006219.3:543-572	NM_006219.3	NM_006219.3.fasta	543	572	+	30	TTCACAATTACCCAATGTTCAACCTCCTTA	UAAGGAGGUUGAACAUUGGGUAAUUGUGAA	0
NM_006219.3:544-573	NM_006219.3	NM_006219.3.fasta	544	573	+	30	TCACAATTACCCAATGTTCAACCTCCTTAT	AUAAGGAGGUUGAACAUUGGGUAAUUGUGA	0
NM_006219.3:545-574	NM_006219.3	NM_006219.3.fasta	545	574	+	30	CACAATTACCCAATGTTCAACCTCCTTATG	CAUAAGGAGGUUGAACAUUGGGUAAUUGUG	0
NM_006219.3:546-575	NM_006219.3	NM_006219.3.fasta	546	575	+	30	ACAATTACCCAATGTTCAACCTCCTTATGG	CCAUAAGGAGGUUGAACAUUGGGUAAUUGU	0
NM_006219.3:547-576	NM_006219.3	NM_006219.3.fasta	547	576	+	30	CAATTACCCAATGTTCAACCTCCTTATGGA	UCCAUAAGGAGGUUGAACAUUGGGUAAUUG	0
NM_006219.3:548-577	NM_006219.3	NM_006219.3.fasta	548	577	+	30	AATTACCCAATGTTCAACCTCCTTATGGAT	AUCCAUAAGGAGGUUGAACAUUGGGUAAUU	0
NM_006219.3:549-578	NM_006219.3	NM_006219.3.fasta	549	578	+	30	ATTACCCAATGTTCAACCTCCTTATGGATA	UAUCCAUAAGGAGGUUGAACAUUGGGUAAU	0
NM_006219.3:550-579	NM_006219.3	NM_006219.3.fasta	550	579	+	30	TTACCCAATGTTCAACCTCCTTATGGATAT	AUAUCCAUAAGGAGGUUGAACAUUGGGUAA	0
NM_006219.3:551-580	NM_006219.3	NM_006219.3.fasta	551	580	+	30	TACCCAATGTTCAACCTCCTTATGGATATT	AAUAUCCAUAAGGAGGUUGAACAUUGGGUA	0
NM_006219.3:552-581	NM_006219.3	NM_006219.3.fasta	552	581	+	30	ACCCAATGTTCAACCTCCTTATGGATATTG	CAAUAUCCAUAAGGAGGUUGAACAUUGGGU	0
NM_006219.3:553-582	NM_006219.3	NM_006219.3.fasta	553	582	+	30	CCCAATGTTCAACCTCCTTATGGATATTGA	UCAAUAUCCAUAAGGAGGUUGAACAUUGGG	0
NM_006219.3:554-583	NM_006219.3	NM_006219.3.fasta	554	583	+	30	CCAATGTTCAACCTCCTTATGGATATTGAC	GUCAAUAUCCAUAAGGAGGUUGAACAUUGG	0
NM_006219.3:555-584	NM_006219.3	NM_006219.3.fasta	555	584	+	30	CAATGTTCAACCTCCTTATGGATATTGACT	AGUCAAUAUCCAUAAGGAGGUUGAACAUUG	0
NM_006219.3:556-585	NM_006219.3	NM_006219.3.fasta	556	585	+	30	AATGTTCAACCTCCTTATGGATATTGACTC	GAGUCAAUAUCCAUAAGGAGGUUGAACAUU	0
NM_006219.3:557-586	NM_006219.3	NM_006219.3.fasta	557	586	+	30	ATGTTCAACCTCCTTATGGATATTGACTCC	GGAGUCAAUAUCCAUAAGGAGGUUGAACAU	0
NM_006219.3:558-587	NM_006219.3	NM_006219.3.fasta	558	587	+	30	TGTTCAACCTCCTTATGGATATTGACTCCT	AGGAGUCAAUAUCCAUAAGGAGGUUGAACA	0
NM_006219.3:559-588	NM_006219.3	NM_006219.3.fasta	559	588	+	30	GTTCAACCTCCTTATGGATATTGACTCCTA	UAGGAGUCAAUAUCCAUAAGGAGGUUGAAC	0
NM_006219.3:560-589	NM_006219.3	NM_006219.3.fasta	560	589	+	30	TTCAACCTCCTTATGGATATTGACTCCTAT	AUAGGAGUCAAUAUCCAUAAGGAGGUUGAA	0
NM_006219.3:561-590	NM_006219.3	NM_006219.3.fasta	561	590	+	30	TCAACCTCCTTATGGATATTGACTCCTATA	UAUAGGAGUCAAUAUCCAUAAGGAGGUUGA	0
NM_006219.3:562-591	NM_006219.3	NM_006219.3.fasta	562	591	+	30	CAACCTCCTTATGGATATTGACTCCTATAT	AUAUAGGAGUCAAUAUCCAUAAGGAGGUUG	0
NM_006219.3:563-592	NM_006219.3	NM_006219.3.fasta	563	592	+	30	AACCTCCTTATGGATATTGACTCCTATATG	CAUAUAGGAGUCAAUAUCCAUAAGGAGGUU	0
NM_006219.3:564-593	NM_006219.3	NM_006219.3.fasta	564	593	+	30	ACCTCCTTATGGATATTGACTCCTATATGT	ACAUAUAGGAGUCAAUAUCCAUAAGGAGGU	0
NM_006219.3:565-594	NM_006219.3	NM_006219.3.fasta	565	594	+	30	CCTCCTTATGGATATTGACTCCTATATGTT	AACAUAUAGGAGUCAAUAUCCAUAAGGAGG	0
NM_006219.3:566-595	NM_006219.3	NM_006219.3.fasta	566	595	+	30	CTCCTTATGGATATTGACTCCTATATGTTT	AAACAUAUAGGAGUCAAUAUCCAUAAGGAG	0
NM_006219.3:567-596	NM_006219.3	NM_006219.3.fasta	567	596	+	30	TCCTTATGGATATTGACTCCTATATGTTTG	CAAACAUAUAGGAGUCAAUAUCCAUAAGGA	0
NM_006219.3:568-597	NM_006219.3	NM_006219.3.fasta	568	597	+	30	CCTTATGGATATTGACTCCTATATGTTTGC	GCAAACAUAUAGGAGUCAAUAUCCAUAAGG	0
NM_006219.3:569-598	NM_006219.3	NM_006219.3.fasta	569	598	+	30	CTTATGGATATTGACTCCTATATGTTTGCA	UGCAAACAUAUAGGAGUCAAUAUCCAUAAG	0
NM_006219.3:570-599	NM_006219.3	NM_006219.3.fasta	570	599	+	30	TTATGGATATTGACTCCTATATGTTTGCAT	AUGCAAACAUAUAGGAGUCAAUAUCCAUAA	0
NM_006219.3:571-600	NM_006219.3	NM_006219.3.fasta	571	600	+	30	TATGGATATTGACTCCTATATGTTTGCATG	CAUGCAAACAUAUAGGAGUCAAUAUCCAUA	0
NM_006219.3:572-601	NM_006219.3	NM_006219.3.fasta	572	601	+	30	ATGGATATTGACTCCTATATGTTTGCATGT	ACAUGCAAACAUAUAGGAGUCAAUAUCCAU	0
NM_006219.3:573-602	NM_006219.3	NM_006219.3.fasta	573	602	+	30	TGGATATTGACTCCTATATGTTTGCATGTG	CACAUGCAAACAUAUAGGAGUCAAUAUCCA	0
NM_006219.3:574-603	NM_006219.3	NM_006219.3.fasta	574	603	+	30	GGATATTGACTCCTATATGTTTGCATGTGT	ACACAUGCAAACAUAUAGGAGUCAAUAUCC	0
NM_006219.3:575-604	NM_006219.3	NM_006219.3.fasta	575	604	+	30	GATATTGACTCCTATATGTTTGCATGTGTG	CACACAUGCAAACAUAUAGGAGUCAAUAUC	0
NM_006219.3:576-605	NM_006219.3	NM_006219.3.fasta	576	605	+	30	ATATTGACTCCTATATGTTTGCATGTGTGA	UCACACAUGCAAACAUAUAGGAGUCAAUAU	0
NM_006219.3:577-606	NM_006219.3	NM_006219.3.fasta	577	606	+	30	TATTGACTCCTATATGTTTGCATGTGTGAA	UUCACACAUGCAAACAUAUAGGAGUCAAUA	0
NM_006219.3:578-607	NM_006219.3	NM_006219.3.fasta	578	607	+	30	ATTGACTCCTATATGTTTGCATGTGTGAAT	AUUCACACAUGCAAACAUAUAGGAGUCAAU	0
NM_006219.3:579-608	NM_006219.3	NM_006219.3.fasta	579	608	+	30	TTGACTCCTATATGTTTGCATGTGTGAATC	GAUUCACACAUGCAAACAUAUAGGAGUCAA	0
NM_006219.3:580-609	NM_006219.3	NM_006219.3.fasta	580	609	+	30	TGACTCCTATATGTTTGCATGTGTGAATCA	UGAUUCACACAUGCAAACAUAUAGGAGUCA	0
NM_006219.3:581-610	NM_006219.3	NM_006219.3.fasta	581	610	+	30	GACTCCTATATGTTTGCATGTGTGAATCAG	CUGAUUCACACAUGCAAACAUAUAGGAGUC	0
NM_006219.3:582-611	NM_006219.3	NM_006219.3.fasta	582	611	+	30	ACTCCTATATGTTTGCATGTGTGAATCAGA	UCUGAUUCACACAUGCAAACAUAUAGGAGU	0
NM_006219.3:583-612	NM_006219.3	NM_006219.3.fasta	583	612	+	30	CTCCTATATGTTTGCATGTGTGAATCAGAC	GUCUGAUUCACACAUGCAAACAUAUAGGAG	0
NM_006219.3:584-613	NM_006219.3	NM_006219.3.fasta	584	613	+	30	TCCTATATGTTTGCATGTGTGAATCAGACT	AGUCUGAUUCACACAUGCAAACAUAUAGGA	0
NM_006219.3:585-614	NM_006219.3	NM_006219.3.fasta	585	614	+	30	CCTATATGTTTGCATGTGTGAATCAGACTG	CAGUCUGAUUCACACAUGCAAACAUAUAGG	0
NM_006219.3:586-615	NM_006219.3	NM_006219.3.fasta	586	615	+	30	CTATATGTTTGCATGTGTGAATCAGACTGC	GCAGUCUGAUUCACACAUGCAAACAUAUAG	0
NM_006219.3:587-616	NM_006219.3	NM_006219.3.fasta	587	616	+	30	TATATGTTTGCATGTGTGAATCAGACTGCT	AGCAGUCUGAUUCACACAUGCAAACAUAUA	0
NM_006219.3:588-617	NM_006219.3	NM_006219.3.fasta	588	617	+	30	ATATGTTTGCATGTGTGAATCAGACTGCTG	CAGCAGUCUGAUUCACACAUGCAAACAUAU	0
NM_006219.3:589-618	NM_006219.3	NM_006219.3.fasta	589	618	+	30	TATGTTTGCATGTGTGAATCAGACTGCTGT	ACAGCAGUCUGAUUCACACAUGCAAACAUA	0
NM_006219.3:590-619	NM_006219.3	NM_006219.3.fasta	590	619	+	30	ATGTTTGCATGTGTGAATCAGACTGCTGTA	UACAGCAGUCUGAUUCACACAUGCAAACAU	0
NM_006219.3:591-620	NM_006219.3	NM_006219.3.fasta	591	620	+	30	TGTTTGCATGTGTGAATCAGACTGCTGTAT	AUACAGCAGUCUGAUUCACACAUGCAAACA	0
NM_006219.3:592-621	NM_006219.3	NM_006219.3.fasta	592	621	+	30	GTTTGCATGTGTGAATCAGACTGCTGTATA	UAUACAGCAGUCUGAUUCACACAUGCAAAC	0
NM_006219.3:593-622	NM_006219.3	NM_006219.3.fasta	593	622	+	30	TTTGCATGTGTGAATCAGACTGCTGTATAT	AUAUACAGCAGUCUGAUUCACACAUGCAAA	0
NM_006219.3:594-623	NM_006219.3	NM_006219.3.fasta	594	623	+	30	TTGCATGTGTGAATCAGACTGCTGTATATG	CAUAUACAGCAGUCUGAUUCACACAUGCAA	0
NM_006219.3:595-624	NM_006219.3	NM_006219.3.fasta	595	624	+	30	TGCATGTGTGAATCAGACTGCTGTATATGA	UCAUAUACAGCAGUCUGAUUCACACAUGCA	0
NM_006219.3:596-625	NM_006219.3	NM_006219.3.fasta	596	625	+	30	GCATGTGTGAATCAGACTGCTGTATATGAG	CUCAUAUACAGCAGUCUGAUUCACACAUGC	0
NM_006219.3:597-626	NM_006219.3	NM_006219.3.fasta	597	626	+	30	CATGTGTGAATCAGACTGCTGTATATGAGG	CCUCAUAUACAGCAGUCUGAUUCACACAUG	0
NM_006219.3:598-627	NM_006219.3	NM_006219.3.fasta	598	627	+	30	ATGTGTGAATCAGACTGCTGTATATGAGGA	UCCUCAUAUACAGCAGUCUGAUUCACACAU	0
NM_006219.3:599-628	NM_006219.3	NM_006219.3.fasta	599	628	+	30	TGTGTGAATCAGACTGCTGTATATGAGGAG	CUCCUCAUAUACAGCAGUCUGAUUCACACA	0
NM_006219.3:600-629	NM_006219.3	NM_006219.3.fasta	600	629	+	30	GTGTGAATCAGACTGCTGTATATGAGGAGC	GCUCCUCAUAUACAGCAGUCUGAUUCACAC	0
NM_006219.3:601-630	NM_006219.3	NM_006219.3.fasta	601	630	+	30	TGTGAATCAGACTGCTGTATATGAGGAGCT	AGCUCCUCAUAUACAGCAGUCUGAUUCACA	0
NM_006219.3:602-631	NM_006219.3	NM_006219.3.fasta	602	631	+	30	GTGAATCAGACTGCTGTATATGAGGAGCTT	AAGCUCCUCAUAUACAGCAGUCUGAUUCAC	0
NM_006219.3:603-632	NM_006219.3	NM_006219.3.fasta	603	632	+	30	TGAATCAGACTGCTGTATATGAGGAGCTTG	CAAGCUCCUCAUAUACAGCAGUCUGAUUCA	0
NM_006219.3:604-633	NM_006219.3	NM_006219.3.fasta	604	633	+	30	GAATCAGACTGCTGTATATGAGGAGCTTGA	UCAAGCUCCUCAUAUACAGCAGUCUGAUUC	0
NM_006219.3:605-634	NM_006219.3	NM_006219.3.fasta	605	634	+	30	AATCAGACTGCTGTATATGAGGAGCTTGAA	UUCAAGCUCCUCAUAUACAGCAGUCUGAUU	0
NM_006219.3:606-635	NM_006219.3	NM_006219.3.fasta	606	635	+	30	ATCAGACTGCTGTATATGAGGAGCTTGAAG	CUUCAAGCUCCUCAUAUACAGCAGUCUGAU	0
NM_006219.3:607-636	NM_006219.3	NM_006219.3.fasta	607	636	+	30	TCAGACTGCTGTATATGAGGAGCTTGAAGA	UCUUCAAGCUCCUCAUAUACAGCAGUCUGA	0
NM_006219.3:608-637	NM_006219.3	NM_006219.3.fasta	608	637	+	30	CAGACTGCTGTATATGAGGAGCTTGAAGAT	AUCUUCAAGCUCCUCAUAUACAGCAGUCUG	0
NM_006219.3:609-638	NM_006219.3	NM_006219.3.fasta	609	638	+	30	AGACTGCTGTATATGAGGAGCTTGAAGATG	CAUCUUCAAGCUCCUCAUAUACAGCAGUCU	0
NM_006219.3:610-639	NM_006219.3	NM_006219.3.fasta	610	639	+	30	GACTGCTGTATATGAGGAGCTTGAAGATGA	UCAUCUUCAAGCUCCUCAUAUACAGCAGUC	0
NM_006219.3:611-640	NM_006219.3	NM_006219.3.fasta	611	640	+	30	ACTGCTGTATATGAGGAGCTTGAAGATGAA	UUCAUCUUCAAGCUCCUCAUAUACAGCAGU	0
NM_006219.3:612-641	NM_006219.3	NM_006219.3.fasta	612	641	+	30	CTGCTGTATATGAGGAGCTTGAAGATGAAA	UUUCAUCUUCAAGCUCCUCAUAUACAGCAG	0
NM_006219.3:613-642	NM_006219.3	NM_006219.3.fasta	613	642	+	30	TGCTGTATATGAGGAGCTTGAAGATGAAAC	GUUUCAUCUUCAAGCUCCUCAUAUACAGCA	0
NM_006219.3:614-643	NM_006219.3	NM_006219.3.fasta	614	643	+	30	GCTGTATATGAGGAGCTTGAAGATGAAACA	UGUUUCAUCUUCAAGCUCCUCAUAUACAGC	0
NM_006219.3:615-644	NM_006219.3	NM_006219.3.fasta	615	644	+	30	CTGTATATGAGGAGCTTGAAGATGAAACAC	GUGUUUCAUCUUCAAGCUCCUCAUAUACAG	0
NM_006219.3:616-645	NM_006219.3	NM_006219.3.fasta	616	645	+	30	TGTATATGAGGAGCTTGAAGATGAAACACG	CGUGUUUCAUCUUCAAGCUCCUCAUAUACA	0
NM_006219.3:617-646	NM_006219.3	NM_006219.3.fasta	617	646	+	30	GTATATGAGGAGCTTGAAGATGAAACACGA	UCGUGUUUCAUCUUCAAGCUCCUCAUAUAC	0
NM_006219.3:618-647	NM_006219.3	NM_006219.3.fasta	618	647	+	30	TATATGAGGAGCTTGAAGATGAAACACGAA	UUCGUGUUUCAUCUUCAAGCUCCUCAUAUA	0
NM_006219.3:619-648	NM_006219.3	NM_006219.3.fasta	619	648	+	30	ATATGAGGAGCTTGAAGATGAAACACGAAG	CUUCGUGUUUCAUCUUCAAGCUCCUCAUAU	0
NM_006219.3:620-649	NM_006219.3	NM_006219.3.fasta	620	649	+	30	TATGAGGAGCTTGAAGATGAAACACGAAGA	UCUUCGUGUUUCAUCUUCAAGCUCCUCAUA	0
NM_006219.3:621-650	NM_006219.3	NM_006219.3.fasta	621	650	+	30	ATGAGGAGCTTGAAGATGAAACACGAAGAC	GUCUUCGUGUUUCAUCUUCAAGCUCCUCAU	0
NM_006219.3:622-651	NM_006219.3	NM_006219.3.fasta	622	651	+	30	TGAGGAGCTTGAAGATGAAACACGAAGACT	AGUCUUCGUGUUUCAUCUUCAAGCUCCUCA	0
NM_006219.3:623-652	NM_006219.3	NM_006219.3.fasta	623	652	+	30	GAGGAGCTTGAAGATGAAACACGAAGACTC	GAGUCUUCGUGUUUCAUCUUCAAGCUCCUC	0
NM_006219.3:624-653	NM_006219.3	NM_006219.3.fasta	624	653	+	30	AGGAGCTTGAAGATGAAACACGAAGACTCT	AGAGUCUUCGUGUUUCAUCUUCAAGCUCCU	0
NM_006219.3:625-654	NM_006219.3	NM_006219.3.fasta	625	654	+	30	GGAGCTTGAAGATGAAACACGAAGACTCTG	CAGAGUCUUCGUGUUUCAUCUUCAAGCUCC	0
NM_006219.3:626-655	NM_006219.3	NM_006219.3.fasta	626	655	+	30	GAGCTTGAAGATGAAACACGAAGACTCTGT	ACAGAGUCUUCGUGUUUCAUCUUCAAGCUC	0
NM_006219.3:627-656	NM_006219.3	NM_006219.3.fasta	627	656	+	30	AGCTTGAAGATGAAACACGAAGACTCTGTG	CACAGAGUCUUCGUGUUUCAUCUUCAAGCU	0
NM_006219.3:628-657	NM_006219.3	NM_006219.3.fasta	628	657	+	30	GCTTGAAGATGAAACACGAAGACTCTGTGA	UCACAGAGUCUUCGUGUUUCAUCUUCAAGC	0
NM_006219.3:629-658	NM_006219.3	NM_006219.3.fasta	629	658	+	30	CTTGAAGATGAAACACGAAGACTCTGTGAT	AUCACAGAGUCUUCGUGUUUCAUCUUCAAG	0
NM_006219.3:630-659	NM_006219.3	NM_006219.3.fasta	630	659	+	30	TTGAAGATGAAACACGAAGACTCTGTGATG	CAUCACAGAGUCUUCGUGUUUCAUCUUCAA	0
NM_006219.3:631-660	NM_006219.3	NM_006219.3.fasta	631	660	+	30	TGAAGATGAAACACGAAGACTCTGTGATGT	ACAUCACAGAGUCUUCGUGUUUCAUCUUCA	0
NM_006219.3:632-661	NM_006219.3	NM_006219.3.fasta	632	661	+	30	GAAGATGAAACACGAAGACTCTGTGATGTC	GACAUCACAGAGUCUUCGUGUUUCAUCUUC	0
NM_006219.3:633-662	NM_006219.3	NM_006219.3.fasta	633	662	+	30	AAGATGAAACACGAAGACTCTGTGATGTCA	UGACAUCACAGAGUCUUCGUGUUUCAUCUU	0
NM_006219.3:634-663	NM_006219.3	NM_006219.3.fasta	634	663	+	30	AGATGAAACACGAAGACTCTGTGATGTCAG	CUGACAUCACAGAGUCUUCGUGUUUCAUCU	0
NM_006219.3:635-664	NM_006219.3	NM_006219.3.fasta	635	664	+	30	GATGAAACACGAAGACTCTGTGATGTCAGA	UCUGACAUCACAGAGUCUUCGUGUUUCAUC	0
NM_006219.3:636-665	NM_006219.3	NM_006219.3.fasta	636	665	+	30	ATGAAACACGAAGACTCTGTGATGTCAGAC	GUCUGACAUCACAGAGUCUUCGUGUUUCAU	0
NM_006219.3:637-666	NM_006219.3	NM_006219.3.fasta	637	666	+	30	TGAAACACGAAGACTCTGTGATGTCAGACC	GGUCUGACAUCACAGAGUCUUCGUGUUUCA	0
NM_006219.3:638-667	NM_006219.3	NM_006219.3.fasta	638	667	+	30	GAAACACGAAGACTCTGTGATGTCAGACCT	AGGUCUGACAUCACAGAGUCUUCGUGUUUC	0
NM_006219.3:639-668	NM_006219.3	NM_006219.3.fasta	639	668	+	30	AAACACGAAGACTCTGTGATGTCAGACCTT	AAGGUCUGACAUCACAGAGUCUUCGUGUUU	0
NM_006219.3:640-669	NM_006219.3	NM_006219.3.fasta	640	669	+	30	AACACGAAGACTCTGTGATGTCAGACCTTT	AAAGGUCUGACAUCACAGAGUCUUCGUGUU	0
NM_006219.3:641-670	NM_006219.3	NM_006219.3.fasta	641	670	+	30	ACACGAAGACTCTGTGATGTCAGACCTTTT	AAAAGGUCUGACAUCACAGAGUCUUCGUGU	0
NM_006219.3:642-671	NM_006219.3	NM_006219.3.fasta	642	671	+	30	CACGAAGACTCTGTGATGTCAGACCTTTTC	GAAAAGGUCUGACAUCACAGAGUCUUCGUG	0
NM_006219.3:643-672	NM_006219.3	NM_006219.3.fasta	643	672	+	30	ACGAAGACTCTGTGATGTCAGACCTTTTCT	AGAAAAGGUCUGACAUCACAGAGUCUUCGU	0
NM_006219.3:644-673	NM_006219.3	NM_006219.3.fasta	644	673	+	30	CGAAGACTCTGTGATGTCAGACCTTTTCTT	AAGAAAAGGUCUGACAUCACAGAGUCUUCG	0
NM_006219.3:645-674	NM_006219.3	NM_006219.3.fasta	645	674	+	30	GAAGACTCTGTGATGTCAGACCTTTTCTTC	GAAGAAAAGGUCUGACAUCACAGAGUCUUC	0
NM_006219.3:646-675	NM_006219.3	NM_006219.3.fasta	646	675	+	30	AAGACTCTGTGATGTCAGACCTTTTCTTCC	GGAAGAAAAGGUCUGACAUCACAGAGUCUU	0
NM_006219.3:647-676	NM_006219.3	NM_006219.3.fasta	647	676	+	30	AGACTCTGTGATGTCAGACCTTTTCTTCCA	UGGAAGAAAAGGUCUGACAUCACAGAGUCU	0
NM_006219.3:648-677	NM_006219.3	NM_006219.3.fasta	648	677	+	30	GACTCTGTGATGTCAGACCTTTTCTTCCAG	CUGGAAGAAAAGGUCUGACAUCACAGAGUC	0
NM_006219.3:649-678	NM_006219.3	NM_006219.3.fasta	649	678	+	30	ACTCTGTGATGTCAGACCTTTTCTTCCAGT	ACUGGAAGAAAAGGUCUGACAUCACAGAGU	0
NM_006219.3:650-679	NM_006219.3	NM_006219.3.fasta	650	679	+	30	CTCTGTGATGTCAGACCTTTTCTTCCAGTT	AACUGGAAGAAAAGGUCUGACAUCACAGAG	0
NM_006219.3:651-680	NM_006219.3	NM_006219.3.fasta	651	680	+	30	TCTGTGATGTCAGACCTTTTCTTCCAGTTC	GAACUGGAAGAAAAGGUCUGACAUCACAGA	0
NM_006219.3:652-681	NM_006219.3	NM_006219.3.fasta	652	681	+	30	CTGTGATGTCAGACCTTTTCTTCCAGTTCT	AGAACUGGAAGAAAAGGUCUGACAUCACAG	0
NM_006219.3:653-682	NM_006219.3	NM_006219.3.fasta	653	682	+	30	TGTGATGTCAGACCTTTTCTTCCAGTTCTC	GAGAACUGGAAGAAAAGGUCUGACAUCACA	0
NM_006219.3:654-683	NM_006219.3	NM_006219.3.fasta	654	683	+	30	GTGATGTCAGACCTTTTCTTCCAGTTCTCA	UGAGAACUGGAAGAAAAGGUCUGACAUCAC	0
NM_006219.3:655-684	NM_006219.3	NM_006219.3.fasta	655	684	+	30	TGATGTCAGACCTTTTCTTCCAGTTCTCAA	UUGAGAACUGGAAGAAAAGGUCUGACAUCA	0
NM_006219.3:656-685	NM_006219.3	NM_006219.3.fasta	656	685	+	30	GATGTCAGACCTTTTCTTCCAGTTCTCAAA	UUUGAGAACUGGAAGAAAAGGUCUGACAUC	0
NM_006219.3:657-686	NM_006219.3	NM_006219.3.fasta	657	686	+	30	ATGTCAGACCTTTTCTTCCAGTTCTCAAAT	AUUUGAGAACUGGAAGAAAAGGUCUGACAU	0
NM_006219.3:658-687	NM_006219.3	NM_006219.3.fasta	658	687	+	30	TGTCAGACCTTTTCTTCCAGTTCTCAAATT	AAUUUGAGAACUGGAAGAAAAGGUCUGACA	0
NM_006219.3:659-688	NM_006219.3	NM_006219.3.fasta	659	688	+	30	GTCAGACCTTTTCTTCCAGTTCTCAAATTA	UAAUUUGAGAACUGGAAGAAAAGGUCUGAC	0
NM_006219.3:660-689	NM_006219.3	NM_006219.3.fasta	660	689	+	30	TCAGACCTTTTCTTCCAGTTCTCAAATTAG	CUAAUUUGAGAACUGGAAGAAAAGGUCUGA	0
NM_006219.3:661-690	NM_006219.3	NM_006219.3.fasta	661	690	+	30	CAGACCTTTTCTTCCAGTTCTCAAATTAGT	ACUAAUUUGAGAACUGGAAGAAAAGGUCUG	0
NM_006219.3:662-691	NM_006219.3	NM_006219.3.fasta	662	691	+	30	AGACCTTTTCTTCCAGTTCTCAAATTAGTG	CACUAAUUUGAGAACUGGAAGAAAAGGUCU	0
NM_006219.3:663-692	NM_006219.3	NM_006219.3.fasta	663	692	+	30	GACCTTTTCTTCCAGTTCTCAAATTAGTGA	UCACUAAUUUGAGAACUGGAAGAAAAGGUC	0
NM_006219.3:664-693	NM_006219.3	NM_006219.3.fasta	664	693	+	30	ACCTTTTCTTCCAGTTCTCAAATTAGTGAC	GUCACUAAUUUGAGAACUGGAAGAAAAGGU	0
NM_006219.3:665-694	NM_006219.3	NM_006219.3.fasta	665	694	+	30	CCTTTTCTTCCAGTTCTCAAATTAGTGACA	UGUCACUAAUUUGAGAACUGGAAGAAAAGG	0
NM_006219.3:666-695	NM_006219.3	NM_006219.3.fasta	666	695	+	30	CTTTTCTTCCAGTTCTCAAATTAGTGACAA	UUGUCACUAAUUUGAGAACUGGAAGAAAAG	0
NM_006219.3:667-696	NM_006219.3	NM_006219.3.fasta	667	696	+	30	TTTTCTTCCAGTTCTCAAATTAGTGACAAG	CUUGUCACUAAUUUGAGAACUGGAAGAAAA	0
NM_006219.3:668-697	NM_006219.3	NM_006219.3.fasta	668	697	+	30	TTTCTTCCAGTTCTCAAATTAGTGACAAGA	UCUUGUCACUAAUUUGAGAACUGGAAGAAA	0
NM_006219.3:669-698	NM_006219.3	NM_006219.3.fasta	669	698	+	30	TTCTTCCAGTTCTCAAATTAGTGACAAGAA	UUCUUGUCACUAAUUUGAGAACUGGAAGAA	0
NM_006219.3:670-699	NM_006219.3	NM_006219.3.fasta	670	699	+	30	TCTTCCAGTTCTCAAATTAGTGACAAGAAG	CUUCUUGUCACUAAUUUGAGAACUGGAAGA	0
NM_006219.3:671-700	NM_006219.3	NM_006219.3.fasta	671	700	+	30	CTTCCAGTTCTCAAATTAGTGACAAGAAGT	ACUUCUUGUCACUAAUUUGAGAACUGGAAG	0
NM_006219.3:672-701	NM_006219.3	NM_006219.3.fasta	672	701	+	30	TTCCAGTTCTCAAATTAGTGACAAGAAGTT	AACUUCUUGUCACUAAUUUGAGAACUGGAA	0
NM_006219.3:673-702	NM_006219.3	NM_006219.3.fasta	673	702	+	30	TCCAGTTCTCAAATTAGTGACAAGAAGTTG	CAACUUCUUGUCACUAAUUUGAGAACUGGA	0
NM_006219.3:674-703	NM_006219.3	NM_006219.3.fasta	674	703	+	30	CCAGTTCTCAAATTAGTGACAAGAAGTTGT	ACAACUUCUUGUCACUAAUUUGAGAACUGG	0
NM_006219.3:675-704	NM_006219.3	NM_006219.3.fasta	675	704	+	30	CAGTTCTCAAATTAGTGACAAGAAGTTGTG	CACAACUUCUUGUCACUAAUUUGAGAACUG	0
NM_006219.3:676-705	NM_006219.3	NM_006219.3.fasta	676	705	+	30	AGTTCTCAAATTAGTGACAAGAAGTTGTGA	UCACAACUUCUUGUCACUAAUUUGAGAACU	0
NM_006219.3:677-706	NM_006219.3	NM_006219.3.fasta	677	706	+	30	GTTCTCAAATTAGTGACAAGAAGTTGTGAC	GUCACAACUUCUUGUCACUAAUUUGAGAAC	0
NM_006219.3:678-707	NM_006219.3	NM_006219.3.fasta	678	707	+	30	TTCTCAAATTAGTGACAAGAAGTTGTGACC	GGUCACAACUUCUUGUCACUAAUUUGAGAA	0
NM_006219.3:679-708	NM_006219.3	NM_006219.3.fasta	679	708	+	30	TCTCAAATTAGTGACAAGAAGTTGTGACCC	GGGUCACAACUUCUUGUCACUAAUUUGAGA	0
NM_006219.3:680-709	NM_006219.3	NM_006219.3.fasta	680	709	+	30	CTCAAATTAGTGACAAGAAGTTGTGACCCA	UGGGUCACAACUUCUUGUCACUAAUUUGAG	0
NM_006219.3:681-710	NM_006219.3	NM_006219.3.fasta	681	710	+	30	TCAAATTAGTGACAAGAAGTTGTGACCCAG	CUGGGUCACAACUUCUUGUCACUAAUUUGA	0
NM_006219.3:682-711	NM_006219.3	NM_006219.3.fasta	682	711	+	30	CAAATTAGTGACAAGAAGTTGTGACCCAGG	CCUGGGUCACAACUUCUUGUCACUAAUUUG	0
NM_006219.3:683-712	NM_006219.3	NM_006219.3.fasta	683	712	+	30	AAATTAGTGACAAGAAGTTGTGACCCAGGG	CCCUGGGUCACAACUUCUUGUCACUAAUUU	0
NM_006219.3:684-713	NM_006219.3	NM_006219.3.fasta	684	713	+	30	AATTAGTGACAAGAAGTTGTGACCCAGGGG	CCCCUGGGUCACAACUUCUUGUCACUAAUU	0
NM_006219.3:685-714	NM_006219.3	NM_006219.3.fasta	685	714	+	30	ATTAGTGACAAGAAGTTGTGACCCAGGGGA	UCCCCUGGGUCACAACUUCUUGUCACUAAU	0
NM_006219.3:686-715	NM_006219.3	NM_006219.3.fasta	686	715	+	30	TTAGTGACAAGAAGTTGTGACCCAGGGGAA	UUCCCCUGGGUCACAACUUCUUGUCACUAA	0
NM_006219.3:687-716	NM_006219.3	NM_006219.3.fasta	687	716	+	30	TAGTGACAAGAAGTTGTGACCCAGGGGAAA	UUUCCCCUGGGUCACAACUUCUUGUCACUA	0
NM_006219.3:688-717	NM_006219.3	NM_006219.3.fasta	688	717	+	30	AGTGACAAGAAGTTGTGACCCAGGGGAAAA	UUUUCCCCUGGGUCACAACUUCUUGUCACU	0
NM_006219.3:689-718	NM_006219.3	NM_006219.3.fasta	689	718	+	30	GTGACAAGAAGTTGTGACCCAGGGGAAAAA	UUUUUCCCCUGGGUCACAACUUCUUGUCAC	0
NM_006219.3:690-719	NM_006219.3	NM_006219.3.fasta	690	719	+	30	TGACAAGAAGTTGTGACCCAGGGGAAAAAT	AUUUUUCCCCUGGGUCACAACUUCUUGUCA	0
NM_006219.3:691-720	NM_006219.3	NM_006219.3.fasta	691	720	+	30	GACAAGAAGTTGTGACCCAGGGGAAAAATT	AAUUUUUCCCCUGGGUCACAACUUCUUGUC	0
NM_006219.3:692-721	NM_006219.3	NM_006219.3.fasta	692	721	+	30	ACAAGAAGTTGTGACCCAGGGGAAAAATTA	UAAUUUUUCCCCUGGGUCACAACUUCUUGU	0
NM_006219.3:693-722	NM_006219.3	NM_006219.3.fasta	693	722	+	30	CAAGAAGTTGTGACCCAGGGGAAAAATTAG	CUAAUUUUUCCCCUGGGUCACAACUUCUUG	0
NM_006219.3:694-723	NM_006219.3	NM_006219.3.fasta	694	723	+	30	AAGAAGTTGTGACCCAGGGGAAAAATTAGA	UCUAAUUUUUCCCCUGGGUCACAACUUCUU	0
NM_006219.3:695-724	NM_006219.3	NM_006219.3.fasta	695	724	+	30	AGAAGTTGTGACCCAGGGGAAAAATTAGAC	GUCUAAUUUUUCCCCUGGGUCACAACUUCU	0
NM_006219.3:696-725	NM_006219.3	NM_006219.3.fasta	696	725	+	30	GAAGTTGTGACCCAGGGGAAAAATTAGACT	AGUCUAAUUUUUCCCCUGGGUCACAACUUC	0
NM_006219.3:697-726	NM_006219.3	NM_006219.3.fasta	697	726	+	30	AAGTTGTGACCCAGGGGAAAAATTAGACTC	GAGUCUAAUUUUUCCCCUGGGUCACAACUU	0
NM_006219.3:698-727	NM_006219.3	NM_006219.3.fasta	698	727	+	30	AGTTGTGACCCAGGGGAAAAATTAGACTCA	UGAGUCUAAUUUUUCCCCUGGGUCACAACU	0
NM_006219.3:699-728	NM_006219.3	NM_006219.3.fasta	699	728	+	30	GTTGTGACCCAGGGGAAAAATTAGACTCAA	UUGAGUCUAAUUUUUCCCCUGGGUCACAAC	0
NM_006219.3:700-729	NM_006219.3	NM_006219.3.fasta	700	729	+	30	TTGTGACCCAGGGGAAAAATTAGACTCAAA	UUUGAGUCUAAUUUUUCCCCUGGGUCACAA	0
NM_006219.3:701-730	NM_006219.3	NM_006219.3.fasta	701	730	+	30	TGTGACCCAGGGGAAAAATTAGACTCAAAA	UUUUGAGUCUAAUUUUUCCCCUGGGUCACA	0
NM_006219.3:702-731	NM_006219.3	NM_006219.3.fasta	702	731	+	30	GTGACCCAGGGGAAAAATTAGACTCAAAAA	UUUUUGAGUCUAAUUUUUCCCCUGGGUCAC	0
NM_006219.3:703-732	NM_006219.3	NM_006219.3.fasta	703	732	+	30	TGACCCAGGGGAAAAATTAGACTCAAAAAT	AUUUUUGAGUCUAAUUUUUCCCCUGGGUCA	0
NM_006219.3:704-733	NM_006219.3	NM_006219.3.fasta	704	733	+	30	GACCCAGGGGAAAAATTAGACTCAAAAATT	AAUUUUUGAGUCUAAUUUUUCCCCUGGGUC	0
NM_006219.3:705-734	NM_006219.3	NM_006219.3.fasta	705	734	+	30	ACCCAGGGGAAAAATTAGACTCAAAAATTG	CAAUUUUUGAGUCUAAUUUUUCCCCUGGGU	0
NM_006219.3:706-735	NM_006219.3	NM_006219.3.fasta	706	735	+	30	CCCAGGGGAAAAATTAGACTCAAAAATTGG	CCAAUUUUUGAGUCUAAUUUUUCCCCUGGG	0
NM_006219.3:707-736	NM_006219.3	NM_006219.3.fasta	707	736	+	30	CCAGGGGAAAAATTAGACTCAAAAATTGGA	UCCAAUUUUUGAGUCUAAUUUUUCCCCUGG	0
NM_006219.3:708-737	NM_006219.3	NM_006219.3.fasta	708	737	+	30	CAGGGGAAAAATTAGACTCAAAAATTGGAG	CUCCAAUUUUUGAGUCUAAUUUUUCCCCUG	0
NM_006219.3:709-738	NM_006219.3	NM_006219.3.fasta	709	738	+	30	AGGGGAAAAATTAGACTCAAAAATTGGAGT	ACUCCAAUUUUUGAGUCUAAUUUUUCCCCU	0
NM_006219.3:710-739	NM_006219.3	NM_006219.3.fasta	710	739	+	30	GGGGAAAAATTAGACTCAAAAATTGGAGTC	GACUCCAAUUUUUGAGUCUAAUUUUUCCCC	0
NM_006219.3:711-740	NM_006219.3	NM_006219.3.fasta	711	740	+	30	GGGAAAAATTAGACTCAAAAATTGGAGTCC	GGACUCCAAUUUUUGAGUCUAAUUUUUCCC	0
NM_006219.3:712-741	NM_006219.3	NM_006219.3.fasta	712	741	+	30	GGAAAAATTAGACTCAAAAATTGGAGTCCT	AGGACUCCAAUUUUUGAGUCUAAUUUUUCC	0
NM_006219.3:713-742	NM_006219.3	NM_006219.3.fasta	713	742	+	30	GAAAAATTAGACTCAAAAATTGGAGTCCTT	AAGGACUCCAAUUUUUGAGUCUAAUUUUUC	0
NM_006219.3:714-743	NM_006219.3	NM_006219.3.fasta	714	743	+	30	AAAAATTAGACTCAAAAATTGGAGTCCTTA	UAAGGACUCCAAUUUUUGAGUCUAAUUUUU	0
NM_006219.3:715-744	NM_006219.3	NM_006219.3.fasta	715	744	+	30	AAAATTAGACTCAAAAATTGGAGTCCTTAT	AUAAGGACUCCAAUUUUUGAGUCUAAUUUU	0
NM_006219.3:716-745	NM_006219.3	NM_006219.3.fasta	716	745	+	30	AAATTAGACTCAAAAATTGGAGTCCTTATA	UAUAAGGACUCCAAUUUUUGAGUCUAAUUU	0
NM_006219.3:717-746	NM_006219.3	NM_006219.3.fasta	717	746	+	30	AATTAGACTCAAAAATTGGAGTCCTTATAG	CUAUAAGGACUCCAAUUUUUGAGUCUAAUU	0
NM_006219.3:718-747	NM_006219.3	NM_006219.3.fasta	718	747	+	30	ATTAGACTCAAAAATTGGAGTCCTTATAGG	CCUAUAAGGACUCCAAUUUUUGAGUCUAAU	0
NM_006219.3:719-748	NM_006219.3	NM_006219.3.fasta	719	748	+	30	TTAGACTCAAAAATTGGAGTCCTTATAGGA	UCCUAUAAGGACUCCAAUUUUUGAGUCUAA	0
NM_006219.3:720-749	NM_006219.3	NM_006219.3.fasta	720	749	+	30	TAGACTCAAAAATTGGAGTCCTTATAGGAA	UUCCUAUAAGGACUCCAAUUUUUGAGUCUA	0
NM_006219.3:721-750	NM_006219.3	NM_006219.3.fasta	721	750	+	30	AGACTCAAAAATTGGAGTCCTTATAGGAAA	UUUCCUAUAAGGACUCCAAUUUUUGAGUCU	0
NM_006219.3:722-751	NM_006219.3	NM_006219.3.fasta	722	751	+	30	GACTCAAAAATTGGAGTCCTTATAGGAAAA	UUUUCCUAUAAGGACUCCAAUUUUUGAGUC	0
NM_006219.3:723-752	NM_006219.3	NM_006219.3.fasta	723	752	+	30	ACTCAAAAATTGGAGTCCTTATAGGAAAAG	CUUUUCCUAUAAGGACUCCAAUUUUUGAGU	0
NM_006219.3:724-753	NM_006219.3	NM_006219.3.fasta	724	753	+	30	CTCAAAAATTGGAGTCCTTATAGGAAAAGG	CCUUUUCCUAUAAGGACUCCAAUUUUUGAG	0
NM_006219.3:725-754	NM_006219.3	NM_006219.3.fasta	725	754	+	30	TCAAAAATTGGAGTCCTTATAGGAAAAGGT	ACCUUUUCCUAUAAGGACUCCAAUUUUUGA	0
NM_006219.3:726-755	NM_006219.3	NM_006219.3.fasta	726	755	+	30	CAAAAATTGGAGTCCTTATAGGAAAAGGTC	GACCUUUUCCUAUAAGGACUCCAAUUUUUG	0
NM_006219.3:727-756	NM_006219.3	NM_006219.3.fasta	727	756	+	30	AAAAATTGGAGTCCTTATAGGAAAAGGTCT	AGACCUUUUCCUAUAAGGACUCCAAUUUUU	0
NM_006219.3:728-757	NM_006219.3	NM_006219.3.fasta	728	757	+	30	AAAATTGGAGTCCTTATAGGAAAAGGTCTG	CAGACCUUUUCCUAUAAGGACUCCAAUUUU	0
NM_006219.3:729-758	NM_006219.3	NM_006219.3.fasta	729	758	+	30	AAATTGGAGTCCTTATAGGAAAAGGTCTGC	GCAGACCUUUUCCUAUAAGGACUCCAAUUU	0
NM_006219.3:730-759	NM_006219.3	NM_006219.3.fasta	730	759	+	30	AATTGGAGTCCTTATAGGAAAAGGTCTGCA	UGCAGACCUUUUCCUAUAAGGACUCCAAUU	0
NM_006219.3:731-760	NM_006219.3	NM_006219.3.fasta	731	760	+	30	ATTGGAGTCCTTATAGGAAAAGGTCTGCAT	AUGCAGACCUUUUCCUAUAAGGACUCCAAU	0
NM_006219.3:732-761	NM_006219.3	NM_006219.3.fasta	732	761	+	30	TTGGAGTCCTTATAGGAAAAGGTCTGCATG	CAUGCAGACCUUUUCCUAUAAGGACUCCAA	0
NM_006219.3:733-762	NM_006219.3	NM_006219.3.fasta	733	762	+	30	TGGAGTCCTTATAGGAAAAGGTCTGCATGA	UCAUGCAGACCUUUUCCUAUAAGGACUCCA	0
NM_006219.3:734-763	NM_006219.3	NM_006219.3.fasta	734	763	+	30	GGAGTCCTTATAGGAAAAGGTCTGCATGAA	UUCAUGCAGACCUUUUCCUAUAAGGACUCC	0
NM_006219.3:735-764	NM_006219.3	NM_006219.3.fasta	735	764	+	30	GAGTCCTTATAGGAAAAGGTCTGCATGAAT	AUUCAUGCAGACCUUUUCCUAUAAGGACUC	0
NM_006219.3:736-765	NM_006219.3	NM_006219.3.fasta	736	765	+	30	AGTCCTTATAGGAAAAGGTCTGCATGAATT	AAUUCAUGCAGACCUUUUCCUAUAAGGACU	0
NM_006219.3:737-766	NM_006219.3	NM_006219.3.fasta	737	766	+	30	GTCCTTATAGGAAAAGGTCTGCATGAATTT	AAAUUCAUGCAGACCUUUUCCUAUAAGGAC	0
NM_006219.3:738-767	NM_006219.3	NM_006219.3.fasta	738	767	+	30	TCCTTATAGGAAAAGGTCTGCATGAATTTG	CAAAUUCAUGCAGACCUUUUCCUAUAAGGA	0
NM_006219.3:739-768	NM_006219.3	NM_006219.3.fasta	739	768	+	30	CCTTATAGGAAAAGGTCTGCATGAATTTGA	UCAAAUUCAUGCAGACCUUUUCCUAUAAGG	0
NM_006219.3:740-769	NM_006219.3	NM_006219.3.fasta	740	769	+	30	CTTATAGGAAAAGGTCTGCATGAATTTGAT	AUCAAAUUCAUGCAGACCUUUUCCUAUAAG	0
NM_006219.3:741-770	NM_006219.3	NM_006219.3.fasta	741	770	+	30	TTATAGGAAAAGGTCTGCATGAATTTGATT	AAUCAAAUUCAUGCAGACCUUUUCCUAUAA	0
NM_006219.3:742-771	NM_006219.3	NM_006219.3.fasta	742	771	+	30	TATAGGAAAAGGTCTGCATGAATTTGATTC	GAAUCAAAUUCAUGCAGACCUUUUCCUAUA	0
NM_006219.3:743-772	NM_006219.3	NM_006219.3.fasta	743	772	+	30	ATAGGAAAAGGTCTGCATGAATTTGATTCC	GGAAUCAAAUUCAUGCAGACCUUUUCCUAU	0
NM_006219.3:744-773	NM_006219.3	NM_006219.3.fasta	744	773	+	30	TAGGAAAAGGTCTGCATGAATTTGATTCCT	AGGAAUCAAAUUCAUGCAGACCUUUUCCUA	0
NM_006219.3:745-774	NM_006219.3	NM_006219.3.fasta	745	774	+	30	AGGAAAAGGTCTGCATGAATTTGATTCCTT	AAGGAAUCAAAUUCAUGCAGACCUUUUCCU	0
NM_006219.3:746-775	NM_006219.3	NM_006219.3.fasta	746	775	+	30	GGAAAAGGTCTGCATGAATTTGATTCCTTG	CAAGGAAUCAAAUUCAUGCAGACCUUUUCC	0
NM_006219.3:747-776	NM_006219.3	NM_006219.3.fasta	747	776	+	30	GAAAAGGTCTGCATGAATTTGATTCCTTGA	UCAAGGAAUCAAAUUCAUGCAGACCUUUUC	0
NM_006219.3:748-777	NM_006219.3	NM_006219.3.fasta	748	777	+	30	AAAAGGTCTGCATGAATTTGATTCCTTGAA	UUCAAGGAAUCAAAUUCAUGCAGACCUUUU	0
NM_006219.3:749-778	NM_006219.3	NM_006219.3.fasta	749	778	+	30	AAAGGTCTGCATGAATTTGATTCCTTGAAG	CUUCAAGGAAUCAAAUUCAUGCAGACCUUU	0
NM_006219.3:750-779	NM_006219.3	NM_006219.3.fasta	750	779	+	30	AAGGTCTGCATGAATTTGATTCCTTGAAGG	CCUUCAAGGAAUCAAAUUCAUGCAGACCUU	0
NM_006219.3:751-780	NM_006219.3	NM_006219.3.fasta	751	780	+	30	AGGTCTGCATGAATTTGATTCCTTGAAGGA	UCCUUCAAGGAAUCAAAUUCAUGCAGACCU	0
NM_006219.3:752-781	NM_006219.3	NM_006219.3.fasta	752	781	+	30	GGTCTGCATGAATTTGATTCCTTGAAGGAT	AUCCUUCAAGGAAUCAAAUUCAUGCAGACC	0
NM_006219.3:753-782	NM_006219.3	NM_006219.3.fasta	753	782	+	30	GTCTGCATGAATTTGATTCCTTGAAGGATC	GAUCCUUCAAGGAAUCAAAUUCAUGCAGAC	0
NM_006219.3:754-783	NM_006219.3	NM_006219.3.fasta	754	783	+	30	TCTGCATGAATTTGATTCCTTGAAGGATCC	GGAUCCUUCAAGGAAUCAAAUUCAUGCAGA	0
NM_006219.3:755-784	NM_006219.3	NM_006219.3.fasta	755	784	+	30	CTGCATGAATTTGATTCCTTGAAGGATCCT	AGGAUCCUUCAAGGAAUCAAAUUCAUGCAG	0
NM_006219.3:756-785	NM_006219.3	NM_006219.3.fasta	756	785	+	30	TGCATGAATTTGATTCCTTGAAGGATCCTG	CAGGAUCCUUCAAGGAAUCAAAUUCAUGCA	0
NM_006219.3:757-786	NM_006219.3	NM_006219.3.fasta	757	786	+	30	GCATGAATTTGATTCCTTGAAGGATCCTGA	UCAGGAUCCUUCAAGGAAUCAAAUUCAUGC	0
NM_006219.3:758-787	NM_006219.3	NM_006219.3.fasta	758	787	+	30	CATGAATTTGATTCCTTGAAGGATCCTGAA	UUCAGGAUCCUUCAAGGAAUCAAAUUCAUG	0
NM_006219.3:759-788	NM_006219.3	NM_006219.3.fasta	759	788	+	30	ATGAATTTGATTCCTTGAAGGATCCTGAAG	CUUCAGGAUCCUUCAAGGAAUCAAAUUCAU	0
NM_006219.3:760-789	NM_006219.3	NM_006219.3.fasta	760	789	+	30	TGAATTTGATTCCTTGAAGGATCCTGAAGT	ACUUCAGGAUCCUUCAAGGAAUCAAAUUCA	0
NM_006219.3:761-790	NM_006219.3	NM_006219.3.fasta	761	790	+	30	GAATTTGATTCCTTGAAGGATCCTGAAGTA	UACUUCAGGAUCCUUCAAGGAAUCAAAUUC	0
NM_006219.3:762-791	NM_006219.3	NM_006219.3.fasta	762	791	+	30	AATTTGATTCCTTGAAGGATCCTGAAGTAA	UUACUUCAGGAUCCUUCAAGGAAUCAAAUU	0
NM_006219.3:763-792	NM_006219.3	NM_006219.3.fasta	763	792	+	30	ATTTGATTCCTTGAAGGATCCTGAAGTAAA	UUUACUUCAGGAUCCUUCAAGGAAUCAAAU	0
NM_006219.3:764-793	NM_006219.3	NM_006219.3.fasta	764	793	+	30	TTTGATTCCTTGAAGGATCCTGAAGTAAAT	AUUUACUUCAGGAUCCUUCAAGGAAUCAAA	0
NM_006219.3:765-794	NM_006219.3	NM_006219.3.fasta	765	794	+	30	TTGATTCCTTGAAGGATCCTGAAGTAAATG	CAUUUACUUCAGGAUCCUUCAAGGAAUCAA	0
NM_006219.3:766-795	NM_006219.3	NM_006219.3.fasta	766	795	+	30	TGATTCCTTGAAGGATCCTGAAGTAAATGA	UCAUUUACUUCAGGAUCCUUCAAGGAAUCA	0
NM_006219.3:767-796	NM_006219.3	NM_006219.3.fasta	767	796	+	30	GATTCCTTGAAGGATCCTGAAGTAAATGAA	UUCAUUUACUUCAGGAUCCUUCAAGGAAUC	0
NM_006219.3:768-797	NM_006219.3	NM_006219.3.fasta	768	797	+	30	ATTCCTTGAAGGATCCTGAAGTAAATGAAT	AUUCAUUUACUUCAGGAUCCUUCAAGGAAU	0
NM_006219.3:769-798	NM_006219.3	NM_006219.3.fasta	769	798	+	30	TTCCTTGAAGGATCCTGAAGTAAATGAATT	AAUUCAUUUACUUCAGGAUCCUUCAAGGAA	0
NM_006219.3:770-799	NM_006219.3	NM_006219.3.fasta	770	799	+	30	TCCTTGAAGGATCCTGAAGTAAATGAATTT	AAAUUCAUUUACUUCAGGAUCCUUCAAGGA	0
NM_006219.3:771-800	NM_006219.3	NM_006219.3.fasta	771	800	+	30	CCTTGAAGGATCCTGAAGTAAATGAATTTC	GAAAUUCAUUUACUUCAGGAUCCUUCAAGG	0
NM_006219.3:772-801	NM_006219.3	NM_006219.3.fasta	772	801	+	30	CTTGAAGGATCCTGAAGTAAATGAATTTCG	CGAAAUUCAUUUACUUCAGGAUCCUUCAAG	0
NM_006219.3:773-802	NM_006219.3	NM_006219.3.fasta	773	802	+	30	TTGAAGGATCCTGAAGTAAATGAATTTCGA	UCGAAAUUCAUUUACUUCAGGAUCCUUCAA	0
NM_006219.3:774-803	NM_006219.3	NM_006219.3.fasta	774	803	+	30	TGAAGGATCCTGAAGTAAATGAATTTCGAA	UUCGAAAUUCAUUUACUUCAGGAUCCUUCA	0
NM_006219.3:775-804	NM_006219.3	NM_006219.3.fasta	775	804	+	30	GAAGGATCCTGAAGTAAATGAATTTCGAAG	CUUCGAAAUUCAUUUACUUCAGGAUCCUUC	0
NM_006219.3:776-805	NM_006219.3	NM_006219.3.fasta	776	805	+	30	AAGGATCCTGAAGTAAATGAATTTCGAAGA	UCUUCGAAAUUCAUUUACUUCAGGAUCCUU	0
NM_006219.3:777-806	NM_006219.3	NM_006219.3.fasta	777	806	+	30	AGGATCCTGAAGTAAATGAATTTCGAAGAA	UUCUUCGAAAUUCAUUUACUUCAGGAUCCU	0
NM_006219.3:778-807	NM_006219.3	NM_006219.3.fasta	778	807	+	30	GGATCCTGAAGTAAATGAATTTCGAAGAAA	UUUCUUCGAAAUUCAUUUACUUCAGGAUCC	0
NM_006219.3:779-808	NM_006219.3	NM_006219.3.fasta	779	808	+	30	GATCCTGAAGTAAATGAATTTCGAAGAAAA	UUUUCUUCGAAAUUCAUUUACUUCAGGAUC	0
NM_006219.3:780-809	NM_006219.3	NM_006219.3.fasta	780	809	+	30	ATCCTGAAGTAAATGAATTTCGAAGAAAAA	UUUUUCUUCGAAAUUCAUUUACUUCAGGAU	0
NM_006219.3:781-810	NM_006219.3	NM_006219.3.fasta	781	810	+	30	TCCTGAAGTAAATGAATTTCGAAGAAAAAT	AUUUUUCUUCGAAAUUCAUUUACUUCAGGA	0
NM_006219.3:782-811	NM_006219.3	NM_006219.3.fasta	782	811	+	30	CCTGAAGTAAATGAATTTCGAAGAAAAATG	CAUUUUUCUUCGAAAUUCAUUUACUUCAGG	0
NM_006219.3:783-812	NM_006219.3	NM_006219.3.fasta	783	812	+	30	CTGAAGTAAATGAATTTCGAAGAAAAATGC	GCAUUUUUCUUCGAAAUUCAUUUACUUCAG	0
NM_006219.3:784-813	NM_006219.3	NM_006219.3.fasta	784	813	+	30	TGAAGTAAATGAATTTCGAAGAAAAATGCG	CGCAUUUUUCUUCGAAAUUCAUUUACUUCA	0
NM_006219.3:785-814	NM_006219.3	NM_006219.3.fasta	785	814	+	30	GAAGTAAATGAATTTCGAAGAAAAATGCGC	GCGCAUUUUUCUUCGAAAUUCAUUUACUUC	0
NM_006219.3:786-815	NM_006219.3	NM_006219.3.fasta	786	815	+	30	AAGTAAATGAATTTCGAAGAAAAATGCGCA	UGCGCAUUUUUCUUCGAAAUUCAUUUACUU	0
NM_006219.3:787-816	NM_006219.3	NM_006219.3.fasta	787	816	+	30	AGTAAATGAATTTCGAAGAAAAATGCGCAA	UUGCGCAUUUUUCUUCGAAAUUCAUUUACU	0
NM_006219.3:788-817	NM_006219.3	NM_006219.3.fasta	788	817	+	30	GTAAATGAATTTCGAAGAAAAATGCGCAAA	UUUGCGCAUUUUUCUUCGAAAUUCAUUUAC	0
NM_006219.3:789-818	NM_006219.3	NM_006219.3.fasta	789	818	+	30	TAAATGAATTTCGAAGAAAAATGCGCAAAT	AUUUGCGCAUUUUUCUUCGAAAUUCAUUUA	0
NM_006219.3:790-819	NM_006219.3	NM_006219.3.fasta	790	819	+	30	AAATGAATTTCGAAGAAAAATGCGCAAATT	AAUUUGCGCAUUUUUCUUCGAAAUUCAUUU	0
NM_006219.3:791-820	NM_006219.3	NM_006219.3.fasta	791	820	+	30	AATGAATTTCGAAGAAAAATGCGCAAATTC	GAAUUUGCGCAUUUUUCUUCGAAAUUCAUU	0
NM_006219.3:792-821	NM_006219.3	NM_006219.3.fasta	792	821	+	30	ATGAATTTCGAAGAAAAATGCGCAAATTCA	UGAAUUUGCGCAUUUUUCUUCGAAAUUCAU	0
NM_006219.3:793-822	NM_006219.3	NM_006219.3.fasta	793	822	+	30	TGAATTTCGAAGAAAAATGCGCAAATTCAG	CUGAAUUUGCGCAUUUUUCUUCGAAAUUCA	0
NM_006219.3:794-823	NM_006219.3	NM_006219.3.fasta	794	823	+	30	GAATTTCGAAGAAAAATGCGCAAATTCAGC	GCUGAAUUUGCGCAUUUUUCUUCGAAAUUC	0
NM_006219.3:795-824	NM_006219.3	NM_006219.3.fasta	795	824	+	30	AATTTCGAAGAAAAATGCGCAAATTCAGCG	CGCUGAAUUUGCGCAUUUUUCUUCGAAAUU	0
NM_006219.3:796-825	NM_006219.3	NM_006219.3.fasta	796	825	+	30	ATTTCGAAGAAAAATGCGCAAATTCAGCGA	UCGCUGAAUUUGCGCAUUUUUCUUCGAAAU	0
NM_006219.3:797-826	NM_006219.3	NM_006219.3.fasta	797	826	+	30	TTTCGAAGAAAAATGCGCAAATTCAGCGAG	CUCGCUGAAUUUGCGCAUUUUUCUUCGAAA	0
NM_006219.3:798-827	NM_006219.3	NM_006219.3.fasta	798	827	+	30	TTCGAAGAAAAATGCGCAAATTCAGCGAGG	CCUCGCUGAAUUUGCGCAUUUUUCUUCGAA	0
NM_006219.3:799-828	NM_006219.3	NM_006219.3.fasta	799	828	+	30	TCGAAGAAAAATGCGCAAATTCAGCGAGGA	UCCUCGCUGAAUUUGCGCAUUUUUCUUCGA	0
NM_006219.3:800-829	NM_006219.3	NM_006219.3.fasta	800	829	+	30	CGAAGAAAAATGCGCAAATTCAGCGAGGAA	UUCCUCGCUGAAUUUGCGCAUUUUUCUUCG	0
NM_006219.3:801-830	NM_006219.3	NM_006219.3.fasta	801	830	+	30	GAAGAAAAATGCGCAAATTCAGCGAGGAAA	UUUCCUCGCUGAAUUUGCGCAUUUUUCUUC	0
NM_006219.3:802-831	NM_006219.3	NM_006219.3.fasta	802	831	+	30	AAGAAAAATGCGCAAATTCAGCGAGGAAAA	UUUUCCUCGCUGAAUUUGCGCAUUUUUCUU	0
NM_006219.3:803-832	NM_006219.3	NM_006219.3.fasta	803	832	+	30	AGAAAAATGCGCAAATTCAGCGAGGAAAAA	UUUUUCCUCGCUGAAUUUGCGCAUUUUUCU	0
NM_006219.3:804-833	NM_006219.3	NM_006219.3.fasta	804	833	+	30	GAAAAATGCGCAAATTCAGCGAGGAAAAAA	UUUUUUCCUCGCUGAAUUUGCGCAUUUUUC	0
NM_006219.3:805-834	NM_006219.3	NM_006219.3.fasta	805	834	+	30	AAAAATGCGCAAATTCAGCGAGGAAAAAAT	AUUUUUUCCUCGCUGAAUUUGCGCAUUUUU	0
NM_006219.3:806-835	NM_006219.3	NM_006219.3.fasta	806	835	+	30	AAAATGCGCAAATTCAGCGAGGAAAAAATC	GAUUUUUUCCUCGCUGAAUUUGCGCAUUUU	0
NM_006219.3:807-836	NM_006219.3	NM_006219.3.fasta	807	836	+	30	AAATGCGCAAATTCAGCGAGGAAAAAATCC	GGAUUUUUUCCUCGCUGAAUUUGCGCAUUU	0
NM_006219.3:808-837	NM_006219.3	NM_006219.3.fasta	808	837	+	30	AATGCGCAAATTCAGCGAGGAAAAAATCCT	AGGAUUUUUUCCUCGCUGAAUUUGCGCAUU	0
NM_006219.3:809-838	NM_006219.3	NM_006219.3.fasta	809	838	+	30	ATGCGCAAATTCAGCGAGGAAAAAATCCTG	CAGGAUUUUUUCCUCGCUGAAUUUGCGCAU	0
NM_006219.3:810-839	NM_006219.3	NM_006219.3.fasta	810	839	+	30	TGCGCAAATTCAGCGAGGAAAAAATCCTGT	ACAGGAUUUUUUCCUCGCUGAAUUUGCGCA	0
NM_006219.3:811-840	NM_006219.3	NM_006219.3.fasta	811	840	+	30	GCGCAAATTCAGCGAGGAAAAAATCCTGTC	GACAGGAUUUUUUCCUCGCUGAAUUUGCGC	0
NM_006219.3:812-841	NM_006219.3	NM_006219.3.fasta	812	841	+	30	CGCAAATTCAGCGAGGAAAAAATCCTGTCA	UGACAGGAUUUUUUCCUCGCUGAAUUUGCG	0
NM_006219.3:813-842	NM_006219.3	NM_006219.3.fasta	813	842	+	30	GCAAATTCAGCGAGGAAAAAATCCTGTCAC	GUGACAGGAUUUUUUCCUCGCUGAAUUUGC	0
NM_006219.3:814-843	NM_006219.3	NM_006219.3.fasta	814	843	+	30	CAAATTCAGCGAGGAAAAAATCCTGTCACT	AGUGACAGGAUUUUUUCCUCGCUGAAUUUG	0
NM_006219.3:815-844	NM_006219.3	NM_006219.3.fasta	815	844	+	30	AAATTCAGCGAGGAAAAAATCCTGTCACTT	AAGUGACAGGAUUUUUUCCUCGCUGAAUUU	0
NM_006219.3:816-845	NM_006219.3	NM_006219.3.fasta	816	845	+	30	AATTCAGCGAGGAAAAAATCCTGTCACTTG	CAAGUGACAGGAUUUUUUCCUCGCUGAAUU	0
NM_006219.3:817-846	NM_006219.3	NM_006219.3.fasta	817	846	+	30	ATTCAGCGAGGAAAAAATCCTGTCACTTGT	ACAAGUGACAGGAUUUUUUCCUCGCUGAAU	0
NM_006219.3:818-847	NM_006219.3	NM_006219.3.fasta	818	847	+	30	TTCAGCGAGGAAAAAATCCTGTCACTTGTG	CACAAGUGACAGGAUUUUUUCCUCGCUGAA	0
NM_006219.3:819-848	NM_006219.3	NM_006219.3.fasta	819	848	+	30	TCAGCGAGGAAAAAATCCTGTCACTTGTGG	CCACAAGUGACAGGAUUUUUUCCUCGCUGA	0
NM_006219.3:820-849	NM_006219.3	NM_006219.3.fasta	820	849	+	30	CAGCGAGGAAAAAATCCTGTCACTTGTGGG	CCCACAAGUGACAGGAUUUUUUCCUCGCUG	0
NM_006219.3:821-850	NM_006219.3	NM_006219.3.fasta	821	850	+	30	AGCGAGGAAAAAATCCTGTCACTTGTGGGA	UCCCACAAGUGACAGGAUUUUUUCCUCGCU	0
NM_006219.3:822-851	NM_006219.3	NM_006219.3.fasta	822	851	+	30	GCGAGGAAAAAATCCTGTCACTTGTGGGAT	AUCCCACAAGUGACAGGAUUUUUUCCUCGC	0
NM_006219.3:823-852	NM_006219.3	NM_006219.3.fasta	823	852	+	30	CGAGGAAAAAATCCTGTCACTTGTGGGATT	AAUCCCACAAGUGACAGGAUUUUUUCCUCG	0
NM_006219.3:824-853	NM_006219.3	NM_006219.3.fasta	824	853	+	30	GAGGAAAAAATCCTGTCACTTGTGGGATTG	CAAUCCCACAAGUGACAGGAUUUUUUCCUC	0
NM_006219.3:825-854	NM_006219.3	NM_006219.3.fasta	825	854	+	30	AGGAAAAAATCCTGTCACTTGTGGGATTGT	ACAAUCCCACAAGUGACAGGAUUUUUUCCU	0
NM_006219.3:826-855	NM_006219.3	NM_006219.3.fasta	826	855	+	30	GGAAAAAATCCTGTCACTTGTGGGATTGTC	GACAAUCCCACAAGUGACAGGAUUUUUUCC	0
NM_006219.3:827-856	NM_006219.3	NM_006219.3.fasta	827	856	+	30	GAAAAAATCCTGTCACTTGTGGGATTGTCT	AGACAAUCCCACAAGUGACAGGAUUUUUUC	0
NM_006219.3:828-857	NM_006219.3	NM_006219.3.fasta	828	857	+	30	AAAAAATCCTGTCACTTGTGGGATTGTCTT	AAGACAAUCCCACAAGUGACAGGAUUUUUU	0
NM_006219.3:829-858	NM_006219.3	NM_006219.3.fasta	829	858	+	30	AAAAATCCTGTCACTTGTGGGATTGTCTTG	CAAGACAAUCCCACAAGUGACAGGAUUUUU	0
NM_006219.3:830-859	NM_006219.3	NM_006219.3.fasta	830	859	+	30	AAAATCCTGTCACTTGTGGGATTGTCTTGG	CCAAGACAAUCCCACAAGUGACAGGAUUUU	0
NM_006219.3:831-860	NM_006219.3	NM_006219.3.fasta	831	860	+	30	AAATCCTGTCACTTGTGGGATTGTCTTGGA	UCCAAGACAAUCCCACAAGUGACAGGAUUU	0
NM_006219.3:832-861	NM_006219.3	NM_006219.3.fasta	832	861	+	30	AATCCTGTCACTTGTGGGATTGTCTTGGAT	AUCCAAGACAAUCCCACAAGUGACAGGAUU	0
NM_006219.3:833-862	NM_006219.3	NM_006219.3.fasta	833	862	+	30	ATCCTGTCACTTGTGGGATTGTCTTGGATG	CAUCCAAGACAAUCCCACAAGUGACAGGAU	0
NM_006219.3:834-863	NM_006219.3	NM_006219.3.fasta	834	863	+	30	TCCTGTCACTTGTGGGATTGTCTTGGATGG	CCAUCCAAGACAAUCCCACAAGUGACAGGA	0
NM_006219.3:835-864	NM_006219.3	NM_006219.3.fasta	835	864	+	30	CCTGTCACTTGTGGGATTGTCTTGGATGGA	UCCAUCCAAGACAAUCCCACAAGUGACAGG	0
NM_006219.3:836-865	NM_006219.3	NM_006219.3.fasta	836	865	+	30	CTGTCACTTGTGGGATTGTCTTGGATGGAC	GUCCAUCCAAGACAAUCCCACAAGUGACAG	0
NM_006219.3:837-866	NM_006219.3	NM_006219.3.fasta	837	866	+	30	TGTCACTTGTGGGATTGTCTTGGATGGACT	AGUCCAUCCAAGACAAUCCCACAAGUGACA	0
NM_006219.3:838-867	NM_006219.3	NM_006219.3.fasta	838	867	+	30	GTCACTTGTGGGATTGTCTTGGATGGACTG	CAGUCCAUCCAAGACAAUCCCACAAGUGAC	0
NM_006219.3:839-868	NM_006219.3	NM_006219.3.fasta	839	868	+	30	TCACTTGTGGGATTGTCTTGGATGGACTGG	CCAGUCCAUCCAAGACAAUCCCACAAGUGA	0
NM_006219.3:840-869	NM_006219.3	NM_006219.3.fasta	840	869	+	30	CACTTGTGGGATTGTCTTGGATGGACTGGC	GCCAGUCCAUCCAAGACAAUCCCACAAGUG	0
NM_006219.3:841-870	NM_006219.3	NM_006219.3.fasta	841	870	+	30	ACTTGTGGGATTGTCTTGGATGGACTGGCT	AGCCAGUCCAUCCAAGACAAUCCCACAAGU	0
NM_006219.3:842-871	NM_006219.3	NM_006219.3.fasta	842	871	+	30	CTTGTGGGATTGTCTTGGATGGACTGGCTA	UAGCCAGUCCAUCCAAGACAAUCCCACAAG	0
NM_006219.3:843-872	NM_006219.3	NM_006219.3.fasta	843	872	+	30	TTGTGGGATTGTCTTGGATGGACTGGCTAA	UUAGCCAGUCCAUCCAAGACAAUCCCACAA	0
NM_006219.3:844-873	NM_006219.3	NM_006219.3.fasta	844	873	+	30	TGTGGGATTGTCTTGGATGGACTGGCTAAA	UUUAGCCAGUCCAUCCAAGACAAUCCCACA	0
NM_006219.3:845-874	NM_006219.3	NM_006219.3.fasta	845	874	+	30	GTGGGATTGTCTTGGATGGACTGGCTAAAA	UUUUAGCCAGUCCAUCCAAGACAAUCCCAC	0
NM_006219.3:846-875	NM_006219.3	NM_006219.3.fasta	846	875	+	30	TGGGATTGTCTTGGATGGACTGGCTAAAAC	GUUUUAGCCAGUCCAUCCAAGACAAUCCCA	0
NM_006219.3:847-876	NM_006219.3	NM_006219.3.fasta	847	876	+	30	GGGATTGTCTTGGATGGACTGGCTAAAACA	UGUUUUAGCCAGUCCAUCCAAGACAAUCCC	0
NM_006219.3:848-877	NM_006219.3	NM_006219.3.fasta	848	877	+	30	GGATTGTCTTGGATGGACTGGCTAAAACAA	UUGUUUUAGCCAGUCCAUCCAAGACAAUCC	0
NM_006219.3:849-878	NM_006219.3	NM_006219.3.fasta	849	878	+	30	GATTGTCTTGGATGGACTGGCTAAAACAAA	UUUGUUUUAGCCAGUCCAUCCAAGACAAUC	0
NM_006219.3:850-879	NM_006219.3	NM_006219.3.fasta	850	879	+	30	ATTGTCTTGGATGGACTGGCTAAAACAAAC	GUUUGUUUUAGCCAGUCCAUCCAAGACAAU	0
NM_006219.3:851-880	NM_006219.3	NM_006219.3.fasta	851	880	+	30	TTGTCTTGGATGGACTGGCTAAAACAAACA	UGUUUGUUUUAGCCAGUCCAUCCAAGACAA	0
NM_006219.3:852-881	NM_006219.3	NM_006219.3.fasta	852	881	+	30	TGTCTTGGATGGACTGGCTAAAACAAACAT	AUGUUUGUUUUAGCCAGUCCAUCCAAGACA	0
NM_006219.3:853-882	NM_006219.3	NM_006219.3.fasta	853	882	+	30	GTCTTGGATGGACTGGCTAAAACAAACATA	UAUGUUUGUUUUAGCCAGUCCAUCCAAGAC	0
NM_006219.3:854-883	NM_006219.3	NM_006219.3.fasta	854	883	+	30	TCTTGGATGGACTGGCTAAAACAAACATAT	AUAUGUUUGUUUUAGCCAGUCCAUCCAAGA	0
NM_006219.3:855-884	NM_006219.3	NM_006219.3.fasta	855	884	+	30	CTTGGATGGACTGGCTAAAACAAACATATC	GAUAUGUUUGUUUUAGCCAGUCCAUCCAAG	0
NM_006219.3:856-885	NM_006219.3	NM_006219.3.fasta	856	885	+	30	TTGGATGGACTGGCTAAAACAAACATATCC	GGAUAUGUUUGUUUUAGCCAGUCCAUCCAA	0
NM_006219.3:857-886	NM_006219.3	NM_006219.3.fasta	857	886	+	30	TGGATGGACTGGCTAAAACAAACATATCCA	UGGAUAUGUUUGUUUUAGCCAGUCCAUCCA	0
NM_006219.3:858-887	NM_006219.3	NM_006219.3.fasta	858	887	+	30	GGATGGACTGGCTAAAACAAACATATCCAC	GUGGAUAUGUUUGUUUUAGCCAGUCCAUCC	0
NM_006219.3:859-888	NM_006219.3	NM_006219.3.fasta	859	888	+	30	GATGGACTGGCTAAAACAAACATATCCACC	GGUGGAUAUGUUUGUUUUAGCCAGUCCAUC	0
NM_006219.3:860-889	NM_006219.3	NM_006219.3.fasta	860	889	+	30	ATGGACTGGCTAAAACAAACATATCCACCA	UGGUGGAUAUGUUUGUUUUAGCCAGUCCAU	0
NM_006219.3:861-890	NM_006219.3	NM_006219.3.fasta	861	890	+	30	TGGACTGGCTAAAACAAACATATCCACCAG	CUGGUGGAUAUGUUUGUUUUAGCCAGUCCA	0
NM_006219.3:862-891	NM_006219.3	NM_006219.3.fasta	862	891	+	30	GGACTGGCTAAAACAAACATATCCACCAGA	UCUGGUGGAUAUGUUUGUUUUAGCCAGUCC	0
NM_006219.3:863-892	NM_006219.3	NM_006219.3.fasta	863	892	+	30	GACTGGCTAAAACAAACATATCCACCAGAG	CUCUGGUGGAUAUGUUUGUUUUAGCCAGUC	0
NM_006219.3:864-893	NM_006219.3	NM_006219.3.fasta	864	893	+	30	ACTGGCTAAAACAAACATATCCACCAGAGC	GCUCUGGUGGAUAUGUUUGUUUUAGCCAGU	0
NM_006219.3:865-894	NM_006219.3	NM_006219.3.fasta	865	894	+	30	CTGGCTAAAACAAACATATCCACCAGAGCA	UGCUCUGGUGGAUAUGUUUGUUUUAGCCAG	0
NM_006219.3:866-895	NM_006219.3	NM_006219.3.fasta	866	895	+	30	TGGCTAAAACAAACATATCCACCAGAGCAT	AUGCUCUGGUGGAUAUGUUUGUUUUAGCCA	0
NM_006219.3:867-896	NM_006219.3	NM_006219.3.fasta	867	896	+	30	GGCTAAAACAAACATATCCACCAGAGCATG	CAUGCUCUGGUGGAUAUGUUUGUUUUAGCC	0
NM_006219.3:868-897	NM_006219.3	NM_006219.3.fasta	868	897	+	30	GCTAAAACAAACATATCCACCAGAGCATGA	UCAUGCUCUGGUGGAUAUGUUUGUUUUAGC	0
NM_006219.3:869-898	NM_006219.3	NM_006219.3.fasta	869	898	+	30	CTAAAACAAACATATCCACCAGAGCATGAA	UUCAUGCUCUGGUGGAUAUGUUUGUUUUAG	0
NM_006219.3:870-899	NM_006219.3	NM_006219.3.fasta	870	899	+	30	TAAAACAAACATATCCACCAGAGCATGAAC	GUUCAUGCUCUGGUGGAUAUGUUUGUUUUA	0
NM_006219.3:871-900	NM_006219.3	NM_006219.3.fasta	871	900	+	30	AAAACAAACATATCCACCAGAGCATGAACC	GGUUCAUGCUCUGGUGGAUAUGUUUGUUUU	0
NM_006219.3:872-901	NM_006219.3	NM_006219.3.fasta	872	901	+	30	AAACAAACATATCCACCAGAGCATGAACCA	UGGUUCAUGCUCUGGUGGAUAUGUUUGUUU	0
NM_006219.3:873-902	NM_006219.3	NM_006219.3.fasta	873	902	+	30	AACAAACATATCCACCAGAGCATGAACCAT	AUGGUUCAUGCUCUGGUGGAUAUGUUUGUU	0
NM_006219.3:874-903	NM_006219.3	NM_006219.3.fasta	874	903	+	30	ACAAACATATCCACCAGAGCATGAACCATC	GAUGGUUCAUGCUCUGGUGGAUAUGUUUGU	0
NM_006219.3:875-904	NM_006219.3	NM_006219.3.fasta	875	904	+	30	CAAACATATCCACCAGAGCATGAACCATCC	GGAUGGUUCAUGCUCUGGUGGAUAUGUUUG	0
NM_006219.3:876-905	NM_006219.3	NM_006219.3.fasta	876	905	+	30	AAACATATCCACCAGAGCATGAACCATCCA	UGGAUGGUUCAUGCUCUGGUGGAUAUGUUU	0
NM_006219.3:877-906	NM_006219.3	NM_006219.3.fasta	877	906	+	30	AACATATCCACCAGAGCATGAACCATCCAT	AUGGAUGGUUCAUGCUCUGGUGGAUAUGUU	0
NM_006219.3:878-907	NM_006219.3	NM_006219.3.fasta	878	907	+	30	ACATATCCACCAGAGCATGAACCATCCATC	GAUGGAUGGUUCAUGCUCUGGUGGAUAUGU	0
NM_006219.3:879-908	NM_006219.3	NM_006219.3.fasta	879	908	+	30	CATATCCACCAGAGCATGAACCATCCATCC	GGAUGGAUGGUUCAUGCUCUGGUGGAUAUG	0
NM_006219.3:880-909	NM_006219.3	NM_006219.3.fasta	880	909	+	30	ATATCCACCAGAGCATGAACCATCCATCCC	GGGAUGGAUGGUUCAUGCUCUGGUGGAUAU	0
NM_006219.3:881-910	NM_006219.3	NM_006219.3.fasta	881	910	+	30	TATCCACCAGAGCATGAACCATCCATCCCT	AGGGAUGGAUGGUUCAUGCUCUGGUGGAUA	0
NM_006219.3:882-911	NM_006219.3	NM_006219.3.fasta	882	911	+	30	ATCCACCAGAGCATGAACCATCCATCCCTG	CAGGGAUGGAUGGUUCAUGCUCUGGUGGAU	0
NM_006219.3:883-912	NM_006219.3	NM_006219.3.fasta	883	912	+	30	TCCACCAGAGCATGAACCATCCATCCCTGA	UCAGGGAUGGAUGGUUCAUGCUCUGGUGGA	0
NM_006219.3:884-913	NM_006219.3	NM_006219.3.fasta	884	913	+	30	CCACCAGAGCATGAACCATCCATCCCTGAA	UUCAGGGAUGGAUGGUUCAUGCUCUGGUGG	0
NM_006219.3:885-914	NM_006219.3	NM_006219.3.fasta	885	914	+	30	CACCAGAGCATGAACCATCCATCCCTGAAA	UUUCAGGGAUGGAUGGUUCAUGCUCUGGUG	0
NM_006219.3:886-915	NM_006219.3	NM_006219.3.fasta	886	915	+	30	ACCAGAGCATGAACCATCCATCCCTGAAAA	UUUUCAGGGAUGGAUGGUUCAUGCUCUGGU	0
NM_006219.3:887-916	NM_006219.3	NM_006219.3.fasta	887	916	+	30	CCAGAGCATGAACCATCCATCCCTGAAAAC	GUUUUCAGGGAUGGAUGGUUCAUGCUCUGG	0
NM_006219.3:888-917	NM_006219.3	NM_006219.3.fasta	888	917	+	30	CAGAGCATGAACCATCCATCCCTGAAAACT	AGUUUUCAGGGAUGGAUGGUUCAUGCUCUG	0
NM_006219.3:889-918	NM_006219.3	NM_006219.3.fasta	889	918	+	30	AGAGCATGAACCATCCATCCCTGAAAACTT	AAGUUUUCAGGGAUGGAUGGUUCAUGCUCU	0
NM_006219.3:890-919	NM_006219.3	NM_006219.3.fasta	890	919	+	30	GAGCATGAACCATCCATCCCTGAAAACTTA	UAAGUUUUCAGGGAUGGAUGGUUCAUGCUC	0
NM_006219.3:891-920	NM_006219.3	NM_006219.3.fasta	891	920	+	30	AGCATGAACCATCCATCCCTGAAAACTTAG	CUAAGUUUUCAGGGAUGGAUGGUUCAUGCU	0
NM_006219.3:892-921	NM_006219.3	NM_006219.3.fasta	892	921	+	30	GCATGAACCATCCATCCCTGAAAACTTAGA	UCUAAGUUUUCAGGGAUGGAUGGUUCAUGC	0
NM_006219.3:893-922	NM_006219.3	NM_006219.3.fasta	893	922	+	30	CATGAACCATCCATCCCTGAAAACTTAGAA	UUCUAAGUUUUCAGGGAUGGAUGGUUCAUG	0
NM_006219.3:894-923	NM_006219.3	NM_006219.3.fasta	894	923	+	30	ATGAACCATCCATCCCTGAAAACTTAGAAG	CUUCUAAGUUUUCAGGGAUGGAUGGUUCAU	0
NM_006219.3:895-924	NM_006219.3	NM_006219.3.fasta	895	924	+	30	TGAACCATCCATCCCTGAAAACTTAGAAGA	UCUUCUAAGUUUUCAGGGAUGGAUGGUUCA	0
NM_006219.3:896-925	NM_006219.3	NM_006219.3.fasta	896	925	+	30	GAACCATCCATCCCTGAAAACTTAGAAGAT	AUCUUCUAAGUUUUCAGGGAUGGAUGGUUC	0
NM_006219.3:897-926	NM_006219.3	NM_006219.3.fasta	897	926	+	30	AACCATCCATCCCTGAAAACTTAGAAGATA	UAUCUUCUAAGUUUUCAGGGAUGGAUGGUU	0
NM_006219.3:898-927	NM_006219.3	NM_006219.3.fasta	898	927	+	30	ACCATCCATCCCTGAAAACTTAGAAGATAA	UUAUCUUCUAAGUUUUCAGGGAUGGAUGGU	0
NM_006219.3:899-928	NM_006219.3	NM_006219.3.fasta	899	928	+	30	CCATCCATCCCTGAAAACTTAGAAGATAAA	UUUAUCUUCUAAGUUUUCAGGGAUGGAUGG	0
NM_006219.3:900-929	NM_006219.3	NM_006219.3.fasta	900	929	+	30	CATCCATCCCTGAAAACTTAGAAGATAAAC	GUUUAUCUUCUAAGUUUUCAGGGAUGGAUG	0
NM_006219.3:901-930	NM_006219.3	NM_006219.3.fasta	901	930	+	30	ATCCATCCCTGAAAACTTAGAAGATAAACT	AGUUUAUCUUCUAAGUUUUCAGGGAUGGAU	0
NM_006219.3:902-931	NM_006219.3	NM_006219.3.fasta	902	931	+	30	TCCATCCCTGAAAACTTAGAAGATAAACTT	AAGUUUAUCUUCUAAGUUUUCAGGGAUGGA	0
NM_006219.3:903-932	NM_006219.3	NM_006219.3.fasta	903	932	+	30	CCATCCCTGAAAACTTAGAAGATAAACTTT	AAAGUUUAUCUUCUAAGUUUUCAGGGAUGG	0
NM_006219.3:904-933	NM_006219.3	NM_006219.3.fasta	904	933	+	30	CATCCCTGAAAACTTAGAAGATAAACTTTA	UAAAGUUUAUCUUCUAAGUUUUCAGGGAUG	0
NM_006219.3:905-934	NM_006219.3	NM_006219.3.fasta	905	934	+	30	ATCCCTGAAAACTTAGAAGATAAACTTTAT	AUAAAGUUUAUCUUCUAAGUUUUCAGGGAU	0
NM_006219.3:906-935	NM_006219.3	NM_006219.3.fasta	906	935	+	30	TCCCTGAAAACTTAGAAGATAAACTTTATG	CAUAAAGUUUAUCUUCUAAGUUUUCAGGGA	0
NM_006219.3:907-936	NM_006219.3	NM_006219.3.fasta	907	936	+	30	CCCTGAAAACTTAGAAGATAAACTTTATGG	CCAUAAAGUUUAUCUUCUAAGUUUUCAGGG	0
NM_006219.3:908-937	NM_006219.3	NM_006219.3.fasta	908	937	+	30	CCTGAAAACTTAGAAGATAAACTTTATGGG	CCCAUAAAGUUUAUCUUCUAAGUUUUCAGG	0
NM_006219.3:909-938	NM_006219.3	NM_006219.3.fasta	909	938	+	30	CTGAAAACTTAGAAGATAAACTTTATGGGG	CCCCAUAAAGUUUAUCUUCUAAGUUUUCAG	0
NM_006219.3:910-939	NM_006219.3	NM_006219.3.fasta	910	939	+	30	TGAAAACTTAGAAGATAAACTTTATGGGGG	CCCCCAUAAAGUUUAUCUUCUAAGUUUUCA	0
NM_006219.3:911-940	NM_006219.3	NM_006219.3.fasta	911	940	+	30	GAAAACTTAGAAGATAAACTTTATGGGGGA	UCCCCCAUAAAGUUUAUCUUCUAAGUUUUC	0
NM_006219.3:912-941	NM_006219.3	NM_006219.3.fasta	912	941	+	30	AAAACTTAGAAGATAAACTTTATGGGGGAA	UUCCCCCAUAAAGUUUAUCUUCUAAGUUUU	0
NM_006219.3:913-942	NM_006219.3	NM_006219.3.fasta	913	942	+	30	AAACTTAGAAGATAAACTTTATGGGGGAAA	UUUCCCCCAUAAAGUUUAUCUUCUAAGUUU	0
NM_006219.3:914-943	NM_006219.3	NM_006219.3.fasta	914	943	+	30	AACTTAGAAGATAAACTTTATGGGGGAAAG	CUUUCCCCCAUAAAGUUUAUCUUCUAAGUU	0
NM_006219.3:915-944	NM_006219.3	NM_006219.3.fasta	915	944	+	30	ACTTAGAAGATAAACTTTATGGGGGAAAGC	GCUUUCCCCCAUAAAGUUUAUCUUCUAAGU	0
NM_006219.3:916-945	NM_006219.3	NM_006219.3.fasta	916	945	+	30	CTTAGAAGATAAACTTTATGGGGGAAAGCT	AGCUUUCCCCCAUAAAGUUUAUCUUCUAAG	0
NM_006219.3:917-946	NM_006219.3	NM_006219.3.fasta	917	946	+	30	TTAGAAGATAAACTTTATGGGGGAAAGCTC	GAGCUUUCCCCCAUAAAGUUUAUCUUCUAA	0
NM_006219.3:918-947	NM_006219.3	NM_006219.3.fasta	918	947	+	30	TAGAAGATAAACTTTATGGGGGAAAGCTCA	UGAGCUUUCCCCCAUAAAGUUUAUCUUCUA	0
NM_006219.3:919-948	NM_006219.3	NM_006219.3.fasta	919	948	+	30	AGAAGATAAACTTTATGGGGGAAAGCTCAT	AUGAGCUUUCCCCCAUAAAGUUUAUCUUCU	0
NM_006219.3:920-949	NM_006219.3	NM_006219.3.fasta	920	949	+	30	GAAGATAAACTTTATGGGGGAAAGCTCATC	GAUGAGCUUUCCCCCAUAAAGUUUAUCUUC	0
NM_006219.3:921-950	NM_006219.3	NM_006219.3.fasta	921	950	+	30	AAGATAAACTTTATGGGGGAAAGCTCATCG	CGAUGAGCUUUCCCCCAUAAAGUUUAUCUU	0
NM_006219.3:922-951	NM_006219.3	NM_006219.3.fasta	922	951	+	30	AGATAAACTTTATGGGGGAAAGCTCATCGT	ACGAUGAGCUUUCCCCCAUAAAGUUUAUCU	0
NM_006219.3:923-952	NM_006219.3	NM_006219.3.fasta	923	952	+	30	GATAAACTTTATGGGGGAAAGCTCATCGTA	UACGAUGAGCUUUCCCCCAUAAAGUUUAUC	0
NM_006219.3:924-953	NM_006219.3	NM_006219.3.fasta	924	953	+	30	ATAAACTTTATGGGGGAAAGCTCATCGTAG	CUACGAUGAGCUUUCCCCCAUAAAGUUUAU	0
NM_006219.3:925-954	NM_006219.3	NM_006219.3.fasta	925	954	+	30	TAAACTTTATGGGGGAAAGCTCATCGTAGC	GCUACGAUGAGCUUUCCCCCAUAAAGUUUA	0
NM_006219.3:926-955	NM_006219.3	NM_006219.3.fasta	926	955	+	30	AAACTTTATGGGGGAAAGCTCATCGTAGCT	AGCUACGAUGAGCUUUCCCCCAUAAAGUUU	0
NM_006219.3:927-956	NM_006219.3	NM_006219.3.fasta	927	956	+	30	AACTTTATGGGGGAAAGCTCATCGTAGCTG	CAGCUACGAUGAGCUUUCCCCCAUAAAGUU	0
NM_006219.3:928-957	NM_006219.3	NM_006219.3.fasta	928	957	+	30	ACTTTATGGGGGAAAGCTCATCGTAGCTGT	ACAGCUACGAUGAGCUUUCCCCCAUAAAGU	0
NM_006219.3:929-958	NM_006219.3	NM_006219.3.fasta	929	958	+	30	CTTTATGGGGGAAAGCTCATCGTAGCTGTT	AACAGCUACGAUGAGCUUUCCCCCAUAAAG	0
NM_006219.3:930-959	NM_006219.3	NM_006219.3.fasta	930	959	+	30	TTTATGGGGGAAAGCTCATCGTAGCTGTTC	GAACAGCUACGAUGAGCUUUCCCCCAUAAA	0
NM_006219.3:931-960	NM_006219.3	NM_006219.3.fasta	931	960	+	30	TTATGGGGGAAAGCTCATCGTAGCTGTTCA	UGAACAGCUACGAUGAGCUUUCCCCCAUAA	0
NM_006219.3:932-961	NM_006219.3	NM_006219.3.fasta	932	961	+	30	TATGGGGGAAAGCTCATCGTAGCTGTTCAT	AUGAACAGCUACGAUGAGCUUUCCCCCAUA	0
NM_006219.3:933-962	NM_006219.3	NM_006219.3.fasta	933	962	+	30	ATGGGGGAAAGCTCATCGTAGCTGTTCATT	AAUGAACAGCUACGAUGAGCUUUCCCCCAU	0
NM_006219.3:934-963	NM_006219.3	NM_006219.3.fasta	934	963	+	30	TGGGGGAAAGCTCATCGTAGCTGTTCATTT	AAAUGAACAGCUACGAUGAGCUUUCCCCCA	0
NM_006219.3:935-964	NM_006219.3	NM_006219.3.fasta	935	964	+	30	GGGGGAAAGCTCATCGTAGCTGTTCATTTT	AAAAUGAACAGCUACGAUGAGCUUUCCCCC	0
NM_006219.3:936-965	NM_006219.3	NM_006219.3.fasta	936	965	+	30	GGGGAAAGCTCATCGTAGCTGTTCATTTTG	CAAAAUGAACAGCUACGAUGAGCUUUCCCC	0
NM_006219.3:937-966	NM_006219.3	NM_006219.3.fasta	937	966	+	30	GGGAAAGCTCATCGTAGCTGTTCATTTTGA	UCAAAAUGAACAGCUACGAUGAGCUUUCCC	0
NM_006219.3:938-967	NM_006219.3	NM_006219.3.fasta	938	967	+	30	GGAAAGCTCATCGTAGCTGTTCATTTTGAA	UUCAAAAUGAACAGCUACGAUGAGCUUUCC	0
NM_006219.3:939-968	NM_006219.3	NM_006219.3.fasta	939	968	+	30	GAAAGCTCATCGTAGCTGTTCATTTTGAAA	UUUCAAAAUGAACAGCUACGAUGAGCUUUC	0
NM_006219.3:940-969	NM_006219.3	NM_006219.3.fasta	940	969	+	30	AAAGCTCATCGTAGCTGTTCATTTTGAAAA	UUUUCAAAAUGAACAGCUACGAUGAGCUUU	0
NM_006219.3:941-970	NM_006219.3	NM_006219.3.fasta	941	970	+	30	AAGCTCATCGTAGCTGTTCATTTTGAAAAC	GUUUUCAAAAUGAACAGCUACGAUGAGCUU	0
NM_006219.3:942-971	NM_006219.3	NM_006219.3.fasta	942	971	+	30	AGCTCATCGTAGCTGTTCATTTTGAAAACT	AGUUUUCAAAAUGAACAGCUACGAUGAGCU	0
NM_006219.3:943-972	NM_006219.3	NM_006219.3.fasta	943	972	+	30	GCTCATCGTAGCTGTTCATTTTGAAAACTG	CAGUUUUCAAAAUGAACAGCUACGAUGAGC	0
NM_006219.3:944-973	NM_006219.3	NM_006219.3.fasta	944	973	+	30	CTCATCGTAGCTGTTCATTTTGAAAACTGC	GCAGUUUUCAAAAUGAACAGCUACGAUGAG	0
NM_006219.3:945-974	NM_006219.3	NM_006219.3.fasta	945	974	+	30	TCATCGTAGCTGTTCATTTTGAAAACTGCC	GGCAGUUUUCAAAAUGAACAGCUACGAUGA	0
NM_006219.3:946-975	NM_006219.3	NM_006219.3.fasta	946	975	+	30	CATCGTAGCTGTTCATTTTGAAAACTGCCA	UGGCAGUUUUCAAAAUGAACAGCUACGAUG	0
NM_006219.3:947-976	NM_006219.3	NM_006219.3.fasta	947	976	+	30	ATCGTAGCTGTTCATTTTGAAAACTGCCAG	CUGGCAGUUUUCAAAAUGAACAGCUACGAU	0
NM_006219.3:948-977	NM_006219.3	NM_006219.3.fasta	948	977	+	30	TCGTAGCTGTTCATTTTGAAAACTGCCAGG	CCUGGCAGUUUUCAAAAUGAACAGCUACGA	0
NM_006219.3:949-978	NM_006219.3	NM_006219.3.fasta	949	978	+	30	CGTAGCTGTTCATTTTGAAAACTGCCAGGA	UCCUGGCAGUUUUCAAAAUGAACAGCUACG	0
NM_006219.3:950-979	NM_006219.3	NM_006219.3.fasta	950	979	+	30	GTAGCTGTTCATTTTGAAAACTGCCAGGAC	GUCCUGGCAGUUUUCAAAAUGAACAGCUAC	0
NM_006219.3:951-980	NM_006219.3	NM_006219.3.fasta	951	980	+	30	TAGCTGTTCATTTTGAAAACTGCCAGGACG	CGUCCUGGCAGUUUUCAAAAUGAACAGCUA	0
NM_006219.3:952-981	NM_006219.3	NM_006219.3.fasta	952	981	+	30	AGCTGTTCATTTTGAAAACTGCCAGGACGT	ACGUCCUGGCAGUUUUCAAAAUGAACAGCU	0
NM_006219.3:953-982	NM_006219.3	NM_006219.3.fasta	953	982	+	30	GCTGTTCATTTTGAAAACTGCCAGGACGTG	CACGUCCUGGCAGUUUUCAAAAUGAACAGC	0
NM_006219.3:954-983	NM_006219.3	NM_006219.3.fasta	954	983	+	30	CTGTTCATTTTGAAAACTGCCAGGACGTGT	ACACGUCCUGGCAGUUUUCAAAAUGAACAG	0
NM_006219.3:955-984	NM_006219.3	NM_006219.3.fasta	955	984	+	30	TGTTCATTTTGAAAACTGCCAGGACGTGTT	AACACGUCCUGGCAGUUUUCAAAAUGAACA	0
NM_006219.3:956-985	NM_006219.3	NM_006219.3.fasta	956	985	+	30	GTTCATTTTGAAAACTGCCAGGACGTGTTT	AAACACGUCCUGGCAGUUUUCAAAAUGAAC	0
NM_006219.3:957-986	NM_006219.3	NM_006219.3.fasta	957	986	+	30	TTCATTTTGAAAACTGCCAGGACGTGTTTA	UAAACACGUCCUGGCAGUUUUCAAAAUGAA	0
NM_006219.3:958-987	NM_006219.3	NM_006219.3.fasta	958	987	+	30	TCATTTTGAAAACTGCCAGGACGTGTTTAG	CUAAACACGUCCUGGCAGUUUUCAAAAUGA	0
NM_006219.3:959-988	NM_006219.3	NM_006219.3.fasta	959	988	+	30	CATTTTGAAAACTGCCAGGACGTGTTTAGC	GCUAAACACGUCCUGGCAGUUUUCAAAAUG	0
NM_006219.3:960-989	NM_006219.3	NM_006219.3.fasta	960	989	+	30	ATTTTGAAAACTGCCAGGACGTGTTTAGCT	AGCUAAACACGUCCUGGCAGUUUUCAAAAU	0
NM_006219.3:961-990	NM_006219.3	NM_006219.3.fasta	961	990	+	30	TTTTGAAAACTGCCAGGACGTGTTTAGCTT	AAGCUAAACACGUCCUGGCAGUUUUCAAAA	0
NM_006219.3:962-991	NM_006219.3	NM_006219.3.fasta	962	991	+	30	TTTGAAAACTGCCAGGACGTGTTTAGCTTT	AAAGCUAAACACGUCCUGGCAGUUUUCAAA	0
NM_006219.3:963-992	NM_006219.3	NM_006219.3.fasta	963	992	+	30	TTGAAAACTGCCAGGACGTGTTTAGCTTTC	GAAAGCUAAACACGUCCUGGCAGUUUUCAA	0
NM_006219.3:964-993	NM_006219.3	NM_006219.3.fasta	964	993	+	30	TGAAAACTGCCAGGACGTGTTTAGCTTTCA	UGAAAGCUAAACACGUCCUGGCAGUUUUCA	0
NM_006219.3:965-994	NM_006219.3	NM_006219.3.fasta	965	994	+	30	GAAAACTGCCAGGACGTGTTTAGCTTTCAA	UUGAAAGCUAAACACGUCCUGGCAGUUUUC	0
NM_006219.3:966-995	NM_006219.3	NM_006219.3.fasta	966	995	+	30	AAAACTGCCAGGACGTGTTTAGCTTTCAAG	CUUGAAAGCUAAACACGUCCUGGCAGUUUU	0
NM_006219.3:967-996	NM_006219.3	NM_006219.3.fasta	967	996	+	30	AAACTGCCAGGACGTGTTTAGCTTTCAAGT	ACUUGAAAGCUAAACACGUCCUGGCAGUUU	0
NM_006219.3:968-997	NM_006219.3	NM_006219.3.fasta	968	997	+	30	AACTGCCAGGACGTGTTTAGCTTTCAAGTG	CACUUGAAAGCUAAACACGUCCUGGCAGUU	0
NM_006219.3:969-998	NM_006219.3	NM_006219.3.fasta	969	998	+	30	ACTGCCAGGACGTGTTTAGCTTTCAAGTGT	ACACUUGAAAGCUAAACACGUCCUGGCAGU	0
NM_006219.3:970-999	NM_006219.3	NM_006219.3.fasta	970	999	+	30	CTGCCAGGACGTGTTTAGCTTTCAAGTGTC	GACACUUGAAAGCUAAACACGUCCUGGCAG	0
NM_006219.3:971-1000	NM_006219.3	NM_006219.3.fasta	971	1000	+	30	TGCCAGGACGTGTTTAGCTTTCAAGTGTCT	AGACACUUGAAAGCUAAACACGUCCUGGCA	0
NM_006219.3:972-1001	NM_006219.3	NM_006219.3.fasta	972	1001	+	30	GCCAGGACGTGTTTAGCTTTCAAGTGTCTC	GAGACACUUGAAAGCUAAACACGUCCUGGC	0
NM_006219.3:973-1002	NM_006219.3	NM_006219.3.fasta	973	1002	+	30	CCAGGACGTGTTTAGCTTTCAAGTGTCTCC	GGAGACACUUGAAAGCUAAACACGUCCUGG	0
NM_006219.3:974-1003	NM_006219.3	NM_006219.3.fasta	974	1003	+	30	CAGGACGTGTTTAGCTTTCAAGTGTCTCCT	AGGAGACACUUGAAAGCUAAACACGUCCUG	0
NM_006219.3:975-1004	NM_006219.3	NM_006219.3.fasta	975	1004	+	30	AGGACGTGTTTAGCTTTCAAGTGTCTCCTA	UAGGAGACACUUGAAAGCUAAACACGUCCU	0
NM_006219.3:976-1005	NM_006219.3	NM_006219.3.fasta	976	1005	+	30	GGACGTGTTTAGCTTTCAAGTGTCTCCTAA	UUAGGAGACACUUGAAAGCUAAACACGUCC	0
NM_006219.3:977-1006	NM_006219.3	NM_006219.3.fasta	977	1006	+	30	GACGTGTTTAGCTTTCAAGTGTCTCCTAAT	AUUAGGAGACACUUGAAAGCUAAACACGUC	0
NM_006219.3:978-1007	NM_006219.3	NM_006219.3.fasta	978	1007	+	30	ACGTGTTTAGCTTTCAAGTGTCTCCTAATA	UAUUAGGAGACACUUGAAAGCUAAACACGU	0
NM_006219.3:979-1008	NM_006219.3	NM_006219.3.fasta	979	1008	+	30	CGTGTTTAGCTTTCAAGTGTCTCCTAATAT	AUAUUAGGAGACACUUGAAAGCUAAACACG	0
NM_006219.3:980-1009	NM_006219.3	NM_006219.3.fasta	980	1009	+	30	GTGTTTAGCTTTCAAGTGTCTCCTAATATG	CAUAUUAGGAGACACUUGAAAGCUAAACAC	0
NM_006219.3:981-1010	NM_006219.3	NM_006219.3.fasta	981	1010	+	30	TGTTTAGCTTTCAAGTGTCTCCTAATATGA	UCAUAUUAGGAGACACUUGAAAGCUAAACA	0
NM_006219.3:982-1011	NM_006219.3	NM_006219.3.fasta	982	1011	+	30	GTTTAGCTTTCAAGTGTCTCCTAATATGAA	UUCAUAUUAGGAGACACUUGAAAGCUAAAC	0
NM_006219.3:983-1012	NM_006219.3	NM_006219.3.fasta	983	1012	+	30	TTTAGCTTTCAAGTGTCTCCTAATATGAAT	AUUCAUAUUAGGAGACACUUGAAAGCUAAA	0
NM_006219.3:984-1013	NM_006219.3	NM_006219.3.fasta	984	1013	+	30	TTAGCTTTCAAGTGTCTCCTAATATGAATC	GAUUCAUAUUAGGAGACACUUGAAAGCUAA	0
NM_006219.3:985-1014	NM_006219.3	NM_006219.3.fasta	985	1014	+	30	TAGCTTTCAAGTGTCTCCTAATATGAATCC	GGAUUCAUAUUAGGAGACACUUGAAAGCUA	0
NM_006219.3:986-1015	NM_006219.3	NM_006219.3.fasta	986	1015	+	30	AGCTTTCAAGTGTCTCCTAATATGAATCCT	AGGAUUCAUAUUAGGAGACACUUGAAAGCU	0
NM_006219.3:987-1016	NM_006219.3	NM_006219.3.fasta	987	1016	+	30	GCTTTCAAGTGTCTCCTAATATGAATCCTA	UAGGAUUCAUAUUAGGAGACACUUGAAAGC	0
NM_006219.3:988-1017	NM_006219.3	NM_006219.3.fasta	988	1017	+	30	CTTTCAAGTGTCTCCTAATATGAATCCTAT	AUAGGAUUCAUAUUAGGAGACACUUGAAAG	0
NM_006219.3:989-1018	NM_006219.3	NM_006219.3.fasta	989	1018	+	30	TTTCAAGTGTCTCCTAATATGAATCCTATC	GAUAGGAUUCAUAUUAGGAGACACUUGAAA	0
NM_006219.3:990-1019	NM_006219.3	NM_006219.3.fasta	990	1019	+	30	TTCAAGTGTCTCCTAATATGAATCCTATCA	UGAUAGGAUUCAUAUUAGGAGACACUUGAA	0
NM_006219.3:991-1020	NM_006219.3	NM_006219.3.fasta	991	1020	+	30	TCAAGTGTCTCCTAATATGAATCCTATCAA	UUGAUAGGAUUCAUAUUAGGAGACACUUGA	0
NM_006219.3:992-1021	NM_006219.3	NM_006219.3.fasta	992	1021	+	30	CAAGTGTCTCCTAATATGAATCCTATCAAA	UUUGAUAGGAUUCAUAUUAGGAGACACUUG	0
NM_006219.3:993-1022	NM_006219.3	NM_006219.3.fasta	993	1022	+	30	AAGTGTCTCCTAATATGAATCCTATCAAAG	CUUUGAUAGGAUUCAUAUUAGGAGACACUU	0
NM_006219.3:994-1023	NM_006219.3	NM_006219.3.fasta	994	1023	+	30	AGTGTCTCCTAATATGAATCCTATCAAAGT	ACUUUGAUAGGAUUCAUAUUAGGAGACACU	0
NM_006219.3:995-1024	NM_006219.3	NM_006219.3.fasta	995	1024	+	30	GTGTCTCCTAATATGAATCCTATCAAAGTA	UACUUUGAUAGGAUUCAUAUUAGGAGACAC	0
NM_006219.3:996-1025	NM_006219.3	NM_006219.3.fasta	996	1025	+	30	TGTCTCCTAATATGAATCCTATCAAAGTAA	UUACUUUGAUAGGAUUCAUAUUAGGAGACA	0
NM_006219.3:997-1026	NM_006219.3	NM_006219.3.fasta	997	1026	+	30	GTCTCCTAATATGAATCCTATCAAAGTAAA	UUUACUUUGAUAGGAUUCAUAUUAGGAGAC	0
NM_006219.3:998-1027	NM_006219.3	NM_006219.3.fasta	998	1027	+	30	TCTCCTAATATGAATCCTATCAAAGTAAAT	AUUUACUUUGAUAGGAUUCAUAUUAGGAGA	0
NM_006219.3:999-1028	NM_006219.3	NM_006219.3.fasta	999	1028	+	30	CTCCTAATATGAATCCTATCAAAGTAAATG	CAUUUACUUUGAUAGGAUUCAUAUUAGGAG	0
NM_006219.3:1000-1029	NM_006219.3	NM_006219.3.fasta	1000	1029	+	30	TCCTAATATGAATCCTATCAAAGTAAATGA	UCAUUUACUUUGAUAGGAUUCAUAUUAGGA	0
NM_006219.3:1001-1030	NM_006219.3	NM_006219.3.fasta	1001	1030	+	30	CCTAATATGAATCCTATCAAAGTAAATGAA	UUCAUUUACUUUGAUAGGAUUCAUAUUAGG	0
NM_006219.3:1002-1031	NM_006219.3	NM_006219.3.fasta	1002	1031	+	30	CTAATATGAATCCTATCAAAGTAAATGAAT	AUUCAUUUACUUUGAUAGGAUUCAUAUUAG	0
NM_006219.3:1003-1032	NM_006219.3	NM_006219.3.fasta	1003	1032	+	30	TAATATGAATCCTATCAAAGTAAATGAATT	AAUUCAUUUACUUUGAUAGGAUUCAUAUUA	0
NM_006219.3:1004-1033	NM_006219.3	NM_006219.3.fasta	1004	1033	+	30	AATATGAATCCTATCAAAGTAAATGAATTG	CAAUUCAUUUACUUUGAUAGGAUUCAUAUU	0
NM_006219.3:1005-1034	NM_006219.3	NM_006219.3.fasta	1005	1034	+	30	ATATGAATCCTATCAAAGTAAATGAATTGG	CCAAUUCAUUUACUUUGAUAGGAUUCAUAU	0
NM_006219.3:1006-1035	NM_006219.3	NM_006219.3.fasta	1006	1035	+	30	TATGAATCCTATCAAAGTAAATGAATTGGC	GCCAAUUCAUUUACUUUGAUAGGAUUCAUA	0
NM_006219.3:1007-1036	NM_006219.3	NM_006219.3.fasta	1007	1036	+	30	ATGAATCCTATCAAAGTAAATGAATTGGCA	UGCCAAUUCAUUUACUUUGAUAGGAUUCAU	0
NM_006219.3:1008-1037	NM_006219.3	NM_006219.3.fasta	1008	1037	+	30	TGAATCCTATCAAAGTAAATGAATTGGCAA	UUGCCAAUUCAUUUACUUUGAUAGGAUUCA	0
NM_006219.3:1009-1038	NM_006219.3	NM_006219.3.fasta	1009	1038	+	30	GAATCCTATCAAAGTAAATGAATTGGCAAT	AUUGCCAAUUCAUUUACUUUGAUAGGAUUC	0
NM_006219.3:1010-1039	NM_006219.3	NM_006219.3.fasta	1010	1039	+	30	AATCCTATCAAAGTAAATGAATTGGCAATC	GAUUGCCAAUUCAUUUACUUUGAUAGGAUU	0
NM_006219.3:1011-1040	NM_006219.3	NM_006219.3.fasta	1011	1040	+	30	ATCCTATCAAAGTAAATGAATTGGCAATCC	GGAUUGCCAAUUCAUUUACUUUGAUAGGAU	0
NM_006219.3:1012-1041	NM_006219.3	NM_006219.3.fasta	1012	1041	+	30	TCCTATCAAAGTAAATGAATTGGCAATCCA	UGGAUUGCCAAUUCAUUUACUUUGAUAGGA	0
NM_006219.3:1013-1042	NM_006219.3	NM_006219.3.fasta	1013	1042	+	30	CCTATCAAAGTAAATGAATTGGCAATCCAA	UUGGAUUGCCAAUUCAUUUACUUUGAUAGG	0
NM_006219.3:1014-1043	NM_006219.3	NM_006219.3.fasta	1014	1043	+	30	CTATCAAAGTAAATGAATTGGCAATCCAAA	UUUGGAUUGCCAAUUCAUUUACUUUGAUAG	0
NM_006219.3:1015-1044	NM_006219.3	NM_006219.3.fasta	1015	1044	+	30	TATCAAAGTAAATGAATTGGCAATCCAAAA	UUUUGGAUUGCCAAUUCAUUUACUUUGAUA	0
NM_006219.3:1016-1045	NM_006219.3	NM_006219.3.fasta	1016	1045	+	30	ATCAAAGTAAATGAATTGGCAATCCAAAAA	UUUUUGGAUUGCCAAUUCAUUUACUUUGAU	0
NM_006219.3:1017-1046	NM_006219.3	NM_006219.3.fasta	1017	1046	+	30	TCAAAGTAAATGAATTGGCAATCCAAAAAC	GUUUUUGGAUUGCCAAUUCAUUUACUUUGA	0
NM_006219.3:1018-1047	NM_006219.3	NM_006219.3.fasta	1018	1047	+	30	CAAAGTAAATGAATTGGCAATCCAAAAACG	CGUUUUUGGAUUGCCAAUUCAUUUACUUUG	0
NM_006219.3:1019-1048	NM_006219.3	NM_006219.3.fasta	1019	1048	+	30	AAAGTAAATGAATTGGCAATCCAAAAACGT	ACGUUUUUGGAUUGCCAAUUCAUUUACUUU	0
NM_006219.3:1020-1049	NM_006219.3	NM_006219.3.fasta	1020	1049	+	30	AAGTAAATGAATTGGCAATCCAAAAACGTT	AACGUUUUUGGAUUGCCAAUUCAUUUACUU	0
NM_006219.3:1021-1050	NM_006219.3	NM_006219.3.fasta	1021	1050	+	30	AGTAAATGAATTGGCAATCCAAAAACGTTT	AAACGUUUUUGGAUUGCCAAUUCAUUUACU	0
NM_006219.3:1022-1051	NM_006219.3	NM_006219.3.fasta	1022	1051	+	30	GTAAATGAATTGGCAATCCAAAAACGTTTG	CAAACGUUUUUGGAUUGCCAAUUCAUUUAC	0
NM_006219.3:1023-1052	NM_006219.3	NM_006219.3.fasta	1023	1052	+	30	TAAATGAATTGGCAATCCAAAAACGTTTGA	UCAAACGUUUUUGGAUUGCCAAUUCAUUUA	0
NM_006219.3:1024-1053	NM_006219.3	NM_006219.3.fasta	1024	1053	+	30	AAATGAATTGGCAATCCAAAAACGTTTGAC	GUCAAACGUUUUUGGAUUGCCAAUUCAUUU	0
NM_006219.3:1025-1054	NM_006219.3	NM_006219.3.fasta	1025	1054	+	30	AATGAATTGGCAATCCAAAAACGTTTGACT	AGUCAAACGUUUUUGGAUUGCCAAUUCAUU	0
NM_006219.3:1026-1055	NM_006219.3	NM_006219.3.fasta	1026	1055	+	30	ATGAATTGGCAATCCAAAAACGTTTGACTA	UAGUCAAACGUUUUUGGAUUGCCAAUUCAU	0
NM_006219.3:1027-1056	NM_006219.3	NM_006219.3.fasta	1027	1056	+	30	TGAATTGGCAATCCAAAAACGTTTGACTAT	AUAGUCAAACGUUUUUGGAUUGCCAAUUCA	0
NM_006219.3:1028-1057	NM_006219.3	NM_006219.3.fasta	1028	1057	+	30	GAATTGGCAATCCAAAAACGTTTGACTATT	AAUAGUCAAACGUUUUUGGAUUGCCAAUUC	0
NM_006219.3:1029-1058	NM_006219.3	NM_006219.3.fasta	1029	1058	+	30	AATTGGCAATCCAAAAACGTTTGACTATTC	GAAUAGUCAAACGUUUUUGGAUUGCCAAUU	0
NM_006219.3:1030-1059	NM_006219.3	NM_006219.3.fasta	1030	1059	+	30	ATTGGCAATCCAAAAACGTTTGACTATTCA	UGAAUAGUCAAACGUUUUUGGAUUGCCAAU	0
NM_006219.3:1031-1060	NM_006219.3	NM_006219.3.fasta	1031	1060	+	30	TTGGCAATCCAAAAACGTTTGACTATTCAT	AUGAAUAGUCAAACGUUUUUGGAUUGCCAA	0
NM_006219.3:1032-1061	NM_006219.3	NM_006219.3.fasta	1032	1061	+	30	TGGCAATCCAAAAACGTTTGACTATTCATG	CAUGAAUAGUCAAACGUUUUUGGAUUGCCA	0
NM_006219.3:1033-1062	NM_006219.3	NM_006219.3.fasta	1033	1062	+	30	GGCAATCCAAAAACGTTTGACTATTCATGG	CCAUGAAUAGUCAAACGUUUUUGGAUUGCC	0
NM_006219.3:1034-1063	NM_006219.3	NM_006219.3.fasta	1034	1063	+	30	GCAATCCAAAAACGTTTGACTATTCATGGG	CCCAUGAAUAGUCAAACGUUUUUGGAUUGC	0
NM_006219.3:1035-1064	NM_006219.3	NM_006219.3.fasta	1035	1064	+	30	CAATCCAAAAACGTTTGACTATTCATGGGA	UCCCAUGAAUAGUCAAACGUUUUUGGAUUG	0
NM_006219.3:1036-1065	NM_006219.3	NM_006219.3.fasta	1036	1065	+	30	AATCCAAAAACGTTTGACTATTCATGGGAA	UUCCCAUGAAUAGUCAAACGUUUUUGGAUU	0
NM_006219.3:1037-1066	NM_006219.3	NM_006219.3.fasta	1037	1066	+	30	ATCCAAAAACGTTTGACTATTCATGGGAAG	CUUCCCAUGAAUAGUCAAACGUUUUUGGAU	0
NM_006219.3:1038-1067	NM_006219.3	NM_006219.3.fasta	1038	1067	+	30	TCCAAAAACGTTTGACTATTCATGGGAAGG	CCUUCCCAUGAAUAGUCAAACGUUUUUGGA	0
NM_006219.3:1039-1068	NM_006219.3	NM_006219.3.fasta	1039	1068	+	30	CCAAAAACGTTTGACTATTCATGGGAAGGA	UCCUUCCCAUGAAUAGUCAAACGUUUUUGG	0
NM_006219.3:1040-1069	NM_006219.3	NM_006219.3.fasta	1040	1069	+	30	CAAAAACGTTTGACTATTCATGGGAAGGAA	UUCCUUCCCAUGAAUAGUCAAACGUUUUUG	0
NM_006219.3:1041-1070	NM_006219.3	NM_006219.3.fasta	1041	1070	+	30	AAAAACGTTTGACTATTCATGGGAAGGAAG	CUUCCUUCCCAUGAAUAGUCAAACGUUUUU	0
NM_006219.3:1042-1071	NM_006219.3	NM_006219.3.fasta	1042	1071	+	30	AAAACGTTTGACTATTCATGGGAAGGAAGA	UCUUCCUUCCCAUGAAUAGUCAAACGUUUU	0
NM_006219.3:1043-1072	NM_006219.3	NM_006219.3.fasta	1043	1072	+	30	AAACGTTTGACTATTCATGGGAAGGAAGAT	AUCUUCCUUCCCAUGAAUAGUCAAACGUUU	0
NM_006219.3:1044-1073	NM_006219.3	NM_006219.3.fasta	1044	1073	+	30	AACGTTTGACTATTCATGGGAAGGAAGATG	CAUCUUCCUUCCCAUGAAUAGUCAAACGUU	0
NM_006219.3:1045-1074	NM_006219.3	NM_006219.3.fasta	1045	1074	+	30	ACGTTTGACTATTCATGGGAAGGAAGATGA	UCAUCUUCCUUCCCAUGAAUAGUCAAACGU	0
NM_006219.3:1046-1075	NM_006219.3	NM_006219.3.fasta	1046	1075	+	30	CGTTTGACTATTCATGGGAAGGAAGATGAA	UUCAUCUUCCUUCCCAUGAAUAGUCAAACG	0
NM_006219.3:1047-1076	NM_006219.3	NM_006219.3.fasta	1047	1076	+	30	GTTTGACTATTCATGGGAAGGAAGATGAAG	CUUCAUCUUCCUUCCCAUGAAUAGUCAAAC	0
NM_006219.3:1048-1077	NM_006219.3	NM_006219.3.fasta	1048	1077	+	30	TTTGACTATTCATGGGAAGGAAGATGAAGT	ACUUCAUCUUCCUUCCCAUGAAUAGUCAAA	0
NM_006219.3:1049-1078	NM_006219.3	NM_006219.3.fasta	1049	1078	+	30	TTGACTATTCATGGGAAGGAAGATGAAGTT	AACUUCAUCUUCCUUCCCAUGAAUAGUCAA	0
NM_006219.3:1050-1079	NM_006219.3	NM_006219.3.fasta	1050	1079	+	30	TGACTATTCATGGGAAGGAAGATGAAGTTA	UAACUUCAUCUUCCUUCCCAUGAAUAGUCA	0
NM_006219.3:1051-1080	NM_006219.3	NM_006219.3.fasta	1051	1080	+	30	GACTATTCATGGGAAGGAAGATGAAGTTAG	CUAACUUCAUCUUCCUUCCCAUGAAUAGUC	0
NM_006219.3:1052-1081	NM_006219.3	NM_006219.3.fasta	1052	1081	+	30	ACTATTCATGGGAAGGAAGATGAAGTTAGC	GCUAACUUCAUCUUCCUUCCCAUGAAUAGU	0
NM_006219.3:1053-1082	NM_006219.3	NM_006219.3.fasta	1053	1082	+	30	CTATTCATGGGAAGGAAGATGAAGTTAGCC	GGCUAACUUCAUCUUCCUUCCCAUGAAUAG	0
NM_006219.3:1054-1083	NM_006219.3	NM_006219.3.fasta	1054	1083	+	30	TATTCATGGGAAGGAAGATGAAGTTAGCCC	GGGCUAACUUCAUCUUCCUUCCCAUGAAUA	0
NM_006219.3:1055-1084	NM_006219.3	NM_006219.3.fasta	1055	1084	+	30	ATTCATGGGAAGGAAGATGAAGTTAGCCCC	GGGGCUAACUUCAUCUUCCUUCCCAUGAAU	0
NM_006219.3:1056-1085	NM_006219.3	NM_006219.3.fasta	1056	1085	+	30	TTCATGGGAAGGAAGATGAAGTTAGCCCCT	AGGGGCUAACUUCAUCUUCCUUCCCAUGAA	0
NM_006219.3:1057-1086	NM_006219.3	NM_006219.3.fasta	1057	1086	+	30	TCATGGGAAGGAAGATGAAGTTAGCCCCTA	UAGGGGCUAACUUCAUCUUCCUUCCCAUGA	0
NM_006219.3:1058-1087	NM_006219.3	NM_006219.3.fasta	1058	1087	+	30	CATGGGAAGGAAGATGAAGTTAGCCCCTAT	AUAGGGGCUAACUUCAUCUUCCUUCCCAUG	0
NM_006219.3:1059-1088	NM_006219.3	NM_006219.3.fasta	1059	1088	+	30	ATGGGAAGGAAGATGAAGTTAGCCCCTATG	CAUAGGGGCUAACUUCAUCUUCCUUCCCAU	0
NM_006219.3:1060-1089	NM_006219.3	NM_006219.3.fasta	1060	1089	+	30	TGGGAAGGAAGATGAAGTTAGCCCCTATGA	UCAUAGGGGCUAACUUCAUCUUCCUUCCCA	0
NM_006219.3:1061-1090	NM_006219.3	NM_006219.3.fasta	1061	1090	+	30	GGGAAGGAAGATGAAGTTAGCCCCTATGAT	AUCAUAGGGGCUAACUUCAUCUUCCUUCCC	0
NM_006219.3:1062-1091	NM_006219.3	NM_006219.3.fasta	1062	1091	+	30	GGAAGGAAGATGAAGTTAGCCCCTATGATT	AAUCAUAGGGGCUAACUUCAUCUUCCUUCC	0
NM_006219.3:1063-1092	NM_006219.3	NM_006219.3.fasta	1063	1092	+	30	GAAGGAAGATGAAGTTAGCCCCTATGATTA	UAAUCAUAGGGGCUAACUUCAUCUUCCUUC	0
NM_006219.3:1064-1093	NM_006219.3	NM_006219.3.fasta	1064	1093	+	30	AAGGAAGATGAAGTTAGCCCCTATGATTAT	AUAAUCAUAGGGGCUAACUUCAUCUUCCUU	0
NM_006219.3:1065-1094	NM_006219.3	NM_006219.3.fasta	1065	1094	+	30	AGGAAGATGAAGTTAGCCCCTATGATTATG	CAUAAUCAUAGGGGCUAACUUCAUCUUCCU	0
NM_006219.3:1066-1095	NM_006219.3	NM_006219.3.fasta	1066	1095	+	30	GGAAGATGAAGTTAGCCCCTATGATTATGT	ACAUAAUCAUAGGGGCUAACUUCAUCUUCC	0
NM_006219.3:1067-1096	NM_006219.3	NM_006219.3.fasta	1067	1096	+	30	GAAGATGAAGTTAGCCCCTATGATTATGTG	CACAUAAUCAUAGGGGCUAACUUCAUCUUC	0
NM_006219.3:1068-1097	NM_006219.3	NM_006219.3.fasta	1068	1097	+	30	AAGATGAAGTTAGCCCCTATGATTATGTGT	ACACAUAAUCAUAGGGGCUAACUUCAUCUU	0
NM_006219.3:1069-1098	NM_006219.3	NM_006219.3.fasta	1069	1098	+	30	AGATGAAGTTAGCCCCTATGATTATGTGTT	AACACAUAAUCAUAGGGGCUAACUUCAUCU	0
NM_006219.3:1070-1099	NM_006219.3	NM_006219.3.fasta	1070	1099	+	30	GATGAAGTTAGCCCCTATGATTATGTGTTG	CAACACAUAAUCAUAGGGGCUAACUUCAUC	0
NM_006219.3:1071-1100	NM_006219.3	NM_006219.3.fasta	1071	1100	+	30	ATGAAGTTAGCCCCTATGATTATGTGTTGC	GCAACACAUAAUCAUAGGGGCUAACUUCAU	0
NM_006219.3:1072-1101	NM_006219.3	NM_006219.3.fasta	1072	1101	+	30	TGAAGTTAGCCCCTATGATTATGTGTTGCA	UGCAACACAUAAUCAUAGGGGCUAACUUCA	0
NM_006219.3:1073-1102	NM_006219.3	NM_006219.3.fasta	1073	1102	+	30	GAAGTTAGCCCCTATGATTATGTGTTGCAA	UUGCAACACAUAAUCAUAGGGGCUAACUUC	0
NM_006219.3:1074-1103	NM_006219.3	NM_006219.3.fasta	1074	1103	+	30	AAGTTAGCCCCTATGATTATGTGTTGCAAG	CUUGCAACACAUAAUCAUAGGGGCUAACUU	0
NM_006219.3:1075-1104	NM_006219.3	NM_006219.3.fasta	1075	1104	+	30	AGTTAGCCCCTATGATTATGTGTTGCAAGT	ACUUGCAACACAUAAUCAUAGGGGCUAACU	0
NM_006219.3:1076-1105	NM_006219.3	NM_006219.3.fasta	1076	1105	+	30	GTTAGCCCCTATGATTATGTGTTGCAAGTC	GACUUGCAACACAUAAUCAUAGGGGCUAAC	0
NM_006219.3:1077-1106	NM_006219.3	NM_006219.3.fasta	1077	1106	+	30	TTAGCCCCTATGATTATGTGTTGCAAGTCA	UGACUUGCAACACAUAAUCAUAGGGGCUAA	0
NM_006219.3:1078-1107	NM_006219.3	NM_006219.3.fasta	1078	1107	+	30	TAGCCCCTATGATTATGTGTTGCAAGTCAG	CUGACUUGCAACACAUAAUCAUAGGGGCUA	0
NM_006219.3:1079-1108	NM_006219.3	NM_006219.3.fasta	1079	1108	+	30	AGCCCCTATGATTATGTGTTGCAAGTCAGC	GCUGACUUGCAACACAUAAUCAUAGGGGCU	0
NM_006219.3:1080-1109	NM_006219.3	NM_006219.3.fasta	1080	1109	+	30	GCCCCTATGATTATGTGTTGCAAGTCAGCG	CGCUGACUUGCAACACAUAAUCAUAGGGGC	0
NM_006219.3:1081-1110	NM_006219.3	NM_006219.3.fasta	1081	1110	+	30	CCCCTATGATTATGTGTTGCAAGTCAGCGG	CCGCUGACUUGCAACACAUAAUCAUAGGGG	0
NM_006219.3:1082-1111	NM_006219.3	NM_006219.3.fasta	1082	1111	+	30	CCCTATGATTATGTGTTGCAAGTCAGCGGG	CCCGCUGACUUGCAACACAUAAUCAUAGGG	0
NM_006219.3:1083-1112	NM_006219.3	NM_006219.3.fasta	1083	1112	+	30	CCTATGATTATGTGTTGCAAGTCAGCGGGA	UCCCGCUGACUUGCAACACAUAAUCAUAGG	0
NM_006219.3:1084-1113	NM_006219.3	NM_006219.3.fasta	1084	1113	+	30	CTATGATTATGTGTTGCAAGTCAGCGGGAG	CUCCCGCUGACUUGCAACACAUAAUCAUAG	0
NM_006219.3:1085-1114	NM_006219.3	NM_006219.3.fasta	1085	1114	+	30	TATGATTATGTGTTGCAAGTCAGCGGGAGA	UCUCCCGCUGACUUGCAACACAUAAUCAUA	0
NM_006219.3:1086-1115	NM_006219.3	NM_006219.3.fasta	1086	1115	+	30	ATGATTATGTGTTGCAAGTCAGCGGGAGAG	CUCUCCCGCUGACUUGCAACACAUAAUCAU	0
NM_006219.3:1087-1116	NM_006219.3	NM_006219.3.fasta	1087	1116	+	30	TGATTATGTGTTGCAAGTCAGCGGGAGAGT	ACUCUCCCGCUGACUUGCAACACAUAAUCA	0
NM_006219.3:1088-1117	NM_006219.3	NM_006219.3.fasta	1088	1117	+	30	GATTATGTGTTGCAAGTCAGCGGGAGAGTA	UACUCUCCCGCUGACUUGCAACACAUAAUC	0
NM_006219.3:1089-1118	NM_006219.3	NM_006219.3.fasta	1089	1118	+	30	ATTATGTGTTGCAAGTCAGCGGGAGAGTAG	CUACUCUCCCGCUGACUUGCAACACAUAAU	0
NM_006219.3:1090-1119	NM_006219.3	NM_006219.3.fasta	1090	1119	+	30	TTATGTGTTGCAAGTCAGCGGGAGAGTAGA	UCUACUCUCCCGCUGACUUGCAACACAUAA	0
NM_006219.3:1091-1120	NM_006219.3	NM_006219.3.fasta	1091	1120	+	30	TATGTGTTGCAAGTCAGCGGGAGAGTAGAA	UUCUACUCUCCCGCUGACUUGCAACACAUA	0
NM_006219.3:1092-1121	NM_006219.3	NM_006219.3.fasta	1092	1121	+	30	ATGTGTTGCAAGTCAGCGGGAGAGTAGAAT	AUUCUACUCUCCCGCUGACUUGCAACACAU	0
NM_006219.3:1093-1122	NM_006219.3	NM_006219.3.fasta	1093	1122	+	30	TGTGTTGCAAGTCAGCGGGAGAGTAGAATA	UAUUCUACUCUCCCGCUGACUUGCAACACA	0
NM_006219.3:1094-1123	NM_006219.3	NM_006219.3.fasta	1094	1123	+	30	GTGTTGCAAGTCAGCGGGAGAGTAGAATAT	AUAUUCUACUCUCCCGCUGACUUGCAACAC	0
NM_006219.3:1095-1124	NM_006219.3	NM_006219.3.fasta	1095	1124	+	30	TGTTGCAAGTCAGCGGGAGAGTAGAATATG	CAUAUUCUACUCUCCCGCUGACUUGCAACA	0
NM_006219.3:1096-1125	NM_006219.3	NM_006219.3.fasta	1096	1125	+	30	GTTGCAAGTCAGCGGGAGAGTAGAATATGT	ACAUAUUCUACUCUCCCGCUGACUUGCAAC	0
NM_006219.3:1097-1126	NM_006219.3	NM_006219.3.fasta	1097	1126	+	30	TTGCAAGTCAGCGGGAGAGTAGAATATGTT	AACAUAUUCUACUCUCCCGCUGACUUGCAA	0
NM_006219.3:1098-1127	NM_006219.3	NM_006219.3.fasta	1098	1127	+	30	TGCAAGTCAGCGGGAGAGTAGAATATGTTT	AAACAUAUUCUACUCUCCCGCUGACUUGCA	0
NM_006219.3:1099-1128	NM_006219.3	NM_006219.3.fasta	1099	1128	+	30	GCAAGTCAGCGGGAGAGTAGAATATGTTTT	AAAACAUAUUCUACUCUCCCGCUGACUUGC	0
NM_006219.3:1100-1129	NM_006219.3	NM_006219.3.fasta	1100	1129	+	30	CAAGTCAGCGGGAGAGTAGAATATGTTTTT	AAAAACAUAUUCUACUCUCCCGCUGACUUG	0
NM_006219.3:1101-1130	NM_006219.3	NM_006219.3.fasta	1101	1130	+	30	AAGTCAGCGGGAGAGTAGAATATGTTTTTG	CAAAAACAUAUUCUACUCUCCCGCUGACUU	0
NM_006219.3:1102-1131	NM_006219.3	NM_006219.3.fasta	1102	1131	+	30	AGTCAGCGGGAGAGTAGAATATGTTTTTGG	CCAAAAACAUAUUCUACUCUCCCGCUGACU	0
NM_006219.3:1103-1132	NM_006219.3	NM_006219.3.fasta	1103	1132	+	30	GTCAGCGGGAGAGTAGAATATGTTTTTGGT	ACCAAAAACAUAUUCUACUCUCCCGCUGAC	0
NM_006219.3:1104-1133	NM_006219.3	NM_006219.3.fasta	1104	1133	+	30	TCAGCGGGAGAGTAGAATATGTTTTTGGTG	CACCAAAAACAUAUUCUACUCUCCCGCUGA	0
NM_006219.3:1105-1134	NM_006219.3	NM_006219.3.fasta	1105	1134	+	30	CAGCGGGAGAGTAGAATATGTTTTTGGTGA	UCACCAAAAACAUAUUCUACUCUCCCGCUG	0
NM_006219.3:1106-1135	NM_006219.3	NM_006219.3.fasta	1106	1135	+	30	AGCGGGAGAGTAGAATATGTTTTTGGTGAT	AUCACCAAAAACAUAUUCUACUCUCCCGCU	0
NM_006219.3:1107-1136	NM_006219.3	NM_006219.3.fasta	1107	1136	+	30	GCGGGAGAGTAGAATATGTTTTTGGTGATC	GAUCACCAAAAACAUAUUCUACUCUCCCGC	0
NM_006219.3:1108-1137	NM_006219.3	NM_006219.3.fasta	1108	1137	+	30	CGGGAGAGTAGAATATGTTTTTGGTGATCA	UGAUCACCAAAAACAUAUUCUACUCUCCCG	0
NM_006219.3:1109-1138	NM_006219.3	NM_006219.3.fasta	1109	1138	+	30	GGGAGAGTAGAATATGTTTTTGGTGATCAT	AUGAUCACCAAAAACAUAUUCUACUCUCCC	0
NM_006219.3:1110-1139	NM_006219.3	NM_006219.3.fasta	1110	1139	+	30	GGAGAGTAGAATATGTTTTTGGTGATCATC	GAUGAUCACCAAAAACAUAUUCUACUCUCC	0
NM_006219.3:1111-1140	NM_006219.3	NM_006219.3.fasta	1111	1140	+	30	GAGAGTAGAATATGTTTTTGGTGATCATCC	GGAUGAUCACCAAAAACAUAUUCUACUCUC	0
NM_006219.3:1112-1141	NM_006219.3	NM_006219.3.fasta	1112	1141	+	30	AGAGTAGAATATGTTTTTGGTGATCATCCA	UGGAUGAUCACCAAAAACAUAUUCUACUCU	0
NM_006219.3:1113-1142	NM_006219.3	NM_006219.3.fasta	1113	1142	+	30	GAGTAGAATATGTTTTTGGTGATCATCCAC	GUGGAUGAUCACCAAAAACAUAUUCUACUC	0
NM_006219.3:1114-1143	NM_006219.3	NM_006219.3.fasta	1114	1143	+	30	AGTAGAATATGTTTTTGGTGATCATCCACT	AGUGGAUGAUCACCAAAAACAUAUUCUACU	0
NM_006219.3:1115-1144	NM_006219.3	NM_006219.3.fasta	1115	1144	+	30	GTAGAATATGTTTTTGGTGATCATCCACTA	UAGUGGAUGAUCACCAAAAACAUAUUCUAC	0
NM_006219.3:1116-1145	NM_006219.3	NM_006219.3.fasta	1116	1145	+	30	TAGAATATGTTTTTGGTGATCATCCACTAA	UUAGUGGAUGAUCACCAAAAACAUAUUCUA	0
NM_006219.3:1117-1146	NM_006219.3	NM_006219.3.fasta	1117	1146	+	30	AGAATATGTTTTTGGTGATCATCCACTAAT	AUUAGUGGAUGAUCACCAAAAACAUAUUCU	0
NM_006219.3:1118-1147	NM_006219.3	NM_006219.3.fasta	1118	1147	+	30	GAATATGTTTTTGGTGATCATCCACTAATT	AAUUAGUGGAUGAUCACCAAAAACAUAUUC	0
NM_006219.3:1119-1148	NM_006219.3	NM_006219.3.fasta	1119	1148	+	30	AATATGTTTTTGGTGATCATCCACTAATTC	GAAUUAGUGGAUGAUCACCAAAAACAUAUU	0
NM_006219.3:1120-1149	NM_006219.3	NM_006219.3.fasta	1120	1149	+	30	ATATGTTTTTGGTGATCATCCACTAATTCA	UGAAUUAGUGGAUGAUCACCAAAAACAUAU	0
NM_006219.3:1121-1150	NM_006219.3	NM_006219.3.fasta	1121	1150	+	30	TATGTTTTTGGTGATCATCCACTAATTCAG	CUGAAUUAGUGGAUGAUCACCAAAAACAUA	0
NM_006219.3:1122-1151	NM_006219.3	NM_006219.3.fasta	1122	1151	+	30	ATGTTTTTGGTGATCATCCACTAATTCAGT	ACUGAAUUAGUGGAUGAUCACCAAAAACAU	0
NM_006219.3:1123-1152	NM_006219.3	NM_006219.3.fasta	1123	1152	+	30	TGTTTTTGGTGATCATCCACTAATTCAGTT	AACUGAAUUAGUGGAUGAUCACCAAAAACA	0
NM_006219.3:1124-1153	NM_006219.3	NM_006219.3.fasta	1124	1153	+	30	GTTTTTGGTGATCATCCACTAATTCAGTTC	GAACUGAAUUAGUGGAUGAUCACCAAAAAC	0
NM_006219.3:1125-1154	NM_006219.3	NM_006219.3.fasta	1125	1154	+	30	TTTTTGGTGATCATCCACTAATTCAGTTCC	GGAACUGAAUUAGUGGAUGAUCACCAAAAA	0
NM_006219.3:1126-1155	NM_006219.3	NM_006219.3.fasta	1126	1155	+	30	TTTTGGTGATCATCCACTAATTCAGTTCCA	UGGAACUGAAUUAGUGGAUGAUCACCAAAA	0
NM_006219.3:1127-1156	NM_006219.3	NM_006219.3.fasta	1127	1156	+	30	TTTGGTGATCATCCACTAATTCAGTTCCAG	CUGGAACUGAAUUAGUGGAUGAUCACCAAA	0
NM_006219.3:1128-1157	NM_006219.3	NM_006219.3.fasta	1128	1157	+	30	TTGGTGATCATCCACTAATTCAGTTCCAGT	ACUGGAACUGAAUUAGUGGAUGAUCACCAA	0
NM_006219.3:1129-1158	NM_006219.3	NM_006219.3.fasta	1129	1158	+	30	TGGTGATCATCCACTAATTCAGTTCCAGTA	UACUGGAACUGAAUUAGUGGAUGAUCACCA	0
NM_006219.3:1130-1159	NM_006219.3	NM_006219.3.fasta	1130	1159	+	30	GGTGATCATCCACTAATTCAGTTCCAGTAT	AUACUGGAACUGAAUUAGUGGAUGAUCACC	0
NM_006219.3:1131-1160	NM_006219.3	NM_006219.3.fasta	1131	1160	+	30	GTGATCATCCACTAATTCAGTTCCAGTATA	UAUACUGGAACUGAAUUAGUGGAUGAUCAC	0
NM_006219.3:1132-1161	NM_006219.3	NM_006219.3.fasta	1132	1161	+	30	TGATCATCCACTAATTCAGTTCCAGTATAT	AUAUACUGGAACUGAAUUAGUGGAUGAUCA	0
NM_006219.3:1133-1162	NM_006219.3	NM_006219.3.fasta	1133	1162	+	30	GATCATCCACTAATTCAGTTCCAGTATATC	GAUAUACUGGAACUGAAUUAGUGGAUGAUC	0
NM_006219.3:1134-1163	NM_006219.3	NM_006219.3.fasta	1134	1163	+	30	ATCATCCACTAATTCAGTTCCAGTATATCC	GGAUAUACUGGAACUGAAUUAGUGGAUGAU	0
NM_006219.3:1135-1164	NM_006219.3	NM_006219.3.fasta	1135	1164	+	30	TCATCCACTAATTCAGTTCCAGTATATCCG	CGGAUAUACUGGAACUGAAUUAGUGGAUGA	0
NM_006219.3:1136-1165	NM_006219.3	NM_006219.3.fasta	1136	1165	+	30	CATCCACTAATTCAGTTCCAGTATATCCGG	CCGGAUAUACUGGAACUGAAUUAGUGGAUG	0
NM_006219.3:1137-1166	NM_006219.3	NM_006219.3.fasta	1137	1166	+	30	ATCCACTAATTCAGTTCCAGTATATCCGGA	UCCGGAUAUACUGGAACUGAAUUAGUGGAU	0
NM_006219.3:1138-1167	NM_006219.3	NM_006219.3.fasta	1138	1167	+	30	TCCACTAATTCAGTTCCAGTATATCCGGAA	UUCCGGAUAUACUGGAACUGAAUUAGUGGA	0
NM_006219.3:1139-1168	NM_006219.3	NM_006219.3.fasta	1139	1168	+	30	CCACTAATTCAGTTCCAGTATATCCGGAAC	GUUCCGGAUAUACUGGAACUGAAUUAGUGG	0
NM_006219.3:1140-1169	NM_006219.3	NM_006219.3.fasta	1140	1169	+	30	CACTAATTCAGTTCCAGTATATCCGGAACT	AGUUCCGGAUAUACUGGAACUGAAUUAGUG	0
NM_006219.3:1141-1170	NM_006219.3	NM_006219.3.fasta	1141	1170	+	30	ACTAATTCAGTTCCAGTATATCCGGAACTG	CAGUUCCGGAUAUACUGGAACUGAAUUAGU	0
NM_006219.3:1142-1171	NM_006219.3	NM_006219.3.fasta	1142	1171	+	30	CTAATTCAGTTCCAGTATATCCGGAACTGT	ACAGUUCCGGAUAUACUGGAACUGAAUUAG	0
NM_006219.3:1143-1172	NM_006219.3	NM_006219.3.fasta	1143	1172	+	30	TAATTCAGTTCCAGTATATCCGGAACTGTG	CACAGUUCCGGAUAUACUGGAACUGAAUUA	0
NM_006219.3:1144-1173	NM_006219.3	NM_006219.3.fasta	1144	1173	+	30	AATTCAGTTCCAGTATATCCGGAACTGTGT	ACACAGUUCCGGAUAUACUGGAACUGAAUU	0
NM_006219.3:1145-1174	NM_006219.3	NM_006219.3.fasta	1145	1174	+	30	ATTCAGTTCCAGTATATCCGGAACTGTGTG	CACACAGUUCCGGAUAUACUGGAACUGAAU	0
NM_006219.3:1146-1175	NM_006219.3	NM_006219.3.fasta	1146	1175	+	30	TTCAGTTCCAGTATATCCGGAACTGTGTGA	UCACACAGUUCCGGAUAUACUGGAACUGAA	0
NM_006219.3:1147-1176	NM_006219.3	NM_006219.3.fasta	1147	1176	+	30	TCAGTTCCAGTATATCCGGAACTGTGTGAT	AUCACACAGUUCCGGAUAUACUGGAACUGA	0
NM_006219.3:1148-1177	NM_006219.3	NM_006219.3.fasta	1148	1177	+	30	CAGTTCCAGTATATCCGGAACTGTGTGATG	CAUCACACAGUUCCGGAUAUACUGGAACUG	0
NM_006219.3:1149-1178	NM_006219.3	NM_006219.3.fasta	1149	1178	+	30	AGTTCCAGTATATCCGGAACTGTGTGATGA	UCAUCACACAGUUCCGGAUAUACUGGAACU	0
NM_006219.3:1150-1179	NM_006219.3	NM_006219.3.fasta	1150	1179	+	30	GTTCCAGTATATCCGGAACTGTGTGATGAA	UUCAUCACACAGUUCCGGAUAUACUGGAAC	0
NM_006219.3:1151-1180	NM_006219.3	NM_006219.3.fasta	1151	1180	+	30	TTCCAGTATATCCGGAACTGTGTGATGAAC	GUUCAUCACACAGUUCCGGAUAUACUGGAA	0
NM_006219.3:1152-1181	NM_006219.3	NM_006219.3.fasta	1152	1181	+	30	TCCAGTATATCCGGAACTGTGTGATGAACA	UGUUCAUCACACAGUUCCGGAUAUACUGGA	0
NM_006219.3:1153-1182	NM_006219.3	NM_006219.3.fasta	1153	1182	+	30	CCAGTATATCCGGAACTGTGTGATGAACAG	CUGUUCAUCACACAGUUCCGGAUAUACUGG	0
NM_006219.3:1154-1183	NM_006219.3	NM_006219.3.fasta	1154	1183	+	30	CAGTATATCCGGAACTGTGTGATGAACAGA	UCUGUUCAUCACACAGUUCCGGAUAUACUG	0
NM_006219.3:1155-1184	NM_006219.3	NM_006219.3.fasta	1155	1184	+	30	AGTATATCCGGAACTGTGTGATGAACAGAG	CUCUGUUCAUCACACAGUUCCGGAUAUACU	0
NM_006219.3:1156-1185	NM_006219.3	NM_006219.3.fasta	1156	1185	+	30	GTATATCCGGAACTGTGTGATGAACAGAGC	GCUCUGUUCAUCACACAGUUCCGGAUAUAC	0
NM_006219.3:1157-1186	NM_006219.3	NM_006219.3.fasta	1157	1186	+	30	TATATCCGGAACTGTGTGATGAACAGAGCC	GGCUCUGUUCAUCACACAGUUCCGGAUAUA	0
NM_006219.3:1158-1187	NM_006219.3	NM_006219.3.fasta	1158	1187	+	30	ATATCCGGAACTGTGTGATGAACAGAGCCC	GGGCUCUGUUCAUCACACAGUUCCGGAUAU	0
NM_006219.3:1159-1188	NM_006219.3	NM_006219.3.fasta	1159	1188	+	30	TATCCGGAACTGTGTGATGAACAGAGCCCT	AGGGCUCUGUUCAUCACACAGUUCCGGAUA	0
NM_006219.3:1160-1189	NM_006219.3	NM_006219.3.fasta	1160	1189	+	30	ATCCGGAACTGTGTGATGAACAGAGCCCTG	CAGGGCUCUGUUCAUCACACAGUUCCGGAU	0
NM_006219.3:1161-1190	NM_006219.3	NM_006219.3.fasta	1161	1190	+	30	TCCGGAACTGTGTGATGAACAGAGCCCTGC	GCAGGGCUCUGUUCAUCACACAGUUCCGGA	0
NM_006219.3:1162-1191	NM_006219.3	NM_006219.3.fasta	1162	1191	+	30	CCGGAACTGTGTGATGAACAGAGCCCTGCC	GGCAGGGCUCUGUUCAUCACACAGUUCCGG	0
NM_006219.3:1163-1192	NM_006219.3	NM_006219.3.fasta	1163	1192	+	30	CGGAACTGTGTGATGAACAGAGCCCTGCCC	GGGCAGGGCUCUGUUCAUCACACAGUUCCG	0
NM_006219.3:1164-1193	NM_006219.3	NM_006219.3.fasta	1164	1193	+	30	GGAACTGTGTGATGAACAGAGCCCTGCCCC	GGGGCAGGGCUCUGUUCAUCACACAGUUCC	0
NM_006219.3:1165-1194	NM_006219.3	NM_006219.3.fasta	1165	1194	+	30	GAACTGTGTGATGAACAGAGCCCTGCCCCA	UGGGGCAGGGCUCUGUUCAUCACACAGUUC	0
NM_006219.3:1166-1195	NM_006219.3	NM_006219.3.fasta	1166	1195	+	30	AACTGTGTGATGAACAGAGCCCTGCCCCAT	AUGGGGCAGGGCUCUGUUCAUCACACAGUU	0
NM_006219.3:1167-1196	NM_006219.3	NM_006219.3.fasta	1167	1196	+	30	ACTGTGTGATGAACAGAGCCCTGCCCCATT	AAUGGGGCAGGGCUCUGUUCAUCACACAGU	0
NM_006219.3:1168-1197	NM_006219.3	NM_006219.3.fasta	1168	1197	+	30	CTGTGTGATGAACAGAGCCCTGCCCCATTT	AAAUGGGGCAGGGCUCUGUUCAUCACACAG	0
NM_006219.3:1169-1198	NM_006219.3	NM_006219.3.fasta	1169	1198	+	30	TGTGTGATGAACAGAGCCCTGCCCCATTTT	AAAAUGGGGCAGGGCUCUGUUCAUCACACA	0
NM_006219.3:1170-1199	NM_006219.3	NM_006219.3.fasta	1170	1199	+	30	GTGTGATGAACAGAGCCCTGCCCCATTTTA	UAAAAUGGGGCAGGGCUCUGUUCAUCACAC	0
NM_006219.3:1171-1200	NM_006219.3	NM_006219.3.fasta	1171	1200	+	30	TGTGATGAACAGAGCCCTGCCCCATTTTAT	AUAAAAUGGGGCAGGGCUCUGUUCAUCACA	0
NM_006219.3:1172-1201	NM_006219.3	NM_006219.3.fasta	1172	1201	+	30	GTGATGAACAGAGCCCTGCCCCATTTTATA	UAUAAAAUGGGGCAGGGCUCUGUUCAUCAC	0
NM_006219.3:1173-1202	NM_006219.3	NM_006219.3.fasta	1173	1202	+	30	TGATGAACAGAGCCCTGCCCCATTTTATAC	GUAUAAAAUGGGGCAGGGCUCUGUUCAUCA	0
NM_006219.3:1174-1203	NM_006219.3	NM_006219.3.fasta	1174	1203	+	30	GATGAACAGAGCCCTGCCCCATTTTATACT	AGUAUAAAAUGGGGCAGGGCUCUGUUCAUC	0
NM_006219.3:1175-1204	NM_006219.3	NM_006219.3.fasta	1175	1204	+	30	ATGAACAGAGCCCTGCCCCATTTTATACTT	AAGUAUAAAAUGGGGCAGGGCUCUGUUCAU	0
NM_006219.3:1176-1205	NM_006219.3	NM_006219.3.fasta	1176	1205	+	30	TGAACAGAGCCCTGCCCCATTTTATACTTG	CAAGUAUAAAAUGGGGCAGGGCUCUGUUCA	0
NM_006219.3:1177-1206	NM_006219.3	NM_006219.3.fasta	1177	1206	+	30	GAACAGAGCCCTGCCCCATTTTATACTTGT	ACAAGUAUAAAAUGGGGCAGGGCUCUGUUC	0
NM_006219.3:1178-1207	NM_006219.3	NM_006219.3.fasta	1178	1207	+	30	AACAGAGCCCTGCCCCATTTTATACTTGTG	CACAAGUAUAAAAUGGGGCAGGGCUCUGUU	0
NM_006219.3:1179-1208	NM_006219.3	NM_006219.3.fasta	1179	1208	+	30	ACAGAGCCCTGCCCCATTTTATACTTGTGG	CCACAAGUAUAAAAUGGGGCAGGGCUCUGU	0
NM_006219.3:1180-1209	NM_006219.3	NM_006219.3.fasta	1180	1209	+	30	CAGAGCCCTGCCCCATTTTATACTTGTGGA	UCCACAAGUAUAAAAUGGGGCAGGGCUCUG	0
NM_006219.3:1181-1210	NM_006219.3	NM_006219.3.fasta	1181	1210	+	30	AGAGCCCTGCCCCATTTTATACTTGTGGAA	UUCCACAAGUAUAAAAUGGGGCAGGGCUCU	0
NM_006219.3:1182-1211	NM_006219.3	NM_006219.3.fasta	1182	1211	+	30	GAGCCCTGCCCCATTTTATACTTGTGGAAT	AUUCCACAAGUAUAAAAUGGGGCAGGGCUC	0
NM_006219.3:1183-1212	NM_006219.3	NM_006219.3.fasta	1183	1212	+	30	AGCCCTGCCCCATTTTATACTTGTGGAATG	CAUUCCACAAGUAUAAAAUGGGGCAGGGCU	0
NM_006219.3:1184-1213	NM_006219.3	NM_006219.3.fasta	1184	1213	+	30	GCCCTGCCCCATTTTATACTTGTGGAATGC	GCAUUCCACAAGUAUAAAAUGGGGCAGGGC	0
NM_006219.3:1185-1214	NM_006219.3	NM_006219.3.fasta	1185	1214	+	30	CCCTGCCCCATTTTATACTTGTGGAATGCT	AGCAUUCCACAAGUAUAAAAUGGGGCAGGG	0
NM_006219.3:1186-1215	NM_006219.3	NM_006219.3.fasta	1186	1215	+	30	CCTGCCCCATTTTATACTTGTGGAATGCTG	CAGCAUUCCACAAGUAUAAAAUGGGGCAGG	0
NM_006219.3:1187-1216	NM_006219.3	NM_006219.3.fasta	1187	1216	+	30	CTGCCCCATTTTATACTTGTGGAATGCTGC	GCAGCAUUCCACAAGUAUAAAAUGGGGCAG	0
NM_006219.3:1188-1217	NM_006219.3	NM_006219.3.fasta	1188	1217	+	30	TGCCCCATTTTATACTTGTGGAATGCTGCA	UGCAGCAUUCCACAAGUAUAAAAUGGGGCA	0
NM_006219.3:1189-1218	NM_006219.3	NM_006219.3.fasta	1189	1218	+	30	GCCCCATTTTATACTTGTGGAATGCTGCAA	UUGCAGCAUUCCACAAGUAUAAAAUGGGGC	0
NM_006219.3:1190-1219	NM_006219.3	NM_006219.3.fasta	1190	1219	+	30	CCCCATTTTATACTTGTGGAATGCTGCAAG	CUUGCAGCAUUCCACAAGUAUAAAAUGGGG	0
NM_006219.3:1191-1220	NM_006219.3	NM_006219.3.fasta	1191	1220	+	30	CCCATTTTATACTTGTGGAATGCTGCAAGA	UCUUGCAGCAUUCCACAAGUAUAAAAUGGG	0
NM_006219.3:1192-1221	NM_006219.3	NM_006219.3.fasta	1192	1221	+	30	CCATTTTATACTTGTGGAATGCTGCAAGAT	AUCUUGCAGCAUUCCACAAGUAUAAAAUGG	0
NM_006219.3:1193-1222	NM_006219.3	NM_006219.3.fasta	1193	1222	+	30	CATTTTATACTTGTGGAATGCTGCAAGATC	GAUCUUGCAGCAUUCCACAAGUAUAAAAUG	0
NM_006219.3:1194-1223	NM_006219.3	NM_006219.3.fasta	1194	1223	+	30	ATTTTATACTTGTGGAATGCTGCAAGATCA	UGAUCUUGCAGCAUUCCACAAGUAUAAAAU	0
NM_006219.3:1195-1224	NM_006219.3	NM_006219.3.fasta	1195	1224	+	30	TTTTATACTTGTGGAATGCTGCAAGATCAA	UUGAUCUUGCAGCAUUCCACAAGUAUAAAA	0
NM_006219.3:1196-1225	NM_006219.3	NM_006219.3.fasta	1196	1225	+	30	TTTATACTTGTGGAATGCTGCAAGATCAAG	CUUGAUCUUGCAGCAUUCCACAAGUAUAAA	0
NM_006219.3:1197-1226	NM_006219.3	NM_006219.3.fasta	1197	1226	+	30	TTATACTTGTGGAATGCTGCAAGATCAAGA	UCUUGAUCUUGCAGCAUUCCACAAGUAUAA	0
NM_006219.3:1198-1227	NM_006219.3	NM_006219.3.fasta	1198	1227	+	30	TATACTTGTGGAATGCTGCAAGATCAAGAA	UUCUUGAUCUUGCAGCAUUCCACAAGUAUA	0
NM_006219.3:1199-1228	NM_006219.3	NM_006219.3.fasta	1199	1228	+	30	ATACTTGTGGAATGCTGCAAGATCAAGAAA	UUUCUUGAUCUUGCAGCAUUCCACAAGUAU	0
NM_006219.3:1200-1229	NM_006219.3	NM_006219.3.fasta	1200	1229	+	30	TACTTGTGGAATGCTGCAAGATCAAGAAAA	UUUUCUUGAUCUUGCAGCAUUCCACAAGUA	0
NM_006219.3:1201-1230	NM_006219.3	NM_006219.3.fasta	1201	1230	+	30	ACTTGTGGAATGCTGCAAGATCAAGAAAAT	AUUUUCUUGAUCUUGCAGCAUUCCACAAGU	0
NM_006219.3:1202-1231	NM_006219.3	NM_006219.3.fasta	1202	1231	+	30	CTTGTGGAATGCTGCAAGATCAAGAAAATG	CAUUUUCUUGAUCUUGCAGCAUUCCACAAG	0
NM_006219.3:1203-1232	NM_006219.3	NM_006219.3.fasta	1203	1232	+	30	TTGTGGAATGCTGCAAGATCAAGAAAATGT	ACAUUUUCUUGAUCUUGCAGCAUUCCACAA	0
NM_006219.3:1204-1233	NM_006219.3	NM_006219.3.fasta	1204	1233	+	30	TGTGGAATGCTGCAAGATCAAGAAAATGTA	UACAUUUUCUUGAUCUUGCAGCAUUCCACA	0
NM_006219.3:1205-1234	NM_006219.3	NM_006219.3.fasta	1205	1234	+	30	GTGGAATGCTGCAAGATCAAGAAAATGTAT	AUACAUUUUCUUGAUCUUGCAGCAUUCCAC	0
NM_006219.3:1206-1235	NM_006219.3	NM_006219.3.fasta	1206	1235	+	30	TGGAATGCTGCAAGATCAAGAAAATGTATG	CAUACAUUUUCUUGAUCUUGCAGCAUUCCA	0
NM_006219.3:1207-1236	NM_006219.3	NM_006219.3.fasta	1207	1236	+	30	GGAATGCTGCAAGATCAAGAAAATGTATGA	UCAUACAUUUUCUUGAUCUUGCAGCAUUCC	0
NM_006219.3:1208-1237	NM_006219.3	NM_006219.3.fasta	1208	1237	+	30	GAATGCTGCAAGATCAAGAAAATGTATGAA	UUCAUACAUUUUCUUGAUCUUGCAGCAUUC	0
NM_006219.3:1209-1238	NM_006219.3	NM_006219.3.fasta	1209	1238	+	30	AATGCTGCAAGATCAAGAAAATGTATGAAC	GUUCAUACAUUUUCUUGAUCUUGCAGCAUU	0
NM_006219.3:1210-1239	NM_006219.3	NM_006219.3.fasta	1210	1239	+	30	ATGCTGCAAGATCAAGAAAATGTATGAACA	UGUUCAUACAUUUUCUUGAUCUUGCAGCAU	0
NM_006219.3:1211-1240	NM_006219.3	NM_006219.3.fasta	1211	1240	+	30	TGCTGCAAGATCAAGAAAATGTATGAACAA	UUGUUCAUACAUUUUCUUGAUCUUGCAGCA	0
NM_006219.3:1212-1241	NM_006219.3	NM_006219.3.fasta	1212	1241	+	30	GCTGCAAGATCAAGAAAATGTATGAACAAG	CUUGUUCAUACAUUUUCUUGAUCUUGCAGC	0
NM_006219.3:1213-1242	NM_006219.3	NM_006219.3.fasta	1213	1242	+	30	CTGCAAGATCAAGAAAATGTATGAACAAGA	UCUUGUUCAUACAUUUUCUUGAUCUUGCAG	0
NM_006219.3:1214-1243	NM_006219.3	NM_006219.3.fasta	1214	1243	+	30	TGCAAGATCAAGAAAATGTATGAACAAGAA	UUCUUGUUCAUACAUUUUCUUGAUCUUGCA	0
NM_006219.3:1215-1244	NM_006219.3	NM_006219.3.fasta	1215	1244	+	30	GCAAGATCAAGAAAATGTATGAACAAGAAA	UUUCUUGUUCAUACAUUUUCUUGAUCUUGC	0
NM_006219.3:1216-1245	NM_006219.3	NM_006219.3.fasta	1216	1245	+	30	CAAGATCAAGAAAATGTATGAACAAGAAAT	AUUUCUUGUUCAUACAUUUUCUUGAUCUUG	0
NM_006219.3:1217-1246	NM_006219.3	NM_006219.3.fasta	1217	1246	+	30	AAGATCAAGAAAATGTATGAACAAGAAATG	CAUUUCUUGUUCAUACAUUUUCUUGAUCUU	0
NM_006219.3:1218-1247	NM_006219.3	NM_006219.3.fasta	1218	1247	+	30	AGATCAAGAAAATGTATGAACAAGAAATGA	UCAUUUCUUGUUCAUACAUUUUCUUGAUCU	0
NM_006219.3:1219-1248	NM_006219.3	NM_006219.3.fasta	1219	1248	+	30	GATCAAGAAAATGTATGAACAAGAAATGAT	AUCAUUUCUUGUUCAUACAUUUUCUUGAUC	0
NM_006219.3:1220-1249	NM_006219.3	NM_006219.3.fasta	1220	1249	+	30	ATCAAGAAAATGTATGAACAAGAAATGATT	AAUCAUUUCUUGUUCAUACAUUUUCUUGAU	0
NM_006219.3:1221-1250	NM_006219.3	NM_006219.3.fasta	1221	1250	+	30	TCAAGAAAATGTATGAACAAGAAATGATTG	CAAUCAUUUCUUGUUCAUACAUUUUCUUGA	0
NM_006219.3:1222-1251	NM_006219.3	NM_006219.3.fasta	1222	1251	+	30	CAAGAAAATGTATGAACAAGAAATGATTGC	GCAAUCAUUUCUUGUUCAUACAUUUUCUUG	0
NM_006219.3:1223-1252	NM_006219.3	NM_006219.3.fasta	1223	1252	+	30	AAGAAAATGTATGAACAAGAAATGATTGCC	GGCAAUCAUUUCUUGUUCAUACAUUUUCUU	0
NM_006219.3:1224-1253	NM_006219.3	NM_006219.3.fasta	1224	1253	+	30	AGAAAATGTATGAACAAGAAATGATTGCCA	UGGCAAUCAUUUCUUGUUCAUACAUUUUCU	0
NM_006219.3:1225-1254	NM_006219.3	NM_006219.3.fasta	1225	1254	+	30	GAAAATGTATGAACAAGAAATGATTGCCAT	AUGGCAAUCAUUUCUUGUUCAUACAUUUUC	0
NM_006219.3:1226-1255	NM_006219.3	NM_006219.3.fasta	1226	1255	+	30	AAAATGTATGAACAAGAAATGATTGCCATA	UAUGGCAAUCAUUUCUUGUUCAUACAUUUU	0
NM_006219.3:1227-1256	NM_006219.3	NM_006219.3.fasta	1227	1256	+	30	AAATGTATGAACAAGAAATGATTGCCATAG	CUAUGGCAAUCAUUUCUUGUUCAUACAUUU	0
NM_006219.3:1228-1257	NM_006219.3	NM_006219.3.fasta	1228	1257	+	30	AATGTATGAACAAGAAATGATTGCCATAGA	UCUAUGGCAAUCAUUUCUUGUUCAUACAUU	0
NM_006219.3:1229-1258	NM_006219.3	NM_006219.3.fasta	1229	1258	+	30	ATGTATGAACAAGAAATGATTGCCATAGAG	CUCUAUGGCAAUCAUUUCUUGUUCAUACAU	0
NM_006219.3:1230-1259	NM_006219.3	NM_006219.3.fasta	1230	1259	+	30	TGTATGAACAAGAAATGATTGCCATAGAGG	CCUCUAUGGCAAUCAUUUCUUGUUCAUACA	0
NM_006219.3:1231-1260	NM_006219.3	NM_006219.3.fasta	1231	1260	+	30	GTATGAACAAGAAATGATTGCCATAGAGGC	GCCUCUAUGGCAAUCAUUUCUUGUUCAUAC	0
NM_006219.3:1232-1261	NM_006219.3	NM_006219.3.fasta	1232	1261	+	30	TATGAACAAGAAATGATTGCCATAGAGGCT	AGCCUCUAUGGCAAUCAUUUCUUGUUCAUA	0
NM_006219.3:1233-1262	NM_006219.3	NM_006219.3.fasta	1233	1262	+	30	ATGAACAAGAAATGATTGCCATAGAGGCTG	CAGCCUCUAUGGCAAUCAUUUCUUGUUCAU	0
NM_006219.3:1234-1263	NM_006219.3	NM_006219.3.fasta	1234	1263	+	30	TGAACAAGAAATGATTGCCATAGAGGCTGC	GCAGCCUCUAUGGCAAUCAUUUCUUGUUCA	0
NM_006219.3:1235-1264	NM_006219.3	NM_006219.3.fasta	1235	1264	+	30	GAACAAGAAATGATTGCCATAGAGGCTGCC	GGCAGCCUCUAUGGCAAUCAUUUCUUGUUC	0
NM_006219.3:1236-1265	NM_006219.3	NM_006219.3.fasta	1236	1265	+	30	AACAAGAAATGATTGCCATAGAGGCTGCCA	UGGCAGCCUCUAUGGCAAUCAUUUCUUGUU	0
NM_006219.3:1237-1266	NM_006219.3	NM_006219.3.fasta	1237	1266	+	30	ACAAGAAATGATTGCCATAGAGGCTGCCAT	AUGGCAGCCUCUAUGGCAAUCAUUUCUUGU	0
NM_006219.3:1238-1267	NM_006219.3	NM_006219.3.fasta	1238	1267	+	30	CAAGAAATGATTGCCATAGAGGCTGCCATA	UAUGGCAGCCUCUAUGGCAAUCAUUUCUUG	0
NM_006219.3:1239-1268	NM_006219.3	NM_006219.3.fasta	1239	1268	+	30	AAGAAATGATTGCCATAGAGGCTGCCATAA	UUAUGGCAGCCUCUAUGGCAAUCAUUUCUU	0
NM_006219.3:1240-1269	NM_006219.3	NM_006219.3.fasta	1240	1269	+	30	AGAAATGATTGCCATAGAGGCTGCCATAAA	UUUAUGGCAGCCUCUAUGGCAAUCAUUUCU	0
NM_006219.3:1241-1270	NM_006219.3	NM_006219.3.fasta	1241	1270	+	30	GAAATGATTGCCATAGAGGCTGCCATAAAT	AUUUAUGGCAGCCUCUAUGGCAAUCAUUUC	0
NM_006219.3:1242-1271	NM_006219.3	NM_006219.3.fasta	1242	1271	+	30	AAATGATTGCCATAGAGGCTGCCATAAATC	GAUUUAUGGCAGCCUCUAUGGCAAUCAUUU	0
NM_006219.3:1243-1272	NM_006219.3	NM_006219.3.fasta	1243	1272	+	30	AATGATTGCCATAGAGGCTGCCATAAATCG	CGAUUUAUGGCAGCCUCUAUGGCAAUCAUU	0
NM_006219.3:1244-1273	NM_006219.3	NM_006219.3.fasta	1244	1273	+	30	ATGATTGCCATAGAGGCTGCCATAAATCGA	UCGAUUUAUGGCAGCCUCUAUGGCAAUCAU	0
NM_006219.3:1245-1274	NM_006219.3	NM_006219.3.fasta	1245	1274	+	30	TGATTGCCATAGAGGCTGCCATAAATCGAA	UUCGAUUUAUGGCAGCCUCUAUGGCAAUCA	0
NM_006219.3:1246-1275	NM_006219.3	NM_006219.3.fasta	1246	1275	+	30	GATTGCCATAGAGGCTGCCATAAATCGAAA	UUUCGAUUUAUGGCAGCCUCUAUGGCAAUC	0
NM_006219.3:1247-1276	NM_006219.3	NM_006219.3.fasta	1247	1276	+	30	ATTGCCATAGAGGCTGCCATAAATCGAAAT	AUUUCGAUUUAUGGCAGCCUCUAUGGCAAU	0
NM_006219.3:1248-1277	NM_006219.3	NM_006219.3.fasta	1248	1277	+	30	TTGCCATAGAGGCTGCCATAAATCGAAATT	AAUUUCGAUUUAUGGCAGCCUCUAUGGCAA	0
NM_006219.3:1249-1278	NM_006219.3	NM_006219.3.fasta	1249	1278	+	30	TGCCATAGAGGCTGCCATAAATCGAAATTC	GAAUUUCGAUUUAUGGCAGCCUCUAUGGCA	0
NM_006219.3:1250-1279	NM_006219.3	NM_006219.3.fasta	1250	1279	+	30	GCCATAGAGGCTGCCATAAATCGAAATTCA	UGAAUUUCGAUUUAUGGCAGCCUCUAUGGC	0
NM_006219.3:1251-1280	NM_006219.3	NM_006219.3.fasta	1251	1280	+	30	CCATAGAGGCTGCCATAAATCGAAATTCAT	AUGAAUUUCGAUUUAUGGCAGCCUCUAUGG	0
NM_006219.3:1252-1281	NM_006219.3	NM_006219.3.fasta	1252	1281	+	30	CATAGAGGCTGCCATAAATCGAAATTCATC	GAUGAAUUUCGAUUUAUGGCAGCCUCUAUG	0
NM_006219.3:1253-1282	NM_006219.3	NM_006219.3.fasta	1253	1282	+	30	ATAGAGGCTGCCATAAATCGAAATTCATCT	AGAUGAAUUUCGAUUUAUGGCAGCCUCUAU	0
NM_006219.3:1254-1283	NM_006219.3	NM_006219.3.fasta	1254	1283	+	30	TAGAGGCTGCCATAAATCGAAATTCATCTA	UAGAUGAAUUUCGAUUUAUGGCAGCCUCUA	0
NM_006219.3:1255-1284	NM_006219.3	NM_006219.3.fasta	1255	1284	+	30	AGAGGCTGCCATAAATCGAAATTCATCTAA	UUAGAUGAAUUUCGAUUUAUGGCAGCCUCU	0
NM_006219.3:1256-1285	NM_006219.3	NM_006219.3.fasta	1256	1285	+	30	GAGGCTGCCATAAATCGAAATTCATCTAAT	AUUAGAUGAAUUUCGAUUUAUGGCAGCCUC	0
NM_006219.3:1257-1286	NM_006219.3	NM_006219.3.fasta	1257	1286	+	30	AGGCTGCCATAAATCGAAATTCATCTAATC	GAUUAGAUGAAUUUCGAUUUAUGGCAGCCU	0
NM_006219.3:1258-1287	NM_006219.3	NM_006219.3.fasta	1258	1287	+	30	GGCTGCCATAAATCGAAATTCATCTAATCT	AGAUUAGAUGAAUUUCGAUUUAUGGCAGCC	0
NM_006219.3:1259-1288	NM_006219.3	NM_006219.3.fasta	1259	1288	+	30	GCTGCCATAAATCGAAATTCATCTAATCTT	AAGAUUAGAUGAAUUUCGAUUUAUGGCAGC	0
NM_006219.3:1260-1289	NM_006219.3	NM_006219.3.fasta	1260	1289	+	30	CTGCCATAAATCGAAATTCATCTAATCTTC	GAAGAUUAGAUGAAUUUCGAUUUAUGGCAG	0
NM_006219.3:1261-1290	NM_006219.3	NM_006219.3.fasta	1261	1290	+	30	TGCCATAAATCGAAATTCATCTAATCTTCC	GGAAGAUUAGAUGAAUUUCGAUUUAUGGCA	0
NM_006219.3:1262-1291	NM_006219.3	NM_006219.3.fasta	1262	1291	+	30	GCCATAAATCGAAATTCATCTAATCTTCCT	AGGAAGAUUAGAUGAAUUUCGAUUUAUGGC	0
NM_006219.3:1263-1292	NM_006219.3	NM_006219.3.fasta	1263	1292	+	30	CCATAAATCGAAATTCATCTAATCTTCCTC	GAGGAAGAUUAGAUGAAUUUCGAUUUAUGG	0
NM_006219.3:1264-1293	NM_006219.3	NM_006219.3.fasta	1264	1293	+	30	CATAAATCGAAATTCATCTAATCTTCCTCT	AGAGGAAGAUUAGAUGAAUUUCGAUUUAUG	0
NM_006219.3:1265-1294	NM_006219.3	NM_006219.3.fasta	1265	1294	+	30	ATAAATCGAAATTCATCTAATCTTCCTCTT	AAGAGGAAGAUUAGAUGAAUUUCGAUUUAU	0
NM_006219.3:1266-1295	NM_006219.3	NM_006219.3.fasta	1266	1295	+	30	TAAATCGAAATTCATCTAATCTTCCTCTTC	GAAGAGGAAGAUUAGAUGAAUUUCGAUUUA	0
NM_006219.3:1267-1296	NM_006219.3	NM_006219.3.fasta	1267	1296	+	30	AAATCGAAATTCATCTAATCTTCCTCTTCC	GGAAGAGGAAGAUUAGAUGAAUUUCGAUUU	0
NM_006219.3:1268-1297	NM_006219.3	NM_006219.3.fasta	1268	1297	+	30	AATCGAAATTCATCTAATCTTCCTCTTCCA	UGGAAGAGGAAGAUUAGAUGAAUUUCGAUU	0
NM_006219.3:1269-1298	NM_006219.3	NM_006219.3.fasta	1269	1298	+	30	ATCGAAATTCATCTAATCTTCCTCTTCCAT	AUGGAAGAGGAAGAUUAGAUGAAUUUCGAU	0
NM_006219.3:1270-1299	NM_006219.3	NM_006219.3.fasta	1270	1299	+	30	TCGAAATTCATCTAATCTTCCTCTTCCATT	AAUGGAAGAGGAAGAUUAGAUGAAUUUCGA	0
NM_006219.3:1271-1300	NM_006219.3	NM_006219.3.fasta	1271	1300	+	30	CGAAATTCATCTAATCTTCCTCTTCCATTA	UAAUGGAAGAGGAAGAUUAGAUGAAUUUCG	0
NM_006219.3:1272-1301	NM_006219.3	NM_006219.3.fasta	1272	1301	+	30	GAAATTCATCTAATCTTCCTCTTCCATTAC	GUAAUGGAAGAGGAAGAUUAGAUGAAUUUC	0
NM_006219.3:1273-1302	NM_006219.3	NM_006219.3.fasta	1273	1302	+	30	AAATTCATCTAATCTTCCTCTTCCATTACC	GGUAAUGGAAGAGGAAGAUUAGAUGAAUUU	0
NM_006219.3:1274-1303	NM_006219.3	NM_006219.3.fasta	1274	1303	+	30	AATTCATCTAATCTTCCTCTTCCATTACCA	UGGUAAUGGAAGAGGAAGAUUAGAUGAAUU	0
NM_006219.3:1275-1304	NM_006219.3	NM_006219.3.fasta	1275	1304	+	30	ATTCATCTAATCTTCCTCTTCCATTACCAC	GUGGUAAUGGAAGAGGAAGAUUAGAUGAAU	0
NM_006219.3:1276-1305	NM_006219.3	NM_006219.3.fasta	1276	1305	+	30	TTCATCTAATCTTCCTCTTCCATTACCACC	GGUGGUAAUGGAAGAGGAAGAUUAGAUGAA	0
NM_006219.3:1277-1306	NM_006219.3	NM_006219.3.fasta	1277	1306	+	30	TCATCTAATCTTCCTCTTCCATTACCACCA	UGGUGGUAAUGGAAGAGGAAGAUUAGAUGA	0
NM_006219.3:1278-1307	NM_006219.3	NM_006219.3.fasta	1278	1307	+	30	CATCTAATCTTCCTCTTCCATTACCACCAA	UUGGUGGUAAUGGAAGAGGAAGAUUAGAUG	0
NM_006219.3:1279-1308	NM_006219.3	NM_006219.3.fasta	1279	1308	+	30	ATCTAATCTTCCTCTTCCATTACCACCAAA	UUUGGUGGUAAUGGAAGAGGAAGAUUAGAU	0
NM_006219.3:1280-1309	NM_006219.3	NM_006219.3.fasta	1280	1309	+	30	TCTAATCTTCCTCTTCCATTACCACCAAAG	CUUUGGUGGUAAUGGAAGAGGAAGAUUAGA	0
NM_006219.3:1281-1310	NM_006219.3	NM_006219.3.fasta	1281	1310	+	30	CTAATCTTCCTCTTCCATTACCACCAAAGA	UCUUUGGUGGUAAUGGAAGAGGAAGAUUAG	0
NM_006219.3:1282-1311	NM_006219.3	NM_006219.3.fasta	1282	1311	+	30	TAATCTTCCTCTTCCATTACCACCAAAGAA	UUCUUUGGUGGUAAUGGAAGAGGAAGAUUA	0
NM_006219.3:1283-1312	NM_006219.3	NM_006219.3.fasta	1283	1312	+	30	AATCTTCCTCTTCCATTACCACCAAAGAAA	UUUCUUUGGUGGUAAUGGAAGAGGAAGAUU	0
NM_006219.3:1284-1313	NM_006219.3	NM_006219.3.fasta	1284	1313	+	30	ATCTTCCTCTTCCATTACCACCAAAGAAAA	UUUUCUUUGGUGGUAAUGGAAGAGGAAGAU	0
NM_006219.3:1285-1314	NM_006219.3	NM_006219.3.fasta	1285	1314	+	30	TCTTCCTCTTCCATTACCACCAAAGAAAAC	GUUUUCUUUGGUGGUAAUGGAAGAGGAAGA	0
NM_006219.3:1286-1315	NM_006219.3	NM_006219.3.fasta	1286	1315	+	30	CTTCCTCTTCCATTACCACCAAAGAAAACA	UGUUUUCUUUGGUGGUAAUGGAAGAGGAAG	0
NM_006219.3:1287-1316	NM_006219.3	NM_006219.3.fasta	1287	1316	+	30	TTCCTCTTCCATTACCACCAAAGAAAACAC	GUGUUUUCUUUGGUGGUAAUGGAAGAGGAA	0
NM_006219.3:1288-1317	NM_006219.3	NM_006219.3.fasta	1288	1317	+	30	TCCTCTTCCATTACCACCAAAGAAAACACG	CGUGUUUUCUUUGGUGGUAAUGGAAGAGGA	0
NM_006219.3:1289-1318	NM_006219.3	NM_006219.3.fasta	1289	1318	+	30	CCTCTTCCATTACCACCAAAGAAAACACGA	UCGUGUUUUCUUUGGUGGUAAUGGAAGAGG	0
NM_006219.3:1290-1319	NM_006219.3	NM_006219.3.fasta	1290	1319	+	30	CTCTTCCATTACCACCAAAGAAAACACGAA	UUCGUGUUUUCUUUGGUGGUAAUGGAAGAG	0
NM_006219.3:1291-1320	NM_006219.3	NM_006219.3.fasta	1291	1320	+	30	TCTTCCATTACCACCAAAGAAAACACGAAT	AUUCGUGUUUUCUUUGGUGGUAAUGGAAGA	0
NM_006219.3:1292-1321	NM_006219.3	NM_006219.3.fasta	1292	1321	+	30	CTTCCATTACCACCAAAGAAAACACGAATT	AAUUCGUGUUUUCUUUGGUGGUAAUGGAAG	0
NM_006219.3:1293-1322	NM_006219.3	NM_006219.3.fasta	1293	1322	+	30	TTCCATTACCACCAAAGAAAACACGAATTA	UAAUUCGUGUUUUCUUUGGUGGUAAUGGAA	0
NM_006219.3:1294-1323	NM_006219.3	NM_006219.3.fasta	1294	1323	+	30	TCCATTACCACCAAAGAAAACACGAATTAT	AUAAUUCGUGUUUUCUUUGGUGGUAAUGGA	0
NM_006219.3:1295-1324	NM_006219.3	NM_006219.3.fasta	1295	1324	+	30	CCATTACCACCAAAGAAAACACGAATTATT	AAUAAUUCGUGUUUUCUUUGGUGGUAAUGG	0
NM_006219.3:1296-1325	NM_006219.3	NM_006219.3.fasta	1296	1325	+	30	CATTACCACCAAAGAAAACACGAATTATTT	AAAUAAUUCGUGUUUUCUUUGGUGGUAAUG	0
NM_006219.3:1297-1326	NM_006219.3	NM_006219.3.fasta	1297	1326	+	30	ATTACCACCAAAGAAAACACGAATTATTTC	GAAAUAAUUCGUGUUUUCUUUGGUGGUAAU	0
NM_006219.3:1298-1327	NM_006219.3	NM_006219.3.fasta	1298	1327	+	30	TTACCACCAAAGAAAACACGAATTATTTCT	AGAAAUAAUUCGUGUUUUCUUUGGUGGUAA	0
NM_006219.3:1299-1328	NM_006219.3	NM_006219.3.fasta	1299	1328	+	30	TACCACCAAAGAAAACACGAATTATTTCTC	GAGAAAUAAUUCGUGUUUUCUUUGGUGGUA	0
NM_006219.3:1300-1329	NM_006219.3	NM_006219.3.fasta	1300	1329	+	30	ACCACCAAAGAAAACACGAATTATTTCTCA	UGAGAAAUAAUUCGUGUUUUCUUUGGUGGU	0
NM_006219.3:1301-1330	NM_006219.3	NM_006219.3.fasta	1301	1330	+	30	CCACCAAAGAAAACACGAATTATTTCTCAT	AUGAGAAAUAAUUCGUGUUUUCUUUGGUGG	0
NM_006219.3:1302-1331	NM_006219.3	NM_006219.3.fasta	1302	1331	+	30	CACCAAAGAAAACACGAATTATTTCTCATG	CAUGAGAAAUAAUUCGUGUUUUCUUUGGUG	0
NM_006219.3:1303-1332	NM_006219.3	NM_006219.3.fasta	1303	1332	+	30	ACCAAAGAAAACACGAATTATTTCTCATGT	ACAUGAGAAAUAAUUCGUGUUUUCUUUGGU	0
NM_006219.3:1304-1333	NM_006219.3	NM_006219.3.fasta	1304	1333	+	30	CCAAAGAAAACACGAATTATTTCTCATGTT	AACAUGAGAAAUAAUUCGUGUUUUCUUUGG	0
NM_006219.3:1305-1334	NM_006219.3	NM_006219.3.fasta	1305	1334	+	30	CAAAGAAAACACGAATTATTTCTCATGTTT	AAACAUGAGAAAUAAUUCGUGUUUUCUUUG	0
NM_006219.3:1306-1335	NM_006219.3	NM_006219.3.fasta	1306	1335	+	30	AAAGAAAACACGAATTATTTCTCATGTTTG	CAAACAUGAGAAAUAAUUCGUGUUUUCUUU	0
NM_006219.3:1307-1336	NM_006219.3	NM_006219.3.fasta	1307	1336	+	30	AAGAAAACACGAATTATTTCTCATGTTTGG	CCAAACAUGAGAAAUAAUUCGUGUUUUCUU	0
NM_006219.3:1308-1337	NM_006219.3	NM_006219.3.fasta	1308	1337	+	30	AGAAAACACGAATTATTTCTCATGTTTGGG	CCCAAACAUGAGAAAUAAUUCGUGUUUUCU	0
NM_006219.3:1309-1338	NM_006219.3	NM_006219.3.fasta	1309	1338	+	30	GAAAACACGAATTATTTCTCATGTTTGGGA	UCCCAAACAUGAGAAAUAAUUCGUGUUUUC	0
NM_006219.3:1310-1339	NM_006219.3	NM_006219.3.fasta	1310	1339	+	30	AAAACACGAATTATTTCTCATGTTTGGGAA	UUCCCAAACAUGAGAAAUAAUUCGUGUUUU	0
NM_006219.3:1311-1340	NM_006219.3	NM_006219.3.fasta	1311	1340	+	30	AAACACGAATTATTTCTCATGTTTGGGAAA	UUUCCCAAACAUGAGAAAUAAUUCGUGUUU	0
NM_006219.3:1312-1341	NM_006219.3	NM_006219.3.fasta	1312	1341	+	30	AACACGAATTATTTCTCATGTTTGGGAAAA	UUUUCCCAAACAUGAGAAAUAAUUCGUGUU	0
NM_006219.3:1313-1342	NM_006219.3	NM_006219.3.fasta	1313	1342	+	30	ACACGAATTATTTCTCATGTTTGGGAAAAT	AUUUUCCCAAACAUGAGAAAUAAUUCGUGU	0
NM_006219.3:1314-1343	NM_006219.3	NM_006219.3.fasta	1314	1343	+	30	CACGAATTATTTCTCATGTTTGGGAAAATA	UAUUUUCCCAAACAUGAGAAAUAAUUCGUG	0
NM_006219.3:1315-1344	NM_006219.3	NM_006219.3.fasta	1315	1344	+	30	ACGAATTATTTCTCATGTTTGGGAAAATAA	UUAUUUUCCCAAACAUGAGAAAUAAUUCGU	0
NM_006219.3:1316-1345	NM_006219.3	NM_006219.3.fasta	1316	1345	+	30	CGAATTATTTCTCATGTTTGGGAAAATAAC	GUUAUUUUCCCAAACAUGAGAAAUAAUUCG	0
NM_006219.3:1317-1346	NM_006219.3	NM_006219.3.fasta	1317	1346	+	30	GAATTATTTCTCATGTTTGGGAAAATAACA	UGUUAUUUUCCCAAACAUGAGAAAUAAUUC	0
NM_006219.3:1318-1347	NM_006219.3	NM_006219.3.fasta	1318	1347	+	30	AATTATTTCTCATGTTTGGGAAAATAACAA	UUGUUAUUUUCCCAAACAUGAGAAAUAAUU	0
NM_006219.3:1319-1348	NM_006219.3	NM_006219.3.fasta	1319	1348	+	30	ATTATTTCTCATGTTTGGGAAAATAACAAC	GUUGUUAUUUUCCCAAACAUGAGAAAUAAU	0
NM_006219.3:1320-1349	NM_006219.3	NM_006219.3.fasta	1320	1349	+	30	TTATTTCTCATGTTTGGGAAAATAACAACC	GGUUGUUAUUUUCCCAAACAUGAGAAAUAA	0
NM_006219.3:1321-1350	NM_006219.3	NM_006219.3.fasta	1321	1350	+	30	TATTTCTCATGTTTGGGAAAATAACAACCC	GGGUUGUUAUUUUCCCAAACAUGAGAAAUA	0
NM_006219.3:1322-1351	NM_006219.3	NM_006219.3.fasta	1322	1351	+	30	ATTTCTCATGTTTGGGAAAATAACAACCCT	AGGGUUGUUAUUUUCCCAAACAUGAGAAAU	0
NM_006219.3:1323-1352	NM_006219.3	NM_006219.3.fasta	1323	1352	+	30	TTTCTCATGTTTGGGAAAATAACAACCCTT	AAGGGUUGUUAUUUUCCCAAACAUGAGAAA	0
NM_006219.3:1324-1353	NM_006219.3	NM_006219.3.fasta	1324	1353	+	30	TTCTCATGTTTGGGAAAATAACAACCCTTT	AAAGGGUUGUUAUUUUCCCAAACAUGAGAA	0
NM_006219.3:1325-1354	NM_006219.3	NM_006219.3.fasta	1325	1354	+	30	TCTCATGTTTGGGAAAATAACAACCCTTTC	GAAAGGGUUGUUAUUUUCCCAAACAUGAGA	0
NM_006219.3:1326-1355	NM_006219.3	NM_006219.3.fasta	1326	1355	+	30	CTCATGTTTGGGAAAATAACAACCCTTTCC	GGAAAGGGUUGUUAUUUUCCCAAACAUGAG	0
NM_006219.3:1327-1356	NM_006219.3	NM_006219.3.fasta	1327	1356	+	30	TCATGTTTGGGAAAATAACAACCCTTTCCA	UGGAAAGGGUUGUUAUUUUCCCAAACAUGA	0
NM_006219.3:1328-1357	NM_006219.3	NM_006219.3.fasta	1328	1357	+	30	CATGTTTGGGAAAATAACAACCCTTTCCAA	UUGGAAAGGGUUGUUAUUUUCCCAAACAUG	0
NM_006219.3:1329-1358	NM_006219.3	NM_006219.3.fasta	1329	1358	+	30	ATGTTTGGGAAAATAACAACCCTTTCCAAA	UUUGGAAAGGGUUGUUAUUUUCCCAAACAU	0
NM_006219.3:1330-1359	NM_006219.3	NM_006219.3.fasta	1330	1359	+	30	TGTTTGGGAAAATAACAACCCTTTCCAAAT	AUUUGGAAAGGGUUGUUAUUUUCCCAAACA	0
NM_006219.3:1331-1360	NM_006219.3	NM_006219.3.fasta	1331	1360	+	30	GTTTGGGAAAATAACAACCCTTTCCAAATT	AAUUUGGAAAGGGUUGUUAUUUUCCCAAAC	0
NM_006219.3:1332-1361	NM_006219.3	NM_006219.3.fasta	1332	1361	+	30	TTTGGGAAAATAACAACCCTTTCCAAATTG	CAAUUUGGAAAGGGUUGUUAUUUUCCCAAA	0
NM_006219.3:1333-1362	NM_006219.3	NM_006219.3.fasta	1333	1362	+	30	TTGGGAAAATAACAACCCTTTCCAAATTGT	ACAAUUUGGAAAGGGUUGUUAUUUUCCCAA	0
NM_006219.3:1334-1363	NM_006219.3	NM_006219.3.fasta	1334	1363	+	30	TGGGAAAATAACAACCCTTTCCAAATTGTC	GACAAUUUGGAAAGGGUUGUUAUUUUCCCA	0
NM_006219.3:1335-1364	NM_006219.3	NM_006219.3.fasta	1335	1364	+	30	GGGAAAATAACAACCCTTTCCAAATTGTCT	AGACAAUUUGGAAAGGGUUGUUAUUUUCCC	0
NM_006219.3:1336-1365	NM_006219.3	NM_006219.3.fasta	1336	1365	+	30	GGAAAATAACAACCCTTTCCAAATTGTCTT	AAGACAAUUUGGAAAGGGUUGUUAUUUUCC	0
NM_006219.3:1337-1366	NM_006219.3	NM_006219.3.fasta	1337	1366	+	30	GAAAATAACAACCCTTTCCAAATTGTCTTG	CAAGACAAUUUGGAAAGGGUUGUUAUUUUC	0
NM_006219.3:1338-1367	NM_006219.3	NM_006219.3.fasta	1338	1367	+	30	AAAATAACAACCCTTTCCAAATTGTCTTGG	CCAAGACAAUUUGGAAAGGGUUGUUAUUUU	0
NM_006219.3:1339-1368	NM_006219.3	NM_006219.3.fasta	1339	1368	+	30	AAATAACAACCCTTTCCAAATTGTCTTGGT	ACCAAGACAAUUUGGAAAGGGUUGUUAUUU	0
NM_006219.3:1340-1369	NM_006219.3	NM_006219.3.fasta	1340	1369	+	30	AATAACAACCCTTTCCAAATTGTCTTGGTT	AACCAAGACAAUUUGGAAAGGGUUGUUAUU	0
NM_006219.3:1341-1370	NM_006219.3	NM_006219.3.fasta	1341	1370	+	30	ATAACAACCCTTTCCAAATTGTCTTGGTTA	UAACCAAGACAAUUUGGAAAGGGUUGUUAU	0
NM_006219.3:1342-1371	NM_006219.3	NM_006219.3.fasta	1342	1371	+	30	TAACAACCCTTTCCAAATTGTCTTGGTTAA	UUAACCAAGACAAUUUGGAAAGGGUUGUUA	0
NM_006219.3:1343-1372	NM_006219.3	NM_006219.3.fasta	1343	1372	+	30	AACAACCCTTTCCAAATTGTCTTGGTTAAG	CUUAACCAAGACAAUUUGGAAAGGGUUGUU	0
NM_006219.3:1344-1373	NM_006219.3	NM_006219.3.fasta	1344	1373	+	30	ACAACCCTTTCCAAATTGTCTTGGTTAAGG	CCUUAACCAAGACAAUUUGGAAAGGGUUGU	0
NM_006219.3:1345-1374	NM_006219.3	NM_006219.3.fasta	1345	1374	+	30	CAACCCTTTCCAAATTGTCTTGGTTAAGGG	CCCUUAACCAAGACAAUUUGGAAAGGGUUG	0
NM_006219.3:1346-1375	NM_006219.3	NM_006219.3.fasta	1346	1375	+	30	AACCCTTTCCAAATTGTCTTGGTTAAGGGA	UCCCUUAACCAAGACAAUUUGGAAAGGGUU	0
NM_006219.3:1347-1376	NM_006219.3	NM_006219.3.fasta	1347	1376	+	30	ACCCTTTCCAAATTGTCTTGGTTAAGGGAA	UUCCCUUAACCAAGACAAUUUGGAAAGGGU	0
NM_006219.3:1348-1377	NM_006219.3	NM_006219.3.fasta	1348	1377	+	30	CCCTTTCCAAATTGTCTTGGTTAAGGGAAA	UUUCCCUUAACCAAGACAAUUUGGAAAGGG	0
NM_006219.3:1349-1378	NM_006219.3	NM_006219.3.fasta	1349	1378	+	30	CCTTTCCAAATTGTCTTGGTTAAGGGAAAT	AUUUCCCUUAACCAAGACAAUUUGGAAAGG	0
NM_006219.3:1350-1379	NM_006219.3	NM_006219.3.fasta	1350	1379	+	30	CTTTCCAAATTGTCTTGGTTAAGGGAAATA	UAUUUCCCUUAACCAAGACAAUUUGGAAAG	0
NM_006219.3:1351-1380	NM_006219.3	NM_006219.3.fasta	1351	1380	+	30	TTTCCAAATTGTCTTGGTTAAGGGAAATAA	UUAUUUCCCUUAACCAAGACAAUUUGGAAA	0
NM_006219.3:1352-1381	NM_006219.3	NM_006219.3.fasta	1352	1381	+	30	TTCCAAATTGTCTTGGTTAAGGGAAATAAA	UUUAUUUCCCUUAACCAAGACAAUUUGGAA	0
NM_006219.3:1353-1382	NM_006219.3	NM_006219.3.fasta	1353	1382	+	30	TCCAAATTGTCTTGGTTAAGGGAAATAAAC	GUUUAUUUCCCUUAACCAAGACAAUUUGGA	0
NM_006219.3:1354-1383	NM_006219.3	NM_006219.3.fasta	1354	1383	+	30	CCAAATTGTCTTGGTTAAGGGAAATAAACT	AGUUUAUUUCCCUUAACCAAGACAAUUUGG	0
NM_006219.3:1355-1384	NM_006219.3	NM_006219.3.fasta	1355	1384	+	30	CAAATTGTCTTGGTTAAGGGAAATAAACTT	AAGUUUAUUUCCCUUAACCAAGACAAUUUG	0
NM_006219.3:1356-1385	NM_006219.3	NM_006219.3.fasta	1356	1385	+	30	AAATTGTCTTGGTTAAGGGAAATAAACTTA	UAAGUUUAUUUCCCUUAACCAAGACAAUUU	0
NM_006219.3:1357-1386	NM_006219.3	NM_006219.3.fasta	1357	1386	+	30	AATTGTCTTGGTTAAGGGAAATAAACTTAA	UUAAGUUUAUUUCCCUUAACCAAGACAAUU	0
NM_006219.3:1358-1387	NM_006219.3	NM_006219.3.fasta	1358	1387	+	30	ATTGTCTTGGTTAAGGGAAATAAACTTAAC	GUUAAGUUUAUUUCCCUUAACCAAGACAAU	0
NM_006219.3:1359-1388	NM_006219.3	NM_006219.3.fasta	1359	1388	+	30	TTGTCTTGGTTAAGGGAAATAAACTTAACA	UGUUAAGUUUAUUUCCCUUAACCAAGACAA	0
NM_006219.3:1360-1389	NM_006219.3	NM_006219.3.fasta	1360	1389	+	30	TGTCTTGGTTAAGGGAAATAAACTTAACAC	GUGUUAAGUUUAUUUCCCUUAACCAAGACA	0
NM_006219.3:1361-1390	NM_006219.3	NM_006219.3.fasta	1361	1390	+	30	GTCTTGGTTAAGGGAAATAAACTTAACACA	UGUGUUAAGUUUAUUUCCCUUAACCAAGAC	0
NM_006219.3:1362-1391	NM_006219.3	NM_006219.3.fasta	1362	1391	+	30	TCTTGGTTAAGGGAAATAAACTTAACACAG	CUGUGUUAAGUUUAUUUCCCUUAACCAAGA	0
NM_006219.3:1363-1392	NM_006219.3	NM_006219.3.fasta	1363	1392	+	30	CTTGGTTAAGGGAAATAAACTTAACACAGA	UCUGUGUUAAGUUUAUUUCCCUUAACCAAG	0
NM_006219.3:1364-1393	NM_006219.3	NM_006219.3.fasta	1364	1393	+	30	TTGGTTAAGGGAAATAAACTTAACACAGAG	CUCUGUGUUAAGUUUAUUUCCCUUAACCAA	0
NM_006219.3:1365-1394	NM_006219.3	NM_006219.3.fasta	1365	1394	+	30	TGGTTAAGGGAAATAAACTTAACACAGAGG	CCUCUGUGUUAAGUUUAUUUCCCUUAACCA	0
NM_006219.3:1366-1395	NM_006219.3	NM_006219.3.fasta	1366	1395	+	30	GGTTAAGGGAAATAAACTTAACACAGAGGA	UCCUCUGUGUUAAGUUUAUUUCCCUUAACC	0
NM_006219.3:1367-1396	NM_006219.3	NM_006219.3.fasta	1367	1396	+	30	GTTAAGGGAAATAAACTTAACACAGAGGAA	UUCCUCUGUGUUAAGUUUAUUUCCCUUAAC	0
NM_006219.3:1368-1397	NM_006219.3	NM_006219.3.fasta	1368	1397	+	30	TTAAGGGAAATAAACTTAACACAGAGGAAA	UUUCCUCUGUGUUAAGUUUAUUUCCCUUAA	0
NM_006219.3:1369-1398	NM_006219.3	NM_006219.3.fasta	1369	1398	+	30	TAAGGGAAATAAACTTAACACAGAGGAAAC	GUUUCCUCUGUGUUAAGUUUAUUUCCCUUA	0
NM_006219.3:1370-1399	NM_006219.3	NM_006219.3.fasta	1370	1399	+	30	AAGGGAAATAAACTTAACACAGAGGAAACT	AGUUUCCUCUGUGUUAAGUUUAUUUCCCUU	0
NM_006219.3:1371-1400	NM_006219.3	NM_006219.3.fasta	1371	1400	+	30	AGGGAAATAAACTTAACACAGAGGAAACTG	CAGUUUCCUCUGUGUUAAGUUUAUUUCCCU	0
NM_006219.3:1372-1401	NM_006219.3	NM_006219.3.fasta	1372	1401	+	30	GGGAAATAAACTTAACACAGAGGAAACTGT	ACAGUUUCCUCUGUGUUAAGUUUAUUUCCC	0
NM_006219.3:1373-1402	NM_006219.3	NM_006219.3.fasta	1373	1402	+	30	GGAAATAAACTTAACACAGAGGAAACTGTA	UACAGUUUCCUCUGUGUUAAGUUUAUUUCC	0
NM_006219.3:1374-1403	NM_006219.3	NM_006219.3.fasta	1374	1403	+	30	GAAATAAACTTAACACAGAGGAAACTGTAA	UUACAGUUUCCUCUGUGUUAAGUUUAUUUC	0
NM_006219.3:1375-1404	NM_006219.3	NM_006219.3.fasta	1375	1404	+	30	AAATAAACTTAACACAGAGGAAACTGTAAA	UUUACAGUUUCCUCUGUGUUAAGUUUAUUU	0
NM_006219.3:1376-1405	NM_006219.3	NM_006219.3.fasta	1376	1405	+	30	AATAAACTTAACACAGAGGAAACTGTAAAA	UUUUACAGUUUCCUCUGUGUUAAGUUUAUU	0
NM_006219.3:1377-1406	NM_006219.3	NM_006219.3.fasta	1377	1406	+	30	ATAAACTTAACACAGAGGAAACTGTAAAAG	CUUUUACAGUUUCCUCUGUGUUAAGUUUAU	0
NM_006219.3:1378-1407	NM_006219.3	NM_006219.3.fasta	1378	1407	+	30	TAAACTTAACACAGAGGAAACTGTAAAAGT	ACUUUUACAGUUUCCUCUGUGUUAAGUUUA	0
NM_006219.3:1379-1408	NM_006219.3	NM_006219.3.fasta	1379	1408	+	30	AAACTTAACACAGAGGAAACTGTAAAAGTT	AACUUUUACAGUUUCCUCUGUGUUAAGUUU	0
NM_006219.3:1380-1409	NM_006219.3	NM_006219.3.fasta	1380	1409	+	30	AACTTAACACAGAGGAAACTGTAAAAGTTC	GAACUUUUACAGUUUCCUCUGUGUUAAGUU	0
NM_006219.3:1381-1410	NM_006219.3	NM_006219.3.fasta	1381	1410	+	30	ACTTAACACAGAGGAAACTGTAAAAGTTCA	UGAACUUUUACAGUUUCCUCUGUGUUAAGU	0
NM_006219.3:1382-1411	NM_006219.3	NM_006219.3.fasta	1382	1411	+	30	CTTAACACAGAGGAAACTGTAAAAGTTCAT	AUGAACUUUUACAGUUUCCUCUGUGUUAAG	0
NM_006219.3:1383-1412	NM_006219.3	NM_006219.3.fasta	1383	1412	+	30	TTAACACAGAGGAAACTGTAAAAGTTCATG	CAUGAACUUUUACAGUUUCCUCUGUGUUAA	0
NM_006219.3:1384-1413	NM_006219.3	NM_006219.3.fasta	1384	1413	+	30	TAACACAGAGGAAACTGTAAAAGTTCATGT	ACAUGAACUUUUACAGUUUCCUCUGUGUUA	0
NM_006219.3:1385-1414	NM_006219.3	NM_006219.3.fasta	1385	1414	+	30	AACACAGAGGAAACTGTAAAAGTTCATGTC	GACAUGAACUUUUACAGUUUCCUCUGUGUU	0
NM_006219.3:1386-1415	NM_006219.3	NM_006219.3.fasta	1386	1415	+	30	ACACAGAGGAAACTGTAAAAGTTCATGTCA	UGACAUGAACUUUUACAGUUUCCUCUGUGU	0
NM_006219.3:1387-1416	NM_006219.3	NM_006219.3.fasta	1387	1416	+	30	CACAGAGGAAACTGTAAAAGTTCATGTCAG	CUGACAUGAACUUUUACAGUUUCCUCUGUG	0
NM_006219.3:1388-1417	NM_006219.3	NM_006219.3.fasta	1388	1417	+	30	ACAGAGGAAACTGTAAAAGTTCATGTCAGG	CCUGACAUGAACUUUUACAGUUUCCUCUGU	0
NM_006219.3:1389-1418	NM_006219.3	NM_006219.3.fasta	1389	1418	+	30	CAGAGGAAACTGTAAAAGTTCATGTCAGGG	CCCUGACAUGAACUUUUACAGUUUCCUCUG	0
NM_006219.3:1390-1419	NM_006219.3	NM_006219.3.fasta	1390	1419	+	30	AGAGGAAACTGTAAAAGTTCATGTCAGGGC	GCCCUGACAUGAACUUUUACAGUUUCCUCU	0
NM_006219.3:1391-1420	NM_006219.3	NM_006219.3.fasta	1391	1420	+	30	GAGGAAACTGTAAAAGTTCATGTCAGGGCT	AGCCCUGACAUGAACUUUUACAGUUUCCUC	0
NM_006219.3:1392-1421	NM_006219.3	NM_006219.3.fasta	1392	1421	+	30	AGGAAACTGTAAAAGTTCATGTCAGGGCTG	CAGCCCUGACAUGAACUUUUACAGUUUCCU	0
NM_006219.3:1393-1422	NM_006219.3	NM_006219.3.fasta	1393	1422	+	30	GGAAACTGTAAAAGTTCATGTCAGGGCTGG	CCAGCCCUGACAUGAACUUUUACAGUUUCC	0
NM_006219.3:1394-1423	NM_006219.3	NM_006219.3.fasta	1394	1423	+	30	GAAACTGTAAAAGTTCATGTCAGGGCTGGT	ACCAGCCCUGACAUGAACUUUUACAGUUUC	0
NM_006219.3:1395-1424	NM_006219.3	NM_006219.3.fasta	1395	1424	+	30	AAACTGTAAAAGTTCATGTCAGGGCTGGTC	GACCAGCCCUGACAUGAACUUUUACAGUUU	0
NM_006219.3:1396-1425	NM_006219.3	NM_006219.3.fasta	1396	1425	+	30	AACTGTAAAAGTTCATGTCAGGGCTGGTCT	AGACCAGCCCUGACAUGAACUUUUACAGUU	0
NM_006219.3:1397-1426	NM_006219.3	NM_006219.3.fasta	1397	1426	+	30	ACTGTAAAAGTTCATGTCAGGGCTGGTCTT	AAGACCAGCCCUGACAUGAACUUUUACAGU	0
NM_006219.3:1398-1427	NM_006219.3	NM_006219.3.fasta	1398	1427	+	30	CTGTAAAAGTTCATGTCAGGGCTGGTCTTT	AAAGACCAGCCCUGACAUGAACUUUUACAG	0
NM_006219.3:1399-1428	NM_006219.3	NM_006219.3.fasta	1399	1428	+	30	TGTAAAAGTTCATGTCAGGGCTGGTCTTTT	AAAAGACCAGCCCUGACAUGAACUUUUACA	0
NM_006219.3:1400-1429	NM_006219.3	NM_006219.3.fasta	1400	1429	+	30	GTAAAAGTTCATGTCAGGGCTGGTCTTTTT	AAAAAGACCAGCCCUGACAUGAACUUUUAC	0
NM_006219.3:1401-1430	NM_006219.3	NM_006219.3.fasta	1401	1430	+	30	TAAAAGTTCATGTCAGGGCTGGTCTTTTTC	GAAAAAGACCAGCCCUGACAUGAACUUUUA	0
NM_006219.3:1402-1431	NM_006219.3	NM_006219.3.fasta	1402	1431	+	30	AAAAGTTCATGTCAGGGCTGGTCTTTTTCA	UGAAAAAGACCAGCCCUGACAUGAACUUUU	0
NM_006219.3:1403-1432	NM_006219.3	NM_006219.3.fasta	1403	1432	+	30	AAAGTTCATGTCAGGGCTGGTCTTTTTCAT	AUGAAAAAGACCAGCCCUGACAUGAACUUU	0
NM_006219.3:1404-1433	NM_006219.3	NM_006219.3.fasta	1404	1433	+	30	AAGTTCATGTCAGGGCTGGTCTTTTTCATG	CAUGAAAAAGACCAGCCCUGACAUGAACUU	0
NM_006219.3:1405-1434	NM_006219.3	NM_006219.3.fasta	1405	1434	+	30	AGTTCATGTCAGGGCTGGTCTTTTTCATGG	CCAUGAAAAAGACCAGCCCUGACAUGAACU	0
NM_006219.3:1406-1435	NM_006219.3	NM_006219.3.fasta	1406	1435	+	30	GTTCATGTCAGGGCTGGTCTTTTTCATGGT	ACCAUGAAAAAGACCAGCCCUGACAUGAAC	0
NM_006219.3:1407-1436	NM_006219.3	NM_006219.3.fasta	1407	1436	+	30	TTCATGTCAGGGCTGGTCTTTTTCATGGTA	UACCAUGAAAAAGACCAGCCCUGACAUGAA	0
NM_006219.3:1408-1437	NM_006219.3	NM_006219.3.fasta	1408	1437	+	30	TCATGTCAGGGCTGGTCTTTTTCATGGTAC	GUACCAUGAAAAAGACCAGCCCUGACAUGA	0
NM_006219.3:1409-1438	NM_006219.3	NM_006219.3.fasta	1409	1438	+	30	CATGTCAGGGCTGGTCTTTTTCATGGTACT	AGUACCAUGAAAAAGACCAGCCCUGACAUG	0
NM_006219.3:1410-1439	NM_006219.3	NM_006219.3.fasta	1410	1439	+	30	ATGTCAGGGCTGGTCTTTTTCATGGTACTG	CAGUACCAUGAAAAAGACCAGCCCUGACAU	0
NM_006219.3:1411-1440	NM_006219.3	NM_006219.3.fasta	1411	1440	+	30	TGTCAGGGCTGGTCTTTTTCATGGTACTGA	UCAGUACCAUGAAAAAGACCAGCCCUGACA	0
NM_006219.3:1412-1441	NM_006219.3	NM_006219.3.fasta	1412	1441	+	30	GTCAGGGCTGGTCTTTTTCATGGTACTGAG	CUCAGUACCAUGAAAAAGACCAGCCCUGAC	0
NM_006219.3:1413-1442	NM_006219.3	NM_006219.3.fasta	1413	1442	+	30	TCAGGGCTGGTCTTTTTCATGGTACTGAGC	GCUCAGUACCAUGAAAAAGACCAGCCCUGA	0
NM_006219.3:1414-1443	NM_006219.3	NM_006219.3.fasta	1414	1443	+	30	CAGGGCTGGTCTTTTTCATGGTACTGAGCT	AGCUCAGUACCAUGAAAAAGACCAGCCCUG	0
NM_006219.3:1415-1444	NM_006219.3	NM_006219.3.fasta	1415	1444	+	30	AGGGCTGGTCTTTTTCATGGTACTGAGCTC	GAGCUCAGUACCAUGAAAAAGACCAGCCCU	0
NM_006219.3:1416-1445	NM_006219.3	NM_006219.3.fasta	1416	1445	+	30	GGGCTGGTCTTTTTCATGGTACTGAGCTCC	GGAGCUCAGUACCAUGAAAAAGACCAGCCC	0
NM_006219.3:1417-1446	NM_006219.3	NM_006219.3.fasta	1417	1446	+	30	GGCTGGTCTTTTTCATGGTACTGAGCTCCT	AGGAGCUCAGUACCAUGAAAAAGACCAGCC	0
NM_006219.3:1418-1447	NM_006219.3	NM_006219.3.fasta	1418	1447	+	30	GCTGGTCTTTTTCATGGTACTGAGCTCCTG	CAGGAGCUCAGUACCAUGAAAAAGACCAGC	0
NM_006219.3:1419-1448	NM_006219.3	NM_006219.3.fasta	1419	1448	+	30	CTGGTCTTTTTCATGGTACTGAGCTCCTGT	ACAGGAGCUCAGUACCAUGAAAAAGACCAG	0
NM_006219.3:1420-1449	NM_006219.3	NM_006219.3.fasta	1420	1449	+	30	TGGTCTTTTTCATGGTACTGAGCTCCTGTG	CACAGGAGCUCAGUACCAUGAAAAAGACCA	0
NM_006219.3:1421-1450	NM_006219.3	NM_006219.3.fasta	1421	1450	+	30	GGTCTTTTTCATGGTACTGAGCTCCTGTGT	ACACAGGAGCUCAGUACCAUGAAAAAGACC	0
NM_006219.3:1422-1451	NM_006219.3	NM_006219.3.fasta	1422	1451	+	30	GTCTTTTTCATGGTACTGAGCTCCTGTGTA	UACACAGGAGCUCAGUACCAUGAAAAAGAC	0
NM_006219.3:1423-1452	NM_006219.3	NM_006219.3.fasta	1423	1452	+	30	TCTTTTTCATGGTACTGAGCTCCTGTGTAA	UUACACAGGAGCUCAGUACCAUGAAAAAGA	0
NM_006219.3:1424-1453	NM_006219.3	NM_006219.3.fasta	1424	1453	+	30	CTTTTTCATGGTACTGAGCTCCTGTGTAAA	UUUACACAGGAGCUCAGUACCAUGAAAAAG	0
NM_006219.3:1425-1454	NM_006219.3	NM_006219.3.fasta	1425	1454	+	30	TTTTTCATGGTACTGAGCTCCTGTGTAAAA	UUUUACACAGGAGCUCAGUACCAUGAAAAA	0
NM_006219.3:1426-1455	NM_006219.3	NM_006219.3.fasta	1426	1455	+	30	TTTTCATGGTACTGAGCTCCTGTGTAAAAC	GUUUUACACAGGAGCUCAGUACCAUGAAAA	0
NM_006219.3:1427-1456	NM_006219.3	NM_006219.3.fasta	1427	1456	+	30	TTTCATGGTACTGAGCTCCTGTGTAAAACC	GGUUUUACACAGGAGCUCAGUACCAUGAAA	0
NM_006219.3:1428-1457	NM_006219.3	NM_006219.3.fasta	1428	1457	+	30	TTCATGGTACTGAGCTCCTGTGTAAAACCA	UGGUUUUACACAGGAGCUCAGUACCAUGAA	0
NM_006219.3:1429-1458	NM_006219.3	NM_006219.3.fasta	1429	1458	+	30	TCATGGTACTGAGCTCCTGTGTAAAACCAT	AUGGUUUUACACAGGAGCUCAGUACCAUGA	0
NM_006219.3:1430-1459	NM_006219.3	NM_006219.3.fasta	1430	1459	+	30	CATGGTACTGAGCTCCTGTGTAAAACCATC	GAUGGUUUUACACAGGAGCUCAGUACCAUG	0
NM_006219.3:1431-1460	NM_006219.3	NM_006219.3.fasta	1431	1460	+	30	ATGGTACTGAGCTCCTGTGTAAAACCATCG	CGAUGGUUUUACACAGGAGCUCAGUACCAU	0
NM_006219.3:1432-1461	NM_006219.3	NM_006219.3.fasta	1432	1461	+	30	TGGTACTGAGCTCCTGTGTAAAACCATCGT	ACGAUGGUUUUACACAGGAGCUCAGUACCA	0
NM_006219.3:1433-1462	NM_006219.3	NM_006219.3.fasta	1433	1462	+	30	GGTACTGAGCTCCTGTGTAAAACCATCGTA	UACGAUGGUUUUACACAGGAGCUCAGUACC	0
NM_006219.3:1434-1463	NM_006219.3	NM_006219.3.fasta	1434	1463	+	30	GTACTGAGCTCCTGTGTAAAACCATCGTAA	UUACGAUGGUUUUACACAGGAGCUCAGUAC	0
NM_006219.3:1435-1464	NM_006219.3	NM_006219.3.fasta	1435	1464	+	30	TACTGAGCTCCTGTGTAAAACCATCGTAAG	CUUACGAUGGUUUUACACAGGAGCUCAGUA	0
NM_006219.3:1436-1465	NM_006219.3	NM_006219.3.fasta	1436	1465	+	30	ACTGAGCTCCTGTGTAAAACCATCGTAAGC	GCUUACGAUGGUUUUACACAGGAGCUCAGU	0
NM_006219.3:1437-1466	NM_006219.3	NM_006219.3.fasta	1437	1466	+	30	CTGAGCTCCTGTGTAAAACCATCGTAAGCT	AGCUUACGAUGGUUUUACACAGGAGCUCAG	0
NM_006219.3:1438-1467	NM_006219.3	NM_006219.3.fasta	1438	1467	+	30	TGAGCTCCTGTGTAAAACCATCGTAAGCTC	GAGCUUACGAUGGUUUUACACAGGAGCUCA	0
NM_006219.3:1439-1468	NM_006219.3	NM_006219.3.fasta	1439	1468	+	30	GAGCTCCTGTGTAAAACCATCGTAAGCTCA	UGAGCUUACGAUGGUUUUACACAGGAGCUC	0
NM_006219.3:1440-1469	NM_006219.3	NM_006219.3.fasta	1440	1469	+	30	AGCTCCTGTGTAAAACCATCGTAAGCTCAG	CUGAGCUUACGAUGGUUUUACACAGGAGCU	0
NM_006219.3:1441-1470	NM_006219.3	NM_006219.3.fasta	1441	1470	+	30	GCTCCTGTGTAAAACCATCGTAAGCTCAGA	UCUGAGCUUACGAUGGUUUUACACAGGAGC	0
NM_006219.3:1442-1471	NM_006219.3	NM_006219.3.fasta	1442	1471	+	30	CTCCTGTGTAAAACCATCGTAAGCTCAGAG	CUCUGAGCUUACGAUGGUUUUACACAGGAG	0
NM_006219.3:1443-1472	NM_006219.3	NM_006219.3.fasta	1443	1472	+	30	TCCTGTGTAAAACCATCGTAAGCTCAGAGG	CCUCUGAGCUUACGAUGGUUUUACACAGGA	0
NM_006219.3:1444-1473	NM_006219.3	NM_006219.3.fasta	1444	1473	+	30	CCTGTGTAAAACCATCGTAAGCTCAGAGGT	ACCUCUGAGCUUACGAUGGUUUUACACAGG	0
NM_006219.3:1445-1474	NM_006219.3	NM_006219.3.fasta	1445	1474	+	30	CTGTGTAAAACCATCGTAAGCTCAGAGGTA	UACCUCUGAGCUUACGAUGGUUUUACACAG	0
NM_006219.3:1446-1475	NM_006219.3	NM_006219.3.fasta	1446	1475	+	30	TGTGTAAAACCATCGTAAGCTCAGAGGTAT	AUACCUCUGAGCUUACGAUGGUUUUACACA	0
NM_006219.3:1447-1476	NM_006219.3	NM_006219.3.fasta	1447	1476	+	30	GTGTAAAACCATCGTAAGCTCAGAGGTATC	GAUACCUCUGAGCUUACGAUGGUUUUACAC	0
NM_006219.3:1448-1477	NM_006219.3	NM_006219.3.fasta	1448	1477	+	30	TGTAAAACCATCGTAAGCTCAGAGGTATCA	UGAUACCUCUGAGCUUACGAUGGUUUUACA	0
NM_006219.3:1449-1478	NM_006219.3	NM_006219.3.fasta	1449	1478	+	30	GTAAAACCATCGTAAGCTCAGAGGTATCAG	CUGAUACCUCUGAGCUUACGAUGGUUUUAC	0
NM_006219.3:1450-1479	NM_006219.3	NM_006219.3.fasta	1450	1479	+	30	TAAAACCATCGTAAGCTCAGAGGTATCAGG	CCUGAUACCUCUGAGCUUACGAUGGUUUUA	0
NM_006219.3:1451-1480	NM_006219.3	NM_006219.3.fasta	1451	1480	+	30	AAAACCATCGTAAGCTCAGAGGTATCAGGG	CCCUGAUACCUCUGAGCUUACGAUGGUUUU	0
NM_006219.3:1452-1481	NM_006219.3	NM_006219.3.fasta	1452	1481	+	30	AAACCATCGTAAGCTCAGAGGTATCAGGGA	UCCCUGAUACCUCUGAGCUUACGAUGGUUU	0
NM_006219.3:1453-1482	NM_006219.3	NM_006219.3.fasta	1453	1482	+	30	AACCATCGTAAGCTCAGAGGTATCAGGGAA	UUCCCUGAUACCUCUGAGCUUACGAUGGUU	0
NM_006219.3:1454-1483	NM_006219.3	NM_006219.3.fasta	1454	1483	+	30	ACCATCGTAAGCTCAGAGGTATCAGGGAAA	UUUCCCUGAUACCUCUGAGCUUACGAUGGU	0
NM_006219.3:1455-1484	NM_006219.3	NM_006219.3.fasta	1455	1484	+	30	CCATCGTAAGCTCAGAGGTATCAGGGAAAA	UUUUCCCUGAUACCUCUGAGCUUACGAUGG	0
NM_006219.3:1456-1485	NM_006219.3	NM_006219.3.fasta	1456	1485	+	30	CATCGTAAGCTCAGAGGTATCAGGGAAAAA	UUUUUCCCUGAUACCUCUGAGCUUACGAUG	0
NM_006219.3:1457-1486	NM_006219.3	NM_006219.3.fasta	1457	1486	+	30	ATCGTAAGCTCAGAGGTATCAGGGAAAAAT	AUUUUUCCCUGAUACCUCUGAGCUUACGAU	0
NM_006219.3:1458-1487	NM_006219.3	NM_006219.3.fasta	1458	1487	+	30	TCGTAAGCTCAGAGGTATCAGGGAAAAATG	CAUUUUUCCCUGAUACCUCUGAGCUUACGA	0
NM_006219.3:1459-1488	NM_006219.3	NM_006219.3.fasta	1459	1488	+	30	CGTAAGCTCAGAGGTATCAGGGAAAAATGA	UCAUUUUUCCCUGAUACCUCUGAGCUUACG	0
NM_006219.3:1460-1489	NM_006219.3	NM_006219.3.fasta	1460	1489	+	30	GTAAGCTCAGAGGTATCAGGGAAAAATGAT	AUCAUUUUUCCCUGAUACCUCUGAGCUUAC	0
NM_006219.3:1461-1490	NM_006219.3	NM_006219.3.fasta	1461	1490	+	30	TAAGCTCAGAGGTATCAGGGAAAAATGATC	GAUCAUUUUUCCCUGAUACCUCUGAGCUUA	0
NM_006219.3:1462-1491	NM_006219.3	NM_006219.3.fasta	1462	1491	+	30	AAGCTCAGAGGTATCAGGGAAAAATGATCA	UGAUCAUUUUUCCCUGAUACCUCUGAGCUU	0
NM_006219.3:1463-1492	NM_006219.3	NM_006219.3.fasta	1463	1492	+	30	AGCTCAGAGGTATCAGGGAAAAATGATCAT	AUGAUCAUUUUUCCCUGAUACCUCUGAGCU	0
NM_006219.3:1464-1493	NM_006219.3	NM_006219.3.fasta	1464	1493	+	30	GCTCAGAGGTATCAGGGAAAAATGATCATA	UAUGAUCAUUUUUCCCUGAUACCUCUGAGC	0
NM_006219.3:1465-1494	NM_006219.3	NM_006219.3.fasta	1465	1494	+	30	CTCAGAGGTATCAGGGAAAAATGATCATAT	AUAUGAUCAUUUUUCCCUGAUACCUCUGAG	0
NM_006219.3:1466-1495	NM_006219.3	NM_006219.3.fasta	1466	1495	+	30	TCAGAGGTATCAGGGAAAAATGATCATATT	AAUAUGAUCAUUUUUCCCUGAUACCUCUGA	0
NM_006219.3:1467-1496	NM_006219.3	NM_006219.3.fasta	1467	1496	+	30	CAGAGGTATCAGGGAAAAATGATCATATTT	AAAUAUGAUCAUUUUUCCCUGAUACCUCUG	0
NM_006219.3:1468-1497	NM_006219.3	NM_006219.3.fasta	1468	1497	+	30	AGAGGTATCAGGGAAAAATGATCATATTTG	CAAAUAUGAUCAUUUUUCCCUGAUACCUCU	0
NM_006219.3:1469-1498	NM_006219.3	NM_006219.3.fasta	1469	1498	+	30	GAGGTATCAGGGAAAAATGATCATATTTGG	CCAAAUAUGAUCAUUUUUCCCUGAUACCUC	0
NM_006219.3:1470-1499	NM_006219.3	NM_006219.3.fasta	1470	1499	+	30	AGGTATCAGGGAAAAATGATCATATTTGGA	UCCAAAUAUGAUCAUUUUUCCCUGAUACCU	0
NM_006219.3:1471-1500	NM_006219.3	NM_006219.3.fasta	1471	1500	+	30	GGTATCAGGGAAAAATGATCATATTTGGAA	UUCCAAAUAUGAUCAUUUUUCCCUGAUACC	0
NM_006219.3:1472-1501	NM_006219.3	NM_006219.3.fasta	1472	1501	+	30	GTATCAGGGAAAAATGATCATATTTGGAAT	AUUCCAAAUAUGAUCAUUUUUCCCUGAUAC	0
NM_006219.3:1473-1502	NM_006219.3	NM_006219.3.fasta	1473	1502	+	30	TATCAGGGAAAAATGATCATATTTGGAATG	CAUUCCAAAUAUGAUCAUUUUUCCCUGAUA	0
NM_006219.3:1474-1503	NM_006219.3	NM_006219.3.fasta	1474	1503	+	30	ATCAGGGAAAAATGATCATATTTGGAATGA	UCAUUCCAAAUAUGAUCAUUUUUCCCUGAU	0
NM_006219.3:1475-1504	NM_006219.3	NM_006219.3.fasta	1475	1504	+	30	TCAGGGAAAAATGATCATATTTGGAATGAA	UUCAUUCCAAAUAUGAUCAUUUUUCCCUGA	0
NM_006219.3:1476-1505	NM_006219.3	NM_006219.3.fasta	1476	1505	+	30	CAGGGAAAAATGATCATATTTGGAATGAAC	GUUCAUUCCAAAUAUGAUCAUUUUUCCCUG	0
NM_006219.3:1477-1506	NM_006219.3	NM_006219.3.fasta	1477	1506	+	30	AGGGAAAAATGATCATATTTGGAATGAACC	GGUUCAUUCCAAAUAUGAUCAUUUUUCCCU	0
NM_006219.3:1478-1507	NM_006219.3	NM_006219.3.fasta	1478	1507	+	30	GGGAAAAATGATCATATTTGGAATGAACCA	UGGUUCAUUCCAAAUAUGAUCAUUUUUCCC	0
NM_006219.3:1479-1508	NM_006219.3	NM_006219.3.fasta	1479	1508	+	30	GGAAAAATGATCATATTTGGAATGAACCAC	GUGGUUCAUUCCAAAUAUGAUCAUUUUUCC	0
NM_006219.3:1480-1509	NM_006219.3	NM_006219.3.fasta	1480	1509	+	30	GAAAAATGATCATATTTGGAATGAACCACT	AGUGGUUCAUUCCAAAUAUGAUCAUUUUUC	0
NM_006219.3:1481-1510	NM_006219.3	NM_006219.3.fasta	1481	1510	+	30	AAAAATGATCATATTTGGAATGAACCACTG	CAGUGGUUCAUUCCAAAUAUGAUCAUUUUU	0
NM_006219.3:1482-1511	NM_006219.3	NM_006219.3.fasta	1482	1511	+	30	AAAATGATCATATTTGGAATGAACCACTGG	CCAGUGGUUCAUUCCAAAUAUGAUCAUUUU	0
NM_006219.3:1483-1512	NM_006219.3	NM_006219.3.fasta	1483	1512	+	30	AAATGATCATATTTGGAATGAACCACTGGA	UCCAGUGGUUCAUUCCAAAUAUGAUCAUUU	0
NM_006219.3:1484-1513	NM_006219.3	NM_006219.3.fasta	1484	1513	+	30	AATGATCATATTTGGAATGAACCACTGGAA	UUCCAGUGGUUCAUUCCAAAUAUGAUCAUU	0
NM_006219.3:1485-1514	NM_006219.3	NM_006219.3.fasta	1485	1514	+	30	ATGATCATATTTGGAATGAACCACTGGAAT	AUUCCAGUGGUUCAUUCCAAAUAUGAUCAU	0
NM_006219.3:1486-1515	NM_006219.3	NM_006219.3.fasta	1486	1515	+	30	TGATCATATTTGGAATGAACCACTGGAATT	AAUUCCAGUGGUUCAUUCCAAAUAUGAUCA	0
NM_006219.3:1487-1516	NM_006219.3	NM_006219.3.fasta	1487	1516	+	30	GATCATATTTGGAATGAACCACTGGAATTT	AAAUUCCAGUGGUUCAUUCCAAAUAUGAUC	0
NM_006219.3:1488-1517	NM_006219.3	NM_006219.3.fasta	1488	1517	+	30	ATCATATTTGGAATGAACCACTGGAATTTG	CAAAUUCCAGUGGUUCAUUCCAAAUAUGAU	0
NM_006219.3:1489-1518	NM_006219.3	NM_006219.3.fasta	1489	1518	+	30	TCATATTTGGAATGAACCACTGGAATTTGA	UCAAAUUCCAGUGGUUCAUUCCAAAUAUGA	0
NM_006219.3:1490-1519	NM_006219.3	NM_006219.3.fasta	1490	1519	+	30	CATATTTGGAATGAACCACTGGAATTTGAT	AUCAAAUUCCAGUGGUUCAUUCCAAAUAUG	0
NM_006219.3:1491-1520	NM_006219.3	NM_006219.3.fasta	1491	1520	+	30	ATATTTGGAATGAACCACTGGAATTTGATA	UAUCAAAUUCCAGUGGUUCAUUCCAAAUAU	0
NM_006219.3:1492-1521	NM_006219.3	NM_006219.3.fasta	1492	1521	+	30	TATTTGGAATGAACCACTGGAATTTGATAT	AUAUCAAAUUCCAGUGGUUCAUUCCAAAUA	0
NM_006219.3:1493-1522	NM_006219.3	NM_006219.3.fasta	1493	1522	+	30	ATTTGGAATGAACCACTGGAATTTGATATT	AAUAUCAAAUUCCAGUGGUUCAUUCCAAAU	0
NM_006219.3:1494-1523	NM_006219.3	NM_006219.3.fasta	1494	1523	+	30	TTTGGAATGAACCACTGGAATTTGATATTA	UAAUAUCAAAUUCCAGUGGUUCAUUCCAAA	0
NM_006219.3:1495-1524	NM_006219.3	NM_006219.3.fasta	1495	1524	+	30	TTGGAATGAACCACTGGAATTTGATATTAA	UUAAUAUCAAAUUCCAGUGGUUCAUUCCAA	0
NM_006219.3:1496-1525	NM_006219.3	NM_006219.3.fasta	1496	1525	+	30	TGGAATGAACCACTGGAATTTGATATTAAT	AUUAAUAUCAAAUUCCAGUGGUUCAUUCCA	0
NM_006219.3:1497-1526	NM_006219.3	NM_006219.3.fasta	1497	1526	+	30	GGAATGAACCACTGGAATTTGATATTAATA	UAUUAAUAUCAAAUUCCAGUGGUUCAUUCC	0
NM_006219.3:1498-1527	NM_006219.3	NM_006219.3.fasta	1498	1527	+	30	GAATGAACCACTGGAATTTGATATTAATAT	AUAUUAAUAUCAAAUUCCAGUGGUUCAUUC	0
NM_006219.3:1499-1528	NM_006219.3	NM_006219.3.fasta	1499	1528	+	30	AATGAACCACTGGAATTTGATATTAATATT	AAUAUUAAUAUCAAAUUCCAGUGGUUCAUU	0
NM_006219.3:1500-1529	NM_006219.3	NM_006219.3.fasta	1500	1529	+	30	ATGAACCACTGGAATTTGATATTAATATTT	AAAUAUUAAUAUCAAAUUCCAGUGGUUCAU	0
NM_006219.3:1501-1530	NM_006219.3	NM_006219.3.fasta	1501	1530	+	30	TGAACCACTGGAATTTGATATTAATATTTG	CAAAUAUUAAUAUCAAAUUCCAGUGGUUCA	0
NM_006219.3:1502-1531	NM_006219.3	NM_006219.3.fasta	1502	1531	+	30	GAACCACTGGAATTTGATATTAATATTTGT	ACAAAUAUUAAUAUCAAAUUCCAGUGGUUC	0
NM_006219.3:1503-1532	NM_006219.3	NM_006219.3.fasta	1503	1532	+	30	AACCACTGGAATTTGATATTAATATTTGTG	CACAAAUAUUAAUAUCAAAUUCCAGUGGUU	0
NM_006219.3:1504-1533	NM_006219.3	NM_006219.3.fasta	1504	1533	+	30	ACCACTGGAATTTGATATTAATATTTGTGA	UCACAAAUAUUAAUAUCAAAUUCCAGUGGU	0
NM_006219.3:1505-1534	NM_006219.3	NM_006219.3.fasta	1505	1534	+	30	CCACTGGAATTTGATATTAATATTTGTGAC	GUCACAAAUAUUAAUAUCAAAUUCCAGUGG	0
NM_006219.3:1506-1535	NM_006219.3	NM_006219.3.fasta	1506	1535	+	30	CACTGGAATTTGATATTAATATTTGTGACT	AGUCACAAAUAUUAAUAUCAAAUUCCAGUG	0
NM_006219.3:1507-1536	NM_006219.3	NM_006219.3.fasta	1507	1536	+	30	ACTGGAATTTGATATTAATATTTGTGACTT	AAGUCACAAAUAUUAAUAUCAAAUUCCAGU	0
NM_006219.3:1508-1537	NM_006219.3	NM_006219.3.fasta	1508	1537	+	30	CTGGAATTTGATATTAATATTTGTGACTTA	UAAGUCACAAAUAUUAAUAUCAAAUUCCAG	0
NM_006219.3:1509-1538	NM_006219.3	NM_006219.3.fasta	1509	1538	+	30	TGGAATTTGATATTAATATTTGTGACTTAC	GUAAGUCACAAAUAUUAAUAUCAAAUUCCA	0
NM_006219.3:1510-1539	NM_006219.3	NM_006219.3.fasta	1510	1539	+	30	GGAATTTGATATTAATATTTGTGACTTACC	GGUAAGUCACAAAUAUUAAUAUCAAAUUCC	0
NM_006219.3:1511-1540	NM_006219.3	NM_006219.3.fasta	1511	1540	+	30	GAATTTGATATTAATATTTGTGACTTACCA	UGGUAAGUCACAAAUAUUAAUAUCAAAUUC	0
NM_006219.3:1512-1541	NM_006219.3	NM_006219.3.fasta	1512	1541	+	30	AATTTGATATTAATATTTGTGACTTACCAA	UUGGUAAGUCACAAAUAUUAAUAUCAAAUU	0
NM_006219.3:1513-1542	NM_006219.3	NM_006219.3.fasta	1513	1542	+	30	ATTTGATATTAATATTTGTGACTTACCAAG	CUUGGUAAGUCACAAAUAUUAAUAUCAAAU	0
NM_006219.3:1514-1543	NM_006219.3	NM_006219.3.fasta	1514	1543	+	30	TTTGATATTAATATTTGTGACTTACCAAGA	UCUUGGUAAGUCACAAAUAUUAAUAUCAAA	0
NM_006219.3:1515-1544	NM_006219.3	NM_006219.3.fasta	1515	1544	+	30	TTGATATTAATATTTGTGACTTACCAAGAA	UUCUUGGUAAGUCACAAAUAUUAAUAUCAA	0
NM_006219.3:1516-1545	NM_006219.3	NM_006219.3.fasta	1516	1545	+	30	TGATATTAATATTTGTGACTTACCAAGAAT	AUUCUUGGUAAGUCACAAAUAUUAAUAUCA	0
NM_006219.3:1517-1546	NM_006219.3	NM_006219.3.fasta	1517	1546	+	30	GATATTAATATTTGTGACTTACCAAGAATG	CAUUCUUGGUAAGUCACAAAUAUUAAUAUC	0
NM_006219.3:1518-1547	NM_006219.3	NM_006219.3.fasta	1518	1547	+	30	ATATTAATATTTGTGACTTACCAAGAATGG	CCAUUCUUGGUAAGUCACAAAUAUUAAUAU	0
NM_006219.3:1519-1548	NM_006219.3	NM_006219.3.fasta	1519	1548	+	30	TATTAATATTTGTGACTTACCAAGAATGGC	GCCAUUCUUGGUAAGUCACAAAUAUUAAUA	0
NM_006219.3:1520-1549	NM_006219.3	NM_006219.3.fasta	1520	1549	+	30	ATTAATATTTGTGACTTACCAAGAATGGCT	AGCCAUUCUUGGUAAGUCACAAAUAUUAAU	0
NM_006219.3:1521-1550	NM_006219.3	NM_006219.3.fasta	1521	1550	+	30	TTAATATTTGTGACTTACCAAGAATGGCTC	GAGCCAUUCUUGGUAAGUCACAAAUAUUAA	0
NM_006219.3:1522-1551	NM_006219.3	NM_006219.3.fasta	1522	1551	+	30	TAATATTTGTGACTTACCAAGAATGGCTCG	CGAGCCAUUCUUGGUAAGUCACAAAUAUUA	0
NM_006219.3:1523-1552	NM_006219.3	NM_006219.3.fasta	1523	1552	+	30	AATATTTGTGACTTACCAAGAATGGCTCGA	UCGAGCCAUUCUUGGUAAGUCACAAAUAUU	0
NM_006219.3:1524-1553	NM_006219.3	NM_006219.3.fasta	1524	1553	+	30	ATATTTGTGACTTACCAAGAATGGCTCGAT	AUCGAGCCAUUCUUGGUAAGUCACAAAUAU	0
NM_006219.3:1525-1554	NM_006219.3	NM_006219.3.fasta	1525	1554	+	30	TATTTGTGACTTACCAAGAATGGCTCGATT	AAUCGAGCCAUUCUUGGUAAGUCACAAAUA	0
NM_006219.3:1526-1555	NM_006219.3	NM_006219.3.fasta	1526	1555	+	30	ATTTGTGACTTACCAAGAATGGCTCGATTA	UAAUCGAGCCAUUCUUGGUAAGUCACAAAU	0
NM_006219.3:1527-1556	NM_006219.3	NM_006219.3.fasta	1527	1556	+	30	TTTGTGACTTACCAAGAATGGCTCGATTAT	AUAAUCGAGCCAUUCUUGGUAAGUCACAAA	0
NM_006219.3:1528-1557	NM_006219.3	NM_006219.3.fasta	1528	1557	+	30	TTGTGACTTACCAAGAATGGCTCGATTATG	CAUAAUCGAGCCAUUCUUGGUAAGUCACAA	0
NM_006219.3:1529-1558	NM_006219.3	NM_006219.3.fasta	1529	1558	+	30	TGTGACTTACCAAGAATGGCTCGATTATGT	ACAUAAUCGAGCCAUUCUUGGUAAGUCACA	0
NM_006219.3:1530-1559	NM_006219.3	NM_006219.3.fasta	1530	1559	+	30	GTGACTTACCAAGAATGGCTCGATTATGTT	AACAUAAUCGAGCCAUUCUUGGUAAGUCAC	0
NM_006219.3:1531-1560	NM_006219.3	NM_006219.3.fasta	1531	1560	+	30	TGACTTACCAAGAATGGCTCGATTATGTTT	AAACAUAAUCGAGCCAUUCUUGGUAAGUCA	0
NM_006219.3:1532-1561	NM_006219.3	NM_006219.3.fasta	1532	1561	+	30	GACTTACCAAGAATGGCTCGATTATGTTTT	AAAACAUAAUCGAGCCAUUCUUGGUAAGUC	0
NM_006219.3:1533-1562	NM_006219.3	NM_006219.3.fasta	1533	1562	+	30	ACTTACCAAGAATGGCTCGATTATGTTTTG	CAAAACAUAAUCGAGCCAUUCUUGGUAAGU	0
NM_006219.3:1534-1563	NM_006219.3	NM_006219.3.fasta	1534	1563	+	30	CTTACCAAGAATGGCTCGATTATGTTTTGC	GCAAAACAUAAUCGAGCCAUUCUUGGUAAG	0
NM_006219.3:1535-1564	NM_006219.3	NM_006219.3.fasta	1535	1564	+	30	TTACCAAGAATGGCTCGATTATGTTTTGCT	AGCAAAACAUAAUCGAGCCAUUCUUGGUAA	0
NM_006219.3:1536-1565	NM_006219.3	NM_006219.3.fasta	1536	1565	+	30	TACCAAGAATGGCTCGATTATGTTTTGCTG	CAGCAAAACAUAAUCGAGCCAUUCUUGGUA	0
NM_006219.3:1537-1566	NM_006219.3	NM_006219.3.fasta	1537	1566	+	30	ACCAAGAATGGCTCGATTATGTTTTGCTGT	ACAGCAAAACAUAAUCGAGCCAUUCUUGGU	0
NM_006219.3:1538-1567	NM_006219.3	NM_006219.3.fasta	1538	1567	+	30	CCAAGAATGGCTCGATTATGTTTTGCTGTT	AACAGCAAAACAUAAUCGAGCCAUUCUUGG	0
NM_006219.3:1539-1568	NM_006219.3	NM_006219.3.fasta	1539	1568	+	30	CAAGAATGGCTCGATTATGTTTTGCTGTTT	AAACAGCAAAACAUAAUCGAGCCAUUCUUG	0
NM_006219.3:1540-1569	NM_006219.3	NM_006219.3.fasta	1540	1569	+	30	AAGAATGGCTCGATTATGTTTTGCTGTTTA	UAAACAGCAAAACAUAAUCGAGCCAUUCUU	0
NM_006219.3:1541-1570	NM_006219.3	NM_006219.3.fasta	1541	1570	+	30	AGAATGGCTCGATTATGTTTTGCTGTTTAT	AUAAACAGCAAAACAUAAUCGAGCCAUUCU	0
NM_006219.3:1542-1571	NM_006219.3	NM_006219.3.fasta	1542	1571	+	30	GAATGGCTCGATTATGTTTTGCTGTTTATG	CAUAAACAGCAAAACAUAAUCGAGCCAUUC	0
NM_006219.3:1543-1572	NM_006219.3	NM_006219.3.fasta	1543	1572	+	30	AATGGCTCGATTATGTTTTGCTGTTTATGC	GCAUAAACAGCAAAACAUAAUCGAGCCAUU	0
NM_006219.3:1544-1573	NM_006219.3	NM_006219.3.fasta	1544	1573	+	30	ATGGCTCGATTATGTTTTGCTGTTTATGCA	UGCAUAAACAGCAAAACAUAAUCGAGCCAU	0
NM_006219.3:1545-1574	NM_006219.3	NM_006219.3.fasta	1545	1574	+	30	TGGCTCGATTATGTTTTGCTGTTTATGCAG	CUGCAUAAACAGCAAAACAUAAUCGAGCCA	0
NM_006219.3:1546-1575	NM_006219.3	NM_006219.3.fasta	1546	1575	+	30	GGCTCGATTATGTTTTGCTGTTTATGCAGT	ACUGCAUAAACAGCAAAACAUAAUCGAGCC	0
NM_006219.3:1547-1576	NM_006219.3	NM_006219.3.fasta	1547	1576	+	30	GCTCGATTATGTTTTGCTGTTTATGCAGTT	AACUGCAUAAACAGCAAAACAUAAUCGAGC	0
NM_006219.3:1548-1577	NM_006219.3	NM_006219.3.fasta	1548	1577	+	30	CTCGATTATGTTTTGCTGTTTATGCAGTTT	AAACUGCAUAAACAGCAAAACAUAAUCGAG	0
NM_006219.3:1549-1578	NM_006219.3	NM_006219.3.fasta	1549	1578	+	30	TCGATTATGTTTTGCTGTTTATGCAGTTTT	AAAACUGCAUAAACAGCAAAACAUAAUCGA	0
NM_006219.3:1550-1579	NM_006219.3	NM_006219.3.fasta	1550	1579	+	30	CGATTATGTTTTGCTGTTTATGCAGTTTTG	CAAAACUGCAUAAACAGCAAAACAUAAUCG	0
NM_006219.3:1551-1580	NM_006219.3	NM_006219.3.fasta	1551	1580	+	30	GATTATGTTTTGCTGTTTATGCAGTTTTGG	CCAAAACUGCAUAAACAGCAAAACAUAAUC	0
NM_006219.3:1552-1581	NM_006219.3	NM_006219.3.fasta	1552	1581	+	30	ATTATGTTTTGCTGTTTATGCAGTTTTGGA	UCCAAAACUGCAUAAACAGCAAAACAUAAU	0
NM_006219.3:1553-1582	NM_006219.3	NM_006219.3.fasta	1553	1582	+	30	TTATGTTTTGCTGTTTATGCAGTTTTGGAT	AUCCAAAACUGCAUAAACAGCAAAACAUAA	0
NM_006219.3:1554-1583	NM_006219.3	NM_006219.3.fasta	1554	1583	+	30	TATGTTTTGCTGTTTATGCAGTTTTGGATA	UAUCCAAAACUGCAUAAACAGCAAAACAUA	0
NM_006219.3:1555-1584	NM_006219.3	NM_006219.3.fasta	1555	1584	+	30	ATGTTTTGCTGTTTATGCAGTTTTGGATAA	UUAUCCAAAACUGCAUAAACAGCAAAACAU	0
NM_006219.3:1556-1585	NM_006219.3	NM_006219.3.fasta	1556	1585	+	30	TGTTTTGCTGTTTATGCAGTTTTGGATAAA	UUUAUCCAAAACUGCAUAAACAGCAAAACA	0
NM_006219.3:1557-1586	NM_006219.3	NM_006219.3.fasta	1557	1586	+	30	GTTTTGCTGTTTATGCAGTTTTGGATAAAG	CUUUAUCCAAAACUGCAUAAACAGCAAAAC	0
NM_006219.3:1558-1587	NM_006219.3	NM_006219.3.fasta	1558	1587	+	30	TTTTGCTGTTTATGCAGTTTTGGATAAAGT	ACUUUAUCCAAAACUGCAUAAACAGCAAAA	0
NM_006219.3:1559-1588	NM_006219.3	NM_006219.3.fasta	1559	1588	+	30	TTTGCTGTTTATGCAGTTTTGGATAAAGTA	UACUUUAUCCAAAACUGCAUAAACAGCAAA	0
NM_006219.3:1560-1589	NM_006219.3	NM_006219.3.fasta	1560	1589	+	30	TTGCTGTTTATGCAGTTTTGGATAAAGTAA	UUACUUUAUCCAAAACUGCAUAAACAGCAA	0
NM_006219.3:1561-1590	NM_006219.3	NM_006219.3.fasta	1561	1590	+	30	TGCTGTTTATGCAGTTTTGGATAAAGTAAA	UUUACUUUAUCCAAAACUGCAUAAACAGCA	0
NM_006219.3:1562-1591	NM_006219.3	NM_006219.3.fasta	1562	1591	+	30	GCTGTTTATGCAGTTTTGGATAAAGTAAAA	UUUUACUUUAUCCAAAACUGCAUAAACAGC	0
NM_006219.3:1563-1592	NM_006219.3	NM_006219.3.fasta	1563	1592	+	30	CTGTTTATGCAGTTTTGGATAAAGTAAAAA	UUUUUACUUUAUCCAAAACUGCAUAAACAG	0
NM_006219.3:1564-1593	NM_006219.3	NM_006219.3.fasta	1564	1593	+	30	TGTTTATGCAGTTTTGGATAAAGTAAAAAC	GUUUUUACUUUAUCCAAAACUGCAUAAACA	0
NM_006219.3:1565-1594	NM_006219.3	NM_006219.3.fasta	1565	1594	+	30	GTTTATGCAGTTTTGGATAAAGTAAAAACG	CGUUUUUACUUUAUCCAAAACUGCAUAAAC	0
NM_006219.3:1566-1595	NM_006219.3	NM_006219.3.fasta	1566	1595	+	30	TTTATGCAGTTTTGGATAAAGTAAAAACGA	UCGUUUUUACUUUAUCCAAAACUGCAUAAA	0
NM_006219.3:1567-1596	NM_006219.3	NM_006219.3.fasta	1567	1596	+	30	TTATGCAGTTTTGGATAAAGTAAAAACGAA	UUCGUUUUUACUUUAUCCAAAACUGCAUAA	0
NM_006219.3:1568-1597	NM_006219.3	NM_006219.3.fasta	1568	1597	+	30	TATGCAGTTTTGGATAAAGTAAAAACGAAG	CUUCGUUUUUACUUUAUCCAAAACUGCAUA	0
NM_006219.3:1569-1598	NM_006219.3	NM_006219.3.fasta	1569	1598	+	30	ATGCAGTTTTGGATAAAGTAAAAACGAAGA	UCUUCGUUUUUACUUUAUCCAAAACUGCAU	0
NM_006219.3:1570-1599	NM_006219.3	NM_006219.3.fasta	1570	1599	+	30	TGCAGTTTTGGATAAAGTAAAAACGAAGAA	UUCUUCGUUUUUACUUUAUCCAAAACUGCA	0
NM_006219.3:1571-1600	NM_006219.3	NM_006219.3.fasta	1571	1600	+	30	GCAGTTTTGGATAAAGTAAAAACGAAGAAA	UUUCUUCGUUUUUACUUUAUCCAAAACUGC	0
NM_006219.3:1572-1601	NM_006219.3	NM_006219.3.fasta	1572	1601	+	30	CAGTTTTGGATAAAGTAAAAACGAAGAAAT	AUUUCUUCGUUUUUACUUUAUCCAAAACUG	0
NM_006219.3:1573-1602	NM_006219.3	NM_006219.3.fasta	1573	1602	+	30	AGTTTTGGATAAAGTAAAAACGAAGAAATC	GAUUUCUUCGUUUUUACUUUAUCCAAAACU	0
NM_006219.3:1574-1603	NM_006219.3	NM_006219.3.fasta	1574	1603	+	30	GTTTTGGATAAAGTAAAAACGAAGAAATCA	UGAUUUCUUCGUUUUUACUUUAUCCAAAAC	0
NM_006219.3:1575-1604	NM_006219.3	NM_006219.3.fasta	1575	1604	+	30	TTTTGGATAAAGTAAAAACGAAGAAATCAA	UUGAUUUCUUCGUUUUUACUUUAUCCAAAA	0
NM_006219.3:1576-1605	NM_006219.3	NM_006219.3.fasta	1576	1605	+	30	TTTGGATAAAGTAAAAACGAAGAAATCAAC	GUUGAUUUCUUCGUUUUUACUUUAUCCAAA	0
NM_006219.3:1577-1606	NM_006219.3	NM_006219.3.fasta	1577	1606	+	30	TTGGATAAAGTAAAAACGAAGAAATCAACG	CGUUGAUUUCUUCGUUUUUACUUUAUCCAA	0
NM_006219.3:1578-1607	NM_006219.3	NM_006219.3.fasta	1578	1607	+	30	TGGATAAAGTAAAAACGAAGAAATCAACGA	UCGUUGAUUUCUUCGUUUUUACUUUAUCCA	0
NM_006219.3:1579-1608	NM_006219.3	NM_006219.3.fasta	1579	1608	+	30	GGATAAAGTAAAAACGAAGAAATCAACGAA	UUCGUUGAUUUCUUCGUUUUUACUUUAUCC	0
NM_006219.3:1580-1609	NM_006219.3	NM_006219.3.fasta	1580	1609	+	30	GATAAAGTAAAAACGAAGAAATCAACGAAA	UUUCGUUGAUUUCUUCGUUUUUACUUUAUC	0
NM_006219.3:1581-1610	NM_006219.3	NM_006219.3.fasta	1581	1610	+	30	ATAAAGTAAAAACGAAGAAATCAACGAAAA	UUUUCGUUGAUUUCUUCGUUUUUACUUUAU	0
NM_006219.3:1582-1611	NM_006219.3	NM_006219.3.fasta	1582	1611	+	30	TAAAGTAAAAACGAAGAAATCAACGAAAAC	GUUUUCGUUGAUUUCUUCGUUUUUACUUUA	0
NM_006219.3:1583-1612	NM_006219.3	NM_006219.3.fasta	1583	1612	+	30	AAAGTAAAAACGAAGAAATCAACGAAAACT	AGUUUUCGUUGAUUUCUUCGUUUUUACUUU	0
NM_006219.3:1584-1613	NM_006219.3	NM_006219.3.fasta	1584	1613	+	30	AAGTAAAAACGAAGAAATCAACGAAAACTA	UAGUUUUCGUUGAUUUCUUCGUUUUUACUU	0
NM_006219.3:1585-1614	NM_006219.3	NM_006219.3.fasta	1585	1614	+	30	AGTAAAAACGAAGAAATCAACGAAAACTAT	AUAGUUUUCGUUGAUUUCUUCGUUUUUACU	0
NM_006219.3:1586-1615	NM_006219.3	NM_006219.3.fasta	1586	1615	+	30	GTAAAAACGAAGAAATCAACGAAAACTATT	AAUAGUUUUCGUUGAUUUCUUCGUUUUUAC	0
NM_006219.3:1587-1616	NM_006219.3	NM_006219.3.fasta	1587	1616	+	30	TAAAAACGAAGAAATCAACGAAAACTATTA	UAAUAGUUUUCGUUGAUUUCUUCGUUUUUA	0
NM_006219.3:1588-1617	NM_006219.3	NM_006219.3.fasta	1588	1617	+	30	AAAAACGAAGAAATCAACGAAAACTATTAA	UUAAUAGUUUUCGUUGAUUUCUUCGUUUUU	0
NM_006219.3:1589-1618	NM_006219.3	NM_006219.3.fasta	1589	1618	+	30	AAAACGAAGAAATCAACGAAAACTATTAAT	AUUAAUAGUUUUCGUUGAUUUCUUCGUUUU	0
NM_006219.3:1590-1619	NM_006219.3	NM_006219.3.fasta	1590	1619	+	30	AAACGAAGAAATCAACGAAAACTATTAATC	GAUUAAUAGUUUUCGUUGAUUUCUUCGUUU	0
NM_006219.3:1591-1620	NM_006219.3	NM_006219.3.fasta	1591	1620	+	30	AACGAAGAAATCAACGAAAACTATTAATCC	GGAUUAAUAGUUUUCGUUGAUUUCUUCGUU	0
NM_006219.3:1592-1621	NM_006219.3	NM_006219.3.fasta	1592	1621	+	30	ACGAAGAAATCAACGAAAACTATTAATCCC	GGGAUUAAUAGUUUUCGUUGAUUUCUUCGU	0
NM_006219.3:1593-1622	NM_006219.3	NM_006219.3.fasta	1593	1622	+	30	CGAAGAAATCAACGAAAACTATTAATCCCT	AGGGAUUAAUAGUUUUCGUUGAUUUCUUCG	0
NM_006219.3:1594-1623	NM_006219.3	NM_006219.3.fasta	1594	1623	+	30	GAAGAAATCAACGAAAACTATTAATCCCTC	GAGGGAUUAAUAGUUUUCGUUGAUUUCUUC	0
NM_006219.3:1595-1624	NM_006219.3	NM_006219.3.fasta	1595	1624	+	30	AAGAAATCAACGAAAACTATTAATCCCTCT	AGAGGGAUUAAUAGUUUUCGUUGAUUUCUU	0
NM_006219.3:1596-1625	NM_006219.3	NM_006219.3.fasta	1596	1625	+	30	AGAAATCAACGAAAACTATTAATCCCTCTA	UAGAGGGAUUAAUAGUUUUCGUUGAUUUCU	0
NM_006219.3:1597-1626	NM_006219.3	NM_006219.3.fasta	1597	1626	+	30	GAAATCAACGAAAACTATTAATCCCTCTAA	UUAGAGGGAUUAAUAGUUUUCGUUGAUUUC	0
NM_006219.3:1598-1627	NM_006219.3	NM_006219.3.fasta	1598	1627	+	30	AAATCAACGAAAACTATTAATCCCTCTAAA	UUUAGAGGGAUUAAUAGUUUUCGUUGAUUU	0
NM_006219.3:1599-1628	NM_006219.3	NM_006219.3.fasta	1599	1628	+	30	AATCAACGAAAACTATTAATCCCTCTAAAT	AUUUAGAGGGAUUAAUAGUUUUCGUUGAUU	0
NM_006219.3:1600-1629	NM_006219.3	NM_006219.3.fasta	1600	1629	+	30	ATCAACGAAAACTATTAATCCCTCTAAATA	UAUUUAGAGGGAUUAAUAGUUUUCGUUGAU	0
NM_006219.3:1601-1630	NM_006219.3	NM_006219.3.fasta	1601	1630	+	30	TCAACGAAAACTATTAATCCCTCTAAATAT	AUAUUUAGAGGGAUUAAUAGUUUUCGUUGA	0
NM_006219.3:1602-1631	NM_006219.3	NM_006219.3.fasta	1602	1631	+	30	CAACGAAAACTATTAATCCCTCTAAATATC	GAUAUUUAGAGGGAUUAAUAGUUUUCGUUG	0
NM_006219.3:1603-1632	NM_006219.3	NM_006219.3.fasta	1603	1632	+	30	AACGAAAACTATTAATCCCTCTAAATATCA	UGAUAUUUAGAGGGAUUAAUAGUUUUCGUU	0
NM_006219.3:1604-1633	NM_006219.3	NM_006219.3.fasta	1604	1633	+	30	ACGAAAACTATTAATCCCTCTAAATATCAG	CUGAUAUUUAGAGGGAUUAAUAGUUUUCGU	0
NM_006219.3:1605-1634	NM_006219.3	NM_006219.3.fasta	1605	1634	+	30	CGAAAACTATTAATCCCTCTAAATATCAGA	UCUGAUAUUUAGAGGGAUUAAUAGUUUUCG	0
NM_006219.3:1606-1635	NM_006219.3	NM_006219.3.fasta	1606	1635	+	30	GAAAACTATTAATCCCTCTAAATATCAGAC	GUCUGAUAUUUAGAGGGAUUAAUAGUUUUC	0
NM_006219.3:1607-1636	NM_006219.3	NM_006219.3.fasta	1607	1636	+	30	AAAACTATTAATCCCTCTAAATATCAGACC	GGUCUGAUAUUUAGAGGGAUUAAUAGUUUU	0
NM_006219.3:1608-1637	NM_006219.3	NM_006219.3.fasta	1608	1637	+	30	AAACTATTAATCCCTCTAAATATCAGACCA	UGGUCUGAUAUUUAGAGGGAUUAAUAGUUU	0
NM_006219.3:1609-1638	NM_006219.3	NM_006219.3.fasta	1609	1638	+	30	AACTATTAATCCCTCTAAATATCAGACCAT	AUGGUCUGAUAUUUAGAGGGAUUAAUAGUU	0
NM_006219.3:1610-1639	NM_006219.3	NM_006219.3.fasta	1610	1639	+	30	ACTATTAATCCCTCTAAATATCAGACCATC	GAUGGUCUGAUAUUUAGAGGGAUUAAUAGU	0
NM_006219.3:1611-1640	NM_006219.3	NM_006219.3.fasta	1611	1640	+	30	CTATTAATCCCTCTAAATATCAGACCATCA	UGAUGGUCUGAUAUUUAGAGGGAUUAAUAG	0
NM_006219.3:1612-1641	NM_006219.3	NM_006219.3.fasta	1612	1641	+	30	TATTAATCCCTCTAAATATCAGACCATCAG	CUGAUGGUCUGAUAUUUAGAGGGAUUAAUA	0
NM_006219.3:1613-1642	NM_006219.3	NM_006219.3.fasta	1613	1642	+	30	ATTAATCCCTCTAAATATCAGACCATCAGG	CCUGAUGGUCUGAUAUUUAGAGGGAUUAAU	0
NM_006219.3:1614-1643	NM_006219.3	NM_006219.3.fasta	1614	1643	+	30	TTAATCCCTCTAAATATCAGACCATCAGGA	UCCUGAUGGUCUGAUAUUUAGAGGGAUUAA	0
NM_006219.3:1615-1644	NM_006219.3	NM_006219.3.fasta	1615	1644	+	30	TAATCCCTCTAAATATCAGACCATCAGGAA	UUCCUGAUGGUCUGAUAUUUAGAGGGAUUA	0
NM_006219.3:1616-1645	NM_006219.3	NM_006219.3.fasta	1616	1645	+	30	AATCCCTCTAAATATCAGACCATCAGGAAA	UUUCCUGAUGGUCUGAUAUUUAGAGGGAUU	0
NM_006219.3:1617-1646	NM_006219.3	NM_006219.3.fasta	1617	1646	+	30	ATCCCTCTAAATATCAGACCATCAGGAAAG	CUUUCCUGAUGGUCUGAUAUUUAGAGGGAU	0
NM_006219.3:1618-1647	NM_006219.3	NM_006219.3.fasta	1618	1647	+	30	TCCCTCTAAATATCAGACCATCAGGAAAGC	GCUUUCCUGAUGGUCUGAUAUUUAGAGGGA	0
NM_006219.3:1619-1648	NM_006219.3	NM_006219.3.fasta	1619	1648	+	30	CCCTCTAAATATCAGACCATCAGGAAAGCT	AGCUUUCCUGAUGGUCUGAUAUUUAGAGGG	0
NM_006219.3:1620-1649	NM_006219.3	NM_006219.3.fasta	1620	1649	+	30	CCTCTAAATATCAGACCATCAGGAAAGCTG	CAGCUUUCCUGAUGGUCUGAUAUUUAGAGG	0
NM_006219.3:1621-1650	NM_006219.3	NM_006219.3.fasta	1621	1650	+	30	CTCTAAATATCAGACCATCAGGAAAGCTGG	CCAGCUUUCCUGAUGGUCUGAUAUUUAGAG	0
NM_006219.3:1622-1651	NM_006219.3	NM_006219.3.fasta	1622	1651	+	30	TCTAAATATCAGACCATCAGGAAAGCTGGA	UCCAGCUUUCCUGAUGGUCUGAUAUUUAGA	0
NM_006219.3:1623-1652	NM_006219.3	NM_006219.3.fasta	1623	1652	+	30	CTAAATATCAGACCATCAGGAAAGCTGGAA	UUCCAGCUUUCCUGAUGGUCUGAUAUUUAG	0
NM_006219.3:1624-1653	NM_006219.3	NM_006219.3.fasta	1624	1653	+	30	TAAATATCAGACCATCAGGAAAGCTGGAAA	UUUCCAGCUUUCCUGAUGGUCUGAUAUUUA	0
NM_006219.3:1625-1654	NM_006219.3	NM_006219.3.fasta	1625	1654	+	30	AAATATCAGACCATCAGGAAAGCTGGAAAA	UUUUCCAGCUUUCCUGAUGGUCUGAUAUUU	0
NM_006219.3:1626-1655	NM_006219.3	NM_006219.3.fasta	1626	1655	+	30	AATATCAGACCATCAGGAAAGCTGGAAAAG	CUUUUCCAGCUUUCCUGAUGGUCUGAUAUU	0
NM_006219.3:1627-1656	NM_006219.3	NM_006219.3.fasta	1627	1656	+	30	ATATCAGACCATCAGGAAAGCTGGAAAAGT	ACUUUUCCAGCUUUCCUGAUGGUCUGAUAU	0
NM_006219.3:1628-1657	NM_006219.3	NM_006219.3.fasta	1628	1657	+	30	TATCAGACCATCAGGAAAGCTGGAAAAGTG	CACUUUUCCAGCUUUCCUGAUGGUCUGAUA	0
NM_006219.3:1629-1658	NM_006219.3	NM_006219.3.fasta	1629	1658	+	30	ATCAGACCATCAGGAAAGCTGGAAAAGTGC	GCACUUUUCCAGCUUUCCUGAUGGUCUGAU	0
NM_006219.3:1630-1659	NM_006219.3	NM_006219.3.fasta	1630	1659	+	30	TCAGACCATCAGGAAAGCTGGAAAAGTGCA	UGCACUUUUCCAGCUUUCCUGAUGGUCUGA	0
NM_006219.3:1631-1660	NM_006219.3	NM_006219.3.fasta	1631	1660	+	30	CAGACCATCAGGAAAGCTGGAAAAGTGCAT	AUGCACUUUUCCAGCUUUCCUGAUGGUCUG	0
NM_006219.3:1632-1661	NM_006219.3	NM_006219.3.fasta	1632	1661	+	30	AGACCATCAGGAAAGCTGGAAAAGTGCATT	AAUGCACUUUUCCAGCUUUCCUGAUGGUCU	0
NM_006219.3:1633-1662	NM_006219.3	NM_006219.3.fasta	1633	1662	+	30	GACCATCAGGAAAGCTGGAAAAGTGCATTA	UAAUGCACUUUUCCAGCUUUCCUGAUGGUC	0
NM_006219.3:1634-1663	NM_006219.3	NM_006219.3.fasta	1634	1663	+	30	ACCATCAGGAAAGCTGGAAAAGTGCATTAT	AUAAUGCACUUUUCCAGCUUUCCUGAUGGU	0
NM_006219.3:1635-1664	NM_006219.3	NM_006219.3.fasta	1635	1664	+	30	CCATCAGGAAAGCTGGAAAAGTGCATTATC	GAUAAUGCACUUUUCCAGCUUUCCUGAUGG	0
NM_006219.3:1636-1665	NM_006219.3	NM_006219.3.fasta	1636	1665	+	30	CATCAGGAAAGCTGGAAAAGTGCATTATCC	GGAUAAUGCACUUUUCCAGCUUUCCUGAUG	0
NM_006219.3:1637-1666	NM_006219.3	NM_006219.3.fasta	1637	1666	+	30	ATCAGGAAAGCTGGAAAAGTGCATTATCCT	AGGAUAAUGCACUUUUCCAGCUUUCCUGAU	0
NM_006219.3:1638-1667	NM_006219.3	NM_006219.3.fasta	1638	1667	+	30	TCAGGAAAGCTGGAAAAGTGCATTATCCTG	CAGGAUAAUGCACUUUUCCAGCUUUCCUGA	0
NM_006219.3:1639-1668	NM_006219.3	NM_006219.3.fasta	1639	1668	+	30	CAGGAAAGCTGGAAAAGTGCATTATCCTGT	ACAGGAUAAUGCACUUUUCCAGCUUUCCUG	0
NM_006219.3:1640-1669	NM_006219.3	NM_006219.3.fasta	1640	1669	+	30	AGGAAAGCTGGAAAAGTGCATTATCCTGTA	UACAGGAUAAUGCACUUUUCCAGCUUUCCU	0
NM_006219.3:1641-1670	NM_006219.3	NM_006219.3.fasta	1641	1670	+	30	GGAAAGCTGGAAAAGTGCATTATCCTGTAG	CUACAGGAUAAUGCACUUUUCCAGCUUUCC	0
NM_006219.3:1642-1671	NM_006219.3	NM_006219.3.fasta	1642	1671	+	30	GAAAGCTGGAAAAGTGCATTATCCTGTAGC	GCUACAGGAUAAUGCACUUUUCCAGCUUUC	0
NM_006219.3:1643-1672	NM_006219.3	NM_006219.3.fasta	1643	1672	+	30	AAAGCTGGAAAAGTGCATTATCCTGTAGCG	CGCUACAGGAUAAUGCACUUUUCCAGCUUU	0
NM_006219.3:1644-1673	NM_006219.3	NM_006219.3.fasta	1644	1673	+	30	AAGCTGGAAAAGTGCATTATCCTGTAGCGT	ACGCUACAGGAUAAUGCACUUUUCCAGCUU	0
NM_006219.3:1645-1674	NM_006219.3	NM_006219.3.fasta	1645	1674	+	30	AGCTGGAAAAGTGCATTATCCTGTAGCGTG	CACGCUACAGGAUAAUGCACUUUUCCAGCU	0
NM_006219.3:1646-1675	NM_006219.3	NM_006219.3.fasta	1646	1675	+	30	GCTGGAAAAGTGCATTATCCTGTAGCGTGG	CCACGCUACAGGAUAAUGCACUUUUCCAGC	0
NM_006219.3:1647-1676	NM_006219.3	NM_006219.3.fasta	1647	1676	+	30	CTGGAAAAGTGCATTATCCTGTAGCGTGGG	CCCACGCUACAGGAUAAUGCACUUUUCCAG	0
NM_006219.3:1648-1677	NM_006219.3	NM_006219.3.fasta	1648	1677	+	30	TGGAAAAGTGCATTATCCTGTAGCGTGGGT	ACCCACGCUACAGGAUAAUGCACUUUUCCA	0
NM_006219.3:1649-1678	NM_006219.3	NM_006219.3.fasta	1649	1678	+	30	GGAAAAGTGCATTATCCTGTAGCGTGGGTA	UACCCACGCUACAGGAUAAUGCACUUUUCC	0
NM_006219.3:1650-1679	NM_006219.3	NM_006219.3.fasta	1650	1679	+	30	GAAAAGTGCATTATCCTGTAGCGTGGGTAA	UUACCCACGCUACAGGAUAAUGCACUUUUC	0
NM_006219.3:1651-1680	NM_006219.3	NM_006219.3.fasta	1651	1680	+	30	AAAAGTGCATTATCCTGTAGCGTGGGTAAA	UUUACCCACGCUACAGGAUAAUGCACUUUU	0
NM_006219.3:1652-1681	NM_006219.3	NM_006219.3.fasta	1652	1681	+	30	AAAGTGCATTATCCTGTAGCGTGGGTAAAT	AUUUACCCACGCUACAGGAUAAUGCACUUU	0
NM_006219.3:1653-1682	NM_006219.3	NM_006219.3.fasta	1653	1682	+	30	AAGTGCATTATCCTGTAGCGTGGGTAAATA	UAUUUACCCACGCUACAGGAUAAUGCACUU	0
NM_006219.3:1654-1683	NM_006219.3	NM_006219.3.fasta	1654	1683	+	30	AGTGCATTATCCTGTAGCGTGGGTAAATAC	GUAUUUACCCACGCUACAGGAUAAUGCACU	0
NM_006219.3:1655-1684	NM_006219.3	NM_006219.3.fasta	1655	1684	+	30	GTGCATTATCCTGTAGCGTGGGTAAATACG	CGUAUUUACCCACGCUACAGGAUAAUGCAC	0
NM_006219.3:1656-1685	NM_006219.3	NM_006219.3.fasta	1656	1685	+	30	TGCATTATCCTGTAGCGTGGGTAAATACGA	UCGUAUUUACCCACGCUACAGGAUAAUGCA	0
NM_006219.3:1657-1686	NM_006219.3	NM_006219.3.fasta	1657	1686	+	30	GCATTATCCTGTAGCGTGGGTAAATACGAT	AUCGUAUUUACCCACGCUACAGGAUAAUGC	0
NM_006219.3:1658-1687	NM_006219.3	NM_006219.3.fasta	1658	1687	+	30	CATTATCCTGTAGCGTGGGTAAATACGATG	CAUCGUAUUUACCCACGCUACAGGAUAAUG	0
NM_006219.3:1659-1688	NM_006219.3	NM_006219.3.fasta	1659	1688	+	30	ATTATCCTGTAGCGTGGGTAAATACGATGG	CCAUCGUAUUUACCCACGCUACAGGAUAAU	0
NM_006219.3:1660-1689	NM_006219.3	NM_006219.3.fasta	1660	1689	+	30	TTATCCTGTAGCGTGGGTAAATACGATGGT	ACCAUCGUAUUUACCCACGCUACAGGAUAA	0
NM_006219.3:1661-1690	NM_006219.3	NM_006219.3.fasta	1661	1690	+	30	TATCCTGTAGCGTGGGTAAATACGATGGTT	AACCAUCGUAUUUACCCACGCUACAGGAUA	0
NM_006219.3:1662-1691	NM_006219.3	NM_006219.3.fasta	1662	1691	+	30	ATCCTGTAGCGTGGGTAAATACGATGGTTT	AAACCAUCGUAUUUACCCACGCUACAGGAU	0
NM_006219.3:1663-1692	NM_006219.3	NM_006219.3.fasta	1663	1692	+	30	TCCTGTAGCGTGGGTAAATACGATGGTTTT	AAAACCAUCGUAUUUACCCACGCUACAGGA	0
NM_006219.3:1664-1693	NM_006219.3	NM_006219.3.fasta	1664	1693	+	30	CCTGTAGCGTGGGTAAATACGATGGTTTTT	AAAAACCAUCGUAUUUACCCACGCUACAGG	0
NM_006219.3:1665-1694	NM_006219.3	NM_006219.3.fasta	1665	1694	+	30	CTGTAGCGTGGGTAAATACGATGGTTTTTG	CAAAAACCAUCGUAUUUACCCACGCUACAG	0
NM_006219.3:1666-1695	NM_006219.3	NM_006219.3.fasta	1666	1695	+	30	TGTAGCGTGGGTAAATACGATGGTTTTTGA	UCAAAAACCAUCGUAUUUACCCACGCUACA	0
NM_006219.3:1667-1696	NM_006219.3	NM_006219.3.fasta	1667	1696	+	30	GTAGCGTGGGTAAATACGATGGTTTTTGAC	GUCAAAAACCAUCGUAUUUACCCACGCUAC	0
NM_006219.3:1668-1697	NM_006219.3	NM_006219.3.fasta	1668	1697	+	30	TAGCGTGGGTAAATACGATGGTTTTTGACT	AGUCAAAAACCAUCGUAUUUACCCACGCUA	0
NM_006219.3:1669-1698	NM_006219.3	NM_006219.3.fasta	1669	1698	+	30	AGCGTGGGTAAATACGATGGTTTTTGACTT	AAGUCAAAAACCAUCGUAUUUACCCACGCU	0
NM_006219.3:1670-1699	NM_006219.3	NM_006219.3.fasta	1670	1699	+	30	GCGTGGGTAAATACGATGGTTTTTGACTTT	AAAGUCAAAAACCAUCGUAUUUACCCACGC	0
NM_006219.3:1671-1700	NM_006219.3	NM_006219.3.fasta	1671	1700	+	30	CGTGGGTAAATACGATGGTTTTTGACTTTA	UAAAGUCAAAAACCAUCGUAUUUACCCACG	0
NM_006219.3:1672-1701	NM_006219.3	NM_006219.3.fasta	1672	1701	+	30	GTGGGTAAATACGATGGTTTTTGACTTTAA	UUAAAGUCAAAAACCAUCGUAUUUACCCAC	0
NM_006219.3:1673-1702	NM_006219.3	NM_006219.3.fasta	1673	1702	+	30	TGGGTAAATACGATGGTTTTTGACTTTAAA	UUUAAAGUCAAAAACCAUCGUAUUUACCCA	0
NM_006219.3:1674-1703	NM_006219.3	NM_006219.3.fasta	1674	1703	+	30	GGGTAAATACGATGGTTTTTGACTTTAAAG	CUUUAAAGUCAAAAACCAUCGUAUUUACCC	0
NM_006219.3:1675-1704	NM_006219.3	NM_006219.3.fasta	1675	1704	+	30	GGTAAATACGATGGTTTTTGACTTTAAAGG	CCUUUAAAGUCAAAAACCAUCGUAUUUACC	0
NM_006219.3:1676-1705	NM_006219.3	NM_006219.3.fasta	1676	1705	+	30	GTAAATACGATGGTTTTTGACTTTAAAGGA	UCCUUUAAAGUCAAAAACCAUCGUAUUUAC	0
NM_006219.3:1677-1706	NM_006219.3	NM_006219.3.fasta	1677	1706	+	30	TAAATACGATGGTTTTTGACTTTAAAGGAC	GUCCUUUAAAGUCAAAAACCAUCGUAUUUA	0
NM_006219.3:1678-1707	NM_006219.3	NM_006219.3.fasta	1678	1707	+	30	AAATACGATGGTTTTTGACTTTAAAGGACA	UGUCCUUUAAAGUCAAAAACCAUCGUAUUU	0
NM_006219.3:1679-1708	NM_006219.3	NM_006219.3.fasta	1679	1708	+	30	AATACGATGGTTTTTGACTTTAAAGGACAA	UUGUCCUUUAAAGUCAAAAACCAUCGUAUU	0
NM_006219.3:1680-1709	NM_006219.3	NM_006219.3.fasta	1680	1709	+	30	ATACGATGGTTTTTGACTTTAAAGGACAAT	AUUGUCCUUUAAAGUCAAAAACCAUCGUAU	0
NM_006219.3:1681-1710	NM_006219.3	NM_006219.3.fasta	1681	1710	+	30	TACGATGGTTTTTGACTTTAAAGGACAATT	AAUUGUCCUUUAAAGUCAAAAACCAUCGUA	0
NM_006219.3:1682-1711	NM_006219.3	NM_006219.3.fasta	1682	1711	+	30	ACGATGGTTTTTGACTTTAAAGGACAATTG	CAAUUGUCCUUUAAAGUCAAAAACCAUCGU	0
NM_006219.3:1683-1712	NM_006219.3	NM_006219.3.fasta	1683	1712	+	30	CGATGGTTTTTGACTTTAAAGGACAATTGA	UCAAUUGUCCUUUAAAGUCAAAAACCAUCG	0
NM_006219.3:1684-1713	NM_006219.3	NM_006219.3.fasta	1684	1713	+	30	GATGGTTTTTGACTTTAAAGGACAATTGAG	CUCAAUUGUCCUUUAAAGUCAAAAACCAUC	0
NM_006219.3:1685-1714	NM_006219.3	NM_006219.3.fasta	1685	1714	+	30	ATGGTTTTTGACTTTAAAGGACAATTGAGA	UCUCAAUUGUCCUUUAAAGUCAAAAACCAU	0
NM_006219.3:1686-1715	NM_006219.3	NM_006219.3.fasta	1686	1715	+	30	TGGTTTTTGACTTTAAAGGACAATTGAGAA	UUCUCAAUUGUCCUUUAAAGUCAAAAACCA	0
NM_006219.3:1687-1716	NM_006219.3	NM_006219.3.fasta	1687	1716	+	30	GGTTTTTGACTTTAAAGGACAATTGAGAAC	GUUCUCAAUUGUCCUUUAAAGUCAAAAACC	0
NM_006219.3:1688-1717	NM_006219.3	NM_006219.3.fasta	1688	1717	+	30	GTTTTTGACTTTAAAGGACAATTGAGAACT	AGUUCUCAAUUGUCCUUUAAAGUCAAAAAC	0
NM_006219.3:1689-1718	NM_006219.3	NM_006219.3.fasta	1689	1718	+	30	TTTTTGACTTTAAAGGACAATTGAGAACTG	CAGUUCUCAAUUGUCCUUUAAAGUCAAAAA	0
NM_006219.3:1690-1719	NM_006219.3	NM_006219.3.fasta	1690	1719	+	30	TTTTGACTTTAAAGGACAATTGAGAACTGG	CCAGUUCUCAAUUGUCCUUUAAAGUCAAAA	0
NM_006219.3:1691-1720	NM_006219.3	NM_006219.3.fasta	1691	1720	+	30	TTTGACTTTAAAGGACAATTGAGAACTGGA	UCCAGUUCUCAAUUGUCCUUUAAAGUCAAA	0
NM_006219.3:1692-1721	NM_006219.3	NM_006219.3.fasta	1692	1721	+	30	TTGACTTTAAAGGACAATTGAGAACTGGAG	CUCCAGUUCUCAAUUGUCCUUUAAAGUCAA	0
NM_006219.3:1693-1722	NM_006219.3	NM_006219.3.fasta	1693	1722	+	30	TGACTTTAAAGGACAATTGAGAACTGGAGA	UCUCCAGUUCUCAAUUGUCCUUUAAAGUCA	0
NM_006219.3:1694-1723	NM_006219.3	NM_006219.3.fasta	1694	1723	+	30	GACTTTAAAGGACAATTGAGAACTGGAGAC	GUCUCCAGUUCUCAAUUGUCCUUUAAAGUC	0
NM_006219.3:1695-1724	NM_006219.3	NM_006219.3.fasta	1695	1724	+	30	ACTTTAAAGGACAATTGAGAACTGGAGACA	UGUCUCCAGUUCUCAAUUGUCCUUUAAAGU	0
NM_006219.3:1696-1725	NM_006219.3	NM_006219.3.fasta	1696	1725	+	30	CTTTAAAGGACAATTGAGAACTGGAGACAT	AUGUCUCCAGUUCUCAAUUGUCCUUUAAAG	0
NM_006219.3:1697-1726	NM_006219.3	NM_006219.3.fasta	1697	1726	+	30	TTTAAAGGACAATTGAGAACTGGAGACATA	UAUGUCUCCAGUUCUCAAUUGUCCUUUAAA	0
NM_006219.3:1698-1727	NM_006219.3	NM_006219.3.fasta	1698	1727	+	30	TTAAAGGACAATTGAGAACTGGAGACATAA	UUAUGUCUCCAGUUCUCAAUUGUCCUUUAA	0
NM_006219.3:1699-1728	NM_006219.3	NM_006219.3.fasta	1699	1728	+	30	TAAAGGACAATTGAGAACTGGAGACATAAT	AUUAUGUCUCCAGUUCUCAAUUGUCCUUUA	0
NM_006219.3:1700-1729	NM_006219.3	NM_006219.3.fasta	1700	1729	+	30	AAAGGACAATTGAGAACTGGAGACATAATA	UAUUAUGUCUCCAGUUCUCAAUUGUCCUUU	0
NM_006219.3:1701-1730	NM_006219.3	NM_006219.3.fasta	1701	1730	+	30	AAGGACAATTGAGAACTGGAGACATAATAT	AUAUUAUGUCUCCAGUUCUCAAUUGUCCUU	0
NM_006219.3:1702-1731	NM_006219.3	NM_006219.3.fasta	1702	1731	+	30	AGGACAATTGAGAACTGGAGACATAATATT	AAUAUUAUGUCUCCAGUUCUCAAUUGUCCU	0
NM_006219.3:1703-1732	NM_006219.3	NM_006219.3.fasta	1703	1732	+	30	GGACAATTGAGAACTGGAGACATAATATTA	UAAUAUUAUGUCUCCAGUUCUCAAUUGUCC	0
NM_006219.3:1704-1733	NM_006219.3	NM_006219.3.fasta	1704	1733	+	30	GACAATTGAGAACTGGAGACATAATATTAC	GUAAUAUUAUGUCUCCAGUUCUCAAUUGUC	0
NM_006219.3:1705-1734	NM_006219.3	NM_006219.3.fasta	1705	1734	+	30	ACAATTGAGAACTGGAGACATAATATTACA	UGUAAUAUUAUGUCUCCAGUUCUCAAUUGU	0
NM_006219.3:1706-1735	NM_006219.3	NM_006219.3.fasta	1706	1735	+	30	CAATTGAGAACTGGAGACATAATATTACAC	GUGUAAUAUUAUGUCUCCAGUUCUCAAUUG	0
NM_006219.3:1707-1736	NM_006219.3	NM_006219.3.fasta	1707	1736	+	30	AATTGAGAACTGGAGACATAATATTACACA	UGUGUAAUAUUAUGUCUCCAGUUCUCAAUU	0
NM_006219.3:1708-1737	NM_006219.3	NM_006219.3.fasta	1708	1737	+	30	ATTGAGAACTGGAGACATAATATTACACAG	CUGUGUAAUAUUAUGUCUCCAGUUCUCAAU	0
NM_006219.3:1709-1738	NM_006219.3	NM_006219.3.fasta	1709	1738	+	30	TTGAGAACTGGAGACATAATATTACACAGC	GCUGUGUAAUAUUAUGUCUCCAGUUCUCAA	0
NM_006219.3:1710-1739	NM_006219.3	NM_006219.3.fasta	1710	1739	+	30	TGAGAACTGGAGACATAATATTACACAGCT	AGCUGUGUAAUAUUAUGUCUCCAGUUCUCA	0
NM_006219.3:1711-1740	NM_006219.3	NM_006219.3.fasta	1711	1740	+	30	GAGAACTGGAGACATAATATTACACAGCTG	CAGCUGUGUAAUAUUAUGUCUCCAGUUCUC	0
NM_006219.3:1712-1741	NM_006219.3	NM_006219.3.fasta	1712	1741	+	30	AGAACTGGAGACATAATATTACACAGCTGG	CCAGCUGUGUAAUAUUAUGUCUCCAGUUCU	0
NM_006219.3:1713-1742	NM_006219.3	NM_006219.3.fasta	1713	1742	+	30	GAACTGGAGACATAATATTACACAGCTGGT	ACCAGCUGUGUAAUAUUAUGUCUCCAGUUC	0
NM_006219.3:1714-1743	NM_006219.3	NM_006219.3.fasta	1714	1743	+	30	AACTGGAGACATAATATTACACAGCTGGTC	GACCAGCUGUGUAAUAUUAUGUCUCCAGUU	0
NM_006219.3:1715-1744	NM_006219.3	NM_006219.3.fasta	1715	1744	+	30	ACTGGAGACATAATATTACACAGCTGGTCT	AGACCAGCUGUGUAAUAUUAUGUCUCCAGU	0
NM_006219.3:1716-1745	NM_006219.3	NM_006219.3.fasta	1716	1745	+	30	CTGGAGACATAATATTACACAGCTGGTCTT	AAGACCAGCUGUGUAAUAUUAUGUCUCCAG	0
NM_006219.3:1717-1746	NM_006219.3	NM_006219.3.fasta	1717	1746	+	30	TGGAGACATAATATTACACAGCTGGTCTTC	GAAGACCAGCUGUGUAAUAUUAUGUCUCCA	0
NM_006219.3:1718-1747	NM_006219.3	NM_006219.3.fasta	1718	1747	+	30	GGAGACATAATATTACACAGCTGGTCTTCA	UGAAGACCAGCUGUGUAAUAUUAUGUCUCC	0
NM_006219.3:1719-1748	NM_006219.3	NM_006219.3.fasta	1719	1748	+	30	GAGACATAATATTACACAGCTGGTCTTCAT	AUGAAGACCAGCUGUGUAAUAUUAUGUCUC	0
NM_006219.3:1720-1749	NM_006219.3	NM_006219.3.fasta	1720	1749	+	30	AGACATAATATTACACAGCTGGTCTTCATT	AAUGAAGACCAGCUGUGUAAUAUUAUGUCU	0
NM_006219.3:1721-1750	NM_006219.3	NM_006219.3.fasta	1721	1750	+	30	GACATAATATTACACAGCTGGTCTTCATTT	AAAUGAAGACCAGCUGUGUAAUAUUAUGUC	0
NM_006219.3:1722-1751	NM_006219.3	NM_006219.3.fasta	1722	1751	+	30	ACATAATATTACACAGCTGGTCTTCATTTC	GAAAUGAAGACCAGCUGUGUAAUAUUAUGU	0
NM_006219.3:1723-1752	NM_006219.3	NM_006219.3.fasta	1723	1752	+	30	CATAATATTACACAGCTGGTCTTCATTTCC	GGAAAUGAAGACCAGCUGUGUAAUAUUAUG	0
NM_006219.3:1724-1753	NM_006219.3	NM_006219.3.fasta	1724	1753	+	30	ATAATATTACACAGCTGGTCTTCATTTCCT	AGGAAAUGAAGACCAGCUGUGUAAUAUUAU	0
NM_006219.3:1725-1754	NM_006219.3	NM_006219.3.fasta	1725	1754	+	30	TAATATTACACAGCTGGTCTTCATTTCCTG	CAGGAAAUGAAGACCAGCUGUGUAAUAUUA	0
NM_006219.3:1726-1755	NM_006219.3	NM_006219.3.fasta	1726	1755	+	30	AATATTACACAGCTGGTCTTCATTTCCTGA	UCAGGAAAUGAAGACCAGCUGUGUAAUAUU	0
NM_006219.3:1727-1756	NM_006219.3	NM_006219.3.fasta	1727	1756	+	30	ATATTACACAGCTGGTCTTCATTTCCTGAT	AUCAGGAAAUGAAGACCAGCUGUGUAAUAU	0
NM_006219.3:1728-1757	NM_006219.3	NM_006219.3.fasta	1728	1757	+	30	TATTACACAGCTGGTCTTCATTTCCTGATG	CAUCAGGAAAUGAAGACCAGCUGUGUAAUA	0
NM_006219.3:1729-1758	NM_006219.3	NM_006219.3.fasta	1729	1758	+	30	ATTACACAGCTGGTCTTCATTTCCTGATGA	UCAUCAGGAAAUGAAGACCAGCUGUGUAAU	0
NM_006219.3:1730-1759	NM_006219.3	NM_006219.3.fasta	1730	1759	+	30	TTACACAGCTGGTCTTCATTTCCTGATGAA	UUCAUCAGGAAAUGAAGACCAGCUGUGUAA	0
NM_006219.3:1731-1760	NM_006219.3	NM_006219.3.fasta	1731	1760	+	30	TACACAGCTGGTCTTCATTTCCTGATGAAC	GUUCAUCAGGAAAUGAAGACCAGCUGUGUA	0
NM_006219.3:1732-1761	NM_006219.3	NM_006219.3.fasta	1732	1761	+	30	ACACAGCTGGTCTTCATTTCCTGATGAACT	AGUUCAUCAGGAAAUGAAGACCAGCUGUGU	0
NM_006219.3:1733-1762	NM_006219.3	NM_006219.3.fasta	1733	1762	+	30	CACAGCTGGTCTTCATTTCCTGATGAACTC	GAGUUCAUCAGGAAAUGAAGACCAGCUGUG	0
NM_006219.3:1734-1763	NM_006219.3	NM_006219.3.fasta	1734	1763	+	30	ACAGCTGGTCTTCATTTCCTGATGAACTCG	CGAGUUCAUCAGGAAAUGAAGACCAGCUGU	0
NM_006219.3:1735-1764	NM_006219.3	NM_006219.3.fasta	1735	1764	+	30	CAGCTGGTCTTCATTTCCTGATGAACTCGA	UCGAGUUCAUCAGGAAAUGAAGACCAGCUG	0
NM_006219.3:1736-1765	NM_006219.3	NM_006219.3.fasta	1736	1765	+	30	AGCTGGTCTTCATTTCCTGATGAACTCGAA	UUCGAGUUCAUCAGGAAAUGAAGACCAGCU	0
NM_006219.3:1737-1766	NM_006219.3	NM_006219.3.fasta	1737	1766	+	30	GCTGGTCTTCATTTCCTGATGAACTCGAAG	CUUCGAGUUCAUCAGGAAAUGAAGACCAGC	0
NM_006219.3:1738-1767	NM_006219.3	NM_006219.3.fasta	1738	1767	+	30	CTGGTCTTCATTTCCTGATGAACTCGAAGA	UCUUCGAGUUCAUCAGGAAAUGAAGACCAG	0
NM_006219.3:1739-1768	NM_006219.3	NM_006219.3.fasta	1739	1768	+	30	TGGTCTTCATTTCCTGATGAACTCGAAGAA	UUCUUCGAGUUCAUCAGGAAAUGAAGACCA	0
NM_006219.3:1740-1769	NM_006219.3	NM_006219.3.fasta	1740	1769	+	30	GGTCTTCATTTCCTGATGAACTCGAAGAAA	UUUCUUCGAGUUCAUCAGGAAAUGAAGACC	0
NM_006219.3:1741-1770	NM_006219.3	NM_006219.3.fasta	1741	1770	+	30	GTCTTCATTTCCTGATGAACTCGAAGAAAT	AUUUCUUCGAGUUCAUCAGGAAAUGAAGAC	0
NM_006219.3:1742-1771	NM_006219.3	NM_006219.3.fasta	1742	1771	+	30	TCTTCATTTCCTGATGAACTCGAAGAAATG	CAUUUCUUCGAGUUCAUCAGGAAAUGAAGA	0
NM_006219.3:1743-1772	NM_006219.3	NM_006219.3.fasta	1743	1772	+	30	CTTCATTTCCTGATGAACTCGAAGAAATGT	ACAUUUCUUCGAGUUCAUCAGGAAAUGAAG	0
NM_006219.3:1744-1773	NM_006219.3	NM_006219.3.fasta	1744	1773	+	30	TTCATTTCCTGATGAACTCGAAGAAATGTT	AACAUUUCUUCGAGUUCAUCAGGAAAUGAA	0
NM_006219.3:1745-1774	NM_006219.3	NM_006219.3.fasta	1745	1774	+	30	TCATTTCCTGATGAACTCGAAGAAATGTTG	CAACAUUUCUUCGAGUUCAUCAGGAAAUGA	0
NM_006219.3:1746-1775	NM_006219.3	NM_006219.3.fasta	1746	1775	+	30	CATTTCCTGATGAACTCGAAGAAATGTTGA	UCAACAUUUCUUCGAGUUCAUCAGGAAAUG	0
NM_006219.3:1747-1776	NM_006219.3	NM_006219.3.fasta	1747	1776	+	30	ATTTCCTGATGAACTCGAAGAAATGTTGAA	UUCAACAUUUCUUCGAGUUCAUCAGGAAAU	0
NM_006219.3:1748-1777	NM_006219.3	NM_006219.3.fasta	1748	1777	+	30	TTTCCTGATGAACTCGAAGAAATGTTGAAT	AUUCAACAUUUCUUCGAGUUCAUCAGGAAA	0
NM_006219.3:1749-1778	NM_006219.3	NM_006219.3.fasta	1749	1778	+	30	TTCCTGATGAACTCGAAGAAATGTTGAATC	GAUUCAACAUUUCUUCGAGUUCAUCAGGAA	0
NM_006219.3:1750-1779	NM_006219.3	NM_006219.3.fasta	1750	1779	+	30	TCCTGATGAACTCGAAGAAATGTTGAATCC	GGAUUCAACAUUUCUUCGAGUUCAUCAGGA	0
NM_006219.3:1751-1780	NM_006219.3	NM_006219.3.fasta	1751	1780	+	30	CCTGATGAACTCGAAGAAATGTTGAATCCA	UGGAUUCAACAUUUCUUCGAGUUCAUCAGG	0
NM_006219.3:1752-1781	NM_006219.3	NM_006219.3.fasta	1752	1781	+	30	CTGATGAACTCGAAGAAATGTTGAATCCAA	UUGGAUUCAACAUUUCUUCGAGUUCAUCAG	0
NM_006219.3:1753-1782	NM_006219.3	NM_006219.3.fasta	1753	1782	+	30	TGATGAACTCGAAGAAATGTTGAATCCAAT	AUUGGAUUCAACAUUUCUUCGAGUUCAUCA	0
NM_006219.3:1754-1783	NM_006219.3	NM_006219.3.fasta	1754	1783	+	30	GATGAACTCGAAGAAATGTTGAATCCAATG	CAUUGGAUUCAACAUUUCUUCGAGUUCAUC	0
NM_006219.3:1755-1784	NM_006219.3	NM_006219.3.fasta	1755	1784	+	30	ATGAACTCGAAGAAATGTTGAATCCAATGG	CCAUUGGAUUCAACAUUUCUUCGAGUUCAU	0
NM_006219.3:1756-1785	NM_006219.3	NM_006219.3.fasta	1756	1785	+	30	TGAACTCGAAGAAATGTTGAATCCAATGGG	CCCAUUGGAUUCAACAUUUCUUCGAGUUCA	0
NM_006219.3:1757-1786	NM_006219.3	NM_006219.3.fasta	1757	1786	+	30	GAACTCGAAGAAATGTTGAATCCAATGGGA	UCCCAUUGGAUUCAACAUUUCUUCGAGUUC	0
NM_006219.3:1758-1787	NM_006219.3	NM_006219.3.fasta	1758	1787	+	30	AACTCGAAGAAATGTTGAATCCAATGGGAA	UUCCCAUUGGAUUCAACAUUUCUUCGAGUU	0
NM_006219.3:1759-1788	NM_006219.3	NM_006219.3.fasta	1759	1788	+	30	ACTCGAAGAAATGTTGAATCCAATGGGAAC	GUUCCCAUUGGAUUCAACAUUUCUUCGAGU	0
NM_006219.3:1760-1789	NM_006219.3	NM_006219.3.fasta	1760	1789	+	30	CTCGAAGAAATGTTGAATCCAATGGGAACT	AGUUCCCAUUGGAUUCAACAUUUCUUCGAG	0
NM_006219.3:1761-1790	NM_006219.3	NM_006219.3.fasta	1761	1790	+	30	TCGAAGAAATGTTGAATCCAATGGGAACTG	CAGUUCCCAUUGGAUUCAACAUUUCUUCGA	0
NM_006219.3:1762-1791	NM_006219.3	NM_006219.3.fasta	1762	1791	+	30	CGAAGAAATGTTGAATCCAATGGGAACTGT	ACAGUUCCCAUUGGAUUCAACAUUUCUUCG	0
NM_006219.3:1763-1792	NM_006219.3	NM_006219.3.fasta	1763	1792	+	30	GAAGAAATGTTGAATCCAATGGGAACTGTT	AACAGUUCCCAUUGGAUUCAACAUUUCUUC	0
NM_006219.3:1764-1793	NM_006219.3	NM_006219.3.fasta	1764	1793	+	30	AAGAAATGTTGAATCCAATGGGAACTGTTC	GAACAGUUCCCAUUGGAUUCAACAUUUCUU	0
NM_006219.3:1765-1794	NM_006219.3	NM_006219.3.fasta	1765	1794	+	30	AGAAATGTTGAATCCAATGGGAACTGTTCA	UGAACAGUUCCCAUUGGAUUCAACAUUUCU	0
NM_006219.3:1766-1795	NM_006219.3	NM_006219.3.fasta	1766	1795	+	30	GAAATGTTGAATCCAATGGGAACTGTTCAA	UUGAACAGUUCCCAUUGGAUUCAACAUUUC	0
NM_006219.3:1767-1796	NM_006219.3	NM_006219.3.fasta	1767	1796	+	30	AAATGTTGAATCCAATGGGAACTGTTCAAA	UUUGAACAGUUCCCAUUGGAUUCAACAUUU	0
NM_006219.3:1768-1797	NM_006219.3	NM_006219.3.fasta	1768	1797	+	30	AATGTTGAATCCAATGGGAACTGTTCAAAC	GUUUGAACAGUUCCCAUUGGAUUCAACAUU	0
NM_006219.3:1769-1798	NM_006219.3	NM_006219.3.fasta	1769	1798	+	30	ATGTTGAATCCAATGGGAACTGTTCAAACA	UGUUUGAACAGUUCCCAUUGGAUUCAACAU	0
NM_006219.3:1770-1799	NM_006219.3	NM_006219.3.fasta	1770	1799	+	30	TGTTGAATCCAATGGGAACTGTTCAAACAA	UUGUUUGAACAGUUCCCAUUGGAUUCAACA	0
NM_006219.3:1771-1800	NM_006219.3	NM_006219.3.fasta	1771	1800	+	30	GTTGAATCCAATGGGAACTGTTCAAACAAA	UUUGUUUGAACAGUUCCCAUUGGAUUCAAC	0
NM_006219.3:1772-1801	NM_006219.3	NM_006219.3.fasta	1772	1801	+	30	TTGAATCCAATGGGAACTGTTCAAACAAAT	AUUUGUUUGAACAGUUCCCAUUGGAUUCAA	0
NM_006219.3:1773-1802	NM_006219.3	NM_006219.3.fasta	1773	1802	+	30	TGAATCCAATGGGAACTGTTCAAACAAATC	GAUUUGUUUGAACAGUUCCCAUUGGAUUCA	0
NM_006219.3:1774-1803	NM_006219.3	NM_006219.3.fasta	1774	1803	+	30	GAATCCAATGGGAACTGTTCAAACAAATCC	GGAUUUGUUUGAACAGUUCCCAUUGGAUUC	0
NM_006219.3:1775-1804	NM_006219.3	NM_006219.3.fasta	1775	1804	+	30	AATCCAATGGGAACTGTTCAAACAAATCCA	UGGAUUUGUUUGAACAGUUCCCAUUGGAUU	0
NM_006219.3:1776-1805	NM_006219.3	NM_006219.3.fasta	1776	1805	+	30	ATCCAATGGGAACTGTTCAAACAAATCCAT	AUGGAUUUGUUUGAACAGUUCCCAUUGGAU	0
NM_006219.3:1777-1806	NM_006219.3	NM_006219.3.fasta	1777	1806	+	30	TCCAATGGGAACTGTTCAAACAAATCCATA	UAUGGAUUUGUUUGAACAGUUCCCAUUGGA	0
NM_006219.3:1778-1807	NM_006219.3	NM_006219.3.fasta	1778	1807	+	30	CCAATGGGAACTGTTCAAACAAATCCATAT	AUAUGGAUUUGUUUGAACAGUUCCCAUUGG	0
NM_006219.3:1779-1808	NM_006219.3	NM_006219.3.fasta	1779	1808	+	30	CAATGGGAACTGTTCAAACAAATCCATATA	UAUAUGGAUUUGUUUGAACAGUUCCCAUUG	0
NM_006219.3:1780-1809	NM_006219.3	NM_006219.3.fasta	1780	1809	+	30	AATGGGAACTGTTCAAACAAATCCATATAC	GUAUAUGGAUUUGUUUGAACAGUUCCCAUU	0
NM_006219.3:1781-1810	NM_006219.3	NM_006219.3.fasta	1781	1810	+	30	ATGGGAACTGTTCAAACAAATCCATATACT	AGUAUAUGGAUUUGUUUGAACAGUUCCCAU	0
NM_006219.3:1782-1811	NM_006219.3	NM_006219.3.fasta	1782	1811	+	30	TGGGAACTGTTCAAACAAATCCATATACTG	CAGUAUAUGGAUUUGUUUGAACAGUUCCCA	0
NM_006219.3:1783-1812	NM_006219.3	NM_006219.3.fasta	1783	1812	+	30	GGGAACTGTTCAAACAAATCCATATACTGA	UCAGUAUAUGGAUUUGUUUGAACAGUUCCC	0
NM_006219.3:1784-1813	NM_006219.3	NM_006219.3.fasta	1784	1813	+	30	GGAACTGTTCAAACAAATCCATATACTGAA	UUCAGUAUAUGGAUUUGUUUGAACAGUUCC	0
NM_006219.3:1785-1814	NM_006219.3	NM_006219.3.fasta	1785	1814	+	30	GAACTGTTCAAACAAATCCATATACTGAAA	UUUCAGUAUAUGGAUUUGUUUGAACAGUUC	0
NM_006219.3:1786-1815	NM_006219.3	NM_006219.3.fasta	1786	1815	+	30	AACTGTTCAAACAAATCCATATACTGAAAA	UUUUCAGUAUAUGGAUUUGUUUGAACAGUU	0
NM_006219.3:1787-1816	NM_006219.3	NM_006219.3.fasta	1787	1816	+	30	ACTGTTCAAACAAATCCATATACTGAAAAT	AUUUUCAGUAUAUGGAUUUGUUUGAACAGU	0
NM_006219.3:1788-1817	NM_006219.3	NM_006219.3.fasta	1788	1817	+	30	CTGTTCAAACAAATCCATATACTGAAAATG	CAUUUUCAGUAUAUGGAUUUGUUUGAACAG	0
NM_006219.3:1789-1818	NM_006219.3	NM_006219.3.fasta	1789	1818	+	30	TGTTCAAACAAATCCATATACTGAAAATGC	GCAUUUUCAGUAUAUGGAUUUGUUUGAACA	0
NM_006219.3:1790-1819	NM_006219.3	NM_006219.3.fasta	1790	1819	+	30	GTTCAAACAAATCCATATACTGAAAATGCA	UGCAUUUUCAGUAUAUGGAUUUGUUUGAAC	0
NM_006219.3:1791-1820	NM_006219.3	NM_006219.3.fasta	1791	1820	+	30	TTCAAACAAATCCATATACTGAAAATGCAA	UUGCAUUUUCAGUAUAUGGAUUUGUUUGAA	0
NM_006219.3:1792-1821	NM_006219.3	NM_006219.3.fasta	1792	1821	+	30	TCAAACAAATCCATATACTGAAAATGCAAC	GUUGCAUUUUCAGUAUAUGGAUUUGUUUGA	0
NM_006219.3:1793-1822	NM_006219.3	NM_006219.3.fasta	1793	1822	+	30	CAAACAAATCCATATACTGAAAATGCAACA	UGUUGCAUUUUCAGUAUAUGGAUUUGUUUG	0
NM_006219.3:1794-1823	NM_006219.3	NM_006219.3.fasta	1794	1823	+	30	AAACAAATCCATATACTGAAAATGCAACAG	CUGUUGCAUUUUCAGUAUAUGGAUUUGUUU	0
NM_006219.3:1795-1824	NM_006219.3	NM_006219.3.fasta	1795	1824	+	30	AACAAATCCATATACTGAAAATGCAACAGC	GCUGUUGCAUUUUCAGUAUAUGGAUUUGUU	0
NM_006219.3:1796-1825	NM_006219.3	NM_006219.3.fasta	1796	1825	+	30	ACAAATCCATATACTGAAAATGCAACAGCT	AGCUGUUGCAUUUUCAGUAUAUGGAUUUGU	0
NM_006219.3:1797-1826	NM_006219.3	NM_006219.3.fasta	1797	1826	+	30	CAAATCCATATACTGAAAATGCAACAGCTT	AAGCUGUUGCAUUUUCAGUAUAUGGAUUUG	0
NM_006219.3:1798-1827	NM_006219.3	NM_006219.3.fasta	1798	1827	+	30	AAATCCATATACTGAAAATGCAACAGCTTT	AAAGCUGUUGCAUUUUCAGUAUAUGGAUUU	0
NM_006219.3:1799-1828	NM_006219.3	NM_006219.3.fasta	1799	1828	+	30	AATCCATATACTGAAAATGCAACAGCTTTG	CAAAGCUGUUGCAUUUUCAGUAUAUGGAUU	0
NM_006219.3:1800-1829	NM_006219.3	NM_006219.3.fasta	1800	1829	+	30	ATCCATATACTGAAAATGCAACAGCTTTGC	GCAAAGCUGUUGCAUUUUCAGUAUAUGGAU	0
NM_006219.3:1801-1830	NM_006219.3	NM_006219.3.fasta	1801	1830	+	30	TCCATATACTGAAAATGCAACAGCTTTGCA	UGCAAAGCUGUUGCAUUUUCAGUAUAUGGA	0
NM_006219.3:1802-1831	NM_006219.3	NM_006219.3.fasta	1802	1831	+	30	CCATATACTGAAAATGCAACAGCTTTGCAT	AUGCAAAGCUGUUGCAUUUUCAGUAUAUGG	0
NM_006219.3:1803-1832	NM_006219.3	NM_006219.3.fasta	1803	1832	+	30	CATATACTGAAAATGCAACAGCTTTGCATG	CAUGCAAAGCUGUUGCAUUUUCAGUAUAUG	0
NM_006219.3:1804-1833	NM_006219.3	NM_006219.3.fasta	1804	1833	+	30	ATATACTGAAAATGCAACAGCTTTGCATGT	ACAUGCAAAGCUGUUGCAUUUUCAGUAUAU	0
NM_006219.3:1805-1834	NM_006219.3	NM_006219.3.fasta	1805	1834	+	30	TATACTGAAAATGCAACAGCTTTGCATGTT	AACAUGCAAAGCUGUUGCAUUUUCAGUAUA	0
NM_006219.3:1806-1835	NM_006219.3	NM_006219.3.fasta	1806	1835	+	30	ATACTGAAAATGCAACAGCTTTGCATGTTA	UAACAUGCAAAGCUGUUGCAUUUUCAGUAU	0
NM_006219.3:1807-1836	NM_006219.3	NM_006219.3.fasta	1807	1836	+	30	TACTGAAAATGCAACAGCTTTGCATGTTAA	UUAACAUGCAAAGCUGUUGCAUUUUCAGUA	0
NM_006219.3:1808-1837	NM_006219.3	NM_006219.3.fasta	1808	1837	+	30	ACTGAAAATGCAACAGCTTTGCATGTTAAA	UUUAACAUGCAAAGCUGUUGCAUUUUCAGU	0
NM_006219.3:1809-1838	NM_006219.3	NM_006219.3.fasta	1809	1838	+	30	CTGAAAATGCAACAGCTTTGCATGTTAAAT	AUUUAACAUGCAAAGCUGUUGCAUUUUCAG	0
NM_006219.3:1810-1839	NM_006219.3	NM_006219.3.fasta	1810	1839	+	30	TGAAAATGCAACAGCTTTGCATGTTAAATT	AAUUUAACAUGCAAAGCUGUUGCAUUUUCA	0
NM_006219.3:1811-1840	NM_006219.3	NM_006219.3.fasta	1811	1840	+	30	GAAAATGCAACAGCTTTGCATGTTAAATTT	AAAUUUAACAUGCAAAGCUGUUGCAUUUUC	0
NM_006219.3:1812-1841	NM_006219.3	NM_006219.3.fasta	1812	1841	+	30	AAAATGCAACAGCTTTGCATGTTAAATTTC	GAAAUUUAACAUGCAAAGCUGUUGCAUUUU	0
NM_006219.3:1813-1842	NM_006219.3	NM_006219.3.fasta	1813	1842	+	30	AAATGCAACAGCTTTGCATGTTAAATTTCC	GGAAAUUUAACAUGCAAAGCUGUUGCAUUU	0
NM_006219.3:1814-1843	NM_006219.3	NM_006219.3.fasta	1814	1843	+	30	AATGCAACAGCTTTGCATGTTAAATTTCCA	UGGAAAUUUAACAUGCAAAGCUGUUGCAUU	0
NM_006219.3:1815-1844	NM_006219.3	NM_006219.3.fasta	1815	1844	+	30	ATGCAACAGCTTTGCATGTTAAATTTCCAG	CUGGAAAUUUAACAUGCAAAGCUGUUGCAU	0
NM_006219.3:1816-1845	NM_006219.3	NM_006219.3.fasta	1816	1845	+	30	TGCAACAGCTTTGCATGTTAAATTTCCAGA	UCUGGAAAUUUAACAUGCAAAGCUGUUGCA	0
NM_006219.3:1817-1846	NM_006219.3	NM_006219.3.fasta	1817	1846	+	30	GCAACAGCTTTGCATGTTAAATTTCCAGAG	CUCUGGAAAUUUAACAUGCAAAGCUGUUGC	0
NM_006219.3:1818-1847	NM_006219.3	NM_006219.3.fasta	1818	1847	+	30	CAACAGCTTTGCATGTTAAATTTCCAGAGA	UCUCUGGAAAUUUAACAUGCAAAGCUGUUG	0
NM_006219.3:1819-1848	NM_006219.3	NM_006219.3.fasta	1819	1848	+	30	AACAGCTTTGCATGTTAAATTTCCAGAGAA	UUCUCUGGAAAUUUAACAUGCAAAGCUGUU	0
NM_006219.3:1820-1849	NM_006219.3	NM_006219.3.fasta	1820	1849	+	30	ACAGCTTTGCATGTTAAATTTCCAGAGAAT	AUUCUCUGGAAAUUUAACAUGCAAAGCUGU	0
NM_006219.3:1821-1850	NM_006219.3	NM_006219.3.fasta	1821	1850	+	30	CAGCTTTGCATGTTAAATTTCCAGAGAATA	UAUUCUCUGGAAAUUUAACAUGCAAAGCUG	0
NM_006219.3:1822-1851	NM_006219.3	NM_006219.3.fasta	1822	1851	+	30	AGCTTTGCATGTTAAATTTCCAGAGAATAA	UUAUUCUCUGGAAAUUUAACAUGCAAAGCU	0
NM_006219.3:1823-1852	NM_006219.3	NM_006219.3.fasta	1823	1852	+	30	GCTTTGCATGTTAAATTTCCAGAGAATAAA	UUUAUUCUCUGGAAAUUUAACAUGCAAAGC	0
NM_006219.3:1824-1853	NM_006219.3	NM_006219.3.fasta	1824	1853	+	30	CTTTGCATGTTAAATTTCCAGAGAATAAAA	UUUUAUUCUCUGGAAAUUUAACAUGCAAAG	0
NM_006219.3:1825-1854	NM_006219.3	NM_006219.3.fasta	1825	1854	+	30	TTTGCATGTTAAATTTCCAGAGAATAAAAA	UUUUUAUUCUCUGGAAAUUUAACAUGCAAA	0
NM_006219.3:1826-1855	NM_006219.3	NM_006219.3.fasta	1826	1855	+	30	TTGCATGTTAAATTTCCAGAGAATAAAAAA	UUUUUUAUUCUCUGGAAAUUUAACAUGCAA	0
NM_006219.3:1827-1856	NM_006219.3	NM_006219.3.fasta	1827	1856	+	30	TGCATGTTAAATTTCCAGAGAATAAAAAAC	GUUUUUUAUUCUCUGGAAAUUUAACAUGCA	0
NM_006219.3:1828-1857	NM_006219.3	NM_006219.3.fasta	1828	1857	+	30	GCATGTTAAATTTCCAGAGAATAAAAAACA	UGUUUUUUAUUCUCUGGAAAUUUAACAUGC	0
NM_006219.3:1829-1858	NM_006219.3	NM_006219.3.fasta	1829	1858	+	30	CATGTTAAATTTCCAGAGAATAAAAAACAA	UUGUUUUUUAUUCUCUGGAAAUUUAACAUG	0
NM_006219.3:1830-1859	NM_006219.3	NM_006219.3.fasta	1830	1859	+	30	ATGTTAAATTTCCAGAGAATAAAAAACAAC	GUUGUUUUUUAUUCUCUGGAAAUUUAACAU	0
NM_006219.3:1831-1860	NM_006219.3	NM_006219.3.fasta	1831	1860	+	30	TGTTAAATTTCCAGAGAATAAAAAACAACC	GGUUGUUUUUUAUUCUCUGGAAAUUUAACA	0
NM_006219.3:1832-1861	NM_006219.3	NM_006219.3.fasta	1832	1861	+	30	GTTAAATTTCCAGAGAATAAAAAACAACCT	AGGUUGUUUUUUAUUCUCUGGAAAUUUAAC	0
NM_006219.3:1833-1862	NM_006219.3	NM_006219.3.fasta	1833	1862	+	30	TTAAATTTCCAGAGAATAAAAAACAACCTT	AAGGUUGUUUUUUAUUCUCUGGAAAUUUAA	0
NM_006219.3:1834-1863	NM_006219.3	NM_006219.3.fasta	1834	1863	+	30	TAAATTTCCAGAGAATAAAAAACAACCTTA	UAAGGUUGUUUUUUAUUCUCUGGAAAUUUA	0
NM_006219.3:1835-1864	NM_006219.3	NM_006219.3.fasta	1835	1864	+	30	AAATTTCCAGAGAATAAAAAACAACCTTAT	AUAAGGUUGUUUUUUAUUCUCUGGAAAUUU	0
NM_006219.3:1836-1865	NM_006219.3	NM_006219.3.fasta	1836	1865	+	30	AATTTCCAGAGAATAAAAAACAACCTTATT	AAUAAGGUUGUUUUUUAUUCUCUGGAAAUU	0
NM_006219.3:1837-1866	NM_006219.3	NM_006219.3.fasta	1837	1866	+	30	ATTTCCAGAGAATAAAAAACAACCTTATTA	UAAUAAGGUUGUUUUUUAUUCUCUGGAAAU	0
NM_006219.3:1838-1867	NM_006219.3	NM_006219.3.fasta	1838	1867	+	30	TTTCCAGAGAATAAAAAACAACCTTATTAT	AUAAUAAGGUUGUUUUUUAUUCUCUGGAAA	0
NM_006219.3:1839-1868	NM_006219.3	NM_006219.3.fasta	1839	1868	+	30	TTCCAGAGAATAAAAAACAACCTTATTATT	AAUAAUAAGGUUGUUUUUUAUUCUCUGGAA	0
NM_006219.3:1840-1869	NM_006219.3	NM_006219.3.fasta	1840	1869	+	30	TCCAGAGAATAAAAAACAACCTTATTATTA	UAAUAAUAAGGUUGUUUUUUAUUCUCUGGA	0
NM_006219.3:1841-1870	NM_006219.3	NM_006219.3.fasta	1841	1870	+	30	CCAGAGAATAAAAAACAACCTTATTATTAC	GUAAUAAUAAGGUUGUUUUUUAUUCUCUGG	0
NM_006219.3:1842-1871	NM_006219.3	NM_006219.3.fasta	1842	1871	+	30	CAGAGAATAAAAAACAACCTTATTATTACC	GGUAAUAAUAAGGUUGUUUUUUAUUCUCUG	0
NM_006219.3:1843-1872	NM_006219.3	NM_006219.3.fasta	1843	1872	+	30	AGAGAATAAAAAACAACCTTATTATTACCC	GGGUAAUAAUAAGGUUGUUUUUUAUUCUCU	0
NM_006219.3:1844-1873	NM_006219.3	NM_006219.3.fasta	1844	1873	+	30	GAGAATAAAAAACAACCTTATTATTACCCT	AGGGUAAUAAUAAGGUUGUUUUUUAUUCUC	0
NM_006219.3:1845-1874	NM_006219.3	NM_006219.3.fasta	1845	1874	+	30	AGAATAAAAAACAACCTTATTATTACCCTC	GAGGGUAAUAAUAAGGUUGUUUUUUAUUCU	0
NM_006219.3:1846-1875	NM_006219.3	NM_006219.3.fasta	1846	1875	+	30	GAATAAAAAACAACCTTATTATTACCCTCC	GGAGGGUAAUAAUAAGGUUGUUUUUUAUUC	0
NM_006219.3:1847-1876	NM_006219.3	NM_006219.3.fasta	1847	1876	+	30	AATAAAAAACAACCTTATTATTACCCTCCC	GGGAGGGUAAUAAUAAGGUUGUUUUUUAUU	0
NM_006219.3:1848-1877	NM_006219.3	NM_006219.3.fasta	1848	1877	+	30	ATAAAAAACAACCTTATTATTACCCTCCCT	AGGGAGGGUAAUAAUAAGGUUGUUUUUUAU	0
NM_006219.3:1849-1878	NM_006219.3	NM_006219.3.fasta	1849	1878	+	30	TAAAAAACAACCTTATTATTACCCTCCCTT	AAGGGAGGGUAAUAAUAAGGUUGUUUUUUA	0
NM_006219.3:1850-1879	NM_006219.3	NM_006219.3.fasta	1850	1879	+	30	AAAAAACAACCTTATTATTACCCTCCCTTC	GAAGGGAGGGUAAUAAUAAGGUUGUUUUUU	0
NM_006219.3:1851-1880	NM_006219.3	NM_006219.3.fasta	1851	1880	+	30	AAAAACAACCTTATTATTACCCTCCCTTCG	CGAAGGGAGGGUAAUAAUAAGGUUGUUUUU	0
NM_006219.3:1852-1881	NM_006219.3	NM_006219.3.fasta	1852	1881	+	30	AAAACAACCTTATTATTACCCTCCCTTCGA	UCGAAGGGAGGGUAAUAAUAAGGUUGUUUU	0
NM_006219.3:1853-1882	NM_006219.3	NM_006219.3.fasta	1853	1882	+	30	AAACAACCTTATTATTACCCTCCCTTCGAT	AUCGAAGGGAGGGUAAUAAUAAGGUUGUUU	0
NM_006219.3:1854-1883	NM_006219.3	NM_006219.3.fasta	1854	1883	+	30	AACAACCTTATTATTACCCTCCCTTCGATA	UAUCGAAGGGAGGGUAAUAAUAAGGUUGUU	0
NM_006219.3:1855-1884	NM_006219.3	NM_006219.3.fasta	1855	1884	+	30	ACAACCTTATTATTACCCTCCCTTCGATAA	UUAUCGAAGGGAGGGUAAUAAUAAGGUUGU	0
NM_006219.3:1856-1885	NM_006219.3	NM_006219.3.fasta	1856	1885	+	30	CAACCTTATTATTACCCTCCCTTCGATAAG	CUUAUCGAAGGGAGGGUAAUAAUAAGGUUG	0
NM_006219.3:1857-1886	NM_006219.3	NM_006219.3.fasta	1857	1886	+	30	AACCTTATTATTACCCTCCCTTCGATAAGA	UCUUAUCGAAGGGAGGGUAAUAAUAAGGUU	0
NM_006219.3:1858-1887	NM_006219.3	NM_006219.3.fasta	1858	1887	+	30	ACCTTATTATTACCCTCCCTTCGATAAGAT	AUCUUAUCGAAGGGAGGGUAAUAAUAAGGU	0
NM_006219.3:1859-1888	NM_006219.3	NM_006219.3.fasta	1859	1888	+	30	CCTTATTATTACCCTCCCTTCGATAAGATT	AAUCUUAUCGAAGGGAGGGUAAUAAUAAGG	0
NM_006219.3:1860-1889	NM_006219.3	NM_006219.3.fasta	1860	1889	+	30	CTTATTATTACCCTCCCTTCGATAAGATTA	UAAUCUUAUCGAAGGGAGGGUAAUAAUAAG	0
NM_006219.3:1861-1890	NM_006219.3	NM_006219.3.fasta	1861	1890	+	30	TTATTATTACCCTCCCTTCGATAAGATTAT	AUAAUCUUAUCGAAGGGAGGGUAAUAAUAA	0
NM_006219.3:1862-1891	NM_006219.3	NM_006219.3.fasta	1862	1891	+	30	TATTATTACCCTCCCTTCGATAAGATTATT	AAUAAUCUUAUCGAAGGGAGGGUAAUAAUA	0
NM_006219.3:1863-1892	NM_006219.3	NM_006219.3.fasta	1863	1892	+	30	ATTATTACCCTCCCTTCGATAAGATTATTG	CAAUAAUCUUAUCGAAGGGAGGGUAAUAAU	0
NM_006219.3:1864-1893	NM_006219.3	NM_006219.3.fasta	1864	1893	+	30	TTATTACCCTCCCTTCGATAAGATTATTGA	UCAAUAAUCUUAUCGAAGGGAGGGUAAUAA	0
NM_006219.3:1865-1894	NM_006219.3	NM_006219.3.fasta	1865	1894	+	30	TATTACCCTCCCTTCGATAAGATTATTGAA	UUCAAUAAUCUUAUCGAAGGGAGGGUAAUA	0
NM_006219.3:1866-1895	NM_006219.3	NM_006219.3.fasta	1866	1895	+	30	ATTACCCTCCCTTCGATAAGATTATTGAAA	UUUCAAUAAUCUUAUCGAAGGGAGGGUAAU	0
NM_006219.3:1867-1896	NM_006219.3	NM_006219.3.fasta	1867	1896	+	30	TTACCCTCCCTTCGATAAGATTATTGAAAA	UUUUCAAUAAUCUUAUCGAAGGGAGGGUAA	0
NM_006219.3:1868-1897	NM_006219.3	NM_006219.3.fasta	1868	1897	+	30	TACCCTCCCTTCGATAAGATTATTGAAAAG	CUUUUCAAUAAUCUUAUCGAAGGGAGGGUA	0
NM_006219.3:1869-1898	NM_006219.3	NM_006219.3.fasta	1869	1898	+	30	ACCCTCCCTTCGATAAGATTATTGAAAAGG	CCUUUUCAAUAAUCUUAUCGAAGGGAGGGU	0
NM_006219.3:1870-1899	NM_006219.3	NM_006219.3.fasta	1870	1899	+	30	CCCTCCCTTCGATAAGATTATTGAAAAGGC	GCCUUUUCAAUAAUCUUAUCGAAGGGAGGG	0
NM_006219.3:1871-1900	NM_006219.3	NM_006219.3.fasta	1871	1900	+	30	CCTCCCTTCGATAAGATTATTGAAAAGGCA	UGCCUUUUCAAUAAUCUUAUCGAAGGGAGG	0
NM_006219.3:1872-1901	NM_006219.3	NM_006219.3.fasta	1872	1901	+	30	CTCCCTTCGATAAGATTATTGAAAAGGCAG	CUGCCUUUUCAAUAAUCUUAUCGAAGGGAG	0
NM_006219.3:1873-1902	NM_006219.3	NM_006219.3.fasta	1873	1902	+	30	TCCCTTCGATAAGATTATTGAAAAGGCAGC	GCUGCCUUUUCAAUAAUCUUAUCGAAGGGA	0
NM_006219.3:1874-1903	NM_006219.3	NM_006219.3.fasta	1874	1903	+	30	CCCTTCGATAAGATTATTGAAAAGGCAGCT	AGCUGCCUUUUCAAUAAUCUUAUCGAAGGG	0
NM_006219.3:1875-1904	NM_006219.3	NM_006219.3.fasta	1875	1904	+	30	CCTTCGATAAGATTATTGAAAAGGCAGCTG	CAGCUGCCUUUUCAAUAAUCUUAUCGAAGG	0
NM_006219.3:1876-1905	NM_006219.3	NM_006219.3.fasta	1876	1905	+	30	CTTCGATAAGATTATTGAAAAGGCAGCTGA	UCAGCUGCCUUUUCAAUAAUCUUAUCGAAG	0
NM_006219.3:1877-1906	NM_006219.3	NM_006219.3.fasta	1877	1906	+	30	TTCGATAAGATTATTGAAAAGGCAGCTGAG	CUCAGCUGCCUUUUCAAUAAUCUUAUCGAA	0
NM_006219.3:1878-1907	NM_006219.3	NM_006219.3.fasta	1878	1907	+	30	TCGATAAGATTATTGAAAAGGCAGCTGAGA	UCUCAGCUGCCUUUUCAAUAAUCUUAUCGA	0
NM_006219.3:1879-1908	NM_006219.3	NM_006219.3.fasta	1879	1908	+	30	CGATAAGATTATTGAAAAGGCAGCTGAGAT	AUCUCAGCUGCCUUUUCAAUAAUCUUAUCG	0
NM_006219.3:1880-1909	NM_006219.3	NM_006219.3.fasta	1880	1909	+	30	GATAAGATTATTGAAAAGGCAGCTGAGATT	AAUCUCAGCUGCCUUUUCAAUAAUCUUAUC	0
NM_006219.3:1881-1910	NM_006219.3	NM_006219.3.fasta	1881	1910	+	30	ATAAGATTATTGAAAAGGCAGCTGAGATTG	CAAUCUCAGCUGCCUUUUCAAUAAUCUUAU	0
NM_006219.3:1882-1911	NM_006219.3	NM_006219.3.fasta	1882	1911	+	30	TAAGATTATTGAAAAGGCAGCTGAGATTGC	GCAAUCUCAGCUGCCUUUUCAAUAAUCUUA	0
NM_006219.3:1883-1912	NM_006219.3	NM_006219.3.fasta	1883	1912	+	30	AAGATTATTGAAAAGGCAGCTGAGATTGCA	UGCAAUCUCAGCUGCCUUUUCAAUAAUCUU	0
NM_006219.3:1884-1913	NM_006219.3	NM_006219.3.fasta	1884	1913	+	30	AGATTATTGAAAAGGCAGCTGAGATTGCAA	UUGCAAUCUCAGCUGCCUUUUCAAUAAUCU	0
NM_006219.3:1885-1914	NM_006219.3	NM_006219.3.fasta	1885	1914	+	30	GATTATTGAAAAGGCAGCTGAGATTGCAAG	CUUGCAAUCUCAGCUGCCUUUUCAAUAAUC	0
NM_006219.3:1886-1915	NM_006219.3	NM_006219.3.fasta	1886	1915	+	30	ATTATTGAAAAGGCAGCTGAGATTGCAAGC	GCUUGCAAUCUCAGCUGCCUUUUCAAUAAU	0
NM_006219.3:1887-1916	NM_006219.3	NM_006219.3.fasta	1887	1916	+	30	TTATTGAAAAGGCAGCTGAGATTGCAAGCA	UGCUUGCAAUCUCAGCUGCCUUUUCAAUAA	0
NM_006219.3:1888-1917	NM_006219.3	NM_006219.3.fasta	1888	1917	+	30	TATTGAAAAGGCAGCTGAGATTGCAAGCAG	CUGCUUGCAAUCUCAGCUGCCUUUUCAAUA	0
NM_006219.3:1889-1918	NM_006219.3	NM_006219.3.fasta	1889	1918	+	30	ATTGAAAAGGCAGCTGAGATTGCAAGCAGT	ACUGCUUGCAAUCUCAGCUGCCUUUUCAAU	0
NM_006219.3:1890-1919	NM_006219.3	NM_006219.3.fasta	1890	1919	+	30	TTGAAAAGGCAGCTGAGATTGCAAGCAGTG	CACUGCUUGCAAUCUCAGCUGCCUUUUCAA	0
NM_006219.3:1891-1920	NM_006219.3	NM_006219.3.fasta	1891	1920	+	30	TGAAAAGGCAGCTGAGATTGCAAGCAGTGA	UCACUGCUUGCAAUCUCAGCUGCCUUUUCA	0
NM_006219.3:1892-1921	NM_006219.3	NM_006219.3.fasta	1892	1921	+	30	GAAAAGGCAGCTGAGATTGCAAGCAGTGAT	AUCACUGCUUGCAAUCUCAGCUGCCUUUUC	0
NM_006219.3:1893-1922	NM_006219.3	NM_006219.3.fasta	1893	1922	+	30	AAAAGGCAGCTGAGATTGCAAGCAGTGATA	UAUCACUGCUUGCAAUCUCAGCUGCCUUUU	0
NM_006219.3:1894-1923	NM_006219.3	NM_006219.3.fasta	1894	1923	+	30	AAAGGCAGCTGAGATTGCAAGCAGTGATAG	CUAUCACUGCUUGCAAUCUCAGCUGCCUUU	0
NM_006219.3:1895-1924	NM_006219.3	NM_006219.3.fasta	1895	1924	+	30	AAGGCAGCTGAGATTGCAAGCAGTGATAGT	ACUAUCACUGCUUGCAAUCUCAGCUGCCUU	0
NM_006219.3:1896-1925	NM_006219.3	NM_006219.3.fasta	1896	1925	+	30	AGGCAGCTGAGATTGCAAGCAGTGATAGTG	CACUAUCACUGCUUGCAAUCUCAGCUGCCU	0
NM_006219.3:1897-1926	NM_006219.3	NM_006219.3.fasta	1897	1926	+	30	GGCAGCTGAGATTGCAAGCAGTGATAGTGC	GCACUAUCACUGCUUGCAAUCUCAGCUGCC	0
NM_006219.3:1898-1927	NM_006219.3	NM_006219.3.fasta	1898	1927	+	30	GCAGCTGAGATTGCAAGCAGTGATAGTGCT	AGCACUAUCACUGCUUGCAAUCUCAGCUGC	0
NM_006219.3:1899-1928	NM_006219.3	NM_006219.3.fasta	1899	1928	+	30	CAGCTGAGATTGCAAGCAGTGATAGTGCTA	UAGCACUAUCACUGCUUGCAAUCUCAGCUG	0
NM_006219.3:1900-1929	NM_006219.3	NM_006219.3.fasta	1900	1929	+	30	AGCTGAGATTGCAAGCAGTGATAGTGCTAA	UUAGCACUAUCACUGCUUGCAAUCUCAGCU	0
NM_006219.3:1901-1930	NM_006219.3	NM_006219.3.fasta	1901	1930	+	30	GCTGAGATTGCAAGCAGTGATAGTGCTAAT	AUUAGCACUAUCACUGCUUGCAAUCUCAGC	0
NM_006219.3:1902-1931	NM_006219.3	NM_006219.3.fasta	1902	1931	+	30	CTGAGATTGCAAGCAGTGATAGTGCTAATG	CAUUAGCACUAUCACUGCUUGCAAUCUCAG	0
NM_006219.3:1903-1932	NM_006219.3	NM_006219.3.fasta	1903	1932	+	30	TGAGATTGCAAGCAGTGATAGTGCTAATGT	ACAUUAGCACUAUCACUGCUUGCAAUCUCA	0
NM_006219.3:1904-1933	NM_006219.3	NM_006219.3.fasta	1904	1933	+	30	GAGATTGCAAGCAGTGATAGTGCTAATGTG	CACAUUAGCACUAUCACUGCUUGCAAUCUC	0
NM_006219.3:1905-1934	NM_006219.3	NM_006219.3.fasta	1905	1934	+	30	AGATTGCAAGCAGTGATAGTGCTAATGTGT	ACACAUUAGCACUAUCACUGCUUGCAAUCU	0
NM_006219.3:1906-1935	NM_006219.3	NM_006219.3.fasta	1906	1935	+	30	GATTGCAAGCAGTGATAGTGCTAATGTGTC	GACACAUUAGCACUAUCACUGCUUGCAAUC	0
NM_006219.3:1907-1936	NM_006219.3	NM_006219.3.fasta	1907	1936	+	30	ATTGCAAGCAGTGATAGTGCTAATGTGTCA	UGACACAUUAGCACUAUCACUGCUUGCAAU	0
NM_006219.3:1908-1937	NM_006219.3	NM_006219.3.fasta	1908	1937	+	30	TTGCAAGCAGTGATAGTGCTAATGTGTCAA	UUGACACAUUAGCACUAUCACUGCUUGCAA	0
NM_006219.3:1909-1938	NM_006219.3	NM_006219.3.fasta	1909	1938	+	30	TGCAAGCAGTGATAGTGCTAATGTGTCAAG	CUUGACACAUUAGCACUAUCACUGCUUGCA	0
NM_006219.3:1910-1939	NM_006219.3	NM_006219.3.fasta	1910	1939	+	30	GCAAGCAGTGATAGTGCTAATGTGTCAAGT	ACUUGACACAUUAGCACUAUCACUGCUUGC	0
NM_006219.3:1911-1940	NM_006219.3	NM_006219.3.fasta	1911	1940	+	30	CAAGCAGTGATAGTGCTAATGTGTCAAGTC	GACUUGACACAUUAGCACUAUCACUGCUUG	0
NM_006219.3:1912-1941	NM_006219.3	NM_006219.3.fasta	1912	1941	+	30	AAGCAGTGATAGTGCTAATGTGTCAAGTCG	CGACUUGACACAUUAGCACUAUCACUGCUU	0
NM_006219.3:1913-1942	NM_006219.3	NM_006219.3.fasta	1913	1942	+	30	AGCAGTGATAGTGCTAATGTGTCAAGTCGA	UCGACUUGACACAUUAGCACUAUCACUGCU	0
NM_006219.3:1914-1943	NM_006219.3	NM_006219.3.fasta	1914	1943	+	30	GCAGTGATAGTGCTAATGTGTCAAGTCGAG	CUCGACUUGACACAUUAGCACUAUCACUGC	0
NM_006219.3:1915-1944	NM_006219.3	NM_006219.3.fasta	1915	1944	+	30	CAGTGATAGTGCTAATGTGTCAAGTCGAGG	CCUCGACUUGACACAUUAGCACUAUCACUG	0
NM_006219.3:1916-1945	NM_006219.3	NM_006219.3.fasta	1916	1945	+	30	AGTGATAGTGCTAATGTGTCAAGTCGAGGT	ACCUCGACUUGACACAUUAGCACUAUCACU	0
NM_006219.3:1917-1946	NM_006219.3	NM_006219.3.fasta	1917	1946	+	30	GTGATAGTGCTAATGTGTCAAGTCGAGGTG	CACCUCGACUUGACACAUUAGCACUAUCAC	0
NM_006219.3:1918-1947	NM_006219.3	NM_006219.3.fasta	1918	1947	+	30	TGATAGTGCTAATGTGTCAAGTCGAGGTGG	CCACCUCGACUUGACACAUUAGCACUAUCA	0
NM_006219.3:1919-1948	NM_006219.3	NM_006219.3.fasta	1919	1948	+	30	GATAGTGCTAATGTGTCAAGTCGAGGTGGA	UCCACCUCGACUUGACACAUUAGCACUAUC	0
NM_006219.3:1920-1949	NM_006219.3	NM_006219.3.fasta	1920	1949	+	30	ATAGTGCTAATGTGTCAAGTCGAGGTGGAA	UUCCACCUCGACUUGACACAUUAGCACUAU	0
NM_006219.3:1921-1950	NM_006219.3	NM_006219.3.fasta	1921	1950	+	30	TAGTGCTAATGTGTCAAGTCGAGGTGGAAA	UUUCCACCUCGACUUGACACAUUAGCACUA	0
NM_006219.3:1922-1951	NM_006219.3	NM_006219.3.fasta	1922	1951	+	30	AGTGCTAATGTGTCAAGTCGAGGTGGAAAA	UUUUCCACCUCGACUUGACACAUUAGCACU	0
NM_006219.3:1923-1952	NM_006219.3	NM_006219.3.fasta	1923	1952	+	30	GTGCTAATGTGTCAAGTCGAGGTGGAAAAA	UUUUUCCACCUCGACUUGACACAUUAGCAC	0
NM_006219.3:1924-1953	NM_006219.3	NM_006219.3.fasta	1924	1953	+	30	TGCTAATGTGTCAAGTCGAGGTGGAAAAAA	UUUUUUCCACCUCGACUUGACACAUUAGCA	0
NM_006219.3:1925-1954	NM_006219.3	NM_006219.3.fasta	1925	1954	+	30	GCTAATGTGTCAAGTCGAGGTGGAAAAAAG	CUUUUUUCCACCUCGACUUGACACAUUAGC	0
NM_006219.3:1926-1955	NM_006219.3	NM_006219.3.fasta	1926	1955	+	30	CTAATGTGTCAAGTCGAGGTGGAAAAAAGT	ACUUUUUUCCACCUCGACUUGACACAUUAG	0
NM_006219.3:1927-1956	NM_006219.3	NM_006219.3.fasta	1927	1956	+	30	TAATGTGTCAAGTCGAGGTGGAAAAAAGTT	AACUUUUUUCCACCUCGACUUGACACAUUA	0
NM_006219.3:1928-1957	NM_006219.3	NM_006219.3.fasta	1928	1957	+	30	AATGTGTCAAGTCGAGGTGGAAAAAAGTTT	AAACUUUUUUCCACCUCGACUUGACACAUU	0
NM_006219.3:1929-1958	NM_006219.3	NM_006219.3.fasta	1929	1958	+	30	ATGTGTCAAGTCGAGGTGGAAAAAAGTTTC	GAAACUUUUUUCCACCUCGACUUGACACAU	0
NM_006219.3:1930-1959	NM_006219.3	NM_006219.3.fasta	1930	1959	+	30	TGTGTCAAGTCGAGGTGGAAAAAAGTTTCT	AGAAACUUUUUUCCACCUCGACUUGACACA	0
NM_006219.3:1931-1960	NM_006219.3	NM_006219.3.fasta	1931	1960	+	30	GTGTCAAGTCGAGGTGGAAAAAAGTTTCTT	AAGAAACUUUUUUCCACCUCGACUUGACAC	0
NM_006219.3:1932-1961	NM_006219.3	NM_006219.3.fasta	1932	1961	+	30	TGTCAAGTCGAGGTGGAAAAAAGTTTCTTC	GAAGAAACUUUUUUCCACCUCGACUUGACA	0
NM_006219.3:1933-1962	NM_006219.3	NM_006219.3.fasta	1933	1962	+	30	GTCAAGTCGAGGTGGAAAAAAGTTTCTTCC	GGAAGAAACUUUUUUCCACCUCGACUUGAC	0
NM_006219.3:1934-1963	NM_006219.3	NM_006219.3.fasta	1934	1963	+	30	TCAAGTCGAGGTGGAAAAAAGTTTCTTCCT	AGGAAGAAACUUUUUUCCACCUCGACUUGA	0
NM_006219.3:1935-1964	NM_006219.3	NM_006219.3.fasta	1935	1964	+	30	CAAGTCGAGGTGGAAAAAAGTTTCTTCCTG	CAGGAAGAAACUUUUUUCCACCUCGACUUG	0
NM_006219.3:1936-1965	NM_006219.3	NM_006219.3.fasta	1936	1965	+	30	AAGTCGAGGTGGAAAAAAGTTTCTTCCTGT	ACAGGAAGAAACUUUUUUCCACCUCGACUU	0
NM_006219.3:1937-1966	NM_006219.3	NM_006219.3.fasta	1937	1966	+	30	AGTCGAGGTGGAAAAAAGTTTCTTCCTGTA	UACAGGAAGAAACUUUUUUCCACCUCGACU	0
NM_006219.3:1938-1967	NM_006219.3	NM_006219.3.fasta	1938	1967	+	30	GTCGAGGTGGAAAAAAGTTTCTTCCTGTAT	AUACAGGAAGAAACUUUUUUCCACCUCGAC	0
NM_006219.3:1939-1968	NM_006219.3	NM_006219.3.fasta	1939	1968	+	30	TCGAGGTGGAAAAAAGTTTCTTCCTGTATT	AAUACAGGAAGAAACUUUUUUCCACCUCGA	0
NM_006219.3:1940-1969	NM_006219.3	NM_006219.3.fasta	1940	1969	+	30	CGAGGTGGAAAAAAGTTTCTTCCTGTATTG	CAAUACAGGAAGAAACUUUUUUCCACCUCG	0
NM_006219.3:1941-1970	NM_006219.3	NM_006219.3.fasta	1941	1970	+	30	GAGGTGGAAAAAAGTTTCTTCCTGTATTGA	UCAAUACAGGAAGAAACUUUUUUCCACCUC	0
NM_006219.3:1942-1971	NM_006219.3	NM_006219.3.fasta	1942	1971	+	30	AGGTGGAAAAAAGTTTCTTCCTGTATTGAA	UUCAAUACAGGAAGAAACUUUUUUCCACCU	0
NM_006219.3:1943-1972	NM_006219.3	NM_006219.3.fasta	1943	1972	+	30	GGTGGAAAAAAGTTTCTTCCTGTATTGAAA	UUUCAAUACAGGAAGAAACUUUUUUCCACC	0
NM_006219.3:1944-1973	NM_006219.3	NM_006219.3.fasta	1944	1973	+	30	GTGGAAAAAAGTTTCTTCCTGTATTGAAAG	CUUUCAAUACAGGAAGAAACUUUUUUCCAC	0
NM_006219.3:1945-1974	NM_006219.3	NM_006219.3.fasta	1945	1974	+	30	TGGAAAAAAGTTTCTTCCTGTATTGAAAGA	UCUUUCAAUACAGGAAGAAACUUUUUUCCA	0
NM_006219.3:1946-1975	NM_006219.3	NM_006219.3.fasta	1946	1975	+	30	GGAAAAAAGTTTCTTCCTGTATTGAAAGAA	UUCUUUCAAUACAGGAAGAAACUUUUUUCC	0
NM_006219.3:1947-1976	NM_006219.3	NM_006219.3.fasta	1947	1976	+	30	GAAAAAAGTTTCTTCCTGTATTGAAAGAAA	UUUCUUUCAAUACAGGAAGAAACUUUUUUC	0
NM_006219.3:1948-1977	NM_006219.3	NM_006219.3.fasta	1948	1977	+	30	AAAAAAGTTTCTTCCTGTATTGAAAGAAAT	AUUUCUUUCAAUACAGGAAGAAACUUUUUU	0
NM_006219.3:1949-1978	NM_006219.3	NM_006219.3.fasta	1949	1978	+	30	AAAAAGTTTCTTCCTGTATTGAAAGAAATC	GAUUUCUUUCAAUACAGGAAGAAACUUUUU	0
NM_006219.3:1950-1979	NM_006219.3	NM_006219.3.fasta	1950	1979	+	30	AAAAGTTTCTTCCTGTATTGAAAGAAATCT	AGAUUUCUUUCAAUACAGGAAGAAACUUUU	0
NM_006219.3:1951-1980	NM_006219.3	NM_006219.3.fasta	1951	1980	+	30	AAAGTTTCTTCCTGTATTGAAAGAAATCTT	AAGAUUUCUUUCAAUACAGGAAGAAACUUU	0
NM_006219.3:1952-1981	NM_006219.3	NM_006219.3.fasta	1952	1981	+	30	AAGTTTCTTCCTGTATTGAAAGAAATCTTG	CAAGAUUUCUUUCAAUACAGGAAGAAACUU	0
NM_006219.3:1953-1982	NM_006219.3	NM_006219.3.fasta	1953	1982	+	30	AGTTTCTTCCTGTATTGAAAGAAATCTTGG	CCAAGAUUUCUUUCAAUACAGGAAGAAACU	0
NM_006219.3:1954-1983	NM_006219.3	NM_006219.3.fasta	1954	1983	+	30	GTTTCTTCCTGTATTGAAAGAAATCTTGGA	UCCAAGAUUUCUUUCAAUACAGGAAGAAAC	0
NM_006219.3:1955-1984	NM_006219.3	NM_006219.3.fasta	1955	1984	+	30	TTTCTTCCTGTATTGAAAGAAATCTTGGAC	GUCCAAGAUUUCUUUCAAUACAGGAAGAAA	0
NM_006219.3:1956-1985	NM_006219.3	NM_006219.3.fasta	1956	1985	+	30	TTCTTCCTGTATTGAAAGAAATCTTGGACA	UGUCCAAGAUUUCUUUCAAUACAGGAAGAA	0
NM_006219.3:1957-1986	NM_006219.3	NM_006219.3.fasta	1957	1986	+	30	TCTTCCTGTATTGAAAGAAATCTTGGACAG	CUGUCCAAGAUUUCUUUCAAUACAGGAAGA	0
NM_006219.3:1958-1987	NM_006219.3	NM_006219.3.fasta	1958	1987	+	30	CTTCCTGTATTGAAAGAAATCTTGGACAGG	CCUGUCCAAGAUUUCUUUCAAUACAGGAAG	0
NM_006219.3:1959-1988	NM_006219.3	NM_006219.3.fasta	1959	1988	+	30	TTCCTGTATTGAAAGAAATCTTGGACAGGG	CCCUGUCCAAGAUUUCUUUCAAUACAGGAA	0
NM_006219.3:1960-1989	NM_006219.3	NM_006219.3.fasta	1960	1989	+	30	TCCTGTATTGAAAGAAATCTTGGACAGGGA	UCCCUGUCCAAGAUUUCUUUCAAUACAGGA	0
NM_006219.3:1961-1990	NM_006219.3	NM_006219.3.fasta	1961	1990	+	30	CCTGTATTGAAAGAAATCTTGGACAGGGAT	AUCCCUGUCCAAGAUUUCUUUCAAUACAGG	0
NM_006219.3:1962-1991	NM_006219.3	NM_006219.3.fasta	1962	1991	+	30	CTGTATTGAAAGAAATCTTGGACAGGGATC	GAUCCCUGUCCAAGAUUUCUUUCAAUACAG	0
NM_006219.3:1963-1992	NM_006219.3	NM_006219.3.fasta	1963	1992	+	30	TGTATTGAAAGAAATCTTGGACAGGGATCC	GGAUCCCUGUCCAAGAUUUCUUUCAAUACA	0
NM_006219.3:1964-1993	NM_006219.3	NM_006219.3.fasta	1964	1993	+	30	GTATTGAAAGAAATCTTGGACAGGGATCCC	GGGAUCCCUGUCCAAGAUUUCUUUCAAUAC	0
NM_006219.3:1965-1994	NM_006219.3	NM_006219.3.fasta	1965	1994	+	30	TATTGAAAGAAATCTTGGACAGGGATCCCT	AGGGAUCCCUGUCCAAGAUUUCUUUCAAUA	0
NM_006219.3:1966-1995	NM_006219.3	NM_006219.3.fasta	1966	1995	+	30	ATTGAAAGAAATCTTGGACAGGGATCCCTT	AAGGGAUCCCUGUCCAAGAUUUCUUUCAAU	0
NM_006219.3:1967-1996	NM_006219.3	NM_006219.3.fasta	1967	1996	+	30	TTGAAAGAAATCTTGGACAGGGATCCCTTG	CAAGGGAUCCCUGUCCAAGAUUUCUUUCAA	0
NM_006219.3:1968-1997	NM_006219.3	NM_006219.3.fasta	1968	1997	+	30	TGAAAGAAATCTTGGACAGGGATCCCTTGT	ACAAGGGAUCCCUGUCCAAGAUUUCUUUCA	0
NM_006219.3:1969-1998	NM_006219.3	NM_006219.3.fasta	1969	1998	+	30	GAAAGAAATCTTGGACAGGGATCCCTTGTC	GACAAGGGAUCCCUGUCCAAGAUUUCUUUC	0
NM_006219.3:1970-1999	NM_006219.3	NM_006219.3.fasta	1970	1999	+	30	AAAGAAATCTTGGACAGGGATCCCTTGTCT	AGACAAGGGAUCCCUGUCCAAGAUUUCUUU	0
NM_006219.3:1971-2000	NM_006219.3	NM_006219.3.fasta	1971	2000	+	30	AAGAAATCTTGGACAGGGATCCCTTGTCTC	GAGACAAGGGAUCCCUGUCCAAGAUUUCUU	0
NM_006219.3:1972-2001	NM_006219.3	NM_006219.3.fasta	1972	2001	+	30	AGAAATCTTGGACAGGGATCCCTTGTCTCA	UGAGACAAGGGAUCCCUGUCCAAGAUUUCU	0
NM_006219.3:1973-2002	NM_006219.3	NM_006219.3.fasta	1973	2002	+	30	GAAATCTTGGACAGGGATCCCTTGTCTCAA	UUGAGACAAGGGAUCCCUGUCCAAGAUUUC	0
NM_006219.3:1974-2003	NM_006219.3	NM_006219.3.fasta	1974	2003	+	30	AAATCTTGGACAGGGATCCCTTGTCTCAAC	GUUGAGACAAGGGAUCCCUGUCCAAGAUUU	0
NM_006219.3:1975-2004	NM_006219.3	NM_006219.3.fasta	1975	2004	+	30	AATCTTGGACAGGGATCCCTTGTCTCAACT	AGUUGAGACAAGGGAUCCCUGUCCAAGAUU	0
NM_006219.3:1976-2005	NM_006219.3	NM_006219.3.fasta	1976	2005	+	30	ATCTTGGACAGGGATCCCTTGTCTCAACTG	CAGUUGAGACAAGGGAUCCCUGUCCAAGAU	0
NM_006219.3:1977-2006	NM_006219.3	NM_006219.3.fasta	1977	2006	+	30	TCTTGGACAGGGATCCCTTGTCTCAACTGT	ACAGUUGAGACAAGGGAUCCCUGUCCAAGA	0
NM_006219.3:1978-2007	NM_006219.3	NM_006219.3.fasta	1978	2007	+	30	CTTGGACAGGGATCCCTTGTCTCAACTGTG	CACAGUUGAGACAAGGGAUCCCUGUCCAAG	0
NM_006219.3:1979-2008	NM_006219.3	NM_006219.3.fasta	1979	2008	+	30	TTGGACAGGGATCCCTTGTCTCAACTGTGT	ACACAGUUGAGACAAGGGAUCCCUGUCCAA	0
NM_006219.3:1980-2009	NM_006219.3	NM_006219.3.fasta	1980	2009	+	30	TGGACAGGGATCCCTTGTCTCAACTGTGTG	CACACAGUUGAGACAAGGGAUCCCUGUCCA	0
NM_006219.3:1981-2010	NM_006219.3	NM_006219.3.fasta	1981	2010	+	30	GGACAGGGATCCCTTGTCTCAACTGTGTGA	UCACACAGUUGAGACAAGGGAUCCCUGUCC	0
NM_006219.3:1982-2011	NM_006219.3	NM_006219.3.fasta	1982	2011	+	30	GACAGGGATCCCTTGTCTCAACTGTGTGAA	UUCACACAGUUGAGACAAGGGAUCCCUGUC	0
NM_006219.3:1983-2012	NM_006219.3	NM_006219.3.fasta	1983	2012	+	30	ACAGGGATCCCTTGTCTCAACTGTGTGAAA	UUUCACACAGUUGAGACAAGGGAUCCCUGU	0
NM_006219.3:1984-2013	NM_006219.3	NM_006219.3.fasta	1984	2013	+	30	CAGGGATCCCTTGTCTCAACTGTGTGAAAA	UUUUCACACAGUUGAGACAAGGGAUCCCUG	0
NM_006219.3:1985-2014	NM_006219.3	NM_006219.3.fasta	1985	2014	+	30	AGGGATCCCTTGTCTCAACTGTGTGAAAAT	AUUUUCACACAGUUGAGACAAGGGAUCCCU	0
NM_006219.3:1986-2015	NM_006219.3	NM_006219.3.fasta	1986	2015	+	30	GGGATCCCTTGTCTCAACTGTGTGAAAATG	CAUUUUCACACAGUUGAGACAAGGGAUCCC	0
NM_006219.3:1987-2016	NM_006219.3	NM_006219.3.fasta	1987	2016	+	30	GGATCCCTTGTCTCAACTGTGTGAAAATGA	UCAUUUUCACACAGUUGAGACAAGGGAUCC	0
NM_006219.3:1988-2017	NM_006219.3	NM_006219.3.fasta	1988	2017	+	30	GATCCCTTGTCTCAACTGTGTGAAAATGAA	UUCAUUUUCACACAGUUGAGACAAGGGAUC	0
NM_006219.3:1989-2018	NM_006219.3	NM_006219.3.fasta	1989	2018	+	30	ATCCCTTGTCTCAACTGTGTGAAAATGAAA	UUUCAUUUUCACACAGUUGAGACAAGGGAU	0
NM_006219.3:1990-2019	NM_006219.3	NM_006219.3.fasta	1990	2019	+	30	TCCCTTGTCTCAACTGTGTGAAAATGAAAT	AUUUCAUUUUCACACAGUUGAGACAAGGGA	0
NM_006219.3:1991-2020	NM_006219.3	NM_006219.3.fasta	1991	2020	+	30	CCCTTGTCTCAACTGTGTGAAAATGAAATG	CAUUUCAUUUUCACACAGUUGAGACAAGGG	0
NM_006219.3:1992-2021	NM_006219.3	NM_006219.3.fasta	1992	2021	+	30	CCTTGTCTCAACTGTGTGAAAATGAAATGG	CCAUUUCAUUUUCACACAGUUGAGACAAGG	0
NM_006219.3:1993-2022	NM_006219.3	NM_006219.3.fasta	1993	2022	+	30	CTTGTCTCAACTGTGTGAAAATGAAATGGA	UCCAUUUCAUUUUCACACAGUUGAGACAAG	0
NM_006219.3:1994-2023	NM_006219.3	NM_006219.3.fasta	1994	2023	+	30	TTGTCTCAACTGTGTGAAAATGAAATGGAT	AUCCAUUUCAUUUUCACACAGUUGAGACAA	0
NM_006219.3:1995-2024	NM_006219.3	NM_006219.3.fasta	1995	2024	+	30	TGTCTCAACTGTGTGAAAATGAAATGGATC	GAUCCAUUUCAUUUUCACACAGUUGAGACA	0
NM_006219.3:1996-2025	NM_006219.3	NM_006219.3.fasta	1996	2025	+	30	GTCTCAACTGTGTGAAAATGAAATGGATCT	AGAUCCAUUUCAUUUUCACACAGUUGAGAC	0
NM_006219.3:1997-2026	NM_006219.3	NM_006219.3.fasta	1997	2026	+	30	TCTCAACTGTGTGAAAATGAAATGGATCTT	AAGAUCCAUUUCAUUUUCACACAGUUGAGA	0
NM_006219.3:1998-2027	NM_006219.3	NM_006219.3.fasta	1998	2027	+	30	CTCAACTGTGTGAAAATGAAATGGATCTTA	UAAGAUCCAUUUCAUUUUCACACAGUUGAG	0
NM_006219.3:1999-2028	NM_006219.3	NM_006219.3.fasta	1999	2028	+	30	TCAACTGTGTGAAAATGAAATGGATCTTAT	AUAAGAUCCAUUUCAUUUUCACACAGUUGA	0
NM_006219.3:2000-2029	NM_006219.3	NM_006219.3.fasta	2000	2029	+	30	CAACTGTGTGAAAATGAAATGGATCTTATT	AAUAAGAUCCAUUUCAUUUUCACACAGUUG	0
NM_006219.3:2001-2030	NM_006219.3	NM_006219.3.fasta	2001	2030	+	30	AACTGTGTGAAAATGAAATGGATCTTATTT	AAAUAAGAUCCAUUUCAUUUUCACACAGUU	0
NM_006219.3:2002-2031	NM_006219.3	NM_006219.3.fasta	2002	2031	+	30	ACTGTGTGAAAATGAAATGGATCTTATTTG	CAAAUAAGAUCCAUUUCAUUUUCACACAGU	0
NM_006219.3:2003-2032	NM_006219.3	NM_006219.3.fasta	2003	2032	+	30	CTGTGTGAAAATGAAATGGATCTTATTTGG	CCAAAUAAGAUCCAUUUCAUUUUCACACAG	0
NM_006219.3:2004-2033	NM_006219.3	NM_006219.3.fasta	2004	2033	+	30	TGTGTGAAAATGAAATGGATCTTATTTGGA	UCCAAAUAAGAUCCAUUUCAUUUUCACACA	0
NM_006219.3:2005-2034	NM_006219.3	NM_006219.3.fasta	2005	2034	+	30	GTGTGAAAATGAAATGGATCTTATTTGGAC	GUCCAAAUAAGAUCCAUUUCAUUUUCACAC	0
NM_006219.3:2006-2035	NM_006219.3	NM_006219.3.fasta	2006	2035	+	30	TGTGAAAATGAAATGGATCTTATTTGGACT	AGUCCAAAUAAGAUCCAUUUCAUUUUCACA	0
NM_006219.3:2007-2036	NM_006219.3	NM_006219.3.fasta	2007	2036	+	30	GTGAAAATGAAATGGATCTTATTTGGACTT	AAGUCCAAAUAAGAUCCAUUUCAUUUUCAC	0
NM_006219.3:2008-2037	NM_006219.3	NM_006219.3.fasta	2008	2037	+	30	TGAAAATGAAATGGATCTTATTTGGACTTT	AAAGUCCAAAUAAGAUCCAUUUCAUUUUCA	0
NM_006219.3:2009-2038	NM_006219.3	NM_006219.3.fasta	2009	2038	+	30	GAAAATGAAATGGATCTTATTTGGACTTTG	CAAAGUCCAAAUAAGAUCCAUUUCAUUUUC	0
NM_006219.3:2010-2039	NM_006219.3	NM_006219.3.fasta	2010	2039	+	30	AAAATGAAATGGATCTTATTTGGACTTTGC	GCAAAGUCCAAAUAAGAUCCAUUUCAUUUU	0
NM_006219.3:2011-2040	NM_006219.3	NM_006219.3.fasta	2011	2040	+	30	AAATGAAATGGATCTTATTTGGACTTTGCG	CGCAAAGUCCAAAUAAGAUCCAUUUCAUUU	0
NM_006219.3:2012-2041	NM_006219.3	NM_006219.3.fasta	2012	2041	+	30	AATGAAATGGATCTTATTTGGACTTTGCGA	UCGCAAAGUCCAAAUAAGAUCCAUUUCAUU	0
NM_006219.3:2013-2042	NM_006219.3	NM_006219.3.fasta	2013	2042	+	30	ATGAAATGGATCTTATTTGGACTTTGCGAC	GUCGCAAAGUCCAAAUAAGAUCCAUUUCAU	0
NM_006219.3:2014-2043	NM_006219.3	NM_006219.3.fasta	2014	2043	+	30	TGAAATGGATCTTATTTGGACTTTGCGACA	UGUCGCAAAGUCCAAAUAAGAUCCAUUUCA	0
NM_006219.3:2015-2044	NM_006219.3	NM_006219.3.fasta	2015	2044	+	30	GAAATGGATCTTATTTGGACTTTGCGACAA	UUGUCGCAAAGUCCAAAUAAGAUCCAUUUC	0
NM_006219.3:2016-2045	NM_006219.3	NM_006219.3.fasta	2016	2045	+	30	AAATGGATCTTATTTGGACTTTGCGACAAG	CUUGUCGCAAAGUCCAAAUAAGAUCCAUUU	0
NM_006219.3:2017-2046	NM_006219.3	NM_006219.3.fasta	2017	2046	+	30	AATGGATCTTATTTGGACTTTGCGACAAGA	UCUUGUCGCAAAGUCCAAAUAAGAUCCAUU	0
NM_006219.3:2018-2047	NM_006219.3	NM_006219.3.fasta	2018	2047	+	30	ATGGATCTTATTTGGACTTTGCGACAAGAC	GUCUUGUCGCAAAGUCCAAAUAAGAUCCAU	0
NM_006219.3:2019-2048	NM_006219.3	NM_006219.3.fasta	2019	2048	+	30	TGGATCTTATTTGGACTTTGCGACAAGACT	AGUCUUGUCGCAAAGUCCAAAUAAGAUCCA	0
NM_006219.3:2020-2049	NM_006219.3	NM_006219.3.fasta	2020	2049	+	30	GGATCTTATTTGGACTTTGCGACAAGACTG	CAGUCUUGUCGCAAAGUCCAAAUAAGAUCC	0
NM_006219.3:2021-2050	NM_006219.3	NM_006219.3.fasta	2021	2050	+	30	GATCTTATTTGGACTTTGCGACAAGACTGC	GCAGUCUUGUCGCAAAGUCCAAAUAAGAUC	0
NM_006219.3:2022-2051	NM_006219.3	NM_006219.3.fasta	2022	2051	+	30	ATCTTATTTGGACTTTGCGACAAGACTGCC	GGCAGUCUUGUCGCAAAGUCCAAAUAAGAU	0
NM_006219.3:2023-2052	NM_006219.3	NM_006219.3.fasta	2023	2052	+	30	TCTTATTTGGACTTTGCGACAAGACTGCCG	CGGCAGUCUUGUCGCAAAGUCCAAAUAAGA	0
NM_006219.3:2024-2053	NM_006219.3	NM_006219.3.fasta	2024	2053	+	30	CTTATTTGGACTTTGCGACAAGACTGCCGA	UCGGCAGUCUUGUCGCAAAGUCCAAAUAAG	0
NM_006219.3:2025-2054	NM_006219.3	NM_006219.3.fasta	2025	2054	+	30	TTATTTGGACTTTGCGACAAGACTGCCGAG	CUCGGCAGUCUUGUCGCAAAGUCCAAAUAA	0
NM_006219.3:2026-2055	NM_006219.3	NM_006219.3.fasta	2026	2055	+	30	TATTTGGACTTTGCGACAAGACTGCCGAGA	UCUCGGCAGUCUUGUCGCAAAGUCCAAAUA	0
NM_006219.3:2027-2056	NM_006219.3	NM_006219.3.fasta	2027	2056	+	30	ATTTGGACTTTGCGACAAGACTGCCGAGAG	CUCUCGGCAGUCUUGUCGCAAAGUCCAAAU	0
NM_006219.3:2028-2057	NM_006219.3	NM_006219.3.fasta	2028	2057	+	30	TTTGGACTTTGCGACAAGACTGCCGAGAGA	UCUCUCGGCAGUCUUGUCGCAAAGUCCAAA	0
NM_006219.3:2029-2058	NM_006219.3	NM_006219.3.fasta	2029	2058	+	30	TTGGACTTTGCGACAAGACTGCCGAGAGAT	AUCUCUCGGCAGUCUUGUCGCAAAGUCCAA	0
NM_006219.3:2030-2059	NM_006219.3	NM_006219.3.fasta	2030	2059	+	30	TGGACTTTGCGACAAGACTGCCGAGAGATT	AAUCUCUCGGCAGUCUUGUCGCAAAGUCCA	0
NM_006219.3:2031-2060	NM_006219.3	NM_006219.3.fasta	2031	2060	+	30	GGACTTTGCGACAAGACTGCCGAGAGATTT	AAAUCUCUCGGCAGUCUUGUCGCAAAGUCC	0
NM_006219.3:2032-2061	NM_006219.3	NM_006219.3.fasta	2032	2061	+	30	GACTTTGCGACAAGACTGCCGAGAGATTTT	AAAAUCUCUCGGCAGUCUUGUCGCAAAGUC	0
NM_006219.3:2033-2062	NM_006219.3	NM_006219.3.fasta	2033	2062	+	30	ACTTTGCGACAAGACTGCCGAGAGATTTTC	GAAAAUCUCUCGGCAGUCUUGUCGCAAAGU	0
NM_006219.3:2034-2063	NM_006219.3	NM_006219.3.fasta	2034	2063	+	30	CTTTGCGACAAGACTGCCGAGAGATTTTCC	GGAAAAUCUCUCGGCAGUCUUGUCGCAAAG	0
NM_006219.3:2035-2064	NM_006219.3	NM_006219.3.fasta	2035	2064	+	30	TTTGCGACAAGACTGCCGAGAGATTTTCCC	GGGAAAAUCUCUCGGCAGUCUUGUCGCAAA	0
NM_006219.3:2036-2065	NM_006219.3	NM_006219.3.fasta	2036	2065	+	30	TTGCGACAAGACTGCCGAGAGATTTTCCCA	UGGGAAAAUCUCUCGGCAGUCUUGUCGCAA	0
NM_006219.3:2037-2066	NM_006219.3	NM_006219.3.fasta	2037	2066	+	30	TGCGACAAGACTGCCGAGAGATTTTCCCAC	GUGGGAAAAUCUCUCGGCAGUCUUGUCGCA	0
NM_006219.3:2038-2067	NM_006219.3	NM_006219.3.fasta	2038	2067	+	30	GCGACAAGACTGCCGAGAGATTTTCCCACA	UGUGGGAAAAUCUCUCGGCAGUCUUGUCGC	0
NM_006219.3:2039-2068	NM_006219.3	NM_006219.3.fasta	2039	2068	+	30	CGACAAGACTGCCGAGAGATTTTCCCACAA	UUGUGGGAAAAUCUCUCGGCAGUCUUGUCG	0
NM_006219.3:2040-2069	NM_006219.3	NM_006219.3.fasta	2040	2069	+	30	GACAAGACTGCCGAGAGATTTTCCCACAAT	AUUGUGGGAAAAUCUCUCGGCAGUCUUGUC	0
NM_006219.3:2041-2070	NM_006219.3	NM_006219.3.fasta	2041	2070	+	30	ACAAGACTGCCGAGAGATTTTCCCACAATC	GAUUGUGGGAAAAUCUCUCGGCAGUCUUGU	0
NM_006219.3:2042-2071	NM_006219.3	NM_006219.3.fasta	2042	2071	+	30	CAAGACTGCCGAGAGATTTTCCCACAATCA	UGAUUGUGGGAAAAUCUCUCGGCAGUCUUG	0
NM_006219.3:2043-2072	NM_006219.3	NM_006219.3.fasta	2043	2072	+	30	AAGACTGCCGAGAGATTTTCCCACAATCAC	GUGAUUGUGGGAAAAUCUCUCGGCAGUCUU	0
NM_006219.3:2044-2073	NM_006219.3	NM_006219.3.fasta	2044	2073	+	30	AGACTGCCGAGAGATTTTCCCACAATCACT	AGUGAUUGUGGGAAAAUCUCUCGGCAGUCU	0
NM_006219.3:2045-2074	NM_006219.3	NM_006219.3.fasta	2045	2074	+	30	GACTGCCGAGAGATTTTCCCACAATCACTG	CAGUGAUUGUGGGAAAAUCUCUCGGCAGUC	0
NM_006219.3:2046-2075	NM_006219.3	NM_006219.3.fasta	2046	2075	+	30	ACTGCCGAGAGATTTTCCCACAATCACTGC	GCAGUGAUUGUGGGAAAAUCUCUCGGCAGU	0
NM_006219.3:2047-2076	NM_006219.3	NM_006219.3.fasta	2047	2076	+	30	CTGCCGAGAGATTTTCCCACAATCACTGCC	GGCAGUGAUUGUGGGAAAAUCUCUCGGCAG	0
NM_006219.3:2048-2077	NM_006219.3	NM_006219.3.fasta	2048	2077	+	30	TGCCGAGAGATTTTCCCACAATCACTGCCA	UGGCAGUGAUUGUGGGAAAAUCUCUCGGCA	0
NM_006219.3:2049-2078	NM_006219.3	NM_006219.3.fasta	2049	2078	+	30	GCCGAGAGATTTTCCCACAATCACTGCCAA	UUGGCAGUGAUUGUGGGAAAAUCUCUCGGC	0
NM_006219.3:2050-2079	NM_006219.3	NM_006219.3.fasta	2050	2079	+	30	CCGAGAGATTTTCCCACAATCACTGCCAAA	UUUGGCAGUGAUUGUGGGAAAAUCUCUCGG	0
NM_006219.3:2051-2080	NM_006219.3	NM_006219.3.fasta	2051	2080	+	30	CGAGAGATTTTCCCACAATCACTGCCAAAA	UUUUGGCAGUGAUUGUGGGAAAAUCUCUCG	0
NM_006219.3:2052-2081	NM_006219.3	NM_006219.3.fasta	2052	2081	+	30	GAGAGATTTTCCCACAATCACTGCCAAAAT	AUUUUGGCAGUGAUUGUGGGAAAAUCUCUC	0
NM_006219.3:2053-2082	NM_006219.3	NM_006219.3.fasta	2053	2082	+	30	AGAGATTTTCCCACAATCACTGCCAAAATT	AAUUUUGGCAGUGAUUGUGGGAAAAUCUCU	0
NM_006219.3:2054-2083	NM_006219.3	NM_006219.3.fasta	2054	2083	+	30	GAGATTTTCCCACAATCACTGCCAAAATTA	UAAUUUUGGCAGUGAUUGUGGGAAAAUCUC	0
NM_006219.3:2055-2084	NM_006219.3	NM_006219.3.fasta	2055	2084	+	30	AGATTTTCCCACAATCACTGCCAAAATTAC	GUAAUUUUGGCAGUGAUUGUGGGAAAAUCU	0
NM_006219.3:2056-2085	NM_006219.3	NM_006219.3.fasta	2056	2085	+	30	GATTTTCCCACAATCACTGCCAAAATTACT	AGUAAUUUUGGCAGUGAUUGUGGGAAAAUC	0
NM_006219.3:2057-2086	NM_006219.3	NM_006219.3.fasta	2057	2086	+	30	ATTTTCCCACAATCACTGCCAAAATTACTG	CAGUAAUUUUGGCAGUGAUUGUGGGAAAAU	0
NM_006219.3:2058-2087	NM_006219.3	NM_006219.3.fasta	2058	2087	+	30	TTTTCCCACAATCACTGCCAAAATTACTGC	GCAGUAAUUUUGGCAGUGAUUGUGGGAAAA	0
NM_006219.3:2059-2088	NM_006219.3	NM_006219.3.fasta	2059	2088	+	30	TTTCCCACAATCACTGCCAAAATTACTGCT	AGCAGUAAUUUUGGCAGUGAUUGUGGGAAA	0
NM_006219.3:2060-2089	NM_006219.3	NM_006219.3.fasta	2060	2089	+	30	TTCCCACAATCACTGCCAAAATTACTGCTG	CAGCAGUAAUUUUGGCAGUGAUUGUGGGAA	0
NM_006219.3:2061-2090	NM_006219.3	NM_006219.3.fasta	2061	2090	+	30	TCCCACAATCACTGCCAAAATTACTGCTGT	ACAGCAGUAAUUUUGGCAGUGAUUGUGGGA	0
NM_006219.3:2062-2091	NM_006219.3	NM_006219.3.fasta	2062	2091	+	30	CCCACAATCACTGCCAAAATTACTGCTGTC	GACAGCAGUAAUUUUGGCAGUGAUUGUGGG	0
NM_006219.3:2063-2092	NM_006219.3	NM_006219.3.fasta	2063	2092	+	30	CCACAATCACTGCCAAAATTACTGCTGTCA	UGACAGCAGUAAUUUUGGCAGUGAUUGUGG	0
NM_006219.3:2064-2093	NM_006219.3	NM_006219.3.fasta	2064	2093	+	30	CACAATCACTGCCAAAATTACTGCTGTCAA	UUGACAGCAGUAAUUUUGGCAGUGAUUGUG	0
NM_006219.3:2065-2094	NM_006219.3	NM_006219.3.fasta	2065	2094	+	30	ACAATCACTGCCAAAATTACTGCTGTCAAT	AUUGACAGCAGUAAUUUUGGCAGUGAUUGU	0
NM_006219.3:2066-2095	NM_006219.3	NM_006219.3.fasta	2066	2095	+	30	CAATCACTGCCAAAATTACTGCTGTCAATC	GAUUGACAGCAGUAAUUUUGGCAGUGAUUG	0
NM_006219.3:2067-2096	NM_006219.3	NM_006219.3.fasta	2067	2096	+	30	AATCACTGCCAAAATTACTGCTGTCAATCA	UGAUUGACAGCAGUAAUUUUGGCAGUGAUU	0
NM_006219.3:2068-2097	NM_006219.3	NM_006219.3.fasta	2068	2097	+	30	ATCACTGCCAAAATTACTGCTGTCAATCAA	UUGAUUGACAGCAGUAAUUUUGGCAGUGAU	0
NM_006219.3:2069-2098	NM_006219.3	NM_006219.3.fasta	2069	2098	+	30	TCACTGCCAAAATTACTGCTGTCAATCAAG	CUUGAUUGACAGCAGUAAUUUUGGCAGUGA	0
NM_006219.3:2070-2099	NM_006219.3	NM_006219.3.fasta	2070	2099	+	30	CACTGCCAAAATTACTGCTGTCAATCAAGT	ACUUGAUUGACAGCAGUAAUUUUGGCAGUG	0
NM_006219.3:2071-2100	NM_006219.3	NM_006219.3.fasta	2071	2100	+	30	ACTGCCAAAATTACTGCTGTCAATCAAGTG	CACUUGAUUGACAGCAGUAAUUUUGGCAGU	0
NM_006219.3:2072-2101	NM_006219.3	NM_006219.3.fasta	2072	2101	+	30	CTGCCAAAATTACTGCTGTCAATCAAGTGG	CCACUUGAUUGACAGCAGUAAUUUUGGCAG	0
NM_006219.3:2073-2102	NM_006219.3	NM_006219.3.fasta	2073	2102	+	30	TGCCAAAATTACTGCTGTCAATCAAGTGGA	UCCACUUGAUUGACAGCAGUAAUUUUGGCA	0
NM_006219.3:2074-2103	NM_006219.3	NM_006219.3.fasta	2074	2103	+	30	GCCAAAATTACTGCTGTCAATCAAGTGGAA	UUCCACUUGAUUGACAGCAGUAAUUUUGGC	0
NM_006219.3:2075-2104	NM_006219.3	NM_006219.3.fasta	2075	2104	+	30	CCAAAATTACTGCTGTCAATCAAGTGGAAT	AUUCCACUUGAUUGACAGCAGUAAUUUUGG	0
NM_006219.3:2076-2105	NM_006219.3	NM_006219.3.fasta	2076	2105	+	30	CAAAATTACTGCTGTCAATCAAGTGGAATA	UAUUCCACUUGAUUGACAGCAGUAAUUUUG	0
NM_006219.3:2077-2106	NM_006219.3	NM_006219.3.fasta	2077	2106	+	30	AAAATTACTGCTGTCAATCAAGTGGAATAA	UUAUUCCACUUGAUUGACAGCAGUAAUUUU	0
NM_006219.3:2078-2107	NM_006219.3	NM_006219.3.fasta	2078	2107	+	30	AAATTACTGCTGTCAATCAAGTGGAATAAA	UUUAUUCCACUUGAUUGACAGCAGUAAUUU	0
NM_006219.3:2079-2108	NM_006219.3	NM_006219.3.fasta	2079	2108	+	30	AATTACTGCTGTCAATCAAGTGGAATAAAC	GUUUAUUCCACUUGAUUGACAGCAGUAAUU	0
NM_006219.3:2080-2109	NM_006219.3	NM_006219.3.fasta	2080	2109	+	30	ATTACTGCTGTCAATCAAGTGGAATAAACT	AGUUUAUUCCACUUGAUUGACAGCAGUAAU	0
NM_006219.3:2081-2110	NM_006219.3	NM_006219.3.fasta	2081	2110	+	30	TTACTGCTGTCAATCAAGTGGAATAAACTT	AAGUUUAUUCCACUUGAUUGACAGCAGUAA	0
NM_006219.3:2082-2111	NM_006219.3	NM_006219.3.fasta	2082	2111	+	30	TACTGCTGTCAATCAAGTGGAATAAACTTG	CAAGUUUAUUCCACUUGAUUGACAGCAGUA	0
NM_006219.3:2083-2112	NM_006219.3	NM_006219.3.fasta	2083	2112	+	30	ACTGCTGTCAATCAAGTGGAATAAACTTGA	UCAAGUUUAUUCCACUUGAUUGACAGCAGU	0
NM_006219.3:2084-2113	NM_006219.3	NM_006219.3.fasta	2084	2113	+	30	CTGCTGTCAATCAAGTGGAATAAACTTGAG	CUCAAGUUUAUUCCACUUGAUUGACAGCAG	0
NM_006219.3:2085-2114	NM_006219.3	NM_006219.3.fasta	2085	2114	+	30	TGCTGTCAATCAAGTGGAATAAACTTGAGG	CCUCAAGUUUAUUCCACUUGAUUGACAGCA	0
NM_006219.3:2086-2115	NM_006219.3	NM_006219.3.fasta	2086	2115	+	30	GCTGTCAATCAAGTGGAATAAACTTGAGGA	UCCUCAAGUUUAUUCCACUUGAUUGACAGC	0
NM_006219.3:2087-2116	NM_006219.3	NM_006219.3.fasta	2087	2116	+	30	CTGTCAATCAAGTGGAATAAACTTGAGGAT	AUCCUCAAGUUUAUUCCACUUGAUUGACAG	0
NM_006219.3:2088-2117	NM_006219.3	NM_006219.3.fasta	2088	2117	+	30	TGTCAATCAAGTGGAATAAACTTGAGGATG	CAUCCUCAAGUUUAUUCCACUUGAUUGACA	0
NM_006219.3:2089-2118	NM_006219.3	NM_006219.3.fasta	2089	2118	+	30	GTCAATCAAGTGGAATAAACTTGAGGATGT	ACAUCCUCAAGUUUAUUCCACUUGAUUGAC	0
NM_006219.3:2090-2119	NM_006219.3	NM_006219.3.fasta	2090	2119	+	30	TCAATCAAGTGGAATAAACTTGAGGATGTT	AACAUCCUCAAGUUUAUUCCACUUGAUUGA	0
NM_006219.3:2091-2120	NM_006219.3	NM_006219.3.fasta	2091	2120	+	30	CAATCAAGTGGAATAAACTTGAGGATGTTG	CAACAUCCUCAAGUUUAUUCCACUUGAUUG	0
NM_006219.3:2092-2121	NM_006219.3	NM_006219.3.fasta	2092	2121	+	30	AATCAAGTGGAATAAACTTGAGGATGTTGC	GCAACAUCCUCAAGUUUAUUCCACUUGAUU	0
NM_006219.3:2093-2122	NM_006219.3	NM_006219.3.fasta	2093	2122	+	30	ATCAAGTGGAATAAACTTGAGGATGTTGCT	AGCAACAUCCUCAAGUUUAUUCCACUUGAU	0
NM_006219.3:2094-2123	NM_006219.3	NM_006219.3.fasta	2094	2123	+	30	TCAAGTGGAATAAACTTGAGGATGTTGCTC	GAGCAACAUCCUCAAGUUUAUUCCACUUGA	0
NM_006219.3:2095-2124	NM_006219.3	NM_006219.3.fasta	2095	2124	+	30	CAAGTGGAATAAACTTGAGGATGTTGCTCA	UGAGCAACAUCCUCAAGUUUAUUCCACUUG	0
NM_006219.3:2096-2125	NM_006219.3	NM_006219.3.fasta	2096	2125	+	30	AAGTGGAATAAACTTGAGGATGTTGCTCAG	CUGAGCAACAUCCUCAAGUUUAUUCCACUU	0
NM_006219.3:2097-2126	NM_006219.3	NM_006219.3.fasta	2097	2126	+	30	AGTGGAATAAACTTGAGGATGTTGCTCAGC	GCUGAGCAACAUCCUCAAGUUUAUUCCACU	0
NM_006219.3:2098-2127	NM_006219.3	NM_006219.3.fasta	2098	2127	+	30	GTGGAATAAACTTGAGGATGTTGCTCAGCT	AGCUGAGCAACAUCCUCAAGUUUAUUCCAC	0
NM_006219.3:2099-2128	NM_006219.3	NM_006219.3.fasta	2099	2128	+	30	TGGAATAAACTTGAGGATGTTGCTCAGCTT	AAGCUGAGCAACAUCCUCAAGUUUAUUCCA	0
NM_006219.3:2100-2129	NM_006219.3	NM_006219.3.fasta	2100	2129	+	30	GGAATAAACTTGAGGATGTTGCTCAGCTTC	GAAGCUGAGCAACAUCCUCAAGUUUAUUCC	0
NM_006219.3:2101-2130	NM_006219.3	NM_006219.3.fasta	2101	2130	+	30	GAATAAACTTGAGGATGTTGCTCAGCTTCA	UGAAGCUGAGCAACAUCCUCAAGUUUAUUC	0
NM_006219.3:2102-2131	NM_006219.3	NM_006219.3.fasta	2102	2131	+	30	AATAAACTTGAGGATGTTGCTCAGCTTCAG	CUGAAGCUGAGCAACAUCCUCAAGUUUAUU	0
NM_006219.3:2103-2132	NM_006219.3	NM_006219.3.fasta	2103	2132	+	30	ATAAACTTGAGGATGTTGCTCAGCTTCAGG	CCUGAAGCUGAGCAACAUCCUCAAGUUUAU	0
NM_006219.3:2104-2133	NM_006219.3	NM_006219.3.fasta	2104	2133	+	30	TAAACTTGAGGATGTTGCTCAGCTTCAGGC	GCCUGAAGCUGAGCAACAUCCUCAAGUUUA	0
NM_006219.3:2105-2134	NM_006219.3	NM_006219.3.fasta	2105	2134	+	30	AAACTTGAGGATGTTGCTCAGCTTCAGGCG	CGCCUGAAGCUGAGCAACAUCCUCAAGUUU	0
NM_006219.3:2106-2135	NM_006219.3	NM_006219.3.fasta	2106	2135	+	30	AACTTGAGGATGTTGCTCAGCTTCAGGCGC	GCGCCUGAAGCUGAGCAACAUCCUCAAGUU	0
NM_006219.3:2107-2136	NM_006219.3	NM_006219.3.fasta	2107	2136	+	30	ACTTGAGGATGTTGCTCAGCTTCAGGCGCT	AGCGCCUGAAGCUGAGCAACAUCCUCAAGU	0
NM_006219.3:2108-2137	NM_006219.3	NM_006219.3.fasta	2108	2137	+	30	CTTGAGGATGTTGCTCAGCTTCAGGCGCTG	CAGCGCCUGAAGCUGAGCAACAUCCUCAAG	0
NM_006219.3:2109-2138	NM_006219.3	NM_006219.3.fasta	2109	2138	+	30	TTGAGGATGTTGCTCAGCTTCAGGCGCTGC	GCAGCGCCUGAAGCUGAGCAACAUCCUCAA	0
NM_006219.3:2110-2139	NM_006219.3	NM_006219.3.fasta	2110	2139	+	30	TGAGGATGTTGCTCAGCTTCAGGCGCTGCT	AGCAGCGCCUGAAGCUGAGCAACAUCCUCA	0
NM_006219.3:2111-2140	NM_006219.3	NM_006219.3.fasta	2111	2140	+	30	GAGGATGTTGCTCAGCTTCAGGCGCTGCTT	AAGCAGCGCCUGAAGCUGAGCAACAUCCUC	0
NM_006219.3:2112-2141	NM_006219.3	NM_006219.3.fasta	2112	2141	+	30	AGGATGTTGCTCAGCTTCAGGCGCTGCTTC	GAAGCAGCGCCUGAAGCUGAGCAACAUCCU	0
NM_006219.3:2113-2142	NM_006219.3	NM_006219.3.fasta	2113	2142	+	30	GGATGTTGCTCAGCTTCAGGCGCTGCTTCA	UGAAGCAGCGCCUGAAGCUGAGCAACAUCC	0
NM_006219.3:2114-2143	NM_006219.3	NM_006219.3.fasta	2114	2143	+	30	GATGTTGCTCAGCTTCAGGCGCTGCTTCAG	CUGAAGCAGCGCCUGAAGCUGAGCAACAUC	0
NM_006219.3:2115-2144	NM_006219.3	NM_006219.3.fasta	2115	2144	+	30	ATGTTGCTCAGCTTCAGGCGCTGCTTCAGA	UCUGAAGCAGCGCCUGAAGCUGAGCAACAU	0
NM_006219.3:2116-2145	NM_006219.3	NM_006219.3.fasta	2116	2145	+	30	TGTTGCTCAGCTTCAGGCGCTGCTTCAGAT	AUCUGAAGCAGCGCCUGAAGCUGAGCAACA	0
NM_006219.3:2117-2146	NM_006219.3	NM_006219.3.fasta	2117	2146	+	30	GTTGCTCAGCTTCAGGCGCTGCTTCAGATT	AAUCUGAAGCAGCGCCUGAAGCUGAGCAAC	0
NM_006219.3:2118-2147	NM_006219.3	NM_006219.3.fasta	2118	2147	+	30	TTGCTCAGCTTCAGGCGCTGCTTCAGATTT	AAAUCUGAAGCAGCGCCUGAAGCUGAGCAA	0
NM_006219.3:2119-2148	NM_006219.3	NM_006219.3.fasta	2119	2148	+	30	TGCTCAGCTTCAGGCGCTGCTTCAGATTTG	CAAAUCUGAAGCAGCGCCUGAAGCUGAGCA	0
NM_006219.3:2120-2149	NM_006219.3	NM_006219.3.fasta	2120	2149	+	30	GCTCAGCTTCAGGCGCTGCTTCAGATTTGG	CCAAAUCUGAAGCAGCGCCUGAAGCUGAGC	0
NM_006219.3:2121-2150	NM_006219.3	NM_006219.3.fasta	2121	2150	+	30	CTCAGCTTCAGGCGCTGCTTCAGATTTGGC	GCCAAAUCUGAAGCAGCGCCUGAAGCUGAG	0
NM_006219.3:2122-2151	NM_006219.3	NM_006219.3.fasta	2122	2151	+	30	TCAGCTTCAGGCGCTGCTTCAGATTTGGCC	GGCCAAAUCUGAAGCAGCGCCUGAAGCUGA	0
NM_006219.3:2123-2152	NM_006219.3	NM_006219.3.fasta	2123	2152	+	30	CAGCTTCAGGCGCTGCTTCAGATTTGGCCT	AGGCCAAAUCUGAAGCAGCGCCUGAAGCUG	0
NM_006219.3:2124-2153	NM_006219.3	NM_006219.3.fasta	2124	2153	+	30	AGCTTCAGGCGCTGCTTCAGATTTGGCCTA	UAGGCCAAAUCUGAAGCAGCGCCUGAAGCU	0
NM_006219.3:2125-2154	NM_006219.3	NM_006219.3.fasta	2125	2154	+	30	GCTTCAGGCGCTGCTTCAGATTTGGCCTAA	UUAGGCCAAAUCUGAAGCAGCGCCUGAAGC	0
NM_006219.3:2126-2155	NM_006219.3	NM_006219.3.fasta	2126	2155	+	30	CTTCAGGCGCTGCTTCAGATTTGGCCTAAA	UUUAGGCCAAAUCUGAAGCAGCGCCUGAAG	0
NM_006219.3:2127-2156	NM_006219.3	NM_006219.3.fasta	2127	2156	+	30	TTCAGGCGCTGCTTCAGATTTGGCCTAAAC	GUUUAGGCCAAAUCUGAAGCAGCGCCUGAA	0
NM_006219.3:2128-2157	NM_006219.3	NM_006219.3.fasta	2128	2157	+	30	TCAGGCGCTGCTTCAGATTTGGCCTAAACT	AGUUUAGGCCAAAUCUGAAGCAGCGCCUGA	0
NM_006219.3:2129-2158	NM_006219.3	NM_006219.3.fasta	2129	2158	+	30	CAGGCGCTGCTTCAGATTTGGCCTAAACTG	CAGUUUAGGCCAAAUCUGAAGCAGCGCCUG	0
NM_006219.3:2130-2159	NM_006219.3	NM_006219.3.fasta	2130	2159	+	30	AGGCGCTGCTTCAGATTTGGCCTAAACTGC	GCAGUUUAGGCCAAAUCUGAAGCAGCGCCU	0
NM_006219.3:2131-2160	NM_006219.3	NM_006219.3.fasta	2131	2160	+	30	GGCGCTGCTTCAGATTTGGCCTAAACTGCC	GGCAGUUUAGGCCAAAUCUGAAGCAGCGCC	0
NM_006219.3:2132-2161	NM_006219.3	NM_006219.3.fasta	2132	2161	+	30	GCGCTGCTTCAGATTTGGCCTAAACTGCCC	GGGCAGUUUAGGCCAAAUCUGAAGCAGCGC	0
NM_006219.3:2133-2162	NM_006219.3	NM_006219.3.fasta	2133	2162	+	30	CGCTGCTTCAGATTTGGCCTAAACTGCCCC	GGGGCAGUUUAGGCCAAAUCUGAAGCAGCG	0
NM_006219.3:2134-2163	NM_006219.3	NM_006219.3.fasta	2134	2163	+	30	GCTGCTTCAGATTTGGCCTAAACTGCCCCC	GGGGGCAGUUUAGGCCAAAUCUGAAGCAGC	0
NM_006219.3:2135-2164	NM_006219.3	NM_006219.3.fasta	2135	2164	+	30	CTGCTTCAGATTTGGCCTAAACTGCCCCCC	GGGGGGCAGUUUAGGCCAAAUCUGAAGCAG	0
NM_006219.3:2136-2165	NM_006219.3	NM_006219.3.fasta	2136	2165	+	30	TGCTTCAGATTTGGCCTAAACTGCCCCCCC	GGGGGGGCAGUUUAGGCCAAAUCUGAAGCA	0
NM_006219.3:2137-2166	NM_006219.3	NM_006219.3.fasta	2137	2166	+	30	GCTTCAGATTTGGCCTAAACTGCCCCCCCG	CGGGGGGGCAGUUUAGGCCAAAUCUGAAGC	0
NM_006219.3:2138-2167	NM_006219.3	NM_006219.3.fasta	2138	2167	+	30	CTTCAGATTTGGCCTAAACTGCCCCCCCGG	CCGGGGGGGCAGUUUAGGCCAAAUCUGAAG	0
NM_006219.3:2139-2168	NM_006219.3	NM_006219.3.fasta	2139	2168	+	30	TTCAGATTTGGCCTAAACTGCCCCCCCGGG	CCCGGGGGGGCAGUUUAGGCCAAAUCUGAA	0
NM_006219.3:2140-2169	NM_006219.3	NM_006219.3.fasta	2140	2169	+	30	TCAGATTTGGCCTAAACTGCCCCCCCGGGA	UCCCGGGGGGGCAGUUUAGGCCAAAUCUGA	0
NM_006219.3:2141-2170	NM_006219.3	NM_006219.3.fasta	2141	2170	+	30	CAGATTTGGCCTAAACTGCCCCCCCGGGAG	CUCCCGGGGGGGCAGUUUAGGCCAAAUCUG	0
NM_006219.3:2142-2171	NM_006219.3	NM_006219.3.fasta	2142	2171	+	30	AGATTTGGCCTAAACTGCCCCCCCGGGAGG	CCUCCCGGGGGGGCAGUUUAGGCCAAAUCU	0
NM_006219.3:2143-2172	NM_006219.3	NM_006219.3.fasta	2143	2172	+	30	GATTTGGCCTAAACTGCCCCCCCGGGAGGC	GCCUCCCGGGGGGGCAGUUUAGGCCAAAUC	0
NM_006219.3:2144-2173	NM_006219.3	NM_006219.3.fasta	2144	2173	+	30	ATTTGGCCTAAACTGCCCCCCCGGGAGGCC	GGCCUCCCGGGGGGGCAGUUUAGGCCAAAU	0
NM_006219.3:2145-2174	NM_006219.3	NM_006219.3.fasta	2145	2174	+	30	TTTGGCCTAAACTGCCCCCCCGGGAGGCCC	GGGCCUCCCGGGGGGGCAGUUUAGGCCAAA	0
NM_006219.3:2146-2175	NM_006219.3	NM_006219.3.fasta	2146	2175	+	30	TTGGCCTAAACTGCCCCCCCGGGAGGCCCT	AGGGCCUCCCGGGGGGGCAGUUUAGGCCAA	0
NM_006219.3:2147-2176	NM_006219.3	NM_006219.3.fasta	2147	2176	+	30	TGGCCTAAACTGCCCCCCCGGGAGGCCCTA	UAGGGCCUCCCGGGGGGGCAGUUUAGGCCA	0
NM_006219.3:2148-2177	NM_006219.3	NM_006219.3.fasta	2148	2177	+	30	GGCCTAAACTGCCCCCCCGGGAGGCCCTAG	CUAGGGCCUCCCGGGGGGGCAGUUUAGGCC	0
NM_006219.3:2149-2178	NM_006219.3	NM_006219.3.fasta	2149	2178	+	30	GCCTAAACTGCCCCCCCGGGAGGCCCTAGA	UCUAGGGCCUCCCGGGGGGGCAGUUUAGGC	0
NM_006219.3:2150-2179	NM_006219.3	NM_006219.3.fasta	2150	2179	+	30	CCTAAACTGCCCCCCCGGGAGGCCCTAGAG	CUCUAGGGCCUCCCGGGGGGGCAGUUUAGG	0
NM_006219.3:2151-2180	NM_006219.3	NM_006219.3.fasta	2151	2180	+	30	CTAAACTGCCCCCCCGGGAGGCCCTAGAGC	GCUCUAGGGCCUCCCGGGGGGGCAGUUUAG	0
NM_006219.3:2152-2181	NM_006219.3	NM_006219.3.fasta	2152	2181	+	30	TAAACTGCCCCCCCGGGAGGCCCTAGAGCT	AGCUCUAGGGCCUCCCGGGGGGGCAGUUUA	0
NM_006219.3:2153-2182	NM_006219.3	NM_006219.3.fasta	2153	2182	+	30	AAACTGCCCCCCCGGGAGGCCCTAGAGCTT	AAGCUCUAGGGCCUCCCGGGGGGGCAGUUU	0
NM_006219.3:2154-2183	NM_006219.3	NM_006219.3.fasta	2154	2183	+	30	AACTGCCCCCCCGGGAGGCCCTAGAGCTTC	GAAGCUCUAGGGCCUCCCGGGGGGGCAGUU	0
NM_006219.3:2155-2184	NM_006219.3	NM_006219.3.fasta	2155	2184	+	30	ACTGCCCCCCCGGGAGGCCCTAGAGCTTCT	AGAAGCUCUAGGGCCUCCCGGGGGGGCAGU	0
NM_006219.3:2156-2185	NM_006219.3	NM_006219.3.fasta	2156	2185	+	30	CTGCCCCCCCGGGAGGCCCTAGAGCTTCTG	CAGAAGCUCUAGGGCCUCCCGGGGGGGCAG	0
NM_006219.3:2157-2186	NM_006219.3	NM_006219.3.fasta	2157	2186	+	30	TGCCCCCCCGGGAGGCCCTAGAGCTTCTGG	CCAGAAGCUCUAGGGCCUCCCGGGGGGGCA	0
NM_006219.3:2158-2187	NM_006219.3	NM_006219.3.fasta	2158	2187	+	30	GCCCCCCCGGGAGGCCCTAGAGCTTCTGGA	UCCAGAAGCUCUAGGGCCUCCCGGGGGGGC	0
NM_006219.3:2159-2188	NM_006219.3	NM_006219.3.fasta	2159	2188	+	30	CCCCCCCGGGAGGCCCTAGAGCTTCTGGAT	AUCCAGAAGCUCUAGGGCCUCCCGGGGGGG	0
NM_006219.3:2160-2189	NM_006219.3	NM_006219.3.fasta	2160	2189	+	30	CCCCCCGGGAGGCCCTAGAGCTTCTGGATT	AAUCCAGAAGCUCUAGGGCCUCCCGGGGGG	0
NM_006219.3:2161-2190	NM_006219.3	NM_006219.3.fasta	2161	2190	+	30	CCCCCGGGAGGCCCTAGAGCTTCTGGATTT	AAAUCCAGAAGCUCUAGGGCCUCCCGGGGG	0
NM_006219.3:2162-2191	NM_006219.3	NM_006219.3.fasta	2162	2191	+	30	CCCCGGGAGGCCCTAGAGCTTCTGGATTTC	GAAAUCCAGAAGCUCUAGGGCCUCCCGGGG	0
NM_006219.3:2163-2192	NM_006219.3	NM_006219.3.fasta	2163	2192	+	30	CCCGGGAGGCCCTAGAGCTTCTGGATTTCA	UGAAAUCCAGAAGCUCUAGGGCCUCCCGGG	0
NM_006219.3:2164-2193	NM_006219.3	NM_006219.3.fasta	2164	2193	+	30	CCGGGAGGCCCTAGAGCTTCTGGATTTCAA	UUGAAAUCCAGAAGCUCUAGGGCCUCCCGG	0
NM_006219.3:2165-2194	NM_006219.3	NM_006219.3.fasta	2165	2194	+	30	CGGGAGGCCCTAGAGCTTCTGGATTTCAAC	GUUGAAAUCCAGAAGCUCUAGGGCCUCCCG	0
NM_006219.3:2166-2195	NM_006219.3	NM_006219.3.fasta	2166	2195	+	30	GGGAGGCCCTAGAGCTTCTGGATTTCAACT	AGUUGAAAUCCAGAAGCUCUAGGGCCUCCC	0
NM_006219.3:2167-2196	NM_006219.3	NM_006219.3.fasta	2167	2196	+	30	GGAGGCCCTAGAGCTTCTGGATTTCAACTA	UAGUUGAAAUCCAGAAGCUCUAGGGCCUCC	0
NM_006219.3:2168-2197	NM_006219.3	NM_006219.3.fasta	2168	2197	+	30	GAGGCCCTAGAGCTTCTGGATTTCAACTAT	AUAGUUGAAAUCCAGAAGCUCUAGGGCCUC	0
NM_006219.3:2169-2198	NM_006219.3	NM_006219.3.fasta	2169	2198	+	30	AGGCCCTAGAGCTTCTGGATTTCAACTATC	GAUAGUUGAAAUCCAGAAGCUCUAGGGCCU	0
NM_006219.3:2170-2199	NM_006219.3	NM_006219.3.fasta	2170	2199	+	30	GGCCCTAGAGCTTCTGGATTTCAACTATCC	GGAUAGUUGAAAUCCAGAAGCUCUAGGGCC	0
NM_006219.3:2171-2200	NM_006219.3	NM_006219.3.fasta	2171	2200	+	30	GCCCTAGAGCTTCTGGATTTCAACTATCCA	UGGAUAGUUGAAAUCCAGAAGCUCUAGGGC	0
NM_006219.3:2172-2201	NM_006219.3	NM_006219.3.fasta	2172	2201	+	30	CCCTAGAGCTTCTGGATTTCAACTATCCAG	CUGGAUAGUUGAAAUCCAGAAGCUCUAGGG	0
NM_006219.3:2173-2202	NM_006219.3	NM_006219.3.fasta	2173	2202	+	30	CCTAGAGCTTCTGGATTTCAACTATCCAGA	UCUGGAUAGUUGAAAUCCAGAAGCUCUAGG	0
NM_006219.3:2174-2203	NM_006219.3	NM_006219.3.fasta	2174	2203	+	30	CTAGAGCTTCTGGATTTCAACTATCCAGAC	GUCUGGAUAGUUGAAAUCCAGAAGCUCUAG	0
NM_006219.3:2175-2204	NM_006219.3	NM_006219.3.fasta	2175	2204	+	30	TAGAGCTTCTGGATTTCAACTATCCAGACC	GGUCUGGAUAGUUGAAAUCCAGAAGCUCUA	0
NM_006219.3:2176-2205	NM_006219.3	NM_006219.3.fasta	2176	2205	+	30	AGAGCTTCTGGATTTCAACTATCCAGACCA	UGGUCUGGAUAGUUGAAAUCCAGAAGCUCU	0
NM_006219.3:2177-2206	NM_006219.3	NM_006219.3.fasta	2177	2206	+	30	GAGCTTCTGGATTTCAACTATCCAGACCAG	CUGGUCUGGAUAGUUGAAAUCCAGAAGCUC	0
NM_006219.3:2178-2207	NM_006219.3	NM_006219.3.fasta	2178	2207	+	30	AGCTTCTGGATTTCAACTATCCAGACCAGT	ACUGGUCUGGAUAGUUGAAAUCCAGAAGCU	0
NM_006219.3:2179-2208	NM_006219.3	NM_006219.3.fasta	2179	2208	+	30	GCTTCTGGATTTCAACTATCCAGACCAGTA	UACUGGUCUGGAUAGUUGAAAUCCAGAAGC	0
NM_006219.3:2180-2209	NM_006219.3	NM_006219.3.fasta	2180	2209	+	30	CTTCTGGATTTCAACTATCCAGACCAGTAC	GUACUGGUCUGGAUAGUUGAAAUCCAGAAG	0
NM_006219.3:2181-2210	NM_006219.3	NM_006219.3.fasta	2181	2210	+	30	TTCTGGATTTCAACTATCCAGACCAGTACG	CGUACUGGUCUGGAUAGUUGAAAUCCAGAA	0
NM_006219.3:2182-2211	NM_006219.3	NM_006219.3.fasta	2182	2211	+	30	TCTGGATTTCAACTATCCAGACCAGTACGT	ACGUACUGGUCUGGAUAGUUGAAAUCCAGA	0
NM_006219.3:2183-2212	NM_006219.3	NM_006219.3.fasta	2183	2212	+	30	CTGGATTTCAACTATCCAGACCAGTACGTT	AACGUACUGGUCUGGAUAGUUGAAAUCCAG	0
NM_006219.3:2184-2213	NM_006219.3	NM_006219.3.fasta	2184	2213	+	30	TGGATTTCAACTATCCAGACCAGTACGTTC	GAACGUACUGGUCUGGAUAGUUGAAAUCCA	0
NM_006219.3:2185-2214	NM_006219.3	NM_006219.3.fasta	2185	2214	+	30	GGATTTCAACTATCCAGACCAGTACGTTCG	CGAACGUACUGGUCUGGAUAGUUGAAAUCC	0
NM_006219.3:2186-2215	NM_006219.3	NM_006219.3.fasta	2186	2215	+	30	GATTTCAACTATCCAGACCAGTACGTTCGA	UCGAACGUACUGGUCUGGAUAGUUGAAAUC	0
NM_006219.3:2187-2216	NM_006219.3	NM_006219.3.fasta	2187	2216	+	30	ATTTCAACTATCCAGACCAGTACGTTCGAG	CUCGAACGUACUGGUCUGGAUAGUUGAAAU	0
NM_006219.3:2188-2217	NM_006219.3	NM_006219.3.fasta	2188	2217	+	30	TTTCAACTATCCAGACCAGTACGTTCGAGA	UCUCGAACGUACUGGUCUGGAUAGUUGAAA	0
NM_006219.3:2189-2218	NM_006219.3	NM_006219.3.fasta	2189	2218	+	30	TTCAACTATCCAGACCAGTACGTTCGAGAA	UUCUCGAACGUACUGGUCUGGAUAGUUGAA	0
NM_006219.3:2190-2219	NM_006219.3	NM_006219.3.fasta	2190	2219	+	30	TCAACTATCCAGACCAGTACGTTCGAGAAT	AUUCUCGAACGUACUGGUCUGGAUAGUUGA	0
NM_006219.3:2191-2220	NM_006219.3	NM_006219.3.fasta	2191	2220	+	30	CAACTATCCAGACCAGTACGTTCGAGAATA	UAUUCUCGAACGUACUGGUCUGGAUAGUUG	0
NM_006219.3:2192-2221	NM_006219.3	NM_006219.3.fasta	2192	2221	+	30	AACTATCCAGACCAGTACGTTCGAGAATAT	AUAUUCUCGAACGUACUGGUCUGGAUAGUU	0
NM_006219.3:2193-2222	NM_006219.3	NM_006219.3.fasta	2193	2222	+	30	ACTATCCAGACCAGTACGTTCGAGAATATG	CAUAUUCUCGAACGUACUGGUCUGGAUAGU	0
NM_006219.3:2194-2223	NM_006219.3	NM_006219.3.fasta	2194	2223	+	30	CTATCCAGACCAGTACGTTCGAGAATATGC	GCAUAUUCUCGAACGUACUGGUCUGGAUAG	0
NM_006219.3:2195-2224	NM_006219.3	NM_006219.3.fasta	2195	2224	+	30	TATCCAGACCAGTACGTTCGAGAATATGCT	AGCAUAUUCUCGAACGUACUGGUCUGGAUA	0
NM_006219.3:2196-2225	NM_006219.3	NM_006219.3.fasta	2196	2225	+	30	ATCCAGACCAGTACGTTCGAGAATATGCTG	CAGCAUAUUCUCGAACGUACUGGUCUGGAU	0
NM_006219.3:2197-2226	NM_006219.3	NM_006219.3.fasta	2197	2226	+	30	TCCAGACCAGTACGTTCGAGAATATGCTGT	ACAGCAUAUUCUCGAACGUACUGGUCUGGA	0
NM_006219.3:2198-2227	NM_006219.3	NM_006219.3.fasta	2198	2227	+	30	CCAGACCAGTACGTTCGAGAATATGCTGTA	UACAGCAUAUUCUCGAACGUACUGGUCUGG	0
NM_006219.3:2199-2228	NM_006219.3	NM_006219.3.fasta	2199	2228	+	30	CAGACCAGTACGTTCGAGAATATGCTGTAG	CUACAGCAUAUUCUCGAACGUACUGGUCUG	0
NM_006219.3:2200-2229	NM_006219.3	NM_006219.3.fasta	2200	2229	+	30	AGACCAGTACGTTCGAGAATATGCTGTAGG	CCUACAGCAUAUUCUCGAACGUACUGGUCU	0
NM_006219.3:2201-2230	NM_006219.3	NM_006219.3.fasta	2201	2230	+	30	GACCAGTACGTTCGAGAATATGCTGTAGGC	GCCUACAGCAUAUUCUCGAACGUACUGGUC	0
NM_006219.3:2202-2231	NM_006219.3	NM_006219.3.fasta	2202	2231	+	30	ACCAGTACGTTCGAGAATATGCTGTAGGCT	AGCCUACAGCAUAUUCUCGAACGUACUGGU	0
NM_006219.3:2203-2232	NM_006219.3	NM_006219.3.fasta	2203	2232	+	30	CCAGTACGTTCGAGAATATGCTGTAGGCTG	CAGCCUACAGCAUAUUCUCGAACGUACUGG	0
NM_006219.3:2204-2233	NM_006219.3	NM_006219.3.fasta	2204	2233	+	30	CAGTACGTTCGAGAATATGCTGTAGGCTGC	GCAGCCUACAGCAUAUUCUCGAACGUACUG	0
NM_006219.3:2205-2234	NM_006219.3	NM_006219.3.fasta	2205	2234	+	30	AGTACGTTCGAGAATATGCTGTAGGCTGCC	GGCAGCCUACAGCAUAUUCUCGAACGUACU	0
NM_006219.3:2206-2235	NM_006219.3	NM_006219.3.fasta	2206	2235	+	30	GTACGTTCGAGAATATGCTGTAGGCTGCCT	AGGCAGCCUACAGCAUAUUCUCGAACGUAC	0
NM_006219.3:2207-2236	NM_006219.3	NM_006219.3.fasta	2207	2236	+	30	TACGTTCGAGAATATGCTGTAGGCTGCCTG	CAGGCAGCCUACAGCAUAUUCUCGAACGUA	0
NM_006219.3:2208-2237	NM_006219.3	NM_006219.3.fasta	2208	2237	+	30	ACGTTCGAGAATATGCTGTAGGCTGCCTGC	GCAGGCAGCCUACAGCAUAUUCUCGAACGU	0
NM_006219.3:2209-2238	NM_006219.3	NM_006219.3.fasta	2209	2238	+	30	CGTTCGAGAATATGCTGTAGGCTGCCTGCG	CGCAGGCAGCCUACAGCAUAUUCUCGAACG	0
NM_006219.3:2210-2239	NM_006219.3	NM_006219.3.fasta	2210	2239	+	30	GTTCGAGAATATGCTGTAGGCTGCCTGCGA	UCGCAGGCAGCCUACAGCAUAUUCUCGAAC	0
NM_006219.3:2211-2240	NM_006219.3	NM_006219.3.fasta	2211	2240	+	30	TTCGAGAATATGCTGTAGGCTGCCTGCGAC	GUCGCAGGCAGCCUACAGCAUAUUCUCGAA	0
NM_006219.3:2212-2241	NM_006219.3	NM_006219.3.fasta	2212	2241	+	30	TCGAGAATATGCTGTAGGCTGCCTGCGACA	UGUCGCAGGCAGCCUACAGCAUAUUCUCGA	0
NM_006219.3:2213-2242	NM_006219.3	NM_006219.3.fasta	2213	2242	+	30	CGAGAATATGCTGTAGGCTGCCTGCGACAG	CUGUCGCAGGCAGCCUACAGCAUAUUCUCG	0
NM_006219.3:2214-2243	NM_006219.3	NM_006219.3.fasta	2214	2243	+	30	GAGAATATGCTGTAGGCTGCCTGCGACAGA	UCUGUCGCAGGCAGCCUACAGCAUAUUCUC	0
NM_006219.3:2215-2244	NM_006219.3	NM_006219.3.fasta	2215	2244	+	30	AGAATATGCTGTAGGCTGCCTGCGACAGAT	AUCUGUCGCAGGCAGCCUACAGCAUAUUCU	0
NM_006219.3:2216-2245	NM_006219.3	NM_006219.3.fasta	2216	2245	+	30	GAATATGCTGTAGGCTGCCTGCGACAGATG	CAUCUGUCGCAGGCAGCCUACAGCAUAUUC	0
NM_006219.3:2217-2246	NM_006219.3	NM_006219.3.fasta	2217	2246	+	30	AATATGCTGTAGGCTGCCTGCGACAGATGA	UCAUCUGUCGCAGGCAGCCUACAGCAUAUU	0
NM_006219.3:2218-2247	NM_006219.3	NM_006219.3.fasta	2218	2247	+	30	ATATGCTGTAGGCTGCCTGCGACAGATGAG	CUCAUCUGUCGCAGGCAGCCUACAGCAUAU	0
NM_006219.3:2219-2248	NM_006219.3	NM_006219.3.fasta	2219	2248	+	30	TATGCTGTAGGCTGCCTGCGACAGATGAGT	ACUCAUCUGUCGCAGGCAGCCUACAGCAUA	0
NM_006219.3:2220-2249	NM_006219.3	NM_006219.3.fasta	2220	2249	+	30	ATGCTGTAGGCTGCCTGCGACAGATGAGTG	CACUCAUCUGUCGCAGGCAGCCUACAGCAU	0
NM_006219.3:2221-2250	NM_006219.3	NM_006219.3.fasta	2221	2250	+	30	TGCTGTAGGCTGCCTGCGACAGATGAGTGA	UCACUCAUCUGUCGCAGGCAGCCUACAGCA	0
NM_006219.3:2222-2251	NM_006219.3	NM_006219.3.fasta	2222	2251	+	30	GCTGTAGGCTGCCTGCGACAGATGAGTGAT	AUCACUCAUCUGUCGCAGGCAGCCUACAGC	0
NM_006219.3:2223-2252	NM_006219.3	NM_006219.3.fasta	2223	2252	+	30	CTGTAGGCTGCCTGCGACAGATGAGTGATG	CAUCACUCAUCUGUCGCAGGCAGCCUACAG	0
NM_006219.3:2224-2253	NM_006219.3	NM_006219.3.fasta	2224	2253	+	30	TGTAGGCTGCCTGCGACAGATGAGTGATGA	UCAUCACUCAUCUGUCGCAGGCAGCCUACA	0
NM_006219.3:2225-2254	NM_006219.3	NM_006219.3.fasta	2225	2254	+	30	GTAGGCTGCCTGCGACAGATGAGTGATGAA	UUCAUCACUCAUCUGUCGCAGGCAGCCUAC	0
NM_006219.3:2226-2255	NM_006219.3	NM_006219.3.fasta	2226	2255	+	30	TAGGCTGCCTGCGACAGATGAGTGATGAAG	CUUCAUCACUCAUCUGUCGCAGGCAGCCUA	0
NM_006219.3:2227-2256	NM_006219.3	NM_006219.3.fasta	2227	2256	+	30	AGGCTGCCTGCGACAGATGAGTGATGAAGA	UCUUCAUCACUCAUCUGUCGCAGGCAGCCU	0
NM_006219.3:2228-2257	NM_006219.3	NM_006219.3.fasta	2228	2257	+	30	GGCTGCCTGCGACAGATGAGTGATGAAGAA	UUCUUCAUCACUCAUCUGUCGCAGGCAGCC	0
NM_006219.3:2229-2258	NM_006219.3	NM_006219.3.fasta	2229	2258	+	30	GCTGCCTGCGACAGATGAGTGATGAAGAAC	GUUCUUCAUCACUCAUCUGUCGCAGGCAGC	0
NM_006219.3:2230-2259	NM_006219.3	NM_006219.3.fasta	2230	2259	+	30	CTGCCTGCGACAGATGAGTGATGAAGAACT	AGUUCUUCAUCACUCAUCUGUCGCAGGCAG	0
NM_006219.3:2231-2260	NM_006219.3	NM_006219.3.fasta	2231	2260	+	30	TGCCTGCGACAGATGAGTGATGAAGAACTT	AAGUUCUUCAUCACUCAUCUGUCGCAGGCA	0
NM_006219.3:2232-2261	NM_006219.3	NM_006219.3.fasta	2232	2261	+	30	GCCTGCGACAGATGAGTGATGAAGAACTTT	AAAGUUCUUCAUCACUCAUCUGUCGCAGGC	0
NM_006219.3:2233-2262	NM_006219.3	NM_006219.3.fasta	2233	2262	+	30	CCTGCGACAGATGAGTGATGAAGAACTTTC	GAAAGUUCUUCAUCACUCAUCUGUCGCAGG	0
NM_006219.3:2234-2263	NM_006219.3	NM_006219.3.fasta	2234	2263	+	30	CTGCGACAGATGAGTGATGAAGAACTTTCT	AGAAAGUUCUUCAUCACUCAUCUGUCGCAG	0
NM_006219.3:2235-2264	NM_006219.3	NM_006219.3.fasta	2235	2264	+	30	TGCGACAGATGAGTGATGAAGAACTTTCTC	GAGAAAGUUCUUCAUCACUCAUCUGUCGCA	0
NM_006219.3:2236-2265	NM_006219.3	NM_006219.3.fasta	2236	2265	+	30	GCGACAGATGAGTGATGAAGAACTTTCTCA	UGAGAAAGUUCUUCAUCACUCAUCUGUCGC	0
NM_006219.3:2237-2266	NM_006219.3	NM_006219.3.fasta	2237	2266	+	30	CGACAGATGAGTGATGAAGAACTTTCTCAA	UUGAGAAAGUUCUUCAUCACUCAUCUGUCG	0
NM_006219.3:2238-2267	NM_006219.3	NM_006219.3.fasta	2238	2267	+	30	GACAGATGAGTGATGAAGAACTTTCTCAAT	AUUGAGAAAGUUCUUCAUCACUCAUCUGUC	0
NM_006219.3:2239-2268	NM_006219.3	NM_006219.3.fasta	2239	2268	+	30	ACAGATGAGTGATGAAGAACTTTCTCAATA	UAUUGAGAAAGUUCUUCAUCACUCAUCUGU	0
NM_006219.3:2240-2269	NM_006219.3	NM_006219.3.fasta	2240	2269	+	30	CAGATGAGTGATGAAGAACTTTCTCAATAT	AUAUUGAGAAAGUUCUUCAUCACUCAUCUG	0
NM_006219.3:2241-2270	NM_006219.3	NM_006219.3.fasta	2241	2270	+	30	AGATGAGTGATGAAGAACTTTCTCAATATC	GAUAUUGAGAAAGUUCUUCAUCACUCAUCU	0
NM_006219.3:2242-2271	NM_006219.3	NM_006219.3.fasta	2242	2271	+	30	GATGAGTGATGAAGAACTTTCTCAATATCT	AGAUAUUGAGAAAGUUCUUCAUCACUCAUC	0
NM_006219.3:2243-2272	NM_006219.3	NM_006219.3.fasta	2243	2272	+	30	ATGAGTGATGAAGAACTTTCTCAATATCTT	AAGAUAUUGAGAAAGUUCUUCAUCACUCAU	0
NM_006219.3:2244-2273	NM_006219.3	NM_006219.3.fasta	2244	2273	+	30	TGAGTGATGAAGAACTTTCTCAATATCTTT	AAAGAUAUUGAGAAAGUUCUUCAUCACUCA	0
NM_006219.3:2245-2274	NM_006219.3	NM_006219.3.fasta	2245	2274	+	30	GAGTGATGAAGAACTTTCTCAATATCTTTT	AAAAGAUAUUGAGAAAGUUCUUCAUCACUC	0
NM_006219.3:2246-2275	NM_006219.3	NM_006219.3.fasta	2246	2275	+	30	AGTGATGAAGAACTTTCTCAATATCTTTTA	UAAAAGAUAUUGAGAAAGUUCUUCAUCACU	0
NM_006219.3:2247-2276	NM_006219.3	NM_006219.3.fasta	2247	2276	+	30	GTGATGAAGAACTTTCTCAATATCTTTTAC	GUAAAAGAUAUUGAGAAAGUUCUUCAUCAC	0
NM_006219.3:2248-2277	NM_006219.3	NM_006219.3.fasta	2248	2277	+	30	TGATGAAGAACTTTCTCAATATCTTTTACA	UGUAAAAGAUAUUGAGAAAGUUCUUCAUCA	0
NM_006219.3:2249-2278	NM_006219.3	NM_006219.3.fasta	2249	2278	+	30	GATGAAGAACTTTCTCAATATCTTTTACAA	UUGUAAAAGAUAUUGAGAAAGUUCUUCAUC	0
NM_006219.3:2250-2279	NM_006219.3	NM_006219.3.fasta	2250	2279	+	30	ATGAAGAACTTTCTCAATATCTTTTACAAC	GUUGUAAAAGAUAUUGAGAAAGUUCUUCAU	0
NM_006219.3:2251-2280	NM_006219.3	NM_006219.3.fasta	2251	2280	+	30	TGAAGAACTTTCTCAATATCTTTTACAACT	AGUUGUAAAAGAUAUUGAGAAAGUUCUUCA	0
NM_006219.3:2252-2281	NM_006219.3	NM_006219.3.fasta	2252	2281	+	30	GAAGAACTTTCTCAATATCTTTTACAACTG	CAGUUGUAAAAGAUAUUGAGAAAGUUCUUC	0
NM_006219.3:2253-2282	NM_006219.3	NM_006219.3.fasta	2253	2282	+	30	AAGAACTTTCTCAATATCTTTTACAACTGG	CCAGUUGUAAAAGAUAUUGAGAAAGUUCUU	0
NM_006219.3:2254-2283	NM_006219.3	NM_006219.3.fasta	2254	2283	+	30	AGAACTTTCTCAATATCTTTTACAACTGGT	ACCAGUUGUAAAAGAUAUUGAGAAAGUUCU	0
NM_006219.3:2255-2284	NM_006219.3	NM_006219.3.fasta	2255	2284	+	30	GAACTTTCTCAATATCTTTTACAACTGGTG	CACCAGUUGUAAAAGAUAUUGAGAAAGUUC	0
NM_006219.3:2256-2285	NM_006219.3	NM_006219.3.fasta	2256	2285	+	30	AACTTTCTCAATATCTTTTACAACTGGTGC	GCACCAGUUGUAAAAGAUAUUGAGAAAGUU	0
NM_006219.3:2257-2286	NM_006219.3	NM_006219.3.fasta	2257	2286	+	30	ACTTTCTCAATATCTTTTACAACTGGTGCA	UGCACCAGUUGUAAAAGAUAUUGAGAAAGU	0
NM_006219.3:2258-2287	NM_006219.3	NM_006219.3.fasta	2258	2287	+	30	CTTTCTCAATATCTTTTACAACTGGTGCAA	UUGCACCAGUUGUAAAAGAUAUUGAGAAAG	0
NM_006219.3:2259-2288	NM_006219.3	NM_006219.3.fasta	2259	2288	+	30	TTTCTCAATATCTTTTACAACTGGTGCAAG	CUUGCACCAGUUGUAAAAGAUAUUGAGAAA	0
NM_006219.3:2260-2289	NM_006219.3	NM_006219.3.fasta	2260	2289	+	30	TTCTCAATATCTTTTACAACTGGTGCAAGT	ACUUGCACCAGUUGUAAAAGAUAUUGAGAA	0
NM_006219.3:2261-2290	NM_006219.3	NM_006219.3.fasta	2261	2290	+	30	TCTCAATATCTTTTACAACTGGTGCAAGTG	CACUUGCACCAGUUGUAAAAGAUAUUGAGA	0
NM_006219.3:2262-2291	NM_006219.3	NM_006219.3.fasta	2262	2291	+	30	CTCAATATCTTTTACAACTGGTGCAAGTGT	ACACUUGCACCAGUUGUAAAAGAUAUUGAG	0
NM_006219.3:2263-2292	NM_006219.3	NM_006219.3.fasta	2263	2292	+	30	TCAATATCTTTTACAACTGGTGCAAGTGTT	AACACUUGCACCAGUUGUAAAAGAUAUUGA	0
NM_006219.3:2264-2293	NM_006219.3	NM_006219.3.fasta	2264	2293	+	30	CAATATCTTTTACAACTGGTGCAAGTGTTA	UAACACUUGCACCAGUUGUAAAAGAUAUUG	0
NM_006219.3:2265-2294	NM_006219.3	NM_006219.3.fasta	2265	2294	+	30	AATATCTTTTACAACTGGTGCAAGTGTTAA	UUAACACUUGCACCAGUUGUAAAAGAUAUU	0
NM_006219.3:2266-2295	NM_006219.3	NM_006219.3.fasta	2266	2295	+	30	ATATCTTTTACAACTGGTGCAAGTGTTAAA	UUUAACACUUGCACCAGUUGUAAAAGAUAU	0
NM_006219.3:2267-2296	NM_006219.3	NM_006219.3.fasta	2267	2296	+	30	TATCTTTTACAACTGGTGCAAGTGTTAAAA	UUUUAACACUUGCACCAGUUGUAAAAGAUA	0
NM_006219.3:2268-2297	NM_006219.3	NM_006219.3.fasta	2268	2297	+	30	ATCTTTTACAACTGGTGCAAGTGTTAAAAT	AUUUUAACACUUGCACCAGUUGUAAAAGAU	0
NM_006219.3:2269-2298	NM_006219.3	NM_006219.3.fasta	2269	2298	+	30	TCTTTTACAACTGGTGCAAGTGTTAAAATA	UAUUUUAACACUUGCACCAGUUGUAAAAGA	0
NM_006219.3:2270-2299	NM_006219.3	NM_006219.3.fasta	2270	2299	+	30	CTTTTACAACTGGTGCAAGTGTTAAAATAT	AUAUUUUAACACUUGCACCAGUUGUAAAAG	0
NM_006219.3:2271-2300	NM_006219.3	NM_006219.3.fasta	2271	2300	+	30	TTTTACAACTGGTGCAAGTGTTAAAATATG	CAUAUUUUAACACUUGCACCAGUUGUAAAA	0
NM_006219.3:2272-2301	NM_006219.3	NM_006219.3.fasta	2272	2301	+	30	TTTACAACTGGTGCAAGTGTTAAAATATGA	UCAUAUUUUAACACUUGCACCAGUUGUAAA	0
NM_006219.3:2273-2302	NM_006219.3	NM_006219.3.fasta	2273	2302	+	30	TTACAACTGGTGCAAGTGTTAAAATATGAG	CUCAUAUUUUAACACUUGCACCAGUUGUAA	0
NM_006219.3:2274-2303	NM_006219.3	NM_006219.3.fasta	2274	2303	+	30	TACAACTGGTGCAAGTGTTAAAATATGAGC	GCUCAUAUUUUAACACUUGCACCAGUUGUA	0
NM_006219.3:2275-2304	NM_006219.3	NM_006219.3.fasta	2275	2304	+	30	ACAACTGGTGCAAGTGTTAAAATATGAGCC	GGCUCAUAUUUUAACACUUGCACCAGUUGU	0
NM_006219.3:2276-2305	NM_006219.3	NM_006219.3.fasta	2276	2305	+	30	CAACTGGTGCAAGTGTTAAAATATGAGCCT	AGGCUCAUAUUUUAACACUUGCACCAGUUG	0
NM_006219.3:2277-2306	NM_006219.3	NM_006219.3.fasta	2277	2306	+	30	AACTGGTGCAAGTGTTAAAATATGAGCCTT	AAGGCUCAUAUUUUAACACUUGCACCAGUU	0
NM_006219.3:2278-2307	NM_006219.3	NM_006219.3.fasta	2278	2307	+	30	ACTGGTGCAAGTGTTAAAATATGAGCCTTT	AAAGGCUCAUAUUUUAACACUUGCACCAGU	0
NM_006219.3:2279-2308	NM_006219.3	NM_006219.3.fasta	2279	2308	+	30	CTGGTGCAAGTGTTAAAATATGAGCCTTTT	AAAAGGCUCAUAUUUUAACACUUGCACCAG	0
NM_006219.3:2280-2309	NM_006219.3	NM_006219.3.fasta	2280	2309	+	30	TGGTGCAAGTGTTAAAATATGAGCCTTTTC	GAAAAGGCUCAUAUUUUAACACUUGCACCA	0
NM_006219.3:2281-2310	NM_006219.3	NM_006219.3.fasta	2281	2310	+	30	GGTGCAAGTGTTAAAATATGAGCCTTTTCT	AGAAAAGGCUCAUAUUUUAACACUUGCACC	0
NM_006219.3:2282-2311	NM_006219.3	NM_006219.3.fasta	2282	2311	+	30	GTGCAAGTGTTAAAATATGAGCCTTTTCTT	AAGAAAAGGCUCAUAUUUUAACACUUGCAC	0
NM_006219.3:2283-2312	NM_006219.3	NM_006219.3.fasta	2283	2312	+	30	TGCAAGTGTTAAAATATGAGCCTTTTCTTG	CAAGAAAAGGCUCAUAUUUUAACACUUGCA	0
NM_006219.3:2284-2313	NM_006219.3	NM_006219.3.fasta	2284	2313	+	30	GCAAGTGTTAAAATATGAGCCTTTTCTTGA	UCAAGAAAAGGCUCAUAUUUUAACACUUGC	0
NM_006219.3:2285-2314	NM_006219.3	NM_006219.3.fasta	2285	2314	+	30	CAAGTGTTAAAATATGAGCCTTTTCTTGAT	AUCAAGAAAAGGCUCAUAUUUUAACACUUG	0
NM_006219.3:2286-2315	NM_006219.3	NM_006219.3.fasta	2286	2315	+	30	AAGTGTTAAAATATGAGCCTTTTCTTGATT	AAUCAAGAAAAGGCUCAUAUUUUAACACUU	0
NM_006219.3:2287-2316	NM_006219.3	NM_006219.3.fasta	2287	2316	+	30	AGTGTTAAAATATGAGCCTTTTCTTGATTG	CAAUCAAGAAAAGGCUCAUAUUUUAACACU	0
NM_006219.3:2288-2317	NM_006219.3	NM_006219.3.fasta	2288	2317	+	30	GTGTTAAAATATGAGCCTTTTCTTGATTGT	ACAAUCAAGAAAAGGCUCAUAUUUUAACAC	0
NM_006219.3:2289-2318	NM_006219.3	NM_006219.3.fasta	2289	2318	+	30	TGTTAAAATATGAGCCTTTTCTTGATTGTG	CACAAUCAAGAAAAGGCUCAUAUUUUAACA	0
NM_006219.3:2290-2319	NM_006219.3	NM_006219.3.fasta	2290	2319	+	30	GTTAAAATATGAGCCTTTTCTTGATTGTGC	GCACAAUCAAGAAAAGGCUCAUAUUUUAAC	0
NM_006219.3:2291-2320	NM_006219.3	NM_006219.3.fasta	2291	2320	+	30	TTAAAATATGAGCCTTTTCTTGATTGTGCC	GGCACAAUCAAGAAAAGGCUCAUAUUUUAA	0
NM_006219.3:2292-2321	NM_006219.3	NM_006219.3.fasta	2292	2321	+	30	TAAAATATGAGCCTTTTCTTGATTGTGCCC	GGGCACAAUCAAGAAAAGGCUCAUAUUUUA	0
NM_006219.3:2293-2322	NM_006219.3	NM_006219.3.fasta	2293	2322	+	30	AAAATATGAGCCTTTTCTTGATTGTGCCCT	AGGGCACAAUCAAGAAAAGGCUCAUAUUUU	0
NM_006219.3:2294-2323	NM_006219.3	NM_006219.3.fasta	2294	2323	+	30	AAATATGAGCCTTTTCTTGATTGTGCCCTC	GAGGGCACAAUCAAGAAAAGGCUCAUAUUU	0
NM_006219.3:2295-2324	NM_006219.3	NM_006219.3.fasta	2295	2324	+	30	AATATGAGCCTTTTCTTGATTGTGCCCTCT	AGAGGGCACAAUCAAGAAAAGGCUCAUAUU	0
NM_006219.3:2296-2325	NM_006219.3	NM_006219.3.fasta	2296	2325	+	30	ATATGAGCCTTTTCTTGATTGTGCCCTCTC	GAGAGGGCACAAUCAAGAAAAGGCUCAUAU	0
NM_006219.3:2297-2326	NM_006219.3	NM_006219.3.fasta	2297	2326	+	30	TATGAGCCTTTTCTTGATTGTGCCCTCTCT	AGAGAGGGCACAAUCAAGAAAAGGCUCAUA	0
NM_006219.3:2298-2327	NM_006219.3	NM_006219.3.fasta	2298	2327	+	30	ATGAGCCTTTTCTTGATTGTGCCCTCTCTA	UAGAGAGGGCACAAUCAAGAAAAGGCUCAU	0
NM_006219.3:2299-2328	NM_006219.3	NM_006219.3.fasta	2299	2328	+	30	TGAGCCTTTTCTTGATTGTGCCCTCTCTAG	CUAGAGAGGGCACAAUCAAGAAAAGGCUCA	0
NM_006219.3:2300-2329	NM_006219.3	NM_006219.3.fasta	2300	2329	+	30	GAGCCTTTTCTTGATTGTGCCCTCTCTAGA	UCUAGAGAGGGCACAAUCAAGAAAAGGCUC	0
NM_006219.3:2301-2330	NM_006219.3	NM_006219.3.fasta	2301	2330	+	30	AGCCTTTTCTTGATTGTGCCCTCTCTAGAT	AUCUAGAGAGGGCACAAUCAAGAAAAGGCU	0
NM_006219.3:2302-2331	NM_006219.3	NM_006219.3.fasta	2302	2331	+	30	GCCTTTTCTTGATTGTGCCCTCTCTAGATT	AAUCUAGAGAGGGCACAAUCAAGAAAAGGC	0
NM_006219.3:2303-2332	NM_006219.3	NM_006219.3.fasta	2303	2332	+	30	CCTTTTCTTGATTGTGCCCTCTCTAGATTC	GAAUCUAGAGAGGGCACAAUCAAGAAAAGG	0
NM_006219.3:2304-2333	NM_006219.3	NM_006219.3.fasta	2304	2333	+	30	CTTTTCTTGATTGTGCCCTCTCTAGATTCC	GGAAUCUAGAGAGGGCACAAUCAAGAAAAG	0
NM_006219.3:2305-2334	NM_006219.3	NM_006219.3.fasta	2305	2334	+	30	TTTTCTTGATTGTGCCCTCTCTAGATTCCT	AGGAAUCUAGAGAGGGCACAAUCAAGAAAA	0
NM_006219.3:2306-2335	NM_006219.3	NM_006219.3.fasta	2306	2335	+	30	TTTCTTGATTGTGCCCTCTCTAGATTCCTA	UAGGAAUCUAGAGAGGGCACAAUCAAGAAA	0
NM_006219.3:2307-2336	NM_006219.3	NM_006219.3.fasta	2307	2336	+	30	TTCTTGATTGTGCCCTCTCTAGATTCCTAT	AUAGGAAUCUAGAGAGGGCACAAUCAAGAA	0
NM_006219.3:2308-2337	NM_006219.3	NM_006219.3.fasta	2308	2337	+	30	TCTTGATTGTGCCCTCTCTAGATTCCTATT	AAUAGGAAUCUAGAGAGGGCACAAUCAAGA	0
NM_006219.3:2309-2338	NM_006219.3	NM_006219.3.fasta	2309	2338	+	30	CTTGATTGTGCCCTCTCTAGATTCCTATTA	UAAUAGGAAUCUAGAGAGGGCACAAUCAAG	0
NM_006219.3:2310-2339	NM_006219.3	NM_006219.3.fasta	2310	2339	+	30	TTGATTGTGCCCTCTCTAGATTCCTATTAG	CUAAUAGGAAUCUAGAGAGGGCACAAUCAA	0
NM_006219.3:2311-2340	NM_006219.3	NM_006219.3.fasta	2311	2340	+	30	TGATTGTGCCCTCTCTAGATTCCTATTAGA	UCUAAUAGGAAUCUAGAGAGGGCACAAUCA	0
NM_006219.3:2312-2341	NM_006219.3	NM_006219.3.fasta	2312	2341	+	30	GATTGTGCCCTCTCTAGATTCCTATTAGAA	UUCUAAUAGGAAUCUAGAGAGGGCACAAUC	0
NM_006219.3:2313-2342	NM_006219.3	NM_006219.3.fasta	2313	2342	+	30	ATTGTGCCCTCTCTAGATTCCTATTAGAAA	UUUCUAAUAGGAAUCUAGAGAGGGCACAAU	0
NM_006219.3:2314-2343	NM_006219.3	NM_006219.3.fasta	2314	2343	+	30	TTGTGCCCTCTCTAGATTCCTATTAGAAAG	CUUUCUAAUAGGAAUCUAGAGAGGGCACAA	0
NM_006219.3:2315-2344	NM_006219.3	NM_006219.3.fasta	2315	2344	+	30	TGTGCCCTCTCTAGATTCCTATTAGAAAGA	UCUUUCUAAUAGGAAUCUAGAGAGGGCACA	0
NM_006219.3:2316-2345	NM_006219.3	NM_006219.3.fasta	2316	2345	+	30	GTGCCCTCTCTAGATTCCTATTAGAAAGAG	CUCUUUCUAAUAGGAAUCUAGAGAGGGCAC	0
NM_006219.3:2317-2346	NM_006219.3	NM_006219.3.fasta	2317	2346	+	30	TGCCCTCTCTAGATTCCTATTAGAAAGAGC	GCUCUUUCUAAUAGGAAUCUAGAGAGGGCA	0
NM_006219.3:2318-2347	NM_006219.3	NM_006219.3.fasta	2318	2347	+	30	GCCCTCTCTAGATTCCTATTAGAAAGAGCA	UGCUCUUUCUAAUAGGAAUCUAGAGAGGGC	0
NM_006219.3:2319-2348	NM_006219.3	NM_006219.3.fasta	2319	2348	+	30	CCCTCTCTAGATTCCTATTAGAAAGAGCAC	GUGCUCUUUCUAAUAGGAAUCUAGAGAGGG	0
NM_006219.3:2320-2349	NM_006219.3	NM_006219.3.fasta	2320	2349	+	30	CCTCTCTAGATTCCTATTAGAAAGAGCACT	AGUGCUCUUUCUAAUAGGAAUCUAGAGAGG	0
NM_006219.3:2321-2350	NM_006219.3	NM_006219.3.fasta	2321	2350	+	30	CTCTCTAGATTCCTATTAGAAAGAGCACTT	AAGUGCUCUUUCUAAUAGGAAUCUAGAGAG	0
NM_006219.3:2322-2351	NM_006219.3	NM_006219.3.fasta	2322	2351	+	30	TCTCTAGATTCCTATTAGAAAGAGCACTTG	CAAGUGCUCUUUCUAAUAGGAAUCUAGAGA	0
NM_006219.3:2323-2352	NM_006219.3	NM_006219.3.fasta	2323	2352	+	30	CTCTAGATTCCTATTAGAAAGAGCACTTGG	CCAAGUGCUCUUUCUAAUAGGAAUCUAGAG	0
NM_006219.3:2324-2353	NM_006219.3	NM_006219.3.fasta	2324	2353	+	30	TCTAGATTCCTATTAGAAAGAGCACTTGGT	ACCAAGUGCUCUUUCUAAUAGGAAUCUAGA	0
NM_006219.3:2325-2354	NM_006219.3	NM_006219.3.fasta	2325	2354	+	30	CTAGATTCCTATTAGAAAGAGCACTTGGTA	UACCAAGUGCUCUUUCUAAUAGGAAUCUAG	0
NM_006219.3:2326-2355	NM_006219.3	NM_006219.3.fasta	2326	2355	+	30	TAGATTCCTATTAGAAAGAGCACTTGGTAA	UUACCAAGUGCUCUUUCUAAUAGGAAUCUA	0
NM_006219.3:2327-2356	NM_006219.3	NM_006219.3.fasta	2327	2356	+	30	AGATTCCTATTAGAAAGAGCACTTGGTAAT	AUUACCAAGUGCUCUUUCUAAUAGGAAUCU	0
NM_006219.3:2328-2357	NM_006219.3	NM_006219.3.fasta	2328	2357	+	30	GATTCCTATTAGAAAGAGCACTTGGTAATC	GAUUACCAAGUGCUCUUUCUAAUAGGAAUC	0
NM_006219.3:2329-2358	NM_006219.3	NM_006219.3.fasta	2329	2358	+	30	ATTCCTATTAGAAAGAGCACTTGGTAATCG	CGAUUACCAAGUGCUCUUUCUAAUAGGAAU	0
NM_006219.3:2330-2359	NM_006219.3	NM_006219.3.fasta	2330	2359	+	30	TTCCTATTAGAAAGAGCACTTGGTAATCGG	CCGAUUACCAAGUGCUCUUUCUAAUAGGAA	0
NM_006219.3:2331-2360	NM_006219.3	NM_006219.3.fasta	2331	2360	+	30	TCCTATTAGAAAGAGCACTTGGTAATCGGA	UCCGAUUACCAAGUGCUCUUUCUAAUAGGA	0
NM_006219.3:2332-2361	NM_006219.3	NM_006219.3.fasta	2332	2361	+	30	CCTATTAGAAAGAGCACTTGGTAATCGGAG	CUCCGAUUACCAAGUGCUCUUUCUAAUAGG	0
NM_006219.3:2333-2362	NM_006219.3	NM_006219.3.fasta	2333	2362	+	30	CTATTAGAAAGAGCACTTGGTAATCGGAGG	CCUCCGAUUACCAAGUGCUCUUUCUAAUAG	0
NM_006219.3:2334-2363	NM_006219.3	NM_006219.3.fasta	2334	2363	+	30	TATTAGAAAGAGCACTTGGTAATCGGAGGA	UCCUCCGAUUACCAAGUGCUCUUUCUAAUA	0
NM_006219.3:2335-2364	NM_006219.3	NM_006219.3.fasta	2335	2364	+	30	ATTAGAAAGAGCACTTGGTAATCGGAGGAT	AUCCUCCGAUUACCAAGUGCUCUUUCUAAU	0
NM_006219.3:2336-2365	NM_006219.3	NM_006219.3.fasta	2336	2365	+	30	TTAGAAAGAGCACTTGGTAATCGGAGGATA	UAUCCUCCGAUUACCAAGUGCUCUUUCUAA	0
NM_006219.3:2337-2366	NM_006219.3	NM_006219.3.fasta	2337	2366	+	30	TAGAAAGAGCACTTGGTAATCGGAGGATAG	CUAUCCUCCGAUUACCAAGUGCUCUUUCUA	0
NM_006219.3:2338-2367	NM_006219.3	NM_006219.3.fasta	2338	2367	+	30	AGAAAGAGCACTTGGTAATCGGAGGATAGG	CCUAUCCUCCGAUUACCAAGUGCUCUUUCU	0
NM_006219.3:2339-2368	NM_006219.3	NM_006219.3.fasta	2339	2368	+	30	GAAAGAGCACTTGGTAATCGGAGGATAGGG	CCCUAUCCUCCGAUUACCAAGUGCUCUUUC	0
NM_006219.3:2340-2369	NM_006219.3	NM_006219.3.fasta	2340	2369	+	30	AAAGAGCACTTGGTAATCGGAGGATAGGGC	GCCCUAUCCUCCGAUUACCAAGUGCUCUUU	0
NM_006219.3:2341-2370	NM_006219.3	NM_006219.3.fasta	2341	2370	+	30	AAGAGCACTTGGTAATCGGAGGATAGGGCA	UGCCCUAUCCUCCGAUUACCAAGUGCUCUU	0
NM_006219.3:2342-2371	NM_006219.3	NM_006219.3.fasta	2342	2371	+	30	AGAGCACTTGGTAATCGGAGGATAGGGCAG	CUGCCCUAUCCUCCGAUUACCAAGUGCUCU	0
NM_006219.3:2343-2372	NM_006219.3	NM_006219.3.fasta	2343	2372	+	30	GAGCACTTGGTAATCGGAGGATAGGGCAGT	ACUGCCCUAUCCUCCGAUUACCAAGUGCUC	0
NM_006219.3:2344-2373	NM_006219.3	NM_006219.3.fasta	2344	2373	+	30	AGCACTTGGTAATCGGAGGATAGGGCAGTT	AACUGCCCUAUCCUCCGAUUACCAAGUGCU	0
NM_006219.3:2345-2374	NM_006219.3	NM_006219.3.fasta	2345	2374	+	30	GCACTTGGTAATCGGAGGATAGGGCAGTTT	AAACUGCCCUAUCCUCCGAUUACCAAGUGC	0
NM_006219.3:2346-2375	NM_006219.3	NM_006219.3.fasta	2346	2375	+	30	CACTTGGTAATCGGAGGATAGGGCAGTTTC	GAAACUGCCCUAUCCUCCGAUUACCAAGUG	0
NM_006219.3:2347-2376	NM_006219.3	NM_006219.3.fasta	2347	2376	+	30	ACTTGGTAATCGGAGGATAGGGCAGTTTCT	AGAAACUGCCCUAUCCUCCGAUUACCAAGU	0
NM_006219.3:2348-2377	NM_006219.3	NM_006219.3.fasta	2348	2377	+	30	CTTGGTAATCGGAGGATAGGGCAGTTTCTA	UAGAAACUGCCCUAUCCUCCGAUUACCAAG	0
NM_006219.3:2349-2378	NM_006219.3	NM_006219.3.fasta	2349	2378	+	30	TTGGTAATCGGAGGATAGGGCAGTTTCTAT	AUAGAAACUGCCCUAUCCUCCGAUUACCAA	0
NM_006219.3:2350-2379	NM_006219.3	NM_006219.3.fasta	2350	2379	+	30	TGGTAATCGGAGGATAGGGCAGTTTCTATT	AAUAGAAACUGCCCUAUCCUCCGAUUACCA	0
NM_006219.3:2351-2380	NM_006219.3	NM_006219.3.fasta	2351	2380	+	30	GGTAATCGGAGGATAGGGCAGTTTCTATTT	AAAUAGAAACUGCCCUAUCCUCCGAUUACC	0
NM_006219.3:2352-2381	NM_006219.3	NM_006219.3.fasta	2352	2381	+	30	GTAATCGGAGGATAGGGCAGTTTCTATTTT	AAAAUAGAAACUGCCCUAUCCUCCGAUUAC	0
NM_006219.3:2353-2382	NM_006219.3	NM_006219.3.fasta	2353	2382	+	30	TAATCGGAGGATAGGGCAGTTTCTATTTTG	CAAAAUAGAAACUGCCCUAUCCUCCGAUUA	0
NM_006219.3:2354-2383	NM_006219.3	NM_006219.3.fasta	2354	2383	+	30	AATCGGAGGATAGGGCAGTTTCTATTTTGG	CCAAAAUAGAAACUGCCCUAUCCUCCGAUU	0
NM_006219.3:2355-2384	NM_006219.3	NM_006219.3.fasta	2355	2384	+	30	ATCGGAGGATAGGGCAGTTTCTATTTTGGC	GCCAAAAUAGAAACUGCCCUAUCCUCCGAU	0
NM_006219.3:2356-2385	NM_006219.3	NM_006219.3.fasta	2356	2385	+	30	TCGGAGGATAGGGCAGTTTCTATTTTGGCA	UGCCAAAAUAGAAACUGCCCUAUCCUCCGA	0
NM_006219.3:2357-2386	NM_006219.3	NM_006219.3.fasta	2357	2386	+	30	CGGAGGATAGGGCAGTTTCTATTTTGGCAT	AUGCCAAAAUAGAAACUGCCCUAUCCUCCG	0
NM_006219.3:2358-2387	NM_006219.3	NM_006219.3.fasta	2358	2387	+	30	GGAGGATAGGGCAGTTTCTATTTTGGCATC	GAUGCCAAAAUAGAAACUGCCCUAUCCUCC	0
NM_006219.3:2359-2388	NM_006219.3	NM_006219.3.fasta	2359	2388	+	30	GAGGATAGGGCAGTTTCTATTTTGGCATCT	AGAUGCCAAAAUAGAAACUGCCCUAUCCUC	0
NM_006219.3:2360-2389	NM_006219.3	NM_006219.3.fasta	2360	2389	+	30	AGGATAGGGCAGTTTCTATTTTGGCATCTT	AAGAUGCCAAAAUAGAAACUGCCCUAUCCU	0
NM_006219.3:2361-2390	NM_006219.3	NM_006219.3.fasta	2361	2390	+	30	GGATAGGGCAGTTTCTATTTTGGCATCTTA	UAAGAUGCCAAAAUAGAAACUGCCCUAUCC	0
NM_006219.3:2362-2391	NM_006219.3	NM_006219.3.fasta	2362	2391	+	30	GATAGGGCAGTTTCTATTTTGGCATCTTAG	CUAAGAUGCCAAAAUAGAAACUGCCCUAUC	0
NM_006219.3:2363-2392	NM_006219.3	NM_006219.3.fasta	2363	2392	+	30	ATAGGGCAGTTTCTATTTTGGCATCTTAGG	CCUAAGAUGCCAAAAUAGAAACUGCCCUAU	0
NM_006219.3:2364-2393	NM_006219.3	NM_006219.3.fasta	2364	2393	+	30	TAGGGCAGTTTCTATTTTGGCATCTTAGGT	ACCUAAGAUGCCAAAAUAGAAACUGCCCUA	0
NM_006219.3:2365-2394	NM_006219.3	NM_006219.3.fasta	2365	2394	+	30	AGGGCAGTTTCTATTTTGGCATCTTAGGTC	GACCUAAGAUGCCAAAAUAGAAACUGCCCU	0
NM_006219.3:2366-2395	NM_006219.3	NM_006219.3.fasta	2366	2395	+	30	GGGCAGTTTCTATTTTGGCATCTTAGGTCA	UGACCUAAGAUGCCAAAAUAGAAACUGCCC	0
NM_006219.3:2367-2396	NM_006219.3	NM_006219.3.fasta	2367	2396	+	30	GGCAGTTTCTATTTTGGCATCTTAGGTCAG	CUGACCUAAGAUGCCAAAAUAGAAACUGCC	0
NM_006219.3:2368-2397	NM_006219.3	NM_006219.3.fasta	2368	2397	+	30	GCAGTTTCTATTTTGGCATCTTAGGTCAGA	UCUGACCUAAGAUGCCAAAAUAGAAACUGC	0
NM_006219.3:2369-2398	NM_006219.3	NM_006219.3.fasta	2369	2398	+	30	CAGTTTCTATTTTGGCATCTTAGGTCAGAA	UUCUGACCUAAGAUGCCAAAAUAGAAACUG	0
NM_006219.3:2370-2399	NM_006219.3	NM_006219.3.fasta	2370	2399	+	30	AGTTTCTATTTTGGCATCTTAGGTCAGAAG	CUUCUGACCUAAGAUGCCAAAAUAGAAACU	0
NM_006219.3:2371-2400	NM_006219.3	NM_006219.3.fasta	2371	2400	+	30	GTTTCTATTTTGGCATCTTAGGTCAGAAGT	ACUUCUGACCUAAGAUGCCAAAAUAGAAAC	0
NM_006219.3:2372-2401	NM_006219.3	NM_006219.3.fasta	2372	2401	+	30	TTTCTATTTTGGCATCTTAGGTCAGAAGTG	CACUUCUGACCUAAGAUGCCAAAAUAGAAA	0
NM_006219.3:2373-2402	NM_006219.3	NM_006219.3.fasta	2373	2402	+	30	TTCTATTTTGGCATCTTAGGTCAGAAGTGC	GCACUUCUGACCUAAGAUGCCAAAAUAGAA	0
NM_006219.3:2374-2403	NM_006219.3	NM_006219.3.fasta	2374	2403	+	30	TCTATTTTGGCATCTTAGGTCAGAAGTGCA	UGCACUUCUGACCUAAGAUGCCAAAAUAGA	0
NM_006219.3:2375-2404	NM_006219.3	NM_006219.3.fasta	2375	2404	+	30	CTATTTTGGCATCTTAGGTCAGAAGTGCAC	GUGCACUUCUGACCUAAGAUGCCAAAAUAG	0
NM_006219.3:2376-2405	NM_006219.3	NM_006219.3.fasta	2376	2405	+	30	TATTTTGGCATCTTAGGTCAGAAGTGCACA	UGUGCACUUCUGACCUAAGAUGCCAAAAUA	0
NM_006219.3:2377-2406	NM_006219.3	NM_006219.3.fasta	2377	2406	+	30	ATTTTGGCATCTTAGGTCAGAAGTGCACAT	AUGUGCACUUCUGACCUAAGAUGCCAAAAU	0
NM_006219.3:2378-2407	NM_006219.3	NM_006219.3.fasta	2378	2407	+	30	TTTTGGCATCTTAGGTCAGAAGTGCACATT	AAUGUGCACUUCUGACCUAAGAUGCCAAAA	0
NM_006219.3:2379-2408	NM_006219.3	NM_006219.3.fasta	2379	2408	+	30	TTTGGCATCTTAGGTCAGAAGTGCACATTC	GAAUGUGCACUUCUGACCUAAGAUGCCAAA	0
NM_006219.3:2380-2409	NM_006219.3	NM_006219.3.fasta	2380	2409	+	30	TTGGCATCTTAGGTCAGAAGTGCACATTCC	GGAAUGUGCACUUCUGACCUAAGAUGCCAA	0
NM_006219.3:2381-2410	NM_006219.3	NM_006219.3.fasta	2381	2410	+	30	TGGCATCTTAGGTCAGAAGTGCACATTCCT	AGGAAUGUGCACUUCUGACCUAAGAUGCCA	0
NM_006219.3:2382-2411	NM_006219.3	NM_006219.3.fasta	2382	2411	+	30	GGCATCTTAGGTCAGAAGTGCACATTCCTG	CAGGAAUGUGCACUUCUGACCUAAGAUGCC	0
NM_006219.3:2383-2412	NM_006219.3	NM_006219.3.fasta	2383	2412	+	30	GCATCTTAGGTCAGAAGTGCACATTCCTGC	GCAGGAAUGUGCACUUCUGACCUAAGAUGC	0
NM_006219.3:2384-2413	NM_006219.3	NM_006219.3.fasta	2384	2413	+	30	CATCTTAGGTCAGAAGTGCACATTCCTGCT	AGCAGGAAUGUGCACUUCUGACCUAAGAUG	0
NM_006219.3:2385-2414	NM_006219.3	NM_006219.3.fasta	2385	2414	+	30	ATCTTAGGTCAGAAGTGCACATTCCTGCTG	CAGCAGGAAUGUGCACUUCUGACCUAAGAU	0
NM_006219.3:2386-2415	NM_006219.3	NM_006219.3.fasta	2386	2415	+	30	TCTTAGGTCAGAAGTGCACATTCCTGCTGT	ACAGCAGGAAUGUGCACUUCUGACCUAAGA	0
NM_006219.3:2387-2416	NM_006219.3	NM_006219.3.fasta	2387	2416	+	30	CTTAGGTCAGAAGTGCACATTCCTGCTGTC	GACAGCAGGAAUGUGCACUUCUGACCUAAG	0
NM_006219.3:2388-2417	NM_006219.3	NM_006219.3.fasta	2388	2417	+	30	TTAGGTCAGAAGTGCACATTCCTGCTGTCT	AGACAGCAGGAAUGUGCACUUCUGACCUAA	0
NM_006219.3:2389-2418	NM_006219.3	NM_006219.3.fasta	2389	2418	+	30	TAGGTCAGAAGTGCACATTCCTGCTGTCTC	GAGACAGCAGGAAUGUGCACUUCUGACCUA	0
NM_006219.3:2390-2419	NM_006219.3	NM_006219.3.fasta	2390	2419	+	30	AGGTCAGAAGTGCACATTCCTGCTGTCTCA	UGAGACAGCAGGAAUGUGCACUUCUGACCU	0
NM_006219.3:2391-2420	NM_006219.3	NM_006219.3.fasta	2391	2420	+	30	GGTCAGAAGTGCACATTCCTGCTGTCTCAG	CUGAGACAGCAGGAAUGUGCACUUCUGACC	0
NM_006219.3:2392-2421	NM_006219.3	NM_006219.3.fasta	2392	2421	+	30	GTCAGAAGTGCACATTCCTGCTGTCTCAGT	ACUGAGACAGCAGGAAUGUGCACUUCUGAC	0
NM_006219.3:2393-2422	NM_006219.3	NM_006219.3.fasta	2393	2422	+	30	TCAGAAGTGCACATTCCTGCTGTCTCAGTA	UACUGAGACAGCAGGAAUGUGCACUUCUGA	0
NM_006219.3:2394-2423	NM_006219.3	NM_006219.3.fasta	2394	2423	+	30	CAGAAGTGCACATTCCTGCTGTCTCAGTAC	GUACUGAGACAGCAGGAAUGUGCACUUCUG	0
NM_006219.3:2395-2424	NM_006219.3	NM_006219.3.fasta	2395	2424	+	30	AGAAGTGCACATTCCTGCTGTCTCAGTACA	UGUACUGAGACAGCAGGAAUGUGCACUUCU	0
NM_006219.3:2396-2425	NM_006219.3	NM_006219.3.fasta	2396	2425	+	30	GAAGTGCACATTCCTGCTGTCTCAGTACAA	UUGUACUGAGACAGCAGGAAUGUGCACUUC	0
NM_006219.3:2397-2426	NM_006219.3	NM_006219.3.fasta	2397	2426	+	30	AAGTGCACATTCCTGCTGTCTCAGTACAAT	AUUGUACUGAGACAGCAGGAAUGUGCACUU	0
NM_006219.3:2398-2427	NM_006219.3	NM_006219.3.fasta	2398	2427	+	30	AGTGCACATTCCTGCTGTCTCAGTACAATT	AAUUGUACUGAGACAGCAGGAAUGUGCACU	0
NM_006219.3:2399-2428	NM_006219.3	NM_006219.3.fasta	2399	2428	+	30	GTGCACATTCCTGCTGTCTCAGTACAATTT	AAAUUGUACUGAGACAGCAGGAAUGUGCAC	0
NM_006219.3:2400-2429	NM_006219.3	NM_006219.3.fasta	2400	2429	+	30	TGCACATTCCTGCTGTCTCAGTACAATTTG	CAAAUUGUACUGAGACAGCAGGAAUGUGCA	0
NM_006219.3:2401-2430	NM_006219.3	NM_006219.3.fasta	2401	2430	+	30	GCACATTCCTGCTGTCTCAGTACAATTTGG	CCAAAUUGUACUGAGACAGCAGGAAUGUGC	0
NM_006219.3:2402-2431	NM_006219.3	NM_006219.3.fasta	2402	2431	+	30	CACATTCCTGCTGTCTCAGTACAATTTGGT	ACCAAAUUGUACUGAGACAGCAGGAAUGUG	0
NM_006219.3:2403-2432	NM_006219.3	NM_006219.3.fasta	2403	2432	+	30	ACATTCCTGCTGTCTCAGTACAATTTGGTG	CACCAAAUUGUACUGAGACAGCAGGAAUGU	0
NM_006219.3:2404-2433	NM_006219.3	NM_006219.3.fasta	2404	2433	+	30	CATTCCTGCTGTCTCAGTACAATTTGGTGT	ACACCAAAUUGUACUGAGACAGCAGGAAUG	0
NM_006219.3:2405-2434	NM_006219.3	NM_006219.3.fasta	2405	2434	+	30	ATTCCTGCTGTCTCAGTACAATTTGGTGTC	GACACCAAAUUGUACUGAGACAGCAGGAAU	0
NM_006219.3:2406-2435	NM_006219.3	NM_006219.3.fasta	2406	2435	+	30	TTCCTGCTGTCTCAGTACAATTTGGTGTCA	UGACACCAAAUUGUACUGAGACAGCAGGAA	0
NM_006219.3:2407-2436	NM_006219.3	NM_006219.3.fasta	2407	2436	+	30	TCCTGCTGTCTCAGTACAATTTGGTGTCAT	AUGACACCAAAUUGUACUGAGACAGCAGGA	0
NM_006219.3:2408-2437	NM_006219.3	NM_006219.3.fasta	2408	2437	+	30	CCTGCTGTCTCAGTACAATTTGGTGTCATC	GAUGACACCAAAUUGUACUGAGACAGCAGG	0
NM_006219.3:2409-2438	NM_006219.3	NM_006219.3.fasta	2409	2438	+	30	CTGCTGTCTCAGTACAATTTGGTGTCATCC	GGAUGACACCAAAUUGUACUGAGACAGCAG	0
NM_006219.3:2410-2439	NM_006219.3	NM_006219.3.fasta	2410	2439	+	30	TGCTGTCTCAGTACAATTTGGTGTCATCCT	AGGAUGACACCAAAUUGUACUGAGACAGCA	0
NM_006219.3:2411-2440	NM_006219.3	NM_006219.3.fasta	2411	2440	+	30	GCTGTCTCAGTACAATTTGGTGTCATCCTT	AAGGAUGACACCAAAUUGUACUGAGACAGC	0
NM_006219.3:2412-2441	NM_006219.3	NM_006219.3.fasta	2412	2441	+	30	CTGTCTCAGTACAATTTGGTGTCATCCTTG	CAAGGAUGACACCAAAUUGUACUGAGACAG	0
NM_006219.3:2413-2442	NM_006219.3	NM_006219.3.fasta	2413	2442	+	30	TGTCTCAGTACAATTTGGTGTCATCCTTGA	UCAAGGAUGACACCAAAUUGUACUGAGACA	0
NM_006219.3:2414-2443	NM_006219.3	NM_006219.3.fasta	2414	2443	+	30	GTCTCAGTACAATTTGGTGTCATCCTTGAA	UUCAAGGAUGACACCAAAUUGUACUGAGAC	0
NM_006219.3:2415-2444	NM_006219.3	NM_006219.3.fasta	2415	2444	+	30	TCTCAGTACAATTTGGTGTCATCCTTGAAG	CUUCAAGGAUGACACCAAAUUGUACUGAGA	0
NM_006219.3:2416-2445	NM_006219.3	NM_006219.3.fasta	2416	2445	+	30	CTCAGTACAATTTGGTGTCATCCTTGAAGC	GCUUCAAGGAUGACACCAAAUUGUACUGAG	0
NM_006219.3:2417-2446	NM_006219.3	NM_006219.3.fasta	2417	2446	+	30	TCAGTACAATTTGGTGTCATCCTTGAAGCA	UGCUUCAAGGAUGACACCAAAUUGUACUGA	0
NM_006219.3:2418-2447	NM_006219.3	NM_006219.3.fasta	2418	2447	+	30	CAGTACAATTTGGTGTCATCCTTGAAGCAT	AUGCUUCAAGGAUGACACCAAAUUGUACUG	0
NM_006219.3:2419-2448	NM_006219.3	NM_006219.3.fasta	2419	2448	+	30	AGTACAATTTGGTGTCATCCTTGAAGCATA	UAUGCUUCAAGGAUGACACCAAAUUGUACU	0
NM_006219.3:2420-2449	NM_006219.3	NM_006219.3.fasta	2420	2449	+	30	GTACAATTTGGTGTCATCCTTGAAGCATAC	GUAUGCUUCAAGGAUGACACCAAAUUGUAC	0
NM_006219.3:2421-2450	NM_006219.3	NM_006219.3.fasta	2421	2450	+	30	TACAATTTGGTGTCATCCTTGAAGCATACT	AGUAUGCUUCAAGGAUGACACCAAAUUGUA	0
NM_006219.3:2422-2451	NM_006219.3	NM_006219.3.fasta	2422	2451	+	30	ACAATTTGGTGTCATCCTTGAAGCATACTG	CAGUAUGCUUCAAGGAUGACACCAAAUUGU	0
NM_006219.3:2423-2452	NM_006219.3	NM_006219.3.fasta	2423	2452	+	30	CAATTTGGTGTCATCCTTGAAGCATACTGC	GCAGUAUGCUUCAAGGAUGACACCAAAUUG	0
NM_006219.3:2424-2453	NM_006219.3	NM_006219.3.fasta	2424	2453	+	30	AATTTGGTGTCATCCTTGAAGCATACTGCC	GGCAGUAUGCUUCAAGGAUGACACCAAAUU	0
NM_006219.3:2425-2454	NM_006219.3	NM_006219.3.fasta	2425	2454	+	30	ATTTGGTGTCATCCTTGAAGCATACTGCCG	CGGCAGUAUGCUUCAAGGAUGACACCAAAU	0
NM_006219.3:2426-2455	NM_006219.3	NM_006219.3.fasta	2426	2455	+	30	TTTGGTGTCATCCTTGAAGCATACTGCCGG	CCGGCAGUAUGCUUCAAGGAUGACACCAAA	0
NM_006219.3:2427-2456	NM_006219.3	NM_006219.3.fasta	2427	2456	+	30	TTGGTGTCATCCTTGAAGCATACTGCCGGG	CCCGGCAGUAUGCUUCAAGGAUGACACCAA	0
NM_006219.3:2428-2457	NM_006219.3	NM_006219.3.fasta	2428	2457	+	30	TGGTGTCATCCTTGAAGCATACTGCCGGGG	CCCCGGCAGUAUGCUUCAAGGAUGACACCA	0
NM_006219.3:2429-2458	NM_006219.3	NM_006219.3.fasta	2429	2458	+	30	GGTGTCATCCTTGAAGCATACTGCCGGGGA	UCCCCGGCAGUAUGCUUCAAGGAUGACACC	0
NM_006219.3:2430-2459	NM_006219.3	NM_006219.3.fasta	2430	2459	+	30	GTGTCATCCTTGAAGCATACTGCCGGGGAA	UUCCCCGGCAGUAUGCUUCAAGGAUGACAC	0
NM_006219.3:2431-2460	NM_006219.3	NM_006219.3.fasta	2431	2460	+	30	TGTCATCCTTGAAGCATACTGCCGGGGAAG	CUUCCCCGGCAGUAUGCUUCAAGGAUGACA	0
NM_006219.3:2432-2461	NM_006219.3	NM_006219.3.fasta	2432	2461	+	30	GTCATCCTTGAAGCATACTGCCGGGGAAGT	ACUUCCCCGGCAGUAUGCUUCAAGGAUGAC	0
NM_006219.3:2433-2462	NM_006219.3	NM_006219.3.fasta	2433	2462	+	30	TCATCCTTGAAGCATACTGCCGGGGAAGTG	CACUUCCCCGGCAGUAUGCUUCAAGGAUGA	0
NM_006219.3:2434-2463	NM_006219.3	NM_006219.3.fasta	2434	2463	+	30	CATCCTTGAAGCATACTGCCGGGGAAGTGT	ACACUUCCCCGGCAGUAUGCUUCAAGGAUG	0
NM_006219.3:2435-2464	NM_006219.3	NM_006219.3.fasta	2435	2464	+	30	ATCCTTGAAGCATACTGCCGGGGAAGTGTG	CACACUUCCCCGGCAGUAUGCUUCAAGGAU	0
NM_006219.3:2436-2465	NM_006219.3	NM_006219.3.fasta	2436	2465	+	30	TCCTTGAAGCATACTGCCGGGGAAGTGTGG	CCACACUUCCCCGGCAGUAUGCUUCAAGGA	0
NM_006219.3:2437-2466	NM_006219.3	NM_006219.3.fasta	2437	2466	+	30	CCTTGAAGCATACTGCCGGGGAAGTGTGGG	CCCACACUUCCCCGGCAGUAUGCUUCAAGG	0
NM_006219.3:2438-2467	NM_006219.3	NM_006219.3.fasta	2438	2467	+	30	CTTGAAGCATACTGCCGGGGAAGTGTGGGG	CCCCACACUUCCCCGGCAGUAUGCUUCAAG	0
NM_006219.3:2439-2468	NM_006219.3	NM_006219.3.fasta	2439	2468	+	30	TTGAAGCATACTGCCGGGGAAGTGTGGGGC	GCCCCACACUUCCCCGGCAGUAUGCUUCAA	0
NM_006219.3:2440-2469	NM_006219.3	NM_006219.3.fasta	2440	2469	+	30	TGAAGCATACTGCCGGGGAAGTGTGGGGCA	UGCCCCACACUUCCCCGGCAGUAUGCUUCA	0
NM_006219.3:2441-2470	NM_006219.3	NM_006219.3.fasta	2441	2470	+	30	GAAGCATACTGCCGGGGAAGTGTGGGGCAC	GUGCCCCACACUUCCCCGGCAGUAUGCUUC	0
NM_006219.3:2442-2471	NM_006219.3	NM_006219.3.fasta	2442	2471	+	30	AAGCATACTGCCGGGGAAGTGTGGGGCACA	UGUGCCCCACACUUCCCCGGCAGUAUGCUU	0
NM_006219.3:2443-2472	NM_006219.3	NM_006219.3.fasta	2443	2472	+	30	AGCATACTGCCGGGGAAGTGTGGGGCACAT	AUGUGCCCCACACUUCCCCGGCAGUAUGCU	0
NM_006219.3:2444-2473	NM_006219.3	NM_006219.3.fasta	2444	2473	+	30	GCATACTGCCGGGGAAGTGTGGGGCACATG	CAUGUGCCCCACACUUCCCCGGCAGUAUGC	0
NM_006219.3:2445-2474	NM_006219.3	NM_006219.3.fasta	2445	2474	+	30	CATACTGCCGGGGAAGTGTGGGGCACATGA	UCAUGUGCCCCACACUUCCCCGGCAGUAUG	0
NM_006219.3:2446-2475	NM_006219.3	NM_006219.3.fasta	2446	2475	+	30	ATACTGCCGGGGAAGTGTGGGGCACATGAA	UUCAUGUGCCCCACACUUCCCCGGCAGUAU	0
NM_006219.3:2447-2476	NM_006219.3	NM_006219.3.fasta	2447	2476	+	30	TACTGCCGGGGAAGTGTGGGGCACATGAAA	UUUCAUGUGCCCCACACUUCCCCGGCAGUA	0
NM_006219.3:2448-2477	NM_006219.3	NM_006219.3.fasta	2448	2477	+	30	ACTGCCGGGGAAGTGTGGGGCACATGAAAG	CUUUCAUGUGCCCCACACUUCCCCGGCAGU	0
NM_006219.3:2449-2478	NM_006219.3	NM_006219.3.fasta	2449	2478	+	30	CTGCCGGGGAAGTGTGGGGCACATGAAAGT	ACUUUCAUGUGCCCCACACUUCCCCGGCAG	0
NM_006219.3:2450-2479	NM_006219.3	NM_006219.3.fasta	2450	2479	+	30	TGCCGGGGAAGTGTGGGGCACATGAAAGTG	CACUUUCAUGUGCCCCACACUUCCCCGGCA	0
NM_006219.3:2451-2480	NM_006219.3	NM_006219.3.fasta	2451	2480	+	30	GCCGGGGAAGTGTGGGGCACATGAAAGTGC	GCACUUUCAUGUGCCCCACACUUCCCCGGC	0
NM_006219.3:2452-2481	NM_006219.3	NM_006219.3.fasta	2452	2481	+	30	CCGGGGAAGTGTGGGGCACATGAAAGTGCT	AGCACUUUCAUGUGCCCCACACUUCCCCGG	0
NM_006219.3:2453-2482	NM_006219.3	NM_006219.3.fasta	2453	2482	+	30	CGGGGAAGTGTGGGGCACATGAAAGTGCTT	AAGCACUUUCAUGUGCCCCACACUUCCCCG	0
NM_006219.3:2454-2483	NM_006219.3	NM_006219.3.fasta	2454	2483	+	30	GGGGAAGTGTGGGGCACATGAAAGTGCTTT	AAAGCACUUUCAUGUGCCCCACACUUCCCC	0
NM_006219.3:2455-2484	NM_006219.3	NM_006219.3.fasta	2455	2484	+	30	GGGAAGTGTGGGGCACATGAAAGTGCTTTC	GAAAGCACUUUCAUGUGCCCCACACUUCCC	0
NM_006219.3:2456-2485	NM_006219.3	NM_006219.3.fasta	2456	2485	+	30	GGAAGTGTGGGGCACATGAAAGTGCTTTCT	AGAAAGCACUUUCAUGUGCCCCACACUUCC	0
NM_006219.3:2457-2486	NM_006219.3	NM_006219.3.fasta	2457	2486	+	30	GAAGTGTGGGGCACATGAAAGTGCTTTCTA	UAGAAAGCACUUUCAUGUGCCCCACACUUC	0
NM_006219.3:2458-2487	NM_006219.3	NM_006219.3.fasta	2458	2487	+	30	AAGTGTGGGGCACATGAAAGTGCTTTCTAA	UUAGAAAGCACUUUCAUGUGCCCCACACUU	0
NM_006219.3:2459-2488	NM_006219.3	NM_006219.3.fasta	2459	2488	+	30	AGTGTGGGGCACATGAAAGTGCTTTCTAAG	CUUAGAAAGCACUUUCAUGUGCCCCACACU	0
NM_006219.3:2460-2489	NM_006219.3	NM_006219.3.fasta	2460	2489	+	30	GTGTGGGGCACATGAAAGTGCTTTCTAAGC	GCUUAGAAAGCACUUUCAUGUGCCCCACAC	0
NM_006219.3:2461-2490	NM_006219.3	NM_006219.3.fasta	2461	2490	+	30	TGTGGGGCACATGAAAGTGCTTTCTAAGCA	UGCUUAGAAAGCACUUUCAUGUGCCCCACA	0
NM_006219.3:2462-2491	NM_006219.3	NM_006219.3.fasta	2462	2491	+	30	GTGGGGCACATGAAAGTGCTTTCTAAGCAG	CUGCUUAGAAAGCACUUUCAUGUGCCCCAC	0
NM_006219.3:2463-2492	NM_006219.3	NM_006219.3.fasta	2463	2492	+	30	TGGGGCACATGAAAGTGCTTTCTAAGCAGG	CCUGCUUAGAAAGCACUUUCAUGUGCCCCA	0
NM_006219.3:2464-2493	NM_006219.3	NM_006219.3.fasta	2464	2493	+	30	GGGGCACATGAAAGTGCTTTCTAAGCAGGT	ACCUGCUUAGAAAGCACUUUCAUGUGCCCC	0
NM_006219.3:2465-2494	NM_006219.3	NM_006219.3.fasta	2465	2494	+	30	GGGCACATGAAAGTGCTTTCTAAGCAGGTT	AACCUGCUUAGAAAGCACUUUCAUGUGCCC	0
NM_006219.3:2466-2495	NM_006219.3	NM_006219.3.fasta	2466	2495	+	30	GGCACATGAAAGTGCTTTCTAAGCAGGTTG	CAACCUGCUUAGAAAGCACUUUCAUGUGCC	0
NM_006219.3:2467-2496	NM_006219.3	NM_006219.3.fasta	2467	2496	+	30	GCACATGAAAGTGCTTTCTAAGCAGGTTGA	UCAACCUGCUUAGAAAGCACUUUCAUGUGC	0
NM_006219.3:2468-2497	NM_006219.3	NM_006219.3.fasta	2468	2497	+	30	CACATGAAAGTGCTTTCTAAGCAGGTTGAA	UUCAACCUGCUUAGAAAGCACUUUCAUGUG	0
NM_006219.3:2469-2498	NM_006219.3	NM_006219.3.fasta	2469	2498	+	30	ACATGAAAGTGCTTTCTAAGCAGGTTGAAG	CUUCAACCUGCUUAGAAAGCACUUUCAUGU	0
NM_006219.3:2470-2499	NM_006219.3	NM_006219.3.fasta	2470	2499	+	30	CATGAAAGTGCTTTCTAAGCAGGTTGAAGC	GCUUCAACCUGCUUAGAAAGCACUUUCAUG	0
NM_006219.3:2471-2500	NM_006219.3	NM_006219.3.fasta	2471	2500	+	30	ATGAAAGTGCTTTCTAAGCAGGTTGAAGCA	UGCUUCAACCUGCUUAGAAAGCACUUUCAU	0
NM_006219.3:2472-2501	NM_006219.3	NM_006219.3.fasta	2472	2501	+	30	TGAAAGTGCTTTCTAAGCAGGTTGAAGCAC	GUGCUUCAACCUGCUUAGAAAGCACUUUCA	0
NM_006219.3:2473-2502	NM_006219.3	NM_006219.3.fasta	2473	2502	+	30	GAAAGTGCTTTCTAAGCAGGTTGAAGCACT	AGUGCUUCAACCUGCUUAGAAAGCACUUUC	0
NM_006219.3:2474-2503	NM_006219.3	NM_006219.3.fasta	2474	2503	+	30	AAAGTGCTTTCTAAGCAGGTTGAAGCACTC	GAGUGCUUCAACCUGCUUAGAAAGCACUUU	0
NM_006219.3:2475-2504	NM_006219.3	NM_006219.3.fasta	2475	2504	+	30	AAGTGCTTTCTAAGCAGGTTGAAGCACTCA	UGAGUGCUUCAACCUGCUUAGAAAGCACUU	0
NM_006219.3:2476-2505	NM_006219.3	NM_006219.3.fasta	2476	2505	+	30	AGTGCTTTCTAAGCAGGTTGAAGCACTCAA	UUGAGUGCUUCAACCUGCUUAGAAAGCACU	0
NM_006219.3:2477-2506	NM_006219.3	NM_006219.3.fasta	2477	2506	+	30	GTGCTTTCTAAGCAGGTTGAAGCACTCAAT	AUUGAGUGCUUCAACCUGCUUAGAAAGCAC	0
NM_006219.3:2478-2507	NM_006219.3	NM_006219.3.fasta	2478	2507	+	30	TGCTTTCTAAGCAGGTTGAAGCACTCAATA	UAUUGAGUGCUUCAACCUGCUUAGAAAGCA	0
NM_006219.3:2479-2508	NM_006219.3	NM_006219.3.fasta	2479	2508	+	30	GCTTTCTAAGCAGGTTGAAGCACTCAATAA	UUAUUGAGUGCUUCAACCUGCUUAGAAAGC	0
NM_006219.3:2480-2509	NM_006219.3	NM_006219.3.fasta	2480	2509	+	30	CTTTCTAAGCAGGTTGAAGCACTCAATAAG	CUUAUUGAGUGCUUCAACCUGCUUAGAAAG	0
NM_006219.3:2481-2510	NM_006219.3	NM_006219.3.fasta	2481	2510	+	30	TTTCTAAGCAGGTTGAAGCACTCAATAAGT	ACUUAUUGAGUGCUUCAACCUGCUUAGAAA	0
NM_006219.3:2482-2511	NM_006219.3	NM_006219.3.fasta	2482	2511	+	30	TTCTAAGCAGGTTGAAGCACTCAATAAGTT	AACUUAUUGAGUGCUUCAACCUGCUUAGAA	0
NM_006219.3:2483-2512	NM_006219.3	NM_006219.3.fasta	2483	2512	+	30	TCTAAGCAGGTTGAAGCACTCAATAAGTTA	UAACUUAUUGAGUGCUUCAACCUGCUUAGA	0
NM_006219.3:2484-2513	NM_006219.3	NM_006219.3.fasta	2484	2513	+	30	CTAAGCAGGTTGAAGCACTCAATAAGTTAA	UUAACUUAUUGAGUGCUUCAACCUGCUUAG	0
NM_006219.3:2485-2514	NM_006219.3	NM_006219.3.fasta	2485	2514	+	30	TAAGCAGGTTGAAGCACTCAATAAGTTAAA	UUUAACUUAUUGAGUGCUUCAACCUGCUUA	0
NM_006219.3:2486-2515	NM_006219.3	NM_006219.3.fasta	2486	2515	+	30	AAGCAGGTTGAAGCACTCAATAAGTTAAAA	UUUUAACUUAUUGAGUGCUUCAACCUGCUU	0
NM_006219.3:2487-2516	NM_006219.3	NM_006219.3.fasta	2487	2516	+	30	AGCAGGTTGAAGCACTCAATAAGTTAAAAA	UUUUUAACUUAUUGAGUGCUUCAACCUGCU	0
NM_006219.3:2488-2517	NM_006219.3	NM_006219.3.fasta	2488	2517	+	30	GCAGGTTGAAGCACTCAATAAGTTAAAAAC	GUUUUUAACUUAUUGAGUGCUUCAACCUGC	0
NM_006219.3:2489-2518	NM_006219.3	NM_006219.3.fasta	2489	2518	+	30	CAGGTTGAAGCACTCAATAAGTTAAAAACT	AGUUUUUAACUUAUUGAGUGCUUCAACCUG	0
NM_006219.3:2490-2519	NM_006219.3	NM_006219.3.fasta	2490	2519	+	30	AGGTTGAAGCACTCAATAAGTTAAAAACTT	AAGUUUUUAACUUAUUGAGUGCUUCAACCU	0
NM_006219.3:2491-2520	NM_006219.3	NM_006219.3.fasta	2491	2520	+	30	GGTTGAAGCACTCAATAAGTTAAAAACTTT	AAAGUUUUUAACUUAUUGAGUGCUUCAACC	0
NM_006219.3:2492-2521	NM_006219.3	NM_006219.3.fasta	2492	2521	+	30	GTTGAAGCACTCAATAAGTTAAAAACTTTA	UAAAGUUUUUAACUUAUUGAGUGCUUCAAC	0
NM_006219.3:2493-2522	NM_006219.3	NM_006219.3.fasta	2493	2522	+	30	TTGAAGCACTCAATAAGTTAAAAACTTTAA	UUAAAGUUUUUAACUUAUUGAGUGCUUCAA	0
NM_006219.3:2494-2523	NM_006219.3	NM_006219.3.fasta	2494	2523	+	30	TGAAGCACTCAATAAGTTAAAAACTTTAAA	UUUAAAGUUUUUAACUUAUUGAGUGCUUCA	0
NM_006219.3:2495-2524	NM_006219.3	NM_006219.3.fasta	2495	2524	+	30	GAAGCACTCAATAAGTTAAAAACTTTAAAT	AUUUAAAGUUUUUAACUUAUUGAGUGCUUC	0
NM_006219.3:2496-2525	NM_006219.3	NM_006219.3.fasta	2496	2525	+	30	AAGCACTCAATAAGTTAAAAACTTTAAATA	UAUUUAAAGUUUUUAACUUAUUGAGUGCUU	0
NM_006219.3:2497-2526	NM_006219.3	NM_006219.3.fasta	2497	2526	+	30	AGCACTCAATAAGTTAAAAACTTTAAATAG	CUAUUUAAAGUUUUUAACUUAUUGAGUGCU	0
NM_006219.3:2498-2527	NM_006219.3	NM_006219.3.fasta	2498	2527	+	30	GCACTCAATAAGTTAAAAACTTTAAATAGT	ACUAUUUAAAGUUUUUAACUUAUUGAGUGC	0
NM_006219.3:2499-2528	NM_006219.3	NM_006219.3.fasta	2499	2528	+	30	CACTCAATAAGTTAAAAACTTTAAATAGTT	AACUAUUUAAAGUUUUUAACUUAUUGAGUG	0
NM_006219.3:2500-2529	NM_006219.3	NM_006219.3.fasta	2500	2529	+	30	ACTCAATAAGTTAAAAACTTTAAATAGTTT	AAACUAUUUAAAGUUUUUAACUUAUUGAGU	0
NM_006219.3:2501-2530	NM_006219.3	NM_006219.3.fasta	2501	2530	+	30	CTCAATAAGTTAAAAACTTTAAATAGTTTA	UAAACUAUUUAAAGUUUUUAACUUAUUGAG	0
NM_006219.3:2502-2531	NM_006219.3	NM_006219.3.fasta	2502	2531	+	30	TCAATAAGTTAAAAACTTTAAATAGTTTAA	UUAAACUAUUUAAAGUUUUUAACUUAUUGA	0
NM_006219.3:2503-2532	NM_006219.3	NM_006219.3.fasta	2503	2532	+	30	CAATAAGTTAAAAACTTTAAATAGTTTAAT	AUUAAACUAUUUAAAGUUUUUAACUUAUUG	0
NM_006219.3:2504-2533	NM_006219.3	NM_006219.3.fasta	2504	2533	+	30	AATAAGTTAAAAACTTTAAATAGTTTAATC	GAUUAAACUAUUUAAAGUUUUUAACUUAUU	0
NM_006219.3:2505-2534	NM_006219.3	NM_006219.3.fasta	2505	2534	+	30	ATAAGTTAAAAACTTTAAATAGTTTAATCA	UGAUUAAACUAUUUAAAGUUUUUAACUUAU	0
NM_006219.3:2506-2535	NM_006219.3	NM_006219.3.fasta	2506	2535	+	30	TAAGTTAAAAACTTTAAATAGTTTAATCAA	UUGAUUAAACUAUUUAAAGUUUUUAACUUA	0
NM_006219.3:2507-2536	NM_006219.3	NM_006219.3.fasta	2507	2536	+	30	AAGTTAAAAACTTTAAATAGTTTAATCAAA	UUUGAUUAAACUAUUUAAAGUUUUUAACUU	0
NM_006219.3:2508-2537	NM_006219.3	NM_006219.3.fasta	2508	2537	+	30	AGTTAAAAACTTTAAATAGTTTAATCAAAC	GUUUGAUUAAACUAUUUAAAGUUUUUAACU	0
NM_006219.3:2509-2538	NM_006219.3	NM_006219.3.fasta	2509	2538	+	30	GTTAAAAACTTTAAATAGTTTAATCAAACT	AGUUUGAUUAAACUAUUUAAAGUUUUUAAC	0
NM_006219.3:2510-2539	NM_006219.3	NM_006219.3.fasta	2510	2539	+	30	TTAAAAACTTTAAATAGTTTAATCAAACTG	CAGUUUGAUUAAACUAUUUAAAGUUUUUAA	0
NM_006219.3:2511-2540	NM_006219.3	NM_006219.3.fasta	2511	2540	+	30	TAAAAACTTTAAATAGTTTAATCAAACTGA	UCAGUUUGAUUAAACUAUUUAAAGUUUUUA	0
NM_006219.3:2512-2541	NM_006219.3	NM_006219.3.fasta	2512	2541	+	30	AAAAACTTTAAATAGTTTAATCAAACTGAA	UUCAGUUUGAUUAAACUAUUUAAAGUUUUU	0
NM_006219.3:2513-2542	NM_006219.3	NM_006219.3.fasta	2513	2542	+	30	AAAACTTTAAATAGTTTAATCAAACTGAAT	AUUCAGUUUGAUUAAACUAUUUAAAGUUUU	0
NM_006219.3:2514-2543	NM_006219.3	NM_006219.3.fasta	2514	2543	+	30	AAACTTTAAATAGTTTAATCAAACTGAATG	CAUUCAGUUUGAUUAAACUAUUUAAAGUUU	0
NM_006219.3:2515-2544	NM_006219.3	NM_006219.3.fasta	2515	2544	+	30	AACTTTAAATAGTTTAATCAAACTGAATGC	GCAUUCAGUUUGAUUAAACUAUUUAAAGUU	0
NM_006219.3:2516-2545	NM_006219.3	NM_006219.3.fasta	2516	2545	+	30	ACTTTAAATAGTTTAATCAAACTGAATGCC	GGCAUUCAGUUUGAUUAAACUAUUUAAAGU	0
NM_006219.3:2517-2546	NM_006219.3	NM_006219.3.fasta	2517	2546	+	30	CTTTAAATAGTTTAATCAAACTGAATGCCG	CGGCAUUCAGUUUGAUUAAACUAUUUAAAG	0
NM_006219.3:2518-2547	NM_006219.3	NM_006219.3.fasta	2518	2547	+	30	TTTAAATAGTTTAATCAAACTGAATGCCGT	ACGGCAUUCAGUUUGAUUAAACUAUUUAAA	0
NM_006219.3:2519-2548	NM_006219.3	NM_006219.3.fasta	2519	2548	+	30	TTAAATAGTTTAATCAAACTGAATGCCGTG	CACGGCAUUCAGUUUGAUUAAACUAUUUAA	0
NM_006219.3:2520-2549	NM_006219.3	NM_006219.3.fasta	2520	2549	+	30	TAAATAGTTTAATCAAACTGAATGCCGTGA	UCACGGCAUUCAGUUUGAUUAAACUAUUUA	0
NM_006219.3:2521-2550	NM_006219.3	NM_006219.3.fasta	2521	2550	+	30	AAATAGTTTAATCAAACTGAATGCCGTGAA	UUCACGGCAUUCAGUUUGAUUAAACUAUUU	0
NM_006219.3:2522-2551	NM_006219.3	NM_006219.3.fasta	2522	2551	+	30	AATAGTTTAATCAAACTGAATGCCGTGAAG	CUUCACGGCAUUCAGUUUGAUUAAACUAUU	0
NM_006219.3:2523-2552	NM_006219.3	NM_006219.3.fasta	2523	2552	+	30	ATAGTTTAATCAAACTGAATGCCGTGAAGT	ACUUCACGGCAUUCAGUUUGAUUAAACUAU	0
NM_006219.3:2524-2553	NM_006219.3	NM_006219.3.fasta	2524	2553	+	30	TAGTTTAATCAAACTGAATGCCGTGAAGTT	AACUUCACGGCAUUCAGUUUGAUUAAACUA	0
NM_006219.3:2525-2554	NM_006219.3	NM_006219.3.fasta	2525	2554	+	30	AGTTTAATCAAACTGAATGCCGTGAAGTTA	UAACUUCACGGCAUUCAGUUUGAUUAAACU	0
NM_006219.3:2526-2555	NM_006219.3	NM_006219.3.fasta	2526	2555	+	30	GTTTAATCAAACTGAATGCCGTGAAGTTAA	UUAACUUCACGGCAUUCAGUUUGAUUAAAC	0
NM_006219.3:2527-2556	NM_006219.3	NM_006219.3.fasta	2527	2556	+	30	TTTAATCAAACTGAATGCCGTGAAGTTAAA	UUUAACUUCACGGCAUUCAGUUUGAUUAAA	0
NM_006219.3:2528-2557	NM_006219.3	NM_006219.3.fasta	2528	2557	+	30	TTAATCAAACTGAATGCCGTGAAGTTAAAC	GUUUAACUUCACGGCAUUCAGUUUGAUUAA	0
NM_006219.3:2529-2558	NM_006219.3	NM_006219.3.fasta	2529	2558	+	30	TAATCAAACTGAATGCCGTGAAGTTAAACA	UGUUUAACUUCACGGCAUUCAGUUUGAUUA	0
NM_006219.3:2530-2559	NM_006219.3	NM_006219.3.fasta	2530	2559	+	30	AATCAAACTGAATGCCGTGAAGTTAAACAG	CUGUUUAACUUCACGGCAUUCAGUUUGAUU	0
NM_006219.3:2531-2560	NM_006219.3	NM_006219.3.fasta	2531	2560	+	30	ATCAAACTGAATGCCGTGAAGTTAAACAGA	UCUGUUUAACUUCACGGCAUUCAGUUUGAU	0
NM_006219.3:2532-2561	NM_006219.3	NM_006219.3.fasta	2532	2561	+	30	TCAAACTGAATGCCGTGAAGTTAAACAGAG	CUCUGUUUAACUUCACGGCAUUCAGUUUGA	0
NM_006219.3:2533-2562	NM_006219.3	NM_006219.3.fasta	2533	2562	+	30	CAAACTGAATGCCGTGAAGTTAAACAGAGC	GCUCUGUUUAACUUCACGGCAUUCAGUUUG	0
NM_006219.3:2534-2563	NM_006219.3	NM_006219.3.fasta	2534	2563	+	30	AAACTGAATGCCGTGAAGTTAAACAGAGCC	GGCUCUGUUUAACUUCACGGCAUUCAGUUU	0
NM_006219.3:2535-2564	NM_006219.3	NM_006219.3.fasta	2535	2564	+	30	AACTGAATGCCGTGAAGTTAAACAGAGCCA	UGGCUCUGUUUAACUUCACGGCAUUCAGUU	0
NM_006219.3:2536-2565	NM_006219.3	NM_006219.3.fasta	2536	2565	+	30	ACTGAATGCCGTGAAGTTAAACAGAGCCAA	UUGGCUCUGUUUAACUUCACGGCAUUCAGU	0
NM_006219.3:2537-2566	NM_006219.3	NM_006219.3.fasta	2537	2566	+	30	CTGAATGCCGTGAAGTTAAACAGAGCCAAA	UUUGGCUCUGUUUAACUUCACGGCAUUCAG	0
NM_006219.3:2538-2567	NM_006219.3	NM_006219.3.fasta	2538	2567	+	30	TGAATGCCGTGAAGTTAAACAGAGCCAAAG	CUUUGGCUCUGUUUAACUUCACGGCAUUCA	0
NM_006219.3:2539-2568	NM_006219.3	NM_006219.3.fasta	2539	2568	+	30	GAATGCCGTGAAGTTAAACAGAGCCAAAGG	CCUUUGGCUCUGUUUAACUUCACGGCAUUC	0
NM_006219.3:2540-2569	NM_006219.3	NM_006219.3.fasta	2540	2569	+	30	AATGCCGTGAAGTTAAACAGAGCCAAAGGG	CCCUUUGGCUCUGUUUAACUUCACGGCAUU	0
NM_006219.3:2541-2570	NM_006219.3	NM_006219.3.fasta	2541	2570	+	30	ATGCCGTGAAGTTAAACAGAGCCAAAGGGA	UCCCUUUGGCUCUGUUUAACUUCACGGCAU	0
NM_006219.3:2542-2571	NM_006219.3	NM_006219.3.fasta	2542	2571	+	30	TGCCGTGAAGTTAAACAGAGCCAAAGGGAA	UUCCCUUUGGCUCUGUUUAACUUCACGGCA	0
NM_006219.3:2543-2572	NM_006219.3	NM_006219.3.fasta	2543	2572	+	30	GCCGTGAAGTTAAACAGAGCCAAAGGGAAG	CUUCCCUUUGGCUCUGUUUAACUUCACGGC	0
NM_006219.3:2544-2573	NM_006219.3	NM_006219.3.fasta	2544	2573	+	30	CCGTGAAGTTAAACAGAGCCAAAGGGAAGG	CCUUCCCUUUGGCUCUGUUUAACUUCACGG	0
NM_006219.3:2545-2574	NM_006219.3	NM_006219.3.fasta	2545	2574	+	30	CGTGAAGTTAAACAGAGCCAAAGGGAAGGA	UCCUUCCCUUUGGCUCUGUUUAACUUCACG	0
NM_006219.3:2546-2575	NM_006219.3	NM_006219.3.fasta	2546	2575	+	30	GTGAAGTTAAACAGAGCCAAAGGGAAGGAG	CUCCUUCCCUUUGGCUCUGUUUAACUUCAC	0
NM_006219.3:2547-2576	NM_006219.3	NM_006219.3.fasta	2547	2576	+	30	TGAAGTTAAACAGAGCCAAAGGGAAGGAGG	CCUCCUUCCCUUUGGCUCUGUUUAACUUCA	0
NM_006219.3:2548-2577	NM_006219.3	NM_006219.3.fasta	2548	2577	+	30	GAAGTTAAACAGAGCCAAAGGGAAGGAGGC	GCCUCCUUCCCUUUGGCUCUGUUUAACUUC	0
NM_006219.3:2549-2578	NM_006219.3	NM_006219.3.fasta	2549	2578	+	30	AAGTTAAACAGAGCCAAAGGGAAGGAGGCC	GGCCUCCUUCCCUUUGGCUCUGUUUAACUU	0
NM_006219.3:2550-2579	NM_006219.3	NM_006219.3.fasta	2550	2579	+	30	AGTTAAACAGAGCCAAAGGGAAGGAGGCCA	UGGCCUCCUUCCCUUUGGCUCUGUUUAACU	0
NM_006219.3:2551-2580	NM_006219.3	NM_006219.3.fasta	2551	2580	+	30	GTTAAACAGAGCCAAAGGGAAGGAGGCCAT	AUGGCCUCCUUCCCUUUGGCUCUGUUUAAC	0
NM_006219.3:2552-2581	NM_006219.3	NM_006219.3.fasta	2552	2581	+	30	TTAAACAGAGCCAAAGGGAAGGAGGCCATG	CAUGGCCUCCUUCCCUUUGGCUCUGUUUAA	0
NM_006219.3:2553-2582	NM_006219.3	NM_006219.3.fasta	2553	2582	+	30	TAAACAGAGCCAAAGGGAAGGAGGCCATGC	GCAUGGCCUCCUUCCCUUUGGCUCUGUUUA	0
NM_006219.3:2554-2583	NM_006219.3	NM_006219.3.fasta	2554	2583	+	30	AAACAGAGCCAAAGGGAAGGAGGCCATGCA	UGCAUGGCCUCCUUCCCUUUGGCUCUGUUU	0
NM_006219.3:2555-2584	NM_006219.3	NM_006219.3.fasta	2555	2584	+	30	AACAGAGCCAAAGGGAAGGAGGCCATGCAT	AUGCAUGGCCUCCUUCCCUUUGGCUCUGUU	0
NM_006219.3:2556-2585	NM_006219.3	NM_006219.3.fasta	2556	2585	+	30	ACAGAGCCAAAGGGAAGGAGGCCATGCATA	UAUGCAUGGCCUCCUUCCCUUUGGCUCUGU	0
NM_006219.3:2557-2586	NM_006219.3	NM_006219.3.fasta	2557	2586	+	30	CAGAGCCAAAGGGAAGGAGGCCATGCATAC	GUAUGCAUGGCCUCCUUCCCUUUGGCUCUG	0
NM_006219.3:2558-2587	NM_006219.3	NM_006219.3.fasta	2558	2587	+	30	AGAGCCAAAGGGAAGGAGGCCATGCATACC	GGUAUGCAUGGCCUCCUUCCCUUUGGCUCU	0
NM_006219.3:2559-2588	NM_006219.3	NM_006219.3.fasta	2559	2588	+	30	GAGCCAAAGGGAAGGAGGCCATGCATACCT	AGGUAUGCAUGGCCUCCUUCCCUUUGGCUC	0
NM_006219.3:2560-2589	NM_006219.3	NM_006219.3.fasta	2560	2589	+	30	AGCCAAAGGGAAGGAGGCCATGCATACCTG	CAGGUAUGCAUGGCCUCCUUCCCUUUGGCU	0
NM_006219.3:2561-2590	NM_006219.3	NM_006219.3.fasta	2561	2590	+	30	GCCAAAGGGAAGGAGGCCATGCATACCTGT	ACAGGUAUGCAUGGCCUCCUUCCCUUUGGC	0
NM_006219.3:2562-2591	NM_006219.3	NM_006219.3.fasta	2562	2591	+	30	CCAAAGGGAAGGAGGCCATGCATACCTGTT	AACAGGUAUGCAUGGCCUCCUUCCCUUUGG	0
NM_006219.3:2563-2592	NM_006219.3	NM_006219.3.fasta	2563	2592	+	30	CAAAGGGAAGGAGGCCATGCATACCTGTTT	AAACAGGUAUGCAUGGCCUCCUUCCCUUUG	0
NM_006219.3:2564-2593	NM_006219.3	NM_006219.3.fasta	2564	2593	+	30	AAAGGGAAGGAGGCCATGCATACCTGTTTA	UAAACAGGUAUGCAUGGCCUCCUUCCCUUU	0
NM_006219.3:2565-2594	NM_006219.3	NM_006219.3.fasta	2565	2594	+	30	AAGGGAAGGAGGCCATGCATACCTGTTTAA	UUAAACAGGUAUGCAUGGCCUCCUUCCCUU	0
NM_006219.3:2566-2595	NM_006219.3	NM_006219.3.fasta	2566	2595	+	30	AGGGAAGGAGGCCATGCATACCTGTTTAAA	UUUAAACAGGUAUGCAUGGCCUCCUUCCCU	0
NM_006219.3:2567-2596	NM_006219.3	NM_006219.3.fasta	2567	2596	+	30	GGGAAGGAGGCCATGCATACCTGTTTAAAA	UUUUAAACAGGUAUGCAUGGCCUCCUUCCC	0
NM_006219.3:2568-2597	NM_006219.3	NM_006219.3.fasta	2568	2597	+	30	GGAAGGAGGCCATGCATACCTGTTTAAAAC	GUUUUAAACAGGUAUGCAUGGCCUCCUUCC	0
NM_006219.3:2569-2598	NM_006219.3	NM_006219.3.fasta	2569	2598	+	30	GAAGGAGGCCATGCATACCTGTTTAAAACA	UGUUUUAAACAGGUAUGCAUGGCCUCCUUC	0
NM_006219.3:2570-2599	NM_006219.3	NM_006219.3.fasta	2570	2599	+	30	AAGGAGGCCATGCATACCTGTTTAAAACAG	CUGUUUUAAACAGGUAUGCAUGGCCUCCUU	0
NM_006219.3:2571-2600	NM_006219.3	NM_006219.3.fasta	2571	2600	+	30	AGGAGGCCATGCATACCTGTTTAAAACAGA	UCUGUUUUAAACAGGUAUGCAUGGCCUCCU	0
NM_006219.3:2572-2601	NM_006219.3	NM_006219.3.fasta	2572	2601	+	30	GGAGGCCATGCATACCTGTTTAAAACAGAG	CUCUGUUUUAAACAGGUAUGCAUGGCCUCC	0
NM_006219.3:2573-2602	NM_006219.3	NM_006219.3.fasta	2573	2602	+	30	GAGGCCATGCATACCTGTTTAAAACAGAGT	ACUCUGUUUUAAACAGGUAUGCAUGGCCUC	0
NM_006219.3:2574-2603	NM_006219.3	NM_006219.3.fasta	2574	2603	+	30	AGGCCATGCATACCTGTTTAAAACAGAGTG	CACUCUGUUUUAAACAGGUAUGCAUGGCCU	0
NM_006219.3:2575-2604	NM_006219.3	NM_006219.3.fasta	2575	2604	+	30	GGCCATGCATACCTGTTTAAAACAGAGTGC	GCACUCUGUUUUAAACAGGUAUGCAUGGCC	0
NM_006219.3:2576-2605	NM_006219.3	NM_006219.3.fasta	2576	2605	+	30	GCCATGCATACCTGTTTAAAACAGAGTGCT	AGCACUCUGUUUUAAACAGGUAUGCAUGGC	0
NM_006219.3:2577-2606	NM_006219.3	NM_006219.3.fasta	2577	2606	+	30	CCATGCATACCTGTTTAAAACAGAGTGCTT	AAGCACUCUGUUUUAAACAGGUAUGCAUGG	0
NM_006219.3:2578-2607	NM_006219.3	NM_006219.3.fasta	2578	2607	+	30	CATGCATACCTGTTTAAAACAGAGTGCTTA	UAAGCACUCUGUUUUAAACAGGUAUGCAUG	0
NM_006219.3:2579-2608	NM_006219.3	NM_006219.3.fasta	2579	2608	+	30	ATGCATACCTGTTTAAAACAGAGTGCTTAC	GUAAGCACUCUGUUUUAAACAGGUAUGCAU	0
NM_006219.3:2580-2609	NM_006219.3	NM_006219.3.fasta	2580	2609	+	30	TGCATACCTGTTTAAAACAGAGTGCTTACC	GGUAAGCACUCUGUUUUAAACAGGUAUGCA	0
NM_006219.3:2581-2610	NM_006219.3	NM_006219.3.fasta	2581	2610	+	30	GCATACCTGTTTAAAACAGAGTGCTTACCG	CGGUAAGCACUCUGUUUUAAACAGGUAUGC	0
NM_006219.3:2582-2611	NM_006219.3	NM_006219.3.fasta	2582	2611	+	30	CATACCTGTTTAAAACAGAGTGCTTACCGG	CCGGUAAGCACUCUGUUUUAAACAGGUAUG	0
NM_006219.3:2583-2612	NM_006219.3	NM_006219.3.fasta	2583	2612	+	30	ATACCTGTTTAAAACAGAGTGCTTACCGGG	CCCGGUAAGCACUCUGUUUUAAACAGGUAU	0
NM_006219.3:2584-2613	NM_006219.3	NM_006219.3.fasta	2584	2613	+	30	TACCTGTTTAAAACAGAGTGCTTACCGGGA	UCCCGGUAAGCACUCUGUUUUAAACAGGUA	0
NM_006219.3:2585-2614	NM_006219.3	NM_006219.3.fasta	2585	2614	+	30	ACCTGTTTAAAACAGAGTGCTTACCGGGAA	UUCCCGGUAAGCACUCUGUUUUAAACAGGU	0
NM_006219.3:2586-2615	NM_006219.3	NM_006219.3.fasta	2586	2615	+	30	CCTGTTTAAAACAGAGTGCTTACCGGGAAG	CUUCCCGGUAAGCACUCUGUUUUAAACAGG	0
NM_006219.3:2587-2616	NM_006219.3	NM_006219.3.fasta	2587	2616	+	30	CTGTTTAAAACAGAGTGCTTACCGGGAAGC	GCUUCCCGGUAAGCACUCUGUUUUAAACAG	0
NM_006219.3:2588-2617	NM_006219.3	NM_006219.3.fasta	2588	2617	+	30	TGTTTAAAACAGAGTGCTTACCGGGAAGCC	GGCUUCCCGGUAAGCACUCUGUUUUAAACA	0
NM_006219.3:2589-2618	NM_006219.3	NM_006219.3.fasta	2589	2618	+	30	GTTTAAAACAGAGTGCTTACCGGGAAGCCC	GGGCUUCCCGGUAAGCACUCUGUUUUAAAC	0
NM_006219.3:2590-2619	NM_006219.3	NM_006219.3.fasta	2590	2619	+	30	TTTAAAACAGAGTGCTTACCGGGAAGCCCT	AGGGCUUCCCGGUAAGCACUCUGUUUUAAA	0
NM_006219.3:2591-2620	NM_006219.3	NM_006219.3.fasta	2591	2620	+	30	TTAAAACAGAGTGCTTACCGGGAAGCCCTC	GAGGGCUUCCCGGUAAGCACUCUGUUUUAA	0
NM_006219.3:2592-2621	NM_006219.3	NM_006219.3.fasta	2592	2621	+	30	TAAAACAGAGTGCTTACCGGGAAGCCCTCT	AGAGGGCUUCCCGGUAAGCACUCUGUUUUA	0
NM_006219.3:2593-2622	NM_006219.3	NM_006219.3.fasta	2593	2622	+	30	AAAACAGAGTGCTTACCGGGAAGCCCTCTC	GAGAGGGCUUCCCGGUAAGCACUCUGUUUU	0
NM_006219.3:2594-2623	NM_006219.3	NM_006219.3.fasta	2594	2623	+	30	AAACAGAGTGCTTACCGGGAAGCCCTCTCT	AGAGAGGGCUUCCCGGUAAGCACUCUGUUU	0
NM_006219.3:2595-2624	NM_006219.3	NM_006219.3.fasta	2595	2624	+	30	AACAGAGTGCTTACCGGGAAGCCCTCTCTG	CAGAGAGGGCUUCCCGGUAAGCACUCUGUU	0
NM_006219.3:2596-2625	NM_006219.3	NM_006219.3.fasta	2596	2625	+	30	ACAGAGTGCTTACCGGGAAGCCCTCTCTGA	UCAGAGAGGGCUUCCCGGUAAGCACUCUGU	0
NM_006219.3:2597-2626	NM_006219.3	NM_006219.3.fasta	2597	2626	+	30	CAGAGTGCTTACCGGGAAGCCCTCTCTGAC	GUCAGAGAGGGCUUCCCGGUAAGCACUCUG	0
NM_006219.3:2598-2627	NM_006219.3	NM_006219.3.fasta	2598	2627	+	30	AGAGTGCTTACCGGGAAGCCCTCTCTGACC	GGUCAGAGAGGGCUUCCCGGUAAGCACUCU	0
NM_006219.3:2599-2628	NM_006219.3	NM_006219.3.fasta	2599	2628	+	30	GAGTGCTTACCGGGAAGCCCTCTCTGACCT	AGGUCAGAGAGGGCUUCCCGGUAAGCACUC	0
NM_006219.3:2600-2629	NM_006219.3	NM_006219.3.fasta	2600	2629	+	30	AGTGCTTACCGGGAAGCCCTCTCTGACCTG	CAGGUCAGAGAGGGCUUCCCGGUAAGCACU	0
NM_006219.3:2601-2630	NM_006219.3	NM_006219.3.fasta	2601	2630	+	30	GTGCTTACCGGGAAGCCCTCTCTGACCTGC	GCAGGUCAGAGAGGGCUUCCCGGUAAGCAC	0
NM_006219.3:2602-2631	NM_006219.3	NM_006219.3.fasta	2602	2631	+	30	TGCTTACCGGGAAGCCCTCTCTGACCTGCA	UGCAGGUCAGAGAGGGCUUCCCGGUAAGCA	0
NM_006219.3:2603-2632	NM_006219.3	NM_006219.3.fasta	2603	2632	+	30	GCTTACCGGGAAGCCCTCTCTGACCTGCAG	CUGCAGGUCAGAGAGGGCUUCCCGGUAAGC	0
NM_006219.3:2604-2633	NM_006219.3	NM_006219.3.fasta	2604	2633	+	30	CTTACCGGGAAGCCCTCTCTGACCTGCAGT	ACUGCAGGUCAGAGAGGGCUUCCCGGUAAG	0
NM_006219.3:2605-2634	NM_006219.3	NM_006219.3.fasta	2605	2634	+	30	TTACCGGGAAGCCCTCTCTGACCTGCAGTC	GACUGCAGGUCAGAGAGGGCUUCCCGGUAA	0
NM_006219.3:2606-2635	NM_006219.3	NM_006219.3.fasta	2606	2635	+	30	TACCGGGAAGCCCTCTCTGACCTGCAGTCA	UGACUGCAGGUCAGAGAGGGCUUCCCGGUA	0
NM_006219.3:2607-2636	NM_006219.3	NM_006219.3.fasta	2607	2636	+	30	ACCGGGAAGCCCTCTCTGACCTGCAGTCAC	GUGACUGCAGGUCAGAGAGGGCUUCCCGGU	0
NM_006219.3:2608-2637	NM_006219.3	NM_006219.3.fasta	2608	2637	+	30	CCGGGAAGCCCTCTCTGACCTGCAGTCACC	GGUGACUGCAGGUCAGAGAGGGCUUCCCGG	0
NM_006219.3:2609-2638	NM_006219.3	NM_006219.3.fasta	2609	2638	+	30	CGGGAAGCCCTCTCTGACCTGCAGTCACCC	GGGUGACUGCAGGUCAGAGAGGGCUUCCCG	0
NM_006219.3:2610-2639	NM_006219.3	NM_006219.3.fasta	2610	2639	+	30	GGGAAGCCCTCTCTGACCTGCAGTCACCCC	GGGGUGACUGCAGGUCAGAGAGGGCUUCCC	0
NM_006219.3:2611-2640	NM_006219.3	NM_006219.3.fasta	2611	2640	+	30	GGAAGCCCTCTCTGACCTGCAGTCACCCCT	AGGGGUGACUGCAGGUCAGAGAGGGCUUCC	0
NM_006219.3:2612-2641	NM_006219.3	NM_006219.3.fasta	2612	2641	+	30	GAAGCCCTCTCTGACCTGCAGTCACCCCTG	CAGGGGUGACUGCAGGUCAGAGAGGGCUUC	0
NM_006219.3:2613-2642	NM_006219.3	NM_006219.3.fasta	2613	2642	+	30	AAGCCCTCTCTGACCTGCAGTCACCCCTGA	UCAGGGGUGACUGCAGGUCAGAGAGGGCUU	0
NM_006219.3:2614-2643	NM_006219.3	NM_006219.3.fasta	2614	2643	+	30	AGCCCTCTCTGACCTGCAGTCACCCCTGAA	UUCAGGGGUGACUGCAGGUCAGAGAGGGCU	0
NM_006219.3:2615-2644	NM_006219.3	NM_006219.3.fasta	2615	2644	+	30	GCCCTCTCTGACCTGCAGTCACCCCTGAAC	GUUCAGGGGUGACUGCAGGUCAGAGAGGGC	0
NM_006219.3:2616-2645	NM_006219.3	NM_006219.3.fasta	2616	2645	+	30	CCCTCTCTGACCTGCAGTCACCCCTGAACC	GGUUCAGGGGUGACUGCAGGUCAGAGAGGG	0
NM_006219.3:2617-2646	NM_006219.3	NM_006219.3.fasta	2617	2646	+	30	CCTCTCTGACCTGCAGTCACCCCTGAACCC	GGGUUCAGGGGUGACUGCAGGUCAGAGAGG	0
NM_006219.3:2618-2647	NM_006219.3	NM_006219.3.fasta	2618	2647	+	30	CTCTCTGACCTGCAGTCACCCCTGAACCCA	UGGGUUCAGGGGUGACUGCAGGUCAGAGAG	0
NM_006219.3:2619-2648	NM_006219.3	NM_006219.3.fasta	2619	2648	+	30	TCTCTGACCTGCAGTCACCCCTGAACCCAT	AUGGGUUCAGGGGUGACUGCAGGUCAGAGA	0
NM_006219.3:2620-2649	NM_006219.3	NM_006219.3.fasta	2620	2649	+	30	CTCTGACCTGCAGTCACCCCTGAACCCATG	CAUGGGUUCAGGGGUGACUGCAGGUCAGAG	0
NM_006219.3:2621-2650	NM_006219.3	NM_006219.3.fasta	2621	2650	+	30	TCTGACCTGCAGTCACCCCTGAACCCATGT	ACAUGGGUUCAGGGGUGACUGCAGGUCAGA	0
NM_006219.3:2622-2651	NM_006219.3	NM_006219.3.fasta	2622	2651	+	30	CTGACCTGCAGTCACCCCTGAACCCATGTG	CACAUGGGUUCAGGGGUGACUGCAGGUCAG	0
NM_006219.3:2623-2652	NM_006219.3	NM_006219.3.fasta	2623	2652	+	30	TGACCTGCAGTCACCCCTGAACCCATGTGT	ACACAUGGGUUCAGGGGUGACUGCAGGUCA	0
NM_006219.3:2624-2653	NM_006219.3	NM_006219.3.fasta	2624	2653	+	30	GACCTGCAGTCACCCCTGAACCCATGTGTT	AACACAUGGGUUCAGGGGUGACUGCAGGUC	0
NM_006219.3:2625-2654	NM_006219.3	NM_006219.3.fasta	2625	2654	+	30	ACCTGCAGTCACCCCTGAACCCATGTGTTA	UAACACAUGGGUUCAGGGGUGACUGCAGGU	0
NM_006219.3:2626-2655	NM_006219.3	NM_006219.3.fasta	2626	2655	+	30	CCTGCAGTCACCCCTGAACCCATGTGTTAT	AUAACACAUGGGUUCAGGGGUGACUGCAGG	0
NM_006219.3:2627-2656	NM_006219.3	NM_006219.3.fasta	2627	2656	+	30	CTGCAGTCACCCCTGAACCCATGTGTTATC	GAUAACACAUGGGUUCAGGGGUGACUGCAG	0
NM_006219.3:2628-2657	NM_006219.3	NM_006219.3.fasta	2628	2657	+	30	TGCAGTCACCCCTGAACCCATGTGTTATCC	GGAUAACACAUGGGUUCAGGGGUGACUGCA	0
NM_006219.3:2629-2658	NM_006219.3	NM_006219.3.fasta	2629	2658	+	30	GCAGTCACCCCTGAACCCATGTGTTATCCT	AGGAUAACACAUGGGUUCAGGGGUGACUGC	0
NM_006219.3:2630-2659	NM_006219.3	NM_006219.3.fasta	2630	2659	+	30	CAGTCACCCCTGAACCCATGTGTTATCCTC	GAGGAUAACACAUGGGUUCAGGGGUGACUG	0
NM_006219.3:2631-2660	NM_006219.3	NM_006219.3.fasta	2631	2660	+	30	AGTCACCCCTGAACCCATGTGTTATCCTCT	AGAGGAUAACACAUGGGUUCAGGGGUGACU	0
NM_006219.3:2632-2661	NM_006219.3	NM_006219.3.fasta	2632	2661	+	30	GTCACCCCTGAACCCATGTGTTATCCTCTC	GAGAGGAUAACACAUGGGUUCAGGGGUGAC	0
NM_006219.3:2633-2662	NM_006219.3	NM_006219.3.fasta	2633	2662	+	30	TCACCCCTGAACCCATGTGTTATCCTCTCA	UGAGAGGAUAACACAUGGGUUCAGGGGUGA	0
NM_006219.3:2634-2663	NM_006219.3	NM_006219.3.fasta	2634	2663	+	30	CACCCCTGAACCCATGTGTTATCCTCTCAG	CUGAGAGGAUAACACAUGGGUUCAGGGGUG	0
NM_006219.3:2635-2664	NM_006219.3	NM_006219.3.fasta	2635	2664	+	30	ACCCCTGAACCCATGTGTTATCCTCTCAGA	UCUGAGAGGAUAACACAUGGGUUCAGGGGU	0
NM_006219.3:2636-2665	NM_006219.3	NM_006219.3.fasta	2636	2665	+	30	CCCCTGAACCCATGTGTTATCCTCTCAGAA	UUCUGAGAGGAUAACACAUGGGUUCAGGGG	0
NM_006219.3:2637-2666	NM_006219.3	NM_006219.3.fasta	2637	2666	+	30	CCCTGAACCCATGTGTTATCCTCTCAGAAC	GUUCUGAGAGGAUAACACAUGGGUUCAGGG	0
NM_006219.3:2638-2667	NM_006219.3	NM_006219.3.fasta	2638	2667	+	30	CCTGAACCCATGTGTTATCCTCTCAGAACT	AGUUCUGAGAGGAUAACACAUGGGUUCAGG	0
NM_006219.3:2639-2668	NM_006219.3	NM_006219.3.fasta	2639	2668	+	30	CTGAACCCATGTGTTATCCTCTCAGAACTC	GAGUUCUGAGAGGAUAACACAUGGGUUCAG	0
NM_006219.3:2640-2669	NM_006219.3	NM_006219.3.fasta	2640	2669	+	30	TGAACCCATGTGTTATCCTCTCAGAACTCT	AGAGUUCUGAGAGGAUAACACAUGGGUUCA	0
NM_006219.3:2641-2670	NM_006219.3	NM_006219.3.fasta	2641	2670	+	30	GAACCCATGTGTTATCCTCTCAGAACTCTA	UAGAGUUCUGAGAGGAUAACACAUGGGUUC	0
NM_006219.3:2642-2671	NM_006219.3	NM_006219.3.fasta	2642	2671	+	30	AACCCATGTGTTATCCTCTCAGAACTCTAT	AUAGAGUUCUGAGAGGAUAACACAUGGGUU	0
NM_006219.3:2643-2672	NM_006219.3	NM_006219.3.fasta	2643	2672	+	30	ACCCATGTGTTATCCTCTCAGAACTCTATG	CAUAGAGUUCUGAGAGGAUAACACAUGGGU	0
NM_006219.3:2644-2673	NM_006219.3	NM_006219.3.fasta	2644	2673	+	30	CCCATGTGTTATCCTCTCAGAACTCTATGT	ACAUAGAGUUCUGAGAGGAUAACACAUGGG	0
NM_006219.3:2645-2674	NM_006219.3	NM_006219.3.fasta	2645	2674	+	30	CCATGTGTTATCCTCTCAGAACTCTATGTT	AACAUAGAGUUCUGAGAGGAUAACACAUGG	0
NM_006219.3:2646-2675	NM_006219.3	NM_006219.3.fasta	2646	2675	+	30	CATGTGTTATCCTCTCAGAACTCTATGTTG	CAACAUAGAGUUCUGAGAGGAUAACACAUG	0
NM_006219.3:2647-2676	NM_006219.3	NM_006219.3.fasta	2647	2676	+	30	ATGTGTTATCCTCTCAGAACTCTATGTTGA	UCAACAUAGAGUUCUGAGAGGAUAACACAU	0
NM_006219.3:2648-2677	NM_006219.3	NM_006219.3.fasta	2648	2677	+	30	TGTGTTATCCTCTCAGAACTCTATGTTGAA	UUCAACAUAGAGUUCUGAGAGGAUAACACA	0
NM_006219.3:2649-2678	NM_006219.3	NM_006219.3.fasta	2649	2678	+	30	GTGTTATCCTCTCAGAACTCTATGTTGAAA	UUUCAACAUAGAGUUCUGAGAGGAUAACAC	0
NM_006219.3:2650-2679	NM_006219.3	NM_006219.3.fasta	2650	2679	+	30	TGTTATCCTCTCAGAACTCTATGTTGAAAA	UUUUCAACAUAGAGUUCUGAGAGGAUAACA	0
NM_006219.3:2651-2680	NM_006219.3	NM_006219.3.fasta	2651	2680	+	30	GTTATCCTCTCAGAACTCTATGTTGAAAAG	CUUUUCAACAUAGAGUUCUGAGAGGAUAAC	0
NM_006219.3:2652-2681	NM_006219.3	NM_006219.3.fasta	2652	2681	+	30	TTATCCTCTCAGAACTCTATGTTGAAAAGT	ACUUUUCAACAUAGAGUUCUGAGAGGAUAA	0
NM_006219.3:2653-2682	NM_006219.3	NM_006219.3.fasta	2653	2682	+	30	TATCCTCTCAGAACTCTATGTTGAAAAGTG	CACUUUUCAACAUAGAGUUCUGAGAGGAUA	0
NM_006219.3:2654-2683	NM_006219.3	NM_006219.3.fasta	2654	2683	+	30	ATCCTCTCAGAACTCTATGTTGAAAAGTGC	GCACUUUUCAACAUAGAGUUCUGAGAGGAU	0
NM_006219.3:2655-2684	NM_006219.3	NM_006219.3.fasta	2655	2684	+	30	TCCTCTCAGAACTCTATGTTGAAAAGTGCA	UGCACUUUUCAACAUAGAGUUCUGAGAGGA	0
NM_006219.3:2656-2685	NM_006219.3	NM_006219.3.fasta	2656	2685	+	30	CCTCTCAGAACTCTATGTTGAAAAGTGCAA	UUGCACUUUUCAACAUAGAGUUCUGAGAGG	0
NM_006219.3:2657-2686	NM_006219.3	NM_006219.3.fasta	2657	2686	+	30	CTCTCAGAACTCTATGTTGAAAAGTGCAAA	UUUGCACUUUUCAACAUAGAGUUCUGAGAG	0
NM_006219.3:2658-2687	NM_006219.3	NM_006219.3.fasta	2658	2687	+	30	TCTCAGAACTCTATGTTGAAAAGTGCAAAT	AUUUGCACUUUUCAACAUAGAGUUCUGAGA	0
NM_006219.3:2659-2688	NM_006219.3	NM_006219.3.fasta	2659	2688	+	30	CTCAGAACTCTATGTTGAAAAGTGCAAATA	UAUUUGCACUUUUCAACAUAGAGUUCUGAG	0
NM_006219.3:2660-2689	NM_006219.3	NM_006219.3.fasta	2660	2689	+	30	TCAGAACTCTATGTTGAAAAGTGCAAATAC	GUAUUUGCACUUUUCAACAUAGAGUUCUGA	0
NM_006219.3:2661-2690	NM_006219.3	NM_006219.3.fasta	2661	2690	+	30	CAGAACTCTATGTTGAAAAGTGCAAATACA	UGUAUUUGCACUUUUCAACAUAGAGUUCUG	0
NM_006219.3:2662-2691	NM_006219.3	NM_006219.3.fasta	2662	2691	+	30	AGAACTCTATGTTGAAAAGTGCAAATACAT	AUGUAUUUGCACUUUUCAACAUAGAGUUCU	0
NM_006219.3:2663-2692	NM_006219.3	NM_006219.3.fasta	2663	2692	+	30	GAACTCTATGTTGAAAAGTGCAAATACATG	CAUGUAUUUGCACUUUUCAACAUAGAGUUC	0
NM_006219.3:2664-2693	NM_006219.3	NM_006219.3.fasta	2664	2693	+	30	AACTCTATGTTGAAAAGTGCAAATACATGG	CCAUGUAUUUGCACUUUUCAACAUAGAGUU	0
NM_006219.3:2665-2694	NM_006219.3	NM_006219.3.fasta	2665	2694	+	30	ACTCTATGTTGAAAAGTGCAAATACATGGA	UCCAUGUAUUUGCACUUUUCAACAUAGAGU	0
NM_006219.3:2666-2695	NM_006219.3	NM_006219.3.fasta	2666	2695	+	30	CTCTATGTTGAAAAGTGCAAATACATGGAT	AUCCAUGUAUUUGCACUUUUCAACAUAGAG	0
NM_006219.3:2667-2696	NM_006219.3	NM_006219.3.fasta	2667	2696	+	30	TCTATGTTGAAAAGTGCAAATACATGGATT	AAUCCAUGUAUUUGCACUUUUCAACAUAGA	0
NM_006219.3:2668-2697	NM_006219.3	NM_006219.3.fasta	2668	2697	+	30	CTATGTTGAAAAGTGCAAATACATGGATTC	GAAUCCAUGUAUUUGCACUUUUCAACAUAG	0
NM_006219.3:2669-2698	NM_006219.3	NM_006219.3.fasta	2669	2698	+	30	TATGTTGAAAAGTGCAAATACATGGATTCC	GGAAUCCAUGUAUUUGCACUUUUCAACAUA	0
NM_006219.3:2670-2699	NM_006219.3	NM_006219.3.fasta	2670	2699	+	30	ATGTTGAAAAGTGCAAATACATGGATTCCA	UGGAAUCCAUGUAUUUGCACUUUUCAACAU	0
NM_006219.3:2671-2700	NM_006219.3	NM_006219.3.fasta	2671	2700	+	30	TGTTGAAAAGTGCAAATACATGGATTCCAA	UUGGAAUCCAUGUAUUUGCACUUUUCAACA	0
NM_006219.3:2672-2701	NM_006219.3	NM_006219.3.fasta	2672	2701	+	30	GTTGAAAAGTGCAAATACATGGATTCCAAA	UUUGGAAUCCAUGUAUUUGCACUUUUCAAC	0
NM_006219.3:2673-2702	NM_006219.3	NM_006219.3.fasta	2673	2702	+	30	TTGAAAAGTGCAAATACATGGATTCCAAAA	UUUUGGAAUCCAUGUAUUUGCACUUUUCAA	0
NM_006219.3:2674-2703	NM_006219.3	NM_006219.3.fasta	2674	2703	+	30	TGAAAAGTGCAAATACATGGATTCCAAAAT	AUUUUGGAAUCCAUGUAUUUGCACUUUUCA	0
NM_006219.3:2675-2704	NM_006219.3	NM_006219.3.fasta	2675	2704	+	30	GAAAAGTGCAAATACATGGATTCCAAAATG	CAUUUUGGAAUCCAUGUAUUUGCACUUUUC	0
NM_006219.3:2676-2705	NM_006219.3	NM_006219.3.fasta	2676	2705	+	30	AAAAGTGCAAATACATGGATTCCAAAATGA	UCAUUUUGGAAUCCAUGUAUUUGCACUUUU	0
NM_006219.3:2677-2706	NM_006219.3	NM_006219.3.fasta	2677	2706	+	30	AAAGTGCAAATACATGGATTCCAAAATGAA	UUCAUUUUGGAAUCCAUGUAUUUGCACUUU	0
NM_006219.3:2678-2707	NM_006219.3	NM_006219.3.fasta	2678	2707	+	30	AAGTGCAAATACATGGATTCCAAAATGAAG	CUUCAUUUUGGAAUCCAUGUAUUUGCACUU	0
NM_006219.3:2679-2708	NM_006219.3	NM_006219.3.fasta	2679	2708	+	30	AGTGCAAATACATGGATTCCAAAATGAAGC	GCUUCAUUUUGGAAUCCAUGUAUUUGCACU	0
NM_006219.3:2680-2709	NM_006219.3	NM_006219.3.fasta	2680	2709	+	30	GTGCAAATACATGGATTCCAAAATGAAGCC	GGCUUCAUUUUGGAAUCCAUGUAUUUGCAC	0
NM_006219.3:2681-2710	NM_006219.3	NM_006219.3.fasta	2681	2710	+	30	TGCAAATACATGGATTCCAAAATGAAGCCT	AGGCUUCAUUUUGGAAUCCAUGUAUUUGCA	0
NM_006219.3:2682-2711	NM_006219.3	NM_006219.3.fasta	2682	2711	+	30	GCAAATACATGGATTCCAAAATGAAGCCTT	AAGGCUUCAUUUUGGAAUCCAUGUAUUUGC	0
NM_006219.3:2683-2712	NM_006219.3	NM_006219.3.fasta	2683	2712	+	30	CAAATACATGGATTCCAAAATGAAGCCTTT	AAAGGCUUCAUUUUGGAAUCCAUGUAUUUG	0
NM_006219.3:2684-2713	NM_006219.3	NM_006219.3.fasta	2684	2713	+	30	AAATACATGGATTCCAAAATGAAGCCTTTG	CAAAGGCUUCAUUUUGGAAUCCAUGUAUUU	0
NM_006219.3:2685-2714	NM_006219.3	NM_006219.3.fasta	2685	2714	+	30	AATACATGGATTCCAAAATGAAGCCTTTGT	ACAAAGGCUUCAUUUUGGAAUCCAUGUAUU	0
NM_006219.3:2686-2715	NM_006219.3	NM_006219.3.fasta	2686	2715	+	30	ATACATGGATTCCAAAATGAAGCCTTTGTG	CACAAAGGCUUCAUUUUGGAAUCCAUGUAU	0
NM_006219.3:2687-2716	NM_006219.3	NM_006219.3.fasta	2687	2716	+	30	TACATGGATTCCAAAATGAAGCCTTTGTGG	CCACAAAGGCUUCAUUUUGGAAUCCAUGUA	0
NM_006219.3:2688-2717	NM_006219.3	NM_006219.3.fasta	2688	2717	+	30	ACATGGATTCCAAAATGAAGCCTTTGTGGC	GCCACAAAGGCUUCAUUUUGGAAUCCAUGU	0
NM_006219.3:2689-2718	NM_006219.3	NM_006219.3.fasta	2689	2718	+	30	CATGGATTCCAAAATGAAGCCTTTGTGGCT	AGCCACAAAGGCUUCAUUUUGGAAUCCAUG	0
NM_006219.3:2690-2719	NM_006219.3	NM_006219.3.fasta	2690	2719	+	30	ATGGATTCCAAAATGAAGCCTTTGTGGCTG	CAGCCACAAAGGCUUCAUUUUGGAAUCCAU	0
NM_006219.3:2691-2720	NM_006219.3	NM_006219.3.fasta	2691	2720	+	30	TGGATTCCAAAATGAAGCCTTTGTGGCTGG	CCAGCCACAAAGGCUUCAUUUUGGAAUCCA	0
NM_006219.3:2692-2721	NM_006219.3	NM_006219.3.fasta	2692	2721	+	30	GGATTCCAAAATGAAGCCTTTGTGGCTGGT	ACCAGCCACAAAGGCUUCAUUUUGGAAUCC	0
NM_006219.3:2693-2722	NM_006219.3	NM_006219.3.fasta	2693	2722	+	30	GATTCCAAAATGAAGCCTTTGTGGCTGGTA	UACCAGCCACAAAGGCUUCAUUUUGGAAUC	0
NM_006219.3:2694-2723	NM_006219.3	NM_006219.3.fasta	2694	2723	+	30	ATTCCAAAATGAAGCCTTTGTGGCTGGTAT	AUACCAGCCACAAAGGCUUCAUUUUGGAAU	0
NM_006219.3:2695-2724	NM_006219.3	NM_006219.3.fasta	2695	2724	+	30	TTCCAAAATGAAGCCTTTGTGGCTGGTATA	UAUACCAGCCACAAAGGCUUCAUUUUGGAA	0
NM_006219.3:2696-2725	NM_006219.3	NM_006219.3.fasta	2696	2725	+	30	TCCAAAATGAAGCCTTTGTGGCTGGTATAC	GUAUACCAGCCACAAAGGCUUCAUUUUGGA	0
NM_006219.3:2697-2726	NM_006219.3	NM_006219.3.fasta	2697	2726	+	30	CCAAAATGAAGCCTTTGTGGCTGGTATACA	UGUAUACCAGCCACAAAGGCUUCAUUUUGG	0
NM_006219.3:2698-2727	NM_006219.3	NM_006219.3.fasta	2698	2727	+	30	CAAAATGAAGCCTTTGTGGCTGGTATACAA	UUGUAUACCAGCCACAAAGGCUUCAUUUUG	0
NM_006219.3:2699-2728	NM_006219.3	NM_006219.3.fasta	2699	2728	+	30	AAAATGAAGCCTTTGTGGCTGGTATACAAT	AUUGUAUACCAGCCACAAAGGCUUCAUUUU	0
NM_006219.3:2700-2729	NM_006219.3	NM_006219.3.fasta	2700	2729	+	30	AAATGAAGCCTTTGTGGCTGGTATACAATA	UAUUGUAUACCAGCCACAAAGGCUUCAUUU	0
NM_006219.3:2701-2730	NM_006219.3	NM_006219.3.fasta	2701	2730	+	30	AATGAAGCCTTTGTGGCTGGTATACAATAA	UUAUUGUAUACCAGCCACAAAGGCUUCAUU	0
NM_006219.3:2702-2731	NM_006219.3	NM_006219.3.fasta	2702	2731	+	30	ATGAAGCCTTTGTGGCTGGTATACAATAAC	GUUAUUGUAUACCAGCCACAAAGGCUUCAU	0
NM_006219.3:2703-2732	NM_006219.3	NM_006219.3.fasta	2703	2732	+	30	TGAAGCCTTTGTGGCTGGTATACAATAACA	UGUUAUUGUAUACCAGCCACAAAGGCUUCA	0
NM_006219.3:2704-2733	NM_006219.3	NM_006219.3.fasta	2704	2733	+	30	GAAGCCTTTGTGGCTGGTATACAATAACAA	UUGUUAUUGUAUACCAGCCACAAAGGCUUC	0
NM_006219.3:2705-2734	NM_006219.3	NM_006219.3.fasta	2705	2734	+	30	AAGCCTTTGTGGCTGGTATACAATAACAAG	CUUGUUAUUGUAUACCAGCCACAAAGGCUU	0
NM_006219.3:2706-2735	NM_006219.3	NM_006219.3.fasta	2706	2735	+	30	AGCCTTTGTGGCTGGTATACAATAACAAGG	CCUUGUUAUUGUAUACCAGCCACAAAGGCU	0
NM_006219.3:2707-2736	NM_006219.3	NM_006219.3.fasta	2707	2736	+	30	GCCTTTGTGGCTGGTATACAATAACAAGGT	ACCUUGUUAUUGUAUACCAGCCACAAAGGC	0
NM_006219.3:2708-2737	NM_006219.3	NM_006219.3.fasta	2708	2737	+	30	CCTTTGTGGCTGGTATACAATAACAAGGTA	UACCUUGUUAUUGUAUACCAGCCACAAAGG	0
NM_006219.3:2709-2738	NM_006219.3	NM_006219.3.fasta	2709	2738	+	30	CTTTGTGGCTGGTATACAATAACAAGGTAT	AUACCUUGUUAUUGUAUACCAGCCACAAAG	0
NM_006219.3:2710-2739	NM_006219.3	NM_006219.3.fasta	2710	2739	+	30	TTTGTGGCTGGTATACAATAACAAGGTATT	AAUACCUUGUUAUUGUAUACCAGCCACAAA	0
NM_006219.3:2711-2740	NM_006219.3	NM_006219.3.fasta	2711	2740	+	30	TTGTGGCTGGTATACAATAACAAGGTATTT	AAAUACCUUGUUAUUGUAUACCAGCCACAA	0
NM_006219.3:2712-2741	NM_006219.3	NM_006219.3.fasta	2712	2741	+	30	TGTGGCTGGTATACAATAACAAGGTATTTG	CAAAUACCUUGUUAUUGUAUACCAGCCACA	0
NM_006219.3:2713-2742	NM_006219.3	NM_006219.3.fasta	2713	2742	+	30	GTGGCTGGTATACAATAACAAGGTATTTGG	CCAAAUACCUUGUUAUUGUAUACCAGCCAC	0
NM_006219.3:2714-2743	NM_006219.3	NM_006219.3.fasta	2714	2743	+	30	TGGCTGGTATACAATAACAAGGTATTTGGT	ACCAAAUACCUUGUUAUUGUAUACCAGCCA	0
NM_006219.3:2715-2744	NM_006219.3	NM_006219.3.fasta	2715	2744	+	30	GGCTGGTATACAATAACAAGGTATTTGGTG	CACCAAAUACCUUGUUAUUGUAUACCAGCC	0
NM_006219.3:2716-2745	NM_006219.3	NM_006219.3.fasta	2716	2745	+	30	GCTGGTATACAATAACAAGGTATTTGGTGA	UCACCAAAUACCUUGUUAUUGUAUACCAGC	0
NM_006219.3:2717-2746	NM_006219.3	NM_006219.3.fasta	2717	2746	+	30	CTGGTATACAATAACAAGGTATTTGGTGAG	CUCACCAAAUACCUUGUUAUUGUAUACCAG	0
NM_006219.3:2718-2747	NM_006219.3	NM_006219.3.fasta	2718	2747	+	30	TGGTATACAATAACAAGGTATTTGGTGAGG	CCUCACCAAAUACCUUGUUAUUGUAUACCA	0
NM_006219.3:2719-2748	NM_006219.3	NM_006219.3.fasta	2719	2748	+	30	GGTATACAATAACAAGGTATTTGGTGAGGA	UCCUCACCAAAUACCUUGUUAUUGUAUACC	0
NM_006219.3:2720-2749	NM_006219.3	NM_006219.3.fasta	2720	2749	+	30	GTATACAATAACAAGGTATTTGGTGAGGAT	AUCCUCACCAAAUACCUUGUUAUUGUAUAC	0
NM_006219.3:2721-2750	NM_006219.3	NM_006219.3.fasta	2721	2750	+	30	TATACAATAACAAGGTATTTGGTGAGGATT	AAUCCUCACCAAAUACCUUGUUAUUGUAUA	0
NM_006219.3:2722-2751	NM_006219.3	NM_006219.3.fasta	2722	2751	+	30	ATACAATAACAAGGTATTTGGTGAGGATTC	GAAUCCUCACCAAAUACCUUGUUAUUGUAU	0
NM_006219.3:2723-2752	NM_006219.3	NM_006219.3.fasta	2723	2752	+	30	TACAATAACAAGGTATTTGGTGAGGATTCA	UGAAUCCUCACCAAAUACCUUGUUAUUGUA	0
NM_006219.3:2724-2753	NM_006219.3	NM_006219.3.fasta	2724	2753	+	30	ACAATAACAAGGTATTTGGTGAGGATTCAG	CUGAAUCCUCACCAAAUACCUUGUUAUUGU	0
NM_006219.3:2725-2754	NM_006219.3	NM_006219.3.fasta	2725	2754	+	30	CAATAACAAGGTATTTGGTGAGGATTCAGT	ACUGAAUCCUCACCAAAUACCUUGUUAUUG	0
NM_006219.3:2726-2755	NM_006219.3	NM_006219.3.fasta	2726	2755	+	30	AATAACAAGGTATTTGGTGAGGATTCAGTT	AACUGAAUCCUCACCAAAUACCUUGUUAUU	0
NM_006219.3:2727-2756	NM_006219.3	NM_006219.3.fasta	2727	2756	+	30	ATAACAAGGTATTTGGTGAGGATTCAGTTG	CAACUGAAUCCUCACCAAAUACCUUGUUAU	0
NM_006219.3:2728-2757	NM_006219.3	NM_006219.3.fasta	2728	2757	+	30	TAACAAGGTATTTGGTGAGGATTCAGTTGG	CCAACUGAAUCCUCACCAAAUACCUUGUUA	0
NM_006219.3:2729-2758	NM_006219.3	NM_006219.3.fasta	2729	2758	+	30	AACAAGGTATTTGGTGAGGATTCAGTTGGA	UCCAACUGAAUCCUCACCAAAUACCUUGUU	0
NM_006219.3:2730-2759	NM_006219.3	NM_006219.3.fasta	2730	2759	+	30	ACAAGGTATTTGGTGAGGATTCAGTTGGAG	CUCCAACUGAAUCCUCACCAAAUACCUUGU	0
NM_006219.3:2731-2760	NM_006219.3	NM_006219.3.fasta	2731	2760	+	30	CAAGGTATTTGGTGAGGATTCAGTTGGAGT	ACUCCAACUGAAUCCUCACCAAAUACCUUG	0
NM_006219.3:2732-2761	NM_006219.3	NM_006219.3.fasta	2732	2761	+	30	AAGGTATTTGGTGAGGATTCAGTTGGAGTG	CACUCCAACUGAAUCCUCACCAAAUACCUU	0
NM_006219.3:2733-2762	NM_006219.3	NM_006219.3.fasta	2733	2762	+	30	AGGTATTTGGTGAGGATTCAGTTGGAGTGA	UCACUCCAACUGAAUCCUCACCAAAUACCU	0
NM_006219.3:2734-2763	NM_006219.3	NM_006219.3.fasta	2734	2763	+	30	GGTATTTGGTGAGGATTCAGTTGGAGTGAT	AUCACUCCAACUGAAUCCUCACCAAAUACC	0
NM_006219.3:2735-2764	NM_006219.3	NM_006219.3.fasta	2735	2764	+	30	GTATTTGGTGAGGATTCAGTTGGAGTGATT	AAUCACUCCAACUGAAUCCUCACCAAAUAC	0
NM_006219.3:2736-2765	NM_006219.3	NM_006219.3.fasta	2736	2765	+	30	TATTTGGTGAGGATTCAGTTGGAGTGATTT	AAAUCACUCCAACUGAAUCCUCACCAAAUA	0
NM_006219.3:2737-2766	NM_006219.3	NM_006219.3.fasta	2737	2766	+	30	ATTTGGTGAGGATTCAGTTGGAGTGATTTT	AAAAUCACUCCAACUGAAUCCUCACCAAAU	0
NM_006219.3:2738-2767	NM_006219.3	NM_006219.3.fasta	2738	2767	+	30	TTTGGTGAGGATTCAGTTGGAGTGATTTTT	AAAAAUCACUCCAACUGAAUCCUCACCAAA	0
NM_006219.3:2739-2768	NM_006219.3	NM_006219.3.fasta	2739	2768	+	30	TTGGTGAGGATTCAGTTGGAGTGATTTTTA	UAAAAAUCACUCCAACUGAAUCCUCACCAA	0
NM_006219.3:2740-2769	NM_006219.3	NM_006219.3.fasta	2740	2769	+	30	TGGTGAGGATTCAGTTGGAGTGATTTTTAA	UUAAAAAUCACUCCAACUGAAUCCUCACCA	0
NM_006219.3:2741-2770	NM_006219.3	NM_006219.3.fasta	2741	2770	+	30	GGTGAGGATTCAGTTGGAGTGATTTTTAAA	UUUAAAAAUCACUCCAACUGAAUCCUCACC	0
NM_006219.3:2742-2771	NM_006219.3	NM_006219.3.fasta	2742	2771	+	30	GTGAGGATTCAGTTGGAGTGATTTTTAAAA	UUUUAAAAAUCACUCCAACUGAAUCCUCAC	0
NM_006219.3:2743-2772	NM_006219.3	NM_006219.3.fasta	2743	2772	+	30	TGAGGATTCAGTTGGAGTGATTTTTAAAAA	UUUUUAAAAAUCACUCCAACUGAAUCCUCA	0
NM_006219.3:2744-2773	NM_006219.3	NM_006219.3.fasta	2744	2773	+	30	GAGGATTCAGTTGGAGTGATTTTTAAAAAT	AUUUUUAAAAAUCACUCCAACUGAAUCCUC	0
NM_006219.3:2745-2774	NM_006219.3	NM_006219.3.fasta	2745	2774	+	30	AGGATTCAGTTGGAGTGATTTTTAAAAATG	CAUUUUUAAAAAUCACUCCAACUGAAUCCU	0
NM_006219.3:2746-2775	NM_006219.3	NM_006219.3.fasta	2746	2775	+	30	GGATTCAGTTGGAGTGATTTTTAAAAATGG	CCAUUUUUAAAAAUCACUCCAACUGAAUCC	0
NM_006219.3:2747-2776	NM_006219.3	NM_006219.3.fasta	2747	2776	+	30	GATTCAGTTGGAGTGATTTTTAAAAATGGT	ACCAUUUUUAAAAAUCACUCCAACUGAAUC	0
NM_006219.3:2748-2777	NM_006219.3	NM_006219.3.fasta	2748	2777	+	30	ATTCAGTTGGAGTGATTTTTAAAAATGGTG	CACCAUUUUUAAAAAUCACUCCAACUGAAU	0
NM_006219.3:2749-2778	NM_006219.3	NM_006219.3.fasta	2749	2778	+	30	TTCAGTTGGAGTGATTTTTAAAAATGGTGA	UCACCAUUUUUAAAAAUCACUCCAACUGAA	0
NM_006219.3:2750-2779	NM_006219.3	NM_006219.3.fasta	2750	2779	+	30	TCAGTTGGAGTGATTTTTAAAAATGGTGAT	AUCACCAUUUUUAAAAAUCACUCCAACUGA	0
NM_006219.3:2751-2780	NM_006219.3	NM_006219.3.fasta	2751	2780	+	30	CAGTTGGAGTGATTTTTAAAAATGGTGATG	CAUCACCAUUUUUAAAAAUCACUCCAACUG	0
NM_006219.3:2752-2781	NM_006219.3	NM_006219.3.fasta	2752	2781	+	30	AGTTGGAGTGATTTTTAAAAATGGTGATGA	UCAUCACCAUUUUUAAAAAUCACUCCAACU	0
NM_006219.3:2753-2782	NM_006219.3	NM_006219.3.fasta	2753	2782	+	30	GTTGGAGTGATTTTTAAAAATGGTGATGAT	AUCAUCACCAUUUUUAAAAAUCACUCCAAC	0
NM_006219.3:2754-2783	NM_006219.3	NM_006219.3.fasta	2754	2783	+	30	TTGGAGTGATTTTTAAAAATGGTGATGATT	AAUCAUCACCAUUUUUAAAAAUCACUCCAA	0
NM_006219.3:2755-2784	NM_006219.3	NM_006219.3.fasta	2755	2784	+	30	TGGAGTGATTTTTAAAAATGGTGATGATTT	AAAUCAUCACCAUUUUUAAAAAUCACUCCA	0
NM_006219.3:2756-2785	NM_006219.3	NM_006219.3.fasta	2756	2785	+	30	GGAGTGATTTTTAAAAATGGTGATGATTTA	UAAAUCAUCACCAUUUUUAAAAAUCACUCC	0
NM_006219.3:2757-2786	NM_006219.3	NM_006219.3.fasta	2757	2786	+	30	GAGTGATTTTTAAAAATGGTGATGATTTAC	GUAAAUCAUCACCAUUUUUAAAAAUCACUC	0
NM_006219.3:2758-2787	NM_006219.3	NM_006219.3.fasta	2758	2787	+	30	AGTGATTTTTAAAAATGGTGATGATTTACG	CGUAAAUCAUCACCAUUUUUAAAAAUCACU	0
NM_006219.3:2759-2788	NM_006219.3	NM_006219.3.fasta	2759	2788	+	30	GTGATTTTTAAAAATGGTGATGATTTACGA	UCGUAAAUCAUCACCAUUUUUAAAAAUCAC	0
NM_006219.3:2760-2789	NM_006219.3	NM_006219.3.fasta	2760	2789	+	30	TGATTTTTAAAAATGGTGATGATTTACGAC	GUCGUAAAUCAUCACCAUUUUUAAAAAUCA	0
NM_006219.3:2761-2790	NM_006219.3	NM_006219.3.fasta	2761	2790	+	30	GATTTTTAAAAATGGTGATGATTTACGACA	UGUCGUAAAUCAUCACCAUUUUUAAAAAUC	0
NM_006219.3:2762-2791	NM_006219.3	NM_006219.3.fasta	2762	2791	+	30	ATTTTTAAAAATGGTGATGATTTACGACAG	CUGUCGUAAAUCAUCACCAUUUUUAAAAAU	0
NM_006219.3:2763-2792	NM_006219.3	NM_006219.3.fasta	2763	2792	+	30	TTTTTAAAAATGGTGATGATTTACGACAGG	CCUGUCGUAAAUCAUCACCAUUUUUAAAAA	0
NM_006219.3:2764-2793	NM_006219.3	NM_006219.3.fasta	2764	2793	+	30	TTTTAAAAATGGTGATGATTTACGACAGGA	UCCUGUCGUAAAUCAUCACCAUUUUUAAAA	0
NM_006219.3:2765-2794	NM_006219.3	NM_006219.3.fasta	2765	2794	+	30	TTTAAAAATGGTGATGATTTACGACAGGAT	AUCCUGUCGUAAAUCAUCACCAUUUUUAAA	0
NM_006219.3:2766-2795	NM_006219.3	NM_006219.3.fasta	2766	2795	+	30	TTAAAAATGGTGATGATTTACGACAGGATA	UAUCCUGUCGUAAAUCAUCACCAUUUUUAA	0
NM_006219.3:2767-2796	NM_006219.3	NM_006219.3.fasta	2767	2796	+	30	TAAAAATGGTGATGATTTACGACAGGATAT	AUAUCCUGUCGUAAAUCAUCACCAUUUUUA	0
NM_006219.3:2768-2797	NM_006219.3	NM_006219.3.fasta	2768	2797	+	30	AAAAATGGTGATGATTTACGACAGGATATG	CAUAUCCUGUCGUAAAUCAUCACCAUUUUU	0
NM_006219.3:2769-2798	NM_006219.3	NM_006219.3.fasta	2769	2798	+	30	AAAATGGTGATGATTTACGACAGGATATGT	ACAUAUCCUGUCGUAAAUCAUCACCAUUUU	0
NM_006219.3:2770-2799	NM_006219.3	NM_006219.3.fasta	2770	2799	+	30	AAATGGTGATGATTTACGACAGGATATGTT	AACAUAUCCUGUCGUAAAUCAUCACCAUUU	0
NM_006219.3:2771-2800	NM_006219.3	NM_006219.3.fasta	2771	2800	+	30	AATGGTGATGATTTACGACAGGATATGTTG	CAACAUAUCCUGUCGUAAAUCAUCACCAUU	0
NM_006219.3:2772-2801	NM_006219.3	NM_006219.3.fasta	2772	2801	+	30	ATGGTGATGATTTACGACAGGATATGTTGA	UCAACAUAUCCUGUCGUAAAUCAUCACCAU	0
NM_006219.3:2773-2802	NM_006219.3	NM_006219.3.fasta	2773	2802	+	30	TGGTGATGATTTACGACAGGATATGTTGAC	GUCAACAUAUCCUGUCGUAAAUCAUCACCA	0
NM_006219.3:2774-2803	NM_006219.3	NM_006219.3.fasta	2774	2803	+	30	GGTGATGATTTACGACAGGATATGTTGACA	UGUCAACAUAUCCUGUCGUAAAUCAUCACC	0
NM_006219.3:2775-2804	NM_006219.3	NM_006219.3.fasta	2775	2804	+	30	GTGATGATTTACGACAGGATATGTTGACAC	GUGUCAACAUAUCCUGUCGUAAAUCAUCAC	0
NM_006219.3:2776-2805	NM_006219.3	NM_006219.3.fasta	2776	2805	+	30	TGATGATTTACGACAGGATATGTTGACACT	AGUGUCAACAUAUCCUGUCGUAAAUCAUCA	0
NM_006219.3:2777-2806	NM_006219.3	NM_006219.3.fasta	2777	2806	+	30	GATGATTTACGACAGGATATGTTGACACTC	GAGUGUCAACAUAUCCUGUCGUAAAUCAUC	0
NM_006219.3:2778-2807	NM_006219.3	NM_006219.3.fasta	2778	2807	+	30	ATGATTTACGACAGGATATGTTGACACTCC	GGAGUGUCAACAUAUCCUGUCGUAAAUCAU	0
NM_006219.3:2779-2808	NM_006219.3	NM_006219.3.fasta	2779	2808	+	30	TGATTTACGACAGGATATGTTGACACTCCA	UGGAGUGUCAACAUAUCCUGUCGUAAAUCA	0
NM_006219.3:2780-2809	NM_006219.3	NM_006219.3.fasta	2780	2809	+	30	GATTTACGACAGGATATGTTGACACTCCAA	UUGGAGUGUCAACAUAUCCUGUCGUAAAUC	0
NM_006219.3:2781-2810	NM_006219.3	NM_006219.3.fasta	2781	2810	+	30	ATTTACGACAGGATATGTTGACACTCCAAA	UUUGGAGUGUCAACAUAUCCUGUCGUAAAU	0
NM_006219.3:2782-2811	NM_006219.3	NM_006219.3.fasta	2782	2811	+	30	TTTACGACAGGATATGTTGACACTCCAAAT	AUUUGGAGUGUCAACAUAUCCUGUCGUAAA	0
NM_006219.3:2783-2812	NM_006219.3	NM_006219.3.fasta	2783	2812	+	30	TTACGACAGGATATGTTGACACTCCAAATG	CAUUUGGAGUGUCAACAUAUCCUGUCGUAA	0
NM_006219.3:2784-2813	NM_006219.3	NM_006219.3.fasta	2784	2813	+	30	TACGACAGGATATGTTGACACTCCAAATGT	ACAUUUGGAGUGUCAACAUAUCCUGUCGUA	0
NM_006219.3:2785-2814	NM_006219.3	NM_006219.3.fasta	2785	2814	+	30	ACGACAGGATATGTTGACACTCCAAATGTT	AACAUUUGGAGUGUCAACAUAUCCUGUCGU	0
NM_006219.3:2786-2815	NM_006219.3	NM_006219.3.fasta	2786	2815	+	30	CGACAGGATATGTTGACACTCCAAATGTTG	CAACAUUUGGAGUGUCAACAUAUCCUGUCG	0
NM_006219.3:2787-2816	NM_006219.3	NM_006219.3.fasta	2787	2816	+	30	GACAGGATATGTTGACACTCCAAATGTTGC	GCAACAUUUGGAGUGUCAACAUAUCCUGUC	0
NM_006219.3:2788-2817	NM_006219.3	NM_006219.3.fasta	2788	2817	+	30	ACAGGATATGTTGACACTCCAAATGTTGCG	CGCAACAUUUGGAGUGUCAACAUAUCCUGU	0
NM_006219.3:2789-2818	NM_006219.3	NM_006219.3.fasta	2789	2818	+	30	CAGGATATGTTGACACTCCAAATGTTGCGC	GCGCAACAUUUGGAGUGUCAACAUAUCCUG	0
NM_006219.3:2790-2819	NM_006219.3	NM_006219.3.fasta	2790	2819	+	30	AGGATATGTTGACACTCCAAATGTTGCGCT	AGCGCAACAUUUGGAGUGUCAACAUAUCCU	0
NM_006219.3:2791-2820	NM_006219.3	NM_006219.3.fasta	2791	2820	+	30	GGATATGTTGACACTCCAAATGTTGCGCTT	AAGCGCAACAUUUGGAGUGUCAACAUAUCC	0
NM_006219.3:2792-2821	NM_006219.3	NM_006219.3.fasta	2792	2821	+	30	GATATGTTGACACTCCAAATGTTGCGCTTG	CAAGCGCAACAUUUGGAGUGUCAACAUAUC	0
NM_006219.3:2793-2822	NM_006219.3	NM_006219.3.fasta	2793	2822	+	30	ATATGTTGACACTCCAAATGTTGCGCTTGA	UCAAGCGCAACAUUUGGAGUGUCAACAUAU	0
NM_006219.3:2794-2823	NM_006219.3	NM_006219.3.fasta	2794	2823	+	30	TATGTTGACACTCCAAATGTTGCGCTTGAT	AUCAAGCGCAACAUUUGGAGUGUCAACAUA	0
NM_006219.3:2795-2824	NM_006219.3	NM_006219.3.fasta	2795	2824	+	30	ATGTTGACACTCCAAATGTTGCGCTTGATG	CAUCAAGCGCAACAUUUGGAGUGUCAACAU	0
NM_006219.3:2796-2825	NM_006219.3	NM_006219.3.fasta	2796	2825	+	30	TGTTGACACTCCAAATGTTGCGCTTGATGG	CCAUCAAGCGCAACAUUUGGAGUGUCAACA	0
NM_006219.3:2797-2826	NM_006219.3	NM_006219.3.fasta	2797	2826	+	30	GTTGACACTCCAAATGTTGCGCTTGATGGA	UCCAUCAAGCGCAACAUUUGGAGUGUCAAC	0
NM_006219.3:2798-2827	NM_006219.3	NM_006219.3.fasta	2798	2827	+	30	TTGACACTCCAAATGTTGCGCTTGATGGAT	AUCCAUCAAGCGCAACAUUUGGAGUGUCAA	0
NM_006219.3:2799-2828	NM_006219.3	NM_006219.3.fasta	2799	2828	+	30	TGACACTCCAAATGTTGCGCTTGATGGATT	AAUCCAUCAAGCGCAACAUUUGGAGUGUCA	0
NM_006219.3:2800-2829	NM_006219.3	NM_006219.3.fasta	2800	2829	+	30	GACACTCCAAATGTTGCGCTTGATGGATTT	AAAUCCAUCAAGCGCAACAUUUGGAGUGUC	0
NM_006219.3:2801-2830	NM_006219.3	NM_006219.3.fasta	2801	2830	+	30	ACACTCCAAATGTTGCGCTTGATGGATTTA	UAAAUCCAUCAAGCGCAACAUUUGGAGUGU	0
NM_006219.3:2802-2831	NM_006219.3	NM_006219.3.fasta	2802	2831	+	30	CACTCCAAATGTTGCGCTTGATGGATTTAC	GUAAAUCCAUCAAGCGCAACAUUUGGAGUG	0
NM_006219.3:2803-2832	NM_006219.3	NM_006219.3.fasta	2803	2832	+	30	ACTCCAAATGTTGCGCTTGATGGATTTACT	AGUAAAUCCAUCAAGCGCAACAUUUGGAGU	0
NM_006219.3:2804-2833	NM_006219.3	NM_006219.3.fasta	2804	2833	+	30	CTCCAAATGTTGCGCTTGATGGATTTACTC	GAGUAAAUCCAUCAAGCGCAACAUUUGGAG	0
NM_006219.3:2805-2834	NM_006219.3	NM_006219.3.fasta	2805	2834	+	30	TCCAAATGTTGCGCTTGATGGATTTACTCT	AGAGUAAAUCCAUCAAGCGCAACAUUUGGA	0
NM_006219.3:2806-2835	NM_006219.3	NM_006219.3.fasta	2806	2835	+	30	CCAAATGTTGCGCTTGATGGATTTACTCTG	CAGAGUAAAUCCAUCAAGCGCAACAUUUGG	0
NM_006219.3:2807-2836	NM_006219.3	NM_006219.3.fasta	2807	2836	+	30	CAAATGTTGCGCTTGATGGATTTACTCTGG	CCAGAGUAAAUCCAUCAAGCGCAACAUUUG	0
NM_006219.3:2808-2837	NM_006219.3	NM_006219.3.fasta	2808	2837	+	30	AAATGTTGCGCTTGATGGATTTACTCTGGA	UCCAGAGUAAAUCCAUCAAGCGCAACAUUU	0
NM_006219.3:2809-2838	NM_006219.3	NM_006219.3.fasta	2809	2838	+	30	AATGTTGCGCTTGATGGATTTACTCTGGAA	UUCCAGAGUAAAUCCAUCAAGCGCAACAUU	0
NM_006219.3:2810-2839	NM_006219.3	NM_006219.3.fasta	2810	2839	+	30	ATGTTGCGCTTGATGGATTTACTCTGGAAA	UUUCCAGAGUAAAUCCAUCAAGCGCAACAU	0
NM_006219.3:2811-2840	NM_006219.3	NM_006219.3.fasta	2811	2840	+	30	TGTTGCGCTTGATGGATTTACTCTGGAAAG	CUUUCCAGAGUAAAUCCAUCAAGCGCAACA	0
NM_006219.3:2812-2841	NM_006219.3	NM_006219.3.fasta	2812	2841	+	30	GTTGCGCTTGATGGATTTACTCTGGAAAGA	UCUUUCCAGAGUAAAUCCAUCAAGCGCAAC	0
NM_006219.3:2813-2842	NM_006219.3	NM_006219.3.fasta	2813	2842	+	30	TTGCGCTTGATGGATTTACTCTGGAAAGAA	UUCUUUCCAGAGUAAAUCCAUCAAGCGCAA	0
NM_006219.3:2814-2843	NM_006219.3	NM_006219.3.fasta	2814	2843	+	30	TGCGCTTGATGGATTTACTCTGGAAAGAAG	CUUCUUUCCAGAGUAAAUCCAUCAAGCGCA	0
NM_006219.3:2815-2844	NM_006219.3	NM_006219.3.fasta	2815	2844	+	30	GCGCTTGATGGATTTACTCTGGAAAGAAGC	GCUUCUUUCCAGAGUAAAUCCAUCAAGCGC	0
NM_006219.3:2816-2845	NM_006219.3	NM_006219.3.fasta	2816	2845	+	30	CGCTTGATGGATTTACTCTGGAAAGAAGCT	AGCUUCUUUCCAGAGUAAAUCCAUCAAGCG	0
NM_006219.3:2817-2846	NM_006219.3	NM_006219.3.fasta	2817	2846	+	30	GCTTGATGGATTTACTCTGGAAAGAAGCTG	CAGCUUCUUUCCAGAGUAAAUCCAUCAAGC	0
NM_006219.3:2818-2847	NM_006219.3	NM_006219.3.fasta	2818	2847	+	30	CTTGATGGATTTACTCTGGAAAGAAGCTGG	CCAGCUUCUUUCCAGAGUAAAUCCAUCAAG	0
NM_006219.3:2819-2848	NM_006219.3	NM_006219.3.fasta	2819	2848	+	30	TTGATGGATTTACTCTGGAAAGAAGCTGGT	ACCAGCUUCUUUCCAGAGUAAAUCCAUCAA	0
NM_006219.3:2820-2849	NM_006219.3	NM_006219.3.fasta	2820	2849	+	30	TGATGGATTTACTCTGGAAAGAAGCTGGTT	AACCAGCUUCUUUCCAGAGUAAAUCCAUCA	0
NM_006219.3:2821-2850	NM_006219.3	NM_006219.3.fasta	2821	2850	+	30	GATGGATTTACTCTGGAAAGAAGCTGGTTT	AAACCAGCUUCUUUCCAGAGUAAAUCCAUC	0
NM_006219.3:2822-2851	NM_006219.3	NM_006219.3.fasta	2822	2851	+	30	ATGGATTTACTCTGGAAAGAAGCTGGTTTG	CAAACCAGCUUCUUUCCAGAGUAAAUCCAU	0
NM_006219.3:2823-2852	NM_006219.3	NM_006219.3.fasta	2823	2852	+	30	TGGATTTACTCTGGAAAGAAGCTGGTTTGG	CCAAACCAGCUUCUUUCCAGAGUAAAUCCA	0
NM_006219.3:2824-2853	NM_006219.3	NM_006219.3.fasta	2824	2853	+	30	GGATTTACTCTGGAAAGAAGCTGGTTTGGA	UCCAAACCAGCUUCUUUCCAGAGUAAAUCC	0
NM_006219.3:2825-2854	NM_006219.3	NM_006219.3.fasta	2825	2854	+	30	GATTTACTCTGGAAAGAAGCTGGTTTGGAT	AUCCAAACCAGCUUCUUUCCAGAGUAAAUC	0
NM_006219.3:2826-2855	NM_006219.3	NM_006219.3.fasta	2826	2855	+	30	ATTTACTCTGGAAAGAAGCTGGTTTGGATC	GAUCCAAACCAGCUUCUUUCCAGAGUAAAU	0
NM_006219.3:2827-2856	NM_006219.3	NM_006219.3.fasta	2827	2856	+	30	TTTACTCTGGAAAGAAGCTGGTTTGGATCT	AGAUCCAAACCAGCUUCUUUCCAGAGUAAA	0
NM_006219.3:2828-2857	NM_006219.3	NM_006219.3.fasta	2828	2857	+	30	TTACTCTGGAAAGAAGCTGGTTTGGATCTT	AAGAUCCAAACCAGCUUCUUUCCAGAGUAA	0
NM_006219.3:2829-2858	NM_006219.3	NM_006219.3.fasta	2829	2858	+	30	TACTCTGGAAAGAAGCTGGTTTGGATCTTC	GAAGAUCCAAACCAGCUUCUUUCCAGAGUA	0
NM_006219.3:2830-2859	NM_006219.3	NM_006219.3.fasta	2830	2859	+	30	ACTCTGGAAAGAAGCTGGTTTGGATCTTCG	CGAAGAUCCAAACCAGCUUCUUUCCAGAGU	0
NM_006219.3:2831-2860	NM_006219.3	NM_006219.3.fasta	2831	2860	+	30	CTCTGGAAAGAAGCTGGTTTGGATCTTCGG	CCGAAGAUCCAAACCAGCUUCUUUCCAGAG	0
NM_006219.3:2832-2861	NM_006219.3	NM_006219.3.fasta	2832	2861	+	30	TCTGGAAAGAAGCTGGTTTGGATCTTCGGA	UCCGAAGAUCCAAACCAGCUUCUUUCCAGA	0
NM_006219.3:2833-2862	NM_006219.3	NM_006219.3.fasta	2833	2862	+	30	CTGGAAAGAAGCTGGTTTGGATCTTCGGAT	AUCCGAAGAUCCAAACCAGCUUCUUUCCAG	0
NM_006219.3:2834-2863	NM_006219.3	NM_006219.3.fasta	2834	2863	+	30	TGGAAAGAAGCTGGTTTGGATCTTCGGATG	CAUCCGAAGAUCCAAACCAGCUUCUUUCCA	0
NM_006219.3:2835-2864	NM_006219.3	NM_006219.3.fasta	2835	2864	+	30	GGAAAGAAGCTGGTTTGGATCTTCGGATGT	ACAUCCGAAGAUCCAAACCAGCUUCUUUCC	0
NM_006219.3:2836-2865	NM_006219.3	NM_006219.3.fasta	2836	2865	+	30	GAAAGAAGCTGGTTTGGATCTTCGGATGTT	AACAUCCGAAGAUCCAAACCAGCUUCUUUC	0
NM_006219.3:2837-2866	NM_006219.3	NM_006219.3.fasta	2837	2866	+	30	AAAGAAGCTGGTTTGGATCTTCGGATGTTG	CAACAUCCGAAGAUCCAAACCAGCUUCUUU	0
NM_006219.3:2838-2867	NM_006219.3	NM_006219.3.fasta	2838	2867	+	30	AAGAAGCTGGTTTGGATCTTCGGATGTTGC	GCAACAUCCGAAGAUCCAAACCAGCUUCUU	0
NM_006219.3:2839-2868	NM_006219.3	NM_006219.3.fasta	2839	2868	+	30	AGAAGCTGGTTTGGATCTTCGGATGTTGCC	GGCAACAUCCGAAGAUCCAAACCAGCUUCU	0
NM_006219.3:2840-2869	NM_006219.3	NM_006219.3.fasta	2840	2869	+	30	GAAGCTGGTTTGGATCTTCGGATGTTGCCT	AGGCAACAUCCGAAGAUCCAAACCAGCUUC	0
NM_006219.3:2841-2870	NM_006219.3	NM_006219.3.fasta	2841	2870	+	30	AAGCTGGTTTGGATCTTCGGATGTTGCCTT	AAGGCAACAUCCGAAGAUCCAAACCAGCUU	0
NM_006219.3:2842-2871	NM_006219.3	NM_006219.3.fasta	2842	2871	+	30	AGCTGGTTTGGATCTTCGGATGTTGCCTTA	UAAGGCAACAUCCGAAGAUCCAAACCAGCU	0
NM_006219.3:2843-2872	NM_006219.3	NM_006219.3.fasta	2843	2872	+	30	GCTGGTTTGGATCTTCGGATGTTGCCTTAT	AUAAGGCAACAUCCGAAGAUCCAAACCAGC	0
NM_006219.3:2844-2873	NM_006219.3	NM_006219.3.fasta	2844	2873	+	30	CTGGTTTGGATCTTCGGATGTTGCCTTATG	CAUAAGGCAACAUCCGAAGAUCCAAACCAG	0
NM_006219.3:2845-2874	NM_006219.3	NM_006219.3.fasta	2845	2874	+	30	TGGTTTGGATCTTCGGATGTTGCCTTATGG	CCAUAAGGCAACAUCCGAAGAUCCAAACCA	0
NM_006219.3:2846-2875	NM_006219.3	NM_006219.3.fasta	2846	2875	+	30	GGTTTGGATCTTCGGATGTTGCCTTATGGC	GCCAUAAGGCAACAUCCGAAGAUCCAAACC	0
NM_006219.3:2847-2876	NM_006219.3	NM_006219.3.fasta	2847	2876	+	30	GTTTGGATCTTCGGATGTTGCCTTATGGCT	AGCCAUAAGGCAACAUCCGAAGAUCCAAAC	0
NM_006219.3:2848-2877	NM_006219.3	NM_006219.3.fasta	2848	2877	+	30	TTTGGATCTTCGGATGTTGCCTTATGGCTG	CAGCCAUAAGGCAACAUCCGAAGAUCCAAA	0
NM_006219.3:2849-2878	NM_006219.3	NM_006219.3.fasta	2849	2878	+	30	TTGGATCTTCGGATGTTGCCTTATGGCTGT	ACAGCCAUAAGGCAACAUCCGAAGAUCCAA	0
NM_006219.3:2850-2879	NM_006219.3	NM_006219.3.fasta	2850	2879	+	30	TGGATCTTCGGATGTTGCCTTATGGCTGTT	AACAGCCAUAAGGCAACAUCCGAAGAUCCA	0
NM_006219.3:2851-2880	NM_006219.3	NM_006219.3.fasta	2851	2880	+	30	GGATCTTCGGATGTTGCCTTATGGCTGTTT	AAACAGCCAUAAGGCAACAUCCGAAGAUCC	0
NM_006219.3:2852-2881	NM_006219.3	NM_006219.3.fasta	2852	2881	+	30	GATCTTCGGATGTTGCCTTATGGCTGTTTA	UAAACAGCCAUAAGGCAACAUCCGAAGAUC	0
NM_006219.3:2853-2882	NM_006219.3	NM_006219.3.fasta	2853	2882	+	30	ATCTTCGGATGTTGCCTTATGGCTGTTTAG	CUAAACAGCCAUAAGGCAACAUCCGAAGAU	0
NM_006219.3:2854-2883	NM_006219.3	NM_006219.3.fasta	2854	2883	+	30	TCTTCGGATGTTGCCTTATGGCTGTTTAGC	GCUAAACAGCCAUAAGGCAACAUCCGAAGA	0
NM_006219.3:2855-2884	NM_006219.3	NM_006219.3.fasta	2855	2884	+	30	CTTCGGATGTTGCCTTATGGCTGTTTAGCA	UGCUAAACAGCCAUAAGGCAACAUCCGAAG	0
NM_006219.3:2856-2885	NM_006219.3	NM_006219.3.fasta	2856	2885	+	30	TTCGGATGTTGCCTTATGGCTGTTTAGCAA	UUGCUAAACAGCCAUAAGGCAACAUCCGAA	0
NM_006219.3:2857-2886	NM_006219.3	NM_006219.3.fasta	2857	2886	+	30	TCGGATGTTGCCTTATGGCTGTTTAGCAAC	GUUGCUAAACAGCCAUAAGGCAACAUCCGA	0
NM_006219.3:2858-2887	NM_006219.3	NM_006219.3.fasta	2858	2887	+	30	CGGATGTTGCCTTATGGCTGTTTAGCAACA	UGUUGCUAAACAGCCAUAAGGCAACAUCCG	0
NM_006219.3:2859-2888	NM_006219.3	NM_006219.3.fasta	2859	2888	+	30	GGATGTTGCCTTATGGCTGTTTAGCAACAG	CUGUUGCUAAACAGCCAUAAGGCAACAUCC	0
NM_006219.3:2860-2889	NM_006219.3	NM_006219.3.fasta	2860	2889	+	30	GATGTTGCCTTATGGCTGTTTAGCAACAGG	CCUGUUGCUAAACAGCCAUAAGGCAACAUC	0
NM_006219.3:2861-2890	NM_006219.3	NM_006219.3.fasta	2861	2890	+	30	ATGTTGCCTTATGGCTGTTTAGCAACAGGA	UCCUGUUGCUAAACAGCCAUAAGGCAACAU	0
NM_006219.3:2862-2891	NM_006219.3	NM_006219.3.fasta	2862	2891	+	30	TGTTGCCTTATGGCTGTTTAGCAACAGGAG	CUCCUGUUGCUAAACAGCCAUAAGGCAACA	0
NM_006219.3:2863-2892	NM_006219.3	NM_006219.3.fasta	2863	2892	+	30	GTTGCCTTATGGCTGTTTAGCAACAGGAGA	UCUCCUGUUGCUAAACAGCCAUAAGGCAAC	0
NM_006219.3:2864-2893	NM_006219.3	NM_006219.3.fasta	2864	2893	+	30	TTGCCTTATGGCTGTTTAGCAACAGGAGAT	AUCUCCUGUUGCUAAACAGCCAUAAGGCAA	0
NM_006219.3:2865-2894	NM_006219.3	NM_006219.3.fasta	2865	2894	+	30	TGCCTTATGGCTGTTTAGCAACAGGAGATC	GAUCUCCUGUUGCUAAACAGCCAUAAGGCA	0
NM_006219.3:2866-2895	NM_006219.3	NM_006219.3.fasta	2866	2895	+	30	GCCTTATGGCTGTTTAGCAACAGGAGATCG	CGAUCUCCUGUUGCUAAACAGCCAUAAGGC	0
NM_006219.3:2867-2896	NM_006219.3	NM_006219.3.fasta	2867	2896	+	30	CCTTATGGCTGTTTAGCAACAGGAGATCGC	GCGAUCUCCUGUUGCUAAACAGCCAUAAGG	0
NM_006219.3:2868-2897	NM_006219.3	NM_006219.3.fasta	2868	2897	+	30	CTTATGGCTGTTTAGCAACAGGAGATCGCT	AGCGAUCUCCUGUUGCUAAACAGCCAUAAG	0
NM_006219.3:2869-2898	NM_006219.3	NM_006219.3.fasta	2869	2898	+	30	TTATGGCTGTTTAGCAACAGGAGATCGCTC	GAGCGAUCUCCUGUUGCUAAACAGCCAUAA	0
NM_006219.3:2870-2899	NM_006219.3	NM_006219.3.fasta	2870	2899	+	30	TATGGCTGTTTAGCAACAGGAGATCGCTCT	AGAGCGAUCUCCUGUUGCUAAACAGCCAUA	0
NM_006219.3:2871-2900	NM_006219.3	NM_006219.3.fasta	2871	2900	+	30	ATGGCTGTTTAGCAACAGGAGATCGCTCTG	CAGAGCGAUCUCCUGUUGCUAAACAGCCAU	0
NM_006219.3:2872-2901	NM_006219.3	NM_006219.3.fasta	2872	2901	+	30	TGGCTGTTTAGCAACAGGAGATCGCTCTGG	CCAGAGCGAUCUCCUGUUGCUAAACAGCCA	0
NM_006219.3:2873-2902	NM_006219.3	NM_006219.3.fasta	2873	2902	+	30	GGCTGTTTAGCAACAGGAGATCGCTCTGGC	GCCAGAGCGAUCUCCUGUUGCUAAACAGCC	0
NM_006219.3:2874-2903	NM_006219.3	NM_006219.3.fasta	2874	2903	+	30	GCTGTTTAGCAACAGGAGATCGCTCTGGCC	GGCCAGAGCGAUCUCCUGUUGCUAAACAGC	0
NM_006219.3:2875-2904	NM_006219.3	NM_006219.3.fasta	2875	2904	+	30	CTGTTTAGCAACAGGAGATCGCTCTGGCCT	AGGCCAGAGCGAUCUCCUGUUGCUAAACAG	0
NM_006219.3:2876-2905	NM_006219.3	NM_006219.3.fasta	2876	2905	+	30	TGTTTAGCAACAGGAGATCGCTCTGGCCTC	GAGGCCAGAGCGAUCUCCUGUUGCUAAACA	0
NM_006219.3:2877-2906	NM_006219.3	NM_006219.3.fasta	2877	2906	+	30	GTTTAGCAACAGGAGATCGCTCTGGCCTCA	UGAGGCCAGAGCGAUCUCCUGUUGCUAAAC	0
NM_006219.3:2878-2907	NM_006219.3	NM_006219.3.fasta	2878	2907	+	30	TTTAGCAACAGGAGATCGCTCTGGCCTCAT	AUGAGGCCAGAGCGAUCUCCUGUUGCUAAA	0
NM_006219.3:2879-2908	NM_006219.3	NM_006219.3.fasta	2879	2908	+	30	TTAGCAACAGGAGATCGCTCTGGCCTCATT	AAUGAGGCCAGAGCGAUCUCCUGUUGCUAA	0
NM_006219.3:2880-2909	NM_006219.3	NM_006219.3.fasta	2880	2909	+	30	TAGCAACAGGAGATCGCTCTGGCCTCATTG	CAAUGAGGCCAGAGCGAUCUCCUGUUGCUA	0
NM_006219.3:2881-2910	NM_006219.3	NM_006219.3.fasta	2881	2910	+	30	AGCAACAGGAGATCGCTCTGGCCTCATTGA	UCAAUGAGGCCAGAGCGAUCUCCUGUUGCU	0
NM_006219.3:2882-2911	NM_006219.3	NM_006219.3.fasta	2882	2911	+	30	GCAACAGGAGATCGCTCTGGCCTCATTGAA	UUCAAUGAGGCCAGAGCGAUCUCCUGUUGC	0
NM_006219.3:2883-2912	NM_006219.3	NM_006219.3.fasta	2883	2912	+	30	CAACAGGAGATCGCTCTGGCCTCATTGAAG	CUUCAAUGAGGCCAGAGCGAUCUCCUGUUG	0
NM_006219.3:2884-2913	NM_006219.3	NM_006219.3.fasta	2884	2913	+	30	AACAGGAGATCGCTCTGGCCTCATTGAAGT	ACUUCAAUGAGGCCAGAGCGAUCUCCUGUU	0
NM_006219.3:2885-2914	NM_006219.3	NM_006219.3.fasta	2885	2914	+	30	ACAGGAGATCGCTCTGGCCTCATTGAAGTT	AACUUCAAUGAGGCCAGAGCGAUCUCCUGU	0
NM_006219.3:2886-2915	NM_006219.3	NM_006219.3.fasta	2886	2915	+	30	CAGGAGATCGCTCTGGCCTCATTGAAGTTG	CAACUUCAAUGAGGCCAGAGCGAUCUCCUG	0
NM_006219.3:2887-2916	NM_006219.3	NM_006219.3.fasta	2887	2916	+	30	AGGAGATCGCTCTGGCCTCATTGAAGTTGT	ACAACUUCAAUGAGGCCAGAGCGAUCUCCU	0
NM_006219.3:2888-2917	NM_006219.3	NM_006219.3.fasta	2888	2917	+	30	GGAGATCGCTCTGGCCTCATTGAAGTTGTG	CACAACUUCAAUGAGGCCAGAGCGAUCUCC	0
NM_006219.3:2889-2918	NM_006219.3	NM_006219.3.fasta	2889	2918	+	30	GAGATCGCTCTGGCCTCATTGAAGTTGTGA	UCACAACUUCAAUGAGGCCAGAGCGAUCUC	0
NM_006219.3:2890-2919	NM_006219.3	NM_006219.3.fasta	2890	2919	+	30	AGATCGCTCTGGCCTCATTGAAGTTGTGAG	CUCACAACUUCAAUGAGGCCAGAGCGAUCU	0
NM_006219.3:2891-2920	NM_006219.3	NM_006219.3.fasta	2891	2920	+	30	GATCGCTCTGGCCTCATTGAAGTTGTGAGC	GCUCACAACUUCAAUGAGGCCAGAGCGAUC	0
NM_006219.3:2892-2921	NM_006219.3	NM_006219.3.fasta	2892	2921	+	30	ATCGCTCTGGCCTCATTGAAGTTGTGAGCA	UGCUCACAACUUCAAUGAGGCCAGAGCGAU	0
NM_006219.3:2893-2922	NM_006219.3	NM_006219.3.fasta	2893	2922	+	30	TCGCTCTGGCCTCATTGAAGTTGTGAGCAC	GUGCUCACAACUUCAAUGAGGCCAGAGCGA	0
NM_006219.3:2894-2923	NM_006219.3	NM_006219.3.fasta	2894	2923	+	30	CGCTCTGGCCTCATTGAAGTTGTGAGCACC	GGUGCUCACAACUUCAAUGAGGCCAGAGCG	0
NM_006219.3:2895-2924	NM_006219.3	NM_006219.3.fasta	2895	2924	+	30	GCTCTGGCCTCATTGAAGTTGTGAGCACCT	AGGUGCUCACAACUUCAAUGAGGCCAGAGC	0
NM_006219.3:2896-2925	NM_006219.3	NM_006219.3.fasta	2896	2925	+	30	CTCTGGCCTCATTGAAGTTGTGAGCACCTC	GAGGUGCUCACAACUUCAAUGAGGCCAGAG	0
NM_006219.3:2897-2926	NM_006219.3	NM_006219.3.fasta	2897	2926	+	30	TCTGGCCTCATTGAAGTTGTGAGCACCTCT	AGAGGUGCUCACAACUUCAAUGAGGCCAGA	0
NM_006219.3:2898-2927	NM_006219.3	NM_006219.3.fasta	2898	2927	+	30	CTGGCCTCATTGAAGTTGTGAGCACCTCTG	CAGAGGUGCUCACAACUUCAAUGAGGCCAG	0
NM_006219.3:2899-2928	NM_006219.3	NM_006219.3.fasta	2899	2928	+	30	TGGCCTCATTGAAGTTGTGAGCACCTCTGA	UCAGAGGUGCUCACAACUUCAAUGAGGCCA	0
NM_006219.3:2900-2929	NM_006219.3	NM_006219.3.fasta	2900	2929	+	30	GGCCTCATTGAAGTTGTGAGCACCTCTGAA	UUCAGAGGUGCUCACAACUUCAAUGAGGCC	0
NM_006219.3:2901-2930	NM_006219.3	NM_006219.3.fasta	2901	2930	+	30	GCCTCATTGAAGTTGTGAGCACCTCTGAAA	UUUCAGAGGUGCUCACAACUUCAAUGAGGC	0
NM_006219.3:2902-2931	NM_006219.3	NM_006219.3.fasta	2902	2931	+	30	CCTCATTGAAGTTGTGAGCACCTCTGAAAC	GUUUCAGAGGUGCUCACAACUUCAAUGAGG	0
NM_006219.3:2903-2932	NM_006219.3	NM_006219.3.fasta	2903	2932	+	30	CTCATTGAAGTTGTGAGCACCTCTGAAACA	UGUUUCAGAGGUGCUCACAACUUCAAUGAG	0
NM_006219.3:2904-2933	NM_006219.3	NM_006219.3.fasta	2904	2933	+	30	TCATTGAAGTTGTGAGCACCTCTGAAACAA	UUGUUUCAGAGGUGCUCACAACUUCAAUGA	0
NM_006219.3:2905-2934	NM_006219.3	NM_006219.3.fasta	2905	2934	+	30	CATTGAAGTTGTGAGCACCTCTGAAACAAT	AUUGUUUCAGAGGUGCUCACAACUUCAAUG	0
NM_006219.3:2906-2935	NM_006219.3	NM_006219.3.fasta	2906	2935	+	30	ATTGAAGTTGTGAGCACCTCTGAAACAATT	AAUUGUUUCAGAGGUGCUCACAACUUCAAU	0
NM_006219.3:2907-2936	NM_006219.3	NM_006219.3.fasta	2907	2936	+	30	TTGAAGTTGTGAGCACCTCTGAAACAATTG	CAAUUGUUUCAGAGGUGCUCACAACUUCAA	0
NM_006219.3:2908-2937	NM_006219.3	NM_006219.3.fasta	2908	2937	+	30	TGAAGTTGTGAGCACCTCTGAAACAATTGC	GCAAUUGUUUCAGAGGUGCUCACAACUUCA	0
NM_006219.3:2909-2938	NM_006219.3	NM_006219.3.fasta	2909	2938	+	30	GAAGTTGTGAGCACCTCTGAAACAATTGCT	AGCAAUUGUUUCAGAGGUGCUCACAACUUC	0
NM_006219.3:2910-2939	NM_006219.3	NM_006219.3.fasta	2910	2939	+	30	AAGTTGTGAGCACCTCTGAAACAATTGCTG	CAGCAAUUGUUUCAGAGGUGCUCACAACUU	0
NM_006219.3:2911-2940	NM_006219.3	NM_006219.3.fasta	2911	2940	+	30	AGTTGTGAGCACCTCTGAAACAATTGCTGA	UCAGCAAUUGUUUCAGAGGUGCUCACAACU	0
NM_006219.3:2912-2941	NM_006219.3	NM_006219.3.fasta	2912	2941	+	30	GTTGTGAGCACCTCTGAAACAATTGCTGAC	GUCAGCAAUUGUUUCAGAGGUGCUCACAAC	0
NM_006219.3:2913-2942	NM_006219.3	NM_006219.3.fasta	2913	2942	+	30	TTGTGAGCACCTCTGAAACAATTGCTGACA	UGUCAGCAAUUGUUUCAGAGGUGCUCACAA	0
NM_006219.3:2914-2943	NM_006219.3	NM_006219.3.fasta	2914	2943	+	30	TGTGAGCACCTCTGAAACAATTGCTGACAT	AUGUCAGCAAUUGUUUCAGAGGUGCUCACA	0
NM_006219.3:2915-2944	NM_006219.3	NM_006219.3.fasta	2915	2944	+	30	GTGAGCACCTCTGAAACAATTGCTGACATT	AAUGUCAGCAAUUGUUUCAGAGGUGCUCAC	0
NM_006219.3:2916-2945	NM_006219.3	NM_006219.3.fasta	2916	2945	+	30	TGAGCACCTCTGAAACAATTGCTGACATTC	GAAUGUCAGCAAUUGUUUCAGAGGUGCUCA	0
NM_006219.3:2917-2946	NM_006219.3	NM_006219.3.fasta	2917	2946	+	30	GAGCACCTCTGAAACAATTGCTGACATTCA	UGAAUGUCAGCAAUUGUUUCAGAGGUGCUC	0
NM_006219.3:2918-2947	NM_006219.3	NM_006219.3.fasta	2918	2947	+	30	AGCACCTCTGAAACAATTGCTGACATTCAG	CUGAAUGUCAGCAAUUGUUUCAGAGGUGCU	0
NM_006219.3:2919-2948	NM_006219.3	NM_006219.3.fasta	2919	2948	+	30	GCACCTCTGAAACAATTGCTGACATTCAGC	GCUGAAUGUCAGCAAUUGUUUCAGAGGUGC	0
NM_006219.3:2920-2949	NM_006219.3	NM_006219.3.fasta	2920	2949	+	30	CACCTCTGAAACAATTGCTGACATTCAGCT	AGCUGAAUGUCAGCAAUUGUUUCAGAGGUG	0
NM_006219.3:2921-2950	NM_006219.3	NM_006219.3.fasta	2921	2950	+	30	ACCTCTGAAACAATTGCTGACATTCAGCTG	CAGCUGAAUGUCAGCAAUUGUUUCAGAGGU	0
NM_006219.3:2922-2951	NM_006219.3	NM_006219.3.fasta	2922	2951	+	30	CCTCTGAAACAATTGCTGACATTCAGCTGA	UCAGCUGAAUGUCAGCAAUUGUUUCAGAGG	0
NM_006219.3:2923-2952	NM_006219.3	NM_006219.3.fasta	2923	2952	+	30	CTCTGAAACAATTGCTGACATTCAGCTGAA	UUCAGCUGAAUGUCAGCAAUUGUUUCAGAG	0
NM_006219.3:2924-2953	NM_006219.3	NM_006219.3.fasta	2924	2953	+	30	TCTGAAACAATTGCTGACATTCAGCTGAAC	GUUCAGCUGAAUGUCAGCAAUUGUUUCAGA	0
NM_006219.3:2925-2954	NM_006219.3	NM_006219.3.fasta	2925	2954	+	30	CTGAAACAATTGCTGACATTCAGCTGAACA	UGUUCAGCUGAAUGUCAGCAAUUGUUUCAG	0
NM_006219.3:2926-2955	NM_006219.3	NM_006219.3.fasta	2926	2955	+	30	TGAAACAATTGCTGACATTCAGCTGAACAG	CUGUUCAGCUGAAUGUCAGCAAUUGUUUCA	0
NM_006219.3:2927-2956	NM_006219.3	NM_006219.3.fasta	2927	2956	+	30	GAAACAATTGCTGACATTCAGCTGAACAGT	ACUGUUCAGCUGAAUGUCAGCAAUUGUUUC	0
NM_006219.3:2928-2957	NM_006219.3	NM_006219.3.fasta	2928	2957	+	30	AAACAATTGCTGACATTCAGCTGAACAGTA	UACUGUUCAGCUGAAUGUCAGCAAUUGUUU	0
NM_006219.3:2929-2958	NM_006219.3	NM_006219.3.fasta	2929	2958	+	30	AACAATTGCTGACATTCAGCTGAACAGTAG	CUACUGUUCAGCUGAAUGUCAGCAAUUGUU	0
NM_006219.3:2930-2959	NM_006219.3	NM_006219.3.fasta	2930	2959	+	30	ACAATTGCTGACATTCAGCTGAACAGTAGC	GCUACUGUUCAGCUGAAUGUCAGCAAUUGU	0
NM_006219.3:2931-2960	NM_006219.3	NM_006219.3.fasta	2931	2960	+	30	CAATTGCTGACATTCAGCTGAACAGTAGCA	UGCUACUGUUCAGCUGAAUGUCAGCAAUUG	0
NM_006219.3:2932-2961	NM_006219.3	NM_006219.3.fasta	2932	2961	+	30	AATTGCTGACATTCAGCTGAACAGTAGCAA	UUGCUACUGUUCAGCUGAAUGUCAGCAAUU	0
NM_006219.3:2933-2962	NM_006219.3	NM_006219.3.fasta	2933	2962	+	30	ATTGCTGACATTCAGCTGAACAGTAGCAAT	AUUGCUACUGUUCAGCUGAAUGUCAGCAAU	0
NM_006219.3:2934-2963	NM_006219.3	NM_006219.3.fasta	2934	2963	+	30	TTGCTGACATTCAGCTGAACAGTAGCAATG	CAUUGCUACUGUUCAGCUGAAUGUCAGCAA	0
NM_006219.3:2935-2964	NM_006219.3	NM_006219.3.fasta	2935	2964	+	30	TGCTGACATTCAGCTGAACAGTAGCAATGT	ACAUUGCUACUGUUCAGCUGAAUGUCAGCA	0
NM_006219.3:2936-2965	NM_006219.3	NM_006219.3.fasta	2936	2965	+	30	GCTGACATTCAGCTGAACAGTAGCAATGTG	CACAUUGCUACUGUUCAGCUGAAUGUCAGC	0
NM_006219.3:2937-2966	NM_006219.3	NM_006219.3.fasta	2937	2966	+	30	CTGACATTCAGCTGAACAGTAGCAATGTGG	CCACAUUGCUACUGUUCAGCUGAAUGUCAG	0
NM_006219.3:2938-2967	NM_006219.3	NM_006219.3.fasta	2938	2967	+	30	TGACATTCAGCTGAACAGTAGCAATGTGGC	GCCACAUUGCUACUGUUCAGCUGAAUGUCA	0
NM_006219.3:2939-2968	NM_006219.3	NM_006219.3.fasta	2939	2968	+	30	GACATTCAGCTGAACAGTAGCAATGTGGCT	AGCCACAUUGCUACUGUUCAGCUGAAUGUC	0
NM_006219.3:2940-2969	NM_006219.3	NM_006219.3.fasta	2940	2969	+	30	ACATTCAGCTGAACAGTAGCAATGTGGCTG	CAGCCACAUUGCUACUGUUCAGCUGAAUGU	0
NM_006219.3:2941-2970	NM_006219.3	NM_006219.3.fasta	2941	2970	+	30	CATTCAGCTGAACAGTAGCAATGTGGCTGC	GCAGCCACAUUGCUACUGUUCAGCUGAAUG	0
NM_006219.3:2942-2971	NM_006219.3	NM_006219.3.fasta	2942	2971	+	30	ATTCAGCTGAACAGTAGCAATGTGGCTGCT	AGCAGCCACAUUGCUACUGUUCAGCUGAAU	0
NM_006219.3:2943-2972	NM_006219.3	NM_006219.3.fasta	2943	2972	+	30	TTCAGCTGAACAGTAGCAATGTGGCTGCTG	CAGCAGCCACAUUGCUACUGUUCAGCUGAA	0
NM_006219.3:2944-2973	NM_006219.3	NM_006219.3.fasta	2944	2973	+	30	TCAGCTGAACAGTAGCAATGTGGCTGCTGC	GCAGCAGCCACAUUGCUACUGUUCAGCUGA	0
NM_006219.3:2945-2974	NM_006219.3	NM_006219.3.fasta	2945	2974	+	30	CAGCTGAACAGTAGCAATGTGGCTGCTGCA	UGCAGCAGCCACAUUGCUACUGUUCAGCUG	0
NM_006219.3:2946-2975	NM_006219.3	NM_006219.3.fasta	2946	2975	+	30	AGCTGAACAGTAGCAATGTGGCTGCTGCAG	CUGCAGCAGCCACAUUGCUACUGUUCAGCU	0
NM_006219.3:2947-2976	NM_006219.3	NM_006219.3.fasta	2947	2976	+	30	GCTGAACAGTAGCAATGTGGCTGCTGCAGC	GCUGCAGCAGCCACAUUGCUACUGUUCAGC	0
NM_006219.3:2948-2977	NM_006219.3	NM_006219.3.fasta	2948	2977	+	30	CTGAACAGTAGCAATGTGGCTGCTGCAGCA	UGCUGCAGCAGCCACAUUGCUACUGUUCAG	0
NM_006219.3:2949-2978	NM_006219.3	NM_006219.3.fasta	2949	2978	+	30	TGAACAGTAGCAATGTGGCTGCTGCAGCAG	CUGCUGCAGCAGCCACAUUGCUACUGUUCA	0
NM_006219.3:2950-2979	NM_006219.3	NM_006219.3.fasta	2950	2979	+	30	GAACAGTAGCAATGTGGCTGCTGCAGCAGC	GCUGCUGCAGCAGCCACAUUGCUACUGUUC	0
NM_006219.3:2951-2980	NM_006219.3	NM_006219.3.fasta	2951	2980	+	30	AACAGTAGCAATGTGGCTGCTGCAGCAGCC	GGCUGCUGCAGCAGCCACAUUGCUACUGUU	0
NM_006219.3:2952-2981	NM_006219.3	NM_006219.3.fasta	2952	2981	+	30	ACAGTAGCAATGTGGCTGCTGCAGCAGCCT	AGGCUGCUGCAGCAGCCACAUUGCUACUGU	0
NM_006219.3:2953-2982	NM_006219.3	NM_006219.3.fasta	2953	2982	+	30	CAGTAGCAATGTGGCTGCTGCAGCAGCCTT	AAGGCUGCUGCAGCAGCCACAUUGCUACUG	0
NM_006219.3:2954-2983	NM_006219.3	NM_006219.3.fasta	2954	2983	+	30	AGTAGCAATGTGGCTGCTGCAGCAGCCTTC	GAAGGCUGCUGCAGCAGCCACAUUGCUACU	0
NM_006219.3:2955-2984	NM_006219.3	NM_006219.3.fasta	2955	2984	+	30	GTAGCAATGTGGCTGCTGCAGCAGCCTTCA	UGAAGGCUGCUGCAGCAGCCACAUUGCUAC	0
NM_006219.3:2956-2985	NM_006219.3	NM_006219.3.fasta	2956	2985	+	30	TAGCAATGTGGCTGCTGCAGCAGCCTTCAA	UUGAAGGCUGCUGCAGCAGCCACAUUGCUA	0
NM_006219.3:2957-2986	NM_006219.3	NM_006219.3.fasta	2957	2986	+	30	AGCAATGTGGCTGCTGCAGCAGCCTTCAAC	GUUGAAGGCUGCUGCAGCAGCCACAUUGCU	0
NM_006219.3:2958-2987	NM_006219.3	NM_006219.3.fasta	2958	2987	+	30	GCAATGTGGCTGCTGCAGCAGCCTTCAACA	UGUUGAAGGCUGCUGCAGCAGCCACAUUGC	0
NM_006219.3:2959-2988	NM_006219.3	NM_006219.3.fasta	2959	2988	+	30	CAATGTGGCTGCTGCAGCAGCCTTCAACAA	UUGUUGAAGGCUGCUGCAGCAGCCACAUUG	0
NM_006219.3:2960-2989	NM_006219.3	NM_006219.3.fasta	2960	2989	+	30	AATGTGGCTGCTGCAGCAGCCTTCAACAAA	UUUGUUGAAGGCUGCUGCAGCAGCCACAUU	0
NM_006219.3:2961-2990	NM_006219.3	NM_006219.3.fasta	2961	2990	+	30	ATGTGGCTGCTGCAGCAGCCTTCAACAAAG	CUUUGUUGAAGGCUGCUGCAGCAGCCACAU	0
NM_006219.3:2962-2991	NM_006219.3	NM_006219.3.fasta	2962	2991	+	30	TGTGGCTGCTGCAGCAGCCTTCAACAAAGA	UCUUUGUUGAAGGCUGCUGCAGCAGCCACA	0
NM_006219.3:2963-2992	NM_006219.3	NM_006219.3.fasta	2963	2992	+	30	GTGGCTGCTGCAGCAGCCTTCAACAAAGAT	AUCUUUGUUGAAGGCUGCUGCAGCAGCCAC	0
NM_006219.3:2964-2993	NM_006219.3	NM_006219.3.fasta	2964	2993	+	30	TGGCTGCTGCAGCAGCCTTCAACAAAGATG	CAUCUUUGUUGAAGGCUGCUGCAGCAGCCA	0
NM_006219.3:2965-2994	NM_006219.3	NM_006219.3.fasta	2965	2994	+	30	GGCTGCTGCAGCAGCCTTCAACAAAGATGC	GCAUCUUUGUUGAAGGCUGCUGCAGCAGCC	0
NM_006219.3:2966-2995	NM_006219.3	NM_006219.3.fasta	2966	2995	+	30	GCTGCTGCAGCAGCCTTCAACAAAGATGCC	GGCAUCUUUGUUGAAGGCUGCUGCAGCAGC	0
NM_006219.3:2967-2996	NM_006219.3	NM_006219.3.fasta	2967	2996	+	30	CTGCTGCAGCAGCCTTCAACAAAGATGCCC	GGGCAUCUUUGUUGAAGGCUGCUGCAGCAG	0
NM_006219.3:2968-2997	NM_006219.3	NM_006219.3.fasta	2968	2997	+	30	TGCTGCAGCAGCCTTCAACAAAGATGCCCT	AGGGCAUCUUUGUUGAAGGCUGCUGCAGCA	0
NM_006219.3:2969-2998	NM_006219.3	NM_006219.3.fasta	2969	2998	+	30	GCTGCAGCAGCCTTCAACAAAGATGCCCTT	AAGGGCAUCUUUGUUGAAGGCUGCUGCAGC	0
NM_006219.3:2970-2999	NM_006219.3	NM_006219.3.fasta	2970	2999	+	30	CTGCAGCAGCCTTCAACAAAGATGCCCTTC	GAAGGGCAUCUUUGUUGAAGGCUGCUGCAG	0
NM_006219.3:2971-3000	NM_006219.3	NM_006219.3.fasta	2971	3000	+	30	TGCAGCAGCCTTCAACAAAGATGCCCTTCT	AGAAGGGCAUCUUUGUUGAAGGCUGCUGCA	0
NM_006219.3:2972-3001	NM_006219.3	NM_006219.3.fasta	2972	3001	+	30	GCAGCAGCCTTCAACAAAGATGCCCTTCTG	CAGAAGGGCAUCUUUGUUGAAGGCUGCUGC	0
NM_006219.3:2973-3002	NM_006219.3	NM_006219.3.fasta	2973	3002	+	30	CAGCAGCCTTCAACAAAGATGCCCTTCTGA	UCAGAAGGGCAUCUUUGUUGAAGGCUGCUG	0
NM_006219.3:2974-3003	NM_006219.3	NM_006219.3.fasta	2974	3003	+	30	AGCAGCCTTCAACAAAGATGCCCTTCTGAA	UUCAGAAGGGCAUCUUUGUUGAAGGCUGCU	0
NM_006219.3:2975-3004	NM_006219.3	NM_006219.3.fasta	2975	3004	+	30	GCAGCCTTCAACAAAGATGCCCTTCTGAAC	GUUCAGAAGGGCAUCUUUGUUGAAGGCUGC	0
NM_006219.3:2976-3005	NM_006219.3	NM_006219.3.fasta	2976	3005	+	30	CAGCCTTCAACAAAGATGCCCTTCTGAACT	AGUUCAGAAGGGCAUCUUUGUUGAAGGCUG	0
NM_006219.3:2977-3006	NM_006219.3	NM_006219.3.fasta	2977	3006	+	30	AGCCTTCAACAAAGATGCCCTTCTGAACTG	CAGUUCAGAAGGGCAUCUUUGUUGAAGGCU	0
NM_006219.3:2978-3007	NM_006219.3	NM_006219.3.fasta	2978	3007	+	30	GCCTTCAACAAAGATGCCCTTCTGAACTGG	CCAGUUCAGAAGGGCAUCUUUGUUGAAGGC	0
NM_006219.3:2979-3008	NM_006219.3	NM_006219.3.fasta	2979	3008	+	30	CCTTCAACAAAGATGCCCTTCTGAACTGGC	GCCAGUUCAGAAGGGCAUCUUUGUUGAAGG	0
NM_006219.3:2980-3009	NM_006219.3	NM_006219.3.fasta	2980	3009	+	30	CTTCAACAAAGATGCCCTTCTGAACTGGCT	AGCCAGUUCAGAAGGGCAUCUUUGUUGAAG	0
NM_006219.3:2981-3010	NM_006219.3	NM_006219.3.fasta	2981	3010	+	30	TTCAACAAAGATGCCCTTCTGAACTGGCTT	AAGCCAGUUCAGAAGGGCAUCUUUGUUGAA	0
NM_006219.3:2982-3011	NM_006219.3	NM_006219.3.fasta	2982	3011	+	30	TCAACAAAGATGCCCTTCTGAACTGGCTTA	UAAGCCAGUUCAGAAGGGCAUCUUUGUUGA	0
NM_006219.3:2983-3012	NM_006219.3	NM_006219.3.fasta	2983	3012	+	30	CAACAAAGATGCCCTTCTGAACTGGCTTAA	UUAAGCCAGUUCAGAAGGGCAUCUUUGUUG	0
NM_006219.3:2984-3013	NM_006219.3	NM_006219.3.fasta	2984	3013	+	30	AACAAAGATGCCCTTCTGAACTGGCTTAAA	UUUAAGCCAGUUCAGAAGGGCAUCUUUGUU	0
NM_006219.3:2985-3014	NM_006219.3	NM_006219.3.fasta	2985	3014	+	30	ACAAAGATGCCCTTCTGAACTGGCTTAAAG	CUUUAAGCCAGUUCAGAAGGGCAUCUUUGU	0
NM_006219.3:2986-3015	NM_006219.3	NM_006219.3.fasta	2986	3015	+	30	CAAAGATGCCCTTCTGAACTGGCTTAAAGA	UCUUUAAGCCAGUUCAGAAGGGCAUCUUUG	0
NM_006219.3:2987-3016	NM_006219.3	NM_006219.3.fasta	2987	3016	+	30	AAAGATGCCCTTCTGAACTGGCTTAAAGAA	UUCUUUAAGCCAGUUCAGAAGGGCAUCUUU	0
NM_006219.3:2988-3017	NM_006219.3	NM_006219.3.fasta	2988	3017	+	30	AAGATGCCCTTCTGAACTGGCTTAAAGAAT	AUUCUUUAAGCCAGUUCAGAAGGGCAUCUU	0
NM_006219.3:2989-3018	NM_006219.3	NM_006219.3.fasta	2989	3018	+	30	AGATGCCCTTCTGAACTGGCTTAAAGAATA	UAUUCUUUAAGCCAGUUCAGAAGGGCAUCU	0
NM_006219.3:2990-3019	NM_006219.3	NM_006219.3.fasta	2990	3019	+	30	GATGCCCTTCTGAACTGGCTTAAAGAATAC	GUAUUCUUUAAGCCAGUUCAGAAGGGCAUC	0
NM_006219.3:2991-3020	NM_006219.3	NM_006219.3.fasta	2991	3020	+	30	ATGCCCTTCTGAACTGGCTTAAAGAATACA	UGUAUUCUUUAAGCCAGUUCAGAAGGGCAU	0
NM_006219.3:2992-3021	NM_006219.3	NM_006219.3.fasta	2992	3021	+	30	TGCCCTTCTGAACTGGCTTAAAGAATACAA	UUGUAUUCUUUAAGCCAGUUCAGAAGGGCA	0
NM_006219.3:2993-3022	NM_006219.3	NM_006219.3.fasta	2993	3022	+	30	GCCCTTCTGAACTGGCTTAAAGAATACAAC	GUUGUAUUCUUUAAGCCAGUUCAGAAGGGC	0
NM_006219.3:2994-3023	NM_006219.3	NM_006219.3.fasta	2994	3023	+	30	CCCTTCTGAACTGGCTTAAAGAATACAACT	AGUUGUAUUCUUUAAGCCAGUUCAGAAGGG	0
NM_006219.3:2995-3024	NM_006219.3	NM_006219.3.fasta	2995	3024	+	30	CCTTCTGAACTGGCTTAAAGAATACAACTC	GAGUUGUAUUCUUUAAGCCAGUUCAGAAGG	0
NM_006219.3:2996-3025	NM_006219.3	NM_006219.3.fasta	2996	3025	+	30	CTTCTGAACTGGCTTAAAGAATACAACTCT	AGAGUUGUAUUCUUUAAGCCAGUUCAGAAG	0
NM_006219.3:2997-3026	NM_006219.3	NM_006219.3.fasta	2997	3026	+	30	TTCTGAACTGGCTTAAAGAATACAACTCTG	CAGAGUUGUAUUCUUUAAGCCAGUUCAGAA	0
NM_006219.3:2998-3027	NM_006219.3	NM_006219.3.fasta	2998	3027	+	30	TCTGAACTGGCTTAAAGAATACAACTCTGG	CCAGAGUUGUAUUCUUUAAGCCAGUUCAGA	0
NM_006219.3:2999-3028	NM_006219.3	NM_006219.3.fasta	2999	3028	+	30	CTGAACTGGCTTAAAGAATACAACTCTGGG	CCCAGAGUUGUAUUCUUUAAGCCAGUUCAG	0
NM_006219.3:3000-3029	NM_006219.3	NM_006219.3.fasta	3000	3029	+	30	TGAACTGGCTTAAAGAATACAACTCTGGGG	CCCCAGAGUUGUAUUCUUUAAGCCAGUUCA	0
NM_006219.3:3001-3030	NM_006219.3	NM_006219.3.fasta	3001	3030	+	30	GAACTGGCTTAAAGAATACAACTCTGGGGA	UCCCCAGAGUUGUAUUCUUUAAGCCAGUUC	0
NM_006219.3:3002-3031	NM_006219.3	NM_006219.3.fasta	3002	3031	+	30	AACTGGCTTAAAGAATACAACTCTGGGGAT	AUCCCCAGAGUUGUAUUCUUUAAGCCAGUU	0
NM_006219.3:3003-3032	NM_006219.3	NM_006219.3.fasta	3003	3032	+	30	ACTGGCTTAAAGAATACAACTCTGGGGATG	CAUCCCCAGAGUUGUAUUCUUUAAGCCAGU	0
NM_006219.3:3004-3033	NM_006219.3	NM_006219.3.fasta	3004	3033	+	30	CTGGCTTAAAGAATACAACTCTGGGGATGA	UCAUCCCCAGAGUUGUAUUCUUUAAGCCAG	0
NM_006219.3:3005-3034	NM_006219.3	NM_006219.3.fasta	3005	3034	+	30	TGGCTTAAAGAATACAACTCTGGGGATGAC	GUCAUCCCCAGAGUUGUAUUCUUUAAGCCA	0
NM_006219.3:3006-3035	NM_006219.3	NM_006219.3.fasta	3006	3035	+	30	GGCTTAAAGAATACAACTCTGGGGATGACC	GGUCAUCCCCAGAGUUGUAUUCUUUAAGCC	0
NM_006219.3:3007-3036	NM_006219.3	NM_006219.3.fasta	3007	3036	+	30	GCTTAAAGAATACAACTCTGGGGATGACCT	AGGUCAUCCCCAGAGUUGUAUUCUUUAAGC	0
NM_006219.3:3008-3037	NM_006219.3	NM_006219.3.fasta	3008	3037	+	30	CTTAAAGAATACAACTCTGGGGATGACCTG	CAGGUCAUCCCCAGAGUUGUAUUCUUUAAG	0
NM_006219.3:3009-3038	NM_006219.3	NM_006219.3.fasta	3009	3038	+	30	TTAAAGAATACAACTCTGGGGATGACCTGG	CCAGGUCAUCCCCAGAGUUGUAUUCUUUAA	0
NM_006219.3:3010-3039	NM_006219.3	NM_006219.3.fasta	3010	3039	+	30	TAAAGAATACAACTCTGGGGATGACCTGGA	UCCAGGUCAUCCCCAGAGUUGUAUUCUUUA	0
NM_006219.3:3011-3040	NM_006219.3	NM_006219.3.fasta	3011	3040	+	30	AAAGAATACAACTCTGGGGATGACCTGGAC	GUCCAGGUCAUCCCCAGAGUUGUAUUCUUU	0
NM_006219.3:3012-3041	NM_006219.3	NM_006219.3.fasta	3012	3041	+	30	AAGAATACAACTCTGGGGATGACCTGGACC	GGUCCAGGUCAUCCCCAGAGUUGUAUUCUU	0
NM_006219.3:3013-3042	NM_006219.3	NM_006219.3.fasta	3013	3042	+	30	AGAATACAACTCTGGGGATGACCTGGACCG	CGGUCCAGGUCAUCCCCAGAGUUGUAUUCU	0
NM_006219.3:3014-3043	NM_006219.3	NM_006219.3.fasta	3014	3043	+	30	GAATACAACTCTGGGGATGACCTGGACCGA	UCGGUCCAGGUCAUCCCCAGAGUUGUAUUC	0
NM_006219.3:3015-3044	NM_006219.3	NM_006219.3.fasta	3015	3044	+	30	AATACAACTCTGGGGATGACCTGGACCGAG	CUCGGUCCAGGUCAUCCCCAGAGUUGUAUU	0
NM_006219.3:3016-3045	NM_006219.3	NM_006219.3.fasta	3016	3045	+	30	ATACAACTCTGGGGATGACCTGGACCGAGC	GCUCGGUCCAGGUCAUCCCCAGAGUUGUAU	0
NM_006219.3:3017-3046	NM_006219.3	NM_006219.3.fasta	3017	3046	+	30	TACAACTCTGGGGATGACCTGGACCGAGCC	GGCUCGGUCCAGGUCAUCCCCAGAGUUGUA	0
NM_006219.3:3018-3047	NM_006219.3	NM_006219.3.fasta	3018	3047	+	30	ACAACTCTGGGGATGACCTGGACCGAGCCA	UGGCUCGGUCCAGGUCAUCCCCAGAGUUGU	0
NM_006219.3:3019-3048	NM_006219.3	NM_006219.3.fasta	3019	3048	+	30	CAACTCTGGGGATGACCTGGACCGAGCCAT	AUGGCUCGGUCCAGGUCAUCCCCAGAGUUG	0
NM_006219.3:3020-3049	NM_006219.3	NM_006219.3.fasta	3020	3049	+	30	AACTCTGGGGATGACCTGGACCGAGCCATT	AAUGGCUCGGUCCAGGUCAUCCCCAGAGUU	0
NM_006219.3:3021-3050	NM_006219.3	NM_006219.3.fasta	3021	3050	+	30	ACTCTGGGGATGACCTGGACCGAGCCATTG	CAAUGGCUCGGUCCAGGUCAUCCCCAGAGU	0
NM_006219.3:3022-3051	NM_006219.3	NM_006219.3.fasta	3022	3051	+	30	CTCTGGGGATGACCTGGACCGAGCCATTGA	UCAAUGGCUCGGUCCAGGUCAUCCCCAGAG	0
NM_006219.3:3023-3052	NM_006219.3	NM_006219.3.fasta	3023	3052	+	30	TCTGGGGATGACCTGGACCGAGCCATTGAG	CUCAAUGGCUCGGUCCAGGUCAUCCCCAGA	0
NM_006219.3:3024-3053	NM_006219.3	NM_006219.3.fasta	3024	3053	+	30	CTGGGGATGACCTGGACCGAGCCATTGAGG	CCUCAAUGGCUCGGUCCAGGUCAUCCCCAG	0
NM_006219.3:3025-3054	NM_006219.3	NM_006219.3.fasta	3025	3054	+	30	TGGGGATGACCTGGACCGAGCCATTGAGGA	UCCUCAAUGGCUCGGUCCAGGUCAUCCCCA	0
NM_006219.3:3026-3055	NM_006219.3	NM_006219.3.fasta	3026	3055	+	30	GGGGATGACCTGGACCGAGCCATTGAGGAA	UUCCUCAAUGGCUCGGUCCAGGUCAUCCCC	0
NM_006219.3:3027-3056	NM_006219.3	NM_006219.3.fasta	3027	3056	+	30	GGGATGACCTGGACCGAGCCATTGAGGAAT	AUUCCUCAAUGGCUCGGUCCAGGUCAUCCC	0
NM_006219.3:3028-3057	NM_006219.3	NM_006219.3.fasta	3028	3057	+	30	GGATGACCTGGACCGAGCCATTGAGGAATT	AAUUCCUCAAUGGCUCGGUCCAGGUCAUCC	0
NM_006219.3:3029-3058	NM_006219.3	NM_006219.3.fasta	3029	3058	+	30	GATGACCTGGACCGAGCCATTGAGGAATTT	AAAUUCCUCAAUGGCUCGGUCCAGGUCAUC	0
NM_006219.3:3030-3059	NM_006219.3	NM_006219.3.fasta	3030	3059	+	30	ATGACCTGGACCGAGCCATTGAGGAATTTA	UAAAUUCCUCAAUGGCUCGGUCCAGGUCAU	0
NM_006219.3:3031-3060	NM_006219.3	NM_006219.3.fasta	3031	3060	+	30	TGACCTGGACCGAGCCATTGAGGAATTTAC	GUAAAUUCCUCAAUGGCUCGGUCCAGGUCA	0
NM_006219.3:3032-3061	NM_006219.3	NM_006219.3.fasta	3032	3061	+	30	GACCTGGACCGAGCCATTGAGGAATTTACA	UGUAAAUUCCUCAAUGGCUCGGUCCAGGUC	0
NM_006219.3:3033-3062	NM_006219.3	NM_006219.3.fasta	3033	3062	+	30	ACCTGGACCGAGCCATTGAGGAATTTACAC	GUGUAAAUUCCUCAAUGGCUCGGUCCAGGU	0
NM_006219.3:3034-3063	NM_006219.3	NM_006219.3.fasta	3034	3063	+	30	CCTGGACCGAGCCATTGAGGAATTTACACT	AGUGUAAAUUCCUCAAUGGCUCGGUCCAGG	0
NM_006219.3:3035-3064	NM_006219.3	NM_006219.3.fasta	3035	3064	+	30	CTGGACCGAGCCATTGAGGAATTTACACTG	CAGUGUAAAUUCCUCAAUGGCUCGGUCCAG	0
NM_006219.3:3036-3065	NM_006219.3	NM_006219.3.fasta	3036	3065	+	30	TGGACCGAGCCATTGAGGAATTTACACTGT	ACAGUGUAAAUUCCUCAAUGGCUCGGUCCA	0
NM_006219.3:3037-3066	NM_006219.3	NM_006219.3.fasta	3037	3066	+	30	GGACCGAGCCATTGAGGAATTTACACTGTC	GACAGUGUAAAUUCCUCAAUGGCUCGGUCC	0
NM_006219.3:3038-3067	NM_006219.3	NM_006219.3.fasta	3038	3067	+	30	GACCGAGCCATTGAGGAATTTACACTGTCC	GGACAGUGUAAAUUCCUCAAUGGCUCGGUC	0
NM_006219.3:3039-3068	NM_006219.3	NM_006219.3.fasta	3039	3068	+	30	ACCGAGCCATTGAGGAATTTACACTGTCCT	AGGACAGUGUAAAUUCCUCAAUGGCUCGGU	0
NM_006219.3:3040-3069	NM_006219.3	NM_006219.3.fasta	3040	3069	+	30	CCGAGCCATTGAGGAATTTACACTGTCCTG	CAGGACAGUGUAAAUUCCUCAAUGGCUCGG	0
NM_006219.3:3041-3070	NM_006219.3	NM_006219.3.fasta	3041	3070	+	30	CGAGCCATTGAGGAATTTACACTGTCCTGT	ACAGGACAGUGUAAAUUCCUCAAUGGCUCG	0
NM_006219.3:3042-3071	NM_006219.3	NM_006219.3.fasta	3042	3071	+	30	GAGCCATTGAGGAATTTACACTGTCCTGTG	CACAGGACAGUGUAAAUUCCUCAAUGGCUC	0
NM_006219.3:3043-3072	NM_006219.3	NM_006219.3.fasta	3043	3072	+	30	AGCCATTGAGGAATTTACACTGTCCTGTGC	GCACAGGACAGUGUAAAUUCCUCAAUGGCU	0
NM_006219.3:3044-3073	NM_006219.3	NM_006219.3.fasta	3044	3073	+	30	GCCATTGAGGAATTTACACTGTCCTGTGCT	AGCACAGGACAGUGUAAAUUCCUCAAUGGC	0
NM_006219.3:3045-3074	NM_006219.3	NM_006219.3.fasta	3045	3074	+	30	CCATTGAGGAATTTACACTGTCCTGTGCTG	CAGCACAGGACAGUGUAAAUUCCUCAAUGG	0
NM_006219.3:3046-3075	NM_006219.3	NM_006219.3.fasta	3046	3075	+	30	CATTGAGGAATTTACACTGTCCTGTGCTGG	CCAGCACAGGACAGUGUAAAUUCCUCAAUG	0
NM_006219.3:3047-3076	NM_006219.3	NM_006219.3.fasta	3047	3076	+	30	ATTGAGGAATTTACACTGTCCTGTGCTGGC	GCCAGCACAGGACAGUGUAAAUUCCUCAAU	0
NM_006219.3:3048-3077	NM_006219.3	NM_006219.3.fasta	3048	3077	+	30	TTGAGGAATTTACACTGTCCTGTGCTGGCT	AGCCAGCACAGGACAGUGUAAAUUCCUCAA	0
NM_006219.3:3049-3078	NM_006219.3	NM_006219.3.fasta	3049	3078	+	30	TGAGGAATTTACACTGTCCTGTGCTGGCTA	UAGCCAGCACAGGACAGUGUAAAUUCCUCA	0
NM_006219.3:3050-3079	NM_006219.3	NM_006219.3.fasta	3050	3079	+	30	GAGGAATTTACACTGTCCTGTGCTGGCTAC	GUAGCCAGCACAGGACAGUGUAAAUUCCUC	0
NM_006219.3:3051-3080	NM_006219.3	NM_006219.3.fasta	3051	3080	+	30	AGGAATTTACACTGTCCTGTGCTGGCTACT	AGUAGCCAGCACAGGACAGUGUAAAUUCCU	0
NM_006219.3:3052-3081	NM_006219.3	NM_006219.3.fasta	3052	3081	+	30	GGAATTTACACTGTCCTGTGCTGGCTACTG	CAGUAGCCAGCACAGGACAGUGUAAAUUCC	0
NM_006219.3:3053-3082	NM_006219.3	NM_006219.3.fasta	3053	3082	+	30	GAATTTACACTGTCCTGTGCTGGCTACTGT	ACAGUAGCCAGCACAGGACAGUGUAAAUUC	0
NM_006219.3:3054-3083	NM_006219.3	NM_006219.3.fasta	3054	3083	+	30	AATTTACACTGTCCTGTGCTGGCTACTGTG	CACAGUAGCCAGCACAGGACAGUGUAAAUU	0
NM_006219.3:3055-3084	NM_006219.3	NM_006219.3.fasta	3055	3084	+	30	ATTTACACTGTCCTGTGCTGGCTACTGTGT	ACACAGUAGCCAGCACAGGACAGUGUAAAU	0
NM_006219.3:3056-3085	NM_006219.3	NM_006219.3.fasta	3056	3085	+	30	TTTACACTGTCCTGTGCTGGCTACTGTGTA	UACACAGUAGCCAGCACAGGACAGUGUAAA	0
NM_006219.3:3057-3086	NM_006219.3	NM_006219.3.fasta	3057	3086	+	30	TTACACTGTCCTGTGCTGGCTACTGTGTAG	CUACACAGUAGCCAGCACAGGACAGUGUAA	0
NM_006219.3:3058-3087	NM_006219.3	NM_006219.3.fasta	3058	3087	+	30	TACACTGTCCTGTGCTGGCTACTGTGTAGC	GCUACACAGUAGCCAGCACAGGACAGUGUA	0
NM_006219.3:3059-3088	NM_006219.3	NM_006219.3.fasta	3059	3088	+	30	ACACTGTCCTGTGCTGGCTACTGTGTAGCT	AGCUACACAGUAGCCAGCACAGGACAGUGU	0
NM_006219.3:3060-3089	NM_006219.3	NM_006219.3.fasta	3060	3089	+	30	CACTGTCCTGTGCTGGCTACTGTGTAGCTT	AAGCUACACAGUAGCCAGCACAGGACAGUG	0
NM_006219.3:3061-3090	NM_006219.3	NM_006219.3.fasta	3061	3090	+	30	ACTGTCCTGTGCTGGCTACTGTGTAGCTTC	GAAGCUACACAGUAGCCAGCACAGGACAGU	0
NM_006219.3:3062-3091	NM_006219.3	NM_006219.3.fasta	3062	3091	+	30	CTGTCCTGTGCTGGCTACTGTGTAGCTTCT	AGAAGCUACACAGUAGCCAGCACAGGACAG	0
NM_006219.3:3063-3092	NM_006219.3	NM_006219.3.fasta	3063	3092	+	30	TGTCCTGTGCTGGCTACTGTGTAGCTTCTT	AAGAAGCUACACAGUAGCCAGCACAGGACA	0
NM_006219.3:3064-3093	NM_006219.3	NM_006219.3.fasta	3064	3093	+	30	GTCCTGTGCTGGCTACTGTGTAGCTTCTTA	UAAGAAGCUACACAGUAGCCAGCACAGGAC	0
NM_006219.3:3065-3094	NM_006219.3	NM_006219.3.fasta	3065	3094	+	30	TCCTGTGCTGGCTACTGTGTAGCTTCTTAT	AUAAGAAGCUACACAGUAGCCAGCACAGGA	0
NM_006219.3:3066-3095	NM_006219.3	NM_006219.3.fasta	3066	3095	+	30	CCTGTGCTGGCTACTGTGTAGCTTCTTATG	CAUAAGAAGCUACACAGUAGCCAGCACAGG	0
NM_006219.3:3067-3096	NM_006219.3	NM_006219.3.fasta	3067	3096	+	30	CTGTGCTGGCTACTGTGTAGCTTCTTATGT	ACAUAAGAAGCUACACAGUAGCCAGCACAG	0
NM_006219.3:3068-3097	NM_006219.3	NM_006219.3.fasta	3068	3097	+	30	TGTGCTGGCTACTGTGTAGCTTCTTATGTC	GACAUAAGAAGCUACACAGUAGCCAGCACA	0
NM_006219.3:3069-3098	NM_006219.3	NM_006219.3.fasta	3069	3098	+	30	GTGCTGGCTACTGTGTAGCTTCTTATGTCC	GGACAUAAGAAGCUACACAGUAGCCAGCAC	0
NM_006219.3:3070-3099	NM_006219.3	NM_006219.3.fasta	3070	3099	+	30	TGCTGGCTACTGTGTAGCTTCTTATGTCCT	AGGACAUAAGAAGCUACACAGUAGCCAGCA	0
NM_006219.3:3071-3100	NM_006219.3	NM_006219.3.fasta	3071	3100	+	30	GCTGGCTACTGTGTAGCTTCTTATGTCCTT	AAGGACAUAAGAAGCUACACAGUAGCCAGC	0
NM_006219.3:3072-3101	NM_006219.3	NM_006219.3.fasta	3072	3101	+	30	CTGGCTACTGTGTAGCTTCTTATGTCCTTG	CAAGGACAUAAGAAGCUACACAGUAGCCAG	0
NM_006219.3:3073-3102	NM_006219.3	NM_006219.3.fasta	3073	3102	+	30	TGGCTACTGTGTAGCTTCTTATGTCCTTGG	CCAAGGACAUAAGAAGCUACACAGUAGCCA	0
NM_006219.3:3074-3103	NM_006219.3	NM_006219.3.fasta	3074	3103	+	30	GGCTACTGTGTAGCTTCTTATGTCCTTGGG	CCCAAGGACAUAAGAAGCUACACAGUAGCC	0
NM_006219.3:3075-3104	NM_006219.3	NM_006219.3.fasta	3075	3104	+	30	GCTACTGTGTAGCTTCTTATGTCCTTGGGA	UCCCAAGGACAUAAGAAGCUACACAGUAGC	0
NM_006219.3:3076-3105	NM_006219.3	NM_006219.3.fasta	3076	3105	+	30	CTACTGTGTAGCTTCTTATGTCCTTGGGAT	AUCCCAAGGACAUAAGAAGCUACACAGUAG	0
NM_006219.3:3077-3106	NM_006219.3	NM_006219.3.fasta	3077	3106	+	30	TACTGTGTAGCTTCTTATGTCCTTGGGATT	AAUCCCAAGGACAUAAGAAGCUACACAGUA	0
NM_006219.3:3078-3107	NM_006219.3	NM_006219.3.fasta	3078	3107	+	30	ACTGTGTAGCTTCTTATGTCCTTGGGATTG	CAAUCCCAAGGACAUAAGAAGCUACACAGU	0
NM_006219.3:3079-3108	NM_006219.3	NM_006219.3.fasta	3079	3108	+	30	CTGTGTAGCTTCTTATGTCCTTGGGATTGG	CCAAUCCCAAGGACAUAAGAAGCUACACAG	0
NM_006219.3:3080-3109	NM_006219.3	NM_006219.3.fasta	3080	3109	+	30	TGTGTAGCTTCTTATGTCCTTGGGATTGGT	ACCAAUCCCAAGGACAUAAGAAGCUACACA	0
NM_006219.3:3081-3110	NM_006219.3	NM_006219.3.fasta	3081	3110	+	30	GTGTAGCTTCTTATGTCCTTGGGATTGGTG	CACCAAUCCCAAGGACAUAAGAAGCUACAC	0
NM_006219.3:3082-3111	NM_006219.3	NM_006219.3.fasta	3082	3111	+	30	TGTAGCTTCTTATGTCCTTGGGATTGGTGA	UCACCAAUCCCAAGGACAUAAGAAGCUACA	0
NM_006219.3:3083-3112	NM_006219.3	NM_006219.3.fasta	3083	3112	+	30	GTAGCTTCTTATGTCCTTGGGATTGGTGAC	GUCACCAAUCCCAAGGACAUAAGAAGCUAC	0
NM_006219.3:3084-3113	NM_006219.3	NM_006219.3.fasta	3084	3113	+	30	TAGCTTCTTATGTCCTTGGGATTGGTGACA	UGUCACCAAUCCCAAGGACAUAAGAAGCUA	0
NM_006219.3:3085-3114	NM_006219.3	NM_006219.3.fasta	3085	3114	+	30	AGCTTCTTATGTCCTTGGGATTGGTGACAG	CUGUCACCAAUCCCAAGGACAUAAGAAGCU	0
NM_006219.3:3086-3115	NM_006219.3	NM_006219.3.fasta	3086	3115	+	30	GCTTCTTATGTCCTTGGGATTGGTGACAGA	UCUGUCACCAAUCCCAAGGACAUAAGAAGC	0
NM_006219.3:3087-3116	NM_006219.3	NM_006219.3.fasta	3087	3116	+	30	CTTCTTATGTCCTTGGGATTGGTGACAGAC	GUCUGUCACCAAUCCCAAGGACAUAAGAAG	0
NM_006219.3:3088-3117	NM_006219.3	NM_006219.3.fasta	3088	3117	+	30	TTCTTATGTCCTTGGGATTGGTGACAGACA	UGUCUGUCACCAAUCCCAAGGACAUAAGAA	0
NM_006219.3:3089-3118	NM_006219.3	NM_006219.3.fasta	3089	3118	+	30	TCTTATGTCCTTGGGATTGGTGACAGACAT	AUGUCUGUCACCAAUCCCAAGGACAUAAGA	0
NM_006219.3:3090-3119	NM_006219.3	NM_006219.3.fasta	3090	3119	+	30	CTTATGTCCTTGGGATTGGTGACAGACATA	UAUGUCUGUCACCAAUCCCAAGGACAUAAG	0
NM_006219.3:3091-3120	NM_006219.3	NM_006219.3.fasta	3091	3120	+	30	TTATGTCCTTGGGATTGGTGACAGACATAG	CUAUGUCUGUCACCAAUCCCAAGGACAUAA	0
NM_006219.3:3092-3121	NM_006219.3	NM_006219.3.fasta	3092	3121	+	30	TATGTCCTTGGGATTGGTGACAGACATAGT	ACUAUGUCUGUCACCAAUCCCAAGGACAUA	0
NM_006219.3:3093-3122	NM_006219.3	NM_006219.3.fasta	3093	3122	+	30	ATGTCCTTGGGATTGGTGACAGACATAGTG	CACUAUGUCUGUCACCAAUCCCAAGGACAU	0
NM_006219.3:3094-3123	NM_006219.3	NM_006219.3.fasta	3094	3123	+	30	TGTCCTTGGGATTGGTGACAGACATAGTGA	UCACUAUGUCUGUCACCAAUCCCAAGGACA	0
NM_006219.3:3095-3124	NM_006219.3	NM_006219.3.fasta	3095	3124	+	30	GTCCTTGGGATTGGTGACAGACATAGTGAC	GUCACUAUGUCUGUCACCAAUCCCAAGGAC	0
NM_006219.3:3096-3125	NM_006219.3	NM_006219.3.fasta	3096	3125	+	30	TCCTTGGGATTGGTGACAGACATAGTGACA	UGUCACUAUGUCUGUCACCAAUCCCAAGGA	0
NM_006219.3:3097-3126	NM_006219.3	NM_006219.3.fasta	3097	3126	+	30	CCTTGGGATTGGTGACAGACATAGTGACAA	UUGUCACUAUGUCUGUCACCAAUCCCAAGG	0
NM_006219.3:3098-3127	NM_006219.3	NM_006219.3.fasta	3098	3127	+	30	CTTGGGATTGGTGACAGACATAGTGACAAC	GUUGUCACUAUGUCUGUCACCAAUCCCAAG	0
NM_006219.3:3099-3128	NM_006219.3	NM_006219.3.fasta	3099	3128	+	30	TTGGGATTGGTGACAGACATAGTGACAACA	UGUUGUCACUAUGUCUGUCACCAAUCCCAA	0
NM_006219.3:3100-3129	NM_006219.3	NM_006219.3.fasta	3100	3129	+	30	TGGGATTGGTGACAGACATAGTGACAACAT	AUGUUGUCACUAUGUCUGUCACCAAUCCCA	0
NM_006219.3:3101-3130	NM_006219.3	NM_006219.3.fasta	3101	3130	+	30	GGGATTGGTGACAGACATAGTGACAACATC	GAUGUUGUCACUAUGUCUGUCACCAAUCCC	0
NM_006219.3:3102-3131	NM_006219.3	NM_006219.3.fasta	3102	3131	+	30	GGATTGGTGACAGACATAGTGACAACATCA	UGAUGUUGUCACUAUGUCUGUCACCAAUCC	0
NM_006219.3:3103-3132	NM_006219.3	NM_006219.3.fasta	3103	3132	+	30	GATTGGTGACAGACATAGTGACAACATCAT	AUGAUGUUGUCACUAUGUCUGUCACCAAUC	0
NM_006219.3:3104-3133	NM_006219.3	NM_006219.3.fasta	3104	3133	+	30	ATTGGTGACAGACATAGTGACAACATCATG	CAUGAUGUUGUCACUAUGUCUGUCACCAAU	0
NM_006219.3:3105-3134	NM_006219.3	NM_006219.3.fasta	3105	3134	+	30	TTGGTGACAGACATAGTGACAACATCATGG	CCAUGAUGUUGUCACUAUGUCUGUCACCAA	0
NM_006219.3:3106-3135	NM_006219.3	NM_006219.3.fasta	3106	3135	+	30	TGGTGACAGACATAGTGACAACATCATGGT	ACCAUGAUGUUGUCACUAUGUCUGUCACCA	0
NM_006219.3:3107-3136	NM_006219.3	NM_006219.3.fasta	3107	3136	+	30	GGTGACAGACATAGTGACAACATCATGGTC	GACCAUGAUGUUGUCACUAUGUCUGUCACC	0
NM_006219.3:3108-3137	NM_006219.3	NM_006219.3.fasta	3108	3137	+	30	GTGACAGACATAGTGACAACATCATGGTCA	UGACCAUGAUGUUGUCACUAUGUCUGUCAC	0
NM_006219.3:3109-3138	NM_006219.3	NM_006219.3.fasta	3109	3138	+	30	TGACAGACATAGTGACAACATCATGGTCAA	UUGACCAUGAUGUUGUCACUAUGUCUGUCA	0
NM_006219.3:3110-3139	NM_006219.3	NM_006219.3.fasta	3110	3139	+	30	GACAGACATAGTGACAACATCATGGTCAAA	UUUGACCAUGAUGUUGUCACUAUGUCUGUC	0
NM_006219.3:3111-3140	NM_006219.3	NM_006219.3.fasta	3111	3140	+	30	ACAGACATAGTGACAACATCATGGTCAAAA	UUUUGACCAUGAUGUUGUCACUAUGUCUGU	0
NM_006219.3:3112-3141	NM_006219.3	NM_006219.3.fasta	3112	3141	+	30	CAGACATAGTGACAACATCATGGTCAAAAA	UUUUUGACCAUGAUGUUGUCACUAUGUCUG	0
NM_006219.3:3113-3142	NM_006219.3	NM_006219.3.fasta	3113	3142	+	30	AGACATAGTGACAACATCATGGTCAAAAAA	UUUUUUGACCAUGAUGUUGUCACUAUGUCU	0
NM_006219.3:3114-3143	NM_006219.3	NM_006219.3.fasta	3114	3143	+	30	GACATAGTGACAACATCATGGTCAAAAAAA	UUUUUUUGACCAUGAUGUUGUCACUAUGUC	0
NM_006219.3:3115-3144	NM_006219.3	NM_006219.3.fasta	3115	3144	+	30	ACATAGTGACAACATCATGGTCAAAAAAAC	GUUUUUUUGACCAUGAUGUUGUCACUAUGU	0
NM_006219.3:3116-3145	NM_006219.3	NM_006219.3.fasta	3116	3145	+	30	CATAGTGACAACATCATGGTCAAAAAAACT	AGUUUUUUUGACCAUGAUGUUGUCACUAUG	0
NM_006219.3:3117-3146	NM_006219.3	NM_006219.3.fasta	3117	3146	+	30	ATAGTGACAACATCATGGTCAAAAAAACTG	CAGUUUUUUUGACCAUGAUGUUGUCACUAU	0
NM_006219.3:3118-3147	NM_006219.3	NM_006219.3.fasta	3118	3147	+	30	TAGTGACAACATCATGGTCAAAAAAACTGG	CCAGUUUUUUUGACCAUGAUGUUGUCACUA	0
NM_006219.3:3119-3148	NM_006219.3	NM_006219.3.fasta	3119	3148	+	30	AGTGACAACATCATGGTCAAAAAAACTGGC	GCCAGUUUUUUUGACCAUGAUGUUGUCACU	0
NM_006219.3:3120-3149	NM_006219.3	NM_006219.3.fasta	3120	3149	+	30	GTGACAACATCATGGTCAAAAAAACTGGCC	GGCCAGUUUUUUUGACCAUGAUGUUGUCAC	0
NM_006219.3:3121-3150	NM_006219.3	NM_006219.3.fasta	3121	3150	+	30	TGACAACATCATGGTCAAAAAAACTGGCCA	UGGCCAGUUUUUUUGACCAUGAUGUUGUCA	0
NM_006219.3:3122-3151	NM_006219.3	NM_006219.3.fasta	3122	3151	+	30	GACAACATCATGGTCAAAAAAACTGGCCAG	CUGGCCAGUUUUUUUGACCAUGAUGUUGUC	0
NM_006219.3:3123-3152	NM_006219.3	NM_006219.3.fasta	3123	3152	+	30	ACAACATCATGGTCAAAAAAACTGGCCAGC	GCUGGCCAGUUUUUUUGACCAUGAUGUUGU	0
NM_006219.3:3124-3153	NM_006219.3	NM_006219.3.fasta	3124	3153	+	30	CAACATCATGGTCAAAAAAACTGGCCAGCT	AGCUGGCCAGUUUUUUUGACCAUGAUGUUG	0
NM_006219.3:3125-3154	NM_006219.3	NM_006219.3.fasta	3125	3154	+	30	AACATCATGGTCAAAAAAACTGGCCAGCTC	GAGCUGGCCAGUUUUUUUGACCAUGAUGUU	0
NM_006219.3:3126-3155	NM_006219.3	NM_006219.3.fasta	3126	3155	+	30	ACATCATGGTCAAAAAAACTGGCCAGCTCT	AGAGCUGGCCAGUUUUUUUGACCAUGAUGU	0
NM_006219.3:3127-3156	NM_006219.3	NM_006219.3.fasta	3127	3156	+	30	CATCATGGTCAAAAAAACTGGCCAGCTCTT	AAGAGCUGGCCAGUUUUUUUGACCAUGAUG	0
NM_006219.3:3128-3157	NM_006219.3	NM_006219.3.fasta	3128	3157	+	30	ATCATGGTCAAAAAAACTGGCCAGCTCTTC	GAAGAGCUGGCCAGUUUUUUUGACCAUGAU	0
NM_006219.3:3129-3158	NM_006219.3	NM_006219.3.fasta	3129	3158	+	30	TCATGGTCAAAAAAACTGGCCAGCTCTTCC	GGAAGAGCUGGCCAGUUUUUUUGACCAUGA	0
NM_006219.3:3130-3159	NM_006219.3	NM_006219.3.fasta	3130	3159	+	30	CATGGTCAAAAAAACTGGCCAGCTCTTCCA	UGGAAGAGCUGGCCAGUUUUUUUGACCAUG	0
NM_006219.3:3131-3160	NM_006219.3	NM_006219.3.fasta	3131	3160	+	30	ATGGTCAAAAAAACTGGCCAGCTCTTCCAC	GUGGAAGAGCUGGCCAGUUUUUUUGACCAU	0
NM_006219.3:3132-3161	NM_006219.3	NM_006219.3.fasta	3132	3161	+	30	TGGTCAAAAAAACTGGCCAGCTCTTCCACA	UGUGGAAGAGCUGGCCAGUUUUUUUGACCA	0
NM_006219.3:3133-3162	NM_006219.3	NM_006219.3.fasta	3133	3162	+	30	GGTCAAAAAAACTGGCCAGCTCTTCCACAT	AUGUGGAAGAGCUGGCCAGUUUUUUUGACC	0
NM_006219.3:3134-3163	NM_006219.3	NM_006219.3.fasta	3134	3163	+	30	GTCAAAAAAACTGGCCAGCTCTTCCACATT	AAUGUGGAAGAGCUGGCCAGUUUUUUUGAC	0
NM_006219.3:3135-3164	NM_006219.3	NM_006219.3.fasta	3135	3164	+	30	TCAAAAAAACTGGCCAGCTCTTCCACATTG	CAAUGUGGAAGAGCUGGCCAGUUUUUUUGA	0
NM_006219.3:3136-3165	NM_006219.3	NM_006219.3.fasta	3136	3165	+	30	CAAAAAAACTGGCCAGCTCTTCCACATTGA	UCAAUGUGGAAGAGCUGGCCAGUUUUUUUG	0
NM_006219.3:3137-3166	NM_006219.3	NM_006219.3.fasta	3137	3166	+	30	AAAAAAACTGGCCAGCTCTTCCACATTGAC	GUCAAUGUGGAAGAGCUGGCCAGUUUUUUU	0
NM_006219.3:3138-3167	NM_006219.3	NM_006219.3.fasta	3138	3167	+	30	AAAAAACTGGCCAGCTCTTCCACATTGACT	AGUCAAUGUGGAAGAGCUGGCCAGUUUUUU	0
NM_006219.3:3139-3168	NM_006219.3	NM_006219.3.fasta	3139	3168	+	30	AAAAACTGGCCAGCTCTTCCACATTGACTT	AAGUCAAUGUGGAAGAGCUGGCCAGUUUUU	0
NM_006219.3:3140-3169	NM_006219.3	NM_006219.3.fasta	3140	3169	+	30	AAAACTGGCCAGCTCTTCCACATTGACTTT	AAAGUCAAUGUGGAAGAGCUGGCCAGUUUU	0
NM_006219.3:3141-3170	NM_006219.3	NM_006219.3.fasta	3141	3170	+	30	AAACTGGCCAGCTCTTCCACATTGACTTTG	CAAAGUCAAUGUGGAAGAGCUGGCCAGUUU	0
NM_006219.3:3142-3171	NM_006219.3	NM_006219.3.fasta	3142	3171	+	30	AACTGGCCAGCTCTTCCACATTGACTTTGG	CCAAAGUCAAUGUGGAAGAGCUGGCCAGUU	0
NM_006219.3:3143-3172	NM_006219.3	NM_006219.3.fasta	3143	3172	+	30	ACTGGCCAGCTCTTCCACATTGACTTTGGA	UCCAAAGUCAAUGUGGAAGAGCUGGCCAGU	0
NM_006219.3:3144-3173	NM_006219.3	NM_006219.3.fasta	3144	3173	+	30	CTGGCCAGCTCTTCCACATTGACTTTGGAC	GUCCAAAGUCAAUGUGGAAGAGCUGGCCAG	0
NM_006219.3:3145-3174	NM_006219.3	NM_006219.3.fasta	3145	3174	+	30	TGGCCAGCTCTTCCACATTGACTTTGGACA	UGUCCAAAGUCAAUGUGGAAGAGCUGGCCA	0
NM_006219.3:3146-3175	NM_006219.3	NM_006219.3.fasta	3146	3175	+	30	GGCCAGCTCTTCCACATTGACTTTGGACAT	AUGUCCAAAGUCAAUGUGGAAGAGCUGGCC	0
NM_006219.3:3147-3176	NM_006219.3	NM_006219.3.fasta	3147	3176	+	30	GCCAGCTCTTCCACATTGACTTTGGACATA	UAUGUCCAAAGUCAAUGUGGAAGAGCUGGC	0
NM_006219.3:3148-3177	NM_006219.3	NM_006219.3.fasta	3148	3177	+	30	CCAGCTCTTCCACATTGACTTTGGACATAT	AUAUGUCCAAAGUCAAUGUGGAAGAGCUGG	0
NM_006219.3:3149-3178	NM_006219.3	NM_006219.3.fasta	3149	3178	+	30	CAGCTCTTCCACATTGACTTTGGACATATT	AAUAUGUCCAAAGUCAAUGUGGAAGAGCUG	0
NM_006219.3:3150-3179	NM_006219.3	NM_006219.3.fasta	3150	3179	+	30	AGCTCTTCCACATTGACTTTGGACATATTC	GAAUAUGUCCAAAGUCAAUGUGGAAGAGCU	0
NM_006219.3:3151-3180	NM_006219.3	NM_006219.3.fasta	3151	3180	+	30	GCTCTTCCACATTGACTTTGGACATATTCT	AGAAUAUGUCCAAAGUCAAUGUGGAAGAGC	0
NM_006219.3:3152-3181	NM_006219.3	NM_006219.3.fasta	3152	3181	+	30	CTCTTCCACATTGACTTTGGACATATTCTT	AAGAAUAUGUCCAAAGUCAAUGUGGAAGAG	0
NM_006219.3:3153-3182	NM_006219.3	NM_006219.3.fasta	3153	3182	+	30	TCTTCCACATTGACTTTGGACATATTCTTG	CAAGAAUAUGUCCAAAGUCAAUGUGGAAGA	0
NM_006219.3:3154-3183	NM_006219.3	NM_006219.3.fasta	3154	3183	+	30	CTTCCACATTGACTTTGGACATATTCTTGG	CCAAGAAUAUGUCCAAAGUCAAUGUGGAAG	0
NM_006219.3:3155-3184	NM_006219.3	NM_006219.3.fasta	3155	3184	+	30	TTCCACATTGACTTTGGACATATTCTTGGA	UCCAAGAAUAUGUCCAAAGUCAAUGUGGAA	0
NM_006219.3:3156-3185	NM_006219.3	NM_006219.3.fasta	3156	3185	+	30	TCCACATTGACTTTGGACATATTCTTGGAA	UUCCAAGAAUAUGUCCAAAGUCAAUGUGGA	0
NM_006219.3:3157-3186	NM_006219.3	NM_006219.3.fasta	3157	3186	+	30	CCACATTGACTTTGGACATATTCTTGGAAA	UUUCCAAGAAUAUGUCCAAAGUCAAUGUGG	0
NM_006219.3:3158-3187	NM_006219.3	NM_006219.3.fasta	3158	3187	+	30	CACATTGACTTTGGACATATTCTTGGAAAT	AUUUCCAAGAAUAUGUCCAAAGUCAAUGUG	0
NM_006219.3:3159-3188	NM_006219.3	NM_006219.3.fasta	3159	3188	+	30	ACATTGACTTTGGACATATTCTTGGAAATT	AAUUUCCAAGAAUAUGUCCAAAGUCAAUGU	0
NM_006219.3:3160-3189	NM_006219.3	NM_006219.3.fasta	3160	3189	+	30	CATTGACTTTGGACATATTCTTGGAAATTT	AAAUUUCCAAGAAUAUGUCCAAAGUCAAUG	0
NM_006219.3:3161-3190	NM_006219.3	NM_006219.3.fasta	3161	3190	+	30	ATTGACTTTGGACATATTCTTGGAAATTTC	GAAAUUUCCAAGAAUAUGUCCAAAGUCAAU	0
NM_006219.3:3162-3191	NM_006219.3	NM_006219.3.fasta	3162	3191	+	30	TTGACTTTGGACATATTCTTGGAAATTTCA	UGAAAUUUCCAAGAAUAUGUCCAAAGUCAA	0
NM_006219.3:3163-3192	NM_006219.3	NM_006219.3.fasta	3163	3192	+	30	TGACTTTGGACATATTCTTGGAAATTTCAA	UUGAAAUUUCCAAGAAUAUGUCCAAAGUCA	0
NM_006219.3:3164-3193	NM_006219.3	NM_006219.3.fasta	3164	3193	+	30	GACTTTGGACATATTCTTGGAAATTTCAAA	UUUGAAAUUUCCAAGAAUAUGUCCAAAGUC	0
NM_006219.3:3165-3194	NM_006219.3	NM_006219.3.fasta	3165	3194	+	30	ACTTTGGACATATTCTTGGAAATTTCAAAT	AUUUGAAAUUUCCAAGAAUAUGUCCAAAGU	0
NM_006219.3:3166-3195	NM_006219.3	NM_006219.3.fasta	3166	3195	+	30	CTTTGGACATATTCTTGGAAATTTCAAATC	GAUUUGAAAUUUCCAAGAAUAUGUCCAAAG	0
NM_006219.3:3167-3196	NM_006219.3	NM_006219.3.fasta	3167	3196	+	30	TTTGGACATATTCTTGGAAATTTCAAATCT	AGAUUUGAAAUUUCCAAGAAUAUGUCCAAA	0
NM_006219.3:3168-3197	NM_006219.3	NM_006219.3.fasta	3168	3197	+	30	TTGGACATATTCTTGGAAATTTCAAATCTA	UAGAUUUGAAAUUUCCAAGAAUAUGUCCAA	0
NM_006219.3:3169-3198	NM_006219.3	NM_006219.3.fasta	3169	3198	+	30	TGGACATATTCTTGGAAATTTCAAATCTAA	UUAGAUUUGAAAUUUCCAAGAAUAUGUCCA	0
NM_006219.3:3170-3199	NM_006219.3	NM_006219.3.fasta	3170	3199	+	30	GGACATATTCTTGGAAATTTCAAATCTAAG	CUUAGAUUUGAAAUUUCCAAGAAUAUGUCC	0
NM_006219.3:3171-3200	NM_006219.3	NM_006219.3.fasta	3171	3200	+	30	GACATATTCTTGGAAATTTCAAATCTAAGT	ACUUAGAUUUGAAAUUUCCAAGAAUAUGUC	0
NM_006219.3:3172-3201	NM_006219.3	NM_006219.3.fasta	3172	3201	+	30	ACATATTCTTGGAAATTTCAAATCTAAGTT	AACUUAGAUUUGAAAUUUCCAAGAAUAUGU	0
NM_006219.3:3173-3202	NM_006219.3	NM_006219.3.fasta	3173	3202	+	30	CATATTCTTGGAAATTTCAAATCTAAGTTT	AAACUUAGAUUUGAAAUUUCCAAGAAUAUG	0
NM_006219.3:3174-3203	NM_006219.3	NM_006219.3.fasta	3174	3203	+	30	ATATTCTTGGAAATTTCAAATCTAAGTTTG	CAAACUUAGAUUUGAAAUUUCCAAGAAUAU	0
NM_006219.3:3175-3204	NM_006219.3	NM_006219.3.fasta	3175	3204	+	30	TATTCTTGGAAATTTCAAATCTAAGTTTGG	CCAAACUUAGAUUUGAAAUUUCCAAGAAUA	0
NM_006219.3:3176-3205	NM_006219.3	NM_006219.3.fasta	3176	3205	+	30	ATTCTTGGAAATTTCAAATCTAAGTTTGGC	GCCAAACUUAGAUUUGAAAUUUCCAAGAAU	0
NM_006219.3:3177-3206	NM_006219.3	NM_006219.3.fasta	3177	3206	+	30	TTCTTGGAAATTTCAAATCTAAGTTTGGCA	UGCCAAACUUAGAUUUGAAAUUUCCAAGAA	0
NM_006219.3:3178-3207	NM_006219.3	NM_006219.3.fasta	3178	3207	+	30	TCTTGGAAATTTCAAATCTAAGTTTGGCAT	AUGCCAAACUUAGAUUUGAAAUUUCCAAGA	0
NM_006219.3:3179-3208	NM_006219.3	NM_006219.3.fasta	3179	3208	+	30	CTTGGAAATTTCAAATCTAAGTTTGGCATT	AAUGCCAAACUUAGAUUUGAAAUUUCCAAG	0
NM_006219.3:3180-3209	NM_006219.3	NM_006219.3.fasta	3180	3209	+	30	TTGGAAATTTCAAATCTAAGTTTGGCATTA	UAAUGCCAAACUUAGAUUUGAAAUUUCCAA	0
NM_006219.3:3181-3210	NM_006219.3	NM_006219.3.fasta	3181	3210	+	30	TGGAAATTTCAAATCTAAGTTTGGCATTAA	UUAAUGCCAAACUUAGAUUUGAAAUUUCCA	0
NM_006219.3:3182-3211	NM_006219.3	NM_006219.3.fasta	3182	3211	+	30	GGAAATTTCAAATCTAAGTTTGGCATTAAA	UUUAAUGCCAAACUUAGAUUUGAAAUUUCC	0
NM_006219.3:3183-3212	NM_006219.3	NM_006219.3.fasta	3183	3212	+	30	GAAATTTCAAATCTAAGTTTGGCATTAAAA	UUUUAAUGCCAAACUUAGAUUUGAAAUUUC	0
NM_006219.3:3184-3213	NM_006219.3	NM_006219.3.fasta	3184	3213	+	30	AAATTTCAAATCTAAGTTTGGCATTAAAAG	CUUUUAAUGCCAAACUUAGAUUUGAAAUUU	0
NM_006219.3:3185-3214	NM_006219.3	NM_006219.3.fasta	3185	3214	+	30	AATTTCAAATCTAAGTTTGGCATTAAAAGG	CCUUUUAAUGCCAAACUUAGAUUUGAAAUU	0
NM_006219.3:3186-3215	NM_006219.3	NM_006219.3.fasta	3186	3215	+	30	ATTTCAAATCTAAGTTTGGCATTAAAAGGG	CCCUUUUAAUGCCAAACUUAGAUUUGAAAU	0
NM_006219.3:3187-3216	NM_006219.3	NM_006219.3.fasta	3187	3216	+	30	TTTCAAATCTAAGTTTGGCATTAAAAGGGA	UCCCUUUUAAUGCCAAACUUAGAUUUGAAA	0
NM_006219.3:3188-3217	NM_006219.3	NM_006219.3.fasta	3188	3217	+	30	TTCAAATCTAAGTTTGGCATTAAAAGGGAG	CUCCCUUUUAAUGCCAAACUUAGAUUUGAA	0
NM_006219.3:3189-3218	NM_006219.3	NM_006219.3.fasta	3189	3218	+	30	TCAAATCTAAGTTTGGCATTAAAAGGGAGC	GCUCCCUUUUAAUGCCAAACUUAGAUUUGA	0
NM_006219.3:3190-3219	NM_006219.3	NM_006219.3.fasta	3190	3219	+	30	CAAATCTAAGTTTGGCATTAAAAGGGAGCG	CGCUCCCUUUUAAUGCCAAACUUAGAUUUG	0
NM_006219.3:3191-3220	NM_006219.3	NM_006219.3.fasta	3191	3220	+	30	AAATCTAAGTTTGGCATTAAAAGGGAGCGA	UCGCUCCCUUUUAAUGCCAAACUUAGAUUU	0
NM_006219.3:3192-3221	NM_006219.3	NM_006219.3.fasta	3192	3221	+	30	AATCTAAGTTTGGCATTAAAAGGGAGCGAG	CUCGCUCCCUUUUAAUGCCAAACUUAGAUU	0
NM_006219.3:3193-3222	NM_006219.3	NM_006219.3.fasta	3193	3222	+	30	ATCTAAGTTTGGCATTAAAAGGGAGCGAGT	ACUCGCUCCCUUUUAAUGCCAAACUUAGAU	0
NM_006219.3:3194-3223	NM_006219.3	NM_006219.3.fasta	3194	3223	+	30	TCTAAGTTTGGCATTAAAAGGGAGCGAGTG	CACUCGCUCCCUUUUAAUGCCAAACUUAGA	0
NM_006219.3:3195-3224	NM_006219.3	NM_006219.3.fasta	3195	3224	+	30	CTAAGTTTGGCATTAAAAGGGAGCGAGTGC	GCACUCGCUCCCUUUUAAUGCCAAACUUAG	0
NM_006219.3:3196-3225	NM_006219.3	NM_006219.3.fasta	3196	3225	+	30	TAAGTTTGGCATTAAAAGGGAGCGAGTGCC	GGCACUCGCUCCCUUUUAAUGCCAAACUUA	0
NM_006219.3:3197-3226	NM_006219.3	NM_006219.3.fasta	3197	3226	+	30	AAGTTTGGCATTAAAAGGGAGCGAGTGCCT	AGGCACUCGCUCCCUUUUAAUGCCAAACUU	0
NM_006219.3:3198-3227	NM_006219.3	NM_006219.3.fasta	3198	3227	+	30	AGTTTGGCATTAAAAGGGAGCGAGTGCCTT	AAGGCACUCGCUCCCUUUUAAUGCCAAACU	0
NM_006219.3:3199-3228	NM_006219.3	NM_006219.3.fasta	3199	3228	+	30	GTTTGGCATTAAAAGGGAGCGAGTGCCTTT	AAAGGCACUCGCUCCCUUUUAAUGCCAAAC	0
NM_006219.3:3200-3229	NM_006219.3	NM_006219.3.fasta	3200	3229	+	30	TTTGGCATTAAAAGGGAGCGAGTGCCTTTT	AAAAGGCACUCGCUCCCUUUUAAUGCCAAA	0
NM_006219.3:3201-3230	NM_006219.3	NM_006219.3.fasta	3201	3230	+	30	TTGGCATTAAAAGGGAGCGAGTGCCTTTTA	UAAAAGGCACUCGCUCCCUUUUAAUGCCAA	0
NM_006219.3:3202-3231	NM_006219.3	NM_006219.3.fasta	3202	3231	+	30	TGGCATTAAAAGGGAGCGAGTGCCTTTTAT	AUAAAAGGCACUCGCUCCCUUUUAAUGCCA	0
NM_006219.3:3203-3232	NM_006219.3	NM_006219.3.fasta	3203	3232	+	30	GGCATTAAAAGGGAGCGAGTGCCTTTTATT	AAUAAAAGGCACUCGCUCCCUUUUAAUGCC	0
NM_006219.3:3204-3233	NM_006219.3	NM_006219.3.fasta	3204	3233	+	30	GCATTAAAAGGGAGCGAGTGCCTTTTATTC	GAAUAAAAGGCACUCGCUCCCUUUUAAUGC	0
NM_006219.3:3205-3234	NM_006219.3	NM_006219.3.fasta	3205	3234	+	30	CATTAAAAGGGAGCGAGTGCCTTTTATTCT	AGAAUAAAAGGCACUCGCUCCCUUUUAAUG	0
NM_006219.3:3206-3235	NM_006219.3	NM_006219.3.fasta	3206	3235	+	30	ATTAAAAGGGAGCGAGTGCCTTTTATTCTT	AAGAAUAAAAGGCACUCGCUCCCUUUUAAU	0
NM_006219.3:3207-3236	NM_006219.3	NM_006219.3.fasta	3207	3236	+	30	TTAAAAGGGAGCGAGTGCCTTTTATTCTTA	UAAGAAUAAAAGGCACUCGCUCCCUUUUAA	0
NM_006219.3:3208-3237	NM_006219.3	NM_006219.3.fasta	3208	3237	+	30	TAAAAGGGAGCGAGTGCCTTTTATTCTTAC	GUAAGAAUAAAAGGCACUCGCUCCCUUUUA	0
NM_006219.3:3209-3238	NM_006219.3	NM_006219.3.fasta	3209	3238	+	30	AAAAGGGAGCGAGTGCCTTTTATTCTTACC	GGUAAGAAUAAAAGGCACUCGCUCCCUUUU	0
NM_006219.3:3210-3239	NM_006219.3	NM_006219.3.fasta	3210	3239	+	30	AAAGGGAGCGAGTGCCTTTTATTCTTACCT	AGGUAAGAAUAAAAGGCACUCGCUCCCUUU	0
NM_006219.3:3211-3240	NM_006219.3	NM_006219.3.fasta	3211	3240	+	30	AAGGGAGCGAGTGCCTTTTATTCTTACCTA	UAGGUAAGAAUAAAAGGCACUCGCUCCCUU	0
NM_006219.3:3212-3241	NM_006219.3	NM_006219.3.fasta	3212	3241	+	30	AGGGAGCGAGTGCCTTTTATTCTTACCTAT	AUAGGUAAGAAUAAAAGGCACUCGCUCCCU	0
NM_006219.3:3213-3242	NM_006219.3	NM_006219.3.fasta	3213	3242	+	30	GGGAGCGAGTGCCTTTTATTCTTACCTATG	CAUAGGUAAGAAUAAAAGGCACUCGCUCCC	0
NM_006219.3:3214-3243	NM_006219.3	NM_006219.3.fasta	3214	3243	+	30	GGAGCGAGTGCCTTTTATTCTTACCTATGA	UCAUAGGUAAGAAUAAAAGGCACUCGCUCC	0
NM_006219.3:3215-3244	NM_006219.3	NM_006219.3.fasta	3215	3244	+	30	GAGCGAGTGCCTTTTATTCTTACCTATGAT	AUCAUAGGUAAGAAUAAAAGGCACUCGCUC	0
NM_006219.3:3216-3245	NM_006219.3	NM_006219.3.fasta	3216	3245	+	30	AGCGAGTGCCTTTTATTCTTACCTATGATT	AAUCAUAGGUAAGAAUAAAAGGCACUCGCU	0
NM_006219.3:3217-3246	NM_006219.3	NM_006219.3.fasta	3217	3246	+	30	GCGAGTGCCTTTTATTCTTACCTATGATTT	AAAUCAUAGGUAAGAAUAAAAGGCACUCGC	0
NM_006219.3:3218-3247	NM_006219.3	NM_006219.3.fasta	3218	3247	+	30	CGAGTGCCTTTTATTCTTACCTATGATTTC	GAAAUCAUAGGUAAGAAUAAAAGGCACUCG	0
NM_006219.3:3219-3248	NM_006219.3	NM_006219.3.fasta	3219	3248	+	30	GAGTGCCTTTTATTCTTACCTATGATTTCA	UGAAAUCAUAGGUAAGAAUAAAAGGCACUC	0
NM_006219.3:3220-3249	NM_006219.3	NM_006219.3.fasta	3220	3249	+	30	AGTGCCTTTTATTCTTACCTATGATTTCAT	AUGAAAUCAUAGGUAAGAAUAAAAGGCACU	0
NM_006219.3:3221-3250	NM_006219.3	NM_006219.3.fasta	3221	3250	+	30	GTGCCTTTTATTCTTACCTATGATTTCATC	GAUGAAAUCAUAGGUAAGAAUAAAAGGCAC	0
NM_006219.3:3222-3251	NM_006219.3	NM_006219.3.fasta	3222	3251	+	30	TGCCTTTTATTCTTACCTATGATTTCATCC	GGAUGAAAUCAUAGGUAAGAAUAAAAGGCA	0
NM_006219.3:3223-3252	NM_006219.3	NM_006219.3.fasta	3223	3252	+	30	GCCTTTTATTCTTACCTATGATTTCATCCA	UGGAUGAAAUCAUAGGUAAGAAUAAAAGGC	0
NM_006219.3:3224-3253	NM_006219.3	NM_006219.3.fasta	3224	3253	+	30	CCTTTTATTCTTACCTATGATTTCATCCAT	AUGGAUGAAAUCAUAGGUAAGAAUAAAAGG	0
NM_006219.3:3225-3254	NM_006219.3	NM_006219.3.fasta	3225	3254	+	30	CTTTTATTCTTACCTATGATTTCATCCATG	CAUGGAUGAAAUCAUAGGUAAGAAUAAAAG	0
NM_006219.3:3226-3255	NM_006219.3	NM_006219.3.fasta	3226	3255	+	30	TTTTATTCTTACCTATGATTTCATCCATGT	ACAUGGAUGAAAUCAUAGGUAAGAAUAAAA	0
NM_006219.3:3227-3256	NM_006219.3	NM_006219.3.fasta	3227	3256	+	30	TTTATTCTTACCTATGATTTCATCCATGTC	GACAUGGAUGAAAUCAUAGGUAAGAAUAAA	0
NM_006219.3:3228-3257	NM_006219.3	NM_006219.3.fasta	3228	3257	+	30	TTATTCTTACCTATGATTTCATCCATGTCA	UGACAUGGAUGAAAUCAUAGGUAAGAAUAA	0
NM_006219.3:3229-3258	NM_006219.3	NM_006219.3.fasta	3229	3258	+	30	TATTCTTACCTATGATTTCATCCATGTCAT	AUGACAUGGAUGAAAUCAUAGGUAAGAAUA	0
NM_006219.3:3230-3259	NM_006219.3	NM_006219.3.fasta	3230	3259	+	30	ATTCTTACCTATGATTTCATCCATGTCATT	AAUGACAUGGAUGAAAUCAUAGGUAAGAAU	0
NM_006219.3:3231-3260	NM_006219.3	NM_006219.3.fasta	3231	3260	+	30	TTCTTACCTATGATTTCATCCATGTCATTC	GAAUGACAUGGAUGAAAUCAUAGGUAAGAA	0
NM_006219.3:3232-3261	NM_006219.3	NM_006219.3.fasta	3232	3261	+	30	TCTTACCTATGATTTCATCCATGTCATTCA	UGAAUGACAUGGAUGAAAUCAUAGGUAAGA	0
NM_006219.3:3233-3262	NM_006219.3	NM_006219.3.fasta	3233	3262	+	30	CTTACCTATGATTTCATCCATGTCATTCAA	UUGAAUGACAUGGAUGAAAUCAUAGGUAAG	0
NM_006219.3:3234-3263	NM_006219.3	NM_006219.3.fasta	3234	3263	+	30	TTACCTATGATTTCATCCATGTCATTCAAC	GUUGAAUGACAUGGAUGAAAUCAUAGGUAA	0
NM_006219.3:3235-3264	NM_006219.3	NM_006219.3.fasta	3235	3264	+	30	TACCTATGATTTCATCCATGTCATTCAACA	UGUUGAAUGACAUGGAUGAAAUCAUAGGUA	0
NM_006219.3:3236-3265	NM_006219.3	NM_006219.3.fasta	3236	3265	+	30	ACCTATGATTTCATCCATGTCATTCAACAA	UUGUUGAAUGACAUGGAUGAAAUCAUAGGU	0
NM_006219.3:3237-3266	NM_006219.3	NM_006219.3.fasta	3237	3266	+	30	CCTATGATTTCATCCATGTCATTCAACAAG	CUUGUUGAAUGACAUGGAUGAAAUCAUAGG	0
NM_006219.3:3238-3267	NM_006219.3	NM_006219.3.fasta	3238	3267	+	30	CTATGATTTCATCCATGTCATTCAACAAGG	CCUUGUUGAAUGACAUGGAUGAAAUCAUAG	0
NM_006219.3:3239-3268	NM_006219.3	NM_006219.3.fasta	3239	3268	+	30	TATGATTTCATCCATGTCATTCAACAAGGA	UCCUUGUUGAAUGACAUGGAUGAAAUCAUA	0
NM_006219.3:3240-3269	NM_006219.3	NM_006219.3.fasta	3240	3269	+	30	ATGATTTCATCCATGTCATTCAACAAGGAA	UUCCUUGUUGAAUGACAUGGAUGAAAUCAU	0
NM_006219.3:3241-3270	NM_006219.3	NM_006219.3.fasta	3241	3270	+	30	TGATTTCATCCATGTCATTCAACAAGGAAA	UUUCCUUGUUGAAUGACAUGGAUGAAAUCA	0
NM_006219.3:3242-3271	NM_006219.3	NM_006219.3.fasta	3242	3271	+	30	GATTTCATCCATGTCATTCAACAAGGAAAA	UUUUCCUUGUUGAAUGACAUGGAUGAAAUC	0
NM_006219.3:3243-3272	NM_006219.3	NM_006219.3.fasta	3243	3272	+	30	ATTTCATCCATGTCATTCAACAAGGAAAAA	UUUUUCCUUGUUGAAUGACAUGGAUGAAAU	0
NM_006219.3:3244-3273	NM_006219.3	NM_006219.3.fasta	3244	3273	+	30	TTTCATCCATGTCATTCAACAAGGAAAAAC	GUUUUUCCUUGUUGAAUGACAUGGAUGAAA	0
NM_006219.3:3245-3274	NM_006219.3	NM_006219.3.fasta	3245	3274	+	30	TTCATCCATGTCATTCAACAAGGAAAAACA	UGUUUUUCCUUGUUGAAUGACAUGGAUGAA	0
NM_006219.3:3246-3275	NM_006219.3	NM_006219.3.fasta	3246	3275	+	30	TCATCCATGTCATTCAACAAGGAAAAACAG	CUGUUUUUCCUUGUUGAAUGACAUGGAUGA	0
NM_006219.3:3247-3276	NM_006219.3	NM_006219.3.fasta	3247	3276	+	30	CATCCATGTCATTCAACAAGGAAAAACAGG	CCUGUUUUUCCUUGUUGAAUGACAUGGAUG	0
NM_006219.3:3248-3277	NM_006219.3	NM_006219.3.fasta	3248	3277	+	30	ATCCATGTCATTCAACAAGGAAAAACAGGA	UCCUGUUUUUCCUUGUUGAAUGACAUGGAU	0
NM_006219.3:3249-3278	NM_006219.3	NM_006219.3.fasta	3249	3278	+	30	TCCATGTCATTCAACAAGGAAAAACAGGAA	UUCCUGUUUUUCCUUGUUGAAUGACAUGGA	0
NM_006219.3:3250-3279	NM_006219.3	NM_006219.3.fasta	3250	3279	+	30	CCATGTCATTCAACAAGGAAAAACAGGAAA	UUUCCUGUUUUUCCUUGUUGAAUGACAUGG	0
NM_006219.3:3251-3280	NM_006219.3	NM_006219.3.fasta	3251	3280	+	30	CATGTCATTCAACAAGGAAAAACAGGAAAT	AUUUCCUGUUUUUCCUUGUUGAAUGACAUG	0
NM_006219.3:3252-3281	NM_006219.3	NM_006219.3.fasta	3252	3281	+	30	ATGTCATTCAACAAGGAAAAACAGGAAATA	UAUUUCCUGUUUUUCCUUGUUGAAUGACAU	0
NM_006219.3:3253-3282	NM_006219.3	NM_006219.3.fasta	3253	3282	+	30	TGTCATTCAACAAGGAAAAACAGGAAATAC	GUAUUUCCUGUUUUUCCUUGUUGAAUGACA	0
NM_006219.3:3254-3283	NM_006219.3	NM_006219.3.fasta	3254	3283	+	30	GTCATTCAACAAGGAAAAACAGGAAATACA	UGUAUUUCCUGUUUUUCCUUGUUGAAUGAC	0
NM_006219.3:3255-3284	NM_006219.3	NM_006219.3.fasta	3255	3284	+	30	TCATTCAACAAGGAAAAACAGGAAATACAG	CUGUAUUUCCUGUUUUUCCUUGUUGAAUGA	0
NM_006219.3:3256-3285	NM_006219.3	NM_006219.3.fasta	3256	3285	+	30	CATTCAACAAGGAAAAACAGGAAATACAGA	UCUGUAUUUCCUGUUUUUCCUUGUUGAAUG	0
NM_006219.3:3257-3286	NM_006219.3	NM_006219.3.fasta	3257	3286	+	30	ATTCAACAAGGAAAAACAGGAAATACAGAA	UUCUGUAUUUCCUGUUUUUCCUUGUUGAAU	0
NM_006219.3:3258-3287	NM_006219.3	NM_006219.3.fasta	3258	3287	+	30	TTCAACAAGGAAAAACAGGAAATACAGAAA	UUUCUGUAUUUCCUGUUUUUCCUUGUUGAA	0
NM_006219.3:3259-3288	NM_006219.3	NM_006219.3.fasta	3259	3288	+	30	TCAACAAGGAAAAACAGGAAATACAGAAAA	UUUUCUGUAUUUCCUGUUUUUCCUUGUUGA	0
NM_006219.3:3260-3289	NM_006219.3	NM_006219.3.fasta	3260	3289	+	30	CAACAAGGAAAAACAGGAAATACAGAAAAG	CUUUUCUGUAUUUCCUGUUUUUCCUUGUUG	0
NM_006219.3:3261-3290	NM_006219.3	NM_006219.3.fasta	3261	3290	+	30	AACAAGGAAAAACAGGAAATACAGAAAAGT	ACUUUUCUGUAUUUCCUGUUUUUCCUUGUU	0
NM_006219.3:3262-3291	NM_006219.3	NM_006219.3.fasta	3262	3291	+	30	ACAAGGAAAAACAGGAAATACAGAAAAGTT	AACUUUUCUGUAUUUCCUGUUUUUCCUUGU	0
NM_006219.3:3263-3292	NM_006219.3	NM_006219.3.fasta	3263	3292	+	30	CAAGGAAAAACAGGAAATACAGAAAAGTTT	AAACUUUUCUGUAUUUCCUGUUUUUCCUUG	0
NM_006219.3:3264-3293	NM_006219.3	NM_006219.3.fasta	3264	3293	+	30	AAGGAAAAACAGGAAATACAGAAAAGTTTG	CAAACUUUUCUGUAUUUCCUGUUUUUCCUU	0
NM_006219.3:3265-3294	NM_006219.3	NM_006219.3.fasta	3265	3294	+	30	AGGAAAAACAGGAAATACAGAAAAGTTTGG	CCAAACUUUUCUGUAUUUCCUGUUUUUCCU	0
NM_006219.3:3266-3295	NM_006219.3	NM_006219.3.fasta	3266	3295	+	30	GGAAAAACAGGAAATACAGAAAAGTTTGGC	GCCAAACUUUUCUGUAUUUCCUGUUUUUCC	0
NM_006219.3:3267-3296	NM_006219.3	NM_006219.3.fasta	3267	3296	+	30	GAAAAACAGGAAATACAGAAAAGTTTGGCC	GGCCAAACUUUUCUGUAUUUCCUGUUUUUC	0
NM_006219.3:3268-3297	NM_006219.3	NM_006219.3.fasta	3268	3297	+	30	AAAAACAGGAAATACAGAAAAGTTTGGCCG	CGGCCAAACUUUUCUGUAUUUCCUGUUUUU	0
NM_006219.3:3269-3298	NM_006219.3	NM_006219.3.fasta	3269	3298	+	30	AAAACAGGAAATACAGAAAAGTTTGGCCGG	CCGGCCAAACUUUUCUGUAUUUCCUGUUUU	0
NM_006219.3:3270-3299	NM_006219.3	NM_006219.3.fasta	3270	3299	+	30	AAACAGGAAATACAGAAAAGTTTGGCCGGT	ACCGGCCAAACUUUUCUGUAUUUCCUGUUU	0
NM_006219.3:3271-3300	NM_006219.3	NM_006219.3.fasta	3271	3300	+	30	AACAGGAAATACAGAAAAGTTTGGCCGGTT	AACCGGCCAAACUUUUCUGUAUUUCCUGUU	0
NM_006219.3:3272-3301	NM_006219.3	NM_006219.3.fasta	3272	3301	+	30	ACAGGAAATACAGAAAAGTTTGGCCGGTTC	GAACCGGCCAAACUUUUCUGUAUUUCCUGU	0
NM_006219.3:3273-3302	NM_006219.3	NM_006219.3.fasta	3273	3302	+	30	CAGGAAATACAGAAAAGTTTGGCCGGTTCC	GGAACCGGCCAAACUUUUCUGUAUUUCCUG	0
NM_006219.3:3274-3303	NM_006219.3	NM_006219.3.fasta	3274	3303	+	30	AGGAAATACAGAAAAGTTTGGCCGGTTCCG	CGGAACCGGCCAAACUUUUCUGUAUUUCCU	0
NM_006219.3:3275-3304	NM_006219.3	NM_006219.3.fasta	3275	3304	+	30	GGAAATACAGAAAAGTTTGGCCGGTTCCGC	GCGGAACCGGCCAAACUUUUCUGUAUUUCC	0
NM_006219.3:3276-3305	NM_006219.3	NM_006219.3.fasta	3276	3305	+	30	GAAATACAGAAAAGTTTGGCCGGTTCCGCC	GGCGGAACCGGCCAAACUUUUCUGUAUUUC	0
NM_006219.3:3277-3306	NM_006219.3	NM_006219.3.fasta	3277	3306	+	30	AAATACAGAAAAGTTTGGCCGGTTCCGCCA	UGGCGGAACCGGCCAAACUUUUCUGUAUUU	0
NM_006219.3:3278-3307	NM_006219.3	NM_006219.3.fasta	3278	3307	+	30	AATACAGAAAAGTTTGGCCGGTTCCGCCAG	CUGGCGGAACCGGCCAAACUUUUCUGUAUU	0
NM_006219.3:3279-3308	NM_006219.3	NM_006219.3.fasta	3279	3308	+	30	ATACAGAAAAGTTTGGCCGGTTCCGCCAGT	ACUGGCGGAACCGGCCAAACUUUUCUGUAU	0
NM_006219.3:3280-3309	NM_006219.3	NM_006219.3.fasta	3280	3309	+	30	TACAGAAAAGTTTGGCCGGTTCCGCCAGTG	CACUGGCGGAACCGGCCAAACUUUUCUGUA	0
NM_006219.3:3281-3310	NM_006219.3	NM_006219.3.fasta	3281	3310	+	30	ACAGAAAAGTTTGGCCGGTTCCGCCAGTGT	ACACUGGCGGAACCGGCCAAACUUUUCUGU	0
NM_006219.3:3282-3311	NM_006219.3	NM_006219.3.fasta	3282	3311	+	30	CAGAAAAGTTTGGCCGGTTCCGCCAGTGTT	AACACUGGCGGAACCGGCCAAACUUUUCUG	0
NM_006219.3:3283-3312	NM_006219.3	NM_006219.3.fasta	3283	3312	+	30	AGAAAAGTTTGGCCGGTTCCGCCAGTGTTG	CAACACUGGCGGAACCGGCCAAACUUUUCU	0
NM_006219.3:3284-3313	NM_006219.3	NM_006219.3.fasta	3284	3313	+	30	GAAAAGTTTGGCCGGTTCCGCCAGTGTTGT	ACAACACUGGCGGAACCGGCCAAACUUUUC	0
NM_006219.3:3285-3314	NM_006219.3	NM_006219.3.fasta	3285	3314	+	30	AAAAGTTTGGCCGGTTCCGCCAGTGTTGTG	CACAACACUGGCGGAACCGGCCAAACUUUU	0
NM_006219.3:3286-3315	NM_006219.3	NM_006219.3.fasta	3286	3315	+	30	AAAGTTTGGCCGGTTCCGCCAGTGTTGTGA	UCACAACACUGGCGGAACCGGCCAAACUUU	0
NM_006219.3:3287-3316	NM_006219.3	NM_006219.3.fasta	3287	3316	+	30	AAGTTTGGCCGGTTCCGCCAGTGTTGTGAG	CUCACAACACUGGCGGAACCGGCCAAACUU	0
NM_006219.3:3288-3317	NM_006219.3	NM_006219.3.fasta	3288	3317	+	30	AGTTTGGCCGGTTCCGCCAGTGTTGTGAGG	CCUCACAACACUGGCGGAACCGGCCAAACU	0
NM_006219.3:3289-3318	NM_006219.3	NM_006219.3.fasta	3289	3318	+	30	GTTTGGCCGGTTCCGCCAGTGTTGTGAGGA	UCCUCACAACACUGGCGGAACCGGCCAAAC	0
NM_006219.3:3290-3319	NM_006219.3	NM_006219.3.fasta	3290	3319	+	30	TTTGGCCGGTTCCGCCAGTGTTGTGAGGAT	AUCCUCACAACACUGGCGGAACCGGCCAAA	0
NM_006219.3:3291-3320	NM_006219.3	NM_006219.3.fasta	3291	3320	+	30	TTGGCCGGTTCCGCCAGTGTTGTGAGGATG	CAUCCUCACAACACUGGCGGAACCGGCCAA	0
NM_006219.3:3292-3321	NM_006219.3	NM_006219.3.fasta	3292	3321	+	30	TGGCCGGTTCCGCCAGTGTTGTGAGGATGC	GCAUCCUCACAACACUGGCGGAACCGGCCA	0
NM_006219.3:3293-3322	NM_006219.3	NM_006219.3.fasta	3293	3322	+	30	GGCCGGTTCCGCCAGTGTTGTGAGGATGCA	UGCAUCCUCACAACACUGGCGGAACCGGCC	0
NM_006219.3:3294-3323	NM_006219.3	NM_006219.3.fasta	3294	3323	+	30	GCCGGTTCCGCCAGTGTTGTGAGGATGCAT	AUGCAUCCUCACAACACUGGCGGAACCGGC	0
NM_006219.3:3295-3324	NM_006219.3	NM_006219.3.fasta	3295	3324	+	30	CCGGTTCCGCCAGTGTTGTGAGGATGCATA	UAUGCAUCCUCACAACACUGGCGGAACCGG	0
NM_006219.3:3296-3325	NM_006219.3	NM_006219.3.fasta	3296	3325	+	30	CGGTTCCGCCAGTGTTGTGAGGATGCATAT	AUAUGCAUCCUCACAACACUGGCGGAACCG	0
NM_006219.3:3297-3326	NM_006219.3	NM_006219.3.fasta	3297	3326	+	30	GGTTCCGCCAGTGTTGTGAGGATGCATATC	GAUAUGCAUCCUCACAACACUGGCGGAACC	0
NM_006219.3:3298-3327	NM_006219.3	NM_006219.3.fasta	3298	3327	+	30	GTTCCGCCAGTGTTGTGAGGATGCATATCT	AGAUAUGCAUCCUCACAACACUGGCGGAAC	0
NM_006219.3:3299-3328	NM_006219.3	NM_006219.3.fasta	3299	3328	+	30	TTCCGCCAGTGTTGTGAGGATGCATATCTG	CAGAUAUGCAUCCUCACAACACUGGCGGAA	0
NM_006219.3:3300-3329	NM_006219.3	NM_006219.3.fasta	3300	3329	+	30	TCCGCCAGTGTTGTGAGGATGCATATCTGA	UCAGAUAUGCAUCCUCACAACACUGGCGGA	0
NM_006219.3:3301-3330	NM_006219.3	NM_006219.3.fasta	3301	3330	+	30	CCGCCAGTGTTGTGAGGATGCATATCTGAT	AUCAGAUAUGCAUCCUCACAACACUGGCGG	0
NM_006219.3:3302-3331	NM_006219.3	NM_006219.3.fasta	3302	3331	+	30	CGCCAGTGTTGTGAGGATGCATATCTGATT	AAUCAGAUAUGCAUCCUCACAACACUGGCG	0
NM_006219.3:3303-3332	NM_006219.3	NM_006219.3.fasta	3303	3332	+	30	GCCAGTGTTGTGAGGATGCATATCTGATTT	AAAUCAGAUAUGCAUCCUCACAACACUGGC	0
NM_006219.3:3304-3333	NM_006219.3	NM_006219.3.fasta	3304	3333	+	30	CCAGTGTTGTGAGGATGCATATCTGATTTT	AAAAUCAGAUAUGCAUCCUCACAACACUGG	0
NM_006219.3:3305-3334	NM_006219.3	NM_006219.3.fasta	3305	3334	+	30	CAGTGTTGTGAGGATGCATATCTGATTTTA	UAAAAUCAGAUAUGCAUCCUCACAACACUG	0
NM_006219.3:3306-3335	NM_006219.3	NM_006219.3.fasta	3306	3335	+	30	AGTGTTGTGAGGATGCATATCTGATTTTAC	GUAAAAUCAGAUAUGCAUCCUCACAACACU	0
NM_006219.3:3307-3336	NM_006219.3	NM_006219.3.fasta	3307	3336	+	30	GTGTTGTGAGGATGCATATCTGATTTTACG	CGUAAAAUCAGAUAUGCAUCCUCACAACAC	0
NM_006219.3:3308-3337	NM_006219.3	NM_006219.3.fasta	3308	3337	+	30	TGTTGTGAGGATGCATATCTGATTTTACGA	UCGUAAAAUCAGAUAUGCAUCCUCACAACA	0
NM_006219.3:3309-3338	NM_006219.3	NM_006219.3.fasta	3309	3338	+	30	GTTGTGAGGATGCATATCTGATTTTACGAC	GUCGUAAAAUCAGAUAUGCAUCCUCACAAC	0
NM_006219.3:3310-3339	NM_006219.3	NM_006219.3.fasta	3310	3339	+	30	TTGTGAGGATGCATATCTGATTTTACGACG	CGUCGUAAAAUCAGAUAUGCAUCCUCACAA	0
NM_006219.3:3311-3340	NM_006219.3	NM_006219.3.fasta	3311	3340	+	30	TGTGAGGATGCATATCTGATTTTACGACGG	CCGUCGUAAAAUCAGAUAUGCAUCCUCACA	0
NM_006219.3:3312-3341	NM_006219.3	NM_006219.3.fasta	3312	3341	+	30	GTGAGGATGCATATCTGATTTTACGACGGC	GCCGUCGUAAAAUCAGAUAUGCAUCCUCAC	0
NM_006219.3:3313-3342	NM_006219.3	NM_006219.3.fasta	3313	3342	+	30	TGAGGATGCATATCTGATTTTACGACGGCA	UGCCGUCGUAAAAUCAGAUAUGCAUCCUCA	0
NM_006219.3:3314-3343	NM_006219.3	NM_006219.3.fasta	3314	3343	+	30	GAGGATGCATATCTGATTTTACGACGGCAT	AUGCCGUCGUAAAAUCAGAUAUGCAUCCUC	0
NM_006219.3:3315-3344	NM_006219.3	NM_006219.3.fasta	3315	3344	+	30	AGGATGCATATCTGATTTTACGACGGCATG	CAUGCCGUCGUAAAAUCAGAUAUGCAUCCU	0
NM_006219.3:3316-3345	NM_006219.3	NM_006219.3.fasta	3316	3345	+	30	GGATGCATATCTGATTTTACGACGGCATGG	CCAUGCCGUCGUAAAAUCAGAUAUGCAUCC	0
NM_006219.3:3317-3346	NM_006219.3	NM_006219.3.fasta	3317	3346	+	30	GATGCATATCTGATTTTACGACGGCATGGG	CCCAUGCCGUCGUAAAAUCAGAUAUGCAUC	0
NM_006219.3:3318-3347	NM_006219.3	NM_006219.3.fasta	3318	3347	+	30	ATGCATATCTGATTTTACGACGGCATGGGA	UCCCAUGCCGUCGUAAAAUCAGAUAUGCAU	0
NM_006219.3:3319-3348	NM_006219.3	NM_006219.3.fasta	3319	3348	+	30	TGCATATCTGATTTTACGACGGCATGGGAA	UUCCCAUGCCGUCGUAAAAUCAGAUAUGCA	0
NM_006219.3:3320-3349	NM_006219.3	NM_006219.3.fasta	3320	3349	+	30	GCATATCTGATTTTACGACGGCATGGGAAT	AUUCCCAUGCCGUCGUAAAAUCAGAUAUGC	0
NM_006219.3:3321-3350	NM_006219.3	NM_006219.3.fasta	3321	3350	+	30	CATATCTGATTTTACGACGGCATGGGAATC	GAUUCCCAUGCCGUCGUAAAAUCAGAUAUG	0
NM_006219.3:3322-3351	NM_006219.3	NM_006219.3.fasta	3322	3351	+	30	ATATCTGATTTTACGACGGCATGGGAATCT	AGAUUCCCAUGCCGUCGUAAAAUCAGAUAU	0
NM_006219.3:3323-3352	NM_006219.3	NM_006219.3.fasta	3323	3352	+	30	TATCTGATTTTACGACGGCATGGGAATCTC	GAGAUUCCCAUGCCGUCGUAAAAUCAGAUA	0
NM_006219.3:3324-3353	NM_006219.3	NM_006219.3.fasta	3324	3353	+	30	ATCTGATTTTACGACGGCATGGGAATCTCT	AGAGAUUCCCAUGCCGUCGUAAAAUCAGAU	0
NM_006219.3:3325-3354	NM_006219.3	NM_006219.3.fasta	3325	3354	+	30	TCTGATTTTACGACGGCATGGGAATCTCTT	AAGAGAUUCCCAUGCCGUCGUAAAAUCAGA	0
NM_006219.3:3326-3355	NM_006219.3	NM_006219.3.fasta	3326	3355	+	30	CTGATTTTACGACGGCATGGGAATCTCTTC	GAAGAGAUUCCCAUGCCGUCGUAAAAUCAG	0
NM_006219.3:3327-3356	NM_006219.3	NM_006219.3.fasta	3327	3356	+	30	TGATTTTACGACGGCATGGGAATCTCTTCA	UGAAGAGAUUCCCAUGCCGUCGUAAAAUCA	0
NM_006219.3:3328-3357	NM_006219.3	NM_006219.3.fasta	3328	3357	+	30	GATTTTACGACGGCATGGGAATCTCTTCAT	AUGAAGAGAUUCCCAUGCCGUCGUAAAAUC	0
NM_006219.3:3329-3358	NM_006219.3	NM_006219.3.fasta	3329	3358	+	30	ATTTTACGACGGCATGGGAATCTCTTCATC	GAUGAAGAGAUUCCCAUGCCGUCGUAAAAU	0
NM_006219.3:3330-3359	NM_006219.3	NM_006219.3.fasta	3330	3359	+	30	TTTTACGACGGCATGGGAATCTCTTCATCA	UGAUGAAGAGAUUCCCAUGCCGUCGUAAAA	0
NM_006219.3:3331-3360	NM_006219.3	NM_006219.3.fasta	3331	3360	+	30	TTTACGACGGCATGGGAATCTCTTCATCAC	GUGAUGAAGAGAUUCCCAUGCCGUCGUAAA	0
NM_006219.3:3332-3361	NM_006219.3	NM_006219.3.fasta	3332	3361	+	30	TTACGACGGCATGGGAATCTCTTCATCACT	AGUGAUGAAGAGAUUCCCAUGCCGUCGUAA	0
NM_006219.3:3333-3362	NM_006219.3	NM_006219.3.fasta	3333	3362	+	30	TACGACGGCATGGGAATCTCTTCATCACTC	GAGUGAUGAAGAGAUUCCCAUGCCGUCGUA	0
NM_006219.3:3334-3363	NM_006219.3	NM_006219.3.fasta	3334	3363	+	30	ACGACGGCATGGGAATCTCTTCATCACTCT	AGAGUGAUGAAGAGAUUCCCAUGCCGUCGU	0
NM_006219.3:3335-3364	NM_006219.3	NM_006219.3.fasta	3335	3364	+	30	CGACGGCATGGGAATCTCTTCATCACTCTC	GAGAGUGAUGAAGAGAUUCCCAUGCCGUCG	0
NM_006219.3:3336-3365	NM_006219.3	NM_006219.3.fasta	3336	3365	+	30	GACGGCATGGGAATCTCTTCATCACTCTCT	AGAGAGUGAUGAAGAGAUUCCCAUGCCGUC	0
NM_006219.3:3337-3366	NM_006219.3	NM_006219.3.fasta	3337	3366	+	30	ACGGCATGGGAATCTCTTCATCACTCTCTT	AAGAGAGUGAUGAAGAGAUUCCCAUGCCGU	0
NM_006219.3:3338-3367	NM_006219.3	NM_006219.3.fasta	3338	3367	+	30	CGGCATGGGAATCTCTTCATCACTCTCTTT	AAAGAGAGUGAUGAAGAGAUUCCCAUGCCG	0
NM_006219.3:3339-3368	NM_006219.3	NM_006219.3.fasta	3339	3368	+	30	GGCATGGGAATCTCTTCATCACTCTCTTTG	CAAAGAGAGUGAUGAAGAGAUUCCCAUGCC	0
NM_006219.3:3340-3369	NM_006219.3	NM_006219.3.fasta	3340	3369	+	30	GCATGGGAATCTCTTCATCACTCTCTTTGC	GCAAAGAGAGUGAUGAAGAGAUUCCCAUGC	0
NM_006219.3:3341-3370	NM_006219.3	NM_006219.3.fasta	3341	3370	+	30	CATGGGAATCTCTTCATCACTCTCTTTGCG	CGCAAAGAGAGUGAUGAAGAGAUUCCCAUG	0
NM_006219.3:3342-3371	NM_006219.3	NM_006219.3.fasta	3342	3371	+	30	ATGGGAATCTCTTCATCACTCTCTTTGCGC	GCGCAAAGAGAGUGAUGAAGAGAUUCCCAU	0
NM_006219.3:3343-3372	NM_006219.3	NM_006219.3.fasta	3343	3372	+	30	TGGGAATCTCTTCATCACTCTCTTTGCGCT	AGCGCAAAGAGAGUGAUGAAGAGAUUCCCA	0
NM_006219.3:3344-3373	NM_006219.3	NM_006219.3.fasta	3344	3373	+	30	GGGAATCTCTTCATCACTCTCTTTGCGCTG	CAGCGCAAAGAGAGUGAUGAAGAGAUUCCC	0
NM_006219.3:3345-3374	NM_006219.3	NM_006219.3.fasta	3345	3374	+	30	GGAATCTCTTCATCACTCTCTTTGCGCTGA	UCAGCGCAAAGAGAGUGAUGAAGAGAUUCC	0
NM_006219.3:3346-3375	NM_006219.3	NM_006219.3.fasta	3346	3375	+	30	GAATCTCTTCATCACTCTCTTTGCGCTGAT	AUCAGCGCAAAGAGAGUGAUGAAGAGAUUC	0
NM_006219.3:3347-3376	NM_006219.3	NM_006219.3.fasta	3347	3376	+	30	AATCTCTTCATCACTCTCTTTGCGCTGATG	CAUCAGCGCAAAGAGAGUGAUGAAGAGAUU	0
NM_006219.3:3348-3377	NM_006219.3	NM_006219.3.fasta	3348	3377	+	30	ATCTCTTCATCACTCTCTTTGCGCTGATGT	ACAUCAGCGCAAAGAGAGUGAUGAAGAGAU	0
NM_006219.3:3349-3378	NM_006219.3	NM_006219.3.fasta	3349	3378	+	30	TCTCTTCATCACTCTCTTTGCGCTGATGTT	AACAUCAGCGCAAAGAGAGUGAUGAAGAGA	0
NM_006219.3:3350-3379	NM_006219.3	NM_006219.3.fasta	3350	3379	+	30	CTCTTCATCACTCTCTTTGCGCTGATGTTG	CAACAUCAGCGCAAAGAGAGUGAUGAAGAG	0
NM_006219.3:3351-3380	NM_006219.3	NM_006219.3.fasta	3351	3380	+	30	TCTTCATCACTCTCTTTGCGCTGATGTTGA	UCAACAUCAGCGCAAAGAGAGUGAUGAAGA	0
NM_006219.3:3352-3381	NM_006219.3	NM_006219.3.fasta	3352	3381	+	30	CTTCATCACTCTCTTTGCGCTGATGTTGAC	GUCAACAUCAGCGCAAAGAGAGUGAUGAAG	0
NM_006219.3:3353-3382	NM_006219.3	NM_006219.3.fasta	3353	3382	+	30	TTCATCACTCTCTTTGCGCTGATGTTGACT	AGUCAACAUCAGCGCAAAGAGAGUGAUGAA	0
NM_006219.3:3354-3383	NM_006219.3	NM_006219.3.fasta	3354	3383	+	30	TCATCACTCTCTTTGCGCTGATGTTGACTG	CAGUCAACAUCAGCGCAAAGAGAGUGAUGA	0
NM_006219.3:3355-3384	NM_006219.3	NM_006219.3.fasta	3355	3384	+	30	CATCACTCTCTTTGCGCTGATGTTGACTGC	GCAGUCAACAUCAGCGCAAAGAGAGUGAUG	0
NM_006219.3:3356-3385	NM_006219.3	NM_006219.3.fasta	3356	3385	+	30	ATCACTCTCTTTGCGCTGATGTTGACTGCA	UGCAGUCAACAUCAGCGCAAAGAGAGUGAU	0
NM_006219.3:3357-3386	NM_006219.3	NM_006219.3.fasta	3357	3386	+	30	TCACTCTCTTTGCGCTGATGTTGACTGCAG	CUGCAGUCAACAUCAGCGCAAAGAGAGUGA	0
NM_006219.3:3358-3387	NM_006219.3	NM_006219.3.fasta	3358	3387	+	30	CACTCTCTTTGCGCTGATGTTGACTGCAGG	CCUGCAGUCAACAUCAGCGCAAAGAGAGUG	0
NM_006219.3:3359-3388	NM_006219.3	NM_006219.3.fasta	3359	3388	+	30	ACTCTCTTTGCGCTGATGTTGACTGCAGGG	CCCUGCAGUCAACAUCAGCGCAAAGAGAGU	0
NM_006219.3:3360-3389	NM_006219.3	NM_006219.3.fasta	3360	3389	+	30	CTCTCTTTGCGCTGATGTTGACTGCAGGGC	GCCCUGCAGUCAACAUCAGCGCAAAGAGAG	0
NM_006219.3:3361-3390	NM_006219.3	NM_006219.3.fasta	3361	3390	+	30	TCTCTTTGCGCTGATGTTGACTGCAGGGCT	AGCCCUGCAGUCAACAUCAGCGCAAAGAGA	0
NM_006219.3:3362-3391	NM_006219.3	NM_006219.3.fasta	3362	3391	+	30	CTCTTTGCGCTGATGTTGACTGCAGGGCTT	AAGCCCUGCAGUCAACAUCAGCGCAAAGAG	0
NM_006219.3:3363-3392	NM_006219.3	NM_006219.3.fasta	3363	3392	+	30	TCTTTGCGCTGATGTTGACTGCAGGGCTTC	GAAGCCCUGCAGUCAACAUCAGCGCAAAGA	0
NM_006219.3:3364-3393	NM_006219.3	NM_006219.3.fasta	3364	3393	+	30	CTTTGCGCTGATGTTGACTGCAGGGCTTCC	GGAAGCCCUGCAGUCAACAUCAGCGCAAAG	0
NM_006219.3:3365-3394	NM_006219.3	NM_006219.3.fasta	3365	3394	+	30	TTTGCGCTGATGTTGACTGCAGGGCTTCCT	AGGAAGCCCUGCAGUCAACAUCAGCGCAAA	0
NM_006219.3:3366-3395	NM_006219.3	NM_006219.3.fasta	3366	3395	+	30	TTGCGCTGATGTTGACTGCAGGGCTTCCTG	CAGGAAGCCCUGCAGUCAACAUCAGCGCAA	0
NM_006219.3:3367-3396	NM_006219.3	NM_006219.3.fasta	3367	3396	+	30	TGCGCTGATGTTGACTGCAGGGCTTCCTGA	UCAGGAAGCCCUGCAGUCAACAUCAGCGCA	0
NM_006219.3:3368-3397	NM_006219.3	NM_006219.3.fasta	3368	3397	+	30	GCGCTGATGTTGACTGCAGGGCTTCCTGAA	UUCAGGAAGCCCUGCAGUCAACAUCAGCGC	0
NM_006219.3:3369-3398	NM_006219.3	NM_006219.3.fasta	3369	3398	+	30	CGCTGATGTTGACTGCAGGGCTTCCTGAAC	GUUCAGGAAGCCCUGCAGUCAACAUCAGCG	0
NM_006219.3:3370-3399	NM_006219.3	NM_006219.3.fasta	3370	3399	+	30	GCTGATGTTGACTGCAGGGCTTCCTGAACT	AGUUCAGGAAGCCCUGCAGUCAACAUCAGC	0
NM_006219.3:3371-3400	NM_006219.3	NM_006219.3.fasta	3371	3400	+	30	CTGATGTTGACTGCAGGGCTTCCTGAACTC	GAGUUCAGGAAGCCCUGCAGUCAACAUCAG	0
NM_006219.3:3372-3401	NM_006219.3	NM_006219.3.fasta	3372	3401	+	30	TGATGTTGACTGCAGGGCTTCCTGAACTCA	UGAGUUCAGGAAGCCCUGCAGUCAACAUCA	0
NM_006219.3:3373-3402	NM_006219.3	NM_006219.3.fasta	3373	3402	+	30	GATGTTGACTGCAGGGCTTCCTGAACTCAC	GUGAGUUCAGGAAGCCCUGCAGUCAACAUC	0
NM_006219.3:3374-3403	NM_006219.3	NM_006219.3.fasta	3374	3403	+	30	ATGTTGACTGCAGGGCTTCCTGAACTCACA	UGUGAGUUCAGGAAGCCCUGCAGUCAACAU	0
NM_006219.3:3375-3404	NM_006219.3	NM_006219.3.fasta	3375	3404	+	30	TGTTGACTGCAGGGCTTCCTGAACTCACAT	AUGUGAGUUCAGGAAGCCCUGCAGUCAACA	0
NM_006219.3:3376-3405	NM_006219.3	NM_006219.3.fasta	3376	3405	+	30	GTTGACTGCAGGGCTTCCTGAACTCACATC	GAUGUGAGUUCAGGAAGCCCUGCAGUCAAC	0
NM_006219.3:3377-3406	NM_006219.3	NM_006219.3.fasta	3377	3406	+	30	TTGACTGCAGGGCTTCCTGAACTCACATCA	UGAUGUGAGUUCAGGAAGCCCUGCAGUCAA	0
NM_006219.3:3378-3407	NM_006219.3	NM_006219.3.fasta	3378	3407	+	30	TGACTGCAGGGCTTCCTGAACTCACATCAG	CUGAUGUGAGUUCAGGAAGCCCUGCAGUCA	0
NM_006219.3:3379-3408	NM_006219.3	NM_006219.3.fasta	3379	3408	+	30	GACTGCAGGGCTTCCTGAACTCACATCAGT	ACUGAUGUGAGUUCAGGAAGCCCUGCAGUC	0
NM_006219.3:3380-3409	NM_006219.3	NM_006219.3.fasta	3380	3409	+	30	ACTGCAGGGCTTCCTGAACTCACATCAGTC	GACUGAUGUGAGUUCAGGAAGCCCUGCAGU	0
NM_006219.3:3381-3410	NM_006219.3	NM_006219.3.fasta	3381	3410	+	30	CTGCAGGGCTTCCTGAACTCACATCAGTCA	UGACUGAUGUGAGUUCAGGAAGCCCUGCAG	0
NM_006219.3:3382-3411	NM_006219.3	NM_006219.3.fasta	3382	3411	+	30	TGCAGGGCTTCCTGAACTCACATCAGTCAA	UUGACUGAUGUGAGUUCAGGAAGCCCUGCA	0
NM_006219.3:3383-3412	NM_006219.3	NM_006219.3.fasta	3383	3412	+	30	GCAGGGCTTCCTGAACTCACATCAGTCAAA	UUUGACUGAUGUGAGUUCAGGAAGCCCUGC	0
NM_006219.3:3384-3413	NM_006219.3	NM_006219.3.fasta	3384	3413	+	30	CAGGGCTTCCTGAACTCACATCAGTCAAAG	CUUUGACUGAUGUGAGUUCAGGAAGCCCUG	0
NM_006219.3:3385-3414	NM_006219.3	NM_006219.3.fasta	3385	3414	+	30	AGGGCTTCCTGAACTCACATCAGTCAAAGA	UCUUUGACUGAUGUGAGUUCAGGAAGCCCU	0
NM_006219.3:3386-3415	NM_006219.3	NM_006219.3.fasta	3386	3415	+	30	GGGCTTCCTGAACTCACATCAGTCAAAGAT	AUCUUUGACUGAUGUGAGUUCAGGAAGCCC	0
NM_006219.3:3387-3416	NM_006219.3	NM_006219.3.fasta	3387	3416	+	30	GGCTTCCTGAACTCACATCAGTCAAAGATA	UAUCUUUGACUGAUGUGAGUUCAGGAAGCC	0
NM_006219.3:3388-3417	NM_006219.3	NM_006219.3.fasta	3388	3417	+	30	GCTTCCTGAACTCACATCAGTCAAAGATAT	AUAUCUUUGACUGAUGUGAGUUCAGGAAGC	0
NM_006219.3:3389-3418	NM_006219.3	NM_006219.3.fasta	3389	3418	+	30	CTTCCTGAACTCACATCAGTCAAAGATATA	UAUAUCUUUGACUGAUGUGAGUUCAGGAAG	0
NM_006219.3:3390-3419	NM_006219.3	NM_006219.3.fasta	3390	3419	+	30	TTCCTGAACTCACATCAGTCAAAGATATAC	GUAUAUCUUUGACUGAUGUGAGUUCAGGAA	0
NM_006219.3:3391-3420	NM_006219.3	NM_006219.3.fasta	3391	3420	+	30	TCCTGAACTCACATCAGTCAAAGATATACA	UGUAUAUCUUUGACUGAUGUGAGUUCAGGA	0
NM_006219.3:3392-3421	NM_006219.3	NM_006219.3.fasta	3392	3421	+	30	CCTGAACTCACATCAGTCAAAGATATACAG	CUGUAUAUCUUUGACUGAUGUGAGUUCAGG	0
NM_006219.3:3393-3422	NM_006219.3	NM_006219.3.fasta	3393	3422	+	30	CTGAACTCACATCAGTCAAAGATATACAGT	ACUGUAUAUCUUUGACUGAUGUGAGUUCAG	0
NM_006219.3:3394-3423	NM_006219.3	NM_006219.3.fasta	3394	3423	+	30	TGAACTCACATCAGTCAAAGATATACAGTA	UACUGUAUAUCUUUGACUGAUGUGAGUUCA	0
NM_006219.3:3395-3424	NM_006219.3	NM_006219.3.fasta	3395	3424	+	30	GAACTCACATCAGTCAAAGATATACAGTAT	AUACUGUAUAUCUUUGACUGAUGUGAGUUC	0
NM_006219.3:3396-3425	NM_006219.3	NM_006219.3.fasta	3396	3425	+	30	AACTCACATCAGTCAAAGATATACAGTATC	GAUACUGUAUAUCUUUGACUGAUGUGAGUU	0
NM_006219.3:3397-3426	NM_006219.3	NM_006219.3.fasta	3397	3426	+	30	ACTCACATCAGTCAAAGATATACAGTATCT	AGAUACUGUAUAUCUUUGACUGAUGUGAGU	0
NM_006219.3:3398-3427	NM_006219.3	NM_006219.3.fasta	3398	3427	+	30	CTCACATCAGTCAAAGATATACAGTATCTT	AAGAUACUGUAUAUCUUUGACUGAUGUGAG	0
NM_006219.3:3399-3428	NM_006219.3	NM_006219.3.fasta	3399	3428	+	30	TCACATCAGTCAAAGATATACAGTATCTTA	UAAGAUACUGUAUAUCUUUGACUGAUGUGA	0
NM_006219.3:3400-3429	NM_006219.3	NM_006219.3.fasta	3400	3429	+	30	CACATCAGTCAAAGATATACAGTATCTTAA	UUAAGAUACUGUAUAUCUUUGACUGAUGUG	0
NM_006219.3:3401-3430	NM_006219.3	NM_006219.3.fasta	3401	3430	+	30	ACATCAGTCAAAGATATACAGTATCTTAAG	CUUAAGAUACUGUAUAUCUUUGACUGAUGU	0
NM_006219.3:3402-3431	NM_006219.3	NM_006219.3.fasta	3402	3431	+	30	CATCAGTCAAAGATATACAGTATCTTAAGG	CCUUAAGAUACUGUAUAUCUUUGACUGAUG	0
NM_006219.3:3403-3432	NM_006219.3	NM_006219.3.fasta	3403	3432	+	30	ATCAGTCAAAGATATACAGTATCTTAAGGA	UCCUUAAGAUACUGUAUAUCUUUGACUGAU	0
NM_006219.3:3404-3433	NM_006219.3	NM_006219.3.fasta	3404	3433	+	30	TCAGTCAAAGATATACAGTATCTTAAGGAC	GUCCUUAAGAUACUGUAUAUCUUUGACUGA	0
NM_006219.3:3405-3434	NM_006219.3	NM_006219.3.fasta	3405	3434	+	30	CAGTCAAAGATATACAGTATCTTAAGGACT	AGUCCUUAAGAUACUGUAUAUCUUUGACUG	0
NM_006219.3:3406-3435	NM_006219.3	NM_006219.3.fasta	3406	3435	+	30	AGTCAAAGATATACAGTATCTTAAGGACTC	GAGUCCUUAAGAUACUGUAUAUCUUUGACU	0
NM_006219.3:3407-3436	NM_006219.3	NM_006219.3.fasta	3407	3436	+	30	GTCAAAGATATACAGTATCTTAAGGACTCT	AGAGUCCUUAAGAUACUGUAUAUCUUUGAC	0
NM_006219.3:3408-3437	NM_006219.3	NM_006219.3.fasta	3408	3437	+	30	TCAAAGATATACAGTATCTTAAGGACTCTC	GAGAGUCCUUAAGAUACUGUAUAUCUUUGA	0
NM_006219.3:3409-3438	NM_006219.3	NM_006219.3.fasta	3409	3438	+	30	CAAAGATATACAGTATCTTAAGGACTCTCT	AGAGAGUCCUUAAGAUACUGUAUAUCUUUG	0
NM_006219.3:3410-3439	NM_006219.3	NM_006219.3.fasta	3410	3439	+	30	AAAGATATACAGTATCTTAAGGACTCTCTT	AAGAGAGUCCUUAAGAUACUGUAUAUCUUU	0
NM_006219.3:3411-3440	NM_006219.3	NM_006219.3.fasta	3411	3440	+	30	AAGATATACAGTATCTTAAGGACTCTCTTG	CAAGAGAGUCCUUAAGAUACUGUAUAUCUU	0
NM_006219.3:3412-3441	NM_006219.3	NM_006219.3.fasta	3412	3441	+	30	AGATATACAGTATCTTAAGGACTCTCTTGC	GCAAGAGAGUCCUUAAGAUACUGUAUAUCU	0
NM_006219.3:3413-3442	NM_006219.3	NM_006219.3.fasta	3413	3442	+	30	GATATACAGTATCTTAAGGACTCTCTTGCA	UGCAAGAGAGUCCUUAAGAUACUGUAUAUC	0
NM_006219.3:3414-3443	NM_006219.3	NM_006219.3.fasta	3414	3443	+	30	ATATACAGTATCTTAAGGACTCTCTTGCAT	AUGCAAGAGAGUCCUUAAGAUACUGUAUAU	0
NM_006219.3:3415-3444	NM_006219.3	NM_006219.3.fasta	3415	3444	+	30	TATACAGTATCTTAAGGACTCTCTTGCATT	AAUGCAAGAGAGUCCUUAAGAUACUGUAUA	0
NM_006219.3:3416-3445	NM_006219.3	NM_006219.3.fasta	3416	3445	+	30	ATACAGTATCTTAAGGACTCTCTTGCATTA	UAAUGCAAGAGAGUCCUUAAGAUACUGUAU	0
NM_006219.3:3417-3446	NM_006219.3	NM_006219.3.fasta	3417	3446	+	30	TACAGTATCTTAAGGACTCTCTTGCATTAG	CUAAUGCAAGAGAGUCCUUAAGAUACUGUA	0
NM_006219.3:3418-3447	NM_006219.3	NM_006219.3.fasta	3418	3447	+	30	ACAGTATCTTAAGGACTCTCTTGCATTAGG	CCUAAUGCAAGAGAGUCCUUAAGAUACUGU	0
NM_006219.3:3419-3448	NM_006219.3	NM_006219.3.fasta	3419	3448	+	30	CAGTATCTTAAGGACTCTCTTGCATTAGGG	CCCUAAUGCAAGAGAGUCCUUAAGAUACUG	0
NM_006219.3:3420-3449	NM_006219.3	NM_006219.3.fasta	3420	3449	+	30	AGTATCTTAAGGACTCTCTTGCATTAGGGA	UCCCUAAUGCAAGAGAGUCCUUAAGAUACU	0
NM_006219.3:3421-3450	NM_006219.3	NM_006219.3.fasta	3421	3450	+	30	GTATCTTAAGGACTCTCTTGCATTAGGGAA	UUCCCUAAUGCAAGAGAGUCCUUAAGAUAC	0
NM_006219.3:3422-3451	NM_006219.3	NM_006219.3.fasta	3422	3451	+	30	TATCTTAAGGACTCTCTTGCATTAGGGAAG	CUUCCCUAAUGCAAGAGAGUCCUUAAGAUA	0
NM_006219.3:3423-3452	NM_006219.3	NM_006219.3.fasta	3423	3452	+	30	ATCTTAAGGACTCTCTTGCATTAGGGAAGA	UCUUCCCUAAUGCAAGAGAGUCCUUAAGAU	0
NM_006219.3:3424-3453	NM_006219.3	NM_006219.3.fasta	3424	3453	+	30	TCTTAAGGACTCTCTTGCATTAGGGAAGAG	CUCUUCCCUAAUGCAAGAGAGUCCUUAAGA	0
NM_006219.3:3425-3454	NM_006219.3	NM_006219.3.fasta	3425	3454	+	30	CTTAAGGACTCTCTTGCATTAGGGAAGAGT	ACUCUUCCCUAAUGCAAGAGAGUCCUUAAG	0
NM_006219.3:3426-3455	NM_006219.3	NM_006219.3.fasta	3426	3455	+	30	TTAAGGACTCTCTTGCATTAGGGAAGAGTG	CACUCUUCCCUAAUGCAAGAGAGUCCUUAA	0
NM_006219.3:3427-3456	NM_006219.3	NM_006219.3.fasta	3427	3456	+	30	TAAGGACTCTCTTGCATTAGGGAAGAGTGA	UCACUCUUCCCUAAUGCAAGAGAGUCCUUA	0
NM_006219.3:3428-3457	NM_006219.3	NM_006219.3.fasta	3428	3457	+	30	AAGGACTCTCTTGCATTAGGGAAGAGTGAA	UUCACUCUUCCCUAAUGCAAGAGAGUCCUU	0
NM_006219.3:3429-3458	NM_006219.3	NM_006219.3.fasta	3429	3458	+	30	AGGACTCTCTTGCATTAGGGAAGAGTGAAG	CUUCACUCUUCCCUAAUGCAAGAGAGUCCU	0
NM_006219.3:3430-3459	NM_006219.3	NM_006219.3.fasta	3430	3459	+	30	GGACTCTCTTGCATTAGGGAAGAGTGAAGA	UCUUCACUCUUCCCUAAUGCAAGAGAGUCC	0
NM_006219.3:3431-3460	NM_006219.3	NM_006219.3.fasta	3431	3460	+	30	GACTCTCTTGCATTAGGGAAGAGTGAAGAA	UUCUUCACUCUUCCCUAAUGCAAGAGAGUC	0
NM_006219.3:3432-3461	NM_006219.3	NM_006219.3.fasta	3432	3461	+	30	ACTCTCTTGCATTAGGGAAGAGTGAAGAAG	CUUCUUCACUCUUCCCUAAUGCAAGAGAGU	0
NM_006219.3:3433-3462	NM_006219.3	NM_006219.3.fasta	3433	3462	+	30	CTCTCTTGCATTAGGGAAGAGTGAAGAAGA	UCUUCUUCACUCUUCCCUAAUGCAAGAGAG	0
NM_006219.3:3434-3463	NM_006219.3	NM_006219.3.fasta	3434	3463	+	30	TCTCTTGCATTAGGGAAGAGTGAAGAAGAA	UUCUUCUUCACUCUUCCCUAAUGCAAGAGA	0
NM_006219.3:3435-3464	NM_006219.3	NM_006219.3.fasta	3435	3464	+	30	CTCTTGCATTAGGGAAGAGTGAAGAAGAAG	CUUCUUCUUCACUCUUCCCUAAUGCAAGAG	0
NM_006219.3:3436-3465	NM_006219.3	NM_006219.3.fasta	3436	3465	+	30	TCTTGCATTAGGGAAGAGTGAAGAAGAAGC	GCUUCUUCUUCACUCUUCCCUAAUGCAAGA	0
NM_006219.3:3437-3466	NM_006219.3	NM_006219.3.fasta	3437	3466	+	30	CTTGCATTAGGGAAGAGTGAAGAAGAAGCA	UGCUUCUUCUUCACUCUUCCCUAAUGCAAG	0
NM_006219.3:3438-3467	NM_006219.3	NM_006219.3.fasta	3438	3467	+	30	TTGCATTAGGGAAGAGTGAAGAAGAAGCAC	GUGCUUCUUCUUCACUCUUCCCUAAUGCAA	0
NM_006219.3:3439-3468	NM_006219.3	NM_006219.3.fasta	3439	3468	+	30	TGCATTAGGGAAGAGTGAAGAAGAAGCACT	AGUGCUUCUUCUUCACUCUUCCCUAAUGCA	0
NM_006219.3:3440-3469	NM_006219.3	NM_006219.3.fasta	3440	3469	+	30	GCATTAGGGAAGAGTGAAGAAGAAGCACTC	GAGUGCUUCUUCUUCACUCUUCCCUAAUGC	0
NM_006219.3:3441-3470	NM_006219.3	NM_006219.3.fasta	3441	3470	+	30	CATTAGGGAAGAGTGAAGAAGAAGCACTCA	UGAGUGCUUCUUCUUCACUCUUCCCUAAUG	0
NM_006219.3:3442-3471	NM_006219.3	NM_006219.3.fasta	3442	3471	+	30	ATTAGGGAAGAGTGAAGAAGAAGCACTCAA	UUGAGUGCUUCUUCUUCACUCUUCCCUAAU	0
NM_006219.3:3443-3472	NM_006219.3	NM_006219.3.fasta	3443	3472	+	30	TTAGGGAAGAGTGAAGAAGAAGCACTCAAA	UUUGAGUGCUUCUUCUUCACUCUUCCCUAA	0
NM_006219.3:3444-3473	NM_006219.3	NM_006219.3.fasta	3444	3473	+	30	TAGGGAAGAGTGAAGAAGAAGCACTCAAAC	GUUUGAGUGCUUCUUCUUCACUCUUCCCUA	0
NM_006219.3:3445-3474	NM_006219.3	NM_006219.3.fasta	3445	3474	+	30	AGGGAAGAGTGAAGAAGAAGCACTCAAACA	UGUUUGAGUGCUUCUUCUUCACUCUUCCCU	0
NM_006219.3:3446-3475	NM_006219.3	NM_006219.3.fasta	3446	3475	+	30	GGGAAGAGTGAAGAAGAAGCACTCAAACAG	CUGUUUGAGUGCUUCUUCUUCACUCUUCCC	0
NM_006219.3:3447-3476	NM_006219.3	NM_006219.3.fasta	3447	3476	+	30	GGAAGAGTGAAGAAGAAGCACTCAAACAGT	ACUGUUUGAGUGCUUCUUCUUCACUCUUCC	0
NM_006219.3:3448-3477	NM_006219.3	NM_006219.3.fasta	3448	3477	+	30	GAAGAGTGAAGAAGAAGCACTCAAACAGTT	AACUGUUUGAGUGCUUCUUCUUCACUCUUC	0
NM_006219.3:3449-3478	NM_006219.3	NM_006219.3.fasta	3449	3478	+	30	AAGAGTGAAGAAGAAGCACTCAAACAGTTT	AAACUGUUUGAGUGCUUCUUCUUCACUCUU	0
NM_006219.3:3450-3479	NM_006219.3	NM_006219.3.fasta	3450	3479	+	30	AGAGTGAAGAAGAAGCACTCAAACAGTTTA	UAAACUGUUUGAGUGCUUCUUCUUCACUCU	0
NM_006219.3:3451-3480	NM_006219.3	NM_006219.3.fasta	3451	3480	+	30	GAGTGAAGAAGAAGCACTCAAACAGTTTAA	UUAAACUGUUUGAGUGCUUCUUCUUCACUC	0
NM_006219.3:3452-3481	NM_006219.3	NM_006219.3.fasta	3452	3481	+	30	AGTGAAGAAGAAGCACTCAAACAGTTTAAG	CUUAAACUGUUUGAGUGCUUCUUCUUCACU	0
NM_006219.3:3453-3482	NM_006219.3	NM_006219.3.fasta	3453	3482	+	30	GTGAAGAAGAAGCACTCAAACAGTTTAAGC	GCUUAAACUGUUUGAGUGCUUCUUCUUCAC	0
NM_006219.3:3454-3483	NM_006219.3	NM_006219.3.fasta	3454	3483	+	30	TGAAGAAGAAGCACTCAAACAGTTTAAGCA	UGCUUAAACUGUUUGAGUGCUUCUUCUUCA	0
NM_006219.3:3455-3484	NM_006219.3	NM_006219.3.fasta	3455	3484	+	30	GAAGAAGAAGCACTCAAACAGTTTAAGCAA	UUGCUUAAACUGUUUGAGUGCUUCUUCUUC	0
NM_006219.3:3456-3485	NM_006219.3	NM_006219.3.fasta	3456	3485	+	30	AAGAAGAAGCACTCAAACAGTTTAAGCAAA	UUUGCUUAAACUGUUUGAGUGCUUCUUCUU	0
NM_006219.3:3457-3486	NM_006219.3	NM_006219.3.fasta	3457	3486	+	30	AGAAGAAGCACTCAAACAGTTTAAGCAAAA	UUUUGCUUAAACUGUUUGAGUGCUUCUUCU	0
NM_006219.3:3458-3487	NM_006219.3	NM_006219.3.fasta	3458	3487	+	30	GAAGAAGCACTCAAACAGTTTAAGCAAAAA	UUUUUGCUUAAACUGUUUGAGUGCUUCUUC	0
NM_006219.3:3459-3488	NM_006219.3	NM_006219.3.fasta	3459	3488	+	30	AAGAAGCACTCAAACAGTTTAAGCAAAAAT	AUUUUUGCUUAAACUGUUUGAGUGCUUCUU	0
NM_006219.3:3460-3489	NM_006219.3	NM_006219.3.fasta	3460	3489	+	30	AGAAGCACTCAAACAGTTTAAGCAAAAATT	AAUUUUUGCUUAAACUGUUUGAGUGCUUCU	0
NM_006219.3:3461-3490	NM_006219.3	NM_006219.3.fasta	3461	3490	+	30	GAAGCACTCAAACAGTTTAAGCAAAAATTT	AAAUUUUUGCUUAAACUGUUUGAGUGCUUC	0
NM_006219.3:3462-3491	NM_006219.3	NM_006219.3.fasta	3462	3491	+	30	AAGCACTCAAACAGTTTAAGCAAAAATTTG	CAAAUUUUUGCUUAAACUGUUUGAGUGCUU	0
NM_006219.3:3463-3492	NM_006219.3	NM_006219.3.fasta	3463	3492	+	30	AGCACTCAAACAGTTTAAGCAAAAATTTGA	UCAAAUUUUUGCUUAAACUGUUUGAGUGCU	0
NM_006219.3:3464-3493	NM_006219.3	NM_006219.3.fasta	3464	3493	+	30	GCACTCAAACAGTTTAAGCAAAAATTTGAT	AUCAAAUUUUUGCUUAAACUGUUUGAGUGC	0
NM_006219.3:3465-3494	NM_006219.3	NM_006219.3.fasta	3465	3494	+	30	CACTCAAACAGTTTAAGCAAAAATTTGATG	CAUCAAAUUUUUGCUUAAACUGUUUGAGUG	0
NM_006219.3:3466-3495	NM_006219.3	NM_006219.3.fasta	3466	3495	+	30	ACTCAAACAGTTTAAGCAAAAATTTGATGA	UCAUCAAAUUUUUGCUUAAACUGUUUGAGU	0
NM_006219.3:3467-3496	NM_006219.3	NM_006219.3.fasta	3467	3496	+	30	CTCAAACAGTTTAAGCAAAAATTTGATGAG	CUCAUCAAAUUUUUGCUUAAACUGUUUGAG	0
NM_006219.3:3468-3497	NM_006219.3	NM_006219.3.fasta	3468	3497	+	30	TCAAACAGTTTAAGCAAAAATTTGATGAGG	CCUCAUCAAAUUUUUGCUUAAACUGUUUGA	0
NM_006219.3:3469-3498	NM_006219.3	NM_006219.3.fasta	3469	3498	+	30	CAAACAGTTTAAGCAAAAATTTGATGAGGC	GCCUCAUCAAAUUUUUGCUUAAACUGUUUG	0
NM_006219.3:3470-3499	NM_006219.3	NM_006219.3.fasta	3470	3499	+	30	AAACAGTTTAAGCAAAAATTTGATGAGGCG	CGCCUCAUCAAAUUUUUGCUUAAACUGUUU	0
NM_006219.3:3471-3500	NM_006219.3	NM_006219.3.fasta	3471	3500	+	30	AACAGTTTAAGCAAAAATTTGATGAGGCGC	GCGCCUCAUCAAAUUUUUGCUUAAACUGUU	0
NM_006219.3:3472-3501	NM_006219.3	NM_006219.3.fasta	3472	3501	+	30	ACAGTTTAAGCAAAAATTTGATGAGGCGCT	AGCGCCUCAUCAAAUUUUUGCUUAAACUGU	0
NM_006219.3:3473-3502	NM_006219.3	NM_006219.3.fasta	3473	3502	+	30	CAGTTTAAGCAAAAATTTGATGAGGCGCTC	GAGCGCCUCAUCAAAUUUUUGCUUAAACUG	0
NM_006219.3:3474-3503	NM_006219.3	NM_006219.3.fasta	3474	3503	+	30	AGTTTAAGCAAAAATTTGATGAGGCGCTCA	UGAGCGCCUCAUCAAAUUUUUGCUUAAACU	0
NM_006219.3:3475-3504	NM_006219.3	NM_006219.3.fasta	3475	3504	+	30	GTTTAAGCAAAAATTTGATGAGGCGCTCAG	CUGAGCGCCUCAUCAAAUUUUUGCUUAAAC	0
NM_006219.3:3476-3505	NM_006219.3	NM_006219.3.fasta	3476	3505	+	30	TTTAAGCAAAAATTTGATGAGGCGCTCAGG	CCUGAGCGCCUCAUCAAAUUUUUGCUUAAA	0
NM_006219.3:3477-3506	NM_006219.3	NM_006219.3.fasta	3477	3506	+	30	TTAAGCAAAAATTTGATGAGGCGCTCAGGG	CCCUGAGCGCCUCAUCAAAUUUUUGCUUAA	0
NM_006219.3:3478-3507	NM_006219.3	NM_006219.3.fasta	3478	3507	+	30	TAAGCAAAAATTTGATGAGGCGCTCAGGGA	UCCCUGAGCGCCUCAUCAAAUUUUUGCUUA	0
NM_006219.3:3479-3508	NM_006219.3	NM_006219.3.fasta	3479	3508	+	30	AAGCAAAAATTTGATGAGGCGCTCAGGGAA	UUCCCUGAGCGCCUCAUCAAAUUUUUGCUU	0
NM_006219.3:3480-3509	NM_006219.3	NM_006219.3.fasta	3480	3509	+	30	AGCAAAAATTTGATGAGGCGCTCAGGGAAA	UUUCCCUGAGCGCCUCAUCAAAUUUUUGCU	0
NM_006219.3:3481-3510	NM_006219.3	NM_006219.3.fasta	3481	3510	+	30	GCAAAAATTTGATGAGGCGCTCAGGGAAAG	CUUUCCCUGAGCGCCUCAUCAAAUUUUUGC	0
NM_006219.3:3482-3511	NM_006219.3	NM_006219.3.fasta	3482	3511	+	30	CAAAAATTTGATGAGGCGCTCAGGGAAAGC	GCUUUCCCUGAGCGCCUCAUCAAAUUUUUG	0
NM_006219.3:3483-3512	NM_006219.3	NM_006219.3.fasta	3483	3512	+	30	AAAAATTTGATGAGGCGCTCAGGGAAAGCT	AGCUUUCCCUGAGCGCCUCAUCAAAUUUUU	0
NM_006219.3:3484-3513	NM_006219.3	NM_006219.3.fasta	3484	3513	+	30	AAAATTTGATGAGGCGCTCAGGGAAAGCTG	CAGCUUUCCCUGAGCGCCUCAUCAAAUUUU	0
NM_006219.3:3485-3514	NM_006219.3	NM_006219.3.fasta	3485	3514	+	30	AAATTTGATGAGGCGCTCAGGGAAAGCTGG	CCAGCUUUCCCUGAGCGCCUCAUCAAAUUU	0
NM_006219.3:3486-3515	NM_006219.3	NM_006219.3.fasta	3486	3515	+	30	AATTTGATGAGGCGCTCAGGGAAAGCTGGA	UCCAGCUUUCCCUGAGCGCCUCAUCAAAUU	0
NM_006219.3:3487-3516	NM_006219.3	NM_006219.3.fasta	3487	3516	+	30	ATTTGATGAGGCGCTCAGGGAAAGCTGGAC	GUCCAGCUUUCCCUGAGCGCCUCAUCAAAU	0
NM_006219.3:3488-3517	NM_006219.3	NM_006219.3.fasta	3488	3517	+	30	TTTGATGAGGCGCTCAGGGAAAGCTGGACT	AGUCCAGCUUUCCCUGAGCGCCUCAUCAAA	0
NM_006219.3:3489-3518	NM_006219.3	NM_006219.3.fasta	3489	3518	+	30	TTGATGAGGCGCTCAGGGAAAGCTGGACTA	UAGUCCAGCUUUCCCUGAGCGCCUCAUCAA	0
NM_006219.3:3490-3519	NM_006219.3	NM_006219.3.fasta	3490	3519	+	30	TGATGAGGCGCTCAGGGAAAGCTGGACTAC	GUAGUCCAGCUUUCCCUGAGCGCCUCAUCA	0
NM_006219.3:3491-3520	NM_006219.3	NM_006219.3.fasta	3491	3520	+	30	GATGAGGCGCTCAGGGAAAGCTGGACTACT	AGUAGUCCAGCUUUCCCUGAGCGCCUCAUC	0
NM_006219.3:3492-3521	NM_006219.3	NM_006219.3.fasta	3492	3521	+	30	ATGAGGCGCTCAGGGAAAGCTGGACTACTA	UAGUAGUCCAGCUUUCCCUGAGCGCCUCAU	0
NM_006219.3:3493-3522	NM_006219.3	NM_006219.3.fasta	3493	3522	+	30	TGAGGCGCTCAGGGAAAGCTGGACTACTAA	UUAGUAGUCCAGCUUUCCCUGAGCGCCUCA	0
NM_006219.3:3494-3523	NM_006219.3	NM_006219.3.fasta	3494	3523	+	30	GAGGCGCTCAGGGAAAGCTGGACTACTAAA	UUUAGUAGUCCAGCUUUCCCUGAGCGCCUC	0
NM_006219.3:3495-3524	NM_006219.3	NM_006219.3.fasta	3495	3524	+	30	AGGCGCTCAGGGAAAGCTGGACTACTAAAG	CUUUAGUAGUCCAGCUUUCCCUGAGCGCCU	0
NM_006219.3:3496-3525	NM_006219.3	NM_006219.3.fasta	3496	3525	+	30	GGCGCTCAGGGAAAGCTGGACTACTAAAGT	ACUUUAGUAGUCCAGCUUUCCCUGAGCGCC	0
NM_006219.3:3497-3526	NM_006219.3	NM_006219.3.fasta	3497	3526	+	30	GCGCTCAGGGAAAGCTGGACTACTAAAGTG	CACUUUAGUAGUCCAGCUUUCCCUGAGCGC	0
NM_006219.3:3498-3527	NM_006219.3	NM_006219.3.fasta	3498	3527	+	30	CGCTCAGGGAAAGCTGGACTACTAAAGTGA	UCACUUUAGUAGUCCAGCUUUCCCUGAGCG	0
NM_006219.3:3499-3528	NM_006219.3	NM_006219.3.fasta	3499	3528	+	30	GCTCAGGGAAAGCTGGACTACTAAAGTGAA	UUCACUUUAGUAGUCCAGCUUUCCCUGAGC	0
NM_006219.3:3500-3529	NM_006219.3	NM_006219.3.fasta	3500	3529	+	30	CTCAGGGAAAGCTGGACTACTAAAGTGAAC	GUUCACUUUAGUAGUCCAGCUUUCCCUGAG	0
NM_006219.3:3501-3530	NM_006219.3	NM_006219.3.fasta	3501	3530	+	30	TCAGGGAAAGCTGGACTACTAAAGTGAACT	AGUUCACUUUAGUAGUCCAGCUUUCCCUGA	0
NM_006219.3:3502-3531	NM_006219.3	NM_006219.3.fasta	3502	3531	+	30	CAGGGAAAGCTGGACTACTAAAGTGAACTG	CAGUUCACUUUAGUAGUCCAGCUUUCCCUG	0
NM_006219.3:3503-3532	NM_006219.3	NM_006219.3.fasta	3503	3532	+	30	AGGGAAAGCTGGACTACTAAAGTGAACTGG	CCAGUUCACUUUAGUAGUCCAGCUUUCCCU	0
NM_006219.3:3504-3533	NM_006219.3	NM_006219.3.fasta	3504	3533	+	30	GGGAAAGCTGGACTACTAAAGTGAACTGGA	UCCAGUUCACUUUAGUAGUCCAGCUUUCCC	0
NM_006219.3:3505-3534	NM_006219.3	NM_006219.3.fasta	3505	3534	+	30	GGAAAGCTGGACTACTAAAGTGAACTGGAT	AUCCAGUUCACUUUAGUAGUCCAGCUUUCC	0
NM_006219.3:3506-3535	NM_006219.3	NM_006219.3.fasta	3506	3535	+	30	GAAAGCTGGACTACTAAAGTGAACTGGATG	CAUCCAGUUCACUUUAGUAGUCCAGCUUUC	0
NM_006219.3:3507-3536	NM_006219.3	NM_006219.3.fasta	3507	3536	+	30	AAAGCTGGACTACTAAAGTGAACTGGATGG	CCAUCCAGUUCACUUUAGUAGUCCAGCUUU	0
NM_006219.3:3508-3537	NM_006219.3	NM_006219.3.fasta	3508	3537	+	30	AAGCTGGACTACTAAAGTGAACTGGATGGC	GCCAUCCAGUUCACUUUAGUAGUCCAGCUU	0
NM_006219.3:3509-3538	NM_006219.3	NM_006219.3.fasta	3509	3538	+	30	AGCTGGACTACTAAAGTGAACTGGATGGCC	GGCCAUCCAGUUCACUUUAGUAGUCCAGCU	0
NM_006219.3:3510-3539	NM_006219.3	NM_006219.3.fasta	3510	3539	+	30	GCTGGACTACTAAAGTGAACTGGATGGCCC	GGGCCAUCCAGUUCACUUUAGUAGUCCAGC	0
NM_006219.3:3511-3540	NM_006219.3	NM_006219.3.fasta	3511	3540	+	30	CTGGACTACTAAAGTGAACTGGATGGCCCA	UGGGCCAUCCAGUUCACUUUAGUAGUCCAG	0
NM_006219.3:3512-3541	NM_006219.3	NM_006219.3.fasta	3512	3541	+	30	TGGACTACTAAAGTGAACTGGATGGCCCAC	GUGGGCCAUCCAGUUCACUUUAGUAGUCCA	0
NM_006219.3:3513-3542	NM_006219.3	NM_006219.3.fasta	3513	3542	+	30	GGACTACTAAAGTGAACTGGATGGCCCACA	UGUGGGCCAUCCAGUUCACUUUAGUAGUCC	0
NM_006219.3:3514-3543	NM_006219.3	NM_006219.3.fasta	3514	3543	+	30	GACTACTAAAGTGAACTGGATGGCCCACAC	GUGUGGGCCAUCCAGUUCACUUUAGUAGUC	0
NM_006219.3:3515-3544	NM_006219.3	NM_006219.3.fasta	3515	3544	+	30	ACTACTAAAGTGAACTGGATGGCCCACACA	UGUGUGGGCCAUCCAGUUCACUUUAGUAGU	0
NM_006219.3:3516-3545	NM_006219.3	NM_006219.3.fasta	3516	3545	+	30	CTACTAAAGTGAACTGGATGGCCCACACAG	CUGUGUGGGCCAUCCAGUUCACUUUAGUAG	0
NM_006219.3:3517-3546	NM_006219.3	NM_006219.3.fasta	3517	3546	+	30	TACTAAAGTGAACTGGATGGCCCACACAGT	ACUGUGUGGGCCAUCCAGUUCACUUUAGUA	0
NM_006219.3:3518-3547	NM_006219.3	NM_006219.3.fasta	3518	3547	+	30	ACTAAAGTGAACTGGATGGCCCACACAGTT	AACUGUGUGGGCCAUCCAGUUCACUUUAGU	0
NM_006219.3:3519-3548	NM_006219.3	NM_006219.3.fasta	3519	3548	+	30	CTAAAGTGAACTGGATGGCCCACACAGTTC	GAACUGUGUGGGCCAUCCAGUUCACUUUAG	0
NM_006219.3:3520-3549	NM_006219.3	NM_006219.3.fasta	3520	3549	+	30	TAAAGTGAACTGGATGGCCCACACAGTTCG	CGAACUGUGUGGGCCAUCCAGUUCACUUUA	0
NM_006219.3:3521-3550	NM_006219.3	NM_006219.3.fasta	3521	3550	+	30	AAAGTGAACTGGATGGCCCACACAGTTCGG	CCGAACUGUGUGGGCCAUCCAGUUCACUUU	0
NM_006219.3:3522-3551	NM_006219.3	NM_006219.3.fasta	3522	3551	+	30	AAGTGAACTGGATGGCCCACACAGTTCGGA	UCCGAACUGUGUGGGCCAUCCAGUUCACUU	0
NM_006219.3:3523-3552	NM_006219.3	NM_006219.3.fasta	3523	3552	+	30	AGTGAACTGGATGGCCCACACAGTTCGGAA	UUCCGAACUGUGUGGGCCAUCCAGUUCACU	0
NM_006219.3:3524-3553	NM_006219.3	NM_006219.3.fasta	3524	3553	+	30	GTGAACTGGATGGCCCACACAGTTCGGAAA	UUUCCGAACUGUGUGGGCCAUCCAGUUCAC	0
NM_006219.3:3525-3554	NM_006219.3	NM_006219.3.fasta	3525	3554	+	30	TGAACTGGATGGCCCACACAGTTCGGAAAG	CUUUCCGAACUGUGUGGGCCAUCCAGUUCA	0
NM_006219.3:3526-3555	NM_006219.3	NM_006219.3.fasta	3526	3555	+	30	GAACTGGATGGCCCACACAGTTCGGAAAGA	UCUUUCCGAACUGUGUGGGCCAUCCAGUUC	0
NM_006219.3:3527-3556	NM_006219.3	NM_006219.3.fasta	3527	3556	+	30	AACTGGATGGCCCACACAGTTCGGAAAGAC	GUCUUUCCGAACUGUGUGGGCCAUCCAGUU	0
NM_006219.3:3528-3557	NM_006219.3	NM_006219.3.fasta	3528	3557	+	30	ACTGGATGGCCCACACAGTTCGGAAAGACT	AGUCUUUCCGAACUGUGUGGGCCAUCCAGU	0
NM_006219.3:3529-3558	NM_006219.3	NM_006219.3.fasta	3529	3558	+	30	CTGGATGGCCCACACAGTTCGGAAAGACTA	UAGUCUUUCCGAACUGUGUGGGCCAUCCAG	0
NM_006219.3:3530-3559	NM_006219.3	NM_006219.3.fasta	3530	3559	+	30	TGGATGGCCCACACAGTTCGGAAAGACTAC	GUAGUCUUUCCGAACUGUGUGGGCCAUCCA	0
NM_006219.3:3531-3560	NM_006219.3	NM_006219.3.fasta	3531	3560	+	30	GGATGGCCCACACAGTTCGGAAAGACTACA	UGUAGUCUUUCCGAACUGUGUGGGCCAUCC	0
NM_006219.3:3532-3561	NM_006219.3	NM_006219.3.fasta	3532	3561	+	30	GATGGCCCACACAGTTCGGAAAGACTACAG	CUGUAGUCUUUCCGAACUGUGUGGGCCAUC	0
NM_006219.3:3533-3562	NM_006219.3	NM_006219.3.fasta	3533	3562	+	30	ATGGCCCACACAGTTCGGAAAGACTACAGA	UCUGUAGUCUUUCCGAACUGUGUGGGCCAU	0
NM_006219.3:3534-3563	NM_006219.3	NM_006219.3.fasta	3534	3563	+	30	TGGCCCACACAGTTCGGAAAGACTACAGAT	AUCUGUAGUCUUUCCGAACUGUGUGGGCCA	0
NM_006219.3:3535-3564	NM_006219.3	NM_006219.3.fasta	3535	3564	+	30	GGCCCACACAGTTCGGAAAGACTACAGATC	GAUCUGUAGUCUUUCCGAACUGUGUGGGCC	0
NM_006219.3:3536-3565	NM_006219.3	NM_006219.3.fasta	3536	3565	+	30	GCCCACACAGTTCGGAAAGACTACAGATCT	AGAUCUGUAGUCUUUCCGAACUGUGUGGGC	0
NM_006219.3:3537-3566	NM_006219.3	NM_006219.3.fasta	3537	3566	+	30	CCCACACAGTTCGGAAAGACTACAGATCTT	AAGAUCUGUAGUCUUUCCGAACUGUGUGGG	0
NM_006219.3:3538-3567	NM_006219.3	NM_006219.3.fasta	3538	3567	+	30	CCACACAGTTCGGAAAGACTACAGATCTTA	UAAGAUCUGUAGUCUUUCCGAACUGUGUGG	0
NM_006219.3:3539-3568	NM_006219.3	NM_006219.3.fasta	3539	3568	+	30	CACACAGTTCGGAAAGACTACAGATCTTAA	UUAAGAUCUGUAGUCUUUCCGAACUGUGUG	0
NM_006219.3:3540-3569	NM_006219.3	NM_006219.3.fasta	3540	3569	+	30	ACACAGTTCGGAAAGACTACAGATCTTAAC	GUUAAGAUCUGUAGUCUUUCCGAACUGUGU	0
NM_006219.3:3541-3570	NM_006219.3	NM_006219.3.fasta	3541	3570	+	30	CACAGTTCGGAAAGACTACAGATCTTAACG	CGUUAAGAUCUGUAGUCUUUCCGAACUGUG	0
NM_006219.3:3542-3571	NM_006219.3	NM_006219.3.fasta	3542	3571	+	30	ACAGTTCGGAAAGACTACAGATCTTAACGA	UCGUUAAGAUCUGUAGUCUUUCCGAACUGU	0
NM_006219.3:3543-3572	NM_006219.3	NM_006219.3.fasta	3543	3572	+	30	CAGTTCGGAAAGACTACAGATCTTAACGAT	AUCGUUAAGAUCUGUAGUCUUUCCGAACUG	0
NM_006219.3:3544-3573	NM_006219.3	NM_006219.3.fasta	3544	3573	+	30	AGTTCGGAAAGACTACAGATCTTAACGATC	GAUCGUUAAGAUCUGUAGUCUUUCCGAACU	0
NM_006219.3:3545-3574	NM_006219.3	NM_006219.3.fasta	3545	3574	+	30	GTTCGGAAAGACTACAGATCTTAACGATCA	UGAUCGUUAAGAUCUGUAGUCUUUCCGAAC	0
NM_006219.3:3546-3575	NM_006219.3	NM_006219.3.fasta	3546	3575	+	30	TTCGGAAAGACTACAGATCTTAACGATCAG	CUGAUCGUUAAGAUCUGUAGUCUUUCCGAA	0
NM_006219.3:3547-3576	NM_006219.3	NM_006219.3.fasta	3547	3576	+	30	TCGGAAAGACTACAGATCTTAACGATCAGC	GCUGAUCGUUAAGAUCUGUAGUCUUUCCGA	0
NM_006219.3:3548-3577	NM_006219.3	NM_006219.3.fasta	3548	3577	+	30	CGGAAAGACTACAGATCTTAACGATCAGCC	GGCUGAUCGUUAAGAUCUGUAGUCUUUCCG	0
NM_006219.3:3549-3578	NM_006219.3	NM_006219.3.fasta	3549	3578	+	30	GGAAAGACTACAGATCTTAACGATCAGCCT	AGGCUGAUCGUUAAGAUCUGUAGUCUUUCC	0
NM_006219.3:3550-3579	NM_006219.3	NM_006219.3.fasta	3550	3579	+	30	GAAAGACTACAGATCTTAACGATCAGCCTT	AAGGCUGAUCGUUAAGAUCUGUAGUCUUUC	0
NM_006219.3:3551-3580	NM_006219.3	NM_006219.3.fasta	3551	3580	+	30	AAAGACTACAGATCTTAACGATCAGCCTTC	GAAGGCUGAUCGUUAAGAUCUGUAGUCUUU	0
NM_006219.3:3552-3581	NM_006219.3	NM_006219.3.fasta	3552	3581	+	30	AAGACTACAGATCTTAACGATCAGCCTTCG	CGAAGGCUGAUCGUUAAGAUCUGUAGUCUU	0
NM_006219.3:3553-3582	NM_006219.3	NM_006219.3.fasta	3553	3582	+	30	AGACTACAGATCTTAACGATCAGCCTTCGC	GCGAAGGCUGAUCGUUAAGAUCUGUAGUCU	0
NM_006219.3:3554-3583	NM_006219.3	NM_006219.3.fasta	3554	3583	+	30	GACTACAGATCTTAACGATCAGCCTTCGCT	AGCGAAGGCUGAUCGUUAAGAUCUGUAGUC	0
NM_006219.3:3555-3584	NM_006219.3	NM_006219.3.fasta	3555	3584	+	30	ACTACAGATCTTAACGATCAGCCTTCGCTC	GAGCGAAGGCUGAUCGUUAAGAUCUGUAGU	0
NM_006219.3:3556-3585	NM_006219.3	NM_006219.3.fasta	3556	3585	+	30	CTACAGATCTTAACGATCAGCCTTCGCTCC	GGAGCGAAGGCUGAUCGUUAAGAUCUGUAG	0
NM_006219.3:3557-3586	NM_006219.3	NM_006219.3.fasta	3557	3586	+	30	TACAGATCTTAACGATCAGCCTTCGCTCCT	AGGAGCGAAGGCUGAUCGUUAAGAUCUGUA	0
NM_006219.3:3558-3587	NM_006219.3	NM_006219.3.fasta	3558	3587	+	30	ACAGATCTTAACGATCAGCCTTCGCTCCTA	UAGGAGCGAAGGCUGAUCGUUAAGAUCUGU	0
NM_006219.3:3559-3588	NM_006219.3	NM_006219.3.fasta	3559	3588	+	30	CAGATCTTAACGATCAGCCTTCGCTCCTAA	UUAGGAGCGAAGGCUGAUCGUUAAGAUCUG	0
NM_006219.3:3560-3589	NM_006219.3	NM_006219.3.fasta	3560	3589	+	30	AGATCTTAACGATCAGCCTTCGCTCCTAAT	AUUAGGAGCGAAGGCUGAUCGUUAAGAUCU	0
NM_006219.3:3561-3590	NM_006219.3	NM_006219.3.fasta	3561	3590	+	30	GATCTTAACGATCAGCCTTCGCTCCTAATG	CAUUAGGAGCGAAGGCUGAUCGUUAAGAUC	0
NM_006219.3:3562-3591	NM_006219.3	NM_006219.3.fasta	3562	3591	+	30	ATCTTAACGATCAGCCTTCGCTCCTAATGT	ACAUUAGGAGCGAAGGCUGAUCGUUAAGAU	0
NM_006219.3:3563-3592	NM_006219.3	NM_006219.3.fasta	3563	3592	+	30	TCTTAACGATCAGCCTTCGCTCCTAATGTA	UACAUUAGGAGCGAAGGCUGAUCGUUAAGA	0
NM_006219.3:3564-3593	NM_006219.3	NM_006219.3.fasta	3564	3593	+	30	CTTAACGATCAGCCTTCGCTCCTAATGTAT	AUACAUUAGGAGCGAAGGCUGAUCGUUAAG	0
NM_006219.3:3565-3594	NM_006219.3	NM_006219.3.fasta	3565	3594	+	30	TTAACGATCAGCCTTCGCTCCTAATGTATT	AAUACAUUAGGAGCGAAGGCUGAUCGUUAA	0
NM_006219.3:3566-3595	NM_006219.3	NM_006219.3.fasta	3566	3595	+	30	TAACGATCAGCCTTCGCTCCTAATGTATTT	AAAUACAUUAGGAGCGAAGGCUGAUCGUUA	0
NM_006219.3:3567-3596	NM_006219.3	NM_006219.3.fasta	3567	3596	+	30	AACGATCAGCCTTCGCTCCTAATGTATTTG	CAAAUACAUUAGGAGCGAAGGCUGAUCGUU	0
NM_006219.3:3568-3597	NM_006219.3	NM_006219.3.fasta	3568	3597	+	30	ACGATCAGCCTTCGCTCCTAATGTATTTGT	ACAAAUACAUUAGGAGCGAAGGCUGAUCGU	0
NM_006219.3:3569-3598	NM_006219.3	NM_006219.3.fasta	3569	3598	+	30	CGATCAGCCTTCGCTCCTAATGTATTTGTT	AACAAAUACAUUAGGAGCGAAGGCUGAUCG	0
NM_006219.3:3570-3599	NM_006219.3	NM_006219.3.fasta	3570	3599	+	30	GATCAGCCTTCGCTCCTAATGTATTTGTTG	CAACAAAUACAUUAGGAGCGAAGGCUGAUC	0
NM_006219.3:3571-3600	NM_006219.3	NM_006219.3.fasta	3571	3600	+	30	ATCAGCCTTCGCTCCTAATGTATTTGTTGG	CCAACAAAUACAUUAGGAGCGAAGGCUGAU	0
NM_006219.3:3572-3601	NM_006219.3	NM_006219.3.fasta	3572	3601	+	30	TCAGCCTTCGCTCCTAATGTATTTGTTGGT	ACCAACAAAUACAUUAGGAGCGAAGGCUGA	0
NM_006219.3:3573-3602	NM_006219.3	NM_006219.3.fasta	3573	3602	+	30	CAGCCTTCGCTCCTAATGTATTTGTTGGTT	AACCAACAAAUACAUUAGGAGCGAAGGCUG	0
NM_006219.3:3574-3603	NM_006219.3	NM_006219.3.fasta	3574	3603	+	30	AGCCTTCGCTCCTAATGTATTTGTTGGTTT	AAACCAACAAAUACAUUAGGAGCGAAGGCU	0
NM_006219.3:3575-3604	NM_006219.3	NM_006219.3.fasta	3575	3604	+	30	GCCTTCGCTCCTAATGTATTTGTTGGTTTC	GAAACCAACAAAUACAUUAGGAGCGAAGGC	0
NM_006219.3:3576-3605	NM_006219.3	NM_006219.3.fasta	3576	3605	+	30	CCTTCGCTCCTAATGTATTTGTTGGTTTCA	UGAAACCAACAAAUACAUUAGGAGCGAAGG	0
NM_006219.3:3577-3606	NM_006219.3	NM_006219.3.fasta	3577	3606	+	30	CTTCGCTCCTAATGTATTTGTTGGTTTCAT	AUGAAACCAACAAAUACAUUAGGAGCGAAG	0
NM_006219.3:3578-3607	NM_006219.3	NM_006219.3.fasta	3578	3607	+	30	TTCGCTCCTAATGTATTTGTTGGTTTCATT	AAUGAAACCAACAAAUACAUUAGGAGCGAA	0
NM_006219.3:3579-3608	NM_006219.3	NM_006219.3.fasta	3579	3608	+	30	TCGCTCCTAATGTATTTGTTGGTTTCATTT	AAAUGAAACCAACAAAUACAUUAGGAGCGA	0
NM_006219.3:3580-3609	NM_006219.3	NM_006219.3.fasta	3580	3609	+	30	CGCTCCTAATGTATTTGTTGGTTTCATTTC	GAAAUGAAACCAACAAAUACAUUAGGAGCG	0
NM_006219.3:3581-3610	NM_006219.3	NM_006219.3.fasta	3581	3610	+	30	GCTCCTAATGTATTTGTTGGTTTCATTTCA	UGAAAUGAAACCAACAAAUACAUUAGGAGC	0
NM_006219.3:3582-3611	NM_006219.3	NM_006219.3.fasta	3582	3611	+	30	CTCCTAATGTATTTGTTGGTTTCATTTCAT	AUGAAAUGAAACCAACAAAUACAUUAGGAG	0
NM_006219.3:3583-3612	NM_006219.3	NM_006219.3.fasta	3583	3612	+	30	TCCTAATGTATTTGTTGGTTTCATTTCATT	AAUGAAAUGAAACCAACAAAUACAUUAGGA	0
NM_006219.3:3584-3613	NM_006219.3	NM_006219.3.fasta	3584	3613	+	30	CCTAATGTATTTGTTGGTTTCATTTCATTT	AAAUGAAAUGAAACCAACAAAUACAUUAGG	0
NM_006219.3:3585-3614	NM_006219.3	NM_006219.3.fasta	3585	3614	+	30	CTAATGTATTTGTTGGTTTCATTTCATTTT	AAAAUGAAAUGAAACCAACAAAUACAUUAG	0
NM_006219.3:3586-3615	NM_006219.3	NM_006219.3.fasta	3586	3615	+	30	TAATGTATTTGTTGGTTTCATTTCATTTTC	GAAAAUGAAAUGAAACCAACAAAUACAUUA	0
NM_006219.3:3587-3616	NM_006219.3	NM_006219.3.fasta	3587	3616	+	30	AATGTATTTGTTGGTTTCATTTCATTTTCA	UGAAAAUGAAAUGAAACCAACAAAUACAUU	0
NM_006219.3:3588-3617	NM_006219.3	NM_006219.3.fasta	3588	3617	+	30	ATGTATTTGTTGGTTTCATTTCATTTTCAT	AUGAAAAUGAAAUGAAACCAACAAAUACAU	0
NM_006219.3:3589-3618	NM_006219.3	NM_006219.3.fasta	3589	3618	+	30	TGTATTTGTTGGTTTCATTTCATTTTCATT	AAUGAAAAUGAAAUGAAACCAACAAAUACA	0
NM_006219.3:3590-3619	NM_006219.3	NM_006219.3.fasta	3590	3619	+	30	GTATTTGTTGGTTTCATTTCATTTTCATTT	AAAUGAAAAUGAAAUGAAACCAACAAAUAC	0
NM_006219.3:3591-3620	NM_006219.3	NM_006219.3.fasta	3591	3620	+	30	TATTTGTTGGTTTCATTTCATTTTCATTTT	AAAAUGAAAAUGAAAUGAAACCAACAAAUA	0
NM_006219.3:3592-3621	NM_006219.3	NM_006219.3.fasta	3592	3621	+	30	ATTTGTTGGTTTCATTTCATTTTCATTTTG	CAAAAUGAAAAUGAAAUGAAACCAACAAAU	0
NM_006219.3:3593-3622	NM_006219.3	NM_006219.3.fasta	3593	3622	+	30	TTTGTTGGTTTCATTTCATTTTCATTTTGC	GCAAAAUGAAAAUGAAAUGAAACCAACAAA	0
NM_006219.3:3594-3623	NM_006219.3	NM_006219.3.fasta	3594	3623	+	30	TTGTTGGTTTCATTTCATTTTCATTTTGCA	UGCAAAAUGAAAAUGAAAUGAAACCAACAA	0
NM_006219.3:3595-3624	NM_006219.3	NM_006219.3.fasta	3595	3624	+	30	TGTTGGTTTCATTTCATTTTCATTTTGCAC	GUGCAAAAUGAAAAUGAAAUGAAACCAACA	0
NM_006219.3:3596-3625	NM_006219.3	NM_006219.3.fasta	3596	3625	+	30	GTTGGTTTCATTTCATTTTCATTTTGCACT	AGUGCAAAAUGAAAAUGAAAUGAAACCAAC	0
NM_006219.3:3597-3626	NM_006219.3	NM_006219.3.fasta	3597	3626	+	30	TTGGTTTCATTTCATTTTCATTTTGCACTT	AAGUGCAAAAUGAAAAUGAAAUGAAACCAA	0
NM_006219.3:3598-3627	NM_006219.3	NM_006219.3.fasta	3598	3627	+	30	TGGTTTCATTTCATTTTCATTTTGCACTTG	CAAGUGCAAAAUGAAAAUGAAAUGAAACCA	0
NM_006219.3:3599-3628	NM_006219.3	NM_006219.3.fasta	3599	3628	+	30	GGTTTCATTTCATTTTCATTTTGCACTTGC	GCAAGUGCAAAAUGAAAAUGAAAUGAAACC	0
NM_006219.3:3600-3629	NM_006219.3	NM_006219.3.fasta	3600	3629	+	30	GTTTCATTTCATTTTCATTTTGCACTTGCA	UGCAAGUGCAAAAUGAAAAUGAAAUGAAAC	0
NM_006219.3:3601-3630	NM_006219.3	NM_006219.3.fasta	3601	3630	+	30	TTTCATTTCATTTTCATTTTGCACTTGCAC	GUGCAAGUGCAAAAUGAAAAUGAAAUGAAA	0
NM_006219.3:3602-3631	NM_006219.3	NM_006219.3.fasta	3602	3631	+	30	TTCATTTCATTTTCATTTTGCACTTGCACT	AGUGCAAGUGCAAAAUGAAAAUGAAAUGAA	0
NM_006219.3:3603-3632	NM_006219.3	NM_006219.3.fasta	3603	3632	+	30	TCATTTCATTTTCATTTTGCACTTGCACTA	UAGUGCAAGUGCAAAAUGAAAAUGAAAUGA	0
NM_006219.3:3604-3633	NM_006219.3	NM_006219.3.fasta	3604	3633	+	30	CATTTCATTTTCATTTTGCACTTGCACTAA	UUAGUGCAAGUGCAAAAUGAAAAUGAAAUG	0
NM_006219.3:3605-3634	NM_006219.3	NM_006219.3.fasta	3605	3634	+	30	ATTTCATTTTCATTTTGCACTTGCACTAAA	UUUAGUGCAAGUGCAAAAUGAAAAUGAAAU	0
NM_006219.3:3606-3635	NM_006219.3	NM_006219.3.fasta	3606	3635	+	30	TTTCATTTTCATTTTGCACTTGCACTAAAT	AUUUAGUGCAAGUGCAAAAUGAAAAUGAAA	0
NM_006219.3:3607-3636	NM_006219.3	NM_006219.3.fasta	3607	3636	+	30	TTCATTTTCATTTTGCACTTGCACTAAATT	AAUUUAGUGCAAGUGCAAAAUGAAAAUGAA	0
NM_006219.3:3608-3637	NM_006219.3	NM_006219.3.fasta	3608	3637	+	30	TCATTTTCATTTTGCACTTGCACTAAATTG	CAAUUUAGUGCAAGUGCAAAAUGAAAAUGA	0
NM_006219.3:3609-3638	NM_006219.3	NM_006219.3.fasta	3609	3638	+	30	CATTTTCATTTTGCACTTGCACTAAATTGA	UCAAUUUAGUGCAAGUGCAAAAUGAAAAUG	0
NM_006219.3:3610-3639	NM_006219.3	NM_006219.3.fasta	3610	3639	+	30	ATTTTCATTTTGCACTTGCACTAAATTGAA	UUCAAUUUAGUGCAAGUGCAAAAUGAAAAU	0
NM_006219.3:3611-3640	NM_006219.3	NM_006219.3.fasta	3611	3640	+	30	TTTTCATTTTGCACTTGCACTAAATTGAAC	GUUCAAUUUAGUGCAAGUGCAAAAUGAAAA	0
NM_006219.3:3612-3641	NM_006219.3	NM_006219.3.fasta	3612	3641	+	30	TTTCATTTTGCACTTGCACTAAATTGAACA	UGUUCAAUUUAGUGCAAGUGCAAAAUGAAA	0
NM_006219.3:3613-3642	NM_006219.3	NM_006219.3.fasta	3613	3642	+	30	TTCATTTTGCACTTGCACTAAATTGAACAT	AUGUUCAAUUUAGUGCAAGUGCAAAAUGAA	0
NM_006219.3:3614-3643	NM_006219.3	NM_006219.3.fasta	3614	3643	+	30	TCATTTTGCACTTGCACTAAATTGAACATG	CAUGUUCAAUUUAGUGCAAGUGCAAAAUGA	0
NM_006219.3:3615-3644	NM_006219.3	NM_006219.3.fasta	3615	3644	+	30	CATTTTGCACTTGCACTAAATTGAACATGA	UCAUGUUCAAUUUAGUGCAAGUGCAAAAUG	0
NM_006219.3:3616-3645	NM_006219.3	NM_006219.3.fasta	3616	3645	+	30	ATTTTGCACTTGCACTAAATTGAACATGAC	GUCAUGUUCAAUUUAGUGCAAGUGCAAAAU	0
NM_006219.3:3617-3646	NM_006219.3	NM_006219.3.fasta	3617	3646	+	30	TTTTGCACTTGCACTAAATTGAACATGACC	GGUCAUGUUCAAUUUAGUGCAAGUGCAAAA	0
NM_006219.3:3618-3647	NM_006219.3	NM_006219.3.fasta	3618	3647	+	30	TTTGCACTTGCACTAAATTGAACATGACCC	GGGUCAUGUUCAAUUUAGUGCAAGUGCAAA	0
NM_006219.3:3619-3648	NM_006219.3	NM_006219.3.fasta	3619	3648	+	30	TTGCACTTGCACTAAATTGAACATGACCCT	AGGGUCAUGUUCAAUUUAGUGCAAGUGCAA	0
NM_006219.3:3620-3649	NM_006219.3	NM_006219.3.fasta	3620	3649	+	30	TGCACTTGCACTAAATTGAACATGACCCTG	CAGGGUCAUGUUCAAUUUAGUGCAAGUGCA	0
NM_006219.3:3621-3650	NM_006219.3	NM_006219.3.fasta	3621	3650	+	30	GCACTTGCACTAAATTGAACATGACCCTGT	ACAGGGUCAUGUUCAAUUUAGUGCAAGUGC	0
NM_006219.3:3622-3651	NM_006219.3	NM_006219.3.fasta	3622	3651	+	30	CACTTGCACTAAATTGAACATGACCCTGTT	AACAGGGUCAUGUUCAAUUUAGUGCAAGUG	0
NM_006219.3:3623-3652	NM_006219.3	NM_006219.3.fasta	3623	3652	+	30	ACTTGCACTAAATTGAACATGACCCTGTTA	UAACAGGGUCAUGUUCAAUUUAGUGCAAGU	0
NM_006219.3:3624-3653	NM_006219.3	NM_006219.3.fasta	3624	3653	+	30	CTTGCACTAAATTGAACATGACCCTGTTAG	CUAACAGGGUCAUGUUCAAUUUAGUGCAAG	0
NM_006219.3:3625-3654	NM_006219.3	NM_006219.3.fasta	3625	3654	+	30	TTGCACTAAATTGAACATGACCCTGTTAGA	UCUAACAGGGUCAUGUUCAAUUUAGUGCAA	0
NM_006219.3:3626-3655	NM_006219.3	NM_006219.3.fasta	3626	3655	+	30	TGCACTAAATTGAACATGACCCTGTTAGAG	CUCUAACAGGGUCAUGUUCAAUUUAGUGCA	0
NM_006219.3:3627-3656	NM_006219.3	NM_006219.3.fasta	3627	3656	+	30	GCACTAAATTGAACATGACCCTGTTAGAGA	UCUCUAACAGGGUCAUGUUCAAUUUAGUGC	0
NM_006219.3:3628-3657	NM_006219.3	NM_006219.3.fasta	3628	3657	+	30	CACTAAATTGAACATGACCCTGTTAGAGAT	AUCUCUAACAGGGUCAUGUUCAAUUUAGUG	0
NM_006219.3:3629-3658	NM_006219.3	NM_006219.3.fasta	3629	3658	+	30	ACTAAATTGAACATGACCCTGTTAGAGATG	CAUCUCUAACAGGGUCAUGUUCAAUUUAGU	0
NM_006219.3:3630-3659	NM_006219.3	NM_006219.3.fasta	3630	3659	+	30	CTAAATTGAACATGACCCTGTTAGAGATGT	ACAUCUCUAACAGGGUCAUGUUCAAUUUAG	0
NM_006219.3:3631-3660	NM_006219.3	NM_006219.3.fasta	3631	3660	+	30	TAAATTGAACATGACCCTGTTAGAGATGTT	AACAUCUCUAACAGGGUCAUGUUCAAUUUA	0
NM_006219.3:3632-3661	NM_006219.3	NM_006219.3.fasta	3632	3661	+	30	AAATTGAACATGACCCTGTTAGAGATGTTA	UAACAUCUCUAACAGGGUCAUGUUCAAUUU	0
NM_006219.3:3633-3662	NM_006219.3	NM_006219.3.fasta	3633	3662	+	30	AATTGAACATGACCCTGTTAGAGATGTTAT	AUAACAUCUCUAACAGGGUCAUGUUCAAUU	0
NM_006219.3:3634-3663	NM_006219.3	NM_006219.3.fasta	3634	3663	+	30	ATTGAACATGACCCTGTTAGAGATGTTATA	UAUAACAUCUCUAACAGGGUCAUGUUCAAU	0
NM_006219.3:3635-3664	NM_006219.3	NM_006219.3.fasta	3635	3664	+	30	TTGAACATGACCCTGTTAGAGATGTTATAA	UUAUAACAUCUCUAACAGGGUCAUGUUCAA	0
NM_006219.3:3636-3665	NM_006219.3	NM_006219.3.fasta	3636	3665	+	30	TGAACATGACCCTGTTAGAGATGTTATAAA	UUUAUAACAUCUCUAACAGGGUCAUGUUCA	0
NM_006219.3:3637-3666	NM_006219.3	NM_006219.3.fasta	3637	3666	+	30	GAACATGACCCTGTTAGAGATGTTATAAAG	CUUUAUAACAUCUCUAACAGGGUCAUGUUC	0
NM_006219.3:3638-3667	NM_006219.3	NM_006219.3.fasta	3638	3667	+	30	AACATGACCCTGTTAGAGATGTTATAAAGG	CCUUUAUAACAUCUCUAACAGGGUCAUGUU	0
NM_006219.3:3639-3668	NM_006219.3	NM_006219.3.fasta	3639	3668	+	30	ACATGACCCTGTTAGAGATGTTATAAAGGG	CCCUUUAUAACAUCUCUAACAGGGUCAUGU	0
NM_006219.3:3640-3669	NM_006219.3	NM_006219.3.fasta	3640	3669	+	30	CATGACCCTGTTAGAGATGTTATAAAGGGA	UCCCUUUAUAACAUCUCUAACAGGGUCAUG	0
NM_006219.3:3641-3670	NM_006219.3	NM_006219.3.fasta	3641	3670	+	30	ATGACCCTGTTAGAGATGTTATAAAGGGAA	UUCCCUUUAUAACAUCUCUAACAGGGUCAU	0
NM_006219.3:3642-3671	NM_006219.3	NM_006219.3.fasta	3642	3671	+	30	TGACCCTGTTAGAGATGTTATAAAGGGAAT	AUUCCCUUUAUAACAUCUCUAACAGGGUCA	0
NM_006219.3:3643-3672	NM_006219.3	NM_006219.3.fasta	3643	3672	+	30	GACCCTGTTAGAGATGTTATAAAGGGAATG	CAUUCCCUUUAUAACAUCUCUAACAGGGUC	0
NM_006219.3:3644-3673	NM_006219.3	NM_006219.3.fasta	3644	3673	+	30	ACCCTGTTAGAGATGTTATAAAGGGAATGA	UCAUUCCCUUUAUAACAUCUCUAACAGGGU	0
NM_006219.3:3645-3674	NM_006219.3	NM_006219.3.fasta	3645	3674	+	30	CCCTGTTAGAGATGTTATAAAGGGAATGAA	UUCAUUCCCUUUAUAACAUCUCUAACAGGG	0
NM_006219.3:3646-3675	NM_006219.3	NM_006219.3.fasta	3646	3675	+	30	CCTGTTAGAGATGTTATAAAGGGAATGAAA	UUUCAUUCCCUUUAUAACAUCUCUAACAGG	0
NM_006219.3:3647-3676	NM_006219.3	NM_006219.3.fasta	3647	3676	+	30	CTGTTAGAGATGTTATAAAGGGAATGAAAT	AUUUCAUUCCCUUUAUAACAUCUCUAACAG	0
NM_006219.3:3648-3677	NM_006219.3	NM_006219.3.fasta	3648	3677	+	30	TGTTAGAGATGTTATAAAGGGAATGAAATC	GAUUUCAUUCCCUUUAUAACAUCUCUAACA	0
NM_006219.3:3649-3678	NM_006219.3	NM_006219.3.fasta	3649	3678	+	30	GTTAGAGATGTTATAAAGGGAATGAAATCC	GGAUUUCAUUCCCUUUAUAACAUCUCUAAC	0
NM_006219.3:3650-3679	NM_006219.3	NM_006219.3.fasta	3650	3679	+	30	TTAGAGATGTTATAAAGGGAATGAAATCCT	AGGAUUUCAUUCCCUUUAUAACAUCUCUAA	0
NM_006219.3:3651-3680	NM_006219.3	NM_006219.3.fasta	3651	3680	+	30	TAGAGATGTTATAAAGGGAATGAAATCCTG	CAGGAUUUCAUUCCCUUUAUAACAUCUCUA	0
NM_006219.3:3652-3681	NM_006219.3	NM_006219.3.fasta	3652	3681	+	30	AGAGATGTTATAAAGGGAATGAAATCCTGG	CCAGGAUUUCAUUCCCUUUAUAACAUCUCU	0
NM_006219.3:3653-3682	NM_006219.3	NM_006219.3.fasta	3653	3682	+	30	GAGATGTTATAAAGGGAATGAAATCCTGGA	UCCAGGAUUUCAUUCCCUUUAUAACAUCUC	0
NM_006219.3:3654-3683	NM_006219.3	NM_006219.3.fasta	3654	3683	+	30	AGATGTTATAAAGGGAATGAAATCCTGGAA	UUCCAGGAUUUCAUUCCCUUUAUAACAUCU	0
NM_006219.3:3655-3684	NM_006219.3	NM_006219.3.fasta	3655	3684	+	30	GATGTTATAAAGGGAATGAAATCCTGGAAC	GUUCCAGGAUUUCAUUCCCUUUAUAACAUC	0
NM_006219.3:3656-3685	NM_006219.3	NM_006219.3.fasta	3656	3685	+	30	ATGTTATAAAGGGAATGAAATCCTGGAACT	AGUUCCAGGAUUUCAUUCCCUUUAUAACAU	0
NM_006219.3:3657-3686	NM_006219.3	NM_006219.3.fasta	3657	3686	+	30	TGTTATAAAGGGAATGAAATCCTGGAACTC	GAGUUCCAGGAUUUCAUUCCCUUUAUAACA	0
NM_006219.3:3658-3687	NM_006219.3	NM_006219.3.fasta	3658	3687	+	30	GTTATAAAGGGAATGAAATCCTGGAACTCA	UGAGUUCCAGGAUUUCAUUCCCUUUAUAAC	0
NM_006219.3:3659-3688	NM_006219.3	NM_006219.3.fasta	3659	3688	+	30	TTATAAAGGGAATGAAATCCTGGAACTCAG	CUGAGUUCCAGGAUUUCAUUCCCUUUAUAA	0
NM_006219.3:3660-3689	NM_006219.3	NM_006219.3.fasta	3660	3689	+	30	TATAAAGGGAATGAAATCCTGGAACTCAGA	UCUGAGUUCCAGGAUUUCAUUCCCUUUAUA	0
NM_006219.3:3661-3690	NM_006219.3	NM_006219.3.fasta	3661	3690	+	30	ATAAAGGGAATGAAATCCTGGAACTCAGAG	CUCUGAGUUCCAGGAUUUCAUUCCCUUUAU	0
NM_006219.3:3662-3691	NM_006219.3	NM_006219.3.fasta	3662	3691	+	30	TAAAGGGAATGAAATCCTGGAACTCAGAGT	ACUCUGAGUUCCAGGAUUUCAUUCCCUUUA	0
NM_006219.3:3663-3692	NM_006219.3	NM_006219.3.fasta	3663	3692	+	30	AAAGGGAATGAAATCCTGGAACTCAGAGTT	AACUCUGAGUUCCAGGAUUUCAUUCCCUUU	0
NM_006219.3:3664-3693	NM_006219.3	NM_006219.3.fasta	3664	3693	+	30	AAGGGAATGAAATCCTGGAACTCAGAGTTA	UAACUCUGAGUUCCAGGAUUUCAUUCCCUU	0
NM_006219.3:3665-3694	NM_006219.3	NM_006219.3.fasta	3665	3694	+	30	AGGGAATGAAATCCTGGAACTCAGAGTTAA	UUAACUCUGAGUUCCAGGAUUUCAUUCCCU	0
NM_006219.3:3666-3695	NM_006219.3	NM_006219.3.fasta	3666	3695	+	30	GGGAATGAAATCCTGGAACTCAGAGTTAAA	UUUAACUCUGAGUUCCAGGAUUUCAUUCCC	0
NM_006219.3:3667-3696	NM_006219.3	NM_006219.3.fasta	3667	3696	+	30	GGAATGAAATCCTGGAACTCAGAGTTAAAT	AUUUAACUCUGAGUUCCAGGAUUUCAUUCC	0
NM_006219.3:3668-3697	NM_006219.3	NM_006219.3.fasta	3668	3697	+	30	GAATGAAATCCTGGAACTCAGAGTTAAATT	AAUUUAACUCUGAGUUCCAGGAUUUCAUUC	0
NM_006219.3:3669-3698	NM_006219.3	NM_006219.3.fasta	3669	3698	+	30	AATGAAATCCTGGAACTCAGAGTTAAATTA	UAAUUUAACUCUGAGUUCCAGGAUUUCAUU	0
NM_006219.3:3670-3699	NM_006219.3	NM_006219.3.fasta	3670	3699	+	30	ATGAAATCCTGGAACTCAGAGTTAAATTAA	UUAAUUUAACUCUGAGUUCCAGGAUUUCAU	0
NM_006219.3:3671-3700	NM_006219.3	NM_006219.3.fasta	3671	3700	+	30	TGAAATCCTGGAACTCAGAGTTAAATTAAG	CUUAAUUUAACUCUGAGUUCCAGGAUUUCA	0
NM_006219.3:3672-3701	NM_006219.3	NM_006219.3.fasta	3672	3701	+	30	GAAATCCTGGAACTCAGAGTTAAATTAAGA	UCUUAAUUUAACUCUGAGUUCCAGGAUUUC	0
NM_006219.3:3673-3702	NM_006219.3	NM_006219.3.fasta	3673	3702	+	30	AAATCCTGGAACTCAGAGTTAAATTAAGAA	UUCUUAAUUUAACUCUGAGUUCCAGGAUUU	0
NM_006219.3:3674-3703	NM_006219.3	NM_006219.3.fasta	3674	3703	+	30	AATCCTGGAACTCAGAGTTAAATTAAGAAC	GUUCUUAAUUUAACUCUGAGUUCCAGGAUU	0
NM_006219.3:3675-3704	NM_006219.3	NM_006219.3.fasta	3675	3704	+	30	ATCCTGGAACTCAGAGTTAAATTAAGAACA	UGUUCUUAAUUUAACUCUGAGUUCCAGGAU	0
NM_006219.3:3676-3705	NM_006219.3	NM_006219.3.fasta	3676	3705	+	30	TCCTGGAACTCAGAGTTAAATTAAGAACAA	UUGUUCUUAAUUUAACUCUGAGUUCCAGGA	0
NM_006219.3:3677-3706	NM_006219.3	NM_006219.3.fasta	3677	3706	+	30	CCTGGAACTCAGAGTTAAATTAAGAACAAG	CUUGUUCUUAAUUUAACUCUGAGUUCCAGG	0
NM_006219.3:3678-3707	NM_006219.3	NM_006219.3.fasta	3678	3707	+	30	CTGGAACTCAGAGTTAAATTAAGAACAAGG	CCUUGUUCUUAAUUUAACUCUGAGUUCCAG	0
NM_006219.3:3679-3708	NM_006219.3	NM_006219.3.fasta	3679	3708	+	30	TGGAACTCAGAGTTAAATTAAGAACAAGGC	GCCUUGUUCUUAAUUUAACUCUGAGUUCCA	0
NM_006219.3:3680-3709	NM_006219.3	NM_006219.3.fasta	3680	3709	+	30	GGAACTCAGAGTTAAATTAAGAACAAGGCA	UGCCUUGUUCUUAAUUUAACUCUGAGUUCC	0
NM_006219.3:3681-3710	NM_006219.3	NM_006219.3.fasta	3681	3710	+	30	GAACTCAGAGTTAAATTAAGAACAAGGCAT	AUGCCUUGUUCUUAAUUUAACUCUGAGUUC	0
NM_006219.3:3682-3711	NM_006219.3	NM_006219.3.fasta	3682	3711	+	30	AACTCAGAGTTAAATTAAGAACAAGGCATC	GAUGCCUUGUUCUUAAUUUAACUCUGAGUU	0
NM_006219.3:3683-3712	NM_006219.3	NM_006219.3.fasta	3683	3712	+	30	ACTCAGAGTTAAATTAAGAACAAGGCATCC	GGAUGCCUUGUUCUUAAUUUAACUCUGAGU	0
NM_006219.3:3684-3713	NM_006219.3	NM_006219.3.fasta	3684	3713	+	30	CTCAGAGTTAAATTAAGAACAAGGCATCCC	GGGAUGCCUUGUUCUUAAUUUAACUCUGAG	0
NM_006219.3:3685-3714	NM_006219.3	NM_006219.3.fasta	3685	3714	+	30	TCAGAGTTAAATTAAGAACAAGGCATCCCA	UGGGAUGCCUUGUUCUUAAUUUAACUCUGA	0
NM_006219.3:3686-3715	NM_006219.3	NM_006219.3.fasta	3686	3715	+	30	CAGAGTTAAATTAAGAACAAGGCATCCCAC	GUGGGAUGCCUUGUUCUUAAUUUAACUCUG	0
NM_006219.3:3687-3716	NM_006219.3	NM_006219.3.fasta	3687	3716	+	30	AGAGTTAAATTAAGAACAAGGCATCCCACA	UGUGGGAUGCCUUGUUCUUAAUUUAACUCU	0
NM_006219.3:3688-3717	NM_006219.3	NM_006219.3.fasta	3688	3717	+	30	GAGTTAAATTAAGAACAAGGCATCCCACAG	CUGUGGGAUGCCUUGUUCUUAAUUUAACUC	0
NM_006219.3:3689-3718	NM_006219.3	NM_006219.3.fasta	3689	3718	+	30	AGTTAAATTAAGAACAAGGCATCCCACAGA	UCUGUGGGAUGCCUUGUUCUUAAUUUAACU	0
NM_006219.3:3690-3719	NM_006219.3	NM_006219.3.fasta	3690	3719	+	30	GTTAAATTAAGAACAAGGCATCCCACAGAA	UUCUGUGGGAUGCCUUGUUCUUAAUUUAAC	0
NM_006219.3:3691-3720	NM_006219.3	NM_006219.3.fasta	3691	3720	+	30	TTAAATTAAGAACAAGGCATCCCACAGAAC	GUUCUGUGGGAUGCCUUGUUCUUAAUUUAA	0
NM_006219.3:3692-3721	NM_006219.3	NM_006219.3.fasta	3692	3721	+	30	TAAATTAAGAACAAGGCATCCCACAGAACC	GGUUCUGUGGGAUGCCUUGUUCUUAAUUUA	0
NM_006219.3:3693-3722	NM_006219.3	NM_006219.3.fasta	3693	3722	+	30	AAATTAAGAACAAGGCATCCCACAGAACCT	AGGUUCUGUGGGAUGCCUUGUUCUUAAUUU	0
NM_006219.3:3694-3723	NM_006219.3	NM_006219.3.fasta	3694	3723	+	30	AATTAAGAACAAGGCATCCCACAGAACCTA	UAGGUUCUGUGGGAUGCCUUGUUCUUAAUU	0
NM_006219.3:3695-3724	NM_006219.3	NM_006219.3.fasta	3695	3724	+	30	ATTAAGAACAAGGCATCCCACAGAACCTAA	UUAGGUUCUGUGGGAUGCCUUGUUCUUAAU	0
NM_006219.3:3696-3725	NM_006219.3	NM_006219.3.fasta	3696	3725	+	30	TTAAGAACAAGGCATCCCACAGAACCTAAT	AUUAGGUUCUGUGGGAUGCCUUGUUCUUAA	0
NM_006219.3:3697-3726	NM_006219.3	NM_006219.3.fasta	3697	3726	+	30	TAAGAACAAGGCATCCCACAGAACCTAATC	GAUUAGGUUCUGUGGGAUGCCUUGUUCUUA	0
NM_006219.3:3698-3727	NM_006219.3	NM_006219.3.fasta	3698	3727	+	30	AAGAACAAGGCATCCCACAGAACCTAATCT	AGAUUAGGUUCUGUGGGAUGCCUUGUUCUU	0
NM_006219.3:3699-3728	NM_006219.3	NM_006219.3.fasta	3699	3728	+	30	AGAACAAGGCATCCCACAGAACCTAATCTG	CAGAUUAGGUUCUGUGGGAUGCCUUGUUCU	0
NM_006219.3:3700-3729	NM_006219.3	NM_006219.3.fasta	3700	3729	+	30	GAACAAGGCATCCCACAGAACCTAATCTGA	UCAGAUUAGGUUCUGUGGGAUGCCUUGUUC	0
NM_006219.3:3701-3730	NM_006219.3	NM_006219.3.fasta	3701	3730	+	30	AACAAGGCATCCCACAGAACCTAATCTGAA	UUCAGAUUAGGUUCUGUGGGAUGCCUUGUU	0
NM_006219.3:3702-3731	NM_006219.3	NM_006219.3.fasta	3702	3731	+	30	ACAAGGCATCCCACAGAACCTAATCTGAAC	GUUCAGAUUAGGUUCUGUGGGAUGCCUUGU	0
NM_006219.3:3703-3732	NM_006219.3	NM_006219.3.fasta	3703	3732	+	30	CAAGGCATCCCACAGAACCTAATCTGAACA	UGUUCAGAUUAGGUUCUGUGGGAUGCCUUG	0
NM_006219.3:3704-3733	NM_006219.3	NM_006219.3.fasta	3704	3733	+	30	AAGGCATCCCACAGAACCTAATCTGAACAA	UUGUUCAGAUUAGGUUCUGUGGGAUGCCUU	0
NM_006219.3:3705-3734	NM_006219.3	NM_006219.3.fasta	3705	3734	+	30	AGGCATCCCACAGAACCTAATCTGAACAAT	AUUGUUCAGAUUAGGUUCUGUGGGAUGCCU	0
NM_006219.3:3706-3735	NM_006219.3	NM_006219.3.fasta	3706	3735	+	30	GGCATCCCACAGAACCTAATCTGAACAATC	GAUUGUUCAGAUUAGGUUCUGUGGGAUGCC	0
NM_006219.3:3707-3736	NM_006219.3	NM_006219.3.fasta	3707	3736	+	30	GCATCCCACAGAACCTAATCTGAACAATCC	GGAUUGUUCAGAUUAGGUUCUGUGGGAUGC	0
NM_006219.3:3708-3737	NM_006219.3	NM_006219.3.fasta	3708	3737	+	30	CATCCCACAGAACCTAATCTGAACAATCCC	GGGAUUGUUCAGAUUAGGUUCUGUGGGAUG	0
NM_006219.3:3709-3738	NM_006219.3	NM_006219.3.fasta	3709	3738	+	30	ATCCCACAGAACCTAATCTGAACAATCCCC	GGGGAUUGUUCAGAUUAGGUUCUGUGGGAU	0
NM_006219.3:3710-3739	NM_006219.3	NM_006219.3.fasta	3710	3739	+	30	TCCCACAGAACCTAATCTGAACAATCCCCG	CGGGGAUUGUUCAGAUUAGGUUCUGUGGGA	0
NM_006219.3:3711-3740	NM_006219.3	NM_006219.3.fasta	3711	3740	+	30	CCCACAGAACCTAATCTGAACAATCCCCGA	UCGGGGAUUGUUCAGAUUAGGUUCUGUGGG	0
NM_006219.3:3712-3741	NM_006219.3	NM_006219.3.fasta	3712	3741	+	30	CCACAGAACCTAATCTGAACAATCCCCGAT	AUCGGGGAUUGUUCAGAUUAGGUUCUGUGG	0
NM_006219.3:3713-3742	NM_006219.3	NM_006219.3.fasta	3713	3742	+	30	CACAGAACCTAATCTGAACAATCCCCGATG	CAUCGGGGAUUGUUCAGAUUAGGUUCUGUG	0
NM_006219.3:3714-3743	NM_006219.3	NM_006219.3.fasta	3714	3743	+	30	ACAGAACCTAATCTGAACAATCCCCGATGA	UCAUCGGGGAUUGUUCAGAUUAGGUUCUGU	0
NM_006219.3:3715-3744	NM_006219.3	NM_006219.3.fasta	3715	3744	+	30	CAGAACCTAATCTGAACAATCCCCGATGAT	AUCAUCGGGGAUUGUUCAGAUUAGGUUCUG	0
NM_006219.3:3716-3745	NM_006219.3	NM_006219.3.fasta	3716	3745	+	30	AGAACCTAATCTGAACAATCCCCGATGATT	AAUCAUCGGGGAUUGUUCAGAUUAGGUUCU	0
NM_006219.3:3717-3746	NM_006219.3	NM_006219.3.fasta	3717	3746	+	30	GAACCTAATCTGAACAATCCCCGATGATTC	GAAUCAUCGGGGAUUGUUCAGAUUAGGUUC	0
NM_006219.3:3718-3747	NM_006219.3	NM_006219.3.fasta	3718	3747	+	30	AACCTAATCTGAACAATCCCCGATGATTCC	GGAAUCAUCGGGGAUUGUUCAGAUUAGGUU	0
NM_006219.3:3719-3748	NM_006219.3	NM_006219.3.fasta	3719	3748	+	30	ACCTAATCTGAACAATCCCCGATGATTCCC	GGGAAUCAUCGGGGAUUGUUCAGAUUAGGU	0
NM_006219.3:3720-3749	NM_006219.3	NM_006219.3.fasta	3720	3749	+	30	CCTAATCTGAACAATCCCCGATGATTCCCT	AGGGAAUCAUCGGGGAUUGUUCAGAUUAGG	0
NM_006219.3:3721-3750	NM_006219.3	NM_006219.3.fasta	3721	3750	+	30	CTAATCTGAACAATCCCCGATGATTCCCTC	GAGGGAAUCAUCGGGGAUUGUUCAGAUUAG	0
NM_006219.3:3722-3751	NM_006219.3	NM_006219.3.fasta	3722	3751	+	30	TAATCTGAACAATCCCCGATGATTCCCTCT	AGAGGGAAUCAUCGGGGAUUGUUCAGAUUA	0
NM_006219.3:3723-3752	NM_006219.3	NM_006219.3.fasta	3723	3752	+	30	AATCTGAACAATCCCCGATGATTCCCTCTG	CAGAGGGAAUCAUCGGGGAUUGUUCAGAUU	0
NM_006219.3:3724-3753	NM_006219.3	NM_006219.3.fasta	3724	3753	+	30	ATCTGAACAATCCCCGATGATTCCCTCTGC	GCAGAGGGAAUCAUCGGGGAUUGUUCAGAU	0
NM_006219.3:3725-3754	NM_006219.3	NM_006219.3.fasta	3725	3754	+	30	TCTGAACAATCCCCGATGATTCCCTCTGCT	AGCAGAGGGAAUCAUCGGGGAUUGUUCAGA	0
NM_006219.3:3726-3755	NM_006219.3	NM_006219.3.fasta	3726	3755	+	30	CTGAACAATCCCCGATGATTCCCTCTGCTT	AAGCAGAGGGAAUCAUCGGGGAUUGUUCAG	0
NM_006219.3:3727-3756	NM_006219.3	NM_006219.3.fasta	3727	3756	+	30	TGAACAATCCCCGATGATTCCCTCTGCTTT	AAAGCAGAGGGAAUCAUCGGGGAUUGUUCA	0
NM_006219.3:3728-3757	NM_006219.3	NM_006219.3.fasta	3728	3757	+	30	GAACAATCCCCGATGATTCCCTCTGCTTTT	AAAAGCAGAGGGAAUCAUCGGGGAUUGUUC	0
NM_006219.3:3729-3758	NM_006219.3	NM_006219.3.fasta	3729	3758	+	30	AACAATCCCCGATGATTCCCTCTGCTTTTT	AAAAAGCAGAGGGAAUCAUCGGGGAUUGUU	0
NM_006219.3:3730-3759	NM_006219.3	NM_006219.3.fasta	3730	3759	+	30	ACAATCCCCGATGATTCCCTCTGCTTTTTG	CAAAAAGCAGAGGGAAUCAUCGGGGAUUGU	0
NM_006219.3:3731-3760	NM_006219.3	NM_006219.3.fasta	3731	3760	+	30	CAATCCCCGATGATTCCCTCTGCTTTTTGA	UCAAAAAGCAGAGGGAAUCAUCGGGGAUUG	0
NM_006219.3:3732-3761	NM_006219.3	NM_006219.3.fasta	3732	3761	+	30	AATCCCCGATGATTCCCTCTGCTTTTTGAA	UUCAAAAAGCAGAGGGAAUCAUCGGGGAUU	0
NM_006219.3:3733-3762	NM_006219.3	NM_006219.3.fasta	3733	3762	+	30	ATCCCCGATGATTCCCTCTGCTTTTTGAAT	AUUCAAAAAGCAGAGGGAAUCAUCGGGGAU	0
NM_006219.3:3734-3763	NM_006219.3	NM_006219.3.fasta	3734	3763	+	30	TCCCCGATGATTCCCTCTGCTTTTTGAATG	CAUUCAAAAAGCAGAGGGAAUCAUCGGGGA	0
NM_006219.3:3735-3764	NM_006219.3	NM_006219.3.fasta	3735	3764	+	30	CCCCGATGATTCCCTCTGCTTTTTGAATGC	GCAUUCAAAAAGCAGAGGGAAUCAUCGGGG	0
NM_006219.3:3736-3765	NM_006219.3	NM_006219.3.fasta	3736	3765	+	30	CCCGATGATTCCCTCTGCTTTTTGAATGCT	AGCAUUCAAAAAGCAGAGGGAAUCAUCGGG	0
NM_006219.3:3737-3766	NM_006219.3	NM_006219.3.fasta	3737	3766	+	30	CCGATGATTCCCTCTGCTTTTTGAATGCTT	AAGCAUUCAAAAAGCAGAGGGAAUCAUCGG	0
NM_006219.3:3738-3767	NM_006219.3	NM_006219.3.fasta	3738	3767	+	30	CGATGATTCCCTCTGCTTTTTGAATGCTTC	GAAGCAUUCAAAAAGCAGAGGGAAUCAUCG	0
NM_006219.3:3739-3768	NM_006219.3	NM_006219.3.fasta	3739	3768	+	30	GATGATTCCCTCTGCTTTTTGAATGCTTCC	GGAAGCAUUCAAAAAGCAGAGGGAAUCAUC	0
NM_006219.3:3740-3769	NM_006219.3	NM_006219.3.fasta	3740	3769	+	30	ATGATTCCCTCTGCTTTTTGAATGCTTCCA	UGGAAGCAUUCAAAAAGCAGAGGGAAUCAU	0
NM_006219.3:3741-3770	NM_006219.3	NM_006219.3.fasta	3741	3770	+	30	TGATTCCCTCTGCTTTTTGAATGCTTCCAA	UUGGAAGCAUUCAAAAAGCAGAGGGAAUCA	0
NM_006219.3:3742-3771	NM_006219.3	NM_006219.3.fasta	3742	3771	+	30	GATTCCCTCTGCTTTTTGAATGCTTCCAAG	CUUGGAAGCAUUCAAAAAGCAGAGGGAAUC	0
NM_006219.3:3743-3772	NM_006219.3	NM_006219.3.fasta	3743	3772	+	30	ATTCCCTCTGCTTTTTGAATGCTTCCAAGA	UCUUGGAAGCAUUCAAAAAGCAGAGGGAAU	0
NM_006219.3:3744-3773	NM_006219.3	NM_006219.3.fasta	3744	3773	+	30	TTCCCTCTGCTTTTTGAATGCTTCCAAGAC	GUCUUGGAAGCAUUCAAAAAGCAGAGGGAA	0
NM_006219.3:3745-3774	NM_006219.3	NM_006219.3.fasta	3745	3774	+	30	TCCCTCTGCTTTTTGAATGCTTCCAAGACT	AGUCUUGGAAGCAUUCAAAAAGCAGAGGGA	0
NM_006219.3:3746-3775	NM_006219.3	NM_006219.3.fasta	3746	3775	+	30	CCCTCTGCTTTTTGAATGCTTCCAAGACTT	AAGUCUUGGAAGCAUUCAAAAAGCAGAGGG	0
NM_006219.3:3747-3776	NM_006219.3	NM_006219.3.fasta	3747	3776	+	30	CCTCTGCTTTTTGAATGCTTCCAAGACTTA	UAAGUCUUGGAAGCAUUCAAAAAGCAGAGG	0
NM_006219.3:3748-3777	NM_006219.3	NM_006219.3.fasta	3748	3777	+	30	CTCTGCTTTTTGAATGCTTCCAAGACTTAT	AUAAGUCUUGGAAGCAUUCAAAAAGCAGAG	0
NM_006219.3:3749-3778	NM_006219.3	NM_006219.3.fasta	3749	3778	+	30	TCTGCTTTTTGAATGCTTCCAAGACTTATC	GAUAAGUCUUGGAAGCAUUCAAAAAGCAGA	0
NM_006219.3:3750-3779	NM_006219.3	NM_006219.3.fasta	3750	3779	+	30	CTGCTTTTTGAATGCTTCCAAGACTTATCA	UGAUAAGUCUUGGAAGCAUUCAAAAAGCAG	0
NM_006219.3:3751-3780	NM_006219.3	NM_006219.3.fasta	3751	3780	+	30	TGCTTTTTGAATGCTTCCAAGACTTATCAT	AUGAUAAGUCUUGGAAGCAUUCAAAAAGCA	0
NM_006219.3:3752-3781	NM_006219.3	NM_006219.3.fasta	3752	3781	+	30	GCTTTTTGAATGCTTCCAAGACTTATCATG	CAUGAUAAGUCUUGGAAGCAUUCAAAAAGC	0
NM_006219.3:3753-3782	NM_006219.3	NM_006219.3.fasta	3753	3782	+	30	CTTTTTGAATGCTTCCAAGACTTATCATGA	UCAUGAUAAGUCUUGGAAGCAUUCAAAAAG	0
NM_006219.3:3754-3783	NM_006219.3	NM_006219.3.fasta	3754	3783	+	30	TTTTTGAATGCTTCCAAGACTTATCATGAA	UUCAUGAUAAGUCUUGGAAGCAUUCAAAAA	0
NM_006219.3:3755-3784	NM_006219.3	NM_006219.3.fasta	3755	3784	+	30	TTTTGAATGCTTCCAAGACTTATCATGAAA	UUUCAUGAUAAGUCUUGGAAGCAUUCAAAA	0
NM_006219.3:3756-3785	NM_006219.3	NM_006219.3.fasta	3756	3785	+	30	TTTGAATGCTTCCAAGACTTATCATGAAAA	UUUUCAUGAUAAGUCUUGGAAGCAUUCAAA	0
NM_006219.3:3757-3786	NM_006219.3	NM_006219.3.fasta	3757	3786	+	30	TTGAATGCTTCCAAGACTTATCATGAAAAC	GUUUUCAUGAUAAGUCUUGGAAGCAUUCAA	0
NM_006219.3:3758-3787	NM_006219.3	NM_006219.3.fasta	3758	3787	+	30	TGAATGCTTCCAAGACTTATCATGAAAACT	AGUUUUCAUGAUAAGUCUUGGAAGCAUUCA	0
NM_006219.3:3759-3788	NM_006219.3	NM_006219.3.fasta	3759	3788	+	30	GAATGCTTCCAAGACTTATCATGAAAACTG	CAGUUUUCAUGAUAAGUCUUGGAAGCAUUC	0
NM_006219.3:3760-3789	NM_006219.3	NM_006219.3.fasta	3760	3789	+	30	AATGCTTCCAAGACTTATCATGAAAACTGT	ACAGUUUUCAUGAUAAGUCUUGGAAGCAUU	0
NM_006219.3:3761-3790	NM_006219.3	NM_006219.3.fasta	3761	3790	+	30	ATGCTTCCAAGACTTATCATGAAAACTGTC	GACAGUUUUCAUGAUAAGUCUUGGAAGCAU	0
NM_006219.3:3762-3791	NM_006219.3	NM_006219.3.fasta	3762	3791	+	30	TGCTTCCAAGACTTATCATGAAAACTGTCA	UGACAGUUUUCAUGAUAAGUCUUGGAAGCA	0
NM_006219.3:3763-3792	NM_006219.3	NM_006219.3.fasta	3763	3792	+	30	GCTTCCAAGACTTATCATGAAAACTGTCAA	UUGACAGUUUUCAUGAUAAGUCUUGGAAGC	0
NM_006219.3:3764-3793	NM_006219.3	NM_006219.3.fasta	3764	3793	+	30	CTTCCAAGACTTATCATGAAAACTGTCAAT	AUUGACAGUUUUCAUGAUAAGUCUUGGAAG	0
NM_006219.3:3765-3794	NM_006219.3	NM_006219.3.fasta	3765	3794	+	30	TTCCAAGACTTATCATGAAAACTGTCAATG	CAUUGACAGUUUUCAUGAUAAGUCUUGGAA	0
NM_006219.3:3766-3795	NM_006219.3	NM_006219.3.fasta	3766	3795	+	30	TCCAAGACTTATCATGAAAACTGTCAATGG	CCAUUGACAGUUUUCAUGAUAAGUCUUGGA	0
NM_006219.3:3767-3796	NM_006219.3	NM_006219.3.fasta	3767	3796	+	30	CCAAGACTTATCATGAAAACTGTCAATGGA	UCCAUUGACAGUUUUCAUGAUAAGUCUUGG	0
NM_006219.3:3768-3797	NM_006219.3	NM_006219.3.fasta	3768	3797	+	30	CAAGACTTATCATGAAAACTGTCAATGGAT	AUCCAUUGACAGUUUUCAUGAUAAGUCUUG	0
NM_006219.3:3769-3798	NM_006219.3	NM_006219.3.fasta	3769	3798	+	30	AAGACTTATCATGAAAACTGTCAATGGATA	UAUCCAUUGACAGUUUUCAUGAUAAGUCUU	0
NM_006219.3:3770-3799	NM_006219.3	NM_006219.3.fasta	3770	3799	+	30	AGACTTATCATGAAAACTGTCAATGGATAA	UUAUCCAUUGACAGUUUUCAUGAUAAGUCU	0
NM_006219.3:3771-3800	NM_006219.3	NM_006219.3.fasta	3771	3800	+	30	GACTTATCATGAAAACTGTCAATGGATAAT	AUUAUCCAUUGACAGUUUUCAUGAUAAGUC	0
NM_006219.3:3772-3801	NM_006219.3	NM_006219.3.fasta	3772	3801	+	30	ACTTATCATGAAAACTGTCAATGGATAATC	GAUUAUCCAUUGACAGUUUUCAUGAUAAGU	0
NM_006219.3:3773-3802	NM_006219.3	NM_006219.3.fasta	3773	3802	+	30	CTTATCATGAAAACTGTCAATGGATAATCA	UGAUUAUCCAUUGACAGUUUUCAUGAUAAG	0
NM_006219.3:3774-3803	NM_006219.3	NM_006219.3.fasta	3774	3803	+	30	TTATCATGAAAACTGTCAATGGATAATCAT	AUGAUUAUCCAUUGACAGUUUUCAUGAUAA	0
NM_006219.3:3775-3804	NM_006219.3	NM_006219.3.fasta	3775	3804	+	30	TATCATGAAAACTGTCAATGGATAATCATT	AAUGAUUAUCCAUUGACAGUUUUCAUGAUA	0
NM_006219.3:3776-3805	NM_006219.3	NM_006219.3.fasta	3776	3805	+	30	ATCATGAAAACTGTCAATGGATAATCATTT	AAAUGAUUAUCCAUUGACAGUUUUCAUGAU	0
NM_006219.3:3777-3806	NM_006219.3	NM_006219.3.fasta	3777	3806	+	30	TCATGAAAACTGTCAATGGATAATCATTTC	GAAAUGAUUAUCCAUUGACAGUUUUCAUGA	0
NM_006219.3:3778-3807	NM_006219.3	NM_006219.3.fasta	3778	3807	+	30	CATGAAAACTGTCAATGGATAATCATTTCC	GGAAAUGAUUAUCCAUUGACAGUUUUCAUG	0
NM_006219.3:3779-3808	NM_006219.3	NM_006219.3.fasta	3779	3808	+	30	ATGAAAACTGTCAATGGATAATCATTTCCT	AGGAAAUGAUUAUCCAUUGACAGUUUUCAU	0
NM_006219.3:3780-3809	NM_006219.3	NM_006219.3.fasta	3780	3809	+	30	TGAAAACTGTCAATGGATAATCATTTCCTG	CAGGAAAUGAUUAUCCAUUGACAGUUUUCA	0
NM_006219.3:3781-3810	NM_006219.3	NM_006219.3.fasta	3781	3810	+	30	GAAAACTGTCAATGGATAATCATTTCCTGC	GCAGGAAAUGAUUAUCCAUUGACAGUUUUC	0
NM_006219.3:3782-3811	NM_006219.3	NM_006219.3.fasta	3782	3811	+	30	AAAACTGTCAATGGATAATCATTTCCTGCT	AGCAGGAAAUGAUUAUCCAUUGACAGUUUU	0
NM_006219.3:3783-3812	NM_006219.3	NM_006219.3.fasta	3783	3812	+	30	AAACTGTCAATGGATAATCATTTCCTGCTG	CAGCAGGAAAUGAUUAUCCAUUGACAGUUU	0
NM_006219.3:3784-3813	NM_006219.3	NM_006219.3.fasta	3784	3813	+	30	AACTGTCAATGGATAATCATTTCCTGCTGA	UCAGCAGGAAAUGAUUAUCCAUUGACAGUU	0
NM_006219.3:3785-3814	NM_006219.3	NM_006219.3.fasta	3785	3814	+	30	ACTGTCAATGGATAATCATTTCCTGCTGAC	GUCAGCAGGAAAUGAUUAUCCAUUGACAGU	0
NM_006219.3:3786-3815	NM_006219.3	NM_006219.3.fasta	3786	3815	+	30	CTGTCAATGGATAATCATTTCCTGCTGACT	AGUCAGCAGGAAAUGAUUAUCCAUUGACAG	0
NM_006219.3:3787-3816	NM_006219.3	NM_006219.3.fasta	3787	3816	+	30	TGTCAATGGATAATCATTTCCTGCTGACTT	AAGUCAGCAGGAAAUGAUUAUCCAUUGACA	0
NM_006219.3:3788-3817	NM_006219.3	NM_006219.3.fasta	3788	3817	+	30	GTCAATGGATAATCATTTCCTGCTGACTTT	AAAGUCAGCAGGAAAUGAUUAUCCAUUGAC	0
NM_006219.3:3789-3818	NM_006219.3	NM_006219.3.fasta	3789	3818	+	30	TCAATGGATAATCATTTCCTGCTGACTTTG	CAAAGUCAGCAGGAAAUGAUUAUCCAUUGA	0
NM_006219.3:3790-3819	NM_006219.3	NM_006219.3.fasta	3790	3819	+	30	CAATGGATAATCATTTCCTGCTGACTTTGC	GCAAAGUCAGCAGGAAAUGAUUAUCCAUUG	0
NM_006219.3:3791-3820	NM_006219.3	NM_006219.3.fasta	3791	3820	+	30	AATGGATAATCATTTCCTGCTGACTTTGCA	UGCAAAGUCAGCAGGAAAUGAUUAUCCAUU	0
NM_006219.3:3792-3821	NM_006219.3	NM_006219.3.fasta	3792	3821	+	30	ATGGATAATCATTTCCTGCTGACTTTGCAC	GUGCAAAGUCAGCAGGAAAUGAUUAUCCAU	0
NM_006219.3:3793-3822	NM_006219.3	NM_006219.3.fasta	3793	3822	+	30	TGGATAATCATTTCCTGCTGACTTTGCACG	CGUGCAAAGUCAGCAGGAAAUGAUUAUCCA	0
NM_006219.3:3794-3823	NM_006219.3	NM_006219.3.fasta	3794	3823	+	30	GGATAATCATTTCCTGCTGACTTTGCACGC	GCGUGCAAAGUCAGCAGGAAAUGAUUAUCC	0
NM_006219.3:3795-3824	NM_006219.3	NM_006219.3.fasta	3795	3824	+	30	GATAATCATTTCCTGCTGACTTTGCACGCC	GGCGUGCAAAGUCAGCAGGAAAUGAUUAUC	0
NM_006219.3:3796-3825	NM_006219.3	NM_006219.3.fasta	3796	3825	+	30	ATAATCATTTCCTGCTGACTTTGCACGCCA	UGGCGUGCAAAGUCAGCAGGAAAUGAUUAU	0
NM_006219.3:3797-3826	NM_006219.3	NM_006219.3.fasta	3797	3826	+	30	TAATCATTTCCTGCTGACTTTGCACGCCAA	UUGGCGUGCAAAGUCAGCAGGAAAUGAUUA	0
NM_006219.3:3798-3827	NM_006219.3	NM_006219.3.fasta	3798	3827	+	30	AATCATTTCCTGCTGACTTTGCACGCCAAG	CUUGGCGUGCAAAGUCAGCAGGAAAUGAUU	0
NM_006219.3:3799-3828	NM_006219.3	NM_006219.3.fasta	3799	3828	+	30	ATCATTTCCTGCTGACTTTGCACGCCAAGG	CCUUGGCGUGCAAAGUCAGCAGGAAAUGAU	0
NM_006219.3:3800-3829	NM_006219.3	NM_006219.3.fasta	3800	3829	+	30	TCATTTCCTGCTGACTTTGCACGCCAAGGA	UCCUUGGCGUGCAAAGUCAGCAGGAAAUGA	0
NM_006219.3:3801-3830	NM_006219.3	NM_006219.3.fasta	3801	3830	+	30	CATTTCCTGCTGACTTTGCACGCCAAGGAA	UUCCUUGGCGUGCAAAGUCAGCAGGAAAUG	0
NM_006219.3:3802-3831	NM_006219.3	NM_006219.3.fasta	3802	3831	+	30	ATTTCCTGCTGACTTTGCACGCCAAGGAAT	AUUCCUUGGCGUGCAAAGUCAGCAGGAAAU	0
NM_006219.3:3803-3832	NM_006219.3	NM_006219.3.fasta	3803	3832	+	30	TTTCCTGCTGACTTTGCACGCCAAGGAATG	CAUUCCUUGGCGUGCAAAGUCAGCAGGAAA	0
NM_006219.3:3804-3833	NM_006219.3	NM_006219.3.fasta	3804	3833	+	30	TTCCTGCTGACTTTGCACGCCAAGGAATGC	GCAUUCCUUGGCGUGCAAAGUCAGCAGGAA	0
NM_006219.3:3805-3834	NM_006219.3	NM_006219.3.fasta	3805	3834	+	30	TCCTGCTGACTTTGCACGCCAAGGAATGCT	AGCAUUCCUUGGCGUGCAAAGUCAGCAGGA	0
NM_006219.3:3806-3835	NM_006219.3	NM_006219.3.fasta	3806	3835	+	30	CCTGCTGACTTTGCACGCCAAGGAATGCTA	UAGCAUUCCUUGGCGUGCAAAGUCAGCAGG	0
NM_006219.3:3807-3836	NM_006219.3	NM_006219.3.fasta	3807	3836	+	30	CTGCTGACTTTGCACGCCAAGGAATGCTAC	GUAGCAUUCCUUGGCGUGCAAAGUCAGCAG	0
NM_006219.3:3808-3837	NM_006219.3	NM_006219.3.fasta	3808	3837	+	30	TGCTGACTTTGCACGCCAAGGAATGCTACT	AGUAGCAUUCCUUGGCGUGCAAAGUCAGCA	0
NM_006219.3:3809-3838	NM_006219.3	NM_006219.3.fasta	3809	3838	+	30	GCTGACTTTGCACGCCAAGGAATGCTACTA	UAGUAGCAUUCCUUGGCGUGCAAAGUCAGC	0
NM_006219.3:3810-3839	NM_006219.3	NM_006219.3.fasta	3810	3839	+	30	CTGACTTTGCACGCCAAGGAATGCTACTAG	CUAGUAGCAUUCCUUGGCGUGCAAAGUCAG	0
NM_006219.3:3811-3840	NM_006219.3	NM_006219.3.fasta	3811	3840	+	30	TGACTTTGCACGCCAAGGAATGCTACTAGG	CCUAGUAGCAUUCCUUGGCGUGCAAAGUCA	0
NM_006219.3:3812-3841	NM_006219.3	NM_006219.3.fasta	3812	3841	+	30	GACTTTGCACGCCAAGGAATGCTACTAGGG	CCCUAGUAGCAUUCCUUGGCGUGCAAAGUC	0
NM_006219.3:3813-3842	NM_006219.3	NM_006219.3.fasta	3813	3842	+	30	ACTTTGCACGCCAAGGAATGCTACTAGGGA	UCCCUAGUAGCAUUCCUUGGCGUGCAAAGU	0
NM_006219.3:3814-3843	NM_006219.3	NM_006219.3.fasta	3814	3843	+	30	CTTTGCACGCCAAGGAATGCTACTAGGGAT	AUCCCUAGUAGCAUUCCUUGGCGUGCAAAG	0
NM_006219.3:3815-3844	NM_006219.3	NM_006219.3.fasta	3815	3844	+	30	TTTGCACGCCAAGGAATGCTACTAGGGATT	AAUCCCUAGUAGCAUUCCUUGGCGUGCAAA	0
NM_006219.3:3816-3845	NM_006219.3	NM_006219.3.fasta	3816	3845	+	30	TTGCACGCCAAGGAATGCTACTAGGGATTG	CAAUCCCUAGUAGCAUUCCUUGGCGUGCAA	0
NM_006219.3:3817-3846	NM_006219.3	NM_006219.3.fasta	3817	3846	+	30	TGCACGCCAAGGAATGCTACTAGGGATTGT	ACAAUCCCUAGUAGCAUUCCUUGGCGUGCA	0
NM_006219.3:3818-3847	NM_006219.3	NM_006219.3.fasta	3818	3847	+	30	GCACGCCAAGGAATGCTACTAGGGATTGTT	AACAAUCCCUAGUAGCAUUCCUUGGCGUGC	0
NM_006219.3:3819-3848	NM_006219.3	NM_006219.3.fasta	3819	3848	+	30	CACGCCAAGGAATGCTACTAGGGATTGTTT	AAACAAUCCCUAGUAGCAUUCCUUGGCGUG	0
NM_006219.3:3820-3849	NM_006219.3	NM_006219.3.fasta	3820	3849	+	30	ACGCCAAGGAATGCTACTAGGGATTGTTTC	GAAACAAUCCCUAGUAGCAUUCCUUGGCGU	0
NM_006219.3:3821-3850	NM_006219.3	NM_006219.3.fasta	3821	3850	+	30	CGCCAAGGAATGCTACTAGGGATTGTTTCC	GGAAACAAUCCCUAGUAGCAUUCCUUGGCG	0
NM_006219.3:3822-3851	NM_006219.3	NM_006219.3.fasta	3822	3851	+	30	GCCAAGGAATGCTACTAGGGATTGTTTCCG	CGGAAACAAUCCCUAGUAGCAUUCCUUGGC	0
NM_006219.3:3823-3852	NM_006219.3	NM_006219.3.fasta	3823	3852	+	30	CCAAGGAATGCTACTAGGGATTGTTTCCGT	ACGGAAACAAUCCCUAGUAGCAUUCCUUGG	0
NM_006219.3:3824-3853	NM_006219.3	NM_006219.3.fasta	3824	3853	+	30	CAAGGAATGCTACTAGGGATTGTTTCCGTT	AACGGAAACAAUCCCUAGUAGCAUUCCUUG	0
NM_006219.3:3825-3854	NM_006219.3	NM_006219.3.fasta	3825	3854	+	30	AAGGAATGCTACTAGGGATTGTTTCCGTTT	AAACGGAAACAAUCCCUAGUAGCAUUCCUU	0
NM_006219.3:3826-3855	NM_006219.3	NM_006219.3.fasta	3826	3855	+	30	AGGAATGCTACTAGGGATTGTTTCCGTTTT	AAAACGGAAACAAUCCCUAGUAGCAUUCCU	0
NM_006219.3:3827-3856	NM_006219.3	NM_006219.3.fasta	3827	3856	+	30	GGAATGCTACTAGGGATTGTTTCCGTTTTT	AAAAACGGAAACAAUCCCUAGUAGCAUUCC	0
NM_006219.3:3828-3857	NM_006219.3	NM_006219.3.fasta	3828	3857	+	30	GAATGCTACTAGGGATTGTTTCCGTTTTTG	CAAAAACGGAAACAAUCCCUAGUAGCAUUC	0
NM_006219.3:3829-3858	NM_006219.3	NM_006219.3.fasta	3829	3858	+	30	AATGCTACTAGGGATTGTTTCCGTTTTTGT	ACAAAAACGGAAACAAUCCCUAGUAGCAUU	0
NM_006219.3:3830-3859	NM_006219.3	NM_006219.3.fasta	3830	3859	+	30	ATGCTACTAGGGATTGTTTCCGTTTTTGTT	AACAAAAACGGAAACAAUCCCUAGUAGCAU	0
NM_006219.3:3831-3860	NM_006219.3	NM_006219.3.fasta	3831	3860	+	30	TGCTACTAGGGATTGTTTCCGTTTTTGTTT	AAACAAAAACGGAAACAAUCCCUAGUAGCA	0
NM_006219.3:3832-3861	NM_006219.3	NM_006219.3.fasta	3832	3861	+	30	GCTACTAGGGATTGTTTCCGTTTTTGTTTG	CAAACAAAAACGGAAACAAUCCCUAGUAGC	0
NM_006219.3:3833-3862	NM_006219.3	NM_006219.3.fasta	3833	3862	+	30	CTACTAGGGATTGTTTCCGTTTTTGTTTGT	ACAAACAAAAACGGAAACAAUCCCUAGUAG	0
NM_006219.3:3834-3863	NM_006219.3	NM_006219.3.fasta	3834	3863	+	30	TACTAGGGATTGTTTCCGTTTTTGTTTGTT	AACAAACAAAAACGGAAACAAUCCCUAGUA	0
NM_006219.3:3835-3864	NM_006219.3	NM_006219.3.fasta	3835	3864	+	30	ACTAGGGATTGTTTCCGTTTTTGTTTGTTT	AAACAAACAAAAACGGAAACAAUCCCUAGU	0
NM_006219.3:3836-3865	NM_006219.3	NM_006219.3.fasta	3836	3865	+	30	CTAGGGATTGTTTCCGTTTTTGTTTGTTTT	AAAACAAACAAAAACGGAAACAAUCCCUAG	0
NM_006219.3:3837-3866	NM_006219.3	NM_006219.3.fasta	3837	3866	+	30	TAGGGATTGTTTCCGTTTTTGTTTGTTTTT	AAAAACAAACAAAAACGGAAACAAUCCCUA	0
NM_006219.3:3838-3867	NM_006219.3	NM_006219.3.fasta	3838	3867	+	30	AGGGATTGTTTCCGTTTTTGTTTGTTTTTT	AAAAAACAAACAAAAACGGAAACAAUCCCU	0
NM_006219.3:3839-3868	NM_006219.3	NM_006219.3.fasta	3839	3868	+	30	GGGATTGTTTCCGTTTTTGTTTGTTTTTTC	GAAAAAACAAACAAAAACGGAAACAAUCCC	0
NM_006219.3:3840-3869	NM_006219.3	NM_006219.3.fasta	3840	3869	+	30	GGATTGTTTCCGTTTTTGTTTGTTTTTTCT	AGAAAAAACAAACAAAAACGGAAACAAUCC	0
NM_006219.3:3841-3870	NM_006219.3	NM_006219.3.fasta	3841	3870	+	30	GATTGTTTCCGTTTTTGTTTGTTTTTTCTA	UAGAAAAAACAAACAAAAACGGAAACAAUC	0
NM_006219.3:3842-3871	NM_006219.3	NM_006219.3.fasta	3842	3871	+	30	ATTGTTTCCGTTTTTGTTTGTTTTTTCTAA	UUAGAAAAAACAAACAAAAACGGAAACAAU	0
NM_006219.3:3843-3872	NM_006219.3	NM_006219.3.fasta	3843	3872	+	30	TTGTTTCCGTTTTTGTTTGTTTTTTCTAAT	AUUAGAAAAAACAAACAAAAACGGAAACAA	0
NM_006219.3:3844-3873	NM_006219.3	NM_006219.3.fasta	3844	3873	+	30	TGTTTCCGTTTTTGTTTGTTTTTTCTAATA	UAUUAGAAAAAACAAACAAAAACGGAAACA	0
NM_006219.3:3845-3874	NM_006219.3	NM_006219.3.fasta	3845	3874	+	30	GTTTCCGTTTTTGTTTGTTTTTTCTAATAT	AUAUUAGAAAAAACAAACAAAAACGGAAAC	0
NM_006219.3:3846-3875	NM_006219.3	NM_006219.3.fasta	3846	3875	+	30	TTTCCGTTTTTGTTTGTTTTTTCTAATATT	AAUAUUAGAAAAAACAAACAAAAACGGAAA	0
NM_006219.3:3847-3876	NM_006219.3	NM_006219.3.fasta	3847	3876	+	30	TTCCGTTTTTGTTTGTTTTTTCTAATATTT	AAAUAUUAGAAAAAACAAACAAAAACGGAA	0
NM_006219.3:3848-3877	NM_006219.3	NM_006219.3.fasta	3848	3877	+	30	TCCGTTTTTGTTTGTTTTTTCTAATATTTG	CAAAUAUUAGAAAAAACAAACAAAAACGGA	0
NM_006219.3:3849-3878	NM_006219.3	NM_006219.3.fasta	3849	3878	+	30	CCGTTTTTGTTTGTTTTTTCTAATATTTGG	CCAAAUAUUAGAAAAAACAAACAAAAACGG	0
NM_006219.3:3850-3879	NM_006219.3	NM_006219.3.fasta	3850	3879	+	30	CGTTTTTGTTTGTTTTTTCTAATATTTGGT	ACCAAAUAUUAGAAAAAACAAACAAAAACG	0
NM_006219.3:3851-3880	NM_006219.3	NM_006219.3.fasta	3851	3880	+	30	GTTTTTGTTTGTTTTTTCTAATATTTGGTA	UACCAAAUAUUAGAAAAAACAAACAAAAAC	0
NM_006219.3:3852-3881	NM_006219.3	NM_006219.3.fasta	3852	3881	+	30	TTTTTGTTTGTTTTTTCTAATATTTGGTAC	GUACCAAAUAUUAGAAAAAACAAACAAAAA	0
NM_006219.3:3853-3882	NM_006219.3	NM_006219.3.fasta	3853	3882	+	30	TTTTGTTTGTTTTTTCTAATATTTGGTACT	AGUACCAAAUAUUAGAAAAAACAAACAAAA	0
NM_006219.3:3854-3883	NM_006219.3	NM_006219.3.fasta	3854	3883	+	30	TTTGTTTGTTTTTTCTAATATTTGGTACTT	AAGUACCAAAUAUUAGAAAAAACAAACAAA	0
NM_006219.3:3855-3884	NM_006219.3	NM_006219.3.fasta	3855	3884	+	30	TTGTTTGTTTTTTCTAATATTTGGTACTTC	GAAGUACCAAAUAUUAGAAAAAACAAACAA	0
NM_006219.3:3856-3885	NM_006219.3	NM_006219.3.fasta	3856	3885	+	30	TGTTTGTTTTTTCTAATATTTGGTACTTCC	GGAAGUACCAAAUAUUAGAAAAAACAAACA	0
NM_006219.3:3857-3886	NM_006219.3	NM_006219.3.fasta	3857	3886	+	30	GTTTGTTTTTTCTAATATTTGGTACTTCCC	GGGAAGUACCAAAUAUUAGAAAAAACAAAC	0
NM_006219.3:3858-3887	NM_006219.3	NM_006219.3.fasta	3858	3887	+	30	TTTGTTTTTTCTAATATTTGGTACTTCCCA	UGGGAAGUACCAAAUAUUAGAAAAAACAAA	0
NM_006219.3:3859-3888	NM_006219.3	NM_006219.3.fasta	3859	3888	+	30	TTGTTTTTTCTAATATTTGGTACTTCCCAG	CUGGGAAGUACCAAAUAUUAGAAAAAACAA	0
NM_006219.3:3860-3889	NM_006219.3	NM_006219.3.fasta	3860	3889	+	30	TGTTTTTTCTAATATTTGGTACTTCCCAGA	UCUGGGAAGUACCAAAUAUUAGAAAAAACA	0
NM_006219.3:3861-3890	NM_006219.3	NM_006219.3.fasta	3861	3890	+	30	GTTTTTTCTAATATTTGGTACTTCCCAGAA	UUCUGGGAAGUACCAAAUAUUAGAAAAAAC	0
NM_006219.3:3862-3891	NM_006219.3	NM_006219.3.fasta	3862	3891	+	30	TTTTTTCTAATATTTGGTACTTCCCAGAAT	AUUCUGGGAAGUACCAAAUAUUAGAAAAAA	0
NM_006219.3:3863-3892	NM_006219.3	NM_006219.3.fasta	3863	3892	+	30	TTTTTCTAATATTTGGTACTTCCCAGAATG	CAUUCUGGGAAGUACCAAAUAUUAGAAAAA	0
NM_006219.3:3864-3893	NM_006219.3	NM_006219.3.fasta	3864	3893	+	30	TTTTCTAATATTTGGTACTTCCCAGAATGG	CCAUUCUGGGAAGUACCAAAUAUUAGAAAA	0
NM_006219.3:3865-3894	NM_006219.3	NM_006219.3.fasta	3865	3894	+	30	TTTCTAATATTTGGTACTTCCCAGAATGGT	ACCAUUCUGGGAAGUACCAAAUAUUAGAAA	0
NM_006219.3:3866-3895	NM_006219.3	NM_006219.3.fasta	3866	3895	+	30	TTCTAATATTTGGTACTTCCCAGAATGGTG	CACCAUUCUGGGAAGUACCAAAUAUUAGAA	0
NM_006219.3:3867-3896	NM_006219.3	NM_006219.3.fasta	3867	3896	+	30	TCTAATATTTGGTACTTCCCAGAATGGTGT	ACACCAUUCUGGGAAGUACCAAAUAUUAGA	0
NM_006219.3:3868-3897	NM_006219.3	NM_006219.3.fasta	3868	3897	+	30	CTAATATTTGGTACTTCCCAGAATGGTGTA	UACACCAUUCUGGGAAGUACCAAAUAUUAG	0
NM_006219.3:3869-3898	NM_006219.3	NM_006219.3.fasta	3869	3898	+	30	TAATATTTGGTACTTCCCAGAATGGTGTAA	UUACACCAUUCUGGGAAGUACCAAAUAUUA	0
NM_006219.3:3870-3899	NM_006219.3	NM_006219.3.fasta	3870	3899	+	30	AATATTTGGTACTTCCCAGAATGGTGTAAA	UUUACACCAUUCUGGGAAGUACCAAAUAUU	0
NM_006219.3:3871-3900	NM_006219.3	NM_006219.3.fasta	3871	3900	+	30	ATATTTGGTACTTCCCAGAATGGTGTAAAT	AUUUACACCAUUCUGGGAAGUACCAAAUAU	0
NM_006219.3:3872-3901	NM_006219.3	NM_006219.3.fasta	3872	3901	+	30	TATTTGGTACTTCCCAGAATGGTGTAAATA	UAUUUACACCAUUCUGGGAAGUACCAAAUA	0
NM_006219.3:3873-3902	NM_006219.3	NM_006219.3.fasta	3873	3902	+	30	ATTTGGTACTTCCCAGAATGGTGTAAATAC	GUAUUUACACCAUUCUGGGAAGUACCAAAU	0
NM_006219.3:3874-3903	NM_006219.3	NM_006219.3.fasta	3874	3903	+	30	TTTGGTACTTCCCAGAATGGTGTAAATACT	AGUAUUUACACCAUUCUGGGAAGUACCAAA	0
NM_006219.3:3875-3904	NM_006219.3	NM_006219.3.fasta	3875	3904	+	30	TTGGTACTTCCCAGAATGGTGTAAATACTT	AAGUAUUUACACCAUUCUGGGAAGUACCAA	0
NM_006219.3:3876-3905	NM_006219.3	NM_006219.3.fasta	3876	3905	+	30	TGGTACTTCCCAGAATGGTGTAAATACTTC	GAAGUAUUUACACCAUUCUGGGAAGUACCA	0
NM_006219.3:3877-3906	NM_006219.3	NM_006219.3.fasta	3877	3906	+	30	GGTACTTCCCAGAATGGTGTAAATACTTCT	AGAAGUAUUUACACCAUUCUGGGAAGUACC	0
NM_006219.3:3878-3907	NM_006219.3	NM_006219.3.fasta	3878	3907	+	30	GTACTTCCCAGAATGGTGTAAATACTTCTT	AAGAAGUAUUUACACCAUUCUGGGAAGUAC	0
NM_006219.3:3879-3908	NM_006219.3	NM_006219.3.fasta	3879	3908	+	30	TACTTCCCAGAATGGTGTAAATACTTCTTT	AAAGAAGUAUUUACACCAUUCUGGGAAGUA	0
NM_006219.3:3880-3909	NM_006219.3	NM_006219.3.fasta	3880	3909	+	30	ACTTCCCAGAATGGTGTAAATACTTCTTTT	AAAAGAAGUAUUUACACCAUUCUGGGAAGU	0
NM_006219.3:3881-3910	NM_006219.3	NM_006219.3.fasta	3881	3910	+	30	CTTCCCAGAATGGTGTAAATACTTCTTTTC	GAAAAGAAGUAUUUACACCAUUCUGGGAAG	0
NM_006219.3:3882-3911	NM_006219.3	NM_006219.3.fasta	3882	3911	+	30	TTCCCAGAATGGTGTAAATACTTCTTTTCA	UGAAAAGAAGUAUUUACACCAUUCUGGGAA	0
NM_006219.3:3883-3912	NM_006219.3	NM_006219.3.fasta	3883	3912	+	30	TCCCAGAATGGTGTAAATACTTCTTTTCAA	UUGAAAAGAAGUAUUUACACCAUUCUGGGA	0
NM_006219.3:3884-3913	NM_006219.3	NM_006219.3.fasta	3884	3913	+	30	CCCAGAATGGTGTAAATACTTCTTTTCAAT	AUUGAAAAGAAGUAUUUACACCAUUCUGGG	0
NM_006219.3:3885-3914	NM_006219.3	NM_006219.3.fasta	3885	3914	+	30	CCAGAATGGTGTAAATACTTCTTTTCAATG	CAUUGAAAAGAAGUAUUUACACCAUUCUGG	0
NM_006219.3:3886-3915	NM_006219.3	NM_006219.3.fasta	3886	3915	+	30	CAGAATGGTGTAAATACTTCTTTTCAATGT	ACAUUGAAAAGAAGUAUUUACACCAUUCUG	0
NM_006219.3:3887-3916	NM_006219.3	NM_006219.3.fasta	3887	3916	+	30	AGAATGGTGTAAATACTTCTTTTCAATGTT	AACAUUGAAAAGAAGUAUUUACACCAUUCU	0
NM_006219.3:3888-3917	NM_006219.3	NM_006219.3.fasta	3888	3917	+	30	GAATGGTGTAAATACTTCTTTTCAATGTTG	CAACAUUGAAAAGAAGUAUUUACACCAUUC	0
NM_006219.3:3889-3918	NM_006219.3	NM_006219.3.fasta	3889	3918	+	30	AATGGTGTAAATACTTCTTTTCAATGTTGT	ACAACAUUGAAAAGAAGUAUUUACACCAUU	0
NM_006219.3:3890-3919	NM_006219.3	NM_006219.3.fasta	3890	3919	+	30	ATGGTGTAAATACTTCTTTTCAATGTTGTG	CACAACAUUGAAAAGAAGUAUUUACACCAU	0
NM_006219.3:3891-3920	NM_006219.3	NM_006219.3.fasta	3891	3920	+	30	TGGTGTAAATACTTCTTTTCAATGTTGTGA	UCACAACAUUGAAAAGAAGUAUUUACACCA	0
NM_006219.3:3892-3921	NM_006219.3	NM_006219.3.fasta	3892	3921	+	30	GGTGTAAATACTTCTTTTCAATGTTGTGAC	GUCACAACAUUGAAAAGAAGUAUUUACACC	0
NM_006219.3:3893-3922	NM_006219.3	NM_006219.3.fasta	3893	3922	+	30	GTGTAAATACTTCTTTTCAATGTTGTGACC	GGUCACAACAUUGAAAAGAAGUAUUUACAC	0
NM_006219.3:3894-3923	NM_006219.3	NM_006219.3.fasta	3894	3923	+	30	TGTAAATACTTCTTTTCAATGTTGTGACCA	UGGUCACAACAUUGAAAAGAAGUAUUUACA	0
NM_006219.3:3895-3924	NM_006219.3	NM_006219.3.fasta	3895	3924	+	30	GTAAATACTTCTTTTCAATGTTGTGACCAA	UUGGUCACAACAUUGAAAAGAAGUAUUUAC	0
NM_006219.3:3896-3925	NM_006219.3	NM_006219.3.fasta	3896	3925	+	30	TAAATACTTCTTTTCAATGTTGTGACCAAG	CUUGGUCACAACAUUGAAAAGAAGUAUUUA	0
NM_006219.3:3897-3926	NM_006219.3	NM_006219.3.fasta	3897	3926	+	30	AAATACTTCTTTTCAATGTTGTGACCAAGT	ACUUGGUCACAACAUUGAAAAGAAGUAUUU	0
NM_006219.3:3898-3927	NM_006219.3	NM_006219.3.fasta	3898	3927	+	30	AATACTTCTTTTCAATGTTGTGACCAAGTA	UACUUGGUCACAACAUUGAAAAGAAGUAUU	0
NM_006219.3:3899-3928	NM_006219.3	NM_006219.3.fasta	3899	3928	+	30	ATACTTCTTTTCAATGTTGTGACCAAGTAT	AUACUUGGUCACAACAUUGAAAAGAAGUAU	0
NM_006219.3:3900-3929	NM_006219.3	NM_006219.3.fasta	3900	3929	+	30	TACTTCTTTTCAATGTTGTGACCAAGTATT	AAUACUUGGUCACAACAUUGAAAAGAAGUA	0
NM_006219.3:3901-3930	NM_006219.3	NM_006219.3.fasta	3901	3930	+	30	ACTTCTTTTCAATGTTGTGACCAAGTATTG	CAAUACUUGGUCACAACAUUGAAAAGAAGU	0
NM_006219.3:3902-3931	NM_006219.3	NM_006219.3.fasta	3902	3931	+	30	CTTCTTTTCAATGTTGTGACCAAGTATTGT	ACAAUACUUGGUCACAACAUUGAAAAGAAG	0
NM_006219.3:3903-3932	NM_006219.3	NM_006219.3.fasta	3903	3932	+	30	TTCTTTTCAATGTTGTGACCAAGTATTGTC	GACAAUACUUGGUCACAACAUUGAAAAGAA	0
NM_006219.3:3904-3933	NM_006219.3	NM_006219.3.fasta	3904	3933	+	30	TCTTTTCAATGTTGTGACCAAGTATTGTCA	UGACAAUACUUGGUCACAACAUUGAAAAGA	0
NM_006219.3:3905-3934	NM_006219.3	NM_006219.3.fasta	3905	3934	+	30	CTTTTCAATGTTGTGACCAAGTATTGTCAC	GUGACAAUACUUGGUCACAACAUUGAAAAG	0
NM_006219.3:3906-3935	NM_006219.3	NM_006219.3.fasta	3906	3935	+	30	TTTTCAATGTTGTGACCAAGTATTGTCACT	AGUGACAAUACUUGGUCACAACAUUGAAAA	0
NM_006219.3:3907-3936	NM_006219.3	NM_006219.3.fasta	3907	3936	+	30	TTTCAATGTTGTGACCAAGTATTGTCACTC	GAGUGACAAUACUUGGUCACAACAUUGAAA	0
NM_006219.3:3908-3937	NM_006219.3	NM_006219.3.fasta	3908	3937	+	30	TTCAATGTTGTGACCAAGTATTGTCACTCA	UGAGUGACAAUACUUGGUCACAACAUUGAA	0
NM_006219.3:3909-3938	NM_006219.3	NM_006219.3.fasta	3909	3938	+	30	TCAATGTTGTGACCAAGTATTGTCACTCAG	CUGAGUGACAAUACUUGGUCACAACAUUGA	0
NM_006219.3:3910-3939	NM_006219.3	NM_006219.3.fasta	3910	3939	+	30	CAATGTTGTGACCAAGTATTGTCACTCAGC	GCUGAGUGACAAUACUUGGUCACAACAUUG	0
NM_006219.3:3911-3940	NM_006219.3	NM_006219.3.fasta	3911	3940	+	30	AATGTTGTGACCAAGTATTGTCACTCAGCC	GGCUGAGUGACAAUACUUGGUCACAACAUU	0
NM_006219.3:3912-3941	NM_006219.3	NM_006219.3.fasta	3912	3941	+	30	ATGTTGTGACCAAGTATTGTCACTCAGCCA	UGGCUGAGUGACAAUACUUGGUCACAACAU	0
NM_006219.3:3913-3942	NM_006219.3	NM_006219.3.fasta	3913	3942	+	30	TGTTGTGACCAAGTATTGTCACTCAGCCAA	UUGGCUGAGUGACAAUACUUGGUCACAACA	0
NM_006219.3:3914-3943	NM_006219.3	NM_006219.3.fasta	3914	3943	+	30	GTTGTGACCAAGTATTGTCACTCAGCCAAC	GUUGGCUGAGUGACAAUACUUGGUCACAAC	0
NM_006219.3:3915-3944	NM_006219.3	NM_006219.3.fasta	3915	3944	+	30	TTGTGACCAAGTATTGTCACTCAGCCAACA	UGUUGGCUGAGUGACAAUACUUGGUCACAA	0
NM_006219.3:3916-3945	NM_006219.3	NM_006219.3.fasta	3916	3945	+	30	TGTGACCAAGTATTGTCACTCAGCCAACAA	UUGUUGGCUGAGUGACAAUACUUGGUCACA	0
NM_006219.3:3917-3946	NM_006219.3	NM_006219.3.fasta	3917	3946	+	30	GTGACCAAGTATTGTCACTCAGCCAACAAC	GUUGUUGGCUGAGUGACAAUACUUGGUCAC	0
NM_006219.3:3918-3947	NM_006219.3	NM_006219.3.fasta	3918	3947	+	30	TGACCAAGTATTGTCACTCAGCCAACAACT	AGUUGUUGGCUGAGUGACAAUACUUGGUCA	0
NM_006219.3:3919-3948	NM_006219.3	NM_006219.3.fasta	3919	3948	+	30	GACCAAGTATTGTCACTCAGCCAACAACTT	AAGUUGUUGGCUGAGUGACAAUACUUGGUC	0
NM_006219.3:3920-3949	NM_006219.3	NM_006219.3.fasta	3920	3949	+	30	ACCAAGTATTGTCACTCAGCCAACAACTTT	AAAGUUGUUGGCUGAGUGACAAUACUUGGU	0
NM_006219.3:3921-3950	NM_006219.3	NM_006219.3.fasta	3921	3950	+	30	CCAAGTATTGTCACTCAGCCAACAACTTTT	AAAAGUUGUUGGCUGAGUGACAAUACUUGG	0
NM_006219.3:3922-3951	NM_006219.3	NM_006219.3.fasta	3922	3951	+	30	CAAGTATTGTCACTCAGCCAACAACTTTTC	GAAAAGUUGUUGGCUGAGUGACAAUACUUG	0
NM_006219.3:3923-3952	NM_006219.3	NM_006219.3.fasta	3923	3952	+	30	AAGTATTGTCACTCAGCCAACAACTTTTCC	GGAAAAGUUGUUGGCUGAGUGACAAUACUU	0
NM_006219.3:3924-3953	NM_006219.3	NM_006219.3.fasta	3924	3953	+	30	AGTATTGTCACTCAGCCAACAACTTTTCCA	UGGAAAAGUUGUUGGCUGAGUGACAAUACU	0
NM_006219.3:3925-3954	NM_006219.3	NM_006219.3.fasta	3925	3954	+	30	GTATTGTCACTCAGCCAACAACTTTTCCAC	GUGGAAAAGUUGUUGGCUGAGUGACAAUAC	0
NM_006219.3:3926-3955	NM_006219.3	NM_006219.3.fasta	3926	3955	+	30	TATTGTCACTCAGCCAACAACTTTTCCACA	UGUGGAAAAGUUGUUGGCUGAGUGACAAUA	0
NM_006219.3:3927-3956	NM_006219.3	NM_006219.3.fasta	3927	3956	+	30	ATTGTCACTCAGCCAACAACTTTTCCACAC	GUGUGGAAAAGUUGUUGGCUGAGUGACAAU	0
NM_006219.3:3928-3957	NM_006219.3	NM_006219.3.fasta	3928	3957	+	30	TTGTCACTCAGCCAACAACTTTTCCACACC	GGUGUGGAAAAGUUGUUGGCUGAGUGACAA	0
NM_006219.3:3929-3958	NM_006219.3	NM_006219.3.fasta	3929	3958	+	30	TGTCACTCAGCCAACAACTTTTCCACACCT	AGGUGUGGAAAAGUUGUUGGCUGAGUGACA	0
NM_006219.3:3930-3959	NM_006219.3	NM_006219.3.fasta	3930	3959	+	30	GTCACTCAGCCAACAACTTTTCCACACCTG	CAGGUGUGGAAAAGUUGUUGGCUGAGUGAC	0
NM_006219.3:3931-3960	NM_006219.3	NM_006219.3.fasta	3931	3960	+	30	TCACTCAGCCAACAACTTTTCCACACCTGG	CCAGGUGUGGAAAAGUUGUUGGCUGAGUGA	0
NM_006219.3:3932-3961	NM_006219.3	NM_006219.3.fasta	3932	3961	+	30	CACTCAGCCAACAACTTTTCCACACCTGGG	CCCAGGUGUGGAAAAGUUGUUGGCUGAGUG	0
NM_006219.3:3933-3962	NM_006219.3	NM_006219.3.fasta	3933	3962	+	30	ACTCAGCCAACAACTTTTCCACACCTGGGG	CCCCAGGUGUGGAAAAGUUGUUGGCUGAGU	0
NM_006219.3:3934-3963	NM_006219.3	NM_006219.3.fasta	3934	3963	+	30	CTCAGCCAACAACTTTTCCACACCTGGGGG	CCCCCAGGUGUGGAAAAGUUGUUGGCUGAG	0
NM_006219.3:3935-3964	NM_006219.3	NM_006219.3.fasta	3935	3964	+	30	TCAGCCAACAACTTTTCCACACCTGGGGGT	ACCCCCAGGUGUGGAAAAGUUGUUGGCUGA	0
NM_006219.3:3936-3965	NM_006219.3	NM_006219.3.fasta	3936	3965	+	30	CAGCCAACAACTTTTCCACACCTGGGGGTT	AACCCCCAGGUGUGGAAAAGUUGUUGGCUG	0
NM_006219.3:3937-3966	NM_006219.3	NM_006219.3.fasta	3937	3966	+	30	AGCCAACAACTTTTCCACACCTGGGGGTTG	CAACCCCCAGGUGUGGAAAAGUUGUUGGCU	0
NM_006219.3:3938-3967	NM_006219.3	NM_006219.3.fasta	3938	3967	+	30	GCCAACAACTTTTCCACACCTGGGGGTTGG	CCAACCCCCAGGUGUGGAAAAGUUGUUGGC	0
NM_006219.3:3939-3968	NM_006219.3	NM_006219.3.fasta	3939	3968	+	30	CCAACAACTTTTCCACACCTGGGGGTTGGT	ACCAACCCCCAGGUGUGGAAAAGUUGUUGG	0
NM_006219.3:3940-3969	NM_006219.3	NM_006219.3.fasta	3940	3969	+	30	CAACAACTTTTCCACACCTGGGGGTTGGTG	CACCAACCCCCAGGUGUGGAAAAGUUGUUG	0
NM_006219.3:3941-3970	NM_006219.3	NM_006219.3.fasta	3941	3970	+	30	AACAACTTTTCCACACCTGGGGGTTGGTGG	CCACCAACCCCCAGGUGUGGAAAAGUUGUU	0
NM_006219.3:3942-3971	NM_006219.3	NM_006219.3.fasta	3942	3971	+	30	ACAACTTTTCCACACCTGGGGGTTGGTGGC	GCCACCAACCCCCAGGUGUGGAAAAGUUGU	0
NM_006219.3:3943-3972	NM_006219.3	NM_006219.3.fasta	3943	3972	+	30	CAACTTTTCCACACCTGGGGGTTGGTGGCT	AGCCACCAACCCCCAGGUGUGGAAAAGUUG	0
NM_006219.3:3944-3973	NM_006219.3	NM_006219.3.fasta	3944	3973	+	30	AACTTTTCCACACCTGGGGGTTGGTGGCTG	CAGCCACCAACCCCCAGGUGUGGAAAAGUU	0
NM_006219.3:3945-3974	NM_006219.3	NM_006219.3.fasta	3945	3974	+	30	ACTTTTCCACACCTGGGGGTTGGTGGCTGT	ACAGCCACCAACCCCCAGGUGUGGAAAAGU	0
NM_006219.3:3946-3975	NM_006219.3	NM_006219.3.fasta	3946	3975	+	30	CTTTTCCACACCTGGGGGTTGGTGGCTGTT	AACAGCCACCAACCCCCAGGUGUGGAAAAG	0
NM_006219.3:3947-3976	NM_006219.3	NM_006219.3.fasta	3947	3976	+	30	TTTTCCACACCTGGGGGTTGGTGGCTGTTC	GAACAGCCACCAACCCCCAGGUGUGGAAAA	0
NM_006219.3:3948-3977	NM_006219.3	NM_006219.3.fasta	3948	3977	+	30	TTTCCACACCTGGGGGTTGGTGGCTGTTCT	AGAACAGCCACCAACCCCCAGGUGUGGAAA	0
NM_006219.3:3949-3978	NM_006219.3	NM_006219.3.fasta	3949	3978	+	30	TTCCACACCTGGGGGTTGGTGGCTGTTCTT	AAGAACAGCCACCAACCCCCAGGUGUGGAA	0
NM_006219.3:3950-3979	NM_006219.3	NM_006219.3.fasta	3950	3979	+	30	TCCACACCTGGGGGTTGGTGGCTGTTCTTA	UAAGAACAGCCACCAACCCCCAGGUGUGGA	0
NM_006219.3:3951-3980	NM_006219.3	NM_006219.3.fasta	3951	3980	+	30	CCACACCTGGGGGTTGGTGGCTGTTCTTAC	GUAAGAACAGCCACCAACCCCCAGGUGUGG	0
NM_006219.3:3952-3981	NM_006219.3	NM_006219.3.fasta	3952	3981	+	30	CACACCTGGGGGTTGGTGGCTGTTCTTACT	AGUAAGAACAGCCACCAACCCCCAGGUGUG	0
NM_006219.3:3953-3982	NM_006219.3	NM_006219.3.fasta	3953	3982	+	30	ACACCTGGGGGTTGGTGGCTGTTCTTACTG	CAGUAAGAACAGCCACCAACCCCCAGGUGU	0
NM_006219.3:3954-3983	NM_006219.3	NM_006219.3.fasta	3954	3983	+	30	CACCTGGGGGTTGGTGGCTGTTCTTACTGT	ACAGUAAGAACAGCCACCAACCCCCAGGUG	0
NM_006219.3:3955-3984	NM_006219.3	NM_006219.3.fasta	3955	3984	+	30	ACCTGGGGGTTGGTGGCTGTTCTTACTGTC	GACAGUAAGAACAGCCACCAACCCCCAGGU	0
NM_006219.3:3956-3985	NM_006219.3	NM_006219.3.fasta	3956	3985	+	30	CCTGGGGGTTGGTGGCTGTTCTTACTGTCC	GGACAGUAAGAACAGCCACCAACCCCCAGG	0
NM_006219.3:3957-3986	NM_006219.3	NM_006219.3.fasta	3957	3986	+	30	CTGGGGGTTGGTGGCTGTTCTTACTGTCCA	UGGACAGUAAGAACAGCCACCAACCCCCAG	0
NM_006219.3:3958-3987	NM_006219.3	NM_006219.3.fasta	3958	3987	+	30	TGGGGGTTGGTGGCTGTTCTTACTGTCCAA	UUGGACAGUAAGAACAGCCACCAACCCCCA	0
NM_006219.3:3959-3988	NM_006219.3	NM_006219.3.fasta	3959	3988	+	30	GGGGGTTGGTGGCTGTTCTTACTGTCCAAA	UUUGGACAGUAAGAACAGCCACCAACCCCC	0
NM_006219.3:3960-3989	NM_006219.3	NM_006219.3.fasta	3960	3989	+	30	GGGGTTGGTGGCTGTTCTTACTGTCCAAAT	AUUUGGACAGUAAGAACAGCCACCAACCCC	0
NM_006219.3:3961-3990	NM_006219.3	NM_006219.3.fasta	3961	3990	+	30	GGGTTGGTGGCTGTTCTTACTGTCCAAATG	CAUUUGGACAGUAAGAACAGCCACCAACCC	0
NM_006219.3:3962-3991	NM_006219.3	NM_006219.3.fasta	3962	3991	+	30	GGTTGGTGGCTGTTCTTACTGTCCAAATGA	UCAUUUGGACAGUAAGAACAGCCACCAACC	0
NM_006219.3:3963-3992	NM_006219.3	NM_006219.3.fasta	3963	3992	+	30	GTTGGTGGCTGTTCTTACTGTCCAAATGAA	UUCAUUUGGACAGUAAGAACAGCCACCAAC	0
NM_006219.3:3964-3993	NM_006219.3	NM_006219.3.fasta	3964	3993	+	30	TTGGTGGCTGTTCTTACTGTCCAAATGAAG	CUUCAUUUGGACAGUAAGAACAGCCACCAA	0
NM_006219.3:3965-3994	NM_006219.3	NM_006219.3.fasta	3965	3994	+	30	TGGTGGCTGTTCTTACTGTCCAAATGAAGC	GCUUCAUUUGGACAGUAAGAACAGCCACCA	0
NM_006219.3:3966-3995	NM_006219.3	NM_006219.3.fasta	3966	3995	+	30	GGTGGCTGTTCTTACTGTCCAAATGAAGCT	AGCUUCAUUUGGACAGUAAGAACAGCCACC	0
NM_006219.3:3967-3996	NM_006219.3	NM_006219.3.fasta	3967	3996	+	30	GTGGCTGTTCTTACTGTCCAAATGAAGCTA	UAGCUUCAUUUGGACAGUAAGAACAGCCAC	0
NM_006219.3:3968-3997	NM_006219.3	NM_006219.3.fasta	3968	3997	+	30	TGGCTGTTCTTACTGTCCAAATGAAGCTAA	UUAGCUUCAUUUGGACAGUAAGAACAGCCA	0
NM_006219.3:3969-3998	NM_006219.3	NM_006219.3.fasta	3969	3998	+	30	GGCTGTTCTTACTGTCCAAATGAAGCTAAA	UUUAGCUUCAUUUGGACAGUAAGAACAGCC	0
NM_006219.3:3970-3999	NM_006219.3	NM_006219.3.fasta	3970	3999	+	30	GCTGTTCTTACTGTCCAAATGAAGCTAAAA	UUUUAGCUUCAUUUGGACAGUAAGAACAGC	0
NM_006219.3:3971-4000	NM_006219.3	NM_006219.3.fasta	3971	4000	+	30	CTGTTCTTACTGTCCAAATGAAGCTAAAAA	UUUUUAGCUUCAUUUGGACAGUAAGAACAG	0
NM_006219.3:3972-4001	NM_006219.3	NM_006219.3.fasta	3972	4001	+	30	TGTTCTTACTGTCCAAATGAAGCTAAAAAG	CUUUUUAGCUUCAUUUGGACAGUAAGAACA	0
NM_006219.3:3973-4002	NM_006219.3	NM_006219.3.fasta	3973	4002	+	30	GTTCTTACTGTCCAAATGAAGCTAAAAAGA	UCUUUUUAGCUUCAUUUGGACAGUAAGAAC	0
NM_006219.3:3974-4003	NM_006219.3	NM_006219.3.fasta	3974	4003	+	30	TTCTTACTGTCCAAATGAAGCTAAAAAGAA	UUCUUUUUAGCUUCAUUUGGACAGUAAGAA	0
NM_006219.3:3975-4004	NM_006219.3	NM_006219.3.fasta	3975	4004	+	30	TCTTACTGTCCAAATGAAGCTAAAAAGAAA	UUUCUUUUUAGCUUCAUUUGGACAGUAAGA	0
NM_006219.3:3976-4005	NM_006219.3	NM_006219.3.fasta	3976	4005	+	30	CTTACTGTCCAAATGAAGCTAAAAAGAAAG	CUUUCUUUUUAGCUUCAUUUGGACAGUAAG	0
NM_006219.3:3977-4006	NM_006219.3	NM_006219.3.fasta	3977	4006	+	30	TTACTGTCCAAATGAAGCTAAAAAGAAAGG	CCUUUCUUUUUAGCUUCAUUUGGACAGUAA	0
NM_006219.3:3978-4007	NM_006219.3	NM_006219.3.fasta	3978	4007	+	30	TACTGTCCAAATGAAGCTAAAAAGAAAGGC	GCCUUUCUUUUUAGCUUCAUUUGGACAGUA	0
NM_006219.3:3979-4008	NM_006219.3	NM_006219.3.fasta	3979	4008	+	30	ACTGTCCAAATGAAGCTAAAAAGAAAGGCA	UGCCUUUCUUUUUAGCUUCAUUUGGACAGU	0
NM_006219.3:3980-4009	NM_006219.3	NM_006219.3.fasta	3980	4009	+	30	CTGTCCAAATGAAGCTAAAAAGAAAGGCAT	AUGCCUUUCUUUUUAGCUUCAUUUGGACAG	0
NM_006219.3:3981-4010	NM_006219.3	NM_006219.3.fasta	3981	4010	+	30	TGTCCAAATGAAGCTAAAAAGAAAGGCATC	GAUGCCUUUCUUUUUAGCUUCAUUUGGACA	0
NM_006219.3:3982-4011	NM_006219.3	NM_006219.3.fasta	3982	4011	+	30	GTCCAAATGAAGCTAAAAAGAAAGGCATCT	AGAUGCCUUUCUUUUUAGCUUCAUUUGGAC	0
NM_006219.3:3983-4012	NM_006219.3	NM_006219.3.fasta	3983	4012	+	30	TCCAAATGAAGCTAAAAAGAAAGGCATCTT	AAGAUGCCUUUCUUUUUAGCUUCAUUUGGA	0
NM_006219.3:3984-4013	NM_006219.3	NM_006219.3.fasta	3984	4013	+	30	CCAAATGAAGCTAAAAAGAAAGGCATCTTT	AAAGAUGCCUUUCUUUUUAGCUUCAUUUGG	0
NM_006219.3:3985-4014	NM_006219.3	NM_006219.3.fasta	3985	4014	+	30	CAAATGAAGCTAAAAAGAAAGGCATCTTTC	GAAAGAUGCCUUUCUUUUUAGCUUCAUUUG	0
NM_006219.3:3986-4015	NM_006219.3	NM_006219.3.fasta	3986	4015	+	30	AAATGAAGCTAAAAAGAAAGGCATCTTTCT	AGAAAGAUGCCUUUCUUUUUAGCUUCAUUU	0
NM_006219.3:3987-4016	NM_006219.3	NM_006219.3.fasta	3987	4016	+	30	AATGAAGCTAAAAAGAAAGGCATCTTTCTT	AAGAAAGAUGCCUUUCUUUUUAGCUUCAUU	0
NM_006219.3:3988-4017	NM_006219.3	NM_006219.3.fasta	3988	4017	+	30	ATGAAGCTAAAAAGAAAGGCATCTTTCTTC	GAAGAAAGAUGCCUUUCUUUUUAGCUUCAU	0
NM_006219.3:3989-4018	NM_006219.3	NM_006219.3.fasta	3989	4018	+	30	TGAAGCTAAAAAGAAAGGCATCTTTCTTCC	GGAAGAAAGAUGCCUUUCUUUUUAGCUUCA	0
NM_006219.3:3990-4019	NM_006219.3	NM_006219.3.fasta	3990	4019	+	30	GAAGCTAAAAAGAAAGGCATCTTTCTTCCC	GGGAAGAAAGAUGCCUUUCUUUUUAGCUUC	0
NM_006219.3:3991-4020	NM_006219.3	NM_006219.3.fasta	3991	4020	+	30	AAGCTAAAAAGAAAGGCATCTTTCTTCCCT	AGGGAAGAAAGAUGCCUUUCUUUUUAGCUU	0
NM_006219.3:3992-4021	NM_006219.3	NM_006219.3.fasta	3992	4021	+	30	AGCTAAAAAGAAAGGCATCTTTCTTCCCTT	AAGGGAAGAAAGAUGCCUUUCUUUUUAGCU	0
NM_006219.3:3993-4022	NM_006219.3	NM_006219.3.fasta	3993	4022	+	30	GCTAAAAAGAAAGGCATCTTTCTTCCCTTT	AAAGGGAAGAAAGAUGCCUUUCUUUUUAGC	0
NM_006219.3:3994-4023	NM_006219.3	NM_006219.3.fasta	3994	4023	+	30	CTAAAAAGAAAGGCATCTTTCTTCCCTTTT	AAAAGGGAAGAAAGAUGCCUUUCUUUUUAG	0
NM_006219.3:3995-4024	NM_006219.3	NM_006219.3.fasta	3995	4024	+	30	TAAAAAGAAAGGCATCTTTCTTCCCTTTTA	UAAAAGGGAAGAAAGAUGCCUUUCUUUUUA	0
NM_006219.3:3996-4025	NM_006219.3	NM_006219.3.fasta	3996	4025	+	30	AAAAAGAAAGGCATCTTTCTTCCCTTTTAA	UUAAAAGGGAAGAAAGAUGCCUUUCUUUUU	0
NM_006219.3:3997-4026	NM_006219.3	NM_006219.3.fasta	3997	4026	+	30	AAAAGAAAGGCATCTTTCTTCCCTTTTAAA	UUUAAAAGGGAAGAAAGAUGCCUUUCUUUU	0
NM_006219.3:3998-4027	NM_006219.3	NM_006219.3.fasta	3998	4027	+	30	AAAGAAAGGCATCTTTCTTCCCTTTTAAAA	UUUUAAAAGGGAAGAAAGAUGCCUUUCUUU	0
NM_006219.3:3999-4028	NM_006219.3	NM_006219.3.fasta	3999	4028	+	30	AAGAAAGGCATCTTTCTTCCCTTTTAAAAT	AUUUUAAAAGGGAAGAAAGAUGCCUUUCUU	0
NM_006219.3:4000-4029	NM_006219.3	NM_006219.3.fasta	4000	4029	+	30	AGAAAGGCATCTTTCTTCCCTTTTAAAATT	AAUUUUAAAAGGGAAGAAAGAUGCCUUUCU	0
NM_006219.3:4001-4030	NM_006219.3	NM_006219.3.fasta	4001	4030	+	30	GAAAGGCATCTTTCTTCCCTTTTAAAATTG	CAAUUUUAAAAGGGAAGAAAGAUGCCUUUC	0
NM_006219.3:4002-4031	NM_006219.3	NM_006219.3.fasta	4002	4031	+	30	AAAGGCATCTTTCTTCCCTTTTAAAATTGT	ACAAUUUUAAAAGGGAAGAAAGAUGCCUUU	0
NM_006219.3:4003-4032	NM_006219.3	NM_006219.3.fasta	4003	4032	+	30	AAGGCATCTTTCTTCCCTTTTAAAATTGTG	CACAAUUUUAAAAGGGAAGAAAGAUGCCUU	0
NM_006219.3:4004-4033	NM_006219.3	NM_006219.3.fasta	4004	4033	+	30	AGGCATCTTTCTTCCCTTTTAAAATTGTGT	ACACAAUUUUAAAAGGGAAGAAAGAUGCCU	0
NM_006219.3:4005-4034	NM_006219.3	NM_006219.3.fasta	4005	4034	+	30	GGCATCTTTCTTCCCTTTTAAAATTGTGTA	UACACAAUUUUAAAAGGGAAGAAAGAUGCC	0
NM_006219.3:4006-4035	NM_006219.3	NM_006219.3.fasta	4006	4035	+	30	GCATCTTTCTTCCCTTTTAAAATTGTGTAA	UUACACAAUUUUAAAAGGGAAGAAAGAUGC	0
NM_006219.3:4007-4036	NM_006219.3	NM_006219.3.fasta	4007	4036	+	30	CATCTTTCTTCCCTTTTAAAATTGTGTAAA	UUUACACAAUUUUAAAAGGGAAGAAAGAUG	0
NM_006219.3:4008-4037	NM_006219.3	NM_006219.3.fasta	4008	4037	+	30	ATCTTTCTTCCCTTTTAAAATTGTGTAAAC	GUUUACACAAUUUUAAAAGGGAAGAAAGAU	0
NM_006219.3:4009-4038	NM_006219.3	NM_006219.3.fasta	4009	4038	+	30	TCTTTCTTCCCTTTTAAAATTGTGTAAACT	AGUUUACACAAUUUUAAAAGGGAAGAAAGA	0
NM_006219.3:4010-4039	NM_006219.3	NM_006219.3.fasta	4010	4039	+	30	CTTTCTTCCCTTTTAAAATTGTGTAAACTG	CAGUUUACACAAUUUUAAAAGGGAAGAAAG	0
NM_006219.3:4011-4040	NM_006219.3	NM_006219.3.fasta	4011	4040	+	30	TTTCTTCCCTTTTAAAATTGTGTAAACTGC	GCAGUUUACACAAUUUUAAAAGGGAAGAAA	0
NM_006219.3:4012-4041	NM_006219.3	NM_006219.3.fasta	4012	4041	+	30	TTCTTCCCTTTTAAAATTGTGTAAACTGCA	UGCAGUUUACACAAUUUUAAAAGGGAAGAA	0
NM_006219.3:4013-4042	NM_006219.3	NM_006219.3.fasta	4013	4042	+	30	TCTTCCCTTTTAAAATTGTGTAAACTGCAA	UUGCAGUUUACACAAUUUUAAAAGGGAAGA	0
NM_006219.3:4014-4043	NM_006219.3	NM_006219.3.fasta	4014	4043	+	30	CTTCCCTTTTAAAATTGTGTAAACTGCAAA	UUUGCAGUUUACACAAUUUUAAAAGGGAAG	0
NM_006219.3:4015-4044	NM_006219.3	NM_006219.3.fasta	4015	4044	+	30	TTCCCTTTTAAAATTGTGTAAACTGCAAAT	AUUUGCAGUUUACACAAUUUUAAAAGGGAA	0
NM_006219.3:4016-4045	NM_006219.3	NM_006219.3.fasta	4016	4045	+	30	TCCCTTTTAAAATTGTGTAAACTGCAAATT	AAUUUGCAGUUUACACAAUUUUAAAAGGGA	0
NM_006219.3:4017-4046	NM_006219.3	NM_006219.3.fasta	4017	4046	+	30	CCCTTTTAAAATTGTGTAAACTGCAAATTA	UAAUUUGCAGUUUACACAAUUUUAAAAGGG	0
NM_006219.3:4018-4047	NM_006219.3	NM_006219.3.fasta	4018	4047	+	30	CCTTTTAAAATTGTGTAAACTGCAAATTAT	AUAAUUUGCAGUUUACACAAUUUUAAAAGG	0
NM_006219.3:4019-4048	NM_006219.3	NM_006219.3.fasta	4019	4048	+	30	CTTTTAAAATTGTGTAAACTGCAAATTATA	UAUAAUUUGCAGUUUACACAAUUUUAAAAG	0
NM_006219.3:4020-4049	NM_006219.3	NM_006219.3.fasta	4020	4049	+	30	TTTTAAAATTGTGTAAACTGCAAATTATAA	UUAUAAUUUGCAGUUUACACAAUUUUAAAA	0
NM_006219.3:4021-4050	NM_006219.3	NM_006219.3.fasta	4021	4050	+	30	TTTAAAATTGTGTAAACTGCAAATTATAAT	AUUAUAAUUUGCAGUUUACACAAUUUUAAA	0
NM_006219.3:4022-4051	NM_006219.3	NM_006219.3.fasta	4022	4051	+	30	TTAAAATTGTGTAAACTGCAAATTATAATA	UAUUAUAAUUUGCAGUUUACACAAUUUUAA	0
NM_006219.3:4023-4052	NM_006219.3	NM_006219.3.fasta	4023	4052	+	30	TAAAATTGTGTAAACTGCAAATTATAATAT	AUAUUAUAAUUUGCAGUUUACACAAUUUUA	0
NM_006219.3:4024-4053	NM_006219.3	NM_006219.3.fasta	4024	4053	+	30	AAAATTGTGTAAACTGCAAATTATAATATA	UAUAUUAUAAUUUGCAGUUUACACAAUUUU	0
NM_006219.3:4025-4054	NM_006219.3	NM_006219.3.fasta	4025	4054	+	30	AAATTGTGTAAACTGCAAATTATAATATAA	UUAUAUUAUAAUUUGCAGUUUACACAAUUU	0
NM_006219.3:4026-4055	NM_006219.3	NM_006219.3.fasta	4026	4055	+	30	AATTGTGTAAACTGCAAATTATAATATAAT	AUUAUAUUAUAAUUUGCAGUUUACACAAUU	0
NM_006219.3:4027-4056	NM_006219.3	NM_006219.3.fasta	4027	4056	+	30	ATTGTGTAAACTGCAAATTATAATATAATT	AAUUAUAUUAUAAUUUGCAGUUUACACAAU	0
NM_006219.3:4028-4057	NM_006219.3	NM_006219.3.fasta	4028	4057	+	30	TTGTGTAAACTGCAAATTATAATATAATTT	AAAUUAUAUUAUAAUUUGCAGUUUACACAA	0
NM_006219.3:4029-4058	NM_006219.3	NM_006219.3.fasta	4029	4058	+	30	TGTGTAAACTGCAAATTATAATATAATTTG	CAAAUUAUAUUAUAAUUUGCAGUUUACACA	0
NM_006219.3:4030-4059	NM_006219.3	NM_006219.3.fasta	4030	4059	+	30	GTGTAAACTGCAAATTATAATATAATTTGA	UCAAAUUAUAUUAUAAUUUGCAGUUUACAC	0
NM_006219.3:4031-4060	NM_006219.3	NM_006219.3.fasta	4031	4060	+	30	TGTAAACTGCAAATTATAATATAATTTGAA	UUCAAAUUAUAUUAUAAUUUGCAGUUUACA	0
NM_006219.3:4032-4061	NM_006219.3	NM_006219.3.fasta	4032	4061	+	30	GTAAACTGCAAATTATAATATAATTTGAAT	AUUCAAAUUAUAUUAUAAUUUGCAGUUUAC	0
NM_006219.3:4033-4062	NM_006219.3	NM_006219.3.fasta	4033	4062	+	30	TAAACTGCAAATTATAATATAATTTGAATT	AAUUCAAAUUAUAUUAUAAUUUGCAGUUUA	0
NM_006219.3:4034-4063	NM_006219.3	NM_006219.3.fasta	4034	4063	+	30	AAACTGCAAATTATAATATAATTTGAATTT	AAAUUCAAAUUAUAUUAUAAUUUGCAGUUU	0
NM_006219.3:4035-4064	NM_006219.3	NM_006219.3.fasta	4035	4064	+	30	AACTGCAAATTATAATATAATTTGAATTTA	UAAAUUCAAAUUAUAUUAUAAUUUGCAGUU	0
NM_006219.3:4036-4065	NM_006219.3	NM_006219.3.fasta	4036	4065	+	30	ACTGCAAATTATAATATAATTTGAATTTAT	AUAAAUUCAAAUUAUAUUAUAAUUUGCAGU	0
NM_006219.3:4037-4066	NM_006219.3	NM_006219.3.fasta	4037	4066	+	30	CTGCAAATTATAATATAATTTGAATTTATG	CAUAAAUUCAAAUUAUAUUAUAAUUUGCAG	0
NM_006219.3:4038-4067	NM_006219.3	NM_006219.3.fasta	4038	4067	+	30	TGCAAATTATAATATAATTTGAATTTATGA	UCAUAAAUUCAAAUUAUAUUAUAAUUUGCA	0
NM_006219.3:4039-4068	NM_006219.3	NM_006219.3.fasta	4039	4068	+	30	GCAAATTATAATATAATTTGAATTTATGAT	AUCAUAAAUUCAAAUUAUAUUAUAAUUUGC	0
NM_006219.3:4040-4069	NM_006219.3	NM_006219.3.fasta	4040	4069	+	30	CAAATTATAATATAATTTGAATTTATGATT	AAUCAUAAAUUCAAAUUAUAUUAUAAUUUG	0
NM_006219.3:4041-4070	NM_006219.3	NM_006219.3.fasta	4041	4070	+	30	AAATTATAATATAATTTGAATTTATGATTA	UAAUCAUAAAUUCAAAUUAUAUUAUAAUUU	0
NM_006219.3:4042-4071	NM_006219.3	NM_006219.3.fasta	4042	4071	+	30	AATTATAATATAATTTGAATTTATGATTAT	AUAAUCAUAAAUUCAAAUUAUAUUAUAAUU	0
NM_006219.3:4043-4072	NM_006219.3	NM_006219.3.fasta	4043	4072	+	30	ATTATAATATAATTTGAATTTATGATTATT	AAUAAUCAUAAAUUCAAAUUAUAUUAUAAU	0
NM_006219.3:4044-4073	NM_006219.3	NM_006219.3.fasta	4044	4073	+	30	TTATAATATAATTTGAATTTATGATTATTT	AAAUAAUCAUAAAUUCAAAUUAUAUUAUAA	0
NM_006219.3:4045-4074	NM_006219.3	NM_006219.3.fasta	4045	4074	+	30	TATAATATAATTTGAATTTATGATTATTTT	AAAAUAAUCAUAAAUUCAAAUUAUAUUAUA	0
NM_006219.3:4046-4075	NM_006219.3	NM_006219.3.fasta	4046	4075	+	30	ATAATATAATTTGAATTTATGATTATTTTC	GAAAAUAAUCAUAAAUUCAAAUUAUAUUAU	0
NM_006219.3:4047-4076	NM_006219.3	NM_006219.3.fasta	4047	4076	+	30	TAATATAATTTGAATTTATGATTATTTTCC	GGAAAAUAAUCAUAAAUUCAAAUUAUAUUA	0
NM_006219.3:4048-4077	NM_006219.3	NM_006219.3.fasta	4048	4077	+	30	AATATAATTTGAATTTATGATTATTTTCCA	UGGAAAAUAAUCAUAAAUUCAAAUUAUAUU	0
NM_006219.3:4049-4078	NM_006219.3	NM_006219.3.fasta	4049	4078	+	30	ATATAATTTGAATTTATGATTATTTTCCAG	CUGGAAAAUAAUCAUAAAUUCAAAUUAUAU	0
NM_006219.3:4050-4079	NM_006219.3	NM_006219.3.fasta	4050	4079	+	30	TATAATTTGAATTTATGATTATTTTCCAGA	UCUGGAAAAUAAUCAUAAAUUCAAAUUAUA	0
NM_006219.3:4051-4080	NM_006219.3	NM_006219.3.fasta	4051	4080	+	30	ATAATTTGAATTTATGATTATTTTCCAGAA	UUCUGGAAAAUAAUCAUAAAUUCAAAUUAU	0
NM_006219.3:4052-4081	NM_006219.3	NM_006219.3.fasta	4052	4081	+	30	TAATTTGAATTTATGATTATTTTCCAGAAG	CUUCUGGAAAAUAAUCAUAAAUUCAAAUUA	0
NM_006219.3:4053-4082	NM_006219.3	NM_006219.3.fasta	4053	4082	+	30	AATTTGAATTTATGATTATTTTCCAGAAGA	UCUUCUGGAAAAUAAUCAUAAAUUCAAAUU	0
NM_006219.3:4054-4083	NM_006219.3	NM_006219.3.fasta	4054	4083	+	30	ATTTGAATTTATGATTATTTTCCAGAAGAA	UUCUUCUGGAAAAUAAUCAUAAAUUCAAAU	0
NM_006219.3:4055-4084	NM_006219.3	NM_006219.3.fasta	4055	4084	+	30	TTTGAATTTATGATTATTTTCCAGAAGAAA	UUUCUUCUGGAAAAUAAUCAUAAAUUCAAA	0
NM_006219.3:4056-4085	NM_006219.3	NM_006219.3.fasta	4056	4085	+	30	TTGAATTTATGATTATTTTCCAGAAGAAAT	AUUUCUUCUGGAAAAUAAUCAUAAAUUCAA	0
NM_006219.3:4057-4086	NM_006219.3	NM_006219.3.fasta	4057	4086	+	30	TGAATTTATGATTATTTTCCAGAAGAAATC	GAUUUCUUCUGGAAAAUAAUCAUAAAUUCA	0
NM_006219.3:4058-4087	NM_006219.3	NM_006219.3.fasta	4058	4087	+	30	GAATTTATGATTATTTTCCAGAAGAAATCT	AGAUUUCUUCUGGAAAAUAAUCAUAAAUUC	0
NM_006219.3:4059-4088	NM_006219.3	NM_006219.3.fasta	4059	4088	+	30	AATTTATGATTATTTTCCAGAAGAAATCTT	AAGAUUUCUUCUGGAAAAUAAUCAUAAAUU	0
NM_006219.3:4060-4089	NM_006219.3	NM_006219.3.fasta	4060	4089	+	30	ATTTATGATTATTTTCCAGAAGAAATCTTG	CAAGAUUUCUUCUGGAAAAUAAUCAUAAAU	0
NM_006219.3:4061-4090	NM_006219.3	NM_006219.3.fasta	4061	4090	+	30	TTTATGATTATTTTCCAGAAGAAATCTTGT	ACAAGAUUUCUUCUGGAAAAUAAUCAUAAA	0
NM_006219.3:4062-4091	NM_006219.3	NM_006219.3.fasta	4062	4091	+	30	TTATGATTATTTTCCAGAAGAAATCTTGTA	UACAAGAUUUCUUCUGGAAAAUAAUCAUAA	0
NM_006219.3:4063-4092	NM_006219.3	NM_006219.3.fasta	4063	4092	+	30	TATGATTATTTTCCAGAAGAAATCTTGTAA	UUACAAGAUUUCUUCUGGAAAAUAAUCAUA	0
NM_006219.3:4064-4093	NM_006219.3	NM_006219.3.fasta	4064	4093	+	30	ATGATTATTTTCCAGAAGAAATCTTGTAAA	UUUACAAGAUUUCUUCUGGAAAAUAAUCAU	0
NM_006219.3:4065-4094	NM_006219.3	NM_006219.3.fasta	4065	4094	+	30	TGATTATTTTCCAGAAGAAATCTTGTAAAC	GUUUACAAGAUUUCUUCUGGAAAAUAAUCA	0
NM_006219.3:4066-4095	NM_006219.3	NM_006219.3.fasta	4066	4095	+	30	GATTATTTTCCAGAAGAAATCTTGTAAACC	GGUUUACAAGAUUUCUUCUGGAAAAUAAUC	0
NM_006219.3:4067-4096	NM_006219.3	NM_006219.3.fasta	4067	4096	+	30	ATTATTTTCCAGAAGAAATCTTGTAAACCT	AGGUUUACAAGAUUUCUUCUGGAAAAUAAU	0
NM_006219.3:4068-4097	NM_006219.3	NM_006219.3.fasta	4068	4097	+	30	TTATTTTCCAGAAGAAATCTTGTAAACCTG	CAGGUUUACAAGAUUUCUUCUGGAAAAUAA	0
NM_006219.3:4069-4098	NM_006219.3	NM_006219.3.fasta	4069	4098	+	30	TATTTTCCAGAAGAAATCTTGTAAACCTGT	ACAGGUUUACAAGAUUUCUUCUGGAAAAUA	0
NM_006219.3:4070-4099	NM_006219.3	NM_006219.3.fasta	4070	4099	+	30	ATTTTCCAGAAGAAATCTTGTAAACCTGTG	CACAGGUUUACAAGAUUUCUUCUGGAAAAU	0
NM_006219.3:4071-4100	NM_006219.3	NM_006219.3.fasta	4071	4100	+	30	TTTTCCAGAAGAAATCTTGTAAACCTGTGG	CCACAGGUUUACAAGAUUUCUUCUGGAAAA	0
NM_006219.3:4072-4101	NM_006219.3	NM_006219.3.fasta	4072	4101	+	30	TTTCCAGAAGAAATCTTGTAAACCTGTGGA	UCCACAGGUUUACAAGAUUUCUUCUGGAAA	0
NM_006219.3:4073-4102	NM_006219.3	NM_006219.3.fasta	4073	4102	+	30	TTCCAGAAGAAATCTTGTAAACCTGTGGAT	AUCCACAGGUUUACAAGAUUUCUUCUGGAA	0
NM_006219.3:4074-4103	NM_006219.3	NM_006219.3.fasta	4074	4103	+	30	TCCAGAAGAAATCTTGTAAACCTGTGGATA	UAUCCACAGGUUUACAAGAUUUCUUCUGGA	0
NM_006219.3:4075-4104	NM_006219.3	NM_006219.3.fasta	4075	4104	+	30	CCAGAAGAAATCTTGTAAACCTGTGGATAC	GUAUCCACAGGUUUACAAGAUUUCUUCUGG	0
NM_006219.3:4076-4105	NM_006219.3	NM_006219.3.fasta	4076	4105	+	30	CAGAAGAAATCTTGTAAACCTGTGGATACT	AGUAUCCACAGGUUUACAAGAUUUCUUCUG	0
NM_006219.3:4077-4106	NM_006219.3	NM_006219.3.fasta	4077	4106	+	30	AGAAGAAATCTTGTAAACCTGTGGATACTC	GAGUAUCCACAGGUUUACAAGAUUUCUUCU	0
NM_006219.3:4078-4107	NM_006219.3	NM_006219.3.fasta	4078	4107	+	30	GAAGAAATCTTGTAAACCTGTGGATACTCA	UGAGUAUCCACAGGUUUACAAGAUUUCUUC	0
NM_006219.3:4079-4108	NM_006219.3	NM_006219.3.fasta	4079	4108	+	30	AAGAAATCTTGTAAACCTGTGGATACTCAT	AUGAGUAUCCACAGGUUUACAAGAUUUCUU	0
NM_006219.3:4080-4109	NM_006219.3	NM_006219.3.fasta	4080	4109	+	30	AGAAATCTTGTAAACCTGTGGATACTCATT	AAUGAGUAUCCACAGGUUUACAAGAUUUCU	0
NM_006219.3:4081-4110	NM_006219.3	NM_006219.3.fasta	4081	4110	+	30	GAAATCTTGTAAACCTGTGGATACTCATTA	UAAUGAGUAUCCACAGGUUUACAAGAUUUC	0
NM_006219.3:4082-4111	NM_006219.3	NM_006219.3.fasta	4082	4111	+	30	AAATCTTGTAAACCTGTGGATACTCATTAA	UUAAUGAGUAUCCACAGGUUUACAAGAUUU	0
NM_006219.3:4083-4112	NM_006219.3	NM_006219.3.fasta	4083	4112	+	30	AATCTTGTAAACCTGTGGATACTCATTAAT	AUUAAUGAGUAUCCACAGGUUUACAAGAUU	0
NM_006219.3:4084-4113	NM_006219.3	NM_006219.3.fasta	4084	4113	+	30	ATCTTGTAAACCTGTGGATACTCATTAATT	AAUUAAUGAGUAUCCACAGGUUUACAAGAU	0
NM_006219.3:4085-4114	NM_006219.3	NM_006219.3.fasta	4085	4114	+	30	TCTTGTAAACCTGTGGATACTCATTAATTC	GAAUUAAUGAGUAUCCACAGGUUUACAAGA	0
NM_006219.3:4086-4115	NM_006219.3	NM_006219.3.fasta	4086	4115	+	30	CTTGTAAACCTGTGGATACTCATTAATTCT	AGAAUUAAUGAGUAUCCACAGGUUUACAAG	0
NM_006219.3:4087-4116	NM_006219.3	NM_006219.3.fasta	4087	4116	+	30	TTGTAAACCTGTGGATACTCATTAATTCTT	AAGAAUUAAUGAGUAUCCACAGGUUUACAA	0
NM_006219.3:4088-4117	NM_006219.3	NM_006219.3.fasta	4088	4117	+	30	TGTAAACCTGTGGATACTCATTAATTCTTT	AAAGAAUUAAUGAGUAUCCACAGGUUUACA	0
NM_006219.3:4089-4118	NM_006219.3	NM_006219.3.fasta	4089	4118	+	30	GTAAACCTGTGGATACTCATTAATTCTTTT	AAAAGAAUUAAUGAGUAUCCACAGGUUUAC	0
NM_006219.3:4090-4119	NM_006219.3	NM_006219.3.fasta	4090	4119	+	30	TAAACCTGTGGATACTCATTAATTCTTTTG	CAAAAGAAUUAAUGAGUAUCCACAGGUUUA	0
NM_006219.3:4091-4120	NM_006219.3	NM_006219.3.fasta	4091	4120	+	30	AAACCTGTGGATACTCATTAATTCTTTTGT	ACAAAAGAAUUAAUGAGUAUCCACAGGUUU	0
NM_006219.3:4092-4121	NM_006219.3	NM_006219.3.fasta	4092	4121	+	30	AACCTGTGGATACTCATTAATTCTTTTGTT	AACAAAAGAAUUAAUGAGUAUCCACAGGUU	0
NM_006219.3:4093-4122	NM_006219.3	NM_006219.3.fasta	4093	4122	+	30	ACCTGTGGATACTCATTAATTCTTTTGTTA	UAACAAAAGAAUUAAUGAGUAUCCACAGGU	0
NM_006219.3:4094-4123	NM_006219.3	NM_006219.3.fasta	4094	4123	+	30	CCTGTGGATACTCATTAATTCTTTTGTTAA	UUAACAAAAGAAUUAAUGAGUAUCCACAGG	0
NM_006219.3:4095-4124	NM_006219.3	NM_006219.3.fasta	4095	4124	+	30	CTGTGGATACTCATTAATTCTTTTGTTAAT	AUUAACAAAAGAAUUAAUGAGUAUCCACAG	0
NM_006219.3:4096-4125	NM_006219.3	NM_006219.3.fasta	4096	4125	+	30	TGTGGATACTCATTAATTCTTTTGTTAATA	UAUUAACAAAAGAAUUAAUGAGUAUCCACA	0
NM_006219.3:4097-4126	NM_006219.3	NM_006219.3.fasta	4097	4126	+	30	GTGGATACTCATTAATTCTTTTGTTAATAT	AUAUUAACAAAAGAAUUAAUGAGUAUCCAC	0
NM_006219.3:4098-4127	NM_006219.3	NM_006219.3.fasta	4098	4127	+	30	TGGATACTCATTAATTCTTTTGTTAATATT	AAUAUUAACAAAAGAAUUAAUGAGUAUCCA	0
NM_006219.3:4099-4128	NM_006219.3	NM_006219.3.fasta	4099	4128	+	30	GGATACTCATTAATTCTTTTGTTAATATTT	AAAUAUUAACAAAAGAAUUAAUGAGUAUCC	0
NM_006219.3:4100-4129	NM_006219.3	NM_006219.3.fasta	4100	4129	+	30	GATACTCATTAATTCTTTTGTTAATATTTA	UAAAUAUUAACAAAAGAAUUAAUGAGUAUC	0
NM_006219.3:4101-4130	NM_006219.3	NM_006219.3.fasta	4101	4130	+	30	ATACTCATTAATTCTTTTGTTAATATTTAT	AUAAAUAUUAACAAAAGAAUUAAUGAGUAU	0
NM_006219.3:4102-4131	NM_006219.3	NM_006219.3.fasta	4102	4131	+	30	TACTCATTAATTCTTTTGTTAATATTTATT	AAUAAAUAUUAACAAAAGAAUUAAUGAGUA	0
NM_006219.3:4103-4132	NM_006219.3	NM_006219.3.fasta	4103	4132	+	30	ACTCATTAATTCTTTTGTTAATATTTATTT	AAAUAAAUAUUAACAAAAGAAUUAAUGAGU	0
NM_006219.3:4104-4133	NM_006219.3	NM_006219.3.fasta	4104	4133	+	30	CTCATTAATTCTTTTGTTAATATTTATTTC	GAAAUAAAUAUUAACAAAAGAAUUAAUGAG	0
NM_006219.3:4105-4134	NM_006219.3	NM_006219.3.fasta	4105	4134	+	30	TCATTAATTCTTTTGTTAATATTTATTTCC	GGAAAUAAAUAUUAACAAAAGAAUUAAUGA	0
NM_006219.3:4106-4135	NM_006219.3	NM_006219.3.fasta	4106	4135	+	30	CATTAATTCTTTTGTTAATATTTATTTCCA	UGGAAAUAAAUAUUAACAAAAGAAUUAAUG	0
NM_006219.3:4107-4136	NM_006219.3	NM_006219.3.fasta	4107	4136	+	30	ATTAATTCTTTTGTTAATATTTATTTCCAT	AUGGAAAUAAAUAUUAACAAAAGAAUUAAU	0
NM_006219.3:4108-4137	NM_006219.3	NM_006219.3.fasta	4108	4137	+	30	TTAATTCTTTTGTTAATATTTATTTCCATG	CAUGGAAAUAAAUAUUAACAAAAGAAUUAA	0
NM_006219.3:4109-4138	NM_006219.3	NM_006219.3.fasta	4109	4138	+	30	TAATTCTTTTGTTAATATTTATTTCCATGA	UCAUGGAAAUAAAUAUUAACAAAAGAAUUA	0
NM_006219.3:4110-4139	NM_006219.3	NM_006219.3.fasta	4110	4139	+	30	AATTCTTTTGTTAATATTTATTTCCATGAT	AUCAUGGAAAUAAAUAUUAACAAAAGAAUU	0
NM_006219.3:4111-4140	NM_006219.3	NM_006219.3.fasta	4111	4140	+	30	ATTCTTTTGTTAATATTTATTTCCATGATA	UAUCAUGGAAAUAAAUAUUAACAAAAGAAU	0
NM_006219.3:4112-4141	NM_006219.3	NM_006219.3.fasta	4112	4141	+	30	TTCTTTTGTTAATATTTATTTCCATGATAG	CUAUCAUGGAAAUAAAUAUUAACAAAAGAA	0
NM_006219.3:4113-4142	NM_006219.3	NM_006219.3.fasta	4113	4142	+	30	TCTTTTGTTAATATTTATTTCCATGATAGC	GCUAUCAUGGAAAUAAAUAUUAACAAAAGA	0
NM_006219.3:4114-4143	NM_006219.3	NM_006219.3.fasta	4114	4143	+	30	CTTTTGTTAATATTTATTTCCATGATAGCA	UGCUAUCAUGGAAAUAAAUAUUAACAAAAG	0
NM_006219.3:4115-4144	NM_006219.3	NM_006219.3.fasta	4115	4144	+	30	TTTTGTTAATATTTATTTCCATGATAGCAT	AUGCUAUCAUGGAAAUAAAUAUUAACAAAA	0
NM_006219.3:4116-4145	NM_006219.3	NM_006219.3.fasta	4116	4145	+	30	TTTGTTAATATTTATTTCCATGATAGCATC	GAUGCUAUCAUGGAAAUAAAUAUUAACAAA	0
NM_006219.3:4117-4146	NM_006219.3	NM_006219.3.fasta	4117	4146	+	30	TTGTTAATATTTATTTCCATGATAGCATCA	UGAUGCUAUCAUGGAAAUAAAUAUUAACAA	0
NM_006219.3:4118-4147	NM_006219.3	NM_006219.3.fasta	4118	4147	+	30	TGTTAATATTTATTTCCATGATAGCATCAT	AUGAUGCUAUCAUGGAAAUAAAUAUUAACA	0
NM_006219.3:4119-4148	NM_006219.3	NM_006219.3.fasta	4119	4148	+	30	GTTAATATTTATTTCCATGATAGCATCATT	AAUGAUGCUAUCAUGGAAAUAAAUAUUAAC	0
NM_006219.3:4120-4149	NM_006219.3	NM_006219.3.fasta	4120	4149	+	30	TTAATATTTATTTCCATGATAGCATCATTC	GAAUGAUGCUAUCAUGGAAAUAAAUAUUAA	0
NM_006219.3:4121-4150	NM_006219.3	NM_006219.3.fasta	4121	4150	+	30	TAATATTTATTTCCATGATAGCATCATTCC	GGAAUGAUGCUAUCAUGGAAAUAAAUAUUA	0
NM_006219.3:4122-4151	NM_006219.3	NM_006219.3.fasta	4122	4151	+	30	AATATTTATTTCCATGATAGCATCATTCCA	UGGAAUGAUGCUAUCAUGGAAAUAAAUAUU	0
NM_006219.3:4123-4152	NM_006219.3	NM_006219.3.fasta	4123	4152	+	30	ATATTTATTTCCATGATAGCATCATTCCAG	CUGGAAUGAUGCUAUCAUGGAAAUAAAUAU	0
NM_006219.3:4124-4153	NM_006219.3	NM_006219.3.fasta	4124	4153	+	30	TATTTATTTCCATGATAGCATCATTCCAGC	GCUGGAAUGAUGCUAUCAUGGAAAUAAAUA	0
NM_006219.3:4125-4154	NM_006219.3	NM_006219.3.fasta	4125	4154	+	30	ATTTATTTCCATGATAGCATCATTCCAGCC	GGCUGGAAUGAUGCUAUCAUGGAAAUAAAU	0
NM_006219.3:4126-4155	NM_006219.3	NM_006219.3.fasta	4126	4155	+	30	TTTATTTCCATGATAGCATCATTCCAGCCA	UGGCUGGAAUGAUGCUAUCAUGGAAAUAAA	0
NM_006219.3:4127-4156	NM_006219.3	NM_006219.3.fasta	4127	4156	+	30	TTATTTCCATGATAGCATCATTCCAGCCAG	CUGGCUGGAAUGAUGCUAUCAUGGAAAUAA	0
NM_006219.3:4128-4157	NM_006219.3	NM_006219.3.fasta	4128	4157	+	30	TATTTCCATGATAGCATCATTCCAGCCAGA	UCUGGCUGGAAUGAUGCUAUCAUGGAAAUA	0
NM_006219.3:4129-4158	NM_006219.3	NM_006219.3.fasta	4129	4158	+	30	ATTTCCATGATAGCATCATTCCAGCCAGAC	GUCUGGCUGGAAUGAUGCUAUCAUGGAAAU	0
NM_006219.3:4130-4159	NM_006219.3	NM_006219.3.fasta	4130	4159	+	30	TTTCCATGATAGCATCATTCCAGCCAGACT	AGUCUGGCUGGAAUGAUGCUAUCAUGGAAA	0
NM_006219.3:4131-4160	NM_006219.3	NM_006219.3.fasta	4131	4160	+	30	TTCCATGATAGCATCATTCCAGCCAGACTT	AAGUCUGGCUGGAAUGAUGCUAUCAUGGAA	0
NM_006219.3:4132-4161	NM_006219.3	NM_006219.3.fasta	4132	4161	+	30	TCCATGATAGCATCATTCCAGCCAGACTTG	CAAGUCUGGCUGGAAUGAUGCUAUCAUGGA	0
NM_006219.3:4133-4162	NM_006219.3	NM_006219.3.fasta	4133	4162	+	30	CCATGATAGCATCATTCCAGCCAGACTTGC	GCAAGUCUGGCUGGAAUGAUGCUAUCAUGG	0
NM_006219.3:4134-4163	NM_006219.3	NM_006219.3.fasta	4134	4163	+	30	CATGATAGCATCATTCCAGCCAGACTTGCT	AGCAAGUCUGGCUGGAAUGAUGCUAUCAUG	0
NM_006219.3:4135-4164	NM_006219.3	NM_006219.3.fasta	4135	4164	+	30	ATGATAGCATCATTCCAGCCAGACTTGCTG	CAGCAAGUCUGGCUGGAAUGAUGCUAUCAU	0
NM_006219.3:4136-4165	NM_006219.3	NM_006219.3.fasta	4136	4165	+	30	TGATAGCATCATTCCAGCCAGACTTGCTGA	UCAGCAAGUCUGGCUGGAAUGAUGCUAUCA	0
NM_006219.3:4137-4166	NM_006219.3	NM_006219.3.fasta	4137	4166	+	30	GATAGCATCATTCCAGCCAGACTTGCTGAA	UUCAGCAAGUCUGGCUGGAAUGAUGCUAUC	0
NM_006219.3:4138-4167	NM_006219.3	NM_006219.3.fasta	4138	4167	+	30	ATAGCATCATTCCAGCCAGACTTGCTGAAA	UUUCAGCAAGUCUGGCUGGAAUGAUGCUAU	0
NM_006219.3:4139-4168	NM_006219.3	NM_006219.3.fasta	4139	4168	+	30	TAGCATCATTCCAGCCAGACTTGCTGAAAA	UUUUCAGCAAGUCUGGCUGGAAUGAUGCUA	0
NM_006219.3:4140-4169	NM_006219.3	NM_006219.3.fasta	4140	4169	+	30	AGCATCATTCCAGCCAGACTTGCTGAAAAT	AUUUUCAGCAAGUCUGGCUGGAAUGAUGCU	0
NM_006219.3:4141-4170	NM_006219.3	NM_006219.3.fasta	4141	4170	+	30	GCATCATTCCAGCCAGACTTGCTGAAAATC	GAUUUUCAGCAAGUCUGGCUGGAAUGAUGC	0
NM_006219.3:4142-4171	NM_006219.3	NM_006219.3.fasta	4142	4171	+	30	CATCATTCCAGCCAGACTTGCTGAAAATCT	AGAUUUUCAGCAAGUCUGGCUGGAAUGAUG	0
NM_006219.3:4143-4172	NM_006219.3	NM_006219.3.fasta	4143	4172	+	30	ATCATTCCAGCCAGACTTGCTGAAAATCTA	UAGAUUUUCAGCAAGUCUGGCUGGAAUGAU	0
NM_006219.3:4144-4173	NM_006219.3	NM_006219.3.fasta	4144	4173	+	30	TCATTCCAGCCAGACTTGCTGAAAATCTAC	GUAGAUUUUCAGCAAGUCUGGCUGGAAUGA	0
NM_006219.3:4145-4174	NM_006219.3	NM_006219.3.fasta	4145	4174	+	30	CATTCCAGCCAGACTTGCTGAAAATCTACT	AGUAGAUUUUCAGCAAGUCUGGCUGGAAUG	0
NM_006219.3:4146-4175	NM_006219.3	NM_006219.3.fasta	4146	4175	+	30	ATTCCAGCCAGACTTGCTGAAAATCTACTG	CAGUAGAUUUUCAGCAAGUCUGGCUGGAAU	0
NM_006219.3:4147-4176	NM_006219.3	NM_006219.3.fasta	4147	4176	+	30	TTCCAGCCAGACTTGCTGAAAATCTACTGG	CCAGUAGAUUUUCAGCAAGUCUGGCUGGAA	0
NM_006219.3:4148-4177	NM_006219.3	NM_006219.3.fasta	4148	4177	+	30	TCCAGCCAGACTTGCTGAAAATCTACTGGT	ACCAGUAGAUUUUCAGCAAGUCUGGCUGGA	0
NM_006219.3:4149-4178	NM_006219.3	NM_006219.3.fasta	4149	4178	+	30	CCAGCCAGACTTGCTGAAAATCTACTGGTG	CACCAGUAGAUUUUCAGCAAGUCUGGCUGG	0
NM_006219.3:4150-4179	NM_006219.3	NM_006219.3.fasta	4150	4179	+	30	CAGCCAGACTTGCTGAAAATCTACTGGTGA	UCACCAGUAGAUUUUCAGCAAGUCUGGCUG	0
NM_006219.3:4151-4180	NM_006219.3	NM_006219.3.fasta	4151	4180	+	30	AGCCAGACTTGCTGAAAATCTACTGGTGAG	CUCACCAGUAGAUUUUCAGCAAGUCUGGCU	0
NM_006219.3:4152-4181	NM_006219.3	NM_006219.3.fasta	4152	4181	+	30	GCCAGACTTGCTGAAAATCTACTGGTGAGG	CCUCACCAGUAGAUUUUCAGCAAGUCUGGC	0
NM_006219.3:4153-4182	NM_006219.3	NM_006219.3.fasta	4153	4182	+	30	CCAGACTTGCTGAAAATCTACTGGTGAGGC	GCCUCACCAGUAGAUUUUCAGCAAGUCUGG	0
NM_006219.3:4154-4183	NM_006219.3	NM_006219.3.fasta	4154	4183	+	30	CAGACTTGCTGAAAATCTACTGGTGAGGCA	UGCCUCACCAGUAGAUUUUCAGCAAGUCUG	0
NM_006219.3:4155-4184	NM_006219.3	NM_006219.3.fasta	4155	4184	+	30	AGACTTGCTGAAAATCTACTGGTGAGGCAA	UUGCCUCACCAGUAGAUUUUCAGCAAGUCU	0
NM_006219.3:4156-4185	NM_006219.3	NM_006219.3.fasta	4156	4185	+	30	GACTTGCTGAAAATCTACTGGTGAGGCAAA	UUUGCCUCACCAGUAGAUUUUCAGCAAGUC	0
NM_006219.3:4157-4186	NM_006219.3	NM_006219.3.fasta	4157	4186	+	30	ACTTGCTGAAAATCTACTGGTGAGGCAAAT	AUUUGCCUCACCAGUAGAUUUUCAGCAAGU	0
NM_006219.3:4158-4187	NM_006219.3	NM_006219.3.fasta	4158	4187	+	30	CTTGCTGAAAATCTACTGGTGAGGCAAATA	UAUUUGCCUCACCAGUAGAUUUUCAGCAAG	0
NM_006219.3:4159-4188	NM_006219.3	NM_006219.3.fasta	4159	4188	+	30	TTGCTGAAAATCTACTGGTGAGGCAAATAT	AUAUUUGCCUCACCAGUAGAUUUUCAGCAA	0
NM_006219.3:4160-4189	NM_006219.3	NM_006219.3.fasta	4160	4189	+	30	TGCTGAAAATCTACTGGTGAGGCAAATATA	UAUAUUUGCCUCACCAGUAGAUUUUCAGCA	0
NM_006219.3:4161-4190	NM_006219.3	NM_006219.3.fasta	4161	4190	+	30	GCTGAAAATCTACTGGTGAGGCAAATATAA	UUAUAUUUGCCUCACCAGUAGAUUUUCAGC	0
NM_006219.3:4162-4191	NM_006219.3	NM_006219.3.fasta	4162	4191	+	30	CTGAAAATCTACTGGTGAGGCAAATATAAT	AUUAUAUUUGCCUCACCAGUAGAUUUUCAG	0
NM_006219.3:4163-4192	NM_006219.3	NM_006219.3.fasta	4163	4192	+	30	TGAAAATCTACTGGTGAGGCAAATATAATA	UAUUAUAUUUGCCUCACCAGUAGAUUUUCA	0
NM_006219.3:4164-4193	NM_006219.3	NM_006219.3.fasta	4164	4193	+	30	GAAAATCTACTGGTGAGGCAAATATAATAT	AUAUUAUAUUUGCCUCACCAGUAGAUUUUC	0
NM_006219.3:4165-4194	NM_006219.3	NM_006219.3.fasta	4165	4194	+	30	AAAATCTACTGGTGAGGCAAATATAATATA	UAUAUUAUAUUUGCCUCACCAGUAGAUUUU	0
NM_006219.3:4166-4195	NM_006219.3	NM_006219.3.fasta	4166	4195	+	30	AAATCTACTGGTGAGGCAAATATAATATAT	AUAUAUUAUAUUUGCCUCACCAGUAGAUUU	0
NM_006219.3:4167-4196	NM_006219.3	NM_006219.3.fasta	4167	4196	+	30	AATCTACTGGTGAGGCAAATATAATATATA	UAUAUAUUAUAUUUGCCUCACCAGUAGAUU	0
NM_006219.3:4168-4197	NM_006219.3	NM_006219.3.fasta	4168	4197	+	30	ATCTACTGGTGAGGCAAATATAATATATAT	AUAUAUAUUAUAUUUGCCUCACCAGUAGAU	0
NM_006219.3:4169-4198	NM_006219.3	NM_006219.3.fasta	4169	4198	+	30	TCTACTGGTGAGGCAAATATAATATATATA	UAUAUAUAUUAUAUUUGCCUCACCAGUAGA	0
NM_006219.3:4170-4199	NM_006219.3	NM_006219.3.fasta	4170	4199	+	30	CTACTGGTGAGGCAAATATAATATATATAA	UUAUAUAUAUUAUAUUUGCCUCACCAGUAG	0
NM_006219.3:4171-4200	NM_006219.3	NM_006219.3.fasta	4171	4200	+	30	TACTGGTGAGGCAAATATAATATATATAAA	UUUAUAUAUAUUAUAUUUGCCUCACCAGUA	0
NM_006219.3:4172-4201	NM_006219.3	NM_006219.3.fasta	4172	4201	+	30	ACTGGTGAGGCAAATATAATATATATAAAT	AUUUAUAUAUAUUAUAUUUGCCUCACCAGU	0
NM_006219.3:4173-4202	NM_006219.3	NM_006219.3.fasta	4173	4202	+	30	CTGGTGAGGCAAATATAATATATATAAATA	UAUUUAUAUAUAUUAUAUUUGCCUCACCAG	0
NM_006219.3:4174-4203	NM_006219.3	NM_006219.3.fasta	4174	4203	+	30	TGGTGAGGCAAATATAATATATATAAATAT	AUAUUUAUAUAUAUUAUAUUUGCCUCACCA	0
NM_006219.3:4175-4204	NM_006219.3	NM_006219.3.fasta	4175	4204	+	30	GGTGAGGCAAATATAATATATATAAATATG	CAUAUUUAUAUAUAUUAUAUUUGCCUCACC	0
NM_006219.3:4176-4205	NM_006219.3	NM_006219.3.fasta	4176	4205	+	30	GTGAGGCAAATATAATATATATAAATATGC	GCAUAUUUAUAUAUAUUAUAUUUGCCUCAC	0
NM_006219.3:4177-4206	NM_006219.3	NM_006219.3.fasta	4177	4206	+	30	TGAGGCAAATATAATATATATAAATATGCT	AGCAUAUUUAUAUAUAUUAUAUUUGCCUCA	0
NM_006219.3:4178-4207	NM_006219.3	NM_006219.3.fasta	4178	4207	+	30	GAGGCAAATATAATATATATAAATATGCTA	UAGCAUAUUUAUAUAUAUUAUAUUUGCCUC	0
NM_006219.3:4179-4208	NM_006219.3	NM_006219.3.fasta	4179	4208	+	30	AGGCAAATATAATATATATAAATATGCTAC	GUAGCAUAUUUAUAUAUAUUAUAUUUGCCU	0
NM_006219.3:4180-4209	NM_006219.3	NM_006219.3.fasta	4180	4209	+	30	GGCAAATATAATATATATAAATATGCTACA	UGUAGCAUAUUUAUAUAUAUUAUAUUUGCC	0
NM_006219.3:4181-4210	NM_006219.3	NM_006219.3.fasta	4181	4210	+	30	GCAAATATAATATATATAAATATGCTACAT	AUGUAGCAUAUUUAUAUAUAUUAUAUUUGC	0
NM_006219.3:4182-4211	NM_006219.3	NM_006219.3.fasta	4182	4211	+	30	CAAATATAATATATATAAATATGCTACATA	UAUGUAGCAUAUUUAUAUAUAUUAUAUUUG	0
NM_006219.3:4183-4212	NM_006219.3	NM_006219.3.fasta	4183	4212	+	30	AAATATAATATATATAAATATGCTACATAT	AUAUGUAGCAUAUUUAUAUAUAUUAUAUUU	0
NM_006219.3:4184-4213	NM_006219.3	NM_006219.3.fasta	4184	4213	+	30	AATATAATATATATAAATATGCTACATATA	UAUAUGUAGCAUAUUUAUAUAUAUUAUAUU	0
NM_006219.3:4185-4214	NM_006219.3	NM_006219.3.fasta	4185	4214	+	30	ATATAATATATATAAATATGCTACATATAT	AUAUAUGUAGCAUAUUUAUAUAUAUUAUAU	0
NM_006219.3:4186-4215	NM_006219.3	NM_006219.3.fasta	4186	4215	+	30	TATAATATATATAAATATGCTACATATATA	UAUAUAUGUAGCAUAUUUAUAUAUAUUAUA	0
NM_006219.3:4187-4216	NM_006219.3	NM_006219.3.fasta	4187	4216	+	30	ATAATATATATAAATATGCTACATATATAT	AUAUAUAUGUAGCAUAUUUAUAUAUAUUAU	0
NM_006219.3:4188-4217	NM_006219.3	NM_006219.3.fasta	4188	4217	+	30	TAATATATATAAATATGCTACATATATATT	AAUAUAUAUGUAGCAUAUUUAUAUAUAUUA	0
NM_006219.3:4189-4218	NM_006219.3	NM_006219.3.fasta	4189	4218	+	30	AATATATATAAATATGCTACATATATATTT	AAAUAUAUAUGUAGCAUAUUUAUAUAUAUU	0
NM_006219.3:4190-4219	NM_006219.3	NM_006219.3.fasta	4190	4219	+	30	ATATATATAAATATGCTACATATATATTTA	UAAAUAUAUAUGUAGCAUAUUUAUAUAUAU	0
NM_006219.3:4191-4220	NM_006219.3	NM_006219.3.fasta	4191	4220	+	30	TATATATAAATATGCTACATATATATTTAT	AUAAAUAUAUAUGUAGCAUAUUUAUAUAUA	0
NM_006219.3:4192-4221	NM_006219.3	NM_006219.3.fasta	4192	4221	+	30	ATATATAAATATGCTACATATATATTTATA	UAUAAAUAUAUAUGUAGCAUAUUUAUAUAU	0
NM_006219.3:4193-4222	NM_006219.3	NM_006219.3.fasta	4193	4222	+	30	TATATAAATATGCTACATATATATTTATAA	UUAUAAAUAUAUAUGUAGCAUAUUUAUAUA	0
NM_006219.3:4194-4223	NM_006219.3	NM_006219.3.fasta	4194	4223	+	30	ATATAAATATGCTACATATATATTTATAAA	UUUAUAAAUAUAUAUGUAGCAUAUUUAUAU	0
NM_006219.3:4195-4224	NM_006219.3	NM_006219.3.fasta	4195	4224	+	30	TATAAATATGCTACATATATATTTATAAAA	UUUUAUAAAUAUAUAUGUAGCAUAUUUAUA	0
NM_006219.3:4196-4225	NM_006219.3	NM_006219.3.fasta	4196	4225	+	30	ATAAATATGCTACATATATATTTATAAAAT	AUUUUAUAAAUAUAUAUGUAGCAUAUUUAU	0
NM_006219.3:4197-4226	NM_006219.3	NM_006219.3.fasta	4197	4226	+	30	TAAATATGCTACATATATATTTATAAAATT	AAUUUUAUAAAUAUAUAUGUAGCAUAUUUA	0
NM_006219.3:4198-4227	NM_006219.3	NM_006219.3.fasta	4198	4227	+	30	AAATATGCTACATATATATTTATAAAATTT	AAAUUUUAUAAAUAUAUAUGUAGCAUAUUU	0
NM_006219.3:4199-4228	NM_006219.3	NM_006219.3.fasta	4199	4228	+	30	AATATGCTACATATATATTTATAAAATTTC	GAAAUUUUAUAAAUAUAUAUGUAGCAUAUU	0
NM_006219.3:4200-4229	NM_006219.3	NM_006219.3.fasta	4200	4229	+	30	ATATGCTACATATATATTTATAAAATTTCT	AGAAAUUUUAUAAAUAUAUAUGUAGCAUAU	0
NM_006219.3:4201-4230	NM_006219.3	NM_006219.3.fasta	4201	4230	+	30	TATGCTACATATATATTTATAAAATTTCTA	UAGAAAUUUUAUAAAUAUAUAUGUAGCAUA	0
NM_006219.3:4202-4231	NM_006219.3	NM_006219.3.fasta	4202	4231	+	30	ATGCTACATATATATTTATAAAATTTCTAG	CUAGAAAUUUUAUAAAUAUAUAUGUAGCAU	0
NM_006219.3:4203-4232	NM_006219.3	NM_006219.3.fasta	4203	4232	+	30	TGCTACATATATATTTATAAAATTTCTAGT	ACUAGAAAUUUUAUAAAUAUAUAUGUAGCA	0
NM_006219.3:4204-4233	NM_006219.3	NM_006219.3.fasta	4204	4233	+	30	GCTACATATATATTTATAAAATTTCTAGTG	CACUAGAAAUUUUAUAAAUAUAUAUGUAGC	0
NM_006219.3:4205-4234	NM_006219.3	NM_006219.3.fasta	4205	4234	+	30	CTACATATATATTTATAAAATTTCTAGTGG	CCACUAGAAAUUUUAUAAAUAUAUAUGUAG	0
NM_006219.3:4206-4235	NM_006219.3	NM_006219.3.fasta	4206	4235	+	30	TACATATATATTTATAAAATTTCTAGTGGG	CCCACUAGAAAUUUUAUAAAUAUAUAUGUA	0
NM_006219.3:4207-4236	NM_006219.3	NM_006219.3.fasta	4207	4236	+	30	ACATATATATTTATAAAATTTCTAGTGGGA	UCCCACUAGAAAUUUUAUAAAUAUAUAUGU	0
NM_006219.3:4208-4237	NM_006219.3	NM_006219.3.fasta	4208	4237	+	30	CATATATATTTATAAAATTTCTAGTGGGAG	CUCCCACUAGAAAUUUUAUAAAUAUAUAUG	0
NM_006219.3:4209-4238	NM_006219.3	NM_006219.3.fasta	4209	4238	+	30	ATATATATTTATAAAATTTCTAGTGGGAGT	ACUCCCACUAGAAAUUUUAUAAAUAUAUAU	0
NM_006219.3:4210-4239	NM_006219.3	NM_006219.3.fasta	4210	4239	+	30	TATATATTTATAAAATTTCTAGTGGGAGTT	AACUCCCACUAGAAAUUUUAUAAAUAUAUA	0
NM_006219.3:4211-4240	NM_006219.3	NM_006219.3.fasta	4211	4240	+	30	ATATATTTATAAAATTTCTAGTGGGAGTTC	GAACUCCCACUAGAAAUUUUAUAAAUAUAU	0
NM_006219.3:4212-4241	NM_006219.3	NM_006219.3.fasta	4212	4241	+	30	TATATTTATAAAATTTCTAGTGGGAGTTCT	AGAACUCCCACUAGAAAUUUUAUAAAUAUA	0
NM_006219.3:4213-4242	NM_006219.3	NM_006219.3.fasta	4213	4242	+	30	ATATTTATAAAATTTCTAGTGGGAGTTCTA	UAGAACUCCCACUAGAAAUUUUAUAAAUAU	0
NM_006219.3:4214-4243	NM_006219.3	NM_006219.3.fasta	4214	4243	+	30	TATTTATAAAATTTCTAGTGGGAGTTCTAT	AUAGAACUCCCACUAGAAAUUUUAUAAAUA	0
NM_006219.3:4215-4244	NM_006219.3	NM_006219.3.fasta	4215	4244	+	30	ATTTATAAAATTTCTAGTGGGAGTTCTATA	UAUAGAACUCCCACUAGAAAUUUUAUAAAU	0
NM_006219.3:4216-4245	NM_006219.3	NM_006219.3.fasta	4216	4245	+	30	TTTATAAAATTTCTAGTGGGAGTTCTATAT	AUAUAGAACUCCCACUAGAAAUUUUAUAAA	0
NM_006219.3:4217-4246	NM_006219.3	NM_006219.3.fasta	4217	4246	+	30	TTATAAAATTTCTAGTGGGAGTTCTATATA	UAUAUAGAACUCCCACUAGAAAUUUUAUAA	0
NM_006219.3:4218-4247	NM_006219.3	NM_006219.3.fasta	4218	4247	+	30	TATAAAATTTCTAGTGGGAGTTCTATATAA	UUAUAUAGAACUCCCACUAGAAAUUUUAUA	0
NM_006219.3:4219-4248	NM_006219.3	NM_006219.3.fasta	4219	4248	+	30	ATAAAATTTCTAGTGGGAGTTCTATATAAA	UUUAUAUAGAACUCCCACUAGAAAUUUUAU	0
NM_006219.3:4220-4249	NM_006219.3	NM_006219.3.fasta	4220	4249	+	30	TAAAATTTCTAGTGGGAGTTCTATATAAAT	AUUUAUAUAGAACUCCCACUAGAAAUUUUA	0
NM_006219.3:4221-4250	NM_006219.3	NM_006219.3.fasta	4221	4250	+	30	AAAATTTCTAGTGGGAGTTCTATATAAATG	CAUUUAUAUAGAACUCCCACUAGAAAUUUU	0
NM_006219.3:4222-4251	NM_006219.3	NM_006219.3.fasta	4222	4251	+	30	AAATTTCTAGTGGGAGTTCTATATAAATGT	ACAUUUAUAUAGAACUCCCACUAGAAAUUU	0
NM_006219.3:4223-4252	NM_006219.3	NM_006219.3.fasta	4223	4252	+	30	AATTTCTAGTGGGAGTTCTATATAAATGTT	AACAUUUAUAUAGAACUCCCACUAGAAAUU	0
NM_006219.3:4224-4253	NM_006219.3	NM_006219.3.fasta	4224	4253	+	30	ATTTCTAGTGGGAGTTCTATATAAATGTTT	AAACAUUUAUAUAGAACUCCCACUAGAAAU	0
NM_006219.3:4225-4254	NM_006219.3	NM_006219.3.fasta	4225	4254	+	30	TTTCTAGTGGGAGTTCTATATAAATGTTTC	GAAACAUUUAUAUAGAACUCCCACUAGAAA	0
NM_006219.3:4226-4255	NM_006219.3	NM_006219.3.fasta	4226	4255	+	30	TTCTAGTGGGAGTTCTATATAAATGTTTCT	AGAAACAUUUAUAUAGAACUCCCACUAGAA	0
NM_006219.3:4227-4256	NM_006219.3	NM_006219.3.fasta	4227	4256	+	30	TCTAGTGGGAGTTCTATATAAATGTTTCTT	AAGAAACAUUUAUAUAGAACUCCCACUAGA	0
NM_006219.3:4228-4257	NM_006219.3	NM_006219.3.fasta	4228	4257	+	30	CTAGTGGGAGTTCTATATAAATGTTTCTTT	AAAGAAACAUUUAUAUAGAACUCCCACUAG	0
NM_006219.3:4229-4258	NM_006219.3	NM_006219.3.fasta	4229	4258	+	30	TAGTGGGAGTTCTATATAAATGTTTCTTTG	CAAAGAAACAUUUAUAUAGAACUCCCACUA	0
NM_006219.3:4230-4259	NM_006219.3	NM_006219.3.fasta	4230	4259	+	30	AGTGGGAGTTCTATATAAATGTTTCTTTGG	CCAAAGAAACAUUUAUAUAGAACUCCCACU	0
NM_006219.3:4231-4260	NM_006219.3	NM_006219.3.fasta	4231	4260	+	30	GTGGGAGTTCTATATAAATGTTTCTTTGGT	ACCAAAGAAACAUUUAUAUAGAACUCCCAC	0
NM_006219.3:4232-4261	NM_006219.3	NM_006219.3.fasta	4232	4261	+	30	TGGGAGTTCTATATAAATGTTTCTTTGGTA	UACCAAAGAAACAUUUAUAUAGAACUCCCA	0
NM_006219.3:4233-4262	NM_006219.3	NM_006219.3.fasta	4233	4262	+	30	GGGAGTTCTATATAAATGTTTCTTTGGTAT	AUACCAAAGAAACAUUUAUAUAGAACUCCC	0
NM_006219.3:4234-4263	NM_006219.3	NM_006219.3.fasta	4234	4263	+	30	GGAGTTCTATATAAATGTTTCTTTGGTATT	AAUACCAAAGAAACAUUUAUAUAGAACUCC	0
NM_006219.3:4235-4264	NM_006219.3	NM_006219.3.fasta	4235	4264	+	30	GAGTTCTATATAAATGTTTCTTTGGTATTC	GAAUACCAAAGAAACAUUUAUAUAGAACUC	0
NM_006219.3:4236-4265	NM_006219.3	NM_006219.3.fasta	4236	4265	+	30	AGTTCTATATAAATGTTTCTTTGGTATTCT	AGAAUACCAAAGAAACAUUUAUAUAGAACU	0
NM_006219.3:4237-4266	NM_006219.3	NM_006219.3.fasta	4237	4266	+	30	GTTCTATATAAATGTTTCTTTGGTATTCTT	AAGAAUACCAAAGAAACAUUUAUAUAGAAC	0
NM_006219.3:4238-4267	NM_006219.3	NM_006219.3.fasta	4238	4267	+	30	TTCTATATAAATGTTTCTTTGGTATTCTTC	GAAGAAUACCAAAGAAACAUUUAUAUAGAA	0
NM_006219.3:4239-4268	NM_006219.3	NM_006219.3.fasta	4239	4268	+	30	TCTATATAAATGTTTCTTTGGTATTCTTCA	UGAAGAAUACCAAAGAAACAUUUAUAUAGA	0
NM_006219.3:4240-4269	NM_006219.3	NM_006219.3.fasta	4240	4269	+	30	CTATATAAATGTTTCTTTGGTATTCTTCAG	CUGAAGAAUACCAAAGAAACAUUUAUAUAG	0
NM_006219.3:4241-4270	NM_006219.3	NM_006219.3.fasta	4241	4270	+	30	TATATAAATGTTTCTTTGGTATTCTTCAGC	GCUGAAGAAUACCAAAGAAACAUUUAUAUA	0
NM_006219.3:4242-4271	NM_006219.3	NM_006219.3.fasta	4242	4271	+	30	ATATAAATGTTTCTTTGGTATTCTTCAGCC	GGCUGAAGAAUACCAAAGAAACAUUUAUAU	0
NM_006219.3:4243-4272	NM_006219.3	NM_006219.3.fasta	4243	4272	+	30	TATAAATGTTTCTTTGGTATTCTTCAGCCT	AGGCUGAAGAAUACCAAAGAAACAUUUAUA	0
NM_006219.3:4244-4273	NM_006219.3	NM_006219.3.fasta	4244	4273	+	30	ATAAATGTTTCTTTGGTATTCTTCAGCCTG	CAGGCUGAAGAAUACCAAAGAAACAUUUAU	0
NM_006219.3:4245-4274	NM_006219.3	NM_006219.3.fasta	4245	4274	+	30	TAAATGTTTCTTTGGTATTCTTCAGCCTGT	ACAGGCUGAAGAAUACCAAAGAAACAUUUA	0
NM_006219.3:4246-4275	NM_006219.3	NM_006219.3.fasta	4246	4275	+	30	AAATGTTTCTTTGGTATTCTTCAGCCTGTG	CACAGGCUGAAGAAUACCAAAGAAACAUUU	0
NM_006219.3:4247-4276	NM_006219.3	NM_006219.3.fasta	4247	4276	+	30	AATGTTTCTTTGGTATTCTTCAGCCTGTGA	UCACAGGCUGAAGAAUACCAAAGAAACAUU	0
NM_006219.3:4248-4277	NM_006219.3	NM_006219.3.fasta	4248	4277	+	30	ATGTTTCTTTGGTATTCTTCAGCCTGTGAT	AUCACAGGCUGAAGAAUACCAAAGAAACAU	0
NM_006219.3:4249-4278	NM_006219.3	NM_006219.3.fasta	4249	4278	+	30	TGTTTCTTTGGTATTCTTCAGCCTGTGATT	AAUCACAGGCUGAAGAAUACCAAAGAAACA	0
NM_006219.3:4250-4279	NM_006219.3	NM_006219.3.fasta	4250	4279	+	30	GTTTCTTTGGTATTCTTCAGCCTGTGATTT	AAAUCACAGGCUGAAGAAUACCAAAGAAAC	0
NM_006219.3:4251-4280	NM_006219.3	NM_006219.3.fasta	4251	4280	+	30	TTTCTTTGGTATTCTTCAGCCTGTGATTTA	UAAAUCACAGGCUGAAGAAUACCAAAGAAA	0
NM_006219.3:4252-4281	NM_006219.3	NM_006219.3.fasta	4252	4281	+	30	TTCTTTGGTATTCTTCAGCCTGTGATTTAA	UUAAAUCACAGGCUGAAGAAUACCAAAGAA	0
NM_006219.3:4253-4282	NM_006219.3	NM_006219.3.fasta	4253	4282	+	30	TCTTTGGTATTCTTCAGCCTGTGATTTAAA	UUUAAAUCACAGGCUGAAGAAUACCAAAGA	0
NM_006219.3:4254-4283	NM_006219.3	NM_006219.3.fasta	4254	4283	+	30	CTTTGGTATTCTTCAGCCTGTGATTTAAAG	CUUUAAAUCACAGGCUGAAGAAUACCAAAG	0
NM_006219.3:4255-4284	NM_006219.3	NM_006219.3.fasta	4255	4284	+	30	TTTGGTATTCTTCAGCCTGTGATTTAAAGT	ACUUUAAAUCACAGGCUGAAGAAUACCAAA	0
NM_006219.3:4256-4285	NM_006219.3	NM_006219.3.fasta	4256	4285	+	30	TTGGTATTCTTCAGCCTGTGATTTAAAGTT	AACUUUAAAUCACAGGCUGAAGAAUACCAA	0
NM_006219.3:4257-4286	NM_006219.3	NM_006219.3.fasta	4257	4286	+	30	TGGTATTCTTCAGCCTGTGATTTAAAGTTT	AAACUUUAAAUCACAGGCUGAAGAAUACCA	0
NM_006219.3:4258-4287	NM_006219.3	NM_006219.3.fasta	4258	4287	+	30	GGTATTCTTCAGCCTGTGATTTAAAGTTTT	AAAACUUUAAAUCACAGGCUGAAGAAUACC	0
NM_006219.3:4259-4288	NM_006219.3	NM_006219.3.fasta	4259	4288	+	30	GTATTCTTCAGCCTGTGATTTAAAGTTTTA	UAAAACUUUAAAUCACAGGCUGAAGAAUAC	0
NM_006219.3:4260-4289	NM_006219.3	NM_006219.3.fasta	4260	4289	+	30	TATTCTTCAGCCTGTGATTTAAAGTTTTAC	GUAAAACUUUAAAUCACAGGCUGAAGAAUA	0
NM_006219.3:4261-4290	NM_006219.3	NM_006219.3.fasta	4261	4290	+	30	ATTCTTCAGCCTGTGATTTAAAGTTTTACA	UGUAAAACUUUAAAUCACAGGCUGAAGAAU	0
NM_006219.3:4262-4291	NM_006219.3	NM_006219.3.fasta	4262	4291	+	30	TTCTTCAGCCTGTGATTTAAAGTTTTACAA	UUGUAAAACUUUAAAUCACAGGCUGAAGAA	0
NM_006219.3:4263-4292	NM_006219.3	NM_006219.3.fasta	4263	4292	+	30	TCTTCAGCCTGTGATTTAAAGTTTTACAAA	UUUGUAAAACUUUAAAUCACAGGCUGAAGA	0
NM_006219.3:4264-4293	NM_006219.3	NM_006219.3.fasta	4264	4293	+	30	CTTCAGCCTGTGATTTAAAGTTTTACAAAA	UUUUGUAAAACUUUAAAUCACAGGCUGAAG	0
NM_006219.3:4265-4294	NM_006219.3	NM_006219.3.fasta	4265	4294	+	30	TTCAGCCTGTGATTTAAAGTTTTACAAAAA	UUUUUGUAAAACUUUAAAUCACAGGCUGAA	0
NM_006219.3:4266-4295	NM_006219.3	NM_006219.3.fasta	4266	4295	+	30	TCAGCCTGTGATTTAAAGTTTTACAAAAAG	CUUUUUGUAAAACUUUAAAUCACAGGCUGA	0
NM_006219.3:4267-4296	NM_006219.3	NM_006219.3.fasta	4267	4296	+	30	CAGCCTGTGATTTAAAGTTTTACAAAAAGC	GCUUUUUGUAAAACUUUAAAUCACAGGCUG	0
NM_006219.3:4268-4297	NM_006219.3	NM_006219.3.fasta	4268	4297	+	30	AGCCTGTGATTTAAAGTTTTACAAAAAGCA	UGCUUUUUGUAAAACUUUAAAUCACAGGCU	0
NM_006219.3:4269-4298	NM_006219.3	NM_006219.3.fasta	4269	4298	+	30	GCCTGTGATTTAAAGTTTTACAAAAAGCAG	CUGCUUUUUGUAAAACUUUAAAUCACAGGC	0
NM_006219.3:4270-4299	NM_006219.3	NM_006219.3.fasta	4270	4299	+	30	CCTGTGATTTAAAGTTTTACAAAAAGCAGA	UCUGCUUUUUGUAAAACUUUAAAUCACAGG	0
NM_006219.3:4271-4300	NM_006219.3	NM_006219.3.fasta	4271	4300	+	30	CTGTGATTTAAAGTTTTACAAAAAGCAGAG	CUCUGCUUUUUGUAAAACUUUAAAUCACAG	0
NM_006219.3:4272-4301	NM_006219.3	NM_006219.3.fasta	4272	4301	+	30	TGTGATTTAAAGTTTTACAAAAAGCAGAGC	GCUCUGCUUUUUGUAAAACUUUAAAUCACA	0
NM_006219.3:4273-4302	NM_006219.3	NM_006219.3.fasta	4273	4302	+	30	GTGATTTAAAGTTTTACAAAAAGCAGAGCT	AGCUCUGCUUUUUGUAAAACUUUAAAUCAC	0
NM_006219.3:4274-4303	NM_006219.3	NM_006219.3.fasta	4274	4303	+	30	TGATTTAAAGTTTTACAAAAAGCAGAGCTT	AAGCUCUGCUUUUUGUAAAACUUUAAAUCA	0
NM_006219.3:4275-4304	NM_006219.3	NM_006219.3.fasta	4275	4304	+	30	GATTTAAAGTTTTACAAAAAGCAGAGCTTT	AAAGCUCUGCUUUUUGUAAAACUUUAAAUC	0
NM_006219.3:4276-4305	NM_006219.3	NM_006219.3.fasta	4276	4305	+	30	ATTTAAAGTTTTACAAAAAGCAGAGCTTTT	AAAAGCUCUGCUUUUUGUAAAACUUUAAAU	0
NM_006219.3:4277-4306	NM_006219.3	NM_006219.3.fasta	4277	4306	+	30	TTTAAAGTTTTACAAAAAGCAGAGCTTTTT	AAAAAGCUCUGCUUUUUGUAAAACUUUAAA	0
NM_006219.3:4278-4307	NM_006219.3	NM_006219.3.fasta	4278	4307	+	30	TTAAAGTTTTACAAAAAGCAGAGCTTTTTC	GAAAAAGCUCUGCUUUUUGUAAAACUUUAA	0
NM_006219.3:4279-4308	NM_006219.3	NM_006219.3.fasta	4279	4308	+	30	TAAAGTTTTACAAAAAGCAGAGCTTTTTCC	GGAAAAAGCUCUGCUUUUUGUAAAACUUUA	0
NM_006219.3:4280-4309	NM_006219.3	NM_006219.3.fasta	4280	4309	+	30	AAAGTTTTACAAAAAGCAGAGCTTTTTCCT	AGGAAAAAGCUCUGCUUUUUGUAAAACUUU	0
NM_006219.3:4281-4310	NM_006219.3	NM_006219.3.fasta	4281	4310	+	30	AAGTTTTACAAAAAGCAGAGCTTTTTCCTA	UAGGAAAAAGCUCUGCUUUUUGUAAAACUU	0
NM_006219.3:4282-4311	NM_006219.3	NM_006219.3.fasta	4282	4311	+	30	AGTTTTACAAAAAGCAGAGCTTTTTCCTAA	UUAGGAAAAAGCUCUGCUUUUUGUAAAACU	0
NM_006219.3:4283-4312	NM_006219.3	NM_006219.3.fasta	4283	4312	+	30	GTTTTACAAAAAGCAGAGCTTTTTCCTAAG	CUUAGGAAAAAGCUCUGCUUUUUGUAAAAC	0
NM_006219.3:4284-4313	NM_006219.3	NM_006219.3.fasta	4284	4313	+	30	TTTTACAAAAAGCAGAGCTTTTTCCTAAGT	ACUUAGGAAAAAGCUCUGCUUUUUGUAAAA	0
NM_006219.3:4285-4314	NM_006219.3	NM_006219.3.fasta	4285	4314	+	30	TTTACAAAAAGCAGAGCTTTTTCCTAAGTT	AACUUAGGAAAAAGCUCUGCUUUUUGUAAA	0
NM_006219.3:4286-4315	NM_006219.3	NM_006219.3.fasta	4286	4315	+	30	TTACAAAAAGCAGAGCTTTTTCCTAAGTTA	UAACUUAGGAAAAAGCUCUGCUUUUUGUAA	0
NM_006219.3:4287-4316	NM_006219.3	NM_006219.3.fasta	4287	4316	+	30	TACAAAAAGCAGAGCTTTTTCCTAAGTTAC	GUAACUUAGGAAAAAGCUCUGCUUUUUGUA	0
NM_006219.3:4288-4317	NM_006219.3	NM_006219.3.fasta	4288	4317	+	30	ACAAAAAGCAGAGCTTTTTCCTAAGTTACT	AGUAACUUAGGAAAAAGCUCUGCUUUUUGU	0
NM_006219.3:4289-4318	NM_006219.3	NM_006219.3.fasta	4289	4318	+	30	CAAAAAGCAGAGCTTTTTCCTAAGTTACTT	AAGUAACUUAGGAAAAAGCUCUGCUUUUUG	0
NM_006219.3:4290-4319	NM_006219.3	NM_006219.3.fasta	4290	4319	+	30	AAAAAGCAGAGCTTTTTCCTAAGTTACTTT	AAAGUAACUUAGGAAAAAGCUCUGCUUUUU	0
NM_006219.3:4291-4320	NM_006219.3	NM_006219.3.fasta	4291	4320	+	30	AAAAGCAGAGCTTTTTCCTAAGTTACTTTT	AAAAGUAACUUAGGAAAAAGCUCUGCUUUU	0
NM_006219.3:4292-4321	NM_006219.3	NM_006219.3.fasta	4292	4321	+	30	AAAGCAGAGCTTTTTCCTAAGTTACTTTTC	GAAAAGUAACUUAGGAAAAAGCUCUGCUUU	0
NM_006219.3:4293-4322	NM_006219.3	NM_006219.3.fasta	4293	4322	+	30	AAGCAGAGCTTTTTCCTAAGTTACTTTTCA	UGAAAAGUAACUUAGGAAAAAGCUCUGCUU	0
NM_006219.3:4294-4323	NM_006219.3	NM_006219.3.fasta	4294	4323	+	30	AGCAGAGCTTTTTCCTAAGTTACTTTTCAG	CUGAAAAGUAACUUAGGAAAAAGCUCUGCU	0
NM_006219.3:4295-4324	NM_006219.3	NM_006219.3.fasta	4295	4324	+	30	GCAGAGCTTTTTCCTAAGTTACTTTTCAGT	ACUGAAAAGUAACUUAGGAAAAAGCUCUGC	0
NM_006219.3:4296-4325	NM_006219.3	NM_006219.3.fasta	4296	4325	+	30	CAGAGCTTTTTCCTAAGTTACTTTTCAGTT	AACUGAAAAGUAACUUAGGAAAAAGCUCUG	0
NM_006219.3:4297-4326	NM_006219.3	NM_006219.3.fasta	4297	4326	+	30	AGAGCTTTTTCCTAAGTTACTTTTCAGTTA	UAACUGAAAAGUAACUUAGGAAAAAGCUCU	0
NM_006219.3:4298-4327	NM_006219.3	NM_006219.3.fasta	4298	4327	+	30	GAGCTTTTTCCTAAGTTACTTTTCAGTTAG	CUAACUGAAAAGUAACUUAGGAAAAAGCUC	0
NM_006219.3:4299-4328	NM_006219.3	NM_006219.3.fasta	4299	4328	+	30	AGCTTTTTCCTAAGTTACTTTTCAGTTAGG	CCUAACUGAAAAGUAACUUAGGAAAAAGCU	0
NM_006219.3:4300-4329	NM_006219.3	NM_006219.3.fasta	4300	4329	+	30	GCTTTTTCCTAAGTTACTTTTCAGTTAGGT	ACCUAACUGAAAAGUAACUUAGGAAAAAGC	0
NM_006219.3:4301-4330	NM_006219.3	NM_006219.3.fasta	4301	4330	+	30	CTTTTTCCTAAGTTACTTTTCAGTTAGGTA	UACCUAACUGAAAAGUAACUUAGGAAAAAG	0
NM_006219.3:4302-4331	NM_006219.3	NM_006219.3.fasta	4302	4331	+	30	TTTTTCCTAAGTTACTTTTCAGTTAGGTAA	UUACCUAACUGAAAAGUAACUUAGGAAAAA	0
NM_006219.3:4303-4332	NM_006219.3	NM_006219.3.fasta	4303	4332	+	30	TTTTCCTAAGTTACTTTTCAGTTAGGTAAC	GUUACCUAACUGAAAAGUAACUUAGGAAAA	0
NM_006219.3:4304-4333	NM_006219.3	NM_006219.3.fasta	4304	4333	+	30	TTTCCTAAGTTACTTTTCAGTTAGGTAACT	AGUUACCUAACUGAAAAGUAACUUAGGAAA	0
NM_006219.3:4305-4334	NM_006219.3	NM_006219.3.fasta	4305	4334	+	30	TTCCTAAGTTACTTTTCAGTTAGGTAACTG	CAGUUACCUAACUGAAAAGUAACUUAGGAA	0
NM_006219.3:4306-4335	NM_006219.3	NM_006219.3.fasta	4306	4335	+	30	TCCTAAGTTACTTTTCAGTTAGGTAACTGT	ACAGUUACCUAACUGAAAAGUAACUUAGGA	0
NM_006219.3:4307-4336	NM_006219.3	NM_006219.3.fasta	4307	4336	+	30	CCTAAGTTACTTTTCAGTTAGGTAACTGTG	CACAGUUACCUAACUGAAAAGUAACUUAGG	0
NM_006219.3:4308-4337	NM_006219.3	NM_006219.3.fasta	4308	4337	+	30	CTAAGTTACTTTTCAGTTAGGTAACTGTGT	ACACAGUUACCUAACUGAAAAGUAACUUAG	0
NM_006219.3:4309-4338	NM_006219.3	NM_006219.3.fasta	4309	4338	+	30	TAAGTTACTTTTCAGTTAGGTAACTGTGTG	CACACAGUUACCUAACUGAAAAGUAACUUA	0
NM_006219.3:4310-4339	NM_006219.3	NM_006219.3.fasta	4310	4339	+	30	AAGTTACTTTTCAGTTAGGTAACTGTGTGA	UCACACAGUUACCUAACUGAAAAGUAACUU	0
NM_006219.3:4311-4340	NM_006219.3	NM_006219.3.fasta	4311	4340	+	30	AGTTACTTTTCAGTTAGGTAACTGTGTGAT	AUCACACAGUUACCUAACUGAAAAGUAACU	0
NM_006219.3:4312-4341	NM_006219.3	NM_006219.3.fasta	4312	4341	+	30	GTTACTTTTCAGTTAGGTAACTGTGTGATC	GAUCACACAGUUACCUAACUGAAAAGUAAC	0
NM_006219.3:4313-4342	NM_006219.3	NM_006219.3.fasta	4313	4342	+	30	TTACTTTTCAGTTAGGTAACTGTGTGATCC	GGAUCACACAGUUACCUAACUGAAAAGUAA	0
NM_006219.3:4314-4343	NM_006219.3	NM_006219.3.fasta	4314	4343	+	30	TACTTTTCAGTTAGGTAACTGTGTGATCCA	UGGAUCACACAGUUACCUAACUGAAAAGUA	0
NM_006219.3:4315-4344	NM_006219.3	NM_006219.3.fasta	4315	4344	+	30	ACTTTTCAGTTAGGTAACTGTGTGATCCAG	CUGGAUCACACAGUUACCUAACUGAAAAGU	0
NM_006219.3:4316-4345	NM_006219.3	NM_006219.3.fasta	4316	4345	+	30	CTTTTCAGTTAGGTAACTGTGTGATCCAGT	ACUGGAUCACACAGUUACCUAACUGAAAAG	0
NM_006219.3:4317-4346	NM_006219.3	NM_006219.3.fasta	4317	4346	+	30	TTTTCAGTTAGGTAACTGTGTGATCCAGTT	AACUGGAUCACACAGUUACCUAACUGAAAA	0
NM_006219.3:4318-4347	NM_006219.3	NM_006219.3.fasta	4318	4347	+	30	TTTCAGTTAGGTAACTGTGTGATCCAGTTC	GAACUGGAUCACACAGUUACCUAACUGAAA	0
NM_006219.3:4319-4348	NM_006219.3	NM_006219.3.fasta	4319	4348	+	30	TTCAGTTAGGTAACTGTGTGATCCAGTTCT	AGAACUGGAUCACACAGUUACCUAACUGAA	0
NM_006219.3:4320-4349	NM_006219.3	NM_006219.3.fasta	4320	4349	+	30	TCAGTTAGGTAACTGTGTGATCCAGTTCTT	AAGAACUGGAUCACACAGUUACCUAACUGA	0
NM_006219.3:4321-4350	NM_006219.3	NM_006219.3.fasta	4321	4350	+	30	CAGTTAGGTAACTGTGTGATCCAGTTCTTC	GAAGAACUGGAUCACACAGUUACCUAACUG	0
NM_006219.3:4322-4351	NM_006219.3	NM_006219.3.fasta	4322	4351	+	30	AGTTAGGTAACTGTGTGATCCAGTTCTTCC	GGAAGAACUGGAUCACACAGUUACCUAACU	0
NM_006219.3:4323-4352	NM_006219.3	NM_006219.3.fasta	4323	4352	+	30	GTTAGGTAACTGTGTGATCCAGTTCTTCCA	UGGAAGAACUGGAUCACACAGUUACCUAAC	0
NM_006219.3:4324-4353	NM_006219.3	NM_006219.3.fasta	4324	4353	+	30	TTAGGTAACTGTGTGATCCAGTTCTTCCAG	CUGGAAGAACUGGAUCACACAGUUACCUAA	0
NM_006219.3:4325-4354	NM_006219.3	NM_006219.3.fasta	4325	4354	+	30	TAGGTAACTGTGTGATCCAGTTCTTCCAGC	GCUGGAAGAACUGGAUCACACAGUUACCUA	0
NM_006219.3:4326-4355	NM_006219.3	NM_006219.3.fasta	4326	4355	+	30	AGGTAACTGTGTGATCCAGTTCTTCCAGCT	AGCUGGAAGAACUGGAUCACACAGUUACCU	0
NM_006219.3:4327-4356	NM_006219.3	NM_006219.3.fasta	4327	4356	+	30	GGTAACTGTGTGATCCAGTTCTTCCAGCTG	CAGCUGGAAGAACUGGAUCACACAGUUACC	0
NM_006219.3:4328-4357	NM_006219.3	NM_006219.3.fasta	4328	4357	+	30	GTAACTGTGTGATCCAGTTCTTCCAGCTGC	GCAGCUGGAAGAACUGGAUCACACAGUUAC	0
NM_006219.3:4329-4358	NM_006219.3	NM_006219.3.fasta	4329	4358	+	30	TAACTGTGTGATCCAGTTCTTCCAGCTGCT	AGCAGCUGGAAGAACUGGAUCACACAGUUA	0
NM_006219.3:4330-4359	NM_006219.3	NM_006219.3.fasta	4330	4359	+	30	AACTGTGTGATCCAGTTCTTCCAGCTGCTT	AAGCAGCUGGAAGAACUGGAUCACACAGUU	0
NM_006219.3:4331-4360	NM_006219.3	NM_006219.3.fasta	4331	4360	+	30	ACTGTGTGATCCAGTTCTTCCAGCTGCTTC	GAAGCAGCUGGAAGAACUGGAUCACACAGU	0
NM_006219.3:4332-4361	NM_006219.3	NM_006219.3.fasta	4332	4361	+	30	CTGTGTGATCCAGTTCTTCCAGCTGCTTCT	AGAAGCAGCUGGAAGAACUGGAUCACACAG	0
NM_006219.3:4333-4362	NM_006219.3	NM_006219.3.fasta	4333	4362	+	30	TGTGTGATCCAGTTCTTCCAGCTGCTTCTA	UAGAAGCAGCUGGAAGAACUGGAUCACACA	0
NM_006219.3:4334-4363	NM_006219.3	NM_006219.3.fasta	4334	4363	+	30	GTGTGATCCAGTTCTTCCAGCTGCTTCTAT	AUAGAAGCAGCUGGAAGAACUGGAUCACAC	0
NM_006219.3:4335-4364	NM_006219.3	NM_006219.3.fasta	4335	4364	+	30	TGTGATCCAGTTCTTCCAGCTGCTTCTATA	UAUAGAAGCAGCUGGAAGAACUGGAUCACA	0
NM_006219.3:4336-4365	NM_006219.3	NM_006219.3.fasta	4336	4365	+	30	GTGATCCAGTTCTTCCAGCTGCTTCTATAA	UUAUAGAAGCAGCUGGAAGAACUGGAUCAC	0
NM_006219.3:4337-4366	NM_006219.3	NM_006219.3.fasta	4337	4366	+	30	TGATCCAGTTCTTCCAGCTGCTTCTATAAT	AUUAUAGAAGCAGCUGGAAGAACUGGAUCA	0
NM_006219.3:4338-4367	NM_006219.3	NM_006219.3.fasta	4338	4367	+	30	GATCCAGTTCTTCCAGCTGCTTCTATAATG	CAUUAUAGAAGCAGCUGGAAGAACUGGAUC	0
NM_006219.3:4339-4368	NM_006219.3	NM_006219.3.fasta	4339	4368	+	30	ATCCAGTTCTTCCAGCTGCTTCTATAATGA	UCAUUAUAGAAGCAGCUGGAAGAACUGGAU	0
NM_006219.3:4340-4369	NM_006219.3	NM_006219.3.fasta	4340	4369	+	30	TCCAGTTCTTCCAGCTGCTTCTATAATGAG	CUCAUUAUAGAAGCAGCUGGAAGAACUGGA	0
NM_006219.3:4341-4370	NM_006219.3	NM_006219.3.fasta	4341	4370	+	30	CCAGTTCTTCCAGCTGCTTCTATAATGAGG	CCUCAUUAUAGAAGCAGCUGGAAGAACUGG	0
NM_006219.3:4342-4371	NM_006219.3	NM_006219.3.fasta	4342	4371	+	30	CAGTTCTTCCAGCTGCTTCTATAATGAGGC	GCCUCAUUAUAGAAGCAGCUGGAAGAACUG	0
NM_006219.3:4343-4372	NM_006219.3	NM_006219.3.fasta	4343	4372	+	30	AGTTCTTCCAGCTGCTTCTATAATGAGGCA	UGCCUCAUUAUAGAAGCAGCUGGAAGAACU	0
NM_006219.3:4344-4373	NM_006219.3	NM_006219.3.fasta	4344	4373	+	30	GTTCTTCCAGCTGCTTCTATAATGAGGCAC	GUGCCUCAUUAUAGAAGCAGCUGGAAGAAC	0
NM_006219.3:4345-4374	NM_006219.3	NM_006219.3.fasta	4345	4374	+	30	TTCTTCCAGCTGCTTCTATAATGAGGCACA	UGUGCCUCAUUAUAGAAGCAGCUGGAAGAA	0
NM_006219.3:4346-4375	NM_006219.3	NM_006219.3.fasta	4346	4375	+	30	TCTTCCAGCTGCTTCTATAATGAGGCACAT	AUGUGCCUCAUUAUAGAAGCAGCUGGAAGA	0
NM_006219.3:4347-4376	NM_006219.3	NM_006219.3.fasta	4347	4376	+	30	CTTCCAGCTGCTTCTATAATGAGGCACATA	UAUGUGCCUCAUUAUAGAAGCAGCUGGAAG	0
NM_006219.3:4348-4377	NM_006219.3	NM_006219.3.fasta	4348	4377	+	30	TTCCAGCTGCTTCTATAATGAGGCACATAT	AUAUGUGCCUCAUUAUAGAAGCAGCUGGAA	0
NM_006219.3:4349-4378	NM_006219.3	NM_006219.3.fasta	4349	4378	+	30	TCCAGCTGCTTCTATAATGAGGCACATATT	AAUAUGUGCCUCAUUAUAGAAGCAGCUGGA	0
NM_006219.3:4350-4379	NM_006219.3	NM_006219.3.fasta	4350	4379	+	30	CCAGCTGCTTCTATAATGAGGCACATATTA	UAAUAUGUGCCUCAUUAUAGAAGCAGCUGG	0
NM_006219.3:4351-4380	NM_006219.3	NM_006219.3.fasta	4351	4380	+	30	CAGCTGCTTCTATAATGAGGCACATATTAA	UUAAUAUGUGCCUCAUUAUAGAAGCAGCUG	0
NM_006219.3:4352-4381	NM_006219.3	NM_006219.3.fasta	4352	4381	+	30	AGCTGCTTCTATAATGAGGCACATATTAAT	AUUAAUAUGUGCCUCAUUAUAGAAGCAGCU	0
NM_006219.3:4353-4382	NM_006219.3	NM_006219.3.fasta	4353	4382	+	30	GCTGCTTCTATAATGAGGCACATATTAATA	UAUUAAUAUGUGCCUCAUUAUAGAAGCAGC	0
NM_006219.3:4354-4383	NM_006219.3	NM_006219.3.fasta	4354	4383	+	30	CTGCTTCTATAATGAGGCACATATTAATAC	GUAUUAAUAUGUGCCUCAUUAUAGAAGCAG	0
NM_006219.3:4355-4384	NM_006219.3	NM_006219.3.fasta	4355	4384	+	30	TGCTTCTATAATGAGGCACATATTAATACA	UGUAUUAAUAUGUGCCUCAUUAUAGAAGCA	0
NM_006219.3:4356-4385	NM_006219.3	NM_006219.3.fasta	4356	4385	+	30	GCTTCTATAATGAGGCACATATTAATACAG	CUGUAUUAAUAUGUGCCUCAUUAUAGAAGC	0
NM_006219.3:4357-4386	NM_006219.3	NM_006219.3.fasta	4357	4386	+	30	CTTCTATAATGAGGCACATATTAATACAGT	ACUGUAUUAAUAUGUGCCUCAUUAUAGAAG	0
NM_006219.3:4358-4387	NM_006219.3	NM_006219.3.fasta	4358	4387	+	30	TTCTATAATGAGGCACATATTAATACAGTT	AACUGUAUUAAUAUGUGCCUCAUUAUAGAA	0
NM_006219.3:4359-4388	NM_006219.3	NM_006219.3.fasta	4359	4388	+	30	TCTATAATGAGGCACATATTAATACAGTTT	AAACUGUAUUAAUAUGUGCCUCAUUAUAGA	0
NM_006219.3:4360-4389	NM_006219.3	NM_006219.3.fasta	4360	4389	+	30	CTATAATGAGGCACATATTAATACAGTTTT	AAAACUGUAUUAAUAUGUGCCUCAUUAUAG	0
NM_006219.3:4361-4390	NM_006219.3	NM_006219.3.fasta	4361	4390	+	30	TATAATGAGGCACATATTAATACAGTTTTT	AAAAACUGUAUUAAUAUGUGCCUCAUUAUA	0
NM_006219.3:4362-4391	NM_006219.3	NM_006219.3.fasta	4362	4391	+	30	ATAATGAGGCACATATTAATACAGTTTTTA	UAAAAACUGUAUUAAUAUGUGCCUCAUUAU	0
NM_006219.3:4363-4392	NM_006219.3	NM_006219.3.fasta	4363	4392	+	30	TAATGAGGCACATATTAATACAGTTTTTAT	AUAAAAACUGUAUUAAUAUGUGCCUCAUUA	0
NM_006219.3:4364-4393	NM_006219.3	NM_006219.3.fasta	4364	4393	+	30	AATGAGGCACATATTAATACAGTTTTTATA	UAUAAAAACUGUAUUAAUAUGUGCCUCAUU	0
NM_006219.3:4365-4394	NM_006219.3	NM_006219.3.fasta	4365	4394	+	30	ATGAGGCACATATTAATACAGTTTTTATAT	AUAUAAAAACUGUAUUAAUAUGUGCCUCAU	0
NM_006219.3:4366-4395	NM_006219.3	NM_006219.3.fasta	4366	4395	+	30	TGAGGCACATATTAATACAGTTTTTATATG	CAUAUAAAAACUGUAUUAAUAUGUGCCUCA	0
NM_006219.3:4367-4396	NM_006219.3	NM_006219.3.fasta	4367	4396	+	30	GAGGCACATATTAATACAGTTTTTATATGG	CCAUAUAAAAACUGUAUUAAUAUGUGCCUC	0
NM_006219.3:4368-4397	NM_006219.3	NM_006219.3.fasta	4368	4397	+	30	AGGCACATATTAATACAGTTTTTATATGGT	ACCAUAUAAAAACUGUAUUAAUAUGUGCCU	0
NM_006219.3:4369-4398	NM_006219.3	NM_006219.3.fasta	4369	4398	+	30	GGCACATATTAATACAGTTTTTATATGGTA	UACCAUAUAAAAACUGUAUUAAUAUGUGCC	0
NM_006219.3:4370-4399	NM_006219.3	NM_006219.3.fasta	4370	4399	+	30	GCACATATTAATACAGTTTTTATATGGTAT	AUACCAUAUAAAAACUGUAUUAAUAUGUGC	0
NM_006219.3:4371-4400	NM_006219.3	NM_006219.3.fasta	4371	4400	+	30	CACATATTAATACAGTTTTTATATGGTATC	GAUACCAUAUAAAAACUGUAUUAAUAUGUG	0
NM_006219.3:4372-4401	NM_006219.3	NM_006219.3.fasta	4372	4401	+	30	ACATATTAATACAGTTTTTATATGGTATCT	AGAUACCAUAUAAAAACUGUAUUAAUAUGU	0
NM_006219.3:4373-4402	NM_006219.3	NM_006219.3.fasta	4373	4402	+	30	CATATTAATACAGTTTTTATATGGTATCTA	UAGAUACCAUAUAAAAACUGUAUUAAUAUG	0
NM_006219.3:4374-4403	NM_006219.3	NM_006219.3.fasta	4374	4403	+	30	ATATTAATACAGTTTTTATATGGTATCTAT	AUAGAUACCAUAUAAAAACUGUAUUAAUAU	0
NM_006219.3:4375-4404	NM_006219.3	NM_006219.3.fasta	4375	4404	+	30	TATTAATACAGTTTTTATATGGTATCTATG	CAUAGAUACCAUAUAAAAACUGUAUUAAUA	0
NM_006219.3:4376-4405	NM_006219.3	NM_006219.3.fasta	4376	4405	+	30	ATTAATACAGTTTTTATATGGTATCTATGA	UCAUAGAUACCAUAUAAAAACUGUAUUAAU	0
NM_006219.3:4377-4406	NM_006219.3	NM_006219.3.fasta	4377	4406	+	30	TTAATACAGTTTTTATATGGTATCTATGAA	UUCAUAGAUACCAUAUAAAAACUGUAUUAA	0
NM_006219.3:4378-4407	NM_006219.3	NM_006219.3.fasta	4378	4407	+	30	TAATACAGTTTTTATATGGTATCTATGAAA	UUUCAUAGAUACCAUAUAAAAACUGUAUUA	0
NM_006219.3:4379-4408	NM_006219.3	NM_006219.3.fasta	4379	4408	+	30	AATACAGTTTTTATATGGTATCTATGAAAG	CUUUCAUAGAUACCAUAUAAAAACUGUAUU	0
NM_006219.3:4380-4409	NM_006219.3	NM_006219.3.fasta	4380	4409	+	30	ATACAGTTTTTATATGGTATCTATGAAAGA	UCUUUCAUAGAUACCAUAUAAAAACUGUAU	0
NM_006219.3:4381-4410	NM_006219.3	NM_006219.3.fasta	4381	4410	+	30	TACAGTTTTTATATGGTATCTATGAAAGAG	CUCUUUCAUAGAUACCAUAUAAAAACUGUA	0
NM_006219.3:4382-4411	NM_006219.3	NM_006219.3.fasta	4382	4411	+	30	ACAGTTTTTATATGGTATCTATGAAAGAGT	ACUCUUUCAUAGAUACCAUAUAAAAACUGU	0
NM_006219.3:4383-4412	NM_006219.3	NM_006219.3.fasta	4383	4412	+	30	CAGTTTTTATATGGTATCTATGAAAGAGTT	AACUCUUUCAUAGAUACCAUAUAAAAACUG	0
NM_006219.3:4384-4413	NM_006219.3	NM_006219.3.fasta	4384	4413	+	30	AGTTTTTATATGGTATCTATGAAAGAGTTC	GAACUCUUUCAUAGAUACCAUAUAAAAACU	0
NM_006219.3:4385-4414	NM_006219.3	NM_006219.3.fasta	4385	4414	+	30	GTTTTTATATGGTATCTATGAAAGAGTTCA	UGAACUCUUUCAUAGAUACCAUAUAAAAAC	0
NM_006219.3:4386-4415	NM_006219.3	NM_006219.3.fasta	4386	4415	+	30	TTTTTATATGGTATCTATGAAAGAGTTCAC	GUGAACUCUUUCAUAGAUACCAUAUAAAAA	0
NM_006219.3:4387-4416	NM_006219.3	NM_006219.3.fasta	4387	4416	+	30	TTTTATATGGTATCTATGAAAGAGTTCACT	AGUGAACUCUUUCAUAGAUACCAUAUAAAA	0
NM_006219.3:4388-4417	NM_006219.3	NM_006219.3.fasta	4388	4417	+	30	TTTATATGGTATCTATGAAAGAGTTCACTT	AAGUGAACUCUUUCAUAGAUACCAUAUAAA	0
NM_006219.3:4389-4418	NM_006219.3	NM_006219.3.fasta	4389	4418	+	30	TTATATGGTATCTATGAAAGAGTTCACTTC	GAAGUGAACUCUUUCAUAGAUACCAUAUAA	0
NM_006219.3:4390-4419	NM_006219.3	NM_006219.3.fasta	4390	4419	+	30	TATATGGTATCTATGAAAGAGTTCACTTCA	UGAAGUGAACUCUUUCAUAGAUACCAUAUA	0
NM_006219.3:4391-4420	NM_006219.3	NM_006219.3.fasta	4391	4420	+	30	ATATGGTATCTATGAAAGAGTTCACTTCAT	AUGAAGUGAACUCUUUCAUAGAUACCAUAU	0
NM_006219.3:4392-4421	NM_006219.3	NM_006219.3.fasta	4392	4421	+	30	TATGGTATCTATGAAAGAGTTCACTTCATA	UAUGAAGUGAACUCUUUCAUAGAUACCAUA	0
NM_006219.3:4393-4422	NM_006219.3	NM_006219.3.fasta	4393	4422	+	30	ATGGTATCTATGAAAGAGTTCACTTCATAG	CUAUGAAGUGAACUCUUUCAUAGAUACCAU	0
NM_006219.3:4394-4423	NM_006219.3	NM_006219.3.fasta	4394	4423	+	30	TGGTATCTATGAAAGAGTTCACTTCATAGA	UCUAUGAAGUGAACUCUUUCAUAGAUACCA	0
NM_006219.3:4395-4424	NM_006219.3	NM_006219.3.fasta	4395	4424	+	30	GGTATCTATGAAAGAGTTCACTTCATAGAG	CUCUAUGAAGUGAACUCUUUCAUAGAUACC	0
NM_006219.3:4396-4425	NM_006219.3	NM_006219.3.fasta	4396	4425	+	30	GTATCTATGAAAGAGTTCACTTCATAGAGA	UCUCUAUGAAGUGAACUCUUUCAUAGAUAC	0
NM_006219.3:4397-4426	NM_006219.3	NM_006219.3.fasta	4397	4426	+	30	TATCTATGAAAGAGTTCACTTCATAGAGAA	UUCUCUAUGAAGUGAACUCUUUCAUAGAUA	0
NM_006219.3:4398-4427	NM_006219.3	NM_006219.3.fasta	4398	4427	+	30	ATCTATGAAAGAGTTCACTTCATAGAGAAT	AUUCUCUAUGAAGUGAACUCUUUCAUAGAU	0
NM_006219.3:4399-4428	NM_006219.3	NM_006219.3.fasta	4399	4428	+	30	TCTATGAAAGAGTTCACTTCATAGAGAATA	UAUUCUCUAUGAAGUGAACUCUUUCAUAGA	0
NM_006219.3:4400-4429	NM_006219.3	NM_006219.3.fasta	4400	4429	+	30	CTATGAAAGAGTTCACTTCATAGAGAATAA	UUAUUCUCUAUGAAGUGAACUCUUUCAUAG	0
NM_006219.3:4401-4430	NM_006219.3	NM_006219.3.fasta	4401	4430	+	30	TATGAAAGAGTTCACTTCATAGAGAATAAT	AUUAUUCUCUAUGAAGUGAACUCUUUCAUA	0
NM_006219.3:4402-4431	NM_006219.3	NM_006219.3.fasta	4402	4431	+	30	ATGAAAGAGTTCACTTCATAGAGAATAATA	UAUUAUUCUCUAUGAAGUGAACUCUUUCAU	0
NM_006219.3:4403-4432	NM_006219.3	NM_006219.3.fasta	4403	4432	+	30	TGAAAGAGTTCACTTCATAGAGAATAATAC	GUAUUAUUCUCUAUGAAGUGAACUCUUUCA	0
NM_006219.3:4404-4433	NM_006219.3	NM_006219.3.fasta	4404	4433	+	30	GAAAGAGTTCACTTCATAGAGAATAATACT	AGUAUUAUUCUCUAUGAAGUGAACUCUUUC	0
NM_006219.3:4405-4434	NM_006219.3	NM_006219.3.fasta	4405	4434	+	30	AAAGAGTTCACTTCATAGAGAATAATACTT	AAGUAUUAUUCUCUAUGAAGUGAACUCUUU	0
NM_006219.3:4406-4435	NM_006219.3	NM_006219.3.fasta	4406	4435	+	30	AAGAGTTCACTTCATAGAGAATAATACTTG	CAAGUAUUAUUCUCUAUGAAGUGAACUCUU	0
NM_006219.3:4407-4436	NM_006219.3	NM_006219.3.fasta	4407	4436	+	30	AGAGTTCACTTCATAGAGAATAATACTTGA	UCAAGUAUUAUUCUCUAUGAAGUGAACUCU	0
NM_006219.3:4408-4437	NM_006219.3	NM_006219.3.fasta	4408	4437	+	30	GAGTTCACTTCATAGAGAATAATACTTGAG	CUCAAGUAUUAUUCUCUAUGAAGUGAACUC	0
NM_006219.3:4409-4438	NM_006219.3	NM_006219.3.fasta	4409	4438	+	30	AGTTCACTTCATAGAGAATAATACTTGAGC	GCUCAAGUAUUAUUCUCUAUGAAGUGAACU	0
NM_006219.3:4410-4439	NM_006219.3	NM_006219.3.fasta	4410	4439	+	30	GTTCACTTCATAGAGAATAATACTTGAGCA	UGCUCAAGUAUUAUUCUCUAUGAAGUGAAC	0
NM_006219.3:4411-4440	NM_006219.3	NM_006219.3.fasta	4411	4440	+	30	TTCACTTCATAGAGAATAATACTTGAGCAA	UUGCUCAAGUAUUAUUCUCUAUGAAGUGAA	0
NM_006219.3:4412-4441	NM_006219.3	NM_006219.3.fasta	4412	4441	+	30	TCACTTCATAGAGAATAATACTTGAGCAAA	UUUGCUCAAGUAUUAUUCUCUAUGAAGUGA	0
NM_006219.3:4413-4442	NM_006219.3	NM_006219.3.fasta	4413	4442	+	30	CACTTCATAGAGAATAATACTTGAGCAAAT	AUUUGCUCAAGUAUUAUUCUCUAUGAAGUG	0
NM_006219.3:4414-4443	NM_006219.3	NM_006219.3.fasta	4414	4443	+	30	ACTTCATAGAGAATAATACTTGAGCAAATG	CAUUUGCUCAAGUAUUAUUCUCUAUGAAGU	0
NM_006219.3:4415-4444	NM_006219.3	NM_006219.3.fasta	4415	4444	+	30	CTTCATAGAGAATAATACTTGAGCAAATGT	ACAUUUGCUCAAGUAUUAUUCUCUAUGAAG	0
NM_006219.3:4416-4445	NM_006219.3	NM_006219.3.fasta	4416	4445	+	30	TTCATAGAGAATAATACTTGAGCAAATGTA	UACAUUUGCUCAAGUAUUAUUCUCUAUGAA	0
NM_006219.3:4417-4446	NM_006219.3	NM_006219.3.fasta	4417	4446	+	30	TCATAGAGAATAATACTTGAGCAAATGTAT	AUACAUUUGCUCAAGUAUUAUUCUCUAUGA	0
NM_006219.3:4418-4447	NM_006219.3	NM_006219.3.fasta	4418	4447	+	30	CATAGAGAATAATACTTGAGCAAATGTATC	GAUACAUUUGCUCAAGUAUUAUUCUCUAUG	0
NM_006219.3:4419-4448	NM_006219.3	NM_006219.3.fasta	4419	4448	+	30	ATAGAGAATAATACTTGAGCAAATGTATCC	GGAUACAUUUGCUCAAGUAUUAUUCUCUAU	0
NM_006219.3:4420-4449	NM_006219.3	NM_006219.3.fasta	4420	4449	+	30	TAGAGAATAATACTTGAGCAAATGTATCCA	UGGAUACAUUUGCUCAAGUAUUAUUCUCUA	0
NM_006219.3:4421-4450	NM_006219.3	NM_006219.3.fasta	4421	4450	+	30	AGAGAATAATACTTGAGCAAATGTATCCAA	UUGGAUACAUUUGCUCAAGUAUUAUUCUCU	0
NM_006219.3:4422-4451	NM_006219.3	NM_006219.3.fasta	4422	4451	+	30	GAGAATAATACTTGAGCAAATGTATCCAAG	CUUGGAUACAUUUGCUCAAGUAUUAUUCUC	0
NM_006219.3:4423-4452	NM_006219.3	NM_006219.3.fasta	4423	4452	+	30	AGAATAATACTTGAGCAAATGTATCCAAGA	UCUUGGAUACAUUUGCUCAAGUAUUAUUCU	0
NM_006219.3:4424-4453	NM_006219.3	NM_006219.3.fasta	4424	4453	+	30	GAATAATACTTGAGCAAATGTATCCAAGAA	UUCUUGGAUACAUUUGCUCAAGUAUUAUUC	0
NM_006219.3:4425-4454	NM_006219.3	NM_006219.3.fasta	4425	4454	+	30	AATAATACTTGAGCAAATGTATCCAAGAAA	UUUCUUGGAUACAUUUGCUCAAGUAUUAUU	0
NM_006219.3:4426-4455	NM_006219.3	NM_006219.3.fasta	4426	4455	+	30	ATAATACTTGAGCAAATGTATCCAAGAAAG	CUUUCUUGGAUACAUUUGCUCAAGUAUUAU	0
NM_006219.3:4427-4456	NM_006219.3	NM_006219.3.fasta	4427	4456	+	30	TAATACTTGAGCAAATGTATCCAAGAAAGC	GCUUUCUUGGAUACAUUUGCUCAAGUAUUA	0
NM_006219.3:4428-4457	NM_006219.3	NM_006219.3.fasta	4428	4457	+	30	AATACTTGAGCAAATGTATCCAAGAAAGCA	UGCUUUCUUGGAUACAUUUGCUCAAGUAUU	0
NM_006219.3:4429-4458	NM_006219.3	NM_006219.3.fasta	4429	4458	+	30	ATACTTGAGCAAATGTATCCAAGAAAGCAA	UUGCUUUCUUGGAUACAUUUGCUCAAGUAU	0
NM_006219.3:4430-4459	NM_006219.3	NM_006219.3.fasta	4430	4459	+	30	TACTTGAGCAAATGTATCCAAGAAAGCAAG	CUUGCUUUCUUGGAUACAUUUGCUCAAGUA	0
NM_006219.3:4431-4460	NM_006219.3	NM_006219.3.fasta	4431	4460	+	30	ACTTGAGCAAATGTATCCAAGAAAGCAAGC	GCUUGCUUUCUUGGAUACAUUUGCUCAAGU	0
NM_006219.3:4432-4461	NM_006219.3	NM_006219.3.fasta	4432	4461	+	30	CTTGAGCAAATGTATCCAAGAAAGCAAGCA	UGCUUGCUUUCUUGGAUACAUUUGCUCAAG	0
NM_006219.3:4433-4462	NM_006219.3	NM_006219.3.fasta	4433	4462	+	30	TTGAGCAAATGTATCCAAGAAAGCAAGCAA	UUGCUUGCUUUCUUGGAUACAUUUGCUCAA	0
NM_006219.3:4434-4463	NM_006219.3	NM_006219.3.fasta	4434	4463	+	30	TGAGCAAATGTATCCAAGAAAGCAAGCAAA	UUUGCUUGCUUUCUUGGAUACAUUUGCUCA	0
NM_006219.3:4435-4464	NM_006219.3	NM_006219.3.fasta	4435	4464	+	30	GAGCAAATGTATCCAAGAAAGCAAGCAAAT	AUUUGCUUGCUUUCUUGGAUACAUUUGCUC	0
NM_006219.3:4436-4465	NM_006219.3	NM_006219.3.fasta	4436	4465	+	30	AGCAAATGTATCCAAGAAAGCAAGCAAATG	CAUUUGCUUGCUUUCUUGGAUACAUUUGCU	0
NM_006219.3:4437-4466	NM_006219.3	NM_006219.3.fasta	4437	4466	+	30	GCAAATGTATCCAAGAAAGCAAGCAAATGA	UCAUUUGCUUGCUUUCUUGGAUACAUUUGC	0
NM_006219.3:4438-4467	NM_006219.3	NM_006219.3.fasta	4438	4467	+	30	CAAATGTATCCAAGAAAGCAAGCAAATGAA	UUCAUUUGCUUGCUUUCUUGGAUACAUUUG	0
NM_006219.3:4439-4468	NM_006219.3	NM_006219.3.fasta	4439	4468	+	30	AAATGTATCCAAGAAAGCAAGCAAATGAAA	UUUCAUUUGCUUGCUUUCUUGGAUACAUUU	0
NM_006219.3:4440-4469	NM_006219.3	NM_006219.3.fasta	4440	4469	+	30	AATGTATCCAAGAAAGCAAGCAAATGAAAA	UUUUCAUUUGCUUGCUUUCUUGGAUACAUU	0
NM_006219.3:4441-4470	NM_006219.3	NM_006219.3.fasta	4441	4470	+	30	ATGTATCCAAGAAAGCAAGCAAATGAAAAG	CUUUUCAUUUGCUUGCUUUCUUGGAUACAU	0
NM_006219.3:4442-4471	NM_006219.3	NM_006219.3.fasta	4442	4471	+	30	TGTATCCAAGAAAGCAAGCAAATGAAAAGA	UCUUUUCAUUUGCUUGCUUUCUUGGAUACA	0
NM_006219.3:4443-4472	NM_006219.3	NM_006219.3.fasta	4443	4472	+	30	GTATCCAAGAAAGCAAGCAAATGAAAAGAA	UUCUUUUCAUUUGCUUGCUUUCUUGGAUAC	0
NM_006219.3:4444-4473	NM_006219.3	NM_006219.3.fasta	4444	4473	+	30	TATCCAAGAAAGCAAGCAAATGAAAAGAAA	UUUCUUUUCAUUUGCUUGCUUUCUUGGAUA	0
NM_006219.3:4445-4474	NM_006219.3	NM_006219.3.fasta	4445	4474	+	30	ATCCAAGAAAGCAAGCAAATGAAAAGAAAC	GUUUCUUUUCAUUUGCUUGCUUUCUUGGAU	0
NM_006219.3:4446-4475	NM_006219.3	NM_006219.3.fasta	4446	4475	+	30	TCCAAGAAAGCAAGCAAATGAAAAGAAACC	GGUUUCUUUUCAUUUGCUUGCUUUCUUGGA	0
NM_006219.3:4447-4476	NM_006219.3	NM_006219.3.fasta	4447	4476	+	30	CCAAGAAAGCAAGCAAATGAAAAGAAACCT	AGGUUUCUUUUCAUUUGCUUGCUUUCUUGG	0
NM_006219.3:4448-4477	NM_006219.3	NM_006219.3.fasta	4448	4477	+	30	CAAGAAAGCAAGCAAATGAAAAGAAACCTA	UAGGUUUCUUUUCAUUUGCUUGCUUUCUUG	0
NM_006219.3:4449-4478	NM_006219.3	NM_006219.3.fasta	4449	4478	+	30	AAGAAAGCAAGCAAATGAAAAGAAACCTAT	AUAGGUUUCUUUUCAUUUGCUUGCUUUCUU	0
NM_006219.3:4450-4479	NM_006219.3	NM_006219.3.fasta	4450	4479	+	30	AGAAAGCAAGCAAATGAAAAGAAACCTATT	AAUAGGUUUCUUUUCAUUUGCUUGCUUUCU	0
NM_006219.3:4451-4480	NM_006219.3	NM_006219.3.fasta	4451	4480	+	30	GAAAGCAAGCAAATGAAAAGAAACCTATTT	AAAUAGGUUUCUUUUCAUUUGCUUGCUUUC	0
NM_006219.3:4452-4481	NM_006219.3	NM_006219.3.fasta	4452	4481	+	30	AAAGCAAGCAAATGAAAAGAAACCTATTTA	UAAAUAGGUUUCUUUUCAUUUGCUUGCUUU	0
NM_006219.3:4453-4482	NM_006219.3	NM_006219.3.fasta	4453	4482	+	30	AAGCAAGCAAATGAAAAGAAACCTATTTAT	AUAAAUAGGUUUCUUUUCAUUUGCUUGCUU	0
NM_006219.3:4454-4483	NM_006219.3	NM_006219.3.fasta	4454	4483	+	30	AGCAAGCAAATGAAAAGAAACCTATTTATG	CAUAAAUAGGUUUCUUUUCAUUUGCUUGCU	0
NM_006219.3:4455-4484	NM_006219.3	NM_006219.3.fasta	4455	4484	+	30	GCAAGCAAATGAAAAGAAACCTATTTATGG	CCAUAAAUAGGUUUCUUUUCAUUUGCUUGC	0
NM_006219.3:4456-4485	NM_006219.3	NM_006219.3.fasta	4456	4485	+	30	CAAGCAAATGAAAAGAAACCTATTTATGGA	UCCAUAAAUAGGUUUCUUUUCAUUUGCUUG	0
NM_006219.3:4457-4486	NM_006219.3	NM_006219.3.fasta	4457	4486	+	30	AAGCAAATGAAAAGAAACCTATTTATGGAA	UUCCAUAAAUAGGUUUCUUUUCAUUUGCUU	0
NM_006219.3:4458-4487	NM_006219.3	NM_006219.3.fasta	4458	4487	+	30	AGCAAATGAAAAGAAACCTATTTATGGAAT	AUUCCAUAAAUAGGUUUCUUUUCAUUUGCU	0
NM_006219.3:4459-4488	NM_006219.3	NM_006219.3.fasta	4459	4488	+	30	GCAAATGAAAAGAAACCTATTTATGGAATA	UAUUCCAUAAAUAGGUUUCUUUUCAUUUGC	0
NM_006219.3:4460-4489	NM_006219.3	NM_006219.3.fasta	4460	4489	+	30	CAAATGAAAAGAAACCTATTTATGGAATAA	UUAUUCCAUAAAUAGGUUUCUUUUCAUUUG	0
NM_006219.3:4461-4490	NM_006219.3	NM_006219.3.fasta	4461	4490	+	30	AAATGAAAAGAAACCTATTTATGGAATAAA	UUUAUUCCAUAAAUAGGUUUCUUUUCAUUU	0
NM_006219.3:4462-4491	NM_006219.3	NM_006219.3.fasta	4462	4491	+	30	AATGAAAAGAAACCTATTTATGGAATAAAC	GUUUAUUCCAUAAAUAGGUUUCUUUUCAUU	0
NM_006219.3:4463-4492	NM_006219.3	NM_006219.3.fasta	4463	4492	+	30	ATGAAAAGAAACCTATTTATGGAATAAACT	AGUUUAUUCCAUAAAUAGGUUUCUUUUCAU	0
NM_006219.3:4464-4493	NM_006219.3	NM_006219.3.fasta	4464	4493	+	30	TGAAAAGAAACCTATTTATGGAATAAACTC	GAGUUUAUUCCAUAAAUAGGUUUCUUUUCA	0
NM_006219.3:4465-4494	NM_006219.3	NM_006219.3.fasta	4465	4494	+	30	GAAAAGAAACCTATTTATGGAATAAACTCC	GGAGUUUAUUCCAUAAAUAGGUUUCUUUUC	0
NM_006219.3:4466-4495	NM_006219.3	NM_006219.3.fasta	4466	4495	+	30	AAAAGAAACCTATTTATGGAATAAACTCCA	UGGAGUUUAUUCCAUAAAUAGGUUUCUUUU	0
NM_006219.3:4467-4496	NM_006219.3	NM_006219.3.fasta	4467	4496	+	30	AAAGAAACCTATTTATGGAATAAACTCCAG	CUGGAGUUUAUUCCAUAAAUAGGUUUCUUU	0
NM_006219.3:4468-4497	NM_006219.3	NM_006219.3.fasta	4468	4497	+	30	AAGAAACCTATTTATGGAATAAACTCCAGA	UCUGGAGUUUAUUCCAUAAAUAGGUUUCUU	0
NM_006219.3:4469-4498	NM_006219.3	NM_006219.3.fasta	4469	4498	+	30	AGAAACCTATTTATGGAATAAACTCCAGAT	AUCUGGAGUUUAUUCCAUAAAUAGGUUUCU	0
NM_006219.3:4470-4499	NM_006219.3	NM_006219.3.fasta	4470	4499	+	30	GAAACCTATTTATGGAATAAACTCCAGATC	GAUCUGGAGUUUAUUCCAUAAAUAGGUUUC	0
NM_006219.3:4471-4500	NM_006219.3	NM_006219.3.fasta	4471	4500	+	30	AAACCTATTTATGGAATAAACTCCAGATCT	AGAUCUGGAGUUUAUUCCAUAAAUAGGUUU	0
NM_006219.3:4472-4501	NM_006219.3	NM_006219.3.fasta	4472	4501	+	30	AACCTATTTATGGAATAAACTCCAGATCTG	CAGAUCUGGAGUUUAUUCCAUAAAUAGGUU	0
NM_006219.3:4473-4502	NM_006219.3	NM_006219.3.fasta	4473	4502	+	30	ACCTATTTATGGAATAAACTCCAGATCTGA	UCAGAUCUGGAGUUUAUUCCAUAAAUAGGU	0
NM_006219.3:4474-4503	NM_006219.3	NM_006219.3.fasta	4474	4503	+	30	CCTATTTATGGAATAAACTCCAGATCTGAA	UUCAGAUCUGGAGUUUAUUCCAUAAAUAGG	0
NM_006219.3:4475-4504	NM_006219.3	NM_006219.3.fasta	4475	4504	+	30	CTATTTATGGAATAAACTCCAGATCTGAAA	UUUCAGAUCUGGAGUUUAUUCCAUAAAUAG	0
NM_006219.3:4476-4505	NM_006219.3	NM_006219.3.fasta	4476	4505	+	30	TATTTATGGAATAAACTCCAGATCTGAAAT	AUUUCAGAUCUGGAGUUUAUUCCAUAAAUA	0
NM_006219.3:4477-4506	NM_006219.3	NM_006219.3.fasta	4477	4506	+	30	ATTTATGGAATAAACTCCAGATCTGAAATT	AAUUUCAGAUCUGGAGUUUAUUCCAUAAAU	0
NM_006219.3:4478-4507	NM_006219.3	NM_006219.3.fasta	4478	4507	+	30	TTTATGGAATAAACTCCAGATCTGAAATTC	GAAUUUCAGAUCUGGAGUUUAUUCCAUAAA	0
NM_006219.3:4479-4508	NM_006219.3	NM_006219.3.fasta	4479	4508	+	30	TTATGGAATAAACTCCAGATCTGAAATTCA	UGAAUUUCAGAUCUGGAGUUUAUUCCAUAA	0
NM_006219.3:4480-4509	NM_006219.3	NM_006219.3.fasta	4480	4509	+	30	TATGGAATAAACTCCAGATCTGAAATTCAG	CUGAAUUUCAGAUCUGGAGUUUAUUCCAUA	0
NM_006219.3:4481-4510	NM_006219.3	NM_006219.3.fasta	4481	4510	+	30	ATGGAATAAACTCCAGATCTGAAATTCAGT	ACUGAAUUUCAGAUCUGGAGUUUAUUCCAU	0
NM_006219.3:4482-4511	NM_006219.3	NM_006219.3.fasta	4482	4511	+	30	TGGAATAAACTCCAGATCTGAAATTCAGTA	UACUGAAUUUCAGAUCUGGAGUUUAUUCCA	0
NM_006219.3:4483-4512	NM_006219.3	NM_006219.3.fasta	4483	4512	+	30	GGAATAAACTCCAGATCTGAAATTCAGTAT	AUACUGAAUUUCAGAUCUGGAGUUUAUUCC	0
NM_006219.3:4484-4513	NM_006219.3	NM_006219.3.fasta	4484	4513	+	30	GAATAAACTCCAGATCTGAAATTCAGTATT	AAUACUGAAUUUCAGAUCUGGAGUUUAUUC	0
NM_006219.3:4485-4514	NM_006219.3	NM_006219.3.fasta	4485	4514	+	30	AATAAACTCCAGATCTGAAATTCAGTATTT	AAAUACUGAAUUUCAGAUCUGGAGUUUAUU	0
NM_006219.3:4486-4515	NM_006219.3	NM_006219.3.fasta	4486	4515	+	30	ATAAACTCCAGATCTGAAATTCAGTATTTT	AAAAUACUGAAUUUCAGAUCUGGAGUUUAU	0
NM_006219.3:4487-4516	NM_006219.3	NM_006219.3.fasta	4487	4516	+	30	TAAACTCCAGATCTGAAATTCAGTATTTTA	UAAAAUACUGAAUUUCAGAUCUGGAGUUUA	0
NM_006219.3:4488-4517	NM_006219.3	NM_006219.3.fasta	4488	4517	+	30	AAACTCCAGATCTGAAATTCAGTATTTTAG	CUAAAAUACUGAAUUUCAGAUCUGGAGUUU	0
NM_006219.3:4489-4518	NM_006219.3	NM_006219.3.fasta	4489	4518	+	30	AACTCCAGATCTGAAATTCAGTATTTTAGA	UCUAAAAUACUGAAUUUCAGAUCUGGAGUU	0
NM_006219.3:4490-4519	NM_006219.3	NM_006219.3.fasta	4490	4519	+	30	ACTCCAGATCTGAAATTCAGTATTTTAGAA	UUCUAAAAUACUGAAUUUCAGAUCUGGAGU	0
NM_006219.3:4491-4520	NM_006219.3	NM_006219.3.fasta	4491	4520	+	30	CTCCAGATCTGAAATTCAGTATTTTAGAAA	UUUCUAAAAUACUGAAUUUCAGAUCUGGAG	0
NM_006219.3:4492-4521	NM_006219.3	NM_006219.3.fasta	4492	4521	+	30	TCCAGATCTGAAATTCAGTATTTTAGAAAA	UUUUCUAAAAUACUGAAUUUCAGAUCUGGA	0
NM_006219.3:4493-4522	NM_006219.3	NM_006219.3.fasta	4493	4522	+	30	CCAGATCTGAAATTCAGTATTTTAGAAAAA	UUUUUCUAAAAUACUGAAUUUCAGAUCUGG	0
NM_006219.3:4494-4523	NM_006219.3	NM_006219.3.fasta	4494	4523	+	30	CAGATCTGAAATTCAGTATTTTAGAAAAAT	AUUUUUCUAAAAUACUGAAUUUCAGAUCUG	0
NM_006219.3:4495-4524	NM_006219.3	NM_006219.3.fasta	4495	4524	+	30	AGATCTGAAATTCAGTATTTTAGAAAAATG	CAUUUUUCUAAAAUACUGAAUUUCAGAUCU	0
NM_006219.3:4496-4525	NM_006219.3	NM_006219.3.fasta	4496	4525	+	30	GATCTGAAATTCAGTATTTTAGAAAAATGC	GCAUUUUUCUAAAAUACUGAAUUUCAGAUC	0
NM_006219.3:4497-4526	NM_006219.3	NM_006219.3.fasta	4497	4526	+	30	ATCTGAAATTCAGTATTTTAGAAAAATGCC	GGCAUUUUUCUAAAAUACUGAAUUUCAGAU	0
NM_006219.3:4498-4527	NM_006219.3	NM_006219.3.fasta	4498	4527	+	30	TCTGAAATTCAGTATTTTAGAAAAATGCCA	UGGCAUUUUUCUAAAAUACUGAAUUUCAGA	0
NM_006219.3:4499-4528	NM_006219.3	NM_006219.3.fasta	4499	4528	+	30	CTGAAATTCAGTATTTTAGAAAAATGCCAG	CUGGCAUUUUUCUAAAAUACUGAAUUUCAG	0
NM_006219.3:4500-4529	NM_006219.3	NM_006219.3.fasta	4500	4529	+	30	TGAAATTCAGTATTTTAGAAAAATGCCAGC	GCUGGCAUUUUUCUAAAAUACUGAAUUUCA	0
NM_006219.3:4501-4530	NM_006219.3	NM_006219.3.fasta	4501	4530	+	30	GAAATTCAGTATTTTAGAAAAATGCCAGCT	AGCUGGCAUUUUUCUAAAAUACUGAAUUUC	0
NM_006219.3:4502-4531	NM_006219.3	NM_006219.3.fasta	4502	4531	+	30	AAATTCAGTATTTTAGAAAAATGCCAGCTC	GAGCUGGCAUUUUUCUAAAAUACUGAAUUU	0
NM_006219.3:4503-4532	NM_006219.3	NM_006219.3.fasta	4503	4532	+	30	AATTCAGTATTTTAGAAAAATGCCAGCTCT	AGAGCUGGCAUUUUUCUAAAAUACUGAAUU	0
NM_006219.3:4504-4533	NM_006219.3	NM_006219.3.fasta	4504	4533	+	30	ATTCAGTATTTTAGAAAAATGCCAGCTCTT	AAGAGCUGGCAUUUUUCUAAAAUACUGAAU	0
NM_006219.3:4505-4534	NM_006219.3	NM_006219.3.fasta	4505	4534	+	30	TTCAGTATTTTAGAAAAATGCCAGCTCTTC	GAAGAGCUGGCAUUUUUCUAAAAUACUGAA	0
NM_006219.3:4506-4535	NM_006219.3	NM_006219.3.fasta	4506	4535	+	30	TCAGTATTTTAGAAAAATGCCAGCTCTTCT	AGAAGAGCUGGCAUUUUUCUAAAAUACUGA	0
NM_006219.3:4507-4536	NM_006219.3	NM_006219.3.fasta	4507	4536	+	30	CAGTATTTTAGAAAAATGCCAGCTCTTCTT	AAGAAGAGCUGGCAUUUUUCUAAAAUACUG	0
NM_006219.3:4508-4537	NM_006219.3	NM_006219.3.fasta	4508	4537	+	30	AGTATTTTAGAAAAATGCCAGCTCTTCTTA	UAAGAAGAGCUGGCAUUUUUCUAAAAUACU	0
NM_006219.3:4509-4538	NM_006219.3	NM_006219.3.fasta	4509	4538	+	30	GTATTTTAGAAAAATGCCAGCTCTTCTTAC	GUAAGAAGAGCUGGCAUUUUUCUAAAAUAC	0
NM_006219.3:4510-4539	NM_006219.3	NM_006219.3.fasta	4510	4539	+	30	TATTTTAGAAAAATGCCAGCTCTTCTTACT	AGUAAGAAGAGCUGGCAUUUUUCUAAAAUA	0
NM_006219.3:4511-4540	NM_006219.3	NM_006219.3.fasta	4511	4540	+	30	ATTTTAGAAAAATGCCAGCTCTTCTTACTG	CAGUAAGAAGAGCUGGCAUUUUUCUAAAAU	0
NM_006219.3:4512-4541	NM_006219.3	NM_006219.3.fasta	4512	4541	+	30	TTTTAGAAAAATGCCAGCTCTTCTTACTGT	ACAGUAAGAAGAGCUGGCAUUUUUCUAAAA	0
NM_006219.3:4513-4542	NM_006219.3	NM_006219.3.fasta	4513	4542	+	30	TTTAGAAAAATGCCAGCTCTTCTTACTGTA	UACAGUAAGAAGAGCUGGCAUUUUUCUAAA	0
NM_006219.3:4514-4543	NM_006219.3	NM_006219.3.fasta	4514	4543	+	30	TTAGAAAAATGCCAGCTCTTCTTACTGTAT	AUACAGUAAGAAGAGCUGGCAUUUUUCUAA	0
NM_006219.3:4515-4544	NM_006219.3	NM_006219.3.fasta	4515	4544	+	30	TAGAAAAATGCCAGCTCTTCTTACTGTATT	AAUACAGUAAGAAGAGCUGGCAUUUUUCUA	0
NM_006219.3:4516-4545	NM_006219.3	NM_006219.3.fasta	4516	4545	+	30	AGAAAAATGCCAGCTCTTCTTACTGTATTT	AAAUACAGUAAGAAGAGCUGGCAUUUUUCU	0
NM_006219.3:4517-4546	NM_006219.3	NM_006219.3.fasta	4517	4546	+	30	GAAAAATGCCAGCTCTTCTTACTGTATTTA	UAAAUACAGUAAGAAGAGCUGGCAUUUUUC	0
NM_006219.3:4518-4547	NM_006219.3	NM_006219.3.fasta	4518	4547	+	30	AAAAATGCCAGCTCTTCTTACTGTATTTAT	AUAAAUACAGUAAGAAGAGCUGGCAUUUUU	0
NM_006219.3:4519-4548	NM_006219.3	NM_006219.3.fasta	4519	4548	+	30	AAAATGCCAGCTCTTCTTACTGTATTTATT	AAUAAAUACAGUAAGAAGAGCUGGCAUUUU	0
NM_006219.3:4520-4549	NM_006219.3	NM_006219.3.fasta	4520	4549	+	30	AAATGCCAGCTCTTCTTACTGTATTTATTA	UAAUAAAUACAGUAAGAAGAGCUGGCAUUU	0
NM_006219.3:4521-4550	NM_006219.3	NM_006219.3.fasta	4521	4550	+	30	AATGCCAGCTCTTCTTACTGTATTTATTAA	UUAAUAAAUACAGUAAGAAGAGCUGGCAUU	0
NM_006219.3:4522-4551	NM_006219.3	NM_006219.3.fasta	4522	4551	+	30	ATGCCAGCTCTTCTTACTGTATTTATTAAA	UUUAAUAAAUACAGUAAGAAGAGCUGGCAU	0
NM_006219.3:4523-4552	NM_006219.3	NM_006219.3.fasta	4523	4552	+	30	TGCCAGCTCTTCTTACTGTATTTATTAAAA	UUUUAAUAAAUACAGUAAGAAGAGCUGGCA	0
NM_006219.3:4524-4553	NM_006219.3	NM_006219.3.fasta	4524	4553	+	30	GCCAGCTCTTCTTACTGTATTTATTAAAAC	GUUUUAAUAAAUACAGUAAGAAGAGCUGGC	0
NM_006219.3:4525-4554	NM_006219.3	NM_006219.3.fasta	4525	4554	+	30	CCAGCTCTTCTTACTGTATTTATTAAAACT	AGUUUUAAUAAAUACAGUAAGAAGAGCUGG	0
NM_006219.3:4526-4555	NM_006219.3	NM_006219.3.fasta	4526	4555	+	30	CAGCTCTTCTTACTGTATTTATTAAAACTT	AAGUUUUAAUAAAUACAGUAAGAAGAGCUG	0
NM_006219.3:4527-4556	NM_006219.3	NM_006219.3.fasta	4527	4556	+	30	AGCTCTTCTTACTGTATTTATTAAAACTTG	CAAGUUUUAAUAAAUACAGUAAGAAGAGCU	0
NM_006219.3:4528-4557	NM_006219.3	NM_006219.3.fasta	4528	4557	+	30	GCTCTTCTTACTGTATTTATTAAAACTTGT	ACAAGUUUUAAUAAAUACAGUAAGAAGAGC	0
NM_006219.3:4529-4558	NM_006219.3	NM_006219.3.fasta	4529	4558	+	30	CTCTTCTTACTGTATTTATTAAAACTTGTA	UACAAGUUUUAAUAAAUACAGUAAGAAGAG	0
NM_006219.3:4530-4559	NM_006219.3	NM_006219.3.fasta	4530	4559	+	30	TCTTCTTACTGTATTTATTAAAACTTGTAA	UUACAAGUUUUAAUAAAUACAGUAAGAAGA	0
NM_006219.3:4531-4560	NM_006219.3	NM_006219.3.fasta	4531	4560	+	30	CTTCTTACTGTATTTATTAAAACTTGTAAT	AUUACAAGUUUUAAUAAAUACAGUAAGAAG	0
NM_006219.3:4532-4561	NM_006219.3	NM_006219.3.fasta	4532	4561	+	30	TTCTTACTGTATTTATTAAAACTTGTAATA	UAUUACAAGUUUUAAUAAAUACAGUAAGAA	0
NM_006219.3:4533-4562	NM_006219.3	NM_006219.3.fasta	4533	4562	+	30	TCTTACTGTATTTATTAAAACTTGTAATAA	UUAUUACAAGUUUUAAUAAAUACAGUAAGA	0
NM_006219.3:4534-4563	NM_006219.3	NM_006219.3.fasta	4534	4563	+	30	CTTACTGTATTTATTAAAACTTGTAATAAT	AUUAUUACAAGUUUUAAUAAAUACAGUAAG	0
NM_006219.3:4535-4564	NM_006219.3	NM_006219.3.fasta	4535	4564	+	30	TTACTGTATTTATTAAAACTTGTAATAATG	CAUUAUUACAAGUUUUAAUAAAUACAGUAA	0
NM_006219.3:4536-4565	NM_006219.3	NM_006219.3.fasta	4536	4565	+	30	TACTGTATTTATTAAAACTTGTAATAATGT	ACAUUAUUACAAGUUUUAAUAAAUACAGUA	0
NM_006219.3:4537-4566	NM_006219.3	NM_006219.3.fasta	4537	4566	+	30	ACTGTATTTATTAAAACTTGTAATAATGTG	CACAUUAUUACAAGUUUUAAUAAAUACAGU	0
NM_006219.3:4538-4567	NM_006219.3	NM_006219.3.fasta	4538	4567	+	30	CTGTATTTATTAAAACTTGTAATAATGTGA	UCACAUUAUUACAAGUUUUAAUAAAUACAG	0
NM_006219.3:4539-4568	NM_006219.3	NM_006219.3.fasta	4539	4568	+	30	TGTATTTATTAAAACTTGTAATAATGTGAT	AUCACAUUAUUACAAGUUUUAAUAAAUACA	0
NM_006219.3:4540-4569	NM_006219.3	NM_006219.3.fasta	4540	4569	+	30	GTATTTATTAAAACTTGTAATAATGTGATT	AAUCACAUUAUUACAAGUUUUAAUAAAUAC	0
NM_006219.3:4541-4570	NM_006219.3	NM_006219.3.fasta	4541	4570	+	30	TATTTATTAAAACTTGTAATAATGTGATTT	AAAUCACAUUAUUACAAGUUUUAAUAAAUA	0
NM_006219.3:4542-4571	NM_006219.3	NM_006219.3.fasta	4542	4571	+	30	ATTTATTAAAACTTGTAATAATGTGATTTT	AAAAUCACAUUAUUACAAGUUUUAAUAAAU	0
NM_006219.3:4543-4572	NM_006219.3	NM_006219.3.fasta	4543	4572	+	30	TTTATTAAAACTTGTAATAATGTGATTTTT	AAAAAUCACAUUAUUACAAGUUUUAAUAAA	0
NM_006219.3:4544-4573	NM_006219.3	NM_006219.3.fasta	4544	4573	+	30	TTATTAAAACTTGTAATAATGTGATTTTTT	AAAAAAUCACAUUAUUACAAGUUUUAAUAA	0
NM_006219.3:4545-4574	NM_006219.3	NM_006219.3.fasta	4545	4574	+	30	TATTAAAACTTGTAATAATGTGATTTTTTT	AAAAAAAUCACAUUAUUACAAGUUUUAAUA	0
NM_006219.3:4546-4575	NM_006219.3	NM_006219.3.fasta	4546	4575	+	30	ATTAAAACTTGTAATAATGTGATTTTTTTC	GAAAAAAAUCACAUUAUUACAAGUUUUAAU	0
NM_006219.3:4547-4576	NM_006219.3	NM_006219.3.fasta	4547	4576	+	30	TTAAAACTTGTAATAATGTGATTTTTTTCA	UGAAAAAAAUCACAUUAUUACAAGUUUUAA	0
NM_006219.3:4548-4577	NM_006219.3	NM_006219.3.fasta	4548	4577	+	30	TAAAACTTGTAATAATGTGATTTTTTTCAA	UUGAAAAAAAUCACAUUAUUACAAGUUUUA	0
NM_006219.3:4549-4578	NM_006219.3	NM_006219.3.fasta	4549	4578	+	30	AAAACTTGTAATAATGTGATTTTTTTCAAG	CUUGAAAAAAAUCACAUUAUUACAAGUUUU	0
NM_006219.3:4550-4579	NM_006219.3	NM_006219.3.fasta	4550	4579	+	30	AAACTTGTAATAATGTGATTTTTTTCAAGG	CCUUGAAAAAAAUCACAUUAUUACAAGUUU	0
NM_006219.3:4551-4580	NM_006219.3	NM_006219.3.fasta	4551	4580	+	30	AACTTGTAATAATGTGATTTTTTTCAAGGA	UCCUUGAAAAAAAUCACAUUAUUACAAGUU	0
NM_006219.3:4552-4581	NM_006219.3	NM_006219.3.fasta	4552	4581	+	30	ACTTGTAATAATGTGATTTTTTTCAAGGAT	AUCCUUGAAAAAAAUCACAUUAUUACAAGU	0
NM_006219.3:4553-4582	NM_006219.3	NM_006219.3.fasta	4553	4582	+	30	CTTGTAATAATGTGATTTTTTTCAAGGATA	UAUCCUUGAAAAAAAUCACAUUAUUACAAG	0
NM_006219.3:4554-4583	NM_006219.3	NM_006219.3.fasta	4554	4583	+	30	TTGTAATAATGTGATTTTTTTCAAGGATAT	AUAUCCUUGAAAAAAAUCACAUUAUUACAA	0
NM_006219.3:4555-4584	NM_006219.3	NM_006219.3.fasta	4555	4584	+	30	TGTAATAATGTGATTTTTTTCAAGGATATT	AAUAUCCUUGAAAAAAAUCACAUUAUUACA	0
NM_006219.3:4556-4585	NM_006219.3	NM_006219.3.fasta	4556	4585	+	30	GTAATAATGTGATTTTTTTCAAGGATATTA	UAAUAUCCUUGAAAAAAAUCACAUUAUUAC	0
NM_006219.3:4557-4586	NM_006219.3	NM_006219.3.fasta	4557	4586	+	30	TAATAATGTGATTTTTTTCAAGGATATTAG	CUAAUAUCCUUGAAAAAAAUCACAUUAUUA	0
NM_006219.3:4558-4587	NM_006219.3	NM_006219.3.fasta	4558	4587	+	30	AATAATGTGATTTTTTTCAAGGATATTAGT	ACUAAUAUCCUUGAAAAAAAUCACAUUAUU	0
NM_006219.3:4559-4588	NM_006219.3	NM_006219.3.fasta	4559	4588	+	30	ATAATGTGATTTTTTTCAAGGATATTAGTT	AACUAAUAUCCUUGAAAAAAAUCACAUUAU	0
NM_006219.3:4560-4589	NM_006219.3	NM_006219.3.fasta	4560	4589	+	30	TAATGTGATTTTTTTCAAGGATATTAGTTC	GAACUAAUAUCCUUGAAAAAAAUCACAUUA	0
NM_006219.3:4561-4590	NM_006219.3	NM_006219.3.fasta	4561	4590	+	30	AATGTGATTTTTTTCAAGGATATTAGTTCA	UGAACUAAUAUCCUUGAAAAAAAUCACAUU	0
NM_006219.3:4562-4591	NM_006219.3	NM_006219.3.fasta	4562	4591	+	30	ATGTGATTTTTTTCAAGGATATTAGTTCAA	UUGAACUAAUAUCCUUGAAAAAAAUCACAU	0
NM_006219.3:4563-4592	NM_006219.3	NM_006219.3.fasta	4563	4592	+	30	TGTGATTTTTTTCAAGGATATTAGTTCAAA	UUUGAACUAAUAUCCUUGAAAAAAAUCACA	0
NM_006219.3:4564-4593	NM_006219.3	NM_006219.3.fasta	4564	4593	+	30	GTGATTTTTTTCAAGGATATTAGTTCAAAT	AUUUGAACUAAUAUCCUUGAAAAAAAUCAC	0
NM_006219.3:4565-4594	NM_006219.3	NM_006219.3.fasta	4565	4594	+	30	TGATTTTTTTCAAGGATATTAGTTCAAATT	AAUUUGAACUAAUAUCCUUGAAAAAAAUCA	0
NM_006219.3:4566-4595	NM_006219.3	NM_006219.3.fasta	4566	4595	+	30	GATTTTTTTCAAGGATATTAGTTCAAATTG	CAAUUUGAACUAAUAUCCUUGAAAAAAAUC	0
NM_006219.3:4567-4596	NM_006219.3	NM_006219.3.fasta	4567	4596	+	30	ATTTTTTTCAAGGATATTAGTTCAAATTGA	UCAAUUUGAACUAAUAUCCUUGAAAAAAAU	0
NM_006219.3:4568-4597	NM_006219.3	NM_006219.3.fasta	4568	4597	+	30	TTTTTTTCAAGGATATTAGTTCAAATTGAA	UUCAAUUUGAACUAAUAUCCUUGAAAAAAA	0
NM_006219.3:4569-4598	NM_006219.3	NM_006219.3.fasta	4569	4598	+	30	TTTTTTCAAGGATATTAGTTCAAATTGAAA	UUUCAAUUUGAACUAAUAUCCUUGAAAAAA	0
NM_006219.3:4570-4599	NM_006219.3	NM_006219.3.fasta	4570	4599	+	30	TTTTTCAAGGATATTAGTTCAAATTGAAAT	AUUUCAAUUUGAACUAAUAUCCUUGAAAAA	0
NM_006219.3:4571-4600	NM_006219.3	NM_006219.3.fasta	4571	4600	+	30	TTTTCAAGGATATTAGTTCAAATTGAAATG	CAUUUCAAUUUGAACUAAUAUCCUUGAAAA	0
NM_006219.3:4572-4601	NM_006219.3	NM_006219.3.fasta	4572	4601	+	30	TTTCAAGGATATTAGTTCAAATTGAAATGG	CCAUUUCAAUUUGAACUAAUAUCCUUGAAA	0
NM_006219.3:4573-4602	NM_006219.3	NM_006219.3.fasta	4573	4602	+	30	TTCAAGGATATTAGTTCAAATTGAAATGGT	ACCAUUUCAAUUUGAACUAAUAUCCUUGAA	0
NM_006219.3:4574-4603	NM_006219.3	NM_006219.3.fasta	4574	4603	+	30	TCAAGGATATTAGTTCAAATTGAAATGGTT	AACCAUUUCAAUUUGAACUAAUAUCCUUGA	0
NM_006219.3:4575-4604	NM_006219.3	NM_006219.3.fasta	4575	4604	+	30	CAAGGATATTAGTTCAAATTGAAATGGTTT	AAACCAUUUCAAUUUGAACUAAUAUCCUUG	0
NM_006219.3:4576-4605	NM_006219.3	NM_006219.3.fasta	4576	4605	+	30	AAGGATATTAGTTCAAATTGAAATGGTTTC	GAAACCAUUUCAAUUUGAACUAAUAUCCUU	0
NM_006219.3:4577-4606	NM_006219.3	NM_006219.3.fasta	4577	4606	+	30	AGGATATTAGTTCAAATTGAAATGGTTTCA	UGAAACCAUUUCAAUUUGAACUAAUAUCCU	0
NM_006219.3:4578-4607	NM_006219.3	NM_006219.3.fasta	4578	4607	+	30	GGATATTAGTTCAAATTGAAATGGTTTCAC	GUGAAACCAUUUCAAUUUGAACUAAUAUCC	0
NM_006219.3:4579-4608	NM_006219.3	NM_006219.3.fasta	4579	4608	+	30	GATATTAGTTCAAATTGAAATGGTTTCACG	CGUGAAACCAUUUCAAUUUGAACUAAUAUC	0
NM_006219.3:4580-4609	NM_006219.3	NM_006219.3.fasta	4580	4609	+	30	ATATTAGTTCAAATTGAAATGGTTTCACGC	GCGUGAAACCAUUUCAAUUUGAACUAAUAU	0
NM_006219.3:4581-4610	NM_006219.3	NM_006219.3.fasta	4581	4610	+	30	TATTAGTTCAAATTGAAATGGTTTCACGCC	GGCGUGAAACCAUUUCAAUUUGAACUAAUA	0
NM_006219.3:4582-4611	NM_006219.3	NM_006219.3.fasta	4582	4611	+	30	ATTAGTTCAAATTGAAATGGTTTCACGCCA	UGGCGUGAAACCAUUUCAAUUUGAACUAAU	0
NM_006219.3:4583-4612	NM_006219.3	NM_006219.3.fasta	4583	4612	+	30	TTAGTTCAAATTGAAATGGTTTCACGCCAC	GUGGCGUGAAACCAUUUCAAUUUGAACUAA	0
NM_006219.3:4584-4613	NM_006219.3	NM_006219.3.fasta	4584	4613	+	30	TAGTTCAAATTGAAATGGTTTCACGCCACA	UGUGGCGUGAAACCAUUUCAAUUUGAACUA	0
NM_006219.3:4585-4614	NM_006219.3	NM_006219.3.fasta	4585	4614	+	30	AGTTCAAATTGAAATGGTTTCACGCCACAC	GUGUGGCGUGAAACCAUUUCAAUUUGAACU	0
NM_006219.3:4586-4615	NM_006219.3	NM_006219.3.fasta	4586	4615	+	30	GTTCAAATTGAAATGGTTTCACGCCACACG	CGUGUGGCGUGAAACCAUUUCAAUUUGAAC	0
NM_006219.3:4587-4616	NM_006219.3	NM_006219.3.fasta	4587	4616	+	30	TTCAAATTGAAATGGTTTCACGCCACACGG	CCGUGUGGCGUGAAACCAUUUCAAUUUGAA	0
NM_006219.3:4588-4617	NM_006219.3	NM_006219.3.fasta	4588	4617	+	30	TCAAATTGAAATGGTTTCACGCCACACGGA	UCCGUGUGGCGUGAAACCAUUUCAAUUUGA	0
NM_006219.3:4589-4618	NM_006219.3	NM_006219.3.fasta	4589	4618	+	30	CAAATTGAAATGGTTTCACGCCACACGGAA	UUCCGUGUGGCGUGAAACCAUUUCAAUUUG	0
NM_006219.3:4590-4619	NM_006219.3	NM_006219.3.fasta	4590	4619	+	30	AAATTGAAATGGTTTCACGCCACACGGAAA	UUUCCGUGUGGCGUGAAACCAUUUCAAUUU	0
NM_006219.3:4591-4620	NM_006219.3	NM_006219.3.fasta	4591	4620	+	30	AATTGAAATGGTTTCACGCCACACGGAAAT	AUUUCCGUGUGGCGUGAAACCAUUUCAAUU	0
NM_006219.3:4592-4621	NM_006219.3	NM_006219.3.fasta	4592	4621	+	30	ATTGAAATGGTTTCACGCCACACGGAAATC	GAUUUCCGUGUGGCGUGAAACCAUUUCAAU	0
NM_006219.3:4593-4622	NM_006219.3	NM_006219.3.fasta	4593	4622	+	30	TTGAAATGGTTTCACGCCACACGGAAATCT	AGAUUUCCGUGUGGCGUGAAACCAUUUCAA	0
NM_006219.3:4594-4623	NM_006219.3	NM_006219.3.fasta	4594	4623	+	30	TGAAATGGTTTCACGCCACACGGAAATCTT	AAGAUUUCCGUGUGGCGUGAAACCAUUUCA	0
NM_006219.3:4595-4624	NM_006219.3	NM_006219.3.fasta	4595	4624	+	30	GAAATGGTTTCACGCCACACGGAAATCTTT	AAAGAUUUCCGUGUGGCGUGAAACCAUUUC	0
NM_006219.3:4596-4625	NM_006219.3	NM_006219.3.fasta	4596	4625	+	30	AAATGGTTTCACGCCACACGGAAATCTTTA	UAAAGAUUUCCGUGUGGCGUGAAACCAUUU	0
NM_006219.3:4597-4626	NM_006219.3	NM_006219.3.fasta	4597	4626	+	30	AATGGTTTCACGCCACACGGAAATCTTTAA	UUAAAGAUUUCCGUGUGGCGUGAAACCAUU	0
NM_006219.3:4598-4627	NM_006219.3	NM_006219.3.fasta	4598	4627	+	30	ATGGTTTCACGCCACACGGAAATCTTTAAG	CUUAAAGAUUUCCGUGUGGCGUGAAACCAU	0
NM_006219.3:4599-4628	NM_006219.3	NM_006219.3.fasta	4599	4628	+	30	TGGTTTCACGCCACACGGAAATCTTTAAGT	ACUUAAAGAUUUCCGUGUGGCGUGAAACCA	0
NM_006219.3:4600-4629	NM_006219.3	NM_006219.3.fasta	4600	4629	+	30	GGTTTCACGCCACACGGAAATCTTTAAGTT	AACUUAAAGAUUUCCGUGUGGCGUGAAACC	0
NM_006219.3:4601-4630	NM_006219.3	NM_006219.3.fasta	4601	4630	+	30	GTTTCACGCCACACGGAAATCTTTAAGTTA	UAACUUAAAGAUUUCCGUGUGGCGUGAAAC	0
NM_006219.3:4602-4631	NM_006219.3	NM_006219.3.fasta	4602	4631	+	30	TTTCACGCCACACGGAAATCTTTAAGTTAT	AUAACUUAAAGAUUUCCGUGUGGCGUGAAA	0
NM_006219.3:4603-4632	NM_006219.3	NM_006219.3.fasta	4603	4632	+	30	TTCACGCCACACGGAAATCTTTAAGTTATT	AAUAACUUAAAGAUUUCCGUGUGGCGUGAA	0
NM_006219.3:4604-4633	NM_006219.3	NM_006219.3.fasta	4604	4633	+	30	TCACGCCACACGGAAATCTTTAAGTTATTT	AAAUAACUUAAAGAUUUCCGUGUGGCGUGA	0
NM_006219.3:4605-4634	NM_006219.3	NM_006219.3.fasta	4605	4634	+	30	CACGCCACACGGAAATCTTTAAGTTATTTG	CAAAUAACUUAAAGAUUUCCGUGUGGCGUG	0
NM_006219.3:4606-4635	NM_006219.3	NM_006219.3.fasta	4606	4635	+	30	ACGCCACACGGAAATCTTTAAGTTATTTGT	ACAAAUAACUUAAAGAUUUCCGUGUGGCGU	0
NM_006219.3:4607-4636	NM_006219.3	NM_006219.3.fasta	4607	4636	+	30	CGCCACACGGAAATCTTTAAGTTATTTGTT	AACAAAUAACUUAAAGAUUUCCGUGUGGCG	0
NM_006219.3:4608-4637	NM_006219.3	NM_006219.3.fasta	4608	4637	+	30	GCCACACGGAAATCTTTAAGTTATTTGTTG	CAACAAAUAACUUAAAGAUUUCCGUGUGGC	0
NM_006219.3:4609-4638	NM_006219.3	NM_006219.3.fasta	4609	4638	+	30	CCACACGGAAATCTTTAAGTTATTTGTTGA	UCAACAAAUAACUUAAAGAUUUCCGUGUGG	0
NM_006219.3:4610-4639	NM_006219.3	NM_006219.3.fasta	4610	4639	+	30	CACACGGAAATCTTTAAGTTATTTGTTGAG	CUCAACAAAUAACUUAAAGAUUUCCGUGUG	0
NM_006219.3:4611-4640	NM_006219.3	NM_006219.3.fasta	4611	4640	+	30	ACACGGAAATCTTTAAGTTATTTGTTGAGG	CCUCAACAAAUAACUUAAAGAUUUCCGUGU	0
NM_006219.3:4612-4641	NM_006219.3	NM_006219.3.fasta	4612	4641	+	30	CACGGAAATCTTTAAGTTATTTGTTGAGGT	ACCUCAACAAAUAACUUAAAGAUUUCCGUG	0
NM_006219.3:4613-4642	NM_006219.3	NM_006219.3.fasta	4613	4642	+	30	ACGGAAATCTTTAAGTTATTTGTTGAGGTA	UACCUCAACAAAUAACUUAAAGAUUUCCGU	0
NM_006219.3:4614-4643	NM_006219.3	NM_006219.3.fasta	4614	4643	+	30	CGGAAATCTTTAAGTTATTTGTTGAGGTAC	GUACCUCAACAAAUAACUUAAAGAUUUCCG	0
NM_006219.3:4615-4644	NM_006219.3	NM_006219.3.fasta	4615	4644	+	30	GGAAATCTTTAAGTTATTTGTTGAGGTACC	GGUACCUCAACAAAUAACUUAAAGAUUUCC	0
NM_006219.3:4616-4645	NM_006219.3	NM_006219.3.fasta	4616	4645	+	30	GAAATCTTTAAGTTATTTGTTGAGGTACCA	UGGUACCUCAACAAAUAACUUAAAGAUUUC	0
NM_006219.3:4617-4646	NM_006219.3	NM_006219.3.fasta	4617	4646	+	30	AAATCTTTAAGTTATTTGTTGAGGTACCAT	AUGGUACCUCAACAAAUAACUUAAAGAUUU	0
NM_006219.3:4618-4647	NM_006219.3	NM_006219.3.fasta	4618	4647	+	30	AATCTTTAAGTTATTTGTTGAGGTACCATA	UAUGGUACCUCAACAAAUAACUUAAAGAUU	0
NM_006219.3:4619-4648	NM_006219.3	NM_006219.3.fasta	4619	4648	+	30	ATCTTTAAGTTATTTGTTGAGGTACCATAT	AUAUGGUACCUCAACAAAUAACUUAAAGAU	0
NM_006219.3:4620-4649	NM_006219.3	NM_006219.3.fasta	4620	4649	+	30	TCTTTAAGTTATTTGTTGAGGTACCATATA	UAUAUGGUACCUCAACAAAUAACUUAAAGA	0
NM_006219.3:4621-4650	NM_006219.3	NM_006219.3.fasta	4621	4650	+	30	CTTTAAGTTATTTGTTGAGGTACCATATAT	AUAUAUGGUACCUCAACAAAUAACUUAAAG	0
NM_006219.3:4622-4651	NM_006219.3	NM_006219.3.fasta	4622	4651	+	30	TTTAAGTTATTTGTTGAGGTACCATATATT	AAUAUAUGGUACCUCAACAAAUAACUUAAA	0
NM_006219.3:4623-4652	NM_006219.3	NM_006219.3.fasta	4623	4652	+	30	TTAAGTTATTTGTTGAGGTACCATATATTT	AAAUAUAUGGUACCUCAACAAAUAACUUAA	0
NM_006219.3:4624-4653	NM_006219.3	NM_006219.3.fasta	4624	4653	+	30	TAAGTTATTTGTTGAGGTACCATATATTTA	UAAAUAUAUGGUACCUCAACAAAUAACUUA	0
NM_006219.3:4625-4654	NM_006219.3	NM_006219.3.fasta	4625	4654	+	30	AAGTTATTTGTTGAGGTACCATATATTTAG	CUAAAUAUAUGGUACCUCAACAAAUAACUU	0
NM_006219.3:4626-4655	NM_006219.3	NM_006219.3.fasta	4626	4655	+	30	AGTTATTTGTTGAGGTACCATATATTTAGG	CCUAAAUAUAUGGUACCUCAACAAAUAACU	0
NM_006219.3:4627-4656	NM_006219.3	NM_006219.3.fasta	4627	4656	+	30	GTTATTTGTTGAGGTACCATATATTTAGGG	CCCUAAAUAUAUGGUACCUCAACAAAUAAC	0
NM_006219.3:4628-4657	NM_006219.3	NM_006219.3.fasta	4628	4657	+	30	TTATTTGTTGAGGTACCATATATTTAGGGT	ACCCUAAAUAUAUGGUACCUCAACAAAUAA	0
NM_006219.3:4629-4658	NM_006219.3	NM_006219.3.fasta	4629	4658	+	30	TATTTGTTGAGGTACCATATATTTAGGGTG	CACCCUAAAUAUAUGGUACCUCAACAAAUA	0
NM_006219.3:4630-4659	NM_006219.3	NM_006219.3.fasta	4630	4659	+	30	ATTTGTTGAGGTACCATATATTTAGGGTGC	GCACCCUAAAUAUAUGGUACCUCAACAAAU	0
NM_006219.3:4631-4660	NM_006219.3	NM_006219.3.fasta	4631	4660	+	30	TTTGTTGAGGTACCATATATTTAGGGTGCT	AGCACCCUAAAUAUAUGGUACCUCAACAAA	0
NM_006219.3:4632-4661	NM_006219.3	NM_006219.3.fasta	4632	4661	+	30	TTGTTGAGGTACCATATATTTAGGGTGCTA	UAGCACCCUAAAUAUAUGGUACCUCAACAA	0
NM_006219.3:4633-4662	NM_006219.3	NM_006219.3.fasta	4633	4662	+	30	TGTTGAGGTACCATATATTTAGGGTGCTAG	CUAGCACCCUAAAUAUAUGGUACCUCAACA	0
NM_006219.3:4634-4663	NM_006219.3	NM_006219.3.fasta	4634	4663	+	30	GTTGAGGTACCATATATTTAGGGTGCTAGG	CCUAGCACCCUAAAUAUAUGGUACCUCAAC	0
NM_006219.3:4635-4664	NM_006219.3	NM_006219.3.fasta	4635	4664	+	30	TTGAGGTACCATATATTTAGGGTGCTAGGG	CCCUAGCACCCUAAAUAUAUGGUACCUCAA	0
NM_006219.3:4636-4665	NM_006219.3	NM_006219.3.fasta	4636	4665	+	30	TGAGGTACCATATATTTAGGGTGCTAGGGG	CCCCUAGCACCCUAAAUAUAUGGUACCUCA	0
NM_006219.3:4637-4666	NM_006219.3	NM_006219.3.fasta	4637	4666	+	30	GAGGTACCATATATTTAGGGTGCTAGGGGC	GCCCCUAGCACCCUAAAUAUAUGGUACCUC	0
NM_006219.3:4638-4667	NM_006219.3	NM_006219.3.fasta	4638	4667	+	30	AGGTACCATATATTTAGGGTGCTAGGGGCA	UGCCCCUAGCACCCUAAAUAUAUGGUACCU	0
NM_006219.3:4639-4668	NM_006219.3	NM_006219.3.fasta	4639	4668	+	30	GGTACCATATATTTAGGGTGCTAGGGGCAA	UUGCCCCUAGCACCCUAAAUAUAUGGUACC	0
NM_006219.3:4640-4669	NM_006219.3	NM_006219.3.fasta	4640	4669	+	30	GTACCATATATTTAGGGTGCTAGGGGCAAG	CUUGCCCCUAGCACCCUAAAUAUAUGGUAC	0
NM_006219.3:4641-4670	NM_006219.3	NM_006219.3.fasta	4641	4670	+	30	TACCATATATTTAGGGTGCTAGGGGCAAGT	ACUUGCCCCUAGCACCCUAAAUAUAUGGUA	0
NM_006219.3:4642-4671	NM_006219.3	NM_006219.3.fasta	4642	4671	+	30	ACCATATATTTAGGGTGCTAGGGGCAAGTA	UACUUGCCCCUAGCACCCUAAAUAUAUGGU	0
NM_006219.3:4643-4672	NM_006219.3	NM_006219.3.fasta	4643	4672	+	30	CCATATATTTAGGGTGCTAGGGGCAAGTAA	UUACUUGCCCCUAGCACCCUAAAUAUAUGG	0
NM_006219.3:4644-4673	NM_006219.3	NM_006219.3.fasta	4644	4673	+	30	CATATATTTAGGGTGCTAGGGGCAAGTAAT	AUUACUUGCCCCUAGCACCCUAAAUAUAUG	0
NM_006219.3:4645-4674	NM_006219.3	NM_006219.3.fasta	4645	4674	+	30	ATATATTTAGGGTGCTAGGGGCAAGTAATG	CAUUACUUGCCCCUAGCACCCUAAAUAUAU	0
NM_006219.3:4646-4675	NM_006219.3	NM_006219.3.fasta	4646	4675	+	30	TATATTTAGGGTGCTAGGGGCAAGTAATGT	ACAUUACUUGCCCCUAGCACCCUAAAUAUA	0
NM_006219.3:4647-4676	NM_006219.3	NM_006219.3.fasta	4647	4676	+	30	ATATTTAGGGTGCTAGGGGCAAGTAATGTT	AACAUUACUUGCCCCUAGCACCCUAAAUAU	0
NM_006219.3:4648-4677	NM_006219.3	NM_006219.3.fasta	4648	4677	+	30	TATTTAGGGTGCTAGGGGCAAGTAATGTTA	UAACAUUACUUGCCCCUAGCACCCUAAAUA	0
NM_006219.3:4649-4678	NM_006219.3	NM_006219.3.fasta	4649	4678	+	30	ATTTAGGGTGCTAGGGGCAAGTAATGTTAA	UUAACAUUACUUGCCCCUAGCACCCUAAAU	0
NM_006219.3:4650-4679	NM_006219.3	NM_006219.3.fasta	4650	4679	+	30	TTTAGGGTGCTAGGGGCAAGTAATGTTAAT	AUUAACAUUACUUGCCCCUAGCACCCUAAA	0
NM_006219.3:4651-4680	NM_006219.3	NM_006219.3.fasta	4651	4680	+	30	TTAGGGTGCTAGGGGCAAGTAATGTTAATA	UAUUAACAUUACUUGCCCCUAGCACCCUAA	0
NM_006219.3:4652-4681	NM_006219.3	NM_006219.3.fasta	4652	4681	+	30	TAGGGTGCTAGGGGCAAGTAATGTTAATAT	AUAUUAACAUUACUUGCCCCUAGCACCCUA	0
NM_006219.3:4653-4682	NM_006219.3	NM_006219.3.fasta	4653	4682	+	30	AGGGTGCTAGGGGCAAGTAATGTTAATATG	CAUAUUAACAUUACUUGCCCCUAGCACCCU	0
NM_006219.3:4654-4683	NM_006219.3	NM_006219.3.fasta	4654	4683	+	30	GGGTGCTAGGGGCAAGTAATGTTAATATGT	ACAUAUUAACAUUACUUGCCCCUAGCACCC	0
NM_006219.3:4655-4684	NM_006219.3	NM_006219.3.fasta	4655	4684	+	30	GGTGCTAGGGGCAAGTAATGTTAATATGTG	CACAUAUUAACAUUACUUGCCCCUAGCACC	0
NM_006219.3:4656-4685	NM_006219.3	NM_006219.3.fasta	4656	4685	+	30	GTGCTAGGGGCAAGTAATGTTAATATGTGC	GCACAUAUUAACAUUACUUGCCCCUAGCAC	0
NM_006219.3:4657-4686	NM_006219.3	NM_006219.3.fasta	4657	4686	+	30	TGCTAGGGGCAAGTAATGTTAATATGTGCA	UGCACAUAUUAACAUUACUUGCCCCUAGCA	0
NM_006219.3:4658-4687	NM_006219.3	NM_006219.3.fasta	4658	4687	+	30	GCTAGGGGCAAGTAATGTTAATATGTGCAA	UUGCACAUAUUAACAUUACUUGCCCCUAGC	0
NM_006219.3:4659-4688	NM_006219.3	NM_006219.3.fasta	4659	4688	+	30	CTAGGGGCAAGTAATGTTAATATGTGCAAT	AUUGCACAUAUUAACAUUACUUGCCCCUAG	0
NM_006219.3:4660-4689	NM_006219.3	NM_006219.3.fasta	4660	4689	+	30	TAGGGGCAAGTAATGTTAATATGTGCAATA	UAUUGCACAUAUUAACAUUACUUGCCCCUA	0
NM_006219.3:4661-4690	NM_006219.3	NM_006219.3.fasta	4661	4690	+	30	AGGGGCAAGTAATGTTAATATGTGCAATAG	CUAUUGCACAUAUUAACAUUACUUGCCCCU	0
NM_006219.3:4662-4691	NM_006219.3	NM_006219.3.fasta	4662	4691	+	30	GGGGCAAGTAATGTTAATATGTGCAATAGG	CCUAUUGCACAUAUUAACAUUACUUGCCCC	0
NM_006219.3:4663-4692	NM_006219.3	NM_006219.3.fasta	4663	4692	+	30	GGGCAAGTAATGTTAATATGTGCAATAGGA	UCCUAUUGCACAUAUUAACAUUACUUGCCC	0
NM_006219.3:4664-4693	NM_006219.3	NM_006219.3.fasta	4664	4693	+	30	GGCAAGTAATGTTAATATGTGCAATAGGAA	UUCCUAUUGCACAUAUUAACAUUACUUGCC	0
NM_006219.3:4665-4694	NM_006219.3	NM_006219.3.fasta	4665	4694	+	30	GCAAGTAATGTTAATATGTGCAATAGGAAC	GUUCCUAUUGCACAUAUUAACAUUACUUGC	0
NM_006219.3:4666-4695	NM_006219.3	NM_006219.3.fasta	4666	4695	+	30	CAAGTAATGTTAATATGTGCAATAGGAACT	AGUUCCUAUUGCACAUAUUAACAUUACUUG	0
NM_006219.3:4667-4696	NM_006219.3	NM_006219.3.fasta	4667	4696	+	30	AAGTAATGTTAATATGTGCAATAGGAACTA	UAGUUCCUAUUGCACAUAUUAACAUUACUU	0
NM_006219.3:4668-4697	NM_006219.3	NM_006219.3.fasta	4668	4697	+	30	AGTAATGTTAATATGTGCAATAGGAACTAC	GUAGUUCCUAUUGCACAUAUUAACAUUACU	0
NM_006219.3:4669-4698	NM_006219.3	NM_006219.3.fasta	4669	4698	+	30	GTAATGTTAATATGTGCAATAGGAACTACT	AGUAGUUCCUAUUGCACAUAUUAACAUUAC	0
NM_006219.3:4670-4699	NM_006219.3	NM_006219.3.fasta	4670	4699	+	30	TAATGTTAATATGTGCAATAGGAACTACTG	CAGUAGUUCCUAUUGCACAUAUUAACAUUA	0
NM_006219.3:4671-4700	NM_006219.3	NM_006219.3.fasta	4671	4700	+	30	AATGTTAATATGTGCAATAGGAACTACTGG	CCAGUAGUUCCUAUUGCACAUAUUAACAUU	0
NM_006219.3:4672-4701	NM_006219.3	NM_006219.3.fasta	4672	4701	+	30	ATGTTAATATGTGCAATAGGAACTACTGGT	ACCAGUAGUUCCUAUUGCACAUAUUAACAU	0
NM_006219.3:4673-4702	NM_006219.3	NM_006219.3.fasta	4673	4702	+	30	TGTTAATATGTGCAATAGGAACTACTGGTT	AACCAGUAGUUCCUAUUGCACAUAUUAACA	0
NM_006219.3:4674-4703	NM_006219.3	NM_006219.3.fasta	4674	4703	+	30	GTTAATATGTGCAATAGGAACTACTGGTTT	AAACCAGUAGUUCCUAUUGCACAUAUUAAC	0
NM_006219.3:4675-4704	NM_006219.3	NM_006219.3.fasta	4675	4704	+	30	TTAATATGTGCAATAGGAACTACTGGTTTG	CAAACCAGUAGUUCCUAUUGCACAUAUUAA	0
NM_006219.3:4676-4705	NM_006219.3	NM_006219.3.fasta	4676	4705	+	30	TAATATGTGCAATAGGAACTACTGGTTTGA	UCAAACCAGUAGUUCCUAUUGCACAUAUUA	0
NM_006219.3:4677-4706	NM_006219.3	NM_006219.3.fasta	4677	4706	+	30	AATATGTGCAATAGGAACTACTGGTTTGAA	UUCAAACCAGUAGUUCCUAUUGCACAUAUU	0
NM_006219.3:4678-4707	NM_006219.3	NM_006219.3.fasta	4678	4707	+	30	ATATGTGCAATAGGAACTACTGGTTTGAAT	AUUCAAACCAGUAGUUCCUAUUGCACAUAU	0
NM_006219.3:4679-4708	NM_006219.3	NM_006219.3.fasta	4679	4708	+	30	TATGTGCAATAGGAACTACTGGTTTGAATG	CAUUCAAACCAGUAGUUCCUAUUGCACAUA	0
NM_006219.3:4680-4709	NM_006219.3	NM_006219.3.fasta	4680	4709	+	30	ATGTGCAATAGGAACTACTGGTTTGAATGT	ACAUUCAAACCAGUAGUUCCUAUUGCACAU	0
NM_006219.3:4681-4710	NM_006219.3	NM_006219.3.fasta	4681	4710	+	30	TGTGCAATAGGAACTACTGGTTTGAATGTG	CACAUUCAAACCAGUAGUUCCUAUUGCACA	0
NM_006219.3:4682-4711	NM_006219.3	NM_006219.3.fasta	4682	4711	+	30	GTGCAATAGGAACTACTGGTTTGAATGTGT	ACACAUUCAAACCAGUAGUUCCUAUUGCAC	0
NM_006219.3:4683-4712	NM_006219.3	NM_006219.3.fasta	4683	4712	+	30	TGCAATAGGAACTACTGGTTTGAATGTGTA	UACACAUUCAAACCAGUAGUUCCUAUUGCA	0
NM_006219.3:4684-4713	NM_006219.3	NM_006219.3.fasta	4684	4713	+	30	GCAATAGGAACTACTGGTTTGAATGTGTAA	UUACACAUUCAAACCAGUAGUUCCUAUUGC	0
NM_006219.3:4685-4714	NM_006219.3	NM_006219.3.fasta	4685	4714	+	30	CAATAGGAACTACTGGTTTGAATGTGTAAA	UUUACACAUUCAAACCAGUAGUUCCUAUUG	0
NM_006219.3:4686-4715	NM_006219.3	NM_006219.3.fasta	4686	4715	+	30	AATAGGAACTACTGGTTTGAATGTGTAAAT	AUUUACACAUUCAAACCAGUAGUUCCUAUU	0
NM_006219.3:4687-4716	NM_006219.3	NM_006219.3.fasta	4687	4716	+	30	ATAGGAACTACTGGTTTGAATGTGTAAATG	CAUUUACACAUUCAAACCAGUAGUUCCUAU	0
NM_006219.3:4688-4717	NM_006219.3	NM_006219.3.fasta	4688	4717	+	30	TAGGAACTACTGGTTTGAATGTGTAAATGG	CCAUUUACACAUUCAAACCAGUAGUUCCUA	0
NM_006219.3:4689-4718	NM_006219.3	NM_006219.3.fasta	4689	4718	+	30	AGGAACTACTGGTTTGAATGTGTAAATGGG	CCCAUUUACACAUUCAAACCAGUAGUUCCU	0
NM_006219.3:4690-4719	NM_006219.3	NM_006219.3.fasta	4690	4719	+	30	GGAACTACTGGTTTGAATGTGTAAATGGGT	ACCCAUUUACACAUUCAAACCAGUAGUUCC	0
NM_006219.3:4691-4720	NM_006219.3	NM_006219.3.fasta	4691	4720	+	30	GAACTACTGGTTTGAATGTGTAAATGGGTG	CACCCAUUUACACAUUCAAACCAGUAGUUC	0
NM_006219.3:4692-4721	NM_006219.3	NM_006219.3.fasta	4692	4721	+	30	AACTACTGGTTTGAATGTGTAAATGGGTGA	UCACCCAUUUACACAUUCAAACCAGUAGUU	0
NM_006219.3:4693-4722	NM_006219.3	NM_006219.3.fasta	4693	4722	+	30	ACTACTGGTTTGAATGTGTAAATGGGTGAT	AUCACCCAUUUACACAUUCAAACCAGUAGU	0
NM_006219.3:4694-4723	NM_006219.3	NM_006219.3.fasta	4694	4723	+	30	CTACTGGTTTGAATGTGTAAATGGGTGATC	GAUCACCCAUUUACACAUUCAAACCAGUAG	0
NM_006219.3:4695-4724	NM_006219.3	NM_006219.3.fasta	4695	4724	+	30	TACTGGTTTGAATGTGTAAATGGGTGATCT	AGAUCACCCAUUUACACAUUCAAACCAGUA	0
NM_006219.3:4696-4725	NM_006219.3	NM_006219.3.fasta	4696	4725	+	30	ACTGGTTTGAATGTGTAAATGGGTGATCTC	GAGAUCACCCAUUUACACAUUCAAACCAGU	0
NM_006219.3:4697-4726	NM_006219.3	NM_006219.3.fasta	4697	4726	+	30	CTGGTTTGAATGTGTAAATGGGTGATCTCT	AGAGAUCACCCAUUUACACAUUCAAACCAG	0
NM_006219.3:4698-4727	NM_006219.3	NM_006219.3.fasta	4698	4727	+	30	TGGTTTGAATGTGTAAATGGGTGATCTCTC	GAGAGAUCACCCAUUUACACAUUCAAACCA	0
NM_006219.3:4699-4728	NM_006219.3	NM_006219.3.fasta	4699	4728	+	30	GGTTTGAATGTGTAAATGGGTGATCTCTCT	AGAGAGAUCACCCAUUUACACAUUCAAACC	0
NM_006219.3:4700-4729	NM_006219.3	NM_006219.3.fasta	4700	4729	+	30	GTTTGAATGTGTAAATGGGTGATCTCTCTG	CAGAGAGAUCACCCAUUUACACAUUCAAAC	0
NM_006219.3:4701-4730	NM_006219.3	NM_006219.3.fasta	4701	4730	+	30	TTTGAATGTGTAAATGGGTGATCTCTCTGA	UCAGAGAGAUCACCCAUUUACACAUUCAAA	0
NM_006219.3:4702-4731	NM_006219.3	NM_006219.3.fasta	4702	4731	+	30	TTGAATGTGTAAATGGGTGATCTCTCTGAG	CUCAGAGAGAUCACCCAUUUACACAUUCAA	0
NM_006219.3:4703-4732	NM_006219.3	NM_006219.3.fasta	4703	4732	+	30	TGAATGTGTAAATGGGTGATCTCTCTGAGT	ACUCAGAGAGAUCACCCAUUUACACAUUCA	0
NM_006219.3:4704-4733	NM_006219.3	NM_006219.3.fasta	4704	4733	+	30	GAATGTGTAAATGGGTGATCTCTCTGAGTC	GACUCAGAGAGAUCACCCAUUUACACAUUC	0
NM_006219.3:4705-4734	NM_006219.3	NM_006219.3.fasta	4705	4734	+	30	AATGTGTAAATGGGTGATCTCTCTGAGTCC	GGACUCAGAGAGAUCACCCAUUUACACAUU	0
NM_006219.3:4706-4735	NM_006219.3	NM_006219.3.fasta	4706	4735	+	30	ATGTGTAAATGGGTGATCTCTCTGAGTCCT	AGGACUCAGAGAGAUCACCCAUUUACACAU	0
NM_006219.3:4707-4736	NM_006219.3	NM_006219.3.fasta	4707	4736	+	30	TGTGTAAATGGGTGATCTCTCTGAGTCCTG	CAGGACUCAGAGAGAUCACCCAUUUACACA	0
NM_006219.3:4708-4737	NM_006219.3	NM_006219.3.fasta	4708	4737	+	30	GTGTAAATGGGTGATCTCTCTGAGTCCTGG	CCAGGACUCAGAGAGAUCACCCAUUUACAC	0
NM_006219.3:4709-4738	NM_006219.3	NM_006219.3.fasta	4709	4738	+	30	TGTAAATGGGTGATCTCTCTGAGTCCTGGC	GCCAGGACUCAGAGAGAUCACCCAUUUACA	0
NM_006219.3:4710-4739	NM_006219.3	NM_006219.3.fasta	4710	4739	+	30	GTAAATGGGTGATCTCTCTGAGTCCTGGCA	UGCCAGGACUCAGAGAGAUCACCCAUUUAC	0
NM_006219.3:4711-4740	NM_006219.3	NM_006219.3.fasta	4711	4740	+	30	TAAATGGGTGATCTCTCTGAGTCCTGGCAA	UUGCCAGGACUCAGAGAGAUCACCCAUUUA	0
NM_006219.3:4712-4741	NM_006219.3	NM_006219.3.fasta	4712	4741	+	30	AAATGGGTGATCTCTCTGAGTCCTGGCAAC	GUUGCCAGGACUCAGAGAGAUCACCCAUUU	0
NM_006219.3:4713-4742	NM_006219.3	NM_006219.3.fasta	4713	4742	+	30	AATGGGTGATCTCTCTGAGTCCTGGCAACA	UGUUGCCAGGACUCAGAGAGAUCACCCAUU	0
NM_006219.3:4714-4743	NM_006219.3	NM_006219.3.fasta	4714	4743	+	30	ATGGGTGATCTCTCTGAGTCCTGGCAACAT	AUGUUGCCAGGACUCAGAGAGAUCACCCAU	0
NM_006219.3:4715-4744	NM_006219.3	NM_006219.3.fasta	4715	4744	+	30	TGGGTGATCTCTCTGAGTCCTGGCAACATC	GAUGUUGCCAGGACUCAGAGAGAUCACCCA	0
NM_006219.3:4716-4745	NM_006219.3	NM_006219.3.fasta	4716	4745	+	30	GGGTGATCTCTCTGAGTCCTGGCAACATCC	GGAUGUUGCCAGGACUCAGAGAGAUCACCC	0
NM_006219.3:4717-4746	NM_006219.3	NM_006219.3.fasta	4717	4746	+	30	GGTGATCTCTCTGAGTCCTGGCAACATCCA	UGGAUGUUGCCAGGACUCAGAGAGAUCACC	0
NM_006219.3:4718-4747	NM_006219.3	NM_006219.3.fasta	4718	4747	+	30	GTGATCTCTCTGAGTCCTGGCAACATCCAG	CUGGAUGUUGCCAGGACUCAGAGAGAUCAC	0
NM_006219.3:4719-4748	NM_006219.3	NM_006219.3.fasta	4719	4748	+	30	TGATCTCTCTGAGTCCTGGCAACATCCAGC	GCUGGAUGUUGCCAGGACUCAGAGAGAUCA	0
NM_006219.3:4720-4749	NM_006219.3	NM_006219.3.fasta	4720	4749	+	30	GATCTCTCTGAGTCCTGGCAACATCCAGCA	UGCUGGAUGUUGCCAGGACUCAGAGAGAUC	0
NM_006219.3:4721-4750	NM_006219.3	NM_006219.3.fasta	4721	4750	+	30	ATCTCTCTGAGTCCTGGCAACATCCAGCAA	UUGCUGGAUGUUGCCAGGACUCAGAGAGAU	0
NM_006219.3:4722-4751	NM_006219.3	NM_006219.3.fasta	4722	4751	+	30	TCTCTCTGAGTCCTGGCAACATCCAGCAAA	UUUGCUGGAUGUUGCCAGGACUCAGAGAGA	0
NM_006219.3:4723-4752	NM_006219.3	NM_006219.3.fasta	4723	4752	+	30	CTCTCTGAGTCCTGGCAACATCCAGCAAAA	UUUUGCUGGAUGUUGCCAGGACUCAGAGAG	0
NM_006219.3:4724-4753	NM_006219.3	NM_006219.3.fasta	4724	4753	+	30	TCTCTGAGTCCTGGCAACATCCAGCAAAAC	GUUUUGCUGGAUGUUGCCAGGACUCAGAGA	0
NM_006219.3:4725-4754	NM_006219.3	NM_006219.3.fasta	4725	4754	+	30	CTCTGAGTCCTGGCAACATCCAGCAAAACT	AGUUUUGCUGGAUGUUGCCAGGACUCAGAG	0
NM_006219.3:4726-4755	NM_006219.3	NM_006219.3.fasta	4726	4755	+	30	TCTGAGTCCTGGCAACATCCAGCAAAACTA	UAGUUUUGCUGGAUGUUGCCAGGACUCAGA	0
NM_006219.3:4727-4756	NM_006219.3	NM_006219.3.fasta	4727	4756	+	30	CTGAGTCCTGGCAACATCCAGCAAAACTAC	GUAGUUUUGCUGGAUGUUGCCAGGACUCAG	0
NM_006219.3:4728-4757	NM_006219.3	NM_006219.3.fasta	4728	4757	+	30	TGAGTCCTGGCAACATCCAGCAAAACTACT	AGUAGUUUUGCUGGAUGUUGCCAGGACUCA	0
NM_006219.3:4729-4758	NM_006219.3	NM_006219.3.fasta	4729	4758	+	30	GAGTCCTGGCAACATCCAGCAAAACTACTG	CAGUAGUUUUGCUGGAUGUUGCCAGGACUC	0
NM_006219.3:4730-4759	NM_006219.3	NM_006219.3.fasta	4730	4759	+	30	AGTCCTGGCAACATCCAGCAAAACTACTGC	GCAGUAGUUUUGCUGGAUGUUGCCAGGACU	0
NM_006219.3:4731-4760	NM_006219.3	NM_006219.3.fasta	4731	4760	+	30	GTCCTGGCAACATCCAGCAAAACTACTGCT	AGCAGUAGUUUUGCUGGAUGUUGCCAGGAC	0
NM_006219.3:4732-4761	NM_006219.3	NM_006219.3.fasta	4732	4761	+	30	TCCTGGCAACATCCAGCAAAACTACTGCTT	AAGCAGUAGUUUUGCUGGAUGUUGCCAGGA	0
NM_006219.3:4733-4762	NM_006219.3	NM_006219.3.fasta	4733	4762	+	30	CCTGGCAACATCCAGCAAAACTACTGCTTA	UAAGCAGUAGUUUUGCUGGAUGUUGCCAGG	0
NM_006219.3:4734-4763	NM_006219.3	NM_006219.3.fasta	4734	4763	+	30	CTGGCAACATCCAGCAAAACTACTGCTTAT	AUAAGCAGUAGUUUUGCUGGAUGUUGCCAG	0
NM_006219.3:4735-4764	NM_006219.3	NM_006219.3.fasta	4735	4764	+	30	TGGCAACATCCAGCAAAACTACTGCTTATT	AAUAAGCAGUAGUUUUGCUGGAUGUUGCCA	0
NM_006219.3:4736-4765	NM_006219.3	NM_006219.3.fasta	4736	4765	+	30	GGCAACATCCAGCAAAACTACTGCTTATTC	GAAUAAGCAGUAGUUUUGCUGGAUGUUGCC	0
NM_006219.3:4737-4766	NM_006219.3	NM_006219.3.fasta	4737	4766	+	30	GCAACATCCAGCAAAACTACTGCTTATTCT	AGAAUAAGCAGUAGUUUUGCUGGAUGUUGC	0
NM_006219.3:4738-4767	NM_006219.3	NM_006219.3.fasta	4738	4767	+	30	CAACATCCAGCAAAACTACTGCTTATTCTC	GAGAAUAAGCAGUAGUUUUGCUGGAUGUUG	0
NM_006219.3:4739-4768	NM_006219.3	NM_006219.3.fasta	4739	4768	+	30	AACATCCAGCAAAACTACTGCTTATTCTCC	GGAGAAUAAGCAGUAGUUUUGCUGGAUGUU	0
NM_006219.3:4740-4769	NM_006219.3	NM_006219.3.fasta	4740	4769	+	30	ACATCCAGCAAAACTACTGCTTATTCTCCA	UGGAGAAUAAGCAGUAGUUUUGCUGGAUGU	0
NM_006219.3:4741-4770	NM_006219.3	NM_006219.3.fasta	4741	4770	+	30	CATCCAGCAAAACTACTGCTTATTCTCCAA	UUGGAGAAUAAGCAGUAGUUUUGCUGGAUG	0
NM_006219.3:4742-4771	NM_006219.3	NM_006219.3.fasta	4742	4771	+	30	ATCCAGCAAAACTACTGCTTATTCTCCAAA	UUUGGAGAAUAAGCAGUAGUUUUGCUGGAU	0
NM_006219.3:4743-4772	NM_006219.3	NM_006219.3.fasta	4743	4772	+	30	TCCAGCAAAACTACTGCTTATTCTCCAAAG	CUUUGGAGAAUAAGCAGUAGUUUUGCUGGA	0
NM_006219.3:4744-4773	NM_006219.3	NM_006219.3.fasta	4744	4773	+	30	CCAGCAAAACTACTGCTTATTCTCCAAAGA	UCUUUGGAGAAUAAGCAGUAGUUUUGCUGG	0
NM_006219.3:4745-4774	NM_006219.3	NM_006219.3.fasta	4745	4774	+	30	CAGCAAAACTACTGCTTATTCTCCAAAGAA	UUCUUUGGAGAAUAAGCAGUAGUUUUGCUG	0
NM_006219.3:4746-4775	NM_006219.3	NM_006219.3.fasta	4746	4775	+	30	AGCAAAACTACTGCTTATTCTCCAAAGAAT	AUUCUUUGGAGAAUAAGCAGUAGUUUUGCU	0
NM_006219.3:4747-4776	NM_006219.3	NM_006219.3.fasta	4747	4776	+	30	GCAAAACTACTGCTTATTCTCCAAAGAATA	UAUUCUUUGGAGAAUAAGCAGUAGUUUUGC	0
NM_006219.3:4748-4777	NM_006219.3	NM_006219.3.fasta	4748	4777	+	30	CAAAACTACTGCTTATTCTCCAAAGAATAT	AUAUUCUUUGGAGAAUAAGCAGUAGUUUUG	0
NM_006219.3:4749-4778	NM_006219.3	NM_006219.3.fasta	4749	4778	+	30	AAAACTACTGCTTATTCTCCAAAGAATATT	AAUAUUCUUUGGAGAAUAAGCAGUAGUUUU	0
NM_006219.3:4750-4779	NM_006219.3	NM_006219.3.fasta	4750	4779	+	30	AAACTACTGCTTATTCTCCAAAGAATATTG	CAAUAUUCUUUGGAGAAUAAGCAGUAGUUU	0
NM_006219.3:4751-4780	NM_006219.3	NM_006219.3.fasta	4751	4780	+	30	AACTACTGCTTATTCTCCAAAGAATATTGG	CCAAUAUUCUUUGGAGAAUAAGCAGUAGUU	0
NM_006219.3:4752-4781	NM_006219.3	NM_006219.3.fasta	4752	4781	+	30	ACTACTGCTTATTCTCCAAAGAATATTGGG	CCCAAUAUUCUUUGGAGAAUAAGCAGUAGU	0
NM_006219.3:4753-4782	NM_006219.3	NM_006219.3.fasta	4753	4782	+	30	CTACTGCTTATTCTCCAAAGAATATTGGGA	UCCCAAUAUUCUUUGGAGAAUAAGCAGUAG	0
NM_006219.3:4754-4783	NM_006219.3	NM_006219.3.fasta	4754	4783	+	30	TACTGCTTATTCTCCAAAGAATATTGGGAG	CUCCCAAUAUUCUUUGGAGAAUAAGCAGUA	0
NM_006219.3:4755-4784	NM_006219.3	NM_006219.3.fasta	4755	4784	+	30	ACTGCTTATTCTCCAAAGAATATTGGGAGC	GCUCCCAAUAUUCUUUGGAGAAUAAGCAGU	0
NM_006219.3:4756-4785	NM_006219.3	NM_006219.3.fasta	4756	4785	+	30	CTGCTTATTCTCCAAAGAATATTGGGAGCT	AGCUCCCAAUAUUCUUUGGAGAAUAAGCAG	0
NM_006219.3:4757-4786	NM_006219.3	NM_006219.3.fasta	4757	4786	+	30	TGCTTATTCTCCAAAGAATATTGGGAGCTC	GAGCUCCCAAUAUUCUUUGGAGAAUAAGCA	0
NM_006219.3:4758-4787	NM_006219.3	NM_006219.3.fasta	4758	4787	+	30	GCTTATTCTCCAAAGAATATTGGGAGCTCT	AGAGCUCCCAAUAUUCUUUGGAGAAUAAGC	0
NM_006219.3:4759-4788	NM_006219.3	NM_006219.3.fasta	4759	4788	+	30	CTTATTCTCCAAAGAATATTGGGAGCTCTC	GAGAGCUCCCAAUAUUCUUUGGAGAAUAAG	0
NM_006219.3:4760-4789	NM_006219.3	NM_006219.3.fasta	4760	4789	+	30	TTATTCTCCAAAGAATATTGGGAGCTCTCA	UGAGAGCUCCCAAUAUUCUUUGGAGAAUAA	0
NM_006219.3:4761-4790	NM_006219.3	NM_006219.3.fasta	4761	4790	+	30	TATTCTCCAAAGAATATTGGGAGCTCTCAA	UUGAGAGCUCCCAAUAUUCUUUGGAGAAUA	0
NM_006219.3:4762-4791	NM_006219.3	NM_006219.3.fasta	4762	4791	+	30	ATTCTCCAAAGAATATTGGGAGCTCTCAAT	AUUGAGAGCUCCCAAUAUUCUUUGGAGAAU	0
NM_006219.3:4763-4792	NM_006219.3	NM_006219.3.fasta	4763	4792	+	30	TTCTCCAAAGAATATTGGGAGCTCTCAATC	GAUUGAGAGCUCCCAAUAUUCUUUGGAGAA	0
NM_006219.3:4764-4793	NM_006219.3	NM_006219.3.fasta	4764	4793	+	30	TCTCCAAAGAATATTGGGAGCTCTCAATCC	GGAUUGAGAGCUCCCAAUAUUCUUUGGAGA	0
NM_006219.3:4765-4794	NM_006219.3	NM_006219.3.fasta	4765	4794	+	30	CTCCAAAGAATATTGGGAGCTCTCAATCCT	AGGAUUGAGAGCUCCCAAUAUUCUUUGGAG	0
NM_006219.3:4766-4795	NM_006219.3	NM_006219.3.fasta	4766	4795	+	30	TCCAAAGAATATTGGGAGCTCTCAATCCTC	GAGGAUUGAGAGCUCCCAAUAUUCUUUGGA	0
NM_006219.3:4767-4796	NM_006219.3	NM_006219.3.fasta	4767	4796	+	30	CCAAAGAATATTGGGAGCTCTCAATCCTCG	CGAGGAUUGAGAGCUCCCAAUAUUCUUUGG	0
NM_006219.3:4768-4797	NM_006219.3	NM_006219.3.fasta	4768	4797	+	30	CAAAGAATATTGGGAGCTCTCAATCCTCGG	CCGAGGAUUGAGAGCUCCCAAUAUUCUUUG	0
NM_006219.3:4769-4798	NM_006219.3	NM_006219.3.fasta	4769	4798	+	30	AAAGAATATTGGGAGCTCTCAATCCTCGGT	ACCGAGGAUUGAGAGCUCCCAAUAUUCUUU	0
NM_006219.3:4770-4799	NM_006219.3	NM_006219.3.fasta	4770	4799	+	30	AAGAATATTGGGAGCTCTCAATCCTCGGTG	CACCGAGGAUUGAGAGCUCCCAAUAUUCUU	0
NM_006219.3:4771-4800	NM_006219.3	NM_006219.3.fasta	4771	4800	+	30	AGAATATTGGGAGCTCTCAATCCTCGGTGA	UCACCGAGGAUUGAGAGCUCCCAAUAUUCU	0
NM_006219.3:4772-4801	NM_006219.3	NM_006219.3.fasta	4772	4801	+	30	GAATATTGGGAGCTCTCAATCCTCGGTGAT	AUCACCGAGGAUUGAGAGCUCCCAAUAUUC	0
NM_006219.3:4773-4802	NM_006219.3	NM_006219.3.fasta	4773	4802	+	30	AATATTGGGAGCTCTCAATCCTCGGTGATA	UAUCACCGAGGAUUGAGAGCUCCCAAUAUU	0
NM_006219.3:4774-4803	NM_006219.3	NM_006219.3.fasta	4774	4803	+	30	ATATTGGGAGCTCTCAATCCTCGGTGATAT	AUAUCACCGAGGAUUGAGAGCUCCCAAUAU	0
NM_006219.3:4775-4804	NM_006219.3	NM_006219.3.fasta	4775	4804	+	30	TATTGGGAGCTCTCAATCCTCGGTGATATG	CAUAUCACCGAGGAUUGAGAGCUCCCAAUA	0
NM_006219.3:4776-4805	NM_006219.3	NM_006219.3.fasta	4776	4805	+	30	ATTGGGAGCTCTCAATCCTCGGTGATATGG	CCAUAUCACCGAGGAUUGAGAGCUCCCAAU	0
NM_006219.3:4777-4806	NM_006219.3	NM_006219.3.fasta	4777	4806	+	30	TTGGGAGCTCTCAATCCTCGGTGATATGGG	CCCAUAUCACCGAGGAUUGAGAGCUCCCAA	0
NM_006219.3:4778-4807	NM_006219.3	NM_006219.3.fasta	4778	4807	+	30	TGGGAGCTCTCAATCCTCGGTGATATGGGA	UCCCAUAUCACCGAGGAUUGAGAGCUCCCA	0
NM_006219.3:4779-4808	NM_006219.3	NM_006219.3.fasta	4779	4808	+	30	GGGAGCTCTCAATCCTCGGTGATATGGGAA	UUCCCAUAUCACCGAGGAUUGAGAGCUCCC	0
NM_006219.3:4780-4809	NM_006219.3	NM_006219.3.fasta	4780	4809	+	30	GGAGCTCTCAATCCTCGGTGATATGGGAAA	UUUCCCAUAUCACCGAGGAUUGAGAGCUCC	0
NM_006219.3:4781-4810	NM_006219.3	NM_006219.3.fasta	4781	4810	+	30	GAGCTCTCAATCCTCGGTGATATGGGAAAG	CUUUCCCAUAUCACCGAGGAUUGAGAGCUC	0
NM_006219.3:4782-4811	NM_006219.3	NM_006219.3.fasta	4782	4811	+	30	AGCTCTCAATCCTCGGTGATATGGGAAAGA	UCUUUCCCAUAUCACCGAGGAUUGAGAGCU	0
NM_006219.3:4783-4812	NM_006219.3	NM_006219.3.fasta	4783	4812	+	30	GCTCTCAATCCTCGGTGATATGGGAAAGAG	CUCUUUCCCAUAUCACCGAGGAUUGAGAGC	0
NM_006219.3:4784-4813	NM_006219.3	NM_006219.3.fasta	4784	4813	+	30	CTCTCAATCCTCGGTGATATGGGAAAGAGA	UCUCUUUCCCAUAUCACCGAGGAUUGAGAG	0
NM_006219.3:4785-4814	NM_006219.3	NM_006219.3.fasta	4785	4814	+	30	TCTCAATCCTCGGTGATATGGGAAAGAGAA	UUCUCUUUCCCAUAUCACCGAGGAUUGAGA	0
NM_006219.3:4786-4815	NM_006219.3	NM_006219.3.fasta	4786	4815	+	30	CTCAATCCTCGGTGATATGGGAAAGAGAAC	GUUCUCUUUCCCAUAUCACCGAGGAUUGAG	0
NM_006219.3:4787-4816	NM_006219.3	NM_006219.3.fasta	4787	4816	+	30	TCAATCCTCGGTGATATGGGAAAGAGAACT	AGUUCUCUUUCCCAUAUCACCGAGGAUUGA	0
NM_006219.3:4788-4817	NM_006219.3	NM_006219.3.fasta	4788	4817	+	30	CAATCCTCGGTGATATGGGAAAGAGAACTG	CAGUUCUCUUUCCCAUAUCACCGAGGAUUG	0
NM_006219.3:4789-4818	NM_006219.3	NM_006219.3.fasta	4789	4818	+	30	AATCCTCGGTGATATGGGAAAGAGAACTGA	UCAGUUCUCUUUCCCAUAUCACCGAGGAUU	0
NM_006219.3:4790-4819	NM_006219.3	NM_006219.3.fasta	4790	4819	+	30	ATCCTCGGTGATATGGGAAAGAGAACTGAG	CUCAGUUCUCUUUCCCAUAUCACCGAGGAU	0
NM_006219.3:4791-4820	NM_006219.3	NM_006219.3.fasta	4791	4820	+	30	TCCTCGGTGATATGGGAAAGAGAACTGAGT	ACUCAGUUCUCUUUCCCAUAUCACCGAGGA	0
NM_006219.3:4792-4821	NM_006219.3	NM_006219.3.fasta	4792	4821	+	30	CCTCGGTGATATGGGAAAGAGAACTGAGTA	UACUCAGUUCUCUUUCCCAUAUCACCGAGG	0
NM_006219.3:4793-4822	NM_006219.3	NM_006219.3.fasta	4793	4822	+	30	CTCGGTGATATGGGAAAGAGAACTGAGTAT	AUACUCAGUUCUCUUUCCCAUAUCACCGAG	0
NM_006219.3:4794-4823	NM_006219.3	NM_006219.3.fasta	4794	4823	+	30	TCGGTGATATGGGAAAGAGAACTGAGTATT	AAUACUCAGUUCUCUUUCCCAUAUCACCGA	0
NM_006219.3:4795-4824	NM_006219.3	NM_006219.3.fasta	4795	4824	+	30	CGGTGATATGGGAAAGAGAACTGAGTATTT	AAAUACUCAGUUCUCUUUCCCAUAUCACCG	0
NM_006219.3:4796-4825	NM_006219.3	NM_006219.3.fasta	4796	4825	+	30	GGTGATATGGGAAAGAGAACTGAGTATTTG	CAAAUACUCAGUUCUCUUUCCCAUAUCACC	0
NM_006219.3:4797-4826	NM_006219.3	NM_006219.3.fasta	4797	4826	+	30	GTGATATGGGAAAGAGAACTGAGTATTTGC	GCAAAUACUCAGUUCUCUUUCCCAUAUCAC	0
NM_006219.3:4798-4827	NM_006219.3	NM_006219.3.fasta	4798	4827	+	30	TGATATGGGAAAGAGAACTGAGTATTTGCC	GGCAAAUACUCAGUUCUCUUUCCCAUAUCA	0
NM_006219.3:4799-4828	NM_006219.3	NM_006219.3.fasta	4799	4828	+	30	GATATGGGAAAGAGAACTGAGTATTTGCCC	GGGCAAAUACUCAGUUCUCUUUCCCAUAUC	0
NM_006219.3:4800-4829	NM_006219.3	NM_006219.3.fasta	4800	4829	+	30	ATATGGGAAAGAGAACTGAGTATTTGCCCT	AGGGCAAAUACUCAGUUCUCUUUCCCAUAU	0
NM_006219.3:4801-4830	NM_006219.3	NM_006219.3.fasta	4801	4830	+	30	TATGGGAAAGAGAACTGAGTATTTGCCCTA	UAGGGCAAAUACUCAGUUCUCUUUCCCAUA	0
NM_006219.3:4802-4831	NM_006219.3	NM_006219.3.fasta	4802	4831	+	30	ATGGGAAAGAGAACTGAGTATTTGCCCTAT	AUAGGGCAAAUACUCAGUUCUCUUUCCCAU	0
NM_006219.3:4803-4832	NM_006219.3	NM_006219.3.fasta	4803	4832	+	30	TGGGAAAGAGAACTGAGTATTTGCCCTATG	CAUAGGGCAAAUACUCAGUUCUCUUUCCCA	0
NM_006219.3:4804-4833	NM_006219.3	NM_006219.3.fasta	4804	4833	+	30	GGGAAAGAGAACTGAGTATTTGCCCTATGA	UCAUAGGGCAAAUACUCAGUUCUCUUUCCC	0
NM_006219.3:4805-4834	NM_006219.3	NM_006219.3.fasta	4805	4834	+	30	GGAAAGAGAACTGAGTATTTGCCCTATGAC	GUCAUAGGGCAAAUACUCAGUUCUCUUUCC	0
NM_006219.3:4806-4835	NM_006219.3	NM_006219.3.fasta	4806	4835	+	30	GAAAGAGAACTGAGTATTTGCCCTATGACT	AGUCAUAGGGCAAAUACUCAGUUCUCUUUC	0
NM_006219.3:4807-4836	NM_006219.3	NM_006219.3.fasta	4807	4836	+	30	AAAGAGAACTGAGTATTTGCCCTATGACTG	CAGUCAUAGGGCAAAUACUCAGUUCUCUUU	0
NM_006219.3:4808-4837	NM_006219.3	NM_006219.3.fasta	4808	4837	+	30	AAGAGAACTGAGTATTTGCCCTATGACTGA	UCAGUCAUAGGGCAAAUACUCAGUUCUCUU	0
NM_006219.3:4809-4838	NM_006219.3	NM_006219.3.fasta	4809	4838	+	30	AGAGAACTGAGTATTTGCCCTATGACTGAG	CUCAGUCAUAGGGCAAAUACUCAGUUCUCU	0
NM_006219.3:4810-4839	NM_006219.3	NM_006219.3.fasta	4810	4839	+	30	GAGAACTGAGTATTTGCCCTATGACTGAGC	GCUCAGUCAUAGGGCAAAUACUCAGUUCUC	0
NM_006219.3:4811-4840	NM_006219.3	NM_006219.3.fasta	4811	4840	+	30	AGAACTGAGTATTTGCCCTATGACTGAGCT	AGCUCAGUCAUAGGGCAAAUACUCAGUUCU	0
NM_006219.3:4812-4841	NM_006219.3	NM_006219.3.fasta	4812	4841	+	30	GAACTGAGTATTTGCCCTATGACTGAGCTT	AAGCUCAGUCAUAGGGCAAAUACUCAGUUC	0
NM_006219.3:4813-4842	NM_006219.3	NM_006219.3.fasta	4813	4842	+	30	AACTGAGTATTTGCCCTATGACTGAGCTTT	AAAGCUCAGUCAUAGGGCAAAUACUCAGUU	0
NM_006219.3:4814-4843	NM_006219.3	NM_006219.3.fasta	4814	4843	+	30	ACTGAGTATTTGCCCTATGACTGAGCTTTC	GAAAGCUCAGUCAUAGGGCAAAUACUCAGU	0
NM_006219.3:4815-4844	NM_006219.3	NM_006219.3.fasta	4815	4844	+	30	CTGAGTATTTGCCCTATGACTGAGCTTTCT	AGAAAGCUCAGUCAUAGGGCAAAUACUCAG	0
NM_006219.3:4816-4845	NM_006219.3	NM_006219.3.fasta	4816	4845	+	30	TGAGTATTTGCCCTATGACTGAGCTTTCTA	UAGAAAGCUCAGUCAUAGGGCAAAUACUCA	0
NM_006219.3:4817-4846	NM_006219.3	NM_006219.3.fasta	4817	4846	+	30	GAGTATTTGCCCTATGACTGAGCTTTCTAT	AUAGAAAGCUCAGUCAUAGGGCAAAUACUC	0
NM_006219.3:4818-4847	NM_006219.3	NM_006219.3.fasta	4818	4847	+	30	AGTATTTGCCCTATGACTGAGCTTTCTATA	UAUAGAAAGCUCAGUCAUAGGGCAAAUACU	0
NM_006219.3:4819-4848	NM_006219.3	NM_006219.3.fasta	4819	4848	+	30	GTATTTGCCCTATGACTGAGCTTTCTATAG	CUAUAGAAAGCUCAGUCAUAGGGCAAAUAC	0
NM_006219.3:4820-4849	NM_006219.3	NM_006219.3.fasta	4820	4849	+	30	TATTTGCCCTATGACTGAGCTTTCTATAGG	CCUAUAGAAAGCUCAGUCAUAGGGCAAAUA	0
NM_006219.3:4821-4850	NM_006219.3	NM_006219.3.fasta	4821	4850	+	30	ATTTGCCCTATGACTGAGCTTTCTATAGGA	UCCUAUAGAAAGCUCAGUCAUAGGGCAAAU	0
NM_006219.3:4822-4851	NM_006219.3	NM_006219.3.fasta	4822	4851	+	30	TTTGCCCTATGACTGAGCTTTCTATAGGAA	UUCCUAUAGAAAGCUCAGUCAUAGGGCAAA	0
NM_006219.3:4823-4852	NM_006219.3	NM_006219.3.fasta	4823	4852	+	30	TTGCCCTATGACTGAGCTTTCTATAGGAAT	AUUCCUAUAGAAAGCUCAGUCAUAGGGCAA	0
NM_006219.3:4824-4853	NM_006219.3	NM_006219.3.fasta	4824	4853	+	30	TGCCCTATGACTGAGCTTTCTATAGGAATT	AAUUCCUAUAGAAAGCUCAGUCAUAGGGCA	0
NM_006219.3:4825-4854	NM_006219.3	NM_006219.3.fasta	4825	4854	+	30	GCCCTATGACTGAGCTTTCTATAGGAATTT	AAAUUCCUAUAGAAAGCUCAGUCAUAGGGC	0
NM_006219.3:4826-4855	NM_006219.3	NM_006219.3.fasta	4826	4855	+	30	CCCTATGACTGAGCTTTCTATAGGAATTTT	AAAAUUCCUAUAGAAAGCUCAGUCAUAGGG	0
NM_006219.3:4827-4856	NM_006219.3	NM_006219.3.fasta	4827	4856	+	30	CCTATGACTGAGCTTTCTATAGGAATTTTA	UAAAAUUCCUAUAGAAAGCUCAGUCAUAGG	0
NM_006219.3:4828-4857	NM_006219.3	NM_006219.3.fasta	4828	4857	+	30	CTATGACTGAGCTTTCTATAGGAATTTTAT	AUAAAAUUCCUAUAGAAAGCUCAGUCAUAG	0
NM_006219.3:4829-4858	NM_006219.3	NM_006219.3.fasta	4829	4858	+	30	TATGACTGAGCTTTCTATAGGAATTTTATT	AAUAAAAUUCCUAUAGAAAGCUCAGUCAUA	0
NM_006219.3:4830-4859	NM_006219.3	NM_006219.3.fasta	4830	4859	+	30	ATGACTGAGCTTTCTATAGGAATTTTATTA	UAAUAAAAUUCCUAUAGAAAGCUCAGUCAU	0
NM_006219.3:4831-4860	NM_006219.3	NM_006219.3.fasta	4831	4860	+	30	TGACTGAGCTTTCTATAGGAATTTTATTAA	UUAAUAAAAUUCCUAUAGAAAGCUCAGUCA	0
NM_006219.3:4832-4861	NM_006219.3	NM_006219.3.fasta	4832	4861	+	30	GACTGAGCTTTCTATAGGAATTTTATTAAA	UUUAAUAAAAUUCCUAUAGAAAGCUCAGUC	0
NM_006219.3:4833-4862	NM_006219.3	NM_006219.3.fasta	4833	4862	+	30	ACTGAGCTTTCTATAGGAATTTTATTAAAG	CUUUAAUAAAAUUCCUAUAGAAAGCUCAGU	0
NM_006219.3:4834-4863	NM_006219.3	NM_006219.3.fasta	4834	4863	+	30	CTGAGCTTTCTATAGGAATTTTATTAAAGA	UCUUUAAUAAAAUUCCUAUAGAAAGCUCAG	0
NM_006219.3:4835-4864	NM_006219.3	NM_006219.3.fasta	4835	4864	+	30	TGAGCTTTCTATAGGAATTTTATTAAAGAA	UUCUUUAAUAAAAUUCCUAUAGAAAGCUCA	0
NM_006219.3:4836-4865	NM_006219.3	NM_006219.3.fasta	4836	4865	+	30	GAGCTTTCTATAGGAATTTTATTAAAGAAT	AUUCUUUAAUAAAAUUCCUAUAGAAAGCUC	0
NM_006219.3:4837-4866	NM_006219.3	NM_006219.3.fasta	4837	4866	+	30	AGCTTTCTATAGGAATTTTATTAAAGAATG	CAUUCUUUAAUAAAAUUCCUAUAGAAAGCU	0
NM_006219.3:4838-4867	NM_006219.3	NM_006219.3.fasta	4838	4867	+	30	GCTTTCTATAGGAATTTTATTAAAGAATGT	ACAUUCUUUAAUAAAAUUCCUAUAGAAAGC	0
NM_006219.3:4839-4868	NM_006219.3	NM_006219.3.fasta	4839	4868	+	30	CTTTCTATAGGAATTTTATTAAAGAATGTT	AACAUUCUUUAAUAAAAUUCCUAUAGAAAG	0
NM_006219.3:4840-4869	NM_006219.3	NM_006219.3.fasta	4840	4869	+	30	TTTCTATAGGAATTTTATTAAAGAATGTTT	AAACAUUCUUUAAUAAAAUUCCUAUAGAAA	0
NM_006219.3:4841-4870	NM_006219.3	NM_006219.3.fasta	4841	4870	+	30	TTCTATAGGAATTTTATTAAAGAATGTTTA	UAAACAUUCUUUAAUAAAAUUCCUAUAGAA	0
NM_006219.3:4842-4871	NM_006219.3	NM_006219.3.fasta	4842	4871	+	30	TCTATAGGAATTTTATTAAAGAATGTTTAA	UUAAACAUUCUUUAAUAAAAUUCCUAUAGA	0
NM_006219.3:4843-4872	NM_006219.3	NM_006219.3.fasta	4843	4872	+	30	CTATAGGAATTTTATTAAAGAATGTTTAAT	AUUAAACAUUCUUUAAUAAAAUUCCUAUAG	0
NM_006219.3:4844-4873	NM_006219.3	NM_006219.3.fasta	4844	4873	+	30	TATAGGAATTTTATTAAAGAATGTTTAATT	AAUUAAACAUUCUUUAAUAAAAUUCCUAUA	0
NM_006219.3:4845-4874	NM_006219.3	NM_006219.3.fasta	4845	4874	+	30	ATAGGAATTTTATTAAAGAATGTTTAATTT	AAAUUAAACAUUCUUUAAUAAAAUUCCUAU	0
NM_006219.3:4846-4875	NM_006219.3	NM_006219.3.fasta	4846	4875	+	30	TAGGAATTTTATTAAAGAATGTTTAATTTT	AAAAUUAAACAUUCUUUAAUAAAAUUCCUA	0
NM_006219.3:4847-4876	NM_006219.3	NM_006219.3.fasta	4847	4876	+	30	AGGAATTTTATTAAAGAATGTTTAATTTTG	CAAAAUUAAACAUUCUUUAAUAAAAUUCCU	0
NM_006219.3:4848-4877	NM_006219.3	NM_006219.3.fasta	4848	4877	+	30	GGAATTTTATTAAAGAATGTTTAATTTTGT	ACAAAAUUAAACAUUCUUUAAUAAAAUUCC	0
NM_006219.3:4849-4878	NM_006219.3	NM_006219.3.fasta	4849	4878	+	30	GAATTTTATTAAAGAATGTTTAATTTTGTT	AACAAAAUUAAACAUUCUUUAAUAAAAUUC	0
NM_006219.3:4850-4879	NM_006219.3	NM_006219.3.fasta	4850	4879	+	30	AATTTTATTAAAGAATGTTTAATTTTGTTG	CAACAAAAUUAAACAUUCUUUAAUAAAAUU	0
NM_006219.3:4851-4880	NM_006219.3	NM_006219.3.fasta	4851	4880	+	30	ATTTTATTAAAGAATGTTTAATTTTGTTGT	ACAACAAAAUUAAACAUUCUUUAAUAAAAU	0
NM_006219.3:4852-4881	NM_006219.3	NM_006219.3.fasta	4852	4881	+	30	TTTTATTAAAGAATGTTTAATTTTGTTGTC	GACAACAAAAUUAAACAUUCUUUAAUAAAA	0
NM_006219.3:4853-4882	NM_006219.3	NM_006219.3.fasta	4853	4882	+	30	TTTATTAAAGAATGTTTAATTTTGTTGTCC	GGACAACAAAAUUAAACAUUCUUUAAUAAA	0
NM_006219.3:4854-4883	NM_006219.3	NM_006219.3.fasta	4854	4883	+	30	TTATTAAAGAATGTTTAATTTTGTTGTCCT	AGGACAACAAAAUUAAACAUUCUUUAAUAA	0
NM_006219.3:4855-4884	NM_006219.3	NM_006219.3.fasta	4855	4884	+	30	TATTAAAGAATGTTTAATTTTGTTGTCCTT	AAGGACAACAAAAUUAAACAUUCUUUAAUA	0
NM_006219.3:4856-4885	NM_006219.3	NM_006219.3.fasta	4856	4885	+	30	ATTAAAGAATGTTTAATTTTGTTGTCCTTC	GAAGGACAACAAAAUUAAACAUUCUUUAAU	0
NM_006219.3:4857-4886	NM_006219.3	NM_006219.3.fasta	4857	4886	+	30	TTAAAGAATGTTTAATTTTGTTGTCCTTCT	AGAAGGACAACAAAAUUAAACAUUCUUUAA	0
NM_006219.3:4858-4887	NM_006219.3	NM_006219.3.fasta	4858	4887	+	30	TAAAGAATGTTTAATTTTGTTGTCCTTCTT	AAGAAGGACAACAAAAUUAAACAUUCUUUA	0
NM_006219.3:4859-4888	NM_006219.3	NM_006219.3.fasta	4859	4888	+	30	AAAGAATGTTTAATTTTGTTGTCCTTCTTA	UAAGAAGGACAACAAAAUUAAACAUUCUUU	0
NM_006219.3:4860-4889	NM_006219.3	NM_006219.3.fasta	4860	4889	+	30	AAGAATGTTTAATTTTGTTGTCCTTCTTAA	UUAAGAAGGACAACAAAAUUAAACAUUCUU	0
NM_006219.3:4861-4890	NM_006219.3	NM_006219.3.fasta	4861	4890	+	30	AGAATGTTTAATTTTGTTGTCCTTCTTAAT	AUUAAGAAGGACAACAAAAUUAAACAUUCU	0
NM_006219.3:4862-4891	NM_006219.3	NM_006219.3.fasta	4862	4891	+	30	GAATGTTTAATTTTGTTGTCCTTCTTAATG	CAUUAAGAAGGACAACAAAAUUAAACAUUC	0
NM_006219.3:4863-4892	NM_006219.3	NM_006219.3.fasta	4863	4892	+	30	AATGTTTAATTTTGTTGTCCTTCTTAATGT	ACAUUAAGAAGGACAACAAAAUUAAACAUU	0
NM_006219.3:4864-4893	NM_006219.3	NM_006219.3.fasta	4864	4893	+	30	ATGTTTAATTTTGTTGTCCTTCTTAATGTT	AACAUUAAGAAGGACAACAAAAUUAAACAU	0
NM_006219.3:4865-4894	NM_006219.3	NM_006219.3.fasta	4865	4894	+	30	TGTTTAATTTTGTTGTCCTTCTTAATGTTC	GAACAUUAAGAAGGACAACAAAAUUAAACA	0
NM_006219.3:4866-4895	NM_006219.3	NM_006219.3.fasta	4866	4895	+	30	GTTTAATTTTGTTGTCCTTCTTAATGTTCT	AGAACAUUAAGAAGGACAACAAAAUUAAAC	0
NM_006219.3:4867-4896	NM_006219.3	NM_006219.3.fasta	4867	4896	+	30	TTTAATTTTGTTGTCCTTCTTAATGTTCTC	GAGAACAUUAAGAAGGACAACAAAAUUAAA	0
NM_006219.3:4868-4897	NM_006219.3	NM_006219.3.fasta	4868	4897	+	30	TTAATTTTGTTGTCCTTCTTAATGTTCTCA	UGAGAACAUUAAGAAGGACAACAAAAUUAA	0
NM_006219.3:4869-4898	NM_006219.3	NM_006219.3.fasta	4869	4898	+	30	TAATTTTGTTGTCCTTCTTAATGTTCTCAG	CUGAGAACAUUAAGAAGGACAACAAAAUUA	0
NM_006219.3:4870-4899	NM_006219.3	NM_006219.3.fasta	4870	4899	+	30	AATTTTGTTGTCCTTCTTAATGTTCTCAGT	ACUGAGAACAUUAAGAAGGACAACAAAAUU	0
NM_006219.3:4871-4900	NM_006219.3	NM_006219.3.fasta	4871	4900	+	30	ATTTTGTTGTCCTTCTTAATGTTCTCAGTC	GACUGAGAACAUUAAGAAGGACAACAAAAU	0
NM_006219.3:4872-4901	NM_006219.3	NM_006219.3.fasta	4872	4901	+	30	TTTTGTTGTCCTTCTTAATGTTCTCAGTCA	UGACUGAGAACAUUAAGAAGGACAACAAAA	0
NM_006219.3:4873-4902	NM_006219.3	NM_006219.3.fasta	4873	4902	+	30	TTTGTTGTCCTTCTTAATGTTCTCAGTCAA	UUGACUGAGAACAUUAAGAAGGACAACAAA	0
NM_006219.3:4874-4903	NM_006219.3	NM_006219.3.fasta	4874	4903	+	30	TTGTTGTCCTTCTTAATGTTCTCAGTCAAA	UUUGACUGAGAACAUUAAGAAGGACAACAA	0
NM_006219.3:4875-4904	NM_006219.3	NM_006219.3.fasta	4875	4904	+	30	TGTTGTCCTTCTTAATGTTCTCAGTCAAAT	AUUUGACUGAGAACAUUAAGAAGGACAACA	0
NM_006219.3:4876-4905	NM_006219.3	NM_006219.3.fasta	4876	4905	+	30	GTTGTCCTTCTTAATGTTCTCAGTCAAATA	UAUUUGACUGAGAACAUUAAGAAGGACAAC	0
NM_006219.3:4877-4906	NM_006219.3	NM_006219.3.fasta	4877	4906	+	30	TTGTCCTTCTTAATGTTCTCAGTCAAATAA	UUAUUUGACUGAGAACAUUAAGAAGGACAA	0
NM_006219.3:4878-4907	NM_006219.3	NM_006219.3.fasta	4878	4907	+	30	TGTCCTTCTTAATGTTCTCAGTCAAATAAA	UUUAUUUGACUGAGAACAUUAAGAAGGACA	0
NM_006219.3:4879-4908	NM_006219.3	NM_006219.3.fasta	4879	4908	+	30	GTCCTTCTTAATGTTCTCAGTCAAATAAAT	AUUUAUUUGACUGAGAACAUUAAGAAGGAC	0
NM_006219.3:4880-4909	NM_006219.3	NM_006219.3.fasta	4880	4909	+	30	TCCTTCTTAATGTTCTCAGTCAAATAAATG	CAUUUAUUUGACUGAGAACAUUAAGAAGGA	0
NM_006219.3:4881-4910	NM_006219.3	NM_006219.3.fasta	4881	4910	+	30	CCTTCTTAATGTTCTCAGTCAAATAAATGA	UCAUUUAUUUGACUGAGAACAUUAAGAAGG	0
NM_006219.3:4882-4911	NM_006219.3	NM_006219.3.fasta	4882	4911	+	30	CTTCTTAATGTTCTCAGTCAAATAAATGAG	CUCAUUUAUUUGACUGAGAACAUUAAGAAG	0
NM_006219.3:4883-4912	NM_006219.3	NM_006219.3.fasta	4883	4912	+	30	TTCTTAATGTTCTCAGTCAAATAAATGAGT	ACUCAUUUAUUUGACUGAGAACAUUAAGAA	0
NM_006219.3:4884-4913	NM_006219.3	NM_006219.3.fasta	4884	4913	+	30	TCTTAATGTTCTCAGTCAAATAAATGAGTG	CACUCAUUUAUUUGACUGAGAACAUUAAGA	0
NM_006219.3:4885-4914	NM_006219.3	NM_006219.3.fasta	4885	4914	+	30	CTTAATGTTCTCAGTCAAATAAATGAGTGA	UCACUCAUUUAUUUGACUGAGAACAUUAAG	0
NM_006219.3:4886-4915	NM_006219.3	NM_006219.3.fasta	4886	4915	+	30	TTAATGTTCTCAGTCAAATAAATGAGTGAG	CUCACUCAUUUAUUUGACUGAGAACAUUAA	0
NM_006219.3:4887-4916	NM_006219.3	NM_006219.3.fasta	4887	4916	+	30	TAATGTTCTCAGTCAAATAAATGAGTGAGC	GCUCACUCAUUUAUUUGACUGAGAACAUUA	0
NM_006219.3:4888-4917	NM_006219.3	NM_006219.3.fasta	4888	4917	+	30	AATGTTCTCAGTCAAATAAATGAGTGAGCT	AGCUCACUCAUUUAUUUGACUGAGAACAUU	0
NM_006219.3:4889-4918	NM_006219.3	NM_006219.3.fasta	4889	4918	+	30	ATGTTCTCAGTCAAATAAATGAGTGAGCTG	CAGCUCACUCAUUUAUUUGACUGAGAACAU	0
NM_006219.3:4890-4919	NM_006219.3	NM_006219.3.fasta	4890	4919	+	30	TGTTCTCAGTCAAATAAATGAGTGAGCTGG	CCAGCUCACUCAUUUAUUUGACUGAGAACA	0
NM_006219.3:4891-4920	NM_006219.3	NM_006219.3.fasta	4891	4920	+	30	GTTCTCAGTCAAATAAATGAGTGAGCTGGT	ACCAGCUCACUCAUUUAUUUGACUGAGAAC	0
NM_006219.3:4892-4921	NM_006219.3	NM_006219.3.fasta	4892	4921	+	30	TTCTCAGTCAAATAAATGAGTGAGCTGGTT	AACCAGCUCACUCAUUUAUUUGACUGAGAA	0
NM_006219.3:4893-4922	NM_006219.3	NM_006219.3.fasta	4893	4922	+	30	TCTCAGTCAAATAAATGAGTGAGCTGGTTT	AAACCAGCUCACUCAUUUAUUUGACUGAGA	0
NM_006219.3:4894-4923	NM_006219.3	NM_006219.3.fasta	4894	4923	+	30	CTCAGTCAAATAAATGAGTGAGCTGGTTTC	GAAACCAGCUCACUCAUUUAUUUGACUGAG	0
NM_006219.3:4895-4924	NM_006219.3	NM_006219.3.fasta	4895	4924	+	30	TCAGTCAAATAAATGAGTGAGCTGGTTTCG	CGAAACCAGCUCACUCAUUUAUUUGACUGA	0
NM_006219.3:4896-4925	NM_006219.3	NM_006219.3.fasta	4896	4925	+	30	CAGTCAAATAAATGAGTGAGCTGGTTTCGG	CCGAAACCAGCUCACUCAUUUAUUUGACUG	0
NM_006219.3:4897-4926	NM_006219.3	NM_006219.3.fasta	4897	4926	+	30	AGTCAAATAAATGAGTGAGCTGGTTTCGGC	GCCGAAACCAGCUCACUCAUUUAUUUGACU	0
NM_006219.3:4898-4927	NM_006219.3	NM_006219.3.fasta	4898	4927	+	30	GTCAAATAAATGAGTGAGCTGGTTTCGGCT	AGCCGAAACCAGCUCACUCAUUUAUUUGAC	0
NM_006219.3:4899-4928	NM_006219.3	NM_006219.3.fasta	4899	4928	+	30	TCAAATAAATGAGTGAGCTGGTTTCGGCTG	CAGCCGAAACCAGCUCACUCAUUUAUUUGA	0
NM_006219.3:4900-4929	NM_006219.3	NM_006219.3.fasta	4900	4929	+	30	CAAATAAATGAGTGAGCTGGTTTCGGCTGC	GCAGCCGAAACCAGCUCACUCAUUUAUUUG	0
NM_006219.3:4901-4930	NM_006219.3	NM_006219.3.fasta	4901	4930	+	30	AAATAAATGAGTGAGCTGGTTTCGGCTGCT	AGCAGCCGAAACCAGCUCACUCAUUUAUUU	0
NM_006219.3:4902-4931	NM_006219.3	NM_006219.3.fasta	4902	4931	+	30	AATAAATGAGTGAGCTGGTTTCGGCTGCTC	GAGCAGCCGAAACCAGCUCACUCAUUUAUU	0
NM_006219.3:4903-4932	NM_006219.3	NM_006219.3.fasta	4903	4932	+	30	ATAAATGAGTGAGCTGGTTTCGGCTGCTCT	AGAGCAGCCGAAACCAGCUCACUCAUUUAU	0
NM_006219.3:4904-4933	NM_006219.3	NM_006219.3.fasta	4904	4933	+	30	TAAATGAGTGAGCTGGTTTCGGCTGCTCTT	AAGAGCAGCCGAAACCAGCUCACUCAUUUA	0
NM_006219.3:4905-4934	NM_006219.3	NM_006219.3.fasta	4905	4934	+	30	AAATGAGTGAGCTGGTTTCGGCTGCTCTTG	CAAGAGCAGCCGAAACCAGCUCACUCAUUU	0
NM_006219.3:4906-4935	NM_006219.3	NM_006219.3.fasta	4906	4935	+	30	AATGAGTGAGCTGGTTTCGGCTGCTCTTGG	CCAAGAGCAGCCGAAACCAGCUCACUCAUU	0
NM_006219.3:4907-4936	NM_006219.3	NM_006219.3.fasta	4907	4936	+	30	ATGAGTGAGCTGGTTTCGGCTGCTCTTGGA	UCCAAGAGCAGCCGAAACCAGCUCACUCAU	0
NM_006219.3:4908-4937	NM_006219.3	NM_006219.3.fasta	4908	4937	+	30	TGAGTGAGCTGGTTTCGGCTGCTCTTGGAA	UUCCAAGAGCAGCCGAAACCAGCUCACUCA	0
NM_006219.3:4909-4938	NM_006219.3	NM_006219.3.fasta	4909	4938	+	30	GAGTGAGCTGGTTTCGGCTGCTCTTGGAAT	AUUCCAAGAGCAGCCGAAACCAGCUCACUC	0
NM_006219.3:4910-4939	NM_006219.3	NM_006219.3.fasta	4910	4939	+	30	AGTGAGCTGGTTTCGGCTGCTCTTGGAATG	CAUUCCAAGAGCAGCCGAAACCAGCUCACU	0
NM_006219.3:4911-4940	NM_006219.3	NM_006219.3.fasta	4911	4940	+	30	GTGAGCTGGTTTCGGCTGCTCTTGGAATGG	CCAUUCCAAGAGCAGCCGAAACCAGCUCAC	0
NM_006219.3:4912-4941	NM_006219.3	NM_006219.3.fasta	4912	4941	+	30	TGAGCTGGTTTCGGCTGCTCTTGGAATGGG	CCCAUUCCAAGAGCAGCCGAAACCAGCUCA	0
NM_006219.3:4913-4942	NM_006219.3	NM_006219.3.fasta	4913	4942	+	30	GAGCTGGTTTCGGCTGCTCTTGGAATGGGT	ACCCAUUCCAAGAGCAGCCGAAACCAGCUC	0
NM_006219.3:4914-4943	NM_006219.3	NM_006219.3.fasta	4914	4943	+	30	AGCTGGTTTCGGCTGCTCTTGGAATGGGTG	CACCCAUUCCAAGAGCAGCCGAAACCAGCU	0
NM_006219.3:4915-4944	NM_006219.3	NM_006219.3.fasta	4915	4944	+	30	GCTGGTTTCGGCTGCTCTTGGAATGGGTGA	UCACCCAUUCCAAGAGCAGCCGAAACCAGC	0
NM_006219.3:4916-4945	NM_006219.3	NM_006219.3.fasta	4916	4945	+	30	CTGGTTTCGGCTGCTCTTGGAATGGGTGAG	CUCACCCAUUCCAAGAGCAGCCGAAACCAG	0
NM_006219.3:4917-4946	NM_006219.3	NM_006219.3.fasta	4917	4946	+	30	TGGTTTCGGCTGCTCTTGGAATGGGTGAGC	GCUCACCCAUUCCAAGAGCAGCCGAAACCA	0
NM_006219.3:4918-4947	NM_006219.3	NM_006219.3.fasta	4918	4947	+	30	GGTTTCGGCTGCTCTTGGAATGGGTGAGCC	GGCUCACCCAUUCCAAGAGCAGCCGAAACC	0
NM_006219.3:4919-4948	NM_006219.3	NM_006219.3.fasta	4919	4948	+	30	GTTTCGGCTGCTCTTGGAATGGGTGAGCCT	AGGCUCACCCAUUCCAAGAGCAGCCGAAAC	0
NM_006219.3:4920-4949	NM_006219.3	NM_006219.3.fasta	4920	4949	+	30	TTTCGGCTGCTCTTGGAATGGGTGAGCCTC	GAGGCUCACCCAUUCCAAGAGCAGCCGAAA	0
NM_006219.3:4921-4950	NM_006219.3	NM_006219.3.fasta	4921	4950	+	30	TTCGGCTGCTCTTGGAATGGGTGAGCCTCT	AGAGGCUCACCCAUUCCAAGAGCAGCCGAA	0
NM_006219.3:4922-4951	NM_006219.3	NM_006219.3.fasta	4922	4951	+	30	TCGGCTGCTCTTGGAATGGGTGAGCCTCTT	AAGAGGCUCACCCAUUCCAAGAGCAGCCGA	0
NM_006219.3:4923-4952	NM_006219.3	NM_006219.3.fasta	4923	4952	+	30	CGGCTGCTCTTGGAATGGGTGAGCCTCTTC	GAAGAGGCUCACCCAUUCCAAGAGCAGCCG	0
NM_006219.3:4924-4953	NM_006219.3	NM_006219.3.fasta	4924	4953	+	30	GGCTGCTCTTGGAATGGGTGAGCCTCTTCT	AGAAGAGGCUCACCCAUUCCAAGAGCAGCC	0
NM_006219.3:4925-4954	NM_006219.3	NM_006219.3.fasta	4925	4954	+	30	GCTGCTCTTGGAATGGGTGAGCCTCTTCTT	AAGAAGAGGCUCACCCAUUCCAAGAGCAGC	0
NM_006219.3:4926-4955	NM_006219.3	NM_006219.3.fasta	4926	4955	+	30	CTGCTCTTGGAATGGGTGAGCCTCTTCTTT	AAAGAAGAGGCUCACCCAUUCCAAGAGCAG	0
NM_006219.3:4927-4956	NM_006219.3	NM_006219.3.fasta	4927	4956	+	30	TGCTCTTGGAATGGGTGAGCCTCTTCTTTA	UAAAGAAGAGGCUCACCCAUUCCAAGAGCA	0
NM_006219.3:4928-4957	NM_006219.3	NM_006219.3.fasta	4928	4957	+	30	GCTCTTGGAATGGGTGAGCCTCTTCTTTAT	AUAAAGAAGAGGCUCACCCAUUCCAAGAGC	0
NM_006219.3:4929-4958	NM_006219.3	NM_006219.3.fasta	4929	4958	+	30	CTCTTGGAATGGGTGAGCCTCTTCTTTATG	CAUAAAGAAGAGGCUCACCCAUUCCAAGAG	0
NM_006219.3:4930-4959	NM_006219.3	NM_006219.3.fasta	4930	4959	+	30	TCTTGGAATGGGTGAGCCTCTTCTTTATGG	CCAUAAAGAAGAGGCUCACCCAUUCCAAGA	0
NM_006219.3:4931-4960	NM_006219.3	NM_006219.3.fasta	4931	4960	+	30	CTTGGAATGGGTGAGCCTCTTCTTTATGGG	CCCAUAAAGAAGAGGCUCACCCAUUCCAAG	0
NM_006219.3:4932-4961	NM_006219.3	NM_006219.3.fasta	4932	4961	+	30	TTGGAATGGGTGAGCCTCTTCTTTATGGGT	ACCCAUAAAGAAGAGGCUCACCCAUUCCAA	0
NM_006219.3:4933-4962	NM_006219.3	NM_006219.3.fasta	4933	4962	+	30	TGGAATGGGTGAGCCTCTTCTTTATGGGTA	UACCCAUAAAGAAGAGGCUCACCCAUUCCA	0
NM_006219.3:4934-4963	NM_006219.3	NM_006219.3.fasta	4934	4963	+	30	GGAATGGGTGAGCCTCTTCTTTATGGGTAG	CUACCCAUAAAGAAGAGGCUCACCCAUUCC	0
NM_006219.3:4935-4964	NM_006219.3	NM_006219.3.fasta	4935	4964	+	30	GAATGGGTGAGCCTCTTCTTTATGGGTAGA	UCUACCCAUAAAGAAGAGGCUCACCCAUUC	0
NM_006219.3:4936-4965	NM_006219.3	NM_006219.3.fasta	4936	4965	+	30	AATGGGTGAGCCTCTTCTTTATGGGTAGAC	GUCUACCCAUAAAGAAGAGGCUCACCCAUU	0
NM_006219.3:4937-4966	NM_006219.3	NM_006219.3.fasta	4937	4966	+	30	ATGGGTGAGCCTCTTCTTTATGGGTAGACT	AGUCUACCCAUAAAGAAGAGGCUCACCCAU	0
NM_006219.3:4938-4967	NM_006219.3	NM_006219.3.fasta	4938	4967	+	30	TGGGTGAGCCTCTTCTTTATGGGTAGACTG	CAGUCUACCCAUAAAGAAGAGGCUCACCCA	0
NM_006219.3:4939-4968	NM_006219.3	NM_006219.3.fasta	4939	4968	+	30	GGGTGAGCCTCTTCTTTATGGGTAGACTGG	CCAGUCUACCCAUAAAGAAGAGGCUCACCC	0
NM_006219.3:4940-4969	NM_006219.3	NM_006219.3.fasta	4940	4969	+	30	GGTGAGCCTCTTCTTTATGGGTAGACTGGG	CCCAGUCUACCCAUAAAGAAGAGGCUCACC	0
NM_006219.3:4941-4970	NM_006219.3	NM_006219.3.fasta	4941	4970	+	30	GTGAGCCTCTTCTTTATGGGTAGACTGGGC	GCCCAGUCUACCCAUAAAGAAGAGGCUCAC	0
NM_006219.3:4942-4971	NM_006219.3	NM_006219.3.fasta	4942	4971	+	30	TGAGCCTCTTCTTTATGGGTAGACTGGGCC	GGCCCAGUCUACCCAUAAAGAAGAGGCUCA	0
NM_006219.3:4943-4972	NM_006219.3	NM_006219.3.fasta	4943	4972	+	30	GAGCCTCTTCTTTATGGGTAGACTGGGCCT	AGGCCCAGUCUACCCAUAAAGAAGAGGCUC	0
NM_006219.3:4944-4973	NM_006219.3	NM_006219.3.fasta	4944	4973	+	30	AGCCTCTTCTTTATGGGTAGACTGGGCCTT	AAGGCCCAGUCUACCCAUAAAGAAGAGGCU	0
NM_006219.3:4945-4974	NM_006219.3	NM_006219.3.fasta	4945	4974	+	30	GCCTCTTCTTTATGGGTAGACTGGGCCTTT	AAAGGCCCAGUCUACCCAUAAAGAAGAGGC	0
NM_006219.3:4946-4975	NM_006219.3	NM_006219.3.fasta	4946	4975	+	30	CCTCTTCTTTATGGGTAGACTGGGCCTTTG	CAAAGGCCCAGUCUACCCAUAAAGAAGAGG	0
NM_006219.3:4947-4976	NM_006219.3	NM_006219.3.fasta	4947	4976	+	30	CTCTTCTTTATGGGTAGACTGGGCCTTTGG	CCAAAGGCCCAGUCUACCCAUAAAGAAGAG	0
NM_006219.3:4948-4977	NM_006219.3	NM_006219.3.fasta	4948	4977	+	30	TCTTCTTTATGGGTAGACTGGGCCTTTGGA	UCCAAAGGCCCAGUCUACCCAUAAAGAAGA	0
NM_006219.3:4949-4978	NM_006219.3	NM_006219.3.fasta	4949	4978	+	30	CTTCTTTATGGGTAGACTGGGCCTTTGGAA	UUCCAAAGGCCCAGUCUACCCAUAAAGAAG	0
NM_006219.3:4950-4979	NM_006219.3	NM_006219.3.fasta	4950	4979	+	30	TTCTTTATGGGTAGACTGGGCCTTTGGAAC	GUUCCAAAGGCCCAGUCUACCCAUAAAGAA	0
NM_006219.3:4951-4980	NM_006219.3	NM_006219.3.fasta	4951	4980	+	30	TCTTTATGGGTAGACTGGGCCTTTGGAACT	AGUUCCAAAGGCCCAGUCUACCCAUAAAGA	0
NM_006219.3:4952-4981	NM_006219.3	NM_006219.3.fasta	4952	4981	+	30	CTTTATGGGTAGACTGGGCCTTTGGAACTT	AAGUUCCAAAGGCCCAGUCUACCCAUAAAG	0
NM_006219.3:4953-4982	NM_006219.3	NM_006219.3.fasta	4953	4982	+	30	TTTATGGGTAGACTGGGCCTTTGGAACTTG	CAAGUUCCAAAGGCCCAGUCUACCCAUAAA	0
NM_006219.3:4954-4983	NM_006219.3	NM_006219.3.fasta	4954	4983	+	30	TTATGGGTAGACTGGGCCTTTGGAACTTGG	CCAAGUUCCAAAGGCCCAGUCUACCCAUAA	0
NM_006219.3:4955-4984	NM_006219.3	NM_006219.3.fasta	4955	4984	+	30	TATGGGTAGACTGGGCCTTTGGAACTTGGC	GCCAAGUUCCAAAGGCCCAGUCUACCCAUA	0
NM_006219.3:4956-4985	NM_006219.3	NM_006219.3.fasta	4956	4985	+	30	ATGGGTAGACTGGGCCTTTGGAACTTGGCA	UGCCAAGUUCCAAAGGCCCAGUCUACCCAU	0
NM_006219.3:4957-4986	NM_006219.3	NM_006219.3.fasta	4957	4986	+	30	TGGGTAGACTGGGCCTTTGGAACTTGGCAC	GUGCCAAGUUCCAAAGGCCCAGUCUACCCA	0
NM_006219.3:4958-4987	NM_006219.3	NM_006219.3.fasta	4958	4987	+	30	GGGTAGACTGGGCCTTTGGAACTTGGCACT	AGUGCCAAGUUCCAAAGGCCCAGUCUACCC	0
NM_006219.3:4959-4988	NM_006219.3	NM_006219.3.fasta	4959	4988	+	30	GGTAGACTGGGCCTTTGGAACTTGGCACTG	CAGUGCCAAGUUCCAAAGGCCCAGUCUACC	0
NM_006219.3:4960-4989	NM_006219.3	NM_006219.3.fasta	4960	4989	+	30	GTAGACTGGGCCTTTGGAACTTGGCACTGG	CCAGUGCCAAGUUCCAAAGGCCCAGUCUAC	0
NM_006219.3:4961-4990	NM_006219.3	NM_006219.3.fasta	4961	4990	+	30	TAGACTGGGCCTTTGGAACTTGGCACTGGA	UCCAGUGCCAAGUUCCAAAGGCCCAGUCUA	0
NM_006219.3:4962-4991	NM_006219.3	NM_006219.3.fasta	4962	4991	+	30	AGACTGGGCCTTTGGAACTTGGCACTGGAA	UUCCAGUGCCAAGUUCCAAAGGCCCAGUCU	0
NM_006219.3:4963-4992	NM_006219.3	NM_006219.3.fasta	4963	4992	+	30	GACTGGGCCTTTGGAACTTGGCACTGGAAC	GUUCCAGUGCCAAGUUCCAAAGGCCCAGUC	0
NM_006219.3:4964-4993	NM_006219.3	NM_006219.3.fasta	4964	4993	+	30	ACTGGGCCTTTGGAACTTGGCACTGGAACT	AGUUCCAGUGCCAAGUUCCAAAGGCCCAGU	0
NM_006219.3:4965-4994	NM_006219.3	NM_006219.3.fasta	4965	4994	+	30	CTGGGCCTTTGGAACTTGGCACTGGAACTC	GAGUUCCAGUGCCAAGUUCCAAAGGCCCAG	0
NM_006219.3:4966-4995	NM_006219.3	NM_006219.3.fasta	4966	4995	+	30	TGGGCCTTTGGAACTTGGCACTGGAACTCC	GGAGUUCCAGUGCCAAGUUCCAAAGGCCCA	0
NM_006219.3:4967-4996	NM_006219.3	NM_006219.3.fasta	4967	4996	+	30	GGGCCTTTGGAACTTGGCACTGGAACTCCA	UGGAGUUCCAGUGCCAAGUUCCAAAGGCCC	0
NM_006219.3:4968-4997	NM_006219.3	NM_006219.3.fasta	4968	4997	+	30	GGCCTTTGGAACTTGGCACTGGAACTCCAA	UUGGAGUUCCAGUGCCAAGUUCCAAAGGCC	0
NM_006219.3:4969-4998	NM_006219.3	NM_006219.3.fasta	4969	4998	+	30	GCCTTTGGAACTTGGCACTGGAACTCCAAG	CUUGGAGUUCCAGUGCCAAGUUCCAAAGGC	0
NM_006219.3:4970-4999	NM_006219.3	NM_006219.3.fasta	4970	4999	+	30	CCTTTGGAACTTGGCACTGGAACTCCAAGA	UCUUGGAGUUCCAGUGCCAAGUUCCAAAGG	0
NM_006219.3:4971-5000	NM_006219.3	NM_006219.3.fasta	4971	5000	+	30	CTTTGGAACTTGGCACTGGAACTCCAAGAA	UUCUUGGAGUUCCAGUGCCAAGUUCCAAAG	0
NM_006219.3:4972-5001	NM_006219.3	NM_006219.3.fasta	4972	5001	+	30	TTTGGAACTTGGCACTGGAACTCCAAGAAA	UUUCUUGGAGUUCCAGUGCCAAGUUCCAAA	0
NM_006219.3:4973-5002	NM_006219.3	NM_006219.3.fasta	4973	5002	+	30	TTGGAACTTGGCACTGGAACTCCAAGAAAT	AUUUCUUGGAGUUCCAGUGCCAAGUUCCAA	0
NM_006219.3:4974-5003	NM_006219.3	NM_006219.3.fasta	4974	5003	+	30	TGGAACTTGGCACTGGAACTCCAAGAAATG	CAUUUCUUGGAGUUCCAGUGCCAAGUUCCA	0
NM_006219.3:4975-5004	NM_006219.3	NM_006219.3.fasta	4975	5004	+	30	GGAACTTGGCACTGGAACTCCAAGAAATGG	CCAUUUCUUGGAGUUCCAGUGCCAAGUUCC	0
NM_006219.3:4976-5005	NM_006219.3	NM_006219.3.fasta	4976	5005	+	30	GAACTTGGCACTGGAACTCCAAGAAATGGC	GCCAUUUCUUGGAGUUCCAGUGCCAAGUUC	0
NM_006219.3:4977-5006	NM_006219.3	NM_006219.3.fasta	4977	5006	+	30	AACTTGGCACTGGAACTCCAAGAAATGGCC	GGCCAUUUCUUGGAGUUCCAGUGCCAAGUU	0
NM_006219.3:4978-5007	NM_006219.3	NM_006219.3.fasta	4978	5007	+	30	ACTTGGCACTGGAACTCCAAGAAATGGCCA	UGGCCAUUUCUUGGAGUUCCAGUGCCAAGU	0
NM_006219.3:4979-5008	NM_006219.3	NM_006219.3.fasta	4979	5008	+	30	CTTGGCACTGGAACTCCAAGAAATGGCCAA	UUGGCCAUUUCUUGGAGUUCCAGUGCCAAG	0
NM_006219.3:4980-5009	NM_006219.3	NM_006219.3.fasta	4980	5009	+	30	TTGGCACTGGAACTCCAAGAAATGGCCAAG	CUUGGCCAUUUCUUGGAGUUCCAGUGCCAA	0
NM_006219.3:4981-5010	NM_006219.3	NM_006219.3.fasta	4981	5010	+	30	TGGCACTGGAACTCCAAGAAATGGCCAAGT	ACUUGGCCAUUUCUUGGAGUUCCAGUGCCA	0
NM_006219.3:4982-5011	NM_006219.3	NM_006219.3.fasta	4982	5011	+	30	GGCACTGGAACTCCAAGAAATGGCCAAGTC	GACUUGGCCAUUUCUUGGAGUUCCAGUGCC	0
NM_006219.3:4983-5012	NM_006219.3	NM_006219.3.fasta	4983	5012	+	30	GCACTGGAACTCCAAGAAATGGCCAAGTCA	UGACUUGGCCAUUUCUUGGAGUUCCAGUGC	0
NM_006219.3:4984-5013	NM_006219.3	NM_006219.3.fasta	4984	5013	+	30	CACTGGAACTCCAAGAAATGGCCAAGTCAG	CUGACUUGGCCAUUUCUUGGAGUUCCAGUG	0
NM_006219.3:4985-5014	NM_006219.3	NM_006219.3.fasta	4985	5014	+	30	ACTGGAACTCCAAGAAATGGCCAAGTCAGT	ACUGACUUGGCCAUUUCUUGGAGUUCCAGU	0
NM_006219.3:4986-5015	NM_006219.3	NM_006219.3.fasta	4986	5015	+	30	CTGGAACTCCAAGAAATGGCCAAGTCAGTA	UACUGACUUGGCCAUUUCUUGGAGUUCCAG	0
NM_006219.3:4987-5016	NM_006219.3	NM_006219.3.fasta	4987	5016	+	30	TGGAACTCCAAGAAATGGCCAAGTCAGTAG	CUACUGACUUGGCCAUUUCUUGGAGUUCCA	0
NM_006219.3:4988-5017	NM_006219.3	NM_006219.3.fasta	4988	5017	+	30	GGAACTCCAAGAAATGGCCAAGTCAGTAGA	UCUACUGACUUGGCCAUUUCUUGGAGUUCC	0
NM_006219.3:4989-5018	NM_006219.3	NM_006219.3.fasta	4989	5018	+	30	GAACTCCAAGAAATGGCCAAGTCAGTAGAC	GUCUACUGACUUGGCCAUUUCUUGGAGUUC	0
NM_006219.3:4990-5019	NM_006219.3	NM_006219.3.fasta	4990	5019	+	30	AACTCCAAGAAATGGCCAAGTCAGTAGACA	UGUCUACUGACUUGGCCAUUUCUUGGAGUU	0
NM_006219.3:4991-5020	NM_006219.3	NM_006219.3.fasta	4991	5020	+	30	ACTCCAAGAAATGGCCAAGTCAGTAGACAA	UUGUCUACUGACUUGGCCAUUUCUUGGAGU	0
NM_006219.3:4992-5021	NM_006219.3	NM_006219.3.fasta	4992	5021	+	30	CTCCAAGAAATGGCCAAGTCAGTAGACAAA	UUUGUCUACUGACUUGGCCAUUUCUUGGAG	0
NM_006219.3:4993-5022	NM_006219.3	NM_006219.3.fasta	4993	5022	+	30	TCCAAGAAATGGCCAAGTCAGTAGACAAAC	GUUUGUCUACUGACUUGGCCAUUUCUUGGA	0
NM_006219.3:4994-5023	NM_006219.3	NM_006219.3.fasta	4994	5023	+	30	CCAAGAAATGGCCAAGTCAGTAGACAAACC	GGUUUGUCUACUGACUUGGCCAUUUCUUGG	0
NM_006219.3:4995-5024	NM_006219.3	NM_006219.3.fasta	4995	5024	+	30	CAAGAAATGGCCAAGTCAGTAGACAAACCA	UGGUUUGUCUACUGACUUGGCCAUUUCUUG	0
NM_006219.3:4996-5025	NM_006219.3	NM_006219.3.fasta	4996	5025	+	30	AAGAAATGGCCAAGTCAGTAGACAAACCAA	UUGGUUUGUCUACUGACUUGGCCAUUUCUU	0
NM_006219.3:4997-5026	NM_006219.3	NM_006219.3.fasta	4997	5026	+	30	AGAAATGGCCAAGTCAGTAGACAAACCAAC	GUUGGUUUGUCUACUGACUUGGCCAUUUCU	0
NM_006219.3:4998-5027	NM_006219.3	NM_006219.3.fasta	4998	5027	+	30	GAAATGGCCAAGTCAGTAGACAAACCAACC	GGUUGGUUUGUCUACUGACUUGGCCAUUUC	0
NM_006219.3:4999-5028	NM_006219.3	NM_006219.3.fasta	4999	5028	+	30	AAATGGCCAAGTCAGTAGACAAACCAACCT	AGGUUGGUUUGUCUACUGACUUGGCCAUUU	0
NM_006219.3:5000-5029	NM_006219.3	NM_006219.3.fasta	5000	5029	+	30	AATGGCCAAGTCAGTAGACAAACCAACCTC	GAGGUUGGUUUGUCUACUGACUUGGCCAUU	0
NM_006219.3:5001-5030	NM_006219.3	NM_006219.3.fasta	5001	5030	+	30	ATGGCCAAGTCAGTAGACAAACCAACCTCA	UGAGGUUGGUUUGUCUACUGACUUGGCCAU	0
NM_006219.3:5002-5031	NM_006219.3	NM_006219.3.fasta	5002	5031	+	30	TGGCCAAGTCAGTAGACAAACCAACCTCAG	CUGAGGUUGGUUUGUCUACUGACUUGGCCA	0
NM_006219.3:5003-5032	NM_006219.3	NM_006219.3.fasta	5003	5032	+	30	GGCCAAGTCAGTAGACAAACCAACCTCAGG	CCUGAGGUUGGUUUGUCUACUGACUUGGCC	0
NM_006219.3:5004-5033	NM_006219.3	NM_006219.3.fasta	5004	5033	+	30	GCCAAGTCAGTAGACAAACCAACCTCAGGA	UCCUGAGGUUGGUUUGUCUACUGACUUGGC	0
NM_006219.3:5005-5034	NM_006219.3	NM_006219.3.fasta	5005	5034	+	30	CCAAGTCAGTAGACAAACCAACCTCAGGAA	UUCCUGAGGUUGGUUUGUCUACUGACUUGG	0
NM_006219.3:5006-5035	NM_006219.3	NM_006219.3.fasta	5006	5035	+	30	CAAGTCAGTAGACAAACCAACCTCAGGAAT	AUUCCUGAGGUUGGUUUGUCUACUGACUUG	0
NM_006219.3:5007-5036	NM_006219.3	NM_006219.3.fasta	5007	5036	+	30	AAGTCAGTAGACAAACCAACCTCAGGAATA	UAUUCCUGAGGUUGGUUUGUCUACUGACUU	0
NM_006219.3:5008-5037	NM_006219.3	NM_006219.3.fasta	5008	5037	+	30	AGTCAGTAGACAAACCAACCTCAGGAATAG	CUAUUCCUGAGGUUGGUUUGUCUACUGACU	0
NM_006219.3:5009-5038	NM_006219.3	NM_006219.3.fasta	5009	5038	+	30	GTCAGTAGACAAACCAACCTCAGGAATAGG	CCUAUUCCUGAGGUUGGUUUGUCUACUGAC	0
NM_006219.3:5010-5039	NM_006219.3	NM_006219.3.fasta	5010	5039	+	30	TCAGTAGACAAACCAACCTCAGGAATAGGC	GCCUAUUCCUGAGGUUGGUUUGUCUACUGA	0
NM_006219.3:5011-5040	NM_006219.3	NM_006219.3.fasta	5011	5040	+	30	CAGTAGACAAACCAACCTCAGGAATAGGCT	AGCCUAUUCCUGAGGUUGGUUUGUCUACUG	0
NM_006219.3:5012-5041	NM_006219.3	NM_006219.3.fasta	5012	5041	+	30	AGTAGACAAACCAACCTCAGGAATAGGCTA	UAGCCUAUUCCUGAGGUUGGUUUGUCUACU	0
NM_006219.3:5013-5042	NM_006219.3	NM_006219.3.fasta	5013	5042	+	30	GTAGACAAACCAACCTCAGGAATAGGCTAA	UUAGCCUAUUCCUGAGGUUGGUUUGUCUAC	0
NM_006219.3:5014-5043	NM_006219.3	NM_006219.3.fasta	5014	5043	+	30	TAGACAAACCAACCTCAGGAATAGGCTAAG	CUUAGCCUAUUCCUGAGGUUGGUUUGUCUA	0
NM_006219.3:5015-5044	NM_006219.3	NM_006219.3.fasta	5015	5044	+	30	AGACAAACCAACCTCAGGAATAGGCTAAGG	CCUUAGCCUAUUCCUGAGGUUGGUUUGUCU	0
NM_006219.3:5016-5045	NM_006219.3	NM_006219.3.fasta	5016	5045	+	30	GACAAACCAACCTCAGGAATAGGCTAAGGC	GCCUUAGCCUAUUCCUGAGGUUGGUUUGUC	0
NM_006219.3:5017-5046	NM_006219.3	NM_006219.3.fasta	5017	5046	+	30	ACAAACCAACCTCAGGAATAGGCTAAGGCT	AGCCUUAGCCUAUUCCUGAGGUUGGUUUGU	0
NM_006219.3:5018-5047	NM_006219.3	NM_006219.3.fasta	5018	5047	+	30	CAAACCAACCTCAGGAATAGGCTAAGGCTT	AAGCCUUAGCCUAUUCCUGAGGUUGGUUUG	0
NM_006219.3:5019-5048	NM_006219.3	NM_006219.3.fasta	5019	5048	+	30	AAACCAACCTCAGGAATAGGCTAAGGCTTA	UAAGCCUUAGCCUAUUCCUGAGGUUGGUUU	0
NM_006219.3:5020-5049	NM_006219.3	NM_006219.3.fasta	5020	5049	+	30	AACCAACCTCAGGAATAGGCTAAGGCTTAT	AUAAGCCUUAGCCUAUUCCUGAGGUUGGUU	0
NM_006219.3:5021-5050	NM_006219.3	NM_006219.3.fasta	5021	5050	+	30	ACCAACCTCAGGAATAGGCTAAGGCTTATT	AAUAAGCCUUAGCCUAUUCCUGAGGUUGGU	0
NM_006219.3:5022-5051	NM_006219.3	NM_006219.3.fasta	5022	5051	+	30	CCAACCTCAGGAATAGGCTAAGGCTTATTA	UAAUAAGCCUUAGCCUAUUCCUGAGGUUGG	0
NM_006219.3:5023-5052	NM_006219.3	NM_006219.3.fasta	5023	5052	+	30	CAACCTCAGGAATAGGCTAAGGCTTATTAT	AUAAUAAGCCUUAGCCUAUUCCUGAGGUUG	0
NM_006219.3:5024-5053	NM_006219.3	NM_006219.3.fasta	5024	5053	+	30	AACCTCAGGAATAGGCTAAGGCTTATTATG	CAUAAUAAGCCUUAGCCUAUUCCUGAGGUU	0
NM_006219.3:5025-5054	NM_006219.3	NM_006219.3.fasta	5025	5054	+	30	ACCTCAGGAATAGGCTAAGGCTTATTATGG	CCAUAAUAAGCCUUAGCCUAUUCCUGAGGU	0
NM_006219.3:5026-5055	NM_006219.3	NM_006219.3.fasta	5026	5055	+	30	CCTCAGGAATAGGCTAAGGCTTATTATGGC	GCCAUAAUAAGCCUUAGCCUAUUCCUGAGG	0
NM_006219.3:5027-5056	NM_006219.3	NM_006219.3.fasta	5027	5056	+	30	CTCAGGAATAGGCTAAGGCTTATTATGGCC	GGCCAUAAUAAGCCUUAGCCUAUUCCUGAG	0
NM_006219.3:5028-5057	NM_006219.3	NM_006219.3.fasta	5028	5057	+	30	TCAGGAATAGGCTAAGGCTTATTATGGCCT	AGGCCAUAAUAAGCCUUAGCCUAUUCCUGA	0
NM_006219.3:5029-5058	NM_006219.3	NM_006219.3.fasta	5029	5058	+	30	CAGGAATAGGCTAAGGCTTATTATGGCCTC	GAGGCCAUAAUAAGCCUUAGCCUAUUCCUG	0
NM_006219.3:5030-5059	NM_006219.3	NM_006219.3.fasta	5030	5059	+	30	AGGAATAGGCTAAGGCTTATTATGGCCTCT	AGAGGCCAUAAUAAGCCUUAGCCUAUUCCU	0
NM_006219.3:5031-5060	NM_006219.3	NM_006219.3.fasta	5031	5060	+	30	GGAATAGGCTAAGGCTTATTATGGCCTCTT	AAGAGGCCAUAAUAAGCCUUAGCCUAUUCC	0
NM_006219.3:5032-5061	NM_006219.3	NM_006219.3.fasta	5032	5061	+	30	GAATAGGCTAAGGCTTATTATGGCCTCTTC	GAAGAGGCCAUAAUAAGCCUUAGCCUAUUC	0
NM_006219.3:5033-5062	NM_006219.3	NM_006219.3.fasta	5033	5062	+	30	AATAGGCTAAGGCTTATTATGGCCTCTTCC	GGAAGAGGCCAUAAUAAGCCUUAGCCUAUU	0
NM_006219.3:5034-5063	NM_006219.3	NM_006219.3.fasta	5034	5063	+	30	ATAGGCTAAGGCTTATTATGGCCTCTTCCC	GGGAAGAGGCCAUAAUAAGCCUUAGCCUAU	0
NM_006219.3:5035-5064	NM_006219.3	NM_006219.3.fasta	5035	5064	+	30	TAGGCTAAGGCTTATTATGGCCTCTTCCCT	AGGGAAGAGGCCAUAAUAAGCCUUAGCCUA	0
NM_006219.3:5036-5065	NM_006219.3	NM_006219.3.fasta	5036	5065	+	30	AGGCTAAGGCTTATTATGGCCTCTTCCCTG	CAGGGAAGAGGCCAUAAUAAGCCUUAGCCU	0
NM_006219.3:5037-5066	NM_006219.3	NM_006219.3.fasta	5037	5066	+	30	GGCTAAGGCTTATTATGGCCTCTTCCCTGA	UCAGGGAAGAGGCCAUAAUAAGCCUUAGCC	0
NM_006219.3:5038-5067	NM_006219.3	NM_006219.3.fasta	5038	5067	+	30	GCTAAGGCTTATTATGGCCTCTTCCCTGAC	GUCAGGGAAGAGGCCAUAAUAAGCCUUAGC	0
NM_006219.3:5039-5068	NM_006219.3	NM_006219.3.fasta	5039	5068	+	30	CTAAGGCTTATTATGGCCTCTTCCCTGACT	AGUCAGGGAAGAGGCCAUAAUAAGCCUUAG	0
NM_006219.3:5040-5069	NM_006219.3	NM_006219.3.fasta	5040	5069	+	30	TAAGGCTTATTATGGCCTCTTCCCTGACTT	AAGUCAGGGAAGAGGCCAUAAUAAGCCUUA	0
NM_006219.3:5041-5070	NM_006219.3	NM_006219.3.fasta	5041	5070	+	30	AAGGCTTATTATGGCCTCTTCCCTGACTTC	GAAGUCAGGGAAGAGGCCAUAAUAAGCCUU	0
NM_006219.3:5042-5071	NM_006219.3	NM_006219.3.fasta	5042	5071	+	30	AGGCTTATTATGGCCTCTTCCCTGACTTCT	AGAAGUCAGGGAAGAGGCCAUAAUAAGCCU	0
NM_006219.3:5043-5072	NM_006219.3	NM_006219.3.fasta	5043	5072	+	30	GGCTTATTATGGCCTCTTCCCTGACTTCTC	GAGAAGUCAGGGAAGAGGCCAUAAUAAGCC	0
NM_006219.3:5044-5073	NM_006219.3	NM_006219.3.fasta	5044	5073	+	30	GCTTATTATGGCCTCTTCCCTGACTTCTCC	GGAGAAGUCAGGGAAGAGGCCAUAAUAAGC	0
NM_006219.3:5045-5074	NM_006219.3	NM_006219.3.fasta	5045	5074	+	30	CTTATTATGGCCTCTTCCCTGACTTCTCCC	GGGAGAAGUCAGGGAAGAGGCCAUAAUAAG	0
NM_006219.3:5046-5075	NM_006219.3	NM_006219.3.fasta	5046	5075	+	30	TTATTATGGCCTCTTCCCTGACTTCTCCCC	GGGGAGAAGUCAGGGAAGAGGCCAUAAUAA	0
NM_006219.3:5047-5076	NM_006219.3	NM_006219.3.fasta	5047	5076	+	30	TATTATGGCCTCTTCCCTGACTTCTCCCCT	AGGGGAGAAGUCAGGGAAGAGGCCAUAAUA	0
NM_006219.3:5048-5077	NM_006219.3	NM_006219.3.fasta	5048	5077	+	30	ATTATGGCCTCTTCCCTGACTTCTCCCCTT	AAGGGGAGAAGUCAGGGAAGAGGCCAUAAU	0
NM_006219.3:5049-5078	NM_006219.3	NM_006219.3.fasta	5049	5078	+	30	TTATGGCCTCTTCCCTGACTTCTCCCCTTG	CAAGGGGAGAAGUCAGGGAAGAGGCCAUAA	0
NM_006219.3:5050-5079	NM_006219.3	NM_006219.3.fasta	5050	5079	+	30	TATGGCCTCTTCCCTGACTTCTCCCCTTGT	ACAAGGGGAGAAGUCAGGGAAGAGGCCAUA	0
NM_006219.3:5051-5080	NM_006219.3	NM_006219.3.fasta	5051	5080	+	30	ATGGCCTCTTCCCTGACTTCTCCCCTTGTT	AACAAGGGGAGAAGUCAGGGAAGAGGCCAU	0
NM_006219.3:5052-5081	NM_006219.3	NM_006219.3.fasta	5052	5081	+	30	TGGCCTCTTCCCTGACTTCTCCCCTTGTTT	AAACAAGGGGAGAAGUCAGGGAAGAGGCCA	0
NM_006219.3:5053-5082	NM_006219.3	NM_006219.3.fasta	5053	5082	+	30	GGCCTCTTCCCTGACTTCTCCCCTTGTTTC	GAAACAAGGGGAGAAGUCAGGGAAGAGGCC	0
NM_006219.3:5054-5083	NM_006219.3	NM_006219.3.fasta	5054	5083	+	30	GCCTCTTCCCTGACTTCTCCCCTTGTTTCC	GGAAACAAGGGGAGAAGUCAGGGAAGAGGC	0
NM_006219.3:5055-5084	NM_006219.3	NM_006219.3.fasta	5055	5084	+	30	CCTCTTCCCTGACTTCTCCCCTTGTTTCCC	GGGAAACAAGGGGAGAAGUCAGGGAAGAGG	0
NM_006219.3:5056-5085	NM_006219.3	NM_006219.3.fasta	5056	5085	+	30	CTCTTCCCTGACTTCTCCCCTTGTTTCCCA	UGGGAAACAAGGGGAGAAGUCAGGGAAGAG	0
NM_006219.3:5057-5086	NM_006219.3	NM_006219.3.fasta	5057	5086	+	30	TCTTCCCTGACTTCTCCCCTTGTTTCCCAG	CUGGGAAACAAGGGGAGAAGUCAGGGAAGA	0
NM_006219.3:5058-5087	NM_006219.3	NM_006219.3.fasta	5058	5087	+	30	CTTCCCTGACTTCTCCCCTTGTTTCCCAGC	GCUGGGAAACAAGGGGAGAAGUCAGGGAAG	0
NM_006219.3:5059-5088	NM_006219.3	NM_006219.3.fasta	5059	5088	+	30	TTCCCTGACTTCTCCCCTTGTTTCCCAGCC	GGCUGGGAAACAAGGGGAGAAGUCAGGGAA	0
NM_006219.3:5060-5089	NM_006219.3	NM_006219.3.fasta	5060	5089	+	30	TCCCTGACTTCTCCCCTTGTTTCCCAGCCT	AGGCUGGGAAACAAGGGGAGAAGUCAGGGA	0
NM_006219.3:5061-5090	NM_006219.3	NM_006219.3.fasta	5061	5090	+	30	CCCTGACTTCTCCCCTTGTTTCCCAGCCTC	GAGGCUGGGAAACAAGGGGAGAAGUCAGGG	0
NM_006219.3:5062-5091	NM_006219.3	NM_006219.3.fasta	5062	5091	+	30	CCTGACTTCTCCCCTTGTTTCCCAGCCTCA	UGAGGCUGGGAAACAAGGGGAGAAGUCAGG	0
NM_006219.3:5063-5092	NM_006219.3	NM_006219.3.fasta	5063	5092	+	30	CTGACTTCTCCCCTTGTTTCCCAGCCTCAT	AUGAGGCUGGGAAACAAGGGGAGAAGUCAG	0
NM_006219.3:5064-5093	NM_006219.3	NM_006219.3.fasta	5064	5093	+	30	TGACTTCTCCCCTTGTTTCCCAGCCTCATC	GAUGAGGCUGGGAAACAAGGGGAGAAGUCA	0
NM_006219.3:5065-5094	NM_006219.3	NM_006219.3.fasta	5065	5094	+	30	GACTTCTCCCCTTGTTTCCCAGCCTCATCA	UGAUGAGGCUGGGAAACAAGGGGAGAAGUC	0
NM_006219.3:5066-5095	NM_006219.3	NM_006219.3.fasta	5066	5095	+	30	ACTTCTCCCCTTGTTTCCCAGCCTCATCAG	CUGAUGAGGCUGGGAAACAAGGGGAGAAGU	0
NM_006219.3:5067-5096	NM_006219.3	NM_006219.3.fasta	5067	5096	+	30	CTTCTCCCCTTGTTTCCCAGCCTCATCAGG	CCUGAUGAGGCUGGGAAACAAGGGGAGAAG	0
NM_006219.3:5068-5097	NM_006219.3	NM_006219.3.fasta	5068	5097	+	30	TTCTCCCCTTGTTTCCCAGCCTCATCAGGC	GCCUGAUGAGGCUGGGAAACAAGGGGAGAA	0
NM_006219.3:5069-5098	NM_006219.3	NM_006219.3.fasta	5069	5098	+	30	TCTCCCCTTGTTTCCCAGCCTCATCAGGCA	UGCCUGAUGAGGCUGGGAAACAAGGGGAGA	0
NM_006219.3:5070-5099	NM_006219.3	NM_006219.3.fasta	5070	5099	+	30	CTCCCCTTGTTTCCCAGCCTCATCAGGCAT	AUGCCUGAUGAGGCUGGGAAACAAGGGGAG	0
NM_006219.3:5071-5100	NM_006219.3	NM_006219.3.fasta	5071	5100	+	30	TCCCCTTGTTTCCCAGCCTCATCAGGCATG	CAUGCCUGAUGAGGCUGGGAAACAAGGGGA	0
NM_006219.3:5072-5101	NM_006219.3	NM_006219.3.fasta	5072	5101	+	30	CCCCTTGTTTCCCAGCCTCATCAGGCATGG	CCAUGCCUGAUGAGGCUGGGAAACAAGGGG	0
NM_006219.3:5073-5102	NM_006219.3	NM_006219.3.fasta	5073	5102	+	30	CCCTTGTTTCCCAGCCTCATCAGGCATGGT	ACCAUGCCUGAUGAGGCUGGGAAACAAGGG	0
NM_006219.3:5074-5103	NM_006219.3	NM_006219.3.fasta	5074	5103	+	30	CCTTGTTTCCCAGCCTCATCAGGCATGGTA	UACCAUGCCUGAUGAGGCUGGGAAACAAGG	0
NM_006219.3:5075-5104	NM_006219.3	NM_006219.3.fasta	5075	5104	+	30	CTTGTTTCCCAGCCTCATCAGGCATGGTAT	AUACCAUGCCUGAUGAGGCUGGGAAACAAG	0
NM_006219.3:5076-5105	NM_006219.3	NM_006219.3.fasta	5076	5105	+	30	TTGTTTCCCAGCCTCATCAGGCATGGTATA	UAUACCAUGCCUGAUGAGGCUGGGAAACAA	0
NM_006219.3:5077-5106	NM_006219.3	NM_006219.3.fasta	5077	5106	+	30	TGTTTCCCAGCCTCATCAGGCATGGTATAG	CUAUACCAUGCCUGAUGAGGCUGGGAAACA	0
NM_006219.3:5078-5107	NM_006219.3	NM_006219.3.fasta	5078	5107	+	30	GTTTCCCAGCCTCATCAGGCATGGTATAGG	CCUAUACCAUGCCUGAUGAGGCUGGGAAAC	0
NM_006219.3:5079-5108	NM_006219.3	NM_006219.3.fasta	5079	5108	+	30	TTTCCCAGCCTCATCAGGCATGGTATAGGA	UCCUAUACCAUGCCUGAUGAGGCUGGGAAA	0
NM_006219.3:5080-5109	NM_006219.3	NM_006219.3.fasta	5080	5109	+	30	TTCCCAGCCTCATCAGGCATGGTATAGGAG	CUCCUAUACCAUGCCUGAUGAGGCUGGGAA	0
NM_006219.3:5081-5110	NM_006219.3	NM_006219.3.fasta	5081	5110	+	30	TCCCAGCCTCATCAGGCATGGTATAGGAGG	CCUCCUAUACCAUGCCUGAUGAGGCUGGGA	0
NM_006219.3:5082-5111	NM_006219.3	NM_006219.3.fasta	5082	5111	+	30	CCCAGCCTCATCAGGCATGGTATAGGAGGC	GCCUCCUAUACCAUGCCUGAUGAGGCUGGG	0
NM_006219.3:5083-5112	NM_006219.3	NM_006219.3.fasta	5083	5112	+	30	CCAGCCTCATCAGGCATGGTATAGGAGGCC	GGCCUCCUAUACCAUGCCUGAUGAGGCUGG	0
NM_006219.3:5084-5113	NM_006219.3	NM_006219.3.fasta	5084	5113	+	30	CAGCCTCATCAGGCATGGTATAGGAGGCCC	GGGCCUCCUAUACCAUGCCUGAUGAGGCUG	0
NM_006219.3:5085-5114	NM_006219.3	NM_006219.3.fasta	5085	5114	+	30	AGCCTCATCAGGCATGGTATAGGAGGCCCC	GGGGCCUCCUAUACCAUGCCUGAUGAGGCU	0
NM_006219.3:5086-5115	NM_006219.3	NM_006219.3.fasta	5086	5115	+	30	GCCTCATCAGGCATGGTATAGGAGGCCCCC	GGGGGCCUCCUAUACCAUGCCUGAUGAGGC	0
NM_006219.3:5087-5116	NM_006219.3	NM_006219.3.fasta	5087	5116	+	30	CCTCATCAGGCATGGTATAGGAGGCCCCCT	AGGGGGCCUCCUAUACCAUGCCUGAUGAGG	0
NM_006219.3:5088-5117	NM_006219.3	NM_006219.3.fasta	5088	5117	+	30	CTCATCAGGCATGGTATAGGAGGCCCCCTG	CAGGGGGCCUCCUAUACCAUGCCUGAUGAG	0
NM_006219.3:5089-5118	NM_006219.3	NM_006219.3.fasta	5089	5118	+	30	TCATCAGGCATGGTATAGGAGGCCCCCTGG	CCAGGGGGCCUCCUAUACCAUGCCUGAUGA	0
NM_006219.3:5090-5119	NM_006219.3	NM_006219.3.fasta	5090	5119	+	30	CATCAGGCATGGTATAGGAGGCCCCCTGGA	UCCAGGGGGCCUCCUAUACCAUGCCUGAUG	0
NM_006219.3:5091-5120	NM_006219.3	NM_006219.3.fasta	5091	5120	+	30	ATCAGGCATGGTATAGGAGGCCCCCTGGAC	GUCCAGGGGGCCUCCUAUACCAUGCCUGAU	0
NM_006219.3:5092-5121	NM_006219.3	NM_006219.3.fasta	5092	5121	+	30	TCAGGCATGGTATAGGAGGCCCCCTGGACT	AGUCCAGGGGGCCUCCUAUACCAUGCCUGA	0
NM_006219.3:5093-5122	NM_006219.3	NM_006219.3.fasta	5093	5122	+	30	CAGGCATGGTATAGGAGGCCCCCTGGACTT	AAGUCCAGGGGGCCUCCUAUACCAUGCCUG	0
NM_006219.3:5094-5123	NM_006219.3	NM_006219.3.fasta	5094	5123	+	30	AGGCATGGTATAGGAGGCCCCCTGGACTTT	AAAGUCCAGGGGGCCUCCUAUACCAUGCCU	0
NM_006219.3:5095-5124	NM_006219.3	NM_006219.3.fasta	5095	5124	+	30	GGCATGGTATAGGAGGCCCCCTGGACTTTG	CAAAGUCCAGGGGGCCUCCUAUACCAUGCC	0
NM_006219.3:5096-5125	NM_006219.3	NM_006219.3.fasta	5096	5125	+	30	GCATGGTATAGGAGGCCCCCTGGACTTTGG	CCAAAGUCCAGGGGGCCUCCUAUACCAUGC	0
NM_006219.3:5097-5126	NM_006219.3	NM_006219.3.fasta	5097	5126	+	30	CATGGTATAGGAGGCCCCCTGGACTTTGGT	ACCAAAGUCCAGGGGGCCUCCUAUACCAUG	0
NM_006219.3:5098-5127	NM_006219.3	NM_006219.3.fasta	5098	5127	+	30	ATGGTATAGGAGGCCCCCTGGACTTTGGTG	CACCAAAGUCCAGGGGGCCUCCUAUACCAU	0
NM_006219.3:5099-5128	NM_006219.3	NM_006219.3.fasta	5099	5128	+	30	TGGTATAGGAGGCCCCCTGGACTTTGGTGG	CCACCAAAGUCCAGGGGGCCUCCUAUACCA	0
NM_006219.3:5100-5129	NM_006219.3	NM_006219.3.fasta	5100	5129	+	30	GGTATAGGAGGCCCCCTGGACTTTGGTGGG	CCCACCAAAGUCCAGGGGGCCUCCUAUACC	0
NM_006219.3:5101-5130	NM_006219.3	NM_006219.3.fasta	5101	5130	+	30	GTATAGGAGGCCCCCTGGACTTTGGTGGGA	UCCCACCAAAGUCCAGGGGGCCUCCUAUAC	0
NM_006219.3:5102-5131	NM_006219.3	NM_006219.3.fasta	5102	5131	+	30	TATAGGAGGCCCCCTGGACTTTGGTGGGAG	CUCCCACCAAAGUCCAGGGGGCCUCCUAUA	0
NM_006219.3:5103-5132	NM_006219.3	NM_006219.3.fasta	5103	5132	+	30	ATAGGAGGCCCCCTGGACTTTGGTGGGAGC	GCUCCCACCAAAGUCCAGGGGGCCUCCUAU	0
NM_006219.3:5104-5133	NM_006219.3	NM_006219.3.fasta	5104	5133	+	30	TAGGAGGCCCCCTGGACTTTGGTGGGAGCC	GGCUCCCACCAAAGUCCAGGGGGCCUCCUA	0
NM_006219.3:5105-5134	NM_006219.3	NM_006219.3.fasta	5105	5134	+	30	AGGAGGCCCCCTGGACTTTGGTGGGAGCCT	AGGCUCCCACCAAAGUCCAGGGGGCCUCCU	0
NM_006219.3:5106-5135	NM_006219.3	NM_006219.3.fasta	5106	5135	+	30	GGAGGCCCCCTGGACTTTGGTGGGAGCCTG	CAGGCUCCCACCAAAGUCCAGGGGGCCUCC	0
NM_006219.3:5107-5136	NM_006219.3	NM_006219.3.fasta	5107	5136	+	30	GAGGCCCCCTGGACTTTGGTGGGAGCCTGA	UCAGGCUCCCACCAAAGUCCAGGGGGCCUC	0
NM_006219.3:5108-5137	NM_006219.3	NM_006219.3.fasta	5108	5137	+	30	AGGCCCCCTGGACTTTGGTGGGAGCCTGAG	CUCAGGCUCCCACCAAAGUCCAGGGGGCCU	0
NM_006219.3:5109-5138	NM_006219.3	NM_006219.3.fasta	5109	5138	+	30	GGCCCCCTGGACTTTGGTGGGAGCCTGAGG	CCUCAGGCUCCCACCAAAGUCCAGGGGGCC	0
NM_006219.3:5110-5139	NM_006219.3	NM_006219.3.fasta	5110	5139	+	30	GCCCCCTGGACTTTGGTGGGAGCCTGAGGT	ACCUCAGGCUCCCACCAAAGUCCAGGGGGC	0
NM_006219.3:5111-5140	NM_006219.3	NM_006219.3.fasta	5111	5140	+	30	CCCCCTGGACTTTGGTGGGAGCCTGAGGTA	UACCUCAGGCUCCCACCAAAGUCCAGGGGG	0
NM_006219.3:5112-5141	NM_006219.3	NM_006219.3.fasta	5112	5141	+	30	CCCCTGGACTTTGGTGGGAGCCTGAGGTAA	UUACCUCAGGCUCCCACCAAAGUCCAGGGG	0
NM_006219.3:5113-5142	NM_006219.3	NM_006219.3.fasta	5113	5142	+	30	CCCTGGACTTTGGTGGGAGCCTGAGGTAAG	CUUACCUCAGGCUCCCACCAAAGUCCAGGG	0
NM_006219.3:5114-5143	NM_006219.3	NM_006219.3.fasta	5114	5143	+	30	CCTGGACTTTGGTGGGAGCCTGAGGTAAGG	CCUUACCUCAGGCUCCCACCAAAGUCCAGG	0
NM_006219.3:5115-5144	NM_006219.3	NM_006219.3.fasta	5115	5144	+	30	CTGGACTTTGGTGGGAGCCTGAGGTAAGGA	UCCUUACCUCAGGCUCCCACCAAAGUCCAG	0
NM_006219.3:5116-5145	NM_006219.3	NM_006219.3.fasta	5116	5145	+	30	TGGACTTTGGTGGGAGCCTGAGGTAAGGAG	CUCCUUACCUCAGGCUCCCACCAAAGUCCA	0
NM_006219.3:5117-5146	NM_006219.3	NM_006219.3.fasta	5117	5146	+	30	GGACTTTGGTGGGAGCCTGAGGTAAGGAGC	GCUCCUUACCUCAGGCUCCCACCAAAGUCC	0
NM_006219.3:5118-5147	NM_006219.3	NM_006219.3.fasta	5118	5147	+	30	GACTTTGGTGGGAGCCTGAGGTAAGGAGCC	GGCUCCUUACCUCAGGCUCCCACCAAAGUC	0
NM_006219.3:5119-5148	NM_006219.3	NM_006219.3.fasta	5119	5148	+	30	ACTTTGGTGGGAGCCTGAGGTAAGGAGCCA	UGGCUCCUUACCUCAGGCUCCCACCAAAGU	0
NM_006219.3:5120-5149	NM_006219.3	NM_006219.3.fasta	5120	5149	+	30	CTTTGGTGGGAGCCTGAGGTAAGGAGCCAT	AUGGCUCCUUACCUCAGGCUCCCACCAAAG	0
NM_006219.3:5121-5150	NM_006219.3	NM_006219.3.fasta	5121	5150	+	30	TTTGGTGGGAGCCTGAGGTAAGGAGCCATG	CAUGGCUCCUUACCUCAGGCUCCCACCAAA	0
NM_006219.3:5122-5151	NM_006219.3	NM_006219.3.fasta	5122	5151	+	30	TTGGTGGGAGCCTGAGGTAAGGAGCCATGC	GCAUGGCUCCUUACCUCAGGCUCCCACCAA	0
NM_006219.3:5123-5152	NM_006219.3	NM_006219.3.fasta	5123	5152	+	30	TGGTGGGAGCCTGAGGTAAGGAGCCATGCA	UGCAUGGCUCCUUACCUCAGGCUCCCACCA	0
NM_006219.3:5124-5153	NM_006219.3	NM_006219.3.fasta	5124	5153	+	30	GGTGGGAGCCTGAGGTAAGGAGCCATGCAT	AUGCAUGGCUCCUUACCUCAGGCUCCCACC	0
NM_006219.3:5125-5154	NM_006219.3	NM_006219.3.fasta	5125	5154	+	30	GTGGGAGCCTGAGGTAAGGAGCCATGCATA	UAUGCAUGGCUCCUUACCUCAGGCUCCCAC	0
NM_006219.3:5126-5155	NM_006219.3	NM_006219.3.fasta	5126	5155	+	30	TGGGAGCCTGAGGTAAGGAGCCATGCATAT	AUAUGCAUGGCUCCUUACCUCAGGCUCCCA	0
NM_006219.3:5127-5156	NM_006219.3	NM_006219.3.fasta	5127	5156	+	30	GGGAGCCTGAGGTAAGGAGCCATGCATATG	CAUAUGCAUGGCUCCUUACCUCAGGCUCCC	0
NM_006219.3:5128-5157	NM_006219.3	NM_006219.3.fasta	5128	5157	+	30	GGAGCCTGAGGTAAGGAGCCATGCATATGG	CCAUAUGCAUGGCUCCUUACCUCAGGCUCC	0
NM_006219.3:5129-5158	NM_006219.3	NM_006219.3.fasta	5129	5158	+	30	GAGCCTGAGGTAAGGAGCCATGCATATGGG	CCCAUAUGCAUGGCUCCUUACCUCAGGCUC	0
NM_006219.3:5130-5159	NM_006219.3	NM_006219.3.fasta	5130	5159	+	30	AGCCTGAGGTAAGGAGCCATGCATATGGGA	UCCCAUAUGCAUGGCUCCUUACCUCAGGCU	0
NM_006219.3:5131-5160	NM_006219.3	NM_006219.3.fasta	5131	5160	+	30	GCCTGAGGTAAGGAGCCATGCATATGGGAG	CUCCCAUAUGCAUGGCUCCUUACCUCAGGC	0
NM_006219.3:5132-5161	NM_006219.3	NM_006219.3.fasta	5132	5161	+	30	CCTGAGGTAAGGAGCCATGCATATGGGAGG	CCUCCCAUAUGCAUGGCUCCUUACCUCAGG	0
NM_006219.3:5133-5162	NM_006219.3	NM_006219.3.fasta	5133	5162	+	30	CTGAGGTAAGGAGCCATGCATATGGGAGGT	ACCUCCCAUAUGCAUGGCUCCUUACCUCAG	0
NM_006219.3:5134-5163	NM_006219.3	NM_006219.3.fasta	5134	5163	+	30	TGAGGTAAGGAGCCATGCATATGGGAGGTG	CACCUCCCAUAUGCAUGGCUCCUUACCUCA	0
NM_006219.3:5135-5164	NM_006219.3	NM_006219.3.fasta	5135	5164	+	30	GAGGTAAGGAGCCATGCATATGGGAGGTGT	ACACCUCCCAUAUGCAUGGCUCCUUACCUC	0
NM_006219.3:5136-5165	NM_006219.3	NM_006219.3.fasta	5136	5165	+	30	AGGTAAGGAGCCATGCATATGGGAGGTGTC	GACACCUCCCAUAUGCAUGGCUCCUUACCU	0
NM_006219.3:5137-5166	NM_006219.3	NM_006219.3.fasta	5137	5166	+	30	GGTAAGGAGCCATGCATATGGGAGGTGTCC	GGACACCUCCCAUAUGCAUGGCUCCUUACC	0
NM_006219.3:5138-5167	NM_006219.3	NM_006219.3.fasta	5138	5167	+	30	GTAAGGAGCCATGCATATGGGAGGTGTCCT	AGGACACCUCCCAUAUGCAUGGCUCCUUAC	0
NM_006219.3:5139-5168	NM_006219.3	NM_006219.3.fasta	5139	5168	+	30	TAAGGAGCCATGCATATGGGAGGTGTCCTG	CAGGACACCUCCCAUAUGCAUGGCUCCUUA	0
NM_006219.3:5140-5169	NM_006219.3	NM_006219.3.fasta	5140	5169	+	30	AAGGAGCCATGCATATGGGAGGTGTCCTGA	UCAGGACACCUCCCAUAUGCAUGGCUCCUU	0
NM_006219.3:5141-5170	NM_006219.3	NM_006219.3.fasta	5141	5170	+	30	AGGAGCCATGCATATGGGAGGTGTCCTGAA	UUCAGGACACCUCCCAUAUGCAUGGCUCCU	0
NM_006219.3:5142-5171	NM_006219.3	NM_006219.3.fasta	5142	5171	+	30	GGAGCCATGCATATGGGAGGTGTCCTGAAG	CUUCAGGACACCUCCCAUAUGCAUGGCUCC	0
NM_006219.3:5143-5172	NM_006219.3	NM_006219.3.fasta	5143	5172	+	30	GAGCCATGCATATGGGAGGTGTCCTGAAGT	ACUUCAGGACACCUCCCAUAUGCAUGGCUC	0
NM_006219.3:5144-5173	NM_006219.3	NM_006219.3.fasta	5144	5173	+	30	AGCCATGCATATGGGAGGTGTCCTGAAGTC	GACUUCAGGACACCUCCCAUAUGCAUGGCU	0
NM_006219.3:5145-5174	NM_006219.3	NM_006219.3.fasta	5145	5174	+	30	GCCATGCATATGGGAGGTGTCCTGAAGTCT	AGACUUCAGGACACCUCCCAUAUGCAUGGC	0
NM_006219.3:5146-5175	NM_006219.3	NM_006219.3.fasta	5146	5175	+	30	CCATGCATATGGGAGGTGTCCTGAAGTCTG	CAGACUUCAGGACACCUCCCAUAUGCAUGG	0
NM_006219.3:5147-5176	NM_006219.3	NM_006219.3.fasta	5147	5176	+	30	CATGCATATGGGAGGTGTCCTGAAGTCTGG	CCAGACUUCAGGACACCUCCCAUAUGCAUG	0
NM_006219.3:5148-5177	NM_006219.3	NM_006219.3.fasta	5148	5177	+	30	ATGCATATGGGAGGTGTCCTGAAGTCTGGG	CCCAGACUUCAGGACACCUCCCAUAUGCAU	0
NM_006219.3:5149-5178	NM_006219.3	NM_006219.3.fasta	5149	5178	+	30	TGCATATGGGAGGTGTCCTGAAGTCTGGGT	ACCCAGACUUCAGGACACCUCCCAUAUGCA	0
NM_006219.3:5150-5179	NM_006219.3	NM_006219.3.fasta	5150	5179	+	30	GCATATGGGAGGTGTCCTGAAGTCTGGGTA	UACCCAGACUUCAGGACACCUCCCAUAUGC	0
NM_006219.3:5151-5180	NM_006219.3	NM_006219.3.fasta	5151	5180	+	30	CATATGGGAGGTGTCCTGAAGTCTGGGTAG	CUACCCAGACUUCAGGACACCUCCCAUAUG	0
NM_006219.3:5152-5181	NM_006219.3	NM_006219.3.fasta	5152	5181	+	30	ATATGGGAGGTGTCCTGAAGTCTGGGTAGT	ACUACCCAGACUUCAGGACACCUCCCAUAU	0
NM_006219.3:5153-5182	NM_006219.3	NM_006219.3.fasta	5153	5182	+	30	TATGGGAGGTGTCCTGAAGTCTGGGTAGTT	AACUACCCAGACUUCAGGACACCUCCCAUA	0
NM_006219.3:5154-5183	NM_006219.3	NM_006219.3.fasta	5154	5183	+	30	ATGGGAGGTGTCCTGAAGTCTGGGTAGTTA	UAACUACCCAGACUUCAGGACACCUCCCAU	0
NM_006219.3:5155-5184	NM_006219.3	NM_006219.3.fasta	5155	5184	+	30	TGGGAGGTGTCCTGAAGTCTGGGTAGTTAC	GUAACUACCCAGACUUCAGGACACCUCCCA	0
NM_006219.3:5156-5185	NM_006219.3	NM_006219.3.fasta	5156	5185	+	30	GGGAGGTGTCCTGAAGTCTGGGTAGTTACT	AGUAACUACCCAGACUUCAGGACACCUCCC	0
NM_006219.3:5157-5186	NM_006219.3	NM_006219.3.fasta	5157	5186	+	30	GGAGGTGTCCTGAAGTCTGGGTAGTTACTT	AAGUAACUACCCAGACUUCAGGACACCUCC	0
NM_006219.3:5158-5187	NM_006219.3	NM_006219.3.fasta	5158	5187	+	30	GAGGTGTCCTGAAGTCTGGGTAGTTACTTG	CAAGUAACUACCCAGACUUCAGGACACCUC	0
NM_006219.3:5159-5188	NM_006219.3	NM_006219.3.fasta	5159	5188	+	30	AGGTGTCCTGAAGTCTGGGTAGTTACTTGG	CCAAGUAACUACCCAGACUUCAGGACACCU	0
NM_006219.3:5160-5189	NM_006219.3	NM_006219.3.fasta	5160	5189	+	30	GGTGTCCTGAAGTCTGGGTAGTTACTTGGC	GCCAAGUAACUACCCAGACUUCAGGACACC	0
NM_006219.3:5161-5190	NM_006219.3	NM_006219.3.fasta	5161	5190	+	30	GTGTCCTGAAGTCTGGGTAGTTACTTGGCA	UGCCAAGUAACUACCCAGACUUCAGGACAC	0
NM_006219.3:5162-5191	NM_006219.3	NM_006219.3.fasta	5162	5191	+	30	TGTCCTGAAGTCTGGGTAGTTACTTGGCAC	GUGCCAAGUAACUACCCAGACUUCAGGACA	0
NM_006219.3:5163-5192	NM_006219.3	NM_006219.3.fasta	5163	5192	+	30	GTCCTGAAGTCTGGGTAGTTACTTGGCACT	AGUGCCAAGUAACUACCCAGACUUCAGGAC	0
NM_006219.3:5164-5193	NM_006219.3	NM_006219.3.fasta	5164	5193	+	30	TCCTGAAGTCTGGGTAGTTACTTGGCACTG	CAGUGCCAAGUAACUACCCAGACUUCAGGA	0
NM_006219.3:5165-5194	NM_006219.3	NM_006219.3.fasta	5165	5194	+	30	CCTGAAGTCTGGGTAGTTACTTGGCACTGA	UCAGUGCCAAGUAACUACCCAGACUUCAGG	0
NM_006219.3:5166-5195	NM_006219.3	NM_006219.3.fasta	5166	5195	+	30	CTGAAGTCTGGGTAGTTACTTGGCACTGAG	CUCAGUGCCAAGUAACUACCCAGACUUCAG	0
NM_006219.3:5167-5196	NM_006219.3	NM_006219.3.fasta	5167	5196	+	30	TGAAGTCTGGGTAGTTACTTGGCACTGAGC	GCUCAGUGCCAAGUAACUACCCAGACUUCA	0
NM_006219.3:5168-5197	NM_006219.3	NM_006219.3.fasta	5168	5197	+	30	GAAGTCTGGGTAGTTACTTGGCACTGAGCC	GGCUCAGUGCCAAGUAACUACCCAGACUUC	0
NM_006219.3:5169-5198	NM_006219.3	NM_006219.3.fasta	5169	5198	+	30	AAGTCTGGGTAGTTACTTGGCACTGAGCCA	UGGCUCAGUGCCAAGUAACUACCCAGACUU	0
NM_006219.3:5170-5199	NM_006219.3	NM_006219.3.fasta	5170	5199	+	30	AGTCTGGGTAGTTACTTGGCACTGAGCCAA	UUGGCUCAGUGCCAAGUAACUACCCAGACU	0
NM_006219.3:5171-5200	NM_006219.3	NM_006219.3.fasta	5171	5200	+	30	GTCTGGGTAGTTACTTGGCACTGAGCCAAG	CUUGGCUCAGUGCCAAGUAACUACCCAGAC	0
NM_006219.3:5172-5201	NM_006219.3	NM_006219.3.fasta	5172	5201	+	30	TCTGGGTAGTTACTTGGCACTGAGCCAAGG	CCUUGGCUCAGUGCCAAGUAACUACCCAGA	0
NM_006219.3:5173-5202	NM_006219.3	NM_006219.3.fasta	5173	5202	+	30	CTGGGTAGTTACTTGGCACTGAGCCAAGGC	GCCUUGGCUCAGUGCCAAGUAACUACCCAG	0
NM_006219.3:5174-5203	NM_006219.3	NM_006219.3.fasta	5174	5203	+	30	TGGGTAGTTACTTGGCACTGAGCCAAGGCC	GGCCUUGGCUCAGUGCCAAGUAACUACCCA	0
NM_006219.3:5175-5204	NM_006219.3	NM_006219.3.fasta	5175	5204	+	30	GGGTAGTTACTTGGCACTGAGCCAAGGCCA	UGGCCUUGGCUCAGUGCCAAGUAACUACCC	0
NM_006219.3:5176-5205	NM_006219.3	NM_006219.3.fasta	5176	5205	+	30	GGTAGTTACTTGGCACTGAGCCAAGGCCAG	CUGGCCUUGGCUCAGUGCCAAGUAACUACC	0
NM_006219.3:5177-5206	NM_006219.3	NM_006219.3.fasta	5177	5206	+	30	GTAGTTACTTGGCACTGAGCCAAGGCCAGA	UCUGGCCUUGGCUCAGUGCCAAGUAACUAC	0
NM_006219.3:5178-5207	NM_006219.3	NM_006219.3.fasta	5178	5207	+	30	TAGTTACTTGGCACTGAGCCAAGGCCAGAC	GUCUGGCCUUGGCUCAGUGCCAAGUAACUA	0
NM_006219.3:5179-5208	NM_006219.3	NM_006219.3.fasta	5179	5208	+	30	AGTTACTTGGCACTGAGCCAAGGCCAGACT	AGUCUGGCCUUGGCUCAGUGCCAAGUAACU	0
NM_006219.3:5180-5209	NM_006219.3	NM_006219.3.fasta	5180	5209	+	30	GTTACTTGGCACTGAGCCAAGGCCAGACTC	GAGUCUGGCCUUGGCUCAGUGCCAAGUAAC	0
NM_006219.3:5181-5210	NM_006219.3	NM_006219.3.fasta	5181	5210	+	30	TTACTTGGCACTGAGCCAAGGCCAGACTCT	AGAGUCUGGCCUUGGCUCAGUGCCAAGUAA	0
NM_006219.3:5182-5211	NM_006219.3	NM_006219.3.fasta	5182	5211	+	30	TACTTGGCACTGAGCCAAGGCCAGACTCTG	CAGAGUCUGGCCUUGGCUCAGUGCCAAGUA	0
NM_006219.3:5183-5212	NM_006219.3	NM_006219.3.fasta	5183	5212	+	30	ACTTGGCACTGAGCCAAGGCCAGACTCTGC	GCAGAGUCUGGCCUUGGCUCAGUGCCAAGU	0
NM_006219.3:5184-5213	NM_006219.3	NM_006219.3.fasta	5184	5213	+	30	CTTGGCACTGAGCCAAGGCCAGACTCTGCT	AGCAGAGUCUGGCCUUGGCUCAGUGCCAAG	0
NM_006219.3:5185-5214	NM_006219.3	NM_006219.3.fasta	5185	5214	+	30	TTGGCACTGAGCCAAGGCCAGACTCTGCTG	CAGCAGAGUCUGGCCUUGGCUCAGUGCCAA	0
NM_006219.3:5186-5215	NM_006219.3	NM_006219.3.fasta	5186	5215	+	30	TGGCACTGAGCCAAGGCCAGACTCTGCTGC	GCAGCAGAGUCUGGCCUUGGCUCAGUGCCA	0
NM_006219.3:5187-5216	NM_006219.3	NM_006219.3.fasta	5187	5216	+	30	GGCACTGAGCCAAGGCCAGACTCTGCTGCT	AGCAGCAGAGUCUGGCCUUGGCUCAGUGCC	0
NM_006219.3:5188-5217	NM_006219.3	NM_006219.3.fasta	5188	5217	+	30	GCACTGAGCCAAGGCCAGACTCTGCTGCTT	AAGCAGCAGAGUCUGGCCUUGGCUCAGUGC	0
NM_006219.3:5189-5218	NM_006219.3	NM_006219.3.fasta	5189	5218	+	30	CACTGAGCCAAGGCCAGACTCTGCTGCTTT	AAAGCAGCAGAGUCUGGCCUUGGCUCAGUG	0
NM_006219.3:5190-5219	NM_006219.3	NM_006219.3.fasta	5190	5219	+	30	ACTGAGCCAAGGCCAGACTCTGCTGCTTTG	CAAAGCAGCAGAGUCUGGCCUUGGCUCAGU	0
NM_006219.3:5191-5220	NM_006219.3	NM_006219.3.fasta	5191	5220	+	30	CTGAGCCAAGGCCAGACTCTGCTGCTTTGG	CCAAAGCAGCAGAGUCUGGCCUUGGCUCAG	0
NM_006219.3:5192-5221	NM_006219.3	NM_006219.3.fasta	5192	5221	+	30	TGAGCCAAGGCCAGACTCTGCTGCTTTGGA	UCCAAAGCAGCAGAGUCUGGCCUUGGCUCA	0
NM_006219.3:5193-5222	NM_006219.3	NM_006219.3.fasta	5193	5222	+	30	GAGCCAAGGCCAGACTCTGCTGCTTTGGAG	CUCCAAAGCAGCAGAGUCUGGCCUUGGCUC	0
NM_006219.3:5194-5223	NM_006219.3	NM_006219.3.fasta	5194	5223	+	30	AGCCAAGGCCAGACTCTGCTGCTTTGGAGC	GCUCCAAAGCAGCAGAGUCUGGCCUUGGCU	0
NM_006219.3:5195-5224	NM_006219.3	NM_006219.3.fasta	5195	5224	+	30	GCCAAGGCCAGACTCTGCTGCTTTGGAGCT	AGCUCCAAAGCAGCAGAGUCUGGCCUUGGC	0
NM_006219.3:5196-5225	NM_006219.3	NM_006219.3.fasta	5196	5225	+	30	CCAAGGCCAGACTCTGCTGCTTTGGAGCTC	GAGCUCCAAAGCAGCAGAGUCUGGCCUUGG	0
NM_006219.3:5197-5226	NM_006219.3	NM_006219.3.fasta	5197	5226	+	30	CAAGGCCAGACTCTGCTGCTTTGGAGCTCT	AGAGCUCCAAAGCAGCAGAGUCUGGCCUUG	0
NM_006219.3:5198-5227	NM_006219.3	NM_006219.3.fasta	5198	5227	+	30	AAGGCCAGACTCTGCTGCTTTGGAGCTCTT	AAGAGCUCCAAAGCAGCAGAGUCUGGCCUU	0
NM_006219.3:5199-5228	NM_006219.3	NM_006219.3.fasta	5199	5228	+	30	AGGCCAGACTCTGCTGCTTTGGAGCTCTTG	CAAGAGCUCCAAAGCAGCAGAGUCUGGCCU	0
NM_006219.3:5200-5229	NM_006219.3	NM_006219.3.fasta	5200	5229	+	30	GGCCAGACTCTGCTGCTTTGGAGCTCTTGT	ACAAGAGCUCCAAAGCAGCAGAGUCUGGCC	0
NM_006219.3:5201-5230	NM_006219.3	NM_006219.3.fasta	5201	5230	+	30	GCCAGACTCTGCTGCTTTGGAGCTCTTGTT	AACAAGAGCUCCAAAGCAGCAGAGUCUGGC	0
NM_006219.3:5202-5231	NM_006219.3	NM_006219.3.fasta	5202	5231	+	30	CCAGACTCTGCTGCTTTGGAGCTCTTGTTC	GAACAAGAGCUCCAAAGCAGCAGAGUCUGG	0
NM_006219.3:5203-5232	NM_006219.3	NM_006219.3.fasta	5203	5232	+	30	CAGACTCTGCTGCTTTGGAGCTCTTGTTCA	UGAACAAGAGCUCCAAAGCAGCAGAGUCUG	0
NM_006219.3:5204-5233	NM_006219.3	NM_006219.3.fasta	5204	5233	+	30	AGACTCTGCTGCTTTGGAGCTCTTGTTCAT	AUGAACAAGAGCUCCAAAGCAGCAGAGUCU	0
NM_006219.3:5205-5234	NM_006219.3	NM_006219.3.fasta	5205	5234	+	30	GACTCTGCTGCTTTGGAGCTCTTGTTCATG	CAUGAACAAGAGCUCCAAAGCAGCAGAGUC	0
NM_006219.3:5206-5235	NM_006219.3	NM_006219.3.fasta	5206	5235	+	30	ACTCTGCTGCTTTGGAGCTCTTGTTCATGG	CCAUGAACAAGAGCUCCAAAGCAGCAGAGU	0
NM_006219.3:5207-5236	NM_006219.3	NM_006219.3.fasta	5207	5236	+	30	CTCTGCTGCTTTGGAGCTCTTGTTCATGGG	CCCAUGAACAAGAGCUCCAAAGCAGCAGAG	0
NM_006219.3:5208-5237	NM_006219.3	NM_006219.3.fasta	5208	5237	+	30	TCTGCTGCTTTGGAGCTCTTGTTCATGGGG	CCCCAUGAACAAGAGCUCCAAAGCAGCAGA	0
NM_006219.3:5209-5238	NM_006219.3	NM_006219.3.fasta	5209	5238	+	30	CTGCTGCTTTGGAGCTCTTGTTCATGGGGC	GCCCCAUGAACAAGAGCUCCAAAGCAGCAG	0
NM_006219.3:5210-5239	NM_006219.3	NM_006219.3.fasta	5210	5239	+	30	TGCTGCTTTGGAGCTCTTGTTCATGGGGCA	UGCCCCAUGAACAAGAGCUCCAAAGCAGCA	0
NM_006219.3:5211-5240	NM_006219.3	NM_006219.3.fasta	5211	5240	+	30	GCTGCTTTGGAGCTCTTGTTCATGGGGCAG	CUGCCCCAUGAACAAGAGCUCCAAAGCAGC	0
NM_006219.3:5212-5241	NM_006219.3	NM_006219.3.fasta	5212	5241	+	30	CTGCTTTGGAGCTCTTGTTCATGGGGCAGA	UCUGCCCCAUGAACAAGAGCUCCAAAGCAG	0
NM_006219.3:5213-5242	NM_006219.3	NM_006219.3.fasta	5213	5242	+	30	TGCTTTGGAGCTCTTGTTCATGGGGCAGAT	AUCUGCCCCAUGAACAAGAGCUCCAAAGCA	0
NM_006219.3:5214-5243	NM_006219.3	NM_006219.3.fasta	5214	5243	+	30	GCTTTGGAGCTCTTGTTCATGGGGCAGATG	CAUCUGCCCCAUGAACAAGAGCUCCAAAGC	0
NM_006219.3:5215-5244	NM_006219.3	NM_006219.3.fasta	5215	5244	+	30	CTTTGGAGCTCTTGTTCATGGGGCAGATGC	GCAUCUGCCCCAUGAACAAGAGCUCCAAAG	0
NM_006219.3:5216-5245	NM_006219.3	NM_006219.3.fasta	5216	5245	+	30	TTTGGAGCTCTTGTTCATGGGGCAGATGCT	AGCAUCUGCCCCAUGAACAAGAGCUCCAAA	0
NM_006219.3:5217-5246	NM_006219.3	NM_006219.3.fasta	5217	5246	+	30	TTGGAGCTCTTGTTCATGGGGCAGATGCTG	CAGCAUCUGCCCCAUGAACAAGAGCUCCAA	0
NM_006219.3:5218-5247	NM_006219.3	NM_006219.3.fasta	5218	5247	+	30	TGGAGCTCTTGTTCATGGGGCAGATGCTGG	CCAGCAUCUGCCCCAUGAACAAGAGCUCCA	0
NM_006219.3:5219-5248	NM_006219.3	NM_006219.3.fasta	5219	5248	+	30	GGAGCTCTTGTTCATGGGGCAGATGCTGGA	UCCAGCAUCUGCCCCAUGAACAAGAGCUCC	0
NM_006219.3:5220-5249	NM_006219.3	NM_006219.3.fasta	5220	5249	+	30	GAGCTCTTGTTCATGGGGCAGATGCTGGAG	CUCCAGCAUCUGCCCCAUGAACAAGAGCUC	0
NM_006219.3:5221-5250	NM_006219.3	NM_006219.3.fasta	5221	5250	+	30	AGCTCTTGTTCATGGGGCAGATGCTGGAGC	GCUCCAGCAUCUGCCCCAUGAACAAGAGCU	0
NM_006219.3:5222-5251	NM_006219.3	NM_006219.3.fasta	5222	5251	+	30	GCTCTTGTTCATGGGGCAGATGCTGGAGCA	UGCUCCAGCAUCUGCCCCAUGAACAAGAGC	0
NM_006219.3:5223-5252	NM_006219.3	NM_006219.3.fasta	5223	5252	+	30	CTCTTGTTCATGGGGCAGATGCTGGAGCAG	CUGCUCCAGCAUCUGCCCCAUGAACAAGAG	0
NM_006219.3:5224-5253	NM_006219.3	NM_006219.3.fasta	5224	5253	+	30	TCTTGTTCATGGGGCAGATGCTGGAGCAGT	ACUGCUCCAGCAUCUGCCCCAUGAACAAGA	0
NM_006219.3:5225-5254	NM_006219.3	NM_006219.3.fasta	5225	5254	+	30	CTTGTTCATGGGGCAGATGCTGGAGCAGTC	GACUGCUCCAGCAUCUGCCCCAUGAACAAG	0
NM_006219.3:5226-5255	NM_006219.3	NM_006219.3.fasta	5226	5255	+	30	TTGTTCATGGGGCAGATGCTGGAGCAGTCC	GGACUGCUCCAGCAUCUGCCCCAUGAACAA	0
NM_006219.3:5227-5256	NM_006219.3	NM_006219.3.fasta	5227	5256	+	30	TGTTCATGGGGCAGATGCTGGAGCAGTCCA	UGGACUGCUCCAGCAUCUGCCCCAUGAACA	0
NM_006219.3:5228-5257	NM_006219.3	NM_006219.3.fasta	5228	5257	+	30	GTTCATGGGGCAGATGCTGGAGCAGTCCAG	CUGGACUGCUCCAGCAUCUGCCCCAUGAAC	0
NM_006219.3:5229-5258	NM_006219.3	NM_006219.3.fasta	5229	5258	+	30	TTCATGGGGCAGATGCTGGAGCAGTCCAGT	ACUGGACUGCUCCAGCAUCUGCCCCAUGAA	0
NM_006219.3:5230-5259	NM_006219.3	NM_006219.3.fasta	5230	5259	+	30	TCATGGGGCAGATGCTGGAGCAGTCCAGTT	AACUGGACUGCUCCAGCAUCUGCCCCAUGA	0
NM_006219.3:5231-5260	NM_006219.3	NM_006219.3.fasta	5231	5260	+	30	CATGGGGCAGATGCTGGAGCAGTCCAGTTC	GAACUGGACUGCUCCAGCAUCUGCCCCAUG	0
NM_006219.3:5232-5261	NM_006219.3	NM_006219.3.fasta	5232	5261	+	30	ATGGGGCAGATGCTGGAGCAGTCCAGTTCC	GGAACUGGACUGCUCCAGCAUCUGCCCCAU	0
NM_006219.3:5233-5262	NM_006219.3	NM_006219.3.fasta	5233	5262	+	30	TGGGGCAGATGCTGGAGCAGTCCAGTTCCT	AGGAACUGGACUGCUCCAGCAUCUGCCCCA	0
NM_006219.3:5234-5263	NM_006219.3	NM_006219.3.fasta	5234	5263	+	30	GGGGCAGATGCTGGAGCAGTCCAGTTCCTT	AAGGAACUGGACUGCUCCAGCAUCUGCCCC	0
NM_006219.3:5235-5264	NM_006219.3	NM_006219.3.fasta	5235	5264	+	30	GGGCAGATGCTGGAGCAGTCCAGTTCCTTG	CAAGGAACUGGACUGCUCCAGCAUCUGCCC	0
NM_006219.3:5236-5265	NM_006219.3	NM_006219.3.fasta	5236	5265	+	30	GGCAGATGCTGGAGCAGTCCAGTTCCTTGG	CCAAGGAACUGGACUGCUCCAGCAUCUGCC	0
NM_006219.3:5237-5266	NM_006219.3	NM_006219.3.fasta	5237	5266	+	30	GCAGATGCTGGAGCAGTCCAGTTCCTTGGA	UCCAAGGAACUGGACUGCUCCAGCAUCUGC	0
NM_006219.3:5238-5267	NM_006219.3	NM_006219.3.fasta	5238	5267	+	30	CAGATGCTGGAGCAGTCCAGTTCCTTGGAA	UUCCAAGGAACUGGACUGCUCCAGCAUCUG	0
NM_006219.3:5239-5268	NM_006219.3	NM_006219.3.fasta	5239	5268	+	30	AGATGCTGGAGCAGTCCAGTTCCTTGGAAA	UUUCCAAGGAACUGGACUGCUCCAGCAUCU	0
NM_006219.3:5240-5269	NM_006219.3	NM_006219.3.fasta	5240	5269	+	30	GATGCTGGAGCAGTCCAGTTCCTTGGAAAT	AUUUCCAAGGAACUGGACUGCUCCAGCAUC	0
NM_006219.3:5241-5270	NM_006219.3	NM_006219.3.fasta	5241	5270	+	30	ATGCTGGAGCAGTCCAGTTCCTTGGAAATA	UAUUUCCAAGGAACUGGACUGCUCCAGCAU	0
NM_006219.3:5242-5271	NM_006219.3	NM_006219.3.fasta	5242	5271	+	30	TGCTGGAGCAGTCCAGTTCCTTGGAAATAA	UUAUUUCCAAGGAACUGGACUGCUCCAGCA	0
NM_006219.3:5243-5272	NM_006219.3	NM_006219.3.fasta	5243	5272	+	30	GCTGGAGCAGTCCAGTTCCTTGGAAATAAC	GUUAUUUCCAAGGAACUGGACUGCUCCAGC	0
NM_006219.3:5244-5273	NM_006219.3	NM_006219.3.fasta	5244	5273	+	30	CTGGAGCAGTCCAGTTCCTTGGAAATAACT	AGUUAUUUCCAAGGAACUGGACUGCUCCAG	0
NM_006219.3:5245-5274	NM_006219.3	NM_006219.3.fasta	5245	5274	+	30	TGGAGCAGTCCAGTTCCTTGGAAATAACTC	GAGUUAUUUCCAAGGAACUGGACUGCUCCA	0
NM_006219.3:5246-5275	NM_006219.3	NM_006219.3.fasta	5246	5275	+	30	GGAGCAGTCCAGTTCCTTGGAAATAACTCA	UGAGUUAUUUCCAAGGAACUGGACUGCUCC	0
NM_006219.3:5247-5276	NM_006219.3	NM_006219.3.fasta	5247	5276	+	30	GAGCAGTCCAGTTCCTTGGAAATAACTCAG	CUGAGUUAUUUCCAAGGAACUGGACUGCUC	0
NM_006219.3:5248-5277	NM_006219.3	NM_006219.3.fasta	5248	5277	+	30	AGCAGTCCAGTTCCTTGGAAATAACTCAGC	GCUGAGUUAUUUCCAAGGAACUGGACUGCU	0
NM_006219.3:5249-5278	NM_006219.3	NM_006219.3.fasta	5249	5278	+	30	GCAGTCCAGTTCCTTGGAAATAACTCAGCT	AGCUGAGUUAUUUCCAAGGAACUGGACUGC	0
NM_006219.3:5250-5279	NM_006219.3	NM_006219.3.fasta	5250	5279	+	30	CAGTCCAGTTCCTTGGAAATAACTCAGCTG	CAGCUGAGUUAUUUCCAAGGAACUGGACUG	0
NM_006219.3:5251-5280	NM_006219.3	NM_006219.3.fasta	5251	5280	+	30	AGTCCAGTTCCTTGGAAATAACTCAGCTGA	UCAGCUGAGUUAUUUCCAAGGAACUGGACU	0
NM_006219.3:5252-5281	NM_006219.3	NM_006219.3.fasta	5252	5281	+	30	GTCCAGTTCCTTGGAAATAACTCAGCTGAG	CUCAGCUGAGUUAUUUCCAAGGAACUGGAC	0
NM_006219.3:5253-5282	NM_006219.3	NM_006219.3.fasta	5253	5282	+	30	TCCAGTTCCTTGGAAATAACTCAGCTGAGG	CCUCAGCUGAGUUAUUUCCAAGGAACUGGA	0
NM_006219.3:5254-5283	NM_006219.3	NM_006219.3.fasta	5254	5283	+	30	CCAGTTCCTTGGAAATAACTCAGCTGAGGA	UCCUCAGCUGAGUUAUUUCCAAGGAACUGG	0
NM_006219.3:5255-5284	NM_006219.3	NM_006219.3.fasta	5255	5284	+	30	CAGTTCCTTGGAAATAACTCAGCTGAGGAT	AUCCUCAGCUGAGUUAUUUCCAAGGAACUG	0
NM_006219.3:5256-5285	NM_006219.3	NM_006219.3.fasta	5256	5285	+	30	AGTTCCTTGGAAATAACTCAGCTGAGGATG	CAUCCUCAGCUGAGUUAUUUCCAAGGAACU	0
NM_006219.3:5257-5286	NM_006219.3	NM_006219.3.fasta	5257	5286	+	30	GTTCCTTGGAAATAACTCAGCTGAGGATGG	CCAUCCUCAGCUGAGUUAUUUCCAAGGAAC	0
NM_006219.3:5258-5287	NM_006219.3	NM_006219.3.fasta	5258	5287	+	30	TTCCTTGGAAATAACTCAGCTGAGGATGGG	CCCAUCCUCAGCUGAGUUAUUUCCAAGGAA	0
NM_006219.3:5259-5288	NM_006219.3	NM_006219.3.fasta	5259	5288	+	30	TCCTTGGAAATAACTCAGCTGAGGATGGGA	UCCCAUCCUCAGCUGAGUUAUUUCCAAGGA	0
NM_006219.3:5260-5289	NM_006219.3	NM_006219.3.fasta	5260	5289	+	30	CCTTGGAAATAACTCAGCTGAGGATGGGAG	CUCCCAUCCUCAGCUGAGUUAUUUCCAAGG	0
NM_006219.3:5261-5290	NM_006219.3	NM_006219.3.fasta	5261	5290	+	30	CTTGGAAATAACTCAGCTGAGGATGGGAGT	ACUCCCAUCCUCAGCUGAGUUAUUUCCAAG	0
NM_006219.3:5262-5291	NM_006219.3	NM_006219.3.fasta	5262	5291	+	30	TTGGAAATAACTCAGCTGAGGATGGGAGTT	AACUCCCAUCCUCAGCUGAGUUAUUUCCAA	0
NM_006219.3:5263-5292	NM_006219.3	NM_006219.3.fasta	5263	5292	+	30	TGGAAATAACTCAGCTGAGGATGGGAGTTG	CAACUCCCAUCCUCAGCUGAGUUAUUUCCA	0
NM_006219.3:5264-5293	NM_006219.3	NM_006219.3.fasta	5264	5293	+	30	GGAAATAACTCAGCTGAGGATGGGAGTTGG	CCAACUCCCAUCCUCAGCUGAGUUAUUUCC	0
NM_006219.3:5265-5294	NM_006219.3	NM_006219.3.fasta	5265	5294	+	30	GAAATAACTCAGCTGAGGATGGGAGTTGGC	GCCAACUCCCAUCCUCAGCUGAGUUAUUUC	0
NM_006219.3:5266-5295	NM_006219.3	NM_006219.3.fasta	5266	5295	+	30	AAATAACTCAGCTGAGGATGGGAGTTGGCC	GGCCAACUCCCAUCCUCAGCUGAGUUAUUU	0
NM_006219.3:5267-5296	NM_006219.3	NM_006219.3.fasta	5267	5296	+	30	AATAACTCAGCTGAGGATGGGAGTTGGCCC	GGGCCAACUCCCAUCCUCAGCUGAGUUAUU	0
NM_006219.3:5268-5297	NM_006219.3	NM_006219.3.fasta	5268	5297	+	30	ATAACTCAGCTGAGGATGGGAGTTGGCCCC	GGGGCCAACUCCCAUCCUCAGCUGAGUUAU	0
NM_006219.3:5269-5298	NM_006219.3	NM_006219.3.fasta	5269	5298	+	30	TAACTCAGCTGAGGATGGGAGTTGGCCCCT	AGGGGCCAACUCCCAUCCUCAGCUGAGUUA	0
NM_006219.3:5270-5299	NM_006219.3	NM_006219.3.fasta	5270	5299	+	30	AACTCAGCTGAGGATGGGAGTTGGCCCCTG	CAGGGGCCAACUCCCAUCCUCAGCUGAGUU	0
NM_006219.3:5271-5300	NM_006219.3	NM_006219.3.fasta	5271	5300	+	30	ACTCAGCTGAGGATGGGAGTTGGCCCCTGA	UCAGGGGCCAACUCCCAUCCUCAGCUGAGU	0
NM_006219.3:5272-5301	NM_006219.3	NM_006219.3.fasta	5272	5301	+	30	CTCAGCTGAGGATGGGAGTTGGCCCCTGAA	UUCAGGGGCCAACUCCCAUCCUCAGCUGAG	0
NM_006219.3:5273-5302	NM_006219.3	NM_006219.3.fasta	5273	5302	+	30	TCAGCTGAGGATGGGAGTTGGCCCCTGAAT	AUUCAGGGGCCAACUCCCAUCCUCAGCUGA	0
NM_006219.3:5274-5303	NM_006219.3	NM_006219.3.fasta	5274	5303	+	30	CAGCTGAGGATGGGAGTTGGCCCCTGAATT	AAUUCAGGGGCCAACUCCCAUCCUCAGCUG	0
NM_006219.3:5275-5304	NM_006219.3	NM_006219.3.fasta	5275	5304	+	30	AGCTGAGGATGGGAGTTGGCCCCTGAATTC	GAAUUCAGGGGCCAACUCCCAUCCUCAGCU	0
NM_006219.3:5276-5305	NM_006219.3	NM_006219.3.fasta	5276	5305	+	30	GCTGAGGATGGGAGTTGGCCCCTGAATTCC	GGAAUUCAGGGGCCAACUCCCAUCCUCAGC	0
NM_006219.3:5277-5306	NM_006219.3	NM_006219.3.fasta	5277	5306	+	30	CTGAGGATGGGAGTTGGCCCCTGAATTCCT	AGGAAUUCAGGGGCCAACUCCCAUCCUCAG	0
NM_006219.3:5278-5307	NM_006219.3	NM_006219.3.fasta	5278	5307	+	30	TGAGGATGGGAGTTGGCCCCTGAATTCCTC	GAGGAAUUCAGGGGCCAACUCCCAUCCUCA	0
NM_006219.3:5279-5308	NM_006219.3	NM_006219.3.fasta	5279	5308	+	30	GAGGATGGGAGTTGGCCCCTGAATTCCTCA	UGAGGAAUUCAGGGGCCAACUCCCAUCCUC	0
NM_006219.3:5280-5309	NM_006219.3	NM_006219.3.fasta	5280	5309	+	30	AGGATGGGAGTTGGCCCCTGAATTCCTCAT	AUGAGGAAUUCAGGGGCCAACUCCCAUCCU	0
NM_006219.3:5281-5310	NM_006219.3	NM_006219.3.fasta	5281	5310	+	30	GGATGGGAGTTGGCCCCTGAATTCCTCATT	AAUGAGGAAUUCAGGGGCCAACUCCCAUCC	0
NM_006219.3:5282-5311	NM_006219.3	NM_006219.3.fasta	5282	5311	+	30	GATGGGAGTTGGCCCCTGAATTCCTCATTT	AAAUGAGGAAUUCAGGGGCCAACUCCCAUC	0
NM_006219.3:5283-5312	NM_006219.3	NM_006219.3.fasta	5283	5312	+	30	ATGGGAGTTGGCCCCTGAATTCCTCATTTC	GAAAUGAGGAAUUCAGGGGCCAACUCCCAU	0
NM_006219.3:5284-5313	NM_006219.3	NM_006219.3.fasta	5284	5313	+	30	TGGGAGTTGGCCCCTGAATTCCTCATTTCC	GGAAAUGAGGAAUUCAGGGGCCAACUCCCA	0
NM_006219.3:5285-5314	NM_006219.3	NM_006219.3.fasta	5285	5314	+	30	GGGAGTTGGCCCCTGAATTCCTCATTTCCA	UGGAAAUGAGGAAUUCAGGGGCCAACUCCC	0
NM_006219.3:5286-5315	NM_006219.3	NM_006219.3.fasta	5286	5315	+	30	GGAGTTGGCCCCTGAATTCCTCATTTCCAG	CUGGAAAUGAGGAAUUCAGGGGCCAACUCC	0
NM_006219.3:5287-5316	NM_006219.3	NM_006219.3.fasta	5287	5316	+	30	GAGTTGGCCCCTGAATTCCTCATTTCCAGG	CCUGGAAAUGAGGAAUUCAGGGGCCAACUC	0
NM_006219.3:5288-5317	NM_006219.3	NM_006219.3.fasta	5288	5317	+	30	AGTTGGCCCCTGAATTCCTCATTTCCAGGG	CCCUGGAAAUGAGGAAUUCAGGGGCCAACU	0
NM_006219.3:5289-5318	NM_006219.3	NM_006219.3.fasta	5289	5318	+	30	GTTGGCCCCTGAATTCCTCATTTCCAGGGC	GCCCUGGAAAUGAGGAAUUCAGGGGCCAAC	0
NM_006219.3:5290-5319	NM_006219.3	NM_006219.3.fasta	5290	5319	+	30	TTGGCCCCTGAATTCCTCATTTCCAGGGCT	AGCCCUGGAAAUGAGGAAUUCAGGGGCCAA	0
NM_006219.3:5291-5320	NM_006219.3	NM_006219.3.fasta	5291	5320	+	30	TGGCCCCTGAATTCCTCATTTCCAGGGCTG	CAGCCCUGGAAAUGAGGAAUUCAGGGGCCA	0
NM_006219.3:5292-5321	NM_006219.3	NM_006219.3.fasta	5292	5321	+	30	GGCCCCTGAATTCCTCATTTCCAGGGCTGG	CCAGCCCUGGAAAUGAGGAAUUCAGGGGCC	0
NM_006219.3:5293-5322	NM_006219.3	NM_006219.3.fasta	5293	5322	+	30	GCCCCTGAATTCCTCATTTCCAGGGCTGGT	ACCAGCCCUGGAAAUGAGGAAUUCAGGGGC	0
NM_006219.3:5294-5323	NM_006219.3	NM_006219.3.fasta	5294	5323	+	30	CCCCTGAATTCCTCATTTCCAGGGCTGGTG	CACCAGCCCUGGAAAUGAGGAAUUCAGGGG	0
NM_006219.3:5295-5324	NM_006219.3	NM_006219.3.fasta	5295	5324	+	30	CCCTGAATTCCTCATTTCCAGGGCTGGTGT	ACACCAGCCCUGGAAAUGAGGAAUUCAGGG	0
NM_006219.3:5296-5325	NM_006219.3	NM_006219.3.fasta	5296	5325	+	30	CCTGAATTCCTCATTTCCAGGGCTGGTGTA	UACACCAGCCCUGGAAAUGAGGAAUUCAGG	0
NM_006219.3:5297-5326	NM_006219.3	NM_006219.3.fasta	5297	5326	+	30	CTGAATTCCTCATTTCCAGGGCTGGTGTAG	CUACACCAGCCCUGGAAAUGAGGAAUUCAG	0
NM_006219.3:5298-5327	NM_006219.3	NM_006219.3.fasta	5298	5327	+	30	TGAATTCCTCATTTCCAGGGCTGGTGTAGA	UCUACACCAGCCCUGGAAAUGAGGAAUUCA	0
NM_006219.3:5299-5328	NM_006219.3	NM_006219.3.fasta	5299	5328	+	30	GAATTCCTCATTTCCAGGGCTGGTGTAGAC	GUCUACACCAGCCCUGGAAAUGAGGAAUUC	0
NM_006219.3:5300-5329	NM_006219.3	NM_006219.3.fasta	5300	5329	+	30	AATTCCTCATTTCCAGGGCTGGTGTAGACT	AGUCUACACCAGCCCUGGAAAUGAGGAAUU	0
NM_006219.3:5301-5330	NM_006219.3	NM_006219.3.fasta	5301	5330	+	30	ATTCCTCATTTCCAGGGCTGGTGTAGACTC	GAGUCUACACCAGCCCUGGAAAUGAGGAAU	0
NM_006219.3:5302-5331	NM_006219.3	NM_006219.3.fasta	5302	5331	+	30	TTCCTCATTTCCAGGGCTGGTGTAGACTCA	UGAGUCUACACCAGCCCUGGAAAUGAGGAA	0
NM_006219.3:5303-5332	NM_006219.3	NM_006219.3.fasta	5303	5332	+	30	TCCTCATTTCCAGGGCTGGTGTAGACTCAC	GUGAGUCUACACCAGCCCUGGAAAUGAGGA	0
NM_006219.3:5304-5333	NM_006219.3	NM_006219.3.fasta	5304	5333	+	30	CCTCATTTCCAGGGCTGGTGTAGACTCACT	AGUGAGUCUACACCAGCCCUGGAAAUGAGG	0
NM_006219.3:5305-5334	NM_006219.3	NM_006219.3.fasta	5305	5334	+	30	CTCATTTCCAGGGCTGGTGTAGACTCACTG	CAGUGAGUCUACACCAGCCCUGGAAAUGAG	0
NM_006219.3:5306-5335	NM_006219.3	NM_006219.3.fasta	5306	5335	+	30	TCATTTCCAGGGCTGGTGTAGACTCACTGA	UCAGUGAGUCUACACCAGCCCUGGAAAUGA	0
NM_006219.3:5307-5336	NM_006219.3	NM_006219.3.fasta	5307	5336	+	30	CATTTCCAGGGCTGGTGTAGACTCACTGAG	CUCAGUGAGUCUACACCAGCCCUGGAAAUG	0
NM_006219.3:5308-5337	NM_006219.3	NM_006219.3.fasta	5308	5337	+	30	ATTTCCAGGGCTGGTGTAGACTCACTGAGA	UCUCAGUGAGUCUACACCAGCCCUGGAAAU	0
NM_006219.3:5309-5338	NM_006219.3	NM_006219.3.fasta	5309	5338	+	30	TTTCCAGGGCTGGTGTAGACTCACTGAGAC	GUCUCAGUGAGUCUACACCAGCCCUGGAAA	0
NM_006219.3:5310-5339	NM_006219.3	NM_006219.3.fasta	5310	5339	+	30	TTCCAGGGCTGGTGTAGACTCACTGAGACT	AGUCUCAGUGAGUCUACACCAGCCCUGGAA	0
NM_006219.3:5311-5340	NM_006219.3	NM_006219.3.fasta	5311	5340	+	30	TCCAGGGCTGGTGTAGACTCACTGAGACTT	AAGUCUCAGUGAGUCUACACCAGCCCUGGA	0
NM_006219.3:5312-5341	NM_006219.3	NM_006219.3.fasta	5312	5341	+	30	CCAGGGCTGGTGTAGACTCACTGAGACTTC	GAAGUCUCAGUGAGUCUACACCAGCCCUGG	0
NM_006219.3:5313-5342	NM_006219.3	NM_006219.3.fasta	5313	5342	+	30	CAGGGCTGGTGTAGACTCACTGAGACTTCC	GGAAGUCUCAGUGAGUCUACACCAGCCCUG	0
NM_006219.3:5314-5343	NM_006219.3	NM_006219.3.fasta	5314	5343	+	30	AGGGCTGGTGTAGACTCACTGAGACTTCCA	UGGAAGUCUCAGUGAGUCUACACCAGCCCU	0
NM_006219.3:5315-5344	NM_006219.3	NM_006219.3.fasta	5315	5344	+	30	GGGCTGGTGTAGACTCACTGAGACTTCCAG	CUGGAAGUCUCAGUGAGUCUACACCAGCCC	0
NM_006219.3:5316-5345	NM_006219.3	NM_006219.3.fasta	5316	5345	+	30	GGCTGGTGTAGACTCACTGAGACTTCCAGG	CCUGGAAGUCUCAGUGAGUCUACACCAGCC	0
NM_006219.3:5317-5346	NM_006219.3	NM_006219.3.fasta	5317	5346	+	30	GCTGGTGTAGACTCACTGAGACTTCCAGGA	UCCUGGAAGUCUCAGUGAGUCUACACCAGC	0
NM_006219.3:5318-5347	NM_006219.3	NM_006219.3.fasta	5318	5347	+	30	CTGGTGTAGACTCACTGAGACTTCCAGGAA	UUCCUGGAAGUCUCAGUGAGUCUACACCAG	0
NM_006219.3:5319-5348	NM_006219.3	NM_006219.3.fasta	5319	5348	+	30	TGGTGTAGACTCACTGAGACTTCCAGGAAT	AUUCCUGGAAGUCUCAGUGAGUCUACACCA	0
NM_006219.3:5320-5349	NM_006219.3	NM_006219.3.fasta	5320	5349	+	30	GGTGTAGACTCACTGAGACTTCCAGGAATA	UAUUCCUGGAAGUCUCAGUGAGUCUACACC	0
NM_006219.3:5321-5350	NM_006219.3	NM_006219.3.fasta	5321	5350	+	30	GTGTAGACTCACTGAGACTTCCAGGAATAG	CUAUUCCUGGAAGUCUCAGUGAGUCUACAC	0
NM_006219.3:5322-5351	NM_006219.3	NM_006219.3.fasta	5322	5351	+	30	TGTAGACTCACTGAGACTTCCAGGAATAGA	UCUAUUCCUGGAAGUCUCAGUGAGUCUACA	0
NM_006219.3:5323-5352	NM_006219.3	NM_006219.3.fasta	5323	5352	+	30	GTAGACTCACTGAGACTTCCAGGAATAGAA	UUCUAUUCCUGGAAGUCUCAGUGAGUCUAC	0
NM_006219.3:5324-5353	NM_006219.3	NM_006219.3.fasta	5324	5353	+	30	TAGACTCACTGAGACTTCCAGGAATAGAAC	GUUCUAUUCCUGGAAGUCUCAGUGAGUCUA	0
NM_006219.3:5325-5354	NM_006219.3	NM_006219.3.fasta	5325	5354	+	30	AGACTCACTGAGACTTCCAGGAATAGAACT	AGUUCUAUUCCUGGAAGUCUCAGUGAGUCU	0
NM_006219.3:5326-5355	NM_006219.3	NM_006219.3.fasta	5326	5355	+	30	GACTCACTGAGACTTCCAGGAATAGAACTA	UAGUUCUAUUCCUGGAAGUCUCAGUGAGUC	0
NM_006219.3:5327-5356	NM_006219.3	NM_006219.3.fasta	5327	5356	+	30	ACTCACTGAGACTTCCAGGAATAGAACTAT	AUAGUUCUAUUCCUGGAAGUCUCAGUGAGU	0
NM_006219.3:5328-5357	NM_006219.3	NM_006219.3.fasta	5328	5357	+	30	CTCACTGAGACTTCCAGGAATAGAACTATG	CAUAGUUCUAUUCCUGGAAGUCUCAGUGAG	0
NM_006219.3:5329-5358	NM_006219.3	NM_006219.3.fasta	5329	5358	+	30	TCACTGAGACTTCCAGGAATAGAACTATGG	CCAUAGUUCUAUUCCUGGAAGUCUCAGUGA	0
NM_006219.3:5330-5359	NM_006219.3	NM_006219.3.fasta	5330	5359	+	30	CACTGAGACTTCCAGGAATAGAACTATGGA	UCCAUAGUUCUAUUCCUGGAAGUCUCAGUG	0
NM_006219.3:5331-5360	NM_006219.3	NM_006219.3.fasta	5331	5360	+	30	ACTGAGACTTCCAGGAATAGAACTATGGAA	UUCCAUAGUUCUAUUCCUGGAAGUCUCAGU	0
NM_006219.3:5332-5361	NM_006219.3	NM_006219.3.fasta	5332	5361	+	30	CTGAGACTTCCAGGAATAGAACTATGGAAG	CUUCCAUAGUUCUAUUCCUGGAAGUCUCAG	0
NM_006219.3:5333-5362	NM_006219.3	NM_006219.3.fasta	5333	5362	+	30	TGAGACTTCCAGGAATAGAACTATGGAAGG	CCUUCCAUAGUUCUAUUCCUGGAAGUCUCA	0
NM_006219.3:5334-5363	NM_006219.3	NM_006219.3.fasta	5334	5363	+	30	GAGACTTCCAGGAATAGAACTATGGAAGGA	UCCUUCCAUAGUUCUAUUCCUGGAAGUCUC	0
NM_006219.3:5335-5364	NM_006219.3	NM_006219.3.fasta	5335	5364	+	30	AGACTTCCAGGAATAGAACTATGGAAGGAC	GUCCUUCCAUAGUUCUAUUCCUGGAAGUCU	0
NM_006219.3:5336-5365	NM_006219.3	NM_006219.3.fasta	5336	5365	+	30	GACTTCCAGGAATAGAACTATGGAAGGACA	UGUCCUUCCAUAGUUCUAUUCCUGGAAGUC	0
NM_006219.3:5337-5366	NM_006219.3	NM_006219.3.fasta	5337	5366	+	30	ACTTCCAGGAATAGAACTATGGAAGGACAG	CUGUCCUUCCAUAGUUCUAUUCCUGGAAGU	0
NM_006219.3:5338-5367	NM_006219.3	NM_006219.3.fasta	5338	5367	+	30	CTTCCAGGAATAGAACTATGGAAGGACAGG	CCUGUCCUUCCAUAGUUCUAUUCCUGGAAG	0
NM_006219.3:5339-5368	NM_006219.3	NM_006219.3.fasta	5339	5368	+	30	TTCCAGGAATAGAACTATGGAAGGACAGGT	ACCUGUCCUUCCAUAGUUCUAUUCCUGGAA	0
NM_006219.3:5340-5369	NM_006219.3	NM_006219.3.fasta	5340	5369	+	30	TCCAGGAATAGAACTATGGAAGGACAGGTT	AACCUGUCCUUCCAUAGUUCUAUUCCUGGA	0
NM_006219.3:5341-5370	NM_006219.3	NM_006219.3.fasta	5341	5370	+	30	CCAGGAATAGAACTATGGAAGGACAGGTTT	AAACCUGUCCUUCCAUAGUUCUAUUCCUGG	0
NM_006219.3:5342-5371	NM_006219.3	NM_006219.3.fasta	5342	5371	+	30	CAGGAATAGAACTATGGAAGGACAGGTTTG	CAAACCUGUCCUUCCAUAGUUCUAUUCCUG	0
NM_006219.3:5343-5372	NM_006219.3	NM_006219.3.fasta	5343	5372	+	30	AGGAATAGAACTATGGAAGGACAGGTTTGT	ACAAACCUGUCCUUCCAUAGUUCUAUUCCU	0
NM_006219.3:5344-5373	NM_006219.3	NM_006219.3.fasta	5344	5373	+	30	GGAATAGAACTATGGAAGGACAGGTTTGTT	AACAAACCUGUCCUUCCAUAGUUCUAUUCC	0
NM_006219.3:5345-5374	NM_006219.3	NM_006219.3.fasta	5345	5374	+	30	GAATAGAACTATGGAAGGACAGGTTTGTTC	GAACAAACCUGUCCUUCCAUAGUUCUAUUC	0
NM_006219.3:5346-5375	NM_006219.3	NM_006219.3.fasta	5346	5375	+	30	AATAGAACTATGGAAGGACAGGTTTGTTCA	UGAACAAACCUGUCCUUCCAUAGUUCUAUU	0
NM_006219.3:5347-5376	NM_006219.3	NM_006219.3.fasta	5347	5376	+	30	ATAGAACTATGGAAGGACAGGTTTGTTCAG	CUGAACAAACCUGUCCUUCCAUAGUUCUAU	0
NM_006219.3:5348-5377	NM_006219.3	NM_006219.3.fasta	5348	5377	+	30	TAGAACTATGGAAGGACAGGTTTGTTCAGA	UCUGAACAAACCUGUCCUUCCAUAGUUCUA	0
NM_006219.3:5349-5378	NM_006219.3	NM_006219.3.fasta	5349	5378	+	30	AGAACTATGGAAGGACAGGTTTGTTCAGAG	CUCUGAACAAACCUGUCCUUCCAUAGUUCU	0
NM_006219.3:5350-5379	NM_006219.3	NM_006219.3.fasta	5350	5379	+	30	GAACTATGGAAGGACAGGTTTGTTCAGAGA	UCUCUGAACAAACCUGUCCUUCCAUAGUUC	0
NM_006219.3:5351-5380	NM_006219.3	NM_006219.3.fasta	5351	5380	+	30	AACTATGGAAGGACAGGTTTGTTCAGAGAT	AUCUCUGAACAAACCUGUCCUUCCAUAGUU	0
NM_006219.3:5352-5381	NM_006219.3	NM_006219.3.fasta	5352	5381	+	30	ACTATGGAAGGACAGGTTTGTTCAGAGATC	GAUCUCUGAACAAACCUGUCCUUCCAUAGU	0
NM_006219.3:5353-5382	NM_006219.3	NM_006219.3.fasta	5353	5382	+	30	CTATGGAAGGACAGGTTTGTTCAGAGATCT	AGAUCUCUGAACAAACCUGUCCUUCCAUAG	0
NM_006219.3:5354-5383	NM_006219.3	NM_006219.3.fasta	5354	5383	+	30	TATGGAAGGACAGGTTTGTTCAGAGATCTT	AAGAUCUCUGAACAAACCUGUCCUUCCAUA	0
NM_006219.3:5355-5384	NM_006219.3	NM_006219.3.fasta	5355	5384	+	30	ATGGAAGGACAGGTTTGTTCAGAGATCTTT	AAAGAUCUCUGAACAAACCUGUCCUUCCAU	0
NM_006219.3:5356-5385	NM_006219.3	NM_006219.3.fasta	5356	5385	+	30	TGGAAGGACAGGTTTGTTCAGAGATCTTTG	CAAAGAUCUCUGAACAAACCUGUCCUUCCA	0
NM_006219.3:5357-5386	NM_006219.3	NM_006219.3.fasta	5357	5386	+	30	GGAAGGACAGGTTTGTTCAGAGATCTTTGT	ACAAAGAUCUCUGAACAAACCUGUCCUUCC	0
NM_006219.3:5358-5387	NM_006219.3	NM_006219.3.fasta	5358	5387	+	30	GAAGGACAGGTTTGTTCAGAGATCTTTGTC	GACAAAGAUCUCUGAACAAACCUGUCCUUC	0
NM_006219.3:5359-5388	NM_006219.3	NM_006219.3.fasta	5359	5388	+	30	AAGGACAGGTTTGTTCAGAGATCTTTGTCT	AGACAAAGAUCUCUGAACAAACCUGUCCUU	0
NM_006219.3:5360-5389	NM_006219.3	NM_006219.3.fasta	5360	5389	+	30	AGGACAGGTTTGTTCAGAGATCTTTGTCTA	UAGACAAAGAUCUCUGAACAAACCUGUCCU	0
NM_006219.3:5361-5390	NM_006219.3	NM_006219.3.fasta	5361	5390	+	30	GGACAGGTTTGTTCAGAGATCTTTGTCTAG	CUAGACAAAGAUCUCUGAACAAACCUGUCC	0
NM_006219.3:5362-5391	NM_006219.3	NM_006219.3.fasta	5362	5391	+	30	GACAGGTTTGTTCAGAGATCTTTGTCTAGT	ACUAGACAAAGAUCUCUGAACAAACCUGUC	0
NM_006219.3:5363-5392	NM_006219.3	NM_006219.3.fasta	5363	5392	+	30	ACAGGTTTGTTCAGAGATCTTTGTCTAGTA	UACUAGACAAAGAUCUCUGAACAAACCUGU	0
NM_006219.3:5364-5393	NM_006219.3	NM_006219.3.fasta	5364	5393	+	30	CAGGTTTGTTCAGAGATCTTTGTCTAGTAG	CUACUAGACAAAGAUCUCUGAACAAACCUG	0
NM_006219.3:5365-5394	NM_006219.3	NM_006219.3.fasta	5365	5394	+	30	AGGTTTGTTCAGAGATCTTTGTCTAGTAGC	GCUACUAGACAAAGAUCUCUGAACAAACCU	0
NM_006219.3:5366-5395	NM_006219.3	NM_006219.3.fasta	5366	5395	+	30	GGTTTGTTCAGAGATCTTTGTCTAGTAGCC	GGCUACUAGACAAAGAUCUCUGAACAAACC	0
NM_006219.3:5367-5396	NM_006219.3	NM_006219.3.fasta	5367	5396	+	30	GTTTGTTCAGAGATCTTTGTCTAGTAGCCA	UGGCUACUAGACAAAGAUCUCUGAACAAAC	0
NM_006219.3:5368-5397	NM_006219.3	NM_006219.3.fasta	5368	5397	+	30	TTTGTTCAGAGATCTTTGTCTAGTAGCCAC	GUGGCUACUAGACAAAGAUCUCUGAACAAA	0
NM_006219.3:5369-5398	NM_006219.3	NM_006219.3.fasta	5369	5398	+	30	TTGTTCAGAGATCTTTGTCTAGTAGCCACC	GGUGGCUACUAGACAAAGAUCUCUGAACAA	0
NM_006219.3:5370-5399	NM_006219.3	NM_006219.3.fasta	5370	5399	+	30	TGTTCAGAGATCTTTGTCTAGTAGCCACCC	GGGUGGCUACUAGACAAAGAUCUCUGAACA	0
NM_006219.3:5371-5400	NM_006219.3	NM_006219.3.fasta	5371	5400	+	30	GTTCAGAGATCTTTGTCTAGTAGCCACCCA	UGGGUGGCUACUAGACAAAGAUCUCUGAAC	0
NM_006219.3:5372-5401	NM_006219.3	NM_006219.3.fasta	5372	5401	+	30	TTCAGAGATCTTTGTCTAGTAGCCACCCAC	GUGGGUGGCUACUAGACAAAGAUCUCUGAA	0
NM_006219.3:5373-5402	NM_006219.3	NM_006219.3.fasta	5373	5402	+	30	TCAGAGATCTTTGTCTAGTAGCCACCCACC	GGUGGGUGGCUACUAGACAAAGAUCUCUGA	0
NM_006219.3:5374-5403	NM_006219.3	NM_006219.3.fasta	5374	5403	+	30	CAGAGATCTTTGTCTAGTAGCCACCCACCA	UGGUGGGUGGCUACUAGACAAAGAUCUCUG	0
NM_006219.3:5375-5404	NM_006219.3	NM_006219.3.fasta	5375	5404	+	30	AGAGATCTTTGTCTAGTAGCCACCCACCAT	AUGGUGGGUGGCUACUAGACAAAGAUCUCU	0
NM_006219.3:5376-5405	NM_006219.3	NM_006219.3.fasta	5376	5405	+	30	GAGATCTTTGTCTAGTAGCCACCCACCATT	AAUGGUGGGUGGCUACUAGACAAAGAUCUC	0
NM_006219.3:5377-5406	NM_006219.3	NM_006219.3.fasta	5377	5406	+	30	AGATCTTTGTCTAGTAGCCACCCACCATTT	AAAUGGUGGGUGGCUACUAGACAAAGAUCU	0
NM_006219.3:5378-5407	NM_006219.3	NM_006219.3.fasta	5378	5407	+	30	GATCTTTGTCTAGTAGCCACCCACCATTTC	GAAAUGGUGGGUGGCUACUAGACAAAGAUC	0
NM_006219.3:5379-5408	NM_006219.3	NM_006219.3.fasta	5379	5408	+	30	ATCTTTGTCTAGTAGCCACCCACCATTTCA	UGAAAUGGUGGGUGGCUACUAGACAAAGAU	0
NM_006219.3:5380-5409	NM_006219.3	NM_006219.3.fasta	5380	5409	+	30	TCTTTGTCTAGTAGCCACCCACCATTTCAT	AUGAAAUGGUGGGUGGCUACUAGACAAAGA	0
NM_006219.3:5381-5410	NM_006219.3	NM_006219.3.fasta	5381	5410	+	30	CTTTGTCTAGTAGCCACCCACCATTTCATG	CAUGAAAUGGUGGGUGGCUACUAGACAAAG	0
NM_006219.3:5382-5411	NM_006219.3	NM_006219.3.fasta	5382	5411	+	30	TTTGTCTAGTAGCCACCCACCATTTCATGA	UCAUGAAAUGGUGGGUGGCUACUAGACAAA	0
NM_006219.3:5383-5412	NM_006219.3	NM_006219.3.fasta	5383	5412	+	30	TTGTCTAGTAGCCACCCACCATTTCATGAA	UUCAUGAAAUGGUGGGUGGCUACUAGACAA	0
NM_006219.3:5384-5413	NM_006219.3	NM_006219.3.fasta	5384	5413	+	30	TGTCTAGTAGCCACCCACCATTTCATGAAC	GUUCAUGAAAUGGUGGGUGGCUACUAGACA	0
NM_006219.3:5385-5414	NM_006219.3	NM_006219.3.fasta	5385	5414	+	30	GTCTAGTAGCCACCCACCATTTCATGAACC	GGUUCAUGAAAUGGUGGGUGGCUACUAGAC	0
NM_006219.3:5386-5415	NM_006219.3	NM_006219.3.fasta	5386	5415	+	30	TCTAGTAGCCACCCACCATTTCATGAACCA	UGGUUCAUGAAAUGGUGGGUGGCUACUAGA	0
NM_006219.3:5387-5416	NM_006219.3	NM_006219.3.fasta	5387	5416	+	30	CTAGTAGCCACCCACCATTTCATGAACCAG	CUGGUUCAUGAAAUGGUGGGUGGCUACUAG	0
NM_006219.3:5388-5417	NM_006219.3	NM_006219.3.fasta	5388	5417	+	30	TAGTAGCCACCCACCATTTCATGAACCAGG	CCUGGUUCAUGAAAUGGUGGGUGGCUACUA	0
NM_006219.3:5389-5418	NM_006219.3	NM_006219.3.fasta	5389	5418	+	30	AGTAGCCACCCACCATTTCATGAACCAGGC	GCCUGGUUCAUGAAAUGGUGGGUGGCUACU	0
NM_006219.3:5390-5419	NM_006219.3	NM_006219.3.fasta	5390	5419	+	30	GTAGCCACCCACCATTTCATGAACCAGGCC	GGCCUGGUUCAUGAAAUGGUGGGUGGCUAC	0
NM_006219.3:5391-5420	NM_006219.3	NM_006219.3.fasta	5391	5420	+	30	TAGCCACCCACCATTTCATGAACCAGGCCG	CGGCCUGGUUCAUGAAAUGGUGGGUGGCUA	0
NM_006219.3:5392-5421	NM_006219.3	NM_006219.3.fasta	5392	5421	+	30	AGCCACCCACCATTTCATGAACCAGGCCGC	GCGGCCUGGUUCAUGAAAUGGUGGGUGGCU	0
NM_006219.3:5393-5422	NM_006219.3	NM_006219.3.fasta	5393	5422	+	30	GCCACCCACCATTTCATGAACCAGGCCGCA	UGCGGCCUGGUUCAUGAAAUGGUGGGUGGC	0
NM_006219.3:5394-5423	NM_006219.3	NM_006219.3.fasta	5394	5423	+	30	CCACCCACCATTTCATGAACCAGGCCGCAG	CUGCGGCCUGGUUCAUGAAAUGGUGGGUGG	0
NM_006219.3:5395-5424	NM_006219.3	NM_006219.3.fasta	5395	5424	+	30	CACCCACCATTTCATGAACCAGGCCGCAGG	CCUGCGGCCUGGUUCAUGAAAUGGUGGGUG	0
NM_006219.3:5396-5425	NM_006219.3	NM_006219.3.fasta	5396	5425	+	30	ACCCACCATTTCATGAACCAGGCCGCAGGT	ACCUGCGGCCUGGUUCAUGAAAUGGUGGGU	0
NM_006219.3:5397-5426	NM_006219.3	NM_006219.3.fasta	5397	5426	+	30	CCCACCATTTCATGAACCAGGCCGCAGGTC	GACCUGCGGCCUGGUUCAUGAAAUGGUGGG	0
NM_006219.3:5398-5427	NM_006219.3	NM_006219.3.fasta	5398	5427	+	30	CCACCATTTCATGAACCAGGCCGCAGGTCA	UGACCUGCGGCCUGGUUCAUGAAAUGGUGG	0
NM_006219.3:5399-5428	NM_006219.3	NM_006219.3.fasta	5399	5428	+	30	CACCATTTCATGAACCAGGCCGCAGGTCAG	CUGACCUGCGGCCUGGUUCAUGAAAUGGUG	0
NM_006219.3:5400-5429	NM_006219.3	NM_006219.3.fasta	5400	5429	+	30	ACCATTTCATGAACCAGGCCGCAGGTCAGT	ACUGACCUGCGGCCUGGUUCAUGAAAUGGU	0
NM_006219.3:5401-5430	NM_006219.3	NM_006219.3.fasta	5401	5430	+	30	CCATTTCATGAACCAGGCCGCAGGTCAGTG	CACUGACCUGCGGCCUGGUUCAUGAAAUGG	0
NM_006219.3:5402-5431	NM_006219.3	NM_006219.3.fasta	5402	5431	+	30	CATTTCATGAACCAGGCCGCAGGTCAGTGG	CCACUGACCUGCGGCCUGGUUCAUGAAAUG	0
NM_006219.3:5403-5432	NM_006219.3	NM_006219.3.fasta	5403	5432	+	30	ATTTCATGAACCAGGCCGCAGGTCAGTGGT	ACCACUGACCUGCGGCCUGGUUCAUGAAAU	0
NM_006219.3:5404-5433	NM_006219.3	NM_006219.3.fasta	5404	5433	+	30	TTTCATGAACCAGGCCGCAGGTCAGTGGTT	AACCACUGACCUGCGGCCUGGUUCAUGAAA	0
NM_006219.3:5405-5434	NM_006219.3	NM_006219.3.fasta	5405	5434	+	30	TTCATGAACCAGGCCGCAGGTCAGTGGTTT	AAACCACUGACCUGCGGCCUGGUUCAUGAA	0
NM_006219.3:5406-5435	NM_006219.3	NM_006219.3.fasta	5406	5435	+	30	TCATGAACCAGGCCGCAGGTCAGTGGTTTG	CAAACCACUGACCUGCGGCCUGGUUCAUGA	0
NM_006219.3:5407-5436	NM_006219.3	NM_006219.3.fasta	5407	5436	+	30	CATGAACCAGGCCGCAGGTCAGTGGTTTGG	CCAAACCACUGACCUGCGGCCUGGUUCAUG	0
NM_006219.3:5408-5437	NM_006219.3	NM_006219.3.fasta	5408	5437	+	30	ATGAACCAGGCCGCAGGTCAGTGGTTTGGA	UCCAAACCACUGACCUGCGGCCUGGUUCAU	0
NM_006219.3:5409-5438	NM_006219.3	NM_006219.3.fasta	5409	5438	+	30	TGAACCAGGCCGCAGGTCAGTGGTTTGGAG	CUCCAAACCACUGACCUGCGGCCUGGUUCA	0
NM_006219.3:5410-5439	NM_006219.3	NM_006219.3.fasta	5410	5439	+	30	GAACCAGGCCGCAGGTCAGTGGTTTGGAGA	UCUCCAAACCACUGACCUGCGGCCUGGUUC	0
NM_006219.3:5411-5440	NM_006219.3	NM_006219.3.fasta	5411	5440	+	30	AACCAGGCCGCAGGTCAGTGGTTTGGAGAA	UUCUCCAAACCACUGACCUGCGGCCUGGUU	0
NM_006219.3:5412-5441	NM_006219.3	NM_006219.3.fasta	5412	5441	+	30	ACCAGGCCGCAGGTCAGTGGTTTGGAGAAT	AUUCUCCAAACCACUGACCUGCGGCCUGGU	0
NM_006219.3:5413-5442	NM_006219.3	NM_006219.3.fasta	5413	5442	+	30	CCAGGCCGCAGGTCAGTGGTTTGGAGAATG	CAUUCUCCAAACCACUGACCUGCGGCCUGG	0
NM_006219.3:5414-5443	NM_006219.3	NM_006219.3.fasta	5414	5443	+	30	CAGGCCGCAGGTCAGTGGTTTGGAGAATGG	CCAUUCUCCAAACCACUGACCUGCGGCCUG	0
NM_006219.3:5415-5444	NM_006219.3	NM_006219.3.fasta	5415	5444	+	30	AGGCCGCAGGTCAGTGGTTTGGAGAATGGT	ACCAUUCUCCAAACCACUGACCUGCGGCCU	0
NM_006219.3:5416-5445	NM_006219.3	NM_006219.3.fasta	5416	5445	+	30	GGCCGCAGGTCAGTGGTTTGGAGAATGGTG	CACCAUUCUCCAAACCACUGACCUGCGGCC	0
NM_006219.3:5417-5446	NM_006219.3	NM_006219.3.fasta	5417	5446	+	30	GCCGCAGGTCAGTGGTTTGGAGAATGGTGA	UCACCAUUCUCCAAACCACUGACCUGCGGC	0
NM_006219.3:5418-5447	NM_006219.3	NM_006219.3.fasta	5418	5447	+	30	CCGCAGGTCAGTGGTTTGGAGAATGGTGAA	UUCACCAUUCUCCAAACCACUGACCUGCGG	0
NM_006219.3:5419-5448	NM_006219.3	NM_006219.3.fasta	5419	5448	+	30	CGCAGGTCAGTGGTTTGGAGAATGGTGAAC	GUUCACCAUUCUCCAAACCACUGACCUGCG	0
NM_006219.3:5420-5449	NM_006219.3	NM_006219.3.fasta	5420	5449	+	30	GCAGGTCAGTGGTTTGGAGAATGGTGAACA	UGUUCACCAUUCUCCAAACCACUGACCUGC	0
NM_006219.3:5421-5450	NM_006219.3	NM_006219.3.fasta	5421	5450	+	30	CAGGTCAGTGGTTTGGAGAATGGTGAACAC	GUGUUCACCAUUCUCCAAACCACUGACCUG	0
NM_006219.3:5422-5451	NM_006219.3	NM_006219.3.fasta	5422	5451	+	30	AGGTCAGTGGTTTGGAGAATGGTGAACACT	AGUGUUCACCAUUCUCCAAACCACUGACCU	0
NM_006219.3:5423-5452	NM_006219.3	NM_006219.3.fasta	5423	5452	+	30	GGTCAGTGGTTTGGAGAATGGTGAACACTG	CAGUGUUCACCAUUCUCCAAACCACUGACC	0
NM_006219.3:5424-5453	NM_006219.3	NM_006219.3.fasta	5424	5453	+	30	GTCAGTGGTTTGGAGAATGGTGAACACTGC	GCAGUGUUCACCAUUCUCCAAACCACUGAC	0
NM_006219.3:5425-5454	NM_006219.3	NM_006219.3.fasta	5425	5454	+	30	TCAGTGGTTTGGAGAATGGTGAACACTGCC	GGCAGUGUUCACCAUUCUCCAAACCACUGA	0
NM_006219.3:5426-5455	NM_006219.3	NM_006219.3.fasta	5426	5455	+	30	CAGTGGTTTGGAGAATGGTGAACACTGCCA	UGGCAGUGUUCACCAUUCUCCAAACCACUG	0
NM_006219.3:5427-5456	NM_006219.3	NM_006219.3.fasta	5427	5456	+	30	AGTGGTTTGGAGAATGGTGAACACTGCCAG	CUGGCAGUGUUCACCAUUCUCCAAACCACU	0
NM_006219.3:5428-5457	NM_006219.3	NM_006219.3.fasta	5428	5457	+	30	GTGGTTTGGAGAATGGTGAACACTGCCAGG	CCUGGCAGUGUUCACCAUUCUCCAAACCAC	0
NM_006219.3:5429-5458	NM_006219.3	NM_006219.3.fasta	5429	5458	+	30	TGGTTTGGAGAATGGTGAACACTGCCAGGA	UCCUGGCAGUGUUCACCAUUCUCCAAACCA	0
NM_006219.3:5430-5459	NM_006219.3	NM_006219.3.fasta	5430	5459	+	30	GGTTTGGAGAATGGTGAACACTGCCAGGAA	UUCCUGGCAGUGUUCACCAUUCUCCAAACC	0
NM_006219.3:5431-5460	NM_006219.3	NM_006219.3.fasta	5431	5460	+	30	GTTTGGAGAATGGTGAACACTGCCAGGAAG	CUUCCUGGCAGUGUUCACCAUUCUCCAAAC	0
NM_006219.3:5432-5461	NM_006219.3	NM_006219.3.fasta	5432	5461	+	30	TTTGGAGAATGGTGAACACTGCCAGGAAGA	UCUUCCUGGCAGUGUUCACCAUUCUCCAAA	0
NM_006219.3:5433-5462	NM_006219.3	NM_006219.3.fasta	5433	5462	+	30	TTGGAGAATGGTGAACACTGCCAGGAAGAA	UUCUUCCUGGCAGUGUUCACCAUUCUCCAA	0
NM_006219.3:5434-5463	NM_006219.3	NM_006219.3.fasta	5434	5463	+	30	TGGAGAATGGTGAACACTGCCAGGAAGAAA	UUUCUUCCUGGCAGUGUUCACCAUUCUCCA	0
NM_006219.3:5435-5464	NM_006219.3	NM_006219.3.fasta	5435	5464	+	30	GGAGAATGGTGAACACTGCCAGGAAGAAAT	AUUUCUUCCUGGCAGUGUUCACCAUUCUCC	0
NM_006219.3:5436-5465	NM_006219.3	NM_006219.3.fasta	5436	5465	+	30	GAGAATGGTGAACACTGCCAGGAAGAAATG	CAUUUCUUCCUGGCAGUGUUCACCAUUCUC	0
NM_006219.3:5437-5466	NM_006219.3	NM_006219.3.fasta	5437	5466	+	30	AGAATGGTGAACACTGCCAGGAAGAAATGG	CCAUUUCUUCCUGGCAGUGUUCACCAUUCU	0
NM_006219.3:5438-5467	NM_006219.3	NM_006219.3.fasta	5438	5467	+	30	GAATGGTGAACACTGCCAGGAAGAAATGGA	UCCAUUUCUUCCUGGCAGUGUUCACCAUUC	0
NM_006219.3:5439-5468	NM_006219.3	NM_006219.3.fasta	5439	5468	+	30	AATGGTGAACACTGCCAGGAAGAAATGGAT	AUCCAUUUCUUCCUGGCAGUGUUCACCAUU	0
NM_006219.3:5440-5469	NM_006219.3	NM_006219.3.fasta	5440	5469	+	30	ATGGTGAACACTGCCAGGAAGAAATGGATA	UAUCCAUUUCUUCCUGGCAGUGUUCACCAU	0
NM_006219.3:5441-5470	NM_006219.3	NM_006219.3.fasta	5441	5470	+	30	TGGTGAACACTGCCAGGAAGAAATGGATAC	GUAUCCAUUUCUUCCUGGCAGUGUUCACCA	0
NM_006219.3:5442-5471	NM_006219.3	NM_006219.3.fasta	5442	5471	+	30	GGTGAACACTGCCAGGAAGAAATGGATACC	GGUAUCCAUUUCUUCCUGGCAGUGUUCACC	0
NM_006219.3:5443-5472	NM_006219.3	NM_006219.3.fasta	5443	5472	+	30	GTGAACACTGCCAGGAAGAAATGGATACCA	UGGUAUCCAUUUCUUCCUGGCAGUGUUCAC	0
NM_006219.3:5444-5473	NM_006219.3	NM_006219.3.fasta	5444	5473	+	30	TGAACACTGCCAGGAAGAAATGGATACCAT	AUGGUAUCCAUUUCUUCCUGGCAGUGUUCA	0
NM_006219.3:5445-5474	NM_006219.3	NM_006219.3.fasta	5445	5474	+	30	GAACACTGCCAGGAAGAAATGGATACCATT	AAUGGUAUCCAUUUCUUCCUGGCAGUGUUC	0
NM_006219.3:5446-5475	NM_006219.3	NM_006219.3.fasta	5446	5475	+	30	AACACTGCCAGGAAGAAATGGATACCATTC	GAAUGGUAUCCAUUUCUUCCUGGCAGUGUU	0
NM_006219.3:5447-5476	NM_006219.3	NM_006219.3.fasta	5447	5476	+	30	ACACTGCCAGGAAGAAATGGATACCATTCT	AGAAUGGUAUCCAUUUCUUCCUGGCAGUGU	0
NM_006219.3:5448-5477	NM_006219.3	NM_006219.3.fasta	5448	5477	+	30	CACTGCCAGGAAGAAATGGATACCATTCTT	AAGAAUGGUAUCCAUUUCUUCCUGGCAGUG	0
NM_006219.3:5449-5478	NM_006219.3	NM_006219.3.fasta	5449	5478	+	30	ACTGCCAGGAAGAAATGGATACCATTCTTT	AAAGAAUGGUAUCCAUUUCUUCCUGGCAGU	0
NM_006219.3:5450-5479	NM_006219.3	NM_006219.3.fasta	5450	5479	+	30	CTGCCAGGAAGAAATGGATACCATTCTTTC	GAAAGAAUGGUAUCCAUUUCUUCCUGGCAG	0
NM_006219.3:5451-5480	NM_006219.3	NM_006219.3.fasta	5451	5480	+	30	TGCCAGGAAGAAATGGATACCATTCTTTCC	GGAAAGAAUGGUAUCCAUUUCUUCCUGGCA	0
NM_006219.3:5452-5481	NM_006219.3	NM_006219.3.fasta	5452	5481	+	30	GCCAGGAAGAAATGGATACCATTCTTTCCA	UGGAAAGAAUGGUAUCCAUUUCUUCCUGGC	0
NM_006219.3:5453-5482	NM_006219.3	NM_006219.3.fasta	5453	5482	+	30	CCAGGAAGAAATGGATACCATTCTTTCCAG	CUGGAAAGAAUGGUAUCCAUUUCUUCCUGG	0
NM_006219.3:5454-5483	NM_006219.3	NM_006219.3.fasta	5454	5483	+	30	CAGGAAGAAATGGATACCATTCTTTCCAGA	UCUGGAAAGAAUGGUAUCCAUUUCUUCCUG	0
NM_006219.3:5455-5484	NM_006219.3	NM_006219.3.fasta	5455	5484	+	30	AGGAAGAAATGGATACCATTCTTTCCAGAG	CUCUGGAAAGAAUGGUAUCCAUUUCUUCCU	0
NM_006219.3:5456-5485	NM_006219.3	NM_006219.3.fasta	5456	5485	+	30	GGAAGAAATGGATACCATTCTTTCCAGAGG	CCUCUGGAAAGAAUGGUAUCCAUUUCUUCC	0
NM_006219.3:5457-5486	NM_006219.3	NM_006219.3.fasta	5457	5486	+	30	GAAGAAATGGATACCATTCTTTCCAGAGGG	CCCUCUGGAAAGAAUGGUAUCCAUUUCUUC	0
NM_006219.3:5458-5487	NM_006219.3	NM_006219.3.fasta	5458	5487	+	30	AAGAAATGGATACCATTCTTTCCAGAGGGG	CCCCUCUGGAAAGAAUGGUAUCCAUUUCUU	0
NM_006219.3:5459-5488	NM_006219.3	NM_006219.3.fasta	5459	5488	+	30	AGAAATGGATACCATTCTTTCCAGAGGGGT	ACCCCUCUGGAAAGAAUGGUAUCCAUUUCU	0
NM_006219.3:5460-5489	NM_006219.3	NM_006219.3.fasta	5460	5489	+	30	GAAATGGATACCATTCTTTCCAGAGGGGTC	GACCCCUCUGGAAAGAAUGGUAUCCAUUUC	0
NM_006219.3:5461-5490	NM_006219.3	NM_006219.3.fasta	5461	5490	+	30	AAATGGATACCATTCTTTCCAGAGGGGTCT	AGACCCCUCUGGAAAGAAUGGUAUCCAUUU	0
NM_006219.3:5462-5491	NM_006219.3	NM_006219.3.fasta	5462	5491	+	30	AATGGATACCATTCTTTCCAGAGGGGTCTC	GAGACCCCUCUGGAAAGAAUGGUAUCCAUU	0
NM_006219.3:5463-5492	NM_006219.3	NM_006219.3.fasta	5463	5492	+	30	ATGGATACCATTCTTTCCAGAGGGGTCTCC	GGAGACCCCUCUGGAAAGAAUGGUAUCCAU	0
NM_006219.3:5464-5493	NM_006219.3	NM_006219.3.fasta	5464	5493	+	30	TGGATACCATTCTTTCCAGAGGGGTCTCCT	AGGAGACCCCUCUGGAAAGAAUGGUAUCCA	0
NM_006219.3:5465-5494	NM_006219.3	NM_006219.3.fasta	5465	5494	+	30	GGATACCATTCTTTCCAGAGGGGTCTCCTC	GAGGAGACCCCUCUGGAAAGAAUGGUAUCC	0
NM_006219.3:5466-5495	NM_006219.3	NM_006219.3.fasta	5466	5495	+	30	GATACCATTCTTTCCAGAGGGGTCTCCTCA	UGAGGAGACCCCUCUGGAAAGAAUGGUAUC	0
NM_006219.3:5467-5496	NM_006219.3	NM_006219.3.fasta	5467	5496	+	30	ATACCATTCTTTCCAGAGGGGTCTCCTCAG	CUGAGGAGACCCCUCUGGAAAGAAUGGUAU	0
NM_006219.3:5468-5497	NM_006219.3	NM_006219.3.fasta	5468	5497	+	30	TACCATTCTTTCCAGAGGGGTCTCCTCAGC	GCUGAGGAGACCCCUCUGGAAAGAAUGGUA	0
NM_006219.3:5469-5498	NM_006219.3	NM_006219.3.fasta	5469	5498	+	30	ACCATTCTTTCCAGAGGGGTCTCCTCAGCC	GGCUGAGGAGACCCCUCUGGAAAGAAUGGU	0
NM_006219.3:5470-5499	NM_006219.3	NM_006219.3.fasta	5470	5499	+	30	CCATTCTTTCCAGAGGGGTCTCCTCAGCCA	UGGCUGAGGAGACCCCUCUGGAAAGAAUGG	0
NM_006219.3:5471-5500	NM_006219.3	NM_006219.3.fasta	5471	5500	+	30	CATTCTTTCCAGAGGGGTCTCCTCAGCCAA	UUGGCUGAGGAGACCCCUCUGGAAAGAAUG	0
NM_006219.3:5472-5501	NM_006219.3	NM_006219.3.fasta	5472	5501	+	30	ATTCTTTCCAGAGGGGTCTCCTCAGCCAAA	UUUGGCUGAGGAGACCCCUCUGGAAAGAAU	0
NM_006219.3:5473-5502	NM_006219.3	NM_006219.3.fasta	5473	5502	+	30	TTCTTTCCAGAGGGGTCTCCTCAGCCAAAA	UUUUGGCUGAGGAGACCCCUCUGGAAAGAA	0
NM_006219.3:5474-5503	NM_006219.3	NM_006219.3.fasta	5474	5503	+	30	TCTTTCCAGAGGGGTCTCCTCAGCCAAAAG	CUUUUGGCUGAGGAGACCCCUCUGGAAAGA	0
NM_006219.3:5475-5504	NM_006219.3	NM_006219.3.fasta	5475	5504	+	30	CTTTCCAGAGGGGTCTCCTCAGCCAAAAGG	CCUUUUGGCUGAGGAGACCCCUCUGGAAAG	0
NM_006219.3:5476-5505	NM_006219.3	NM_006219.3.fasta	5476	5505	+	30	TTTCCAGAGGGGTCTCCTCAGCCAAAAGGA	UCCUUUUGGCUGAGGAGACCCCUCUGGAAA	0
NM_006219.3:5477-5506	NM_006219.3	NM_006219.3.fasta	5477	5506	+	30	TTCCAGAGGGGTCTCCTCAGCCAAAAGGAG	CUCCUUUUGGCUGAGGAGACCCCUCUGGAA	0
NM_006219.3:5478-5507	NM_006219.3	NM_006219.3.fasta	5478	5507	+	30	TCCAGAGGGGTCTCCTCAGCCAAAAGGAGG	CCUCCUUUUGGCUGAGGAGACCCCUCUGGA	0
NM_006219.3:5479-5508	NM_006219.3	NM_006219.3.fasta	5479	5508	+	30	CCAGAGGGGTCTCCTCAGCCAAAAGGAGGG	CCCUCCUUUUGGCUGAGGAGACCCCUCUGG	0
NM_006219.3:5480-5509	NM_006219.3	NM_006219.3.fasta	5480	5509	+	30	CAGAGGGGTCTCCTCAGCCAAAAGGAGGGC	GCCCUCCUUUUGGCUGAGGAGACCCCUCUG	0
NM_006219.3:5481-5510	NM_006219.3	NM_006219.3.fasta	5481	5510	+	30	AGAGGGGTCTCCTCAGCCAAAAGGAGGGCC	GGCCCUCCUUUUGGCUGAGGAGACCCCUCU	0
NM_006219.3:5482-5511	NM_006219.3	NM_006219.3.fasta	5482	5511	+	30	GAGGGGTCTCCTCAGCCAAAAGGAGGGCCT	AGGCCCUCCUUUUGGCUGAGGAGACCCCUC	0
NM_006219.3:5483-5512	NM_006219.3	NM_006219.3.fasta	5483	5512	+	30	AGGGGTCTCCTCAGCCAAAAGGAGGGCCTT	AAGGCCCUCCUUUUGGCUGAGGAGACCCCU	0
NM_006219.3:5484-5513	NM_006219.3	NM_006219.3.fasta	5484	5513	+	30	GGGGTCTCCTCAGCCAAAAGGAGGGCCTTG	CAAGGCCCUCCUUUUGGCUGAGGAGACCCC	0
NM_006219.3:5485-5514	NM_006219.3	NM_006219.3.fasta	5485	5514	+	30	GGGTCTCCTCAGCCAAAAGGAGGGCCTTGA	UCAAGGCCCUCCUUUUGGCUGAGGAGACCC	0
NM_006219.3:5486-5515	NM_006219.3	NM_006219.3.fasta	5486	5515	+	30	GGTCTCCTCAGCCAAAAGGAGGGCCTTGAT	AUCAAGGCCCUCCUUUUGGCUGAGGAGACC	0
NM_006219.3:5487-5516	NM_006219.3	NM_006219.3.fasta	5487	5516	+	30	GTCTCCTCAGCCAAAAGGAGGGCCTTGATA	UAUCAAGGCCCUCCUUUUGGCUGAGGAGAC	0
NM_006219.3:5488-5517	NM_006219.3	NM_006219.3.fasta	5488	5517	+	30	TCTCCTCAGCCAAAAGGAGGGCCTTGATAA	UUAUCAAGGCCCUCCUUUUGGCUGAGGAGA	0
NM_006219.3:5489-5518	NM_006219.3	NM_006219.3.fasta	5489	5518	+	30	CTCCTCAGCCAAAAGGAGGGCCTTGATAAA	UUUAUCAAGGCCCUCCUUUUGGCUGAGGAG	0
NM_006219.3:5490-5519	NM_006219.3	NM_006219.3.fasta	5490	5519	+	30	TCCTCAGCCAAAAGGAGGGCCTTGATAAAT	AUUUAUCAAGGCCCUCCUUUUGGCUGAGGA	0
NM_006219.3:5491-5520	NM_006219.3	NM_006219.3.fasta	5491	5520	+	30	CCTCAGCCAAAAGGAGGGCCTTGATAAATA	UAUUUAUCAAGGCCCUCCUUUUGGCUGAGG	0
NM_006219.3:5492-5521	NM_006219.3	NM_006219.3.fasta	5492	5521	+	30	CTCAGCCAAAAGGAGGGCCTTGATAAATAC	GUAUUUAUCAAGGCCCUCCUUUUGGCUGAG	0
NM_006219.3:5493-5522	NM_006219.3	NM_006219.3.fasta	5493	5522	+	30	TCAGCCAAAAGGAGGGCCTTGATAAATACA	UGUAUUUAUCAAGGCCCUCCUUUUGGCUGA	0
NM_006219.3:5494-5523	NM_006219.3	NM_006219.3.fasta	5494	5523	+	30	CAGCCAAAAGGAGGGCCTTGATAAATACAT	AUGUAUUUAUCAAGGCCCUCCUUUUGGCUG	0
NM_006219.3:5495-5524	NM_006219.3	NM_006219.3.fasta	5495	5524	+	30	AGCCAAAAGGAGGGCCTTGATAAATACATG	CAUGUAUUUAUCAAGGCCCUCCUUUUGGCU	0
NM_006219.3:5496-5525	NM_006219.3	NM_006219.3.fasta	5496	5525	+	30	GCCAAAAGGAGGGCCTTGATAAATACATGC	GCAUGUAUUUAUCAAGGCCCUCCUUUUGGC	0
NM_006219.3:5497-5526	NM_006219.3	NM_006219.3.fasta	5497	5526	+	30	CCAAAAGGAGGGCCTTGATAAATACATGCC	GGCAUGUAUUUAUCAAGGCCCUCCUUUUGG	0
NM_006219.3:5498-5527	NM_006219.3	NM_006219.3.fasta	5498	5527	+	30	CAAAAGGAGGGCCTTGATAAATACATGCCA	UGGCAUGUAUUUAUCAAGGCCCUCCUUUUG	0
NM_006219.3:5499-5528	NM_006219.3	NM_006219.3.fasta	5499	5528	+	30	AAAAGGAGGGCCTTGATAAATACATGCCAA	UUGGCAUGUAUUUAUCAAGGCCCUCCUUUU	0
NM_006219.3:5500-5529	NM_006219.3	NM_006219.3.fasta	5500	5529	+	30	AAAGGAGGGCCTTGATAAATACATGCCAAA	UUUGGCAUGUAUUUAUCAAGGCCCUCCUUU	0
NM_006219.3:5501-5530	NM_006219.3	NM_006219.3.fasta	5501	5530	+	30	AAGGAGGGCCTTGATAAATACATGCCAAAT	AUUUGGCAUGUAUUUAUCAAGGCCCUCCUU	0
NM_006219.3:5502-5531	NM_006219.3	NM_006219.3.fasta	5502	5531	+	30	AGGAGGGCCTTGATAAATACATGCCAAATC	GAUUUGGCAUGUAUUUAUCAAGGCCCUCCU	0
NM_006219.3:5503-5532	NM_006219.3	NM_006219.3.fasta	5503	5532	+	30	GGAGGGCCTTGATAAATACATGCCAAATCA	UGAUUUGGCAUGUAUUUAUCAAGGCCCUCC	0
NM_006219.3:5504-5533	NM_006219.3	NM_006219.3.fasta	5504	5533	+	30	GAGGGCCTTGATAAATACATGCCAAATCAG	CUGAUUUGGCAUGUAUUUAUCAAGGCCCUC	0
NM_006219.3:5505-5534	NM_006219.3	NM_006219.3.fasta	5505	5534	+	30	AGGGCCTTGATAAATACATGCCAAATCAGT	ACUGAUUUGGCAUGUAUUUAUCAAGGCCCU	0
NM_006219.3:5506-5535	NM_006219.3	NM_006219.3.fasta	5506	5535	+	30	GGGCCTTGATAAATACATGCCAAATCAGTG	CACUGAUUUGGCAUGUAUUUAUCAAGGCCC	0
NM_006219.3:5507-5536	NM_006219.3	NM_006219.3.fasta	5507	5536	+	30	GGCCTTGATAAATACATGCCAAATCAGTGA	UCACUGAUUUGGCAUGUAUUUAUCAAGGCC	0
NM_006219.3:5508-5537	NM_006219.3	NM_006219.3.fasta	5508	5537	+	30	GCCTTGATAAATACATGCCAAATCAGTGAA	UUCACUGAUUUGGCAUGUAUUUAUCAAGGC	0
NM_006219.3:5509-5538	NM_006219.3	NM_006219.3.fasta	5509	5538	+	30	CCTTGATAAATACATGCCAAATCAGTGAAG	CUUCACUGAUUUGGCAUGUAUUUAUCAAGG	0
NM_006219.3:5510-5539	NM_006219.3	NM_006219.3.fasta	5510	5539	+	30	CTTGATAAATACATGCCAAATCAGTGAAGT	ACUUCACUGAUUUGGCAUGUAUUUAUCAAG	0
NM_006219.3:5511-5540	NM_006219.3	NM_006219.3.fasta	5511	5540	+	30	TTGATAAATACATGCCAAATCAGTGAAGTT	AACUUCACUGAUUUGGCAUGUAUUUAUCAA	0
NM_006219.3:5512-5541	NM_006219.3	NM_006219.3.fasta	5512	5541	+	30	TGATAAATACATGCCAAATCAGTGAAGTTC	GAACUUCACUGAUUUGGCAUGUAUUUAUCA	0
NM_006219.3:5513-5542	NM_006219.3	NM_006219.3.fasta	5513	5542	+	30	GATAAATACATGCCAAATCAGTGAAGTTCA	UGAACUUCACUGAUUUGGCAUGUAUUUAUC	0
NM_006219.3:5514-5543	NM_006219.3	NM_006219.3.fasta	5514	5543	+	30	ATAAATACATGCCAAATCAGTGAAGTTCAA	UUGAACUUCACUGAUUUGGCAUGUAUUUAU	0
NM_006219.3:5515-5544	NM_006219.3	NM_006219.3.fasta	5515	5544	+	30	TAAATACATGCCAAATCAGTGAAGTTCAAG	CUUGAACUUCACUGAUUUGGCAUGUAUUUA	0
NM_006219.3:5516-5545	NM_006219.3	NM_006219.3.fasta	5516	5545	+	30	AAATACATGCCAAATCAGTGAAGTTCAAGT	ACUUGAACUUCACUGAUUUGGCAUGUAUUU	0
NM_006219.3:5517-5546	NM_006219.3	NM_006219.3.fasta	5517	5546	+	30	AATACATGCCAAATCAGTGAAGTTCAAGTC	GACUUGAACUUCACUGAUUUGGCAUGUAUU	0
NM_006219.3:5518-5547	NM_006219.3	NM_006219.3.fasta	5518	5547	+	30	ATACATGCCAAATCAGTGAAGTTCAAGTCA	UGACUUGAACUUCACUGAUUUGGCAUGUAU	0
NM_006219.3:5519-5548	NM_006219.3	NM_006219.3.fasta	5519	5548	+	30	TACATGCCAAATCAGTGAAGTTCAAGTCAA	UUGACUUGAACUUCACUGAUUUGGCAUGUA	0
NM_006219.3:5520-5549	NM_006219.3	NM_006219.3.fasta	5520	5549	+	30	ACATGCCAAATCAGTGAAGTTCAAGTCAAC	GUUGACUUGAACUUCACUGAUUUGGCAUGU	0
NM_006219.3:5521-5550	NM_006219.3	NM_006219.3.fasta	5521	5550	+	30	CATGCCAAATCAGTGAAGTTCAAGTCAACT	AGUUGACUUGAACUUCACUGAUUUGGCAUG	0
NM_006219.3:5522-5551	NM_006219.3	NM_006219.3.fasta	5522	5551	+	30	ATGCCAAATCAGTGAAGTTCAAGTCAACTG	CAGUUGACUUGAACUUCACUGAUUUGGCAU	0
NM_006219.3:5523-5552	NM_006219.3	NM_006219.3.fasta	5523	5552	+	30	TGCCAAATCAGTGAAGTTCAAGTCAACTGT	ACAGUUGACUUGAACUUCACUGAUUUGGCA	0
NM_006219.3:5524-5553	NM_006219.3	NM_006219.3.fasta	5524	5553	+	30	GCCAAATCAGTGAAGTTCAAGTCAACTGTT	AACAGUUGACUUGAACUUCACUGAUUUGGC	0
NM_006219.3:5525-5554	NM_006219.3	NM_006219.3.fasta	5525	5554	+	30	CCAAATCAGTGAAGTTCAAGTCAACTGTTT	AAACAGUUGACUUGAACUUCACUGAUUUGG	0
NM_006219.3:5526-5555	NM_006219.3	NM_006219.3.fasta	5526	5555	+	30	CAAATCAGTGAAGTTCAAGTCAACTGTTTT	AAAACAGUUGACUUGAACUUCACUGAUUUG	0
NM_006219.3:5527-5556	NM_006219.3	NM_006219.3.fasta	5527	5556	+	30	AAATCAGTGAAGTTCAAGTCAACTGTTTTT	AAAAACAGUUGACUUGAACUUCACUGAUUU	0
NM_006219.3:5528-5557	NM_006219.3	NM_006219.3.fasta	5528	5557	+	30	AATCAGTGAAGTTCAAGTCAACTGTTTTTC	GAAAAACAGUUGACUUGAACUUCACUGAUU	0
NM_006219.3:5529-5558	NM_006219.3	NM_006219.3.fasta	5529	5558	+	30	ATCAGTGAAGTTCAAGTCAACTGTTTTTCC	GGAAAAACAGUUGACUUGAACUUCACUGAU	0
NM_006219.3:5530-5559	NM_006219.3	NM_006219.3.fasta	5530	5559	+	30	TCAGTGAAGTTCAAGTCAACTGTTTTTCCC	GGGAAAAACAGUUGACUUGAACUUCACUGA	0
NM_006219.3:5531-5560	NM_006219.3	NM_006219.3.fasta	5531	5560	+	30	CAGTGAAGTTCAAGTCAACTGTTTTTCCCA	UGGGAAAAACAGUUGACUUGAACUUCACUG	0
NM_006219.3:5532-5561	NM_006219.3	NM_006219.3.fasta	5532	5561	+	30	AGTGAAGTTCAAGTCAACTGTTTTTCCCAT	AUGGGAAAAACAGUUGACUUGAACUUCACU	0
NM_006219.3:5533-5562	NM_006219.3	NM_006219.3.fasta	5533	5562	+	30	GTGAAGTTCAAGTCAACTGTTTTTCCCATA	UAUGGGAAAAACAGUUGACUUGAACUUCAC	0
NM_006219.3:5534-5563	NM_006219.3	NM_006219.3.fasta	5534	5563	+	30	TGAAGTTCAAGTCAACTGTTTTTCCCATAT	AUAUGGGAAAAACAGUUGACUUGAACUUCA	0
NM_006219.3:5535-5564	NM_006219.3	NM_006219.3.fasta	5535	5564	+	30	GAAGTTCAAGTCAACTGTTTTTCCCATATG	CAUAUGGGAAAAACAGUUGACUUGAACUUC	0
NM_006219.3:5536-5565	NM_006219.3	NM_006219.3.fasta	5536	5565	+	30	AAGTTCAAGTCAACTGTTTTTCCCATATGG	CCAUAUGGGAAAAACAGUUGACUUGAACUU	0
NM_006219.3:5537-5566	NM_006219.3	NM_006219.3.fasta	5537	5566	+	30	AGTTCAAGTCAACTGTTTTTCCCATATGGG	CCCAUAUGGGAAAAACAGUUGACUUGAACU	0
NM_006219.3:5538-5567	NM_006219.3	NM_006219.3.fasta	5538	5567	+	30	GTTCAAGTCAACTGTTTTTCCCATATGGGC	GCCCAUAUGGGAAAAACAGUUGACUUGAAC	0
NM_006219.3:5539-5568	NM_006219.3	NM_006219.3.fasta	5539	5568	+	30	TTCAAGTCAACTGTTTTTCCCATATGGGCA	UGCCCAUAUGGGAAAAACAGUUGACUUGAA	0
NM_006219.3:5540-5569	NM_006219.3	NM_006219.3.fasta	5540	5569	+	30	TCAAGTCAACTGTTTTTCCCATATGGGCAC	GUGCCCAUAUGGGAAAAACAGUUGACUUGA	0
NM_006219.3:5541-5570	NM_006219.3	NM_006219.3.fasta	5541	5570	+	30	CAAGTCAACTGTTTTTCCCATATGGGCACC	GGUGCCCAUAUGGGAAAAACAGUUGACUUG	0
NM_006219.3:5542-5571	NM_006219.3	NM_006219.3.fasta	5542	5571	+	30	AAGTCAACTGTTTTTCCCATATGGGCACCA	UGGUGCCCAUAUGGGAAAAACAGUUGACUU	0
NM_006219.3:5543-5572	NM_006219.3	NM_006219.3.fasta	5543	5572	+	30	AGTCAACTGTTTTTCCCATATGGGCACCAA	UUGGUGCCCAUAUGGGAAAAACAGUUGACU	0
NM_006219.3:5544-5573	NM_006219.3	NM_006219.3.fasta	5544	5573	+	30	GTCAACTGTTTTTCCCATATGGGCACCAAA	UUUGGUGCCCAUAUGGGAAAAACAGUUGAC	0
NM_006219.3:5545-5574	NM_006219.3	NM_006219.3.fasta	5545	5574	+	30	TCAACTGTTTTTCCCATATGGGCACCAAAT	AUUUGGUGCCCAUAUGGGAAAAACAGUUGA	0
NM_006219.3:5546-5575	NM_006219.3	NM_006219.3.fasta	5546	5575	+	30	CAACTGTTTTTCCCATATGGGCACCAAATT	AAUUUGGUGCCCAUAUGGGAAAAACAGUUG	0
NM_006219.3:5547-5576	NM_006219.3	NM_006219.3.fasta	5547	5576	+	30	AACTGTTTTTCCCATATGGGCACCAAATTG	CAAUUUGGUGCCCAUAUGGGAAAAACAGUU	0
NM_006219.3:5548-5577	NM_006219.3	NM_006219.3.fasta	5548	5577	+	30	ACTGTTTTTCCCATATGGGCACCAAATTGT	ACAAUUUGGUGCCCAUAUGGGAAAAACAGU	0
NM_006219.3:5549-5578	NM_006219.3	NM_006219.3.fasta	5549	5578	+	30	CTGTTTTTCCCATATGGGCACCAAATTGTA	UACAAUUUGGUGCCCAUAUGGGAAAAACAG	0
NM_006219.3:5550-5579	NM_006219.3	NM_006219.3.fasta	5550	5579	+	30	TGTTTTTCCCATATGGGCACCAAATTGTAT	AUACAAUUUGGUGCCCAUAUGGGAAAAACA	0
NM_006219.3:5551-5580	NM_006219.3	NM_006219.3.fasta	5551	5580	+	30	GTTTTTCCCATATGGGCACCAAATTGTATC	GAUACAAUUUGGUGCCCAUAUGGGAAAAAC	0
NM_006219.3:5552-5581	NM_006219.3	NM_006219.3.fasta	5552	5581	+	30	TTTTTCCCATATGGGCACCAAATTGTATCT	AGAUACAAUUUGGUGCCCAUAUGGGAAAAA	0
NM_006219.3:5553-5582	NM_006219.3	NM_006219.3.fasta	5553	5582	+	30	TTTTCCCATATGGGCACCAAATTGTATCTT	AAGAUACAAUUUGGUGCCCAUAUGGGAAAA	0
NM_006219.3:5554-5583	NM_006219.3	NM_006219.3.fasta	5554	5583	+	30	TTTCCCATATGGGCACCAAATTGTATCTTT	AAAGAUACAAUUUGGUGCCCAUAUGGGAAA	0
NM_006219.3:5555-5584	NM_006219.3	NM_006219.3.fasta	5555	5584	+	30	TTCCCATATGGGCACCAAATTGTATCTTTC	GAAAGAUACAAUUUGGUGCCCAUAUGGGAA	0
NM_006219.3:5556-5585	NM_006219.3	NM_006219.3.fasta	5556	5585	+	30	TCCCATATGGGCACCAAATTGTATCTTTCC	GGAAAGAUACAAUUUGGUGCCCAUAUGGGA	0
NM_006219.3:5557-5586	NM_006219.3	NM_006219.3.fasta	5557	5586	+	30	CCCATATGGGCACCAAATTGTATCTTTCCT	AGGAAAGAUACAAUUUGGUGCCCAUAUGGG	0
NM_006219.3:5558-5587	NM_006219.3	NM_006219.3.fasta	5558	5587	+	30	CCATATGGGCACCAAATTGTATCTTTCCTG	CAGGAAAGAUACAAUUUGGUGCCCAUAUGG	0
NM_006219.3:5559-5588	NM_006219.3	NM_006219.3.fasta	5559	5588	+	30	CATATGGGCACCAAATTGTATCTTTCCTGT	ACAGGAAAGAUACAAUUUGGUGCCCAUAUG	0
NM_006219.3:5560-5589	NM_006219.3	NM_006219.3.fasta	5560	5589	+	30	ATATGGGCACCAAATTGTATCTTTCCTGTT	AACAGGAAAGAUACAAUUUGGUGCCCAUAU	0
NM_006219.3:5561-5590	NM_006219.3	NM_006219.3.fasta	5561	5590	+	30	TATGGGCACCAAATTGTATCTTTCCTGTTT	AAACAGGAAAGAUACAAUUUGGUGCCCAUA	0
NM_006219.3:5562-5591	NM_006219.3	NM_006219.3.fasta	5562	5591	+	30	ATGGGCACCAAATTGTATCTTTCCTGTTTT	AAAACAGGAAAGAUACAAUUUGGUGCCCAU	0
NM_006219.3:5563-5592	NM_006219.3	NM_006219.3.fasta	5563	5592	+	30	TGGGCACCAAATTGTATCTTTCCTGTTTTC	GAAAACAGGAAAGAUACAAUUUGGUGCCCA	0
NM_006219.3:5564-5593	NM_006219.3	NM_006219.3.fasta	5564	5593	+	30	GGGCACCAAATTGTATCTTTCCTGTTTTCT	AGAAAACAGGAAAGAUACAAUUUGGUGCCC	0
NM_006219.3:5565-5594	NM_006219.3	NM_006219.3.fasta	5565	5594	+	30	GGCACCAAATTGTATCTTTCCTGTTTTCTT	AAGAAAACAGGAAAGAUACAAUUUGGUGCC	0
NM_006219.3:5566-5595	NM_006219.3	NM_006219.3.fasta	5566	5595	+	30	GCACCAAATTGTATCTTTCCTGTTTTCTTT	AAAGAAAACAGGAAAGAUACAAUUUGGUGC	0
NM_006219.3:5567-5596	NM_006219.3	NM_006219.3.fasta	5567	5596	+	30	CACCAAATTGTATCTTTCCTGTTTTCTTTG	CAAAGAAAACAGGAAAGAUACAAUUUGGUG	0
NM_006219.3:5568-5597	NM_006219.3	NM_006219.3.fasta	5568	5597	+	30	ACCAAATTGTATCTTTCCTGTTTTCTTTGA	UCAAAGAAAACAGGAAAGAUACAAUUUGGU	0
NM_006219.3:5569-5598	NM_006219.3	NM_006219.3.fasta	5569	5598	+	30	CCAAATTGTATCTTTCCTGTTTTCTTTGAA	UUCAAAGAAAACAGGAAAGAUACAAUUUGG	0
NM_006219.3:5570-5599	NM_006219.3	NM_006219.3.fasta	5570	5599	+	30	CAAATTGTATCTTTCCTGTTTTCTTTGAAG	CUUCAAAGAAAACAGGAAAGAUACAAUUUG	0
NM_006219.3:5571-5600	NM_006219.3	NM_006219.3.fasta	5571	5600	+	30	AAATTGTATCTTTCCTGTTTTCTTTGAAGG	CCUUCAAAGAAAACAGGAAAGAUACAAUUU	0
NM_006219.3:5572-5601	NM_006219.3	NM_006219.3.fasta	5572	5601	+	30	AATTGTATCTTTCCTGTTTTCTTTGAAGGG	CCCUUCAAAGAAAACAGGAAAGAUACAAUU	0
NM_006219.3:5573-5602	NM_006219.3	NM_006219.3.fasta	5573	5602	+	30	ATTGTATCTTTCCTGTTTTCTTTGAAGGGT	ACCCUUCAAAGAAAACAGGAAAGAUACAAU	0
NM_006219.3:5574-5603	NM_006219.3	NM_006219.3.fasta	5574	5603	+	30	TTGTATCTTTCCTGTTTTCTTTGAAGGGTT	AACCCUUCAAAGAAAACAGGAAAGAUACAA	0
NM_006219.3:5575-5604	NM_006219.3	NM_006219.3.fasta	5575	5604	+	30	TGTATCTTTCCTGTTTTCTTTGAAGGGTTA	UAACCCUUCAAAGAAAACAGGAAAGAUACA	0
NM_006219.3:5576-5605	NM_006219.3	NM_006219.3.fasta	5576	5605	+	30	GTATCTTTCCTGTTTTCTTTGAAGGGTTAA	UUAACCCUUCAAAGAAAACAGGAAAGAUAC	0
NM_006219.3:5577-5606	NM_006219.3	NM_006219.3.fasta	5577	5606	+	30	TATCTTTCCTGTTTTCTTTGAAGGGTTAAG	CUUAACCCUUCAAAGAAAACAGGAAAGAUA	0
NM_006219.3:5578-5607	NM_006219.3	NM_006219.3.fasta	5578	5607	+	30	ATCTTTCCTGTTTTCTTTGAAGGGTTAAGT	ACUUAACCCUUCAAAGAAAACAGGAAAGAU	0
NM_006219.3:5579-5608	NM_006219.3	NM_006219.3.fasta	5579	5608	+	30	TCTTTCCTGTTTTCTTTGAAGGGTTAAGTA	UACUUAACCCUUCAAAGAAAACAGGAAAGA	0
NM_006219.3:5580-5609	NM_006219.3	NM_006219.3.fasta	5580	5609	+	30	CTTTCCTGTTTTCTTTGAAGGGTTAAGTAA	UUACUUAACCCUUCAAAGAAAACAGGAAAG	0
NM_006219.3:5581-5610	NM_006219.3	NM_006219.3.fasta	5581	5610	+	30	TTTCCTGTTTTCTTTGAAGGGTTAAGTAAC	GUUACUUAACCCUUCAAAGAAAACAGGAAA	0
NM_006219.3:5582-5611	NM_006219.3	NM_006219.3.fasta	5582	5611	+	30	TTCCTGTTTTCTTTGAAGGGTTAAGTAACG	CGUUACUUAACCCUUCAAAGAAAACAGGAA	0
NM_006219.3:5583-5612	NM_006219.3	NM_006219.3.fasta	5583	5612	+	30	TCCTGTTTTCTTTGAAGGGTTAAGTAACGT	ACGUUACUUAACCCUUCAAAGAAAACAGGA	0
NM_006219.3:5584-5613	NM_006219.3	NM_006219.3.fasta	5584	5613	+	30	CCTGTTTTCTTTGAAGGGTTAAGTAACGTG	CACGUUACUUAACCCUUCAAAGAAAACAGG	0
NM_006219.3:5585-5614	NM_006219.3	NM_006219.3.fasta	5585	5614	+	30	CTGTTTTCTTTGAAGGGTTAAGTAACGTGA	UCACGUUACUUAACCCUUCAAAGAAAACAG	0
NM_006219.3:5586-5615	NM_006219.3	NM_006219.3.fasta	5586	5615	+	30	TGTTTTCTTTGAAGGGTTAAGTAACGTGAC	GUCACGUUACUUAACCCUUCAAAGAAAACA	0
NM_006219.3:5587-5616	NM_006219.3	NM_006219.3.fasta	5587	5616	+	30	GTTTTCTTTGAAGGGTTAAGTAACGTGACC	GGUCACGUUACUUAACCCUUCAAAGAAAAC	0
NM_006219.3:5588-5617	NM_006219.3	NM_006219.3.fasta	5588	5617	+	30	TTTTCTTTGAAGGGTTAAGTAACGTGACCA	UGGUCACGUUACUUAACCCUUCAAAGAAAA	0
NM_006219.3:5589-5618	NM_006219.3	NM_006219.3.fasta	5589	5618	+	30	TTTCTTTGAAGGGTTAAGTAACGTGACCAT	AUGGUCACGUUACUUAACCCUUCAAAGAAA	0
NM_006219.3:5590-5619	NM_006219.3	NM_006219.3.fasta	5590	5619	+	30	TTCTTTGAAGGGTTAAGTAACGTGACCATA	UAUGGUCACGUUACUUAACCCUUCAAAGAA	0
NM_006219.3:5591-5620	NM_006219.3	NM_006219.3.fasta	5591	5620	+	30	TCTTTGAAGGGTTAAGTAACGTGACCATAG	CUAUGGUCACGUUACUUAACCCUUCAAAGA	0
NM_006219.3:5592-5621	NM_006219.3	NM_006219.3.fasta	5592	5621	+	30	CTTTGAAGGGTTAAGTAACGTGACCATAGT	ACUAUGGUCACGUUACUUAACCCUUCAAAG	0
NM_006219.3:5593-5622	NM_006219.3	NM_006219.3.fasta	5593	5622	+	30	TTTGAAGGGTTAAGTAACGTGACCATAGTC	GACUAUGGUCACGUUACUUAACCCUUCAAA	0
NM_006219.3:5594-5623	NM_006219.3	NM_006219.3.fasta	5594	5623	+	30	TTGAAGGGTTAAGTAACGTGACCATAGTCA	UGACUAUGGUCACGUUACUUAACCCUUCAA	0
NM_006219.3:5595-5624	NM_006219.3	NM_006219.3.fasta	5595	5624	+	30	TGAAGGGTTAAGTAACGTGACCATAGTCAC	GUGACUAUGGUCACGUUACUUAACCCUUCA	0
NM_006219.3:5596-5625	NM_006219.3	NM_006219.3.fasta	5596	5625	+	30	GAAGGGTTAAGTAACGTGACCATAGTCACA	UGUGACUAUGGUCACGUUACUUAACCCUUC	0
NM_006219.3:5597-5626	NM_006219.3	NM_006219.3.fasta	5597	5626	+	30	AAGGGTTAAGTAACGTGACCATAGTCACAG	CUGUGACUAUGGUCACGUUACUUAACCCUU	0
NM_006219.3:5598-5627	NM_006219.3	NM_006219.3.fasta	5598	5627	+	30	AGGGTTAAGTAACGTGACCATAGTCACAGA	UCUGUGACUAUGGUCACGUUACUUAACCCU	0
NM_006219.3:5599-5628	NM_006219.3	NM_006219.3.fasta	5599	5628	+	30	GGGTTAAGTAACGTGACCATAGTCACAGAG	CUCUGUGACUAUGGUCACGUUACUUAACCC	0
NM_006219.3:5600-5629	NM_006219.3	NM_006219.3.fasta	5600	5629	+	30	GGTTAAGTAACGTGACCATAGTCACAGAGT	ACUCUGUGACUAUGGUCACGUUACUUAACC	0
NM_006219.3:5601-5630	NM_006219.3	NM_006219.3.fasta	5601	5630	+	30	GTTAAGTAACGTGACCATAGTCACAGAGTA	UACUCUGUGACUAUGGUCACGUUACUUAAC	0
NM_006219.3:5602-5631	NM_006219.3	NM_006219.3.fasta	5602	5631	+	30	TTAAGTAACGTGACCATAGTCACAGAGTAG	CUACUCUGUGACUAUGGUCACGUUACUUAA	0
NM_006219.3:5603-5632	NM_006219.3	NM_006219.3.fasta	5603	5632	+	30	TAAGTAACGTGACCATAGTCACAGAGTAGT	ACUACUCUGUGACUAUGGUCACGUUACUUA	0
NM_006219.3:5604-5633	NM_006219.3	NM_006219.3.fasta	5604	5633	+	30	AAGTAACGTGACCATAGTCACAGAGTAGTT	AACUACUCUGUGACUAUGGUCACGUUACUU	0
NM_006219.3:5605-5634	NM_006219.3	NM_006219.3.fasta	5605	5634	+	30	AGTAACGTGACCATAGTCACAGAGTAGTTG	CAACUACUCUGUGACUAUGGUCACGUUACU	0
NM_006219.3:5606-5635	NM_006219.3	NM_006219.3.fasta	5606	5635	+	30	GTAACGTGACCATAGTCACAGAGTAGTTGA	UCAACUACUCUGUGACUAUGGUCACGUUAC	0
NM_006219.3:5607-5636	NM_006219.3	NM_006219.3.fasta	5607	5636	+	30	TAACGTGACCATAGTCACAGAGTAGTTGAT	AUCAACUACUCUGUGACUAUGGUCACGUUA	0
NM_006219.3:5608-5637	NM_006219.3	NM_006219.3.fasta	5608	5637	+	30	AACGTGACCATAGTCACAGAGTAGTTGATG	CAUCAACUACUCUGUGACUAUGGUCACGUU	0
NM_006219.3:5609-5638	NM_006219.3	NM_006219.3.fasta	5609	5638	+	30	ACGTGACCATAGTCACAGAGTAGTTGATGG	CCAUCAACUACUCUGUGACUAUGGUCACGU	0
NM_006219.3:5610-5639	NM_006219.3	NM_006219.3.fasta	5610	5639	+	30	CGTGACCATAGTCACAGAGTAGTTGATGGA	UCCAUCAACUACUCUGUGACUAUGGUCACG	0
NM_006219.3:5611-5640	NM_006219.3	NM_006219.3.fasta	5611	5640	+	30	GTGACCATAGTCACAGAGTAGTTGATGGAG	CUCCAUCAACUACUCUGUGACUAUGGUCAC	0
NM_006219.3:5612-5641	NM_006219.3	NM_006219.3.fasta	5612	5641	+	30	TGACCATAGTCACAGAGTAGTTGATGGAGC	GCUCCAUCAACUACUCUGUGACUAUGGUCA	0
NM_006219.3:5613-5642	NM_006219.3	NM_006219.3.fasta	5613	5642	+	30	GACCATAGTCACAGAGTAGTTGATGGAGCC	GGCUCCAUCAACUACUCUGUGACUAUGGUC	0
NM_006219.3:5614-5643	NM_006219.3	NM_006219.3.fasta	5614	5643	+	30	ACCATAGTCACAGAGTAGTTGATGGAGCCA	UGGCUCCAUCAACUACUCUGUGACUAUGGU	0
NM_006219.3:5615-5644	NM_006219.3	NM_006219.3.fasta	5615	5644	+	30	CCATAGTCACAGAGTAGTTGATGGAGCCAG	CUGGCUCCAUCAACUACUCUGUGACUAUGG	0
NM_006219.3:5616-5645	NM_006219.3	NM_006219.3.fasta	5616	5645	+	30	CATAGTCACAGAGTAGTTGATGGAGCCAGT	ACUGGCUCCAUCAACUACUCUGUGACUAUG	0
NM_006219.3:5617-5646	NM_006219.3	NM_006219.3.fasta	5617	5646	+	30	ATAGTCACAGAGTAGTTGATGGAGCCAGTA	UACUGGCUCCAUCAACUACUCUGUGACUAU	0
NM_006219.3:5618-5647	NM_006219.3	NM_006219.3.fasta	5618	5647	+	30	TAGTCACAGAGTAGTTGATGGAGCCAGTAT	AUACUGGCUCCAUCAACUACUCUGUGACUA	0
NM_006219.3:5619-5648	NM_006219.3	NM_006219.3.fasta	5619	5648	+	30	AGTCACAGAGTAGTTGATGGAGCCAGTATT	AAUACUGGCUCCAUCAACUACUCUGUGACU	0
NM_006219.3:5620-5649	NM_006219.3	NM_006219.3.fasta	5620	5649	+	30	GTCACAGAGTAGTTGATGGAGCCAGTATTC	GAAUACUGGCUCCAUCAACUACUCUGUGAC	0
NM_006219.3:5621-5650	NM_006219.3	NM_006219.3.fasta	5621	5650	+	30	TCACAGAGTAGTTGATGGAGCCAGTATTCA	UGAAUACUGGCUCCAUCAACUACUCUGUGA	0
NM_006219.3:5622-5651	NM_006219.3	NM_006219.3.fasta	5622	5651	+	30	CACAGAGTAGTTGATGGAGCCAGTATTCAA	UUGAAUACUGGCUCCAUCAACUACUCUGUG	0
NM_006219.3:5623-5652	NM_006219.3	NM_006219.3.fasta	5623	5652	+	30	ACAGAGTAGTTGATGGAGCCAGTATTCAAA	UUUGAAUACUGGCUCCAUCAACUACUCUGU	0
NM_006219.3:5624-5653	NM_006219.3	NM_006219.3.fasta	5624	5653	+	30	CAGAGTAGTTGATGGAGCCAGTATTCAAAC	GUUUGAAUACUGGCUCCAUCAACUACUCUG	0
NM_006219.3:5625-5654	NM_006219.3	NM_006219.3.fasta	5625	5654	+	30	AGAGTAGTTGATGGAGCCAGTATTCAAACC	GGUUUGAAUACUGGCUCCAUCAACUACUCU	0
NM_006219.3:5626-5655	NM_006219.3	NM_006219.3.fasta	5626	5655	+	30	GAGTAGTTGATGGAGCCAGTATTCAAACCC	GGGUUUGAAUACUGGCUCCAUCAACUACUC	0
NM_006219.3:5627-5656	NM_006219.3	NM_006219.3.fasta	5627	5656	+	30	AGTAGTTGATGGAGCCAGTATTCAAACCCA	UGGGUUUGAAUACUGGCUCCAUCAACUACU	0
NM_006219.3:5628-5657	NM_006219.3	NM_006219.3.fasta	5628	5657	+	30	GTAGTTGATGGAGCCAGTATTCAAACCCAG	CUGGGUUUGAAUACUGGCUCCAUCAACUAC	0
NM_006219.3:5629-5658	NM_006219.3	NM_006219.3.fasta	5629	5658	+	30	TAGTTGATGGAGCCAGTATTCAAACCCAGA	UCUGGGUUUGAAUACUGGCUCCAUCAACUA	0
NM_006219.3:5630-5659	NM_006219.3	NM_006219.3.fasta	5630	5659	+	30	AGTTGATGGAGCCAGTATTCAAACCCAGAA	UUCUGGGUUUGAAUACUGGCUCCAUCAACU	0
NM_006219.3:5631-5660	NM_006219.3	NM_006219.3.fasta	5631	5660	+	30	GTTGATGGAGCCAGTATTCAAACCCAGAAA	UUUCUGGGUUUGAAUACUGGCUCCAUCAAC	0
NM_006219.3:5632-5661	NM_006219.3	NM_006219.3.fasta	5632	5661	+	30	TTGATGGAGCCAGTATTCAAACCCAGAAAG	CUUUCUGGGUUUGAAUACUGGCUCCAUCAA	0
NM_006219.3:5633-5662	NM_006219.3	NM_006219.3.fasta	5633	5662	+	30	TGATGGAGCCAGTATTCAAACCCAGAAAGT	ACUUUCUGGGUUUGAAUACUGGCUCCAUCA	0
NM_006219.3:5634-5663	NM_006219.3	NM_006219.3.fasta	5634	5663	+	30	GATGGAGCCAGTATTCAAACCCAGAAAGTA	UACUUUCUGGGUUUGAAUACUGGCUCCAUC	0
NM_006219.3:5635-5664	NM_006219.3	NM_006219.3.fasta	5635	5664	+	30	ATGGAGCCAGTATTCAAACCCAGAAAGTAA	UUACUUUCUGGGUUUGAAUACUGGCUCCAU	0
NM_006219.3:5636-5665	NM_006219.3	NM_006219.3.fasta	5636	5665	+	30	TGGAGCCAGTATTCAAACCCAGAAAGTAAG	CUUACUUUCUGGGUUUGAAUACUGGCUCCA	0
NM_006219.3:5637-5666	NM_006219.3	NM_006219.3.fasta	5637	5666	+	30	GGAGCCAGTATTCAAACCCAGAAAGTAAGA	UCUUACUUUCUGGGUUUGAAUACUGGCUCC	0
NM_006219.3:5638-5667	NM_006219.3	NM_006219.3.fasta	5638	5667	+	30	GAGCCAGTATTCAAACCCAGAAAGTAAGAA	UUCUUACUUUCUGGGUUUGAAUACUGGCUC	0
NM_006219.3:5639-5668	NM_006219.3	NM_006219.3.fasta	5639	5668	+	30	AGCCAGTATTCAAACCCAGAAAGTAAGAAG	CUUCUUACUUUCUGGGUUUGAAUACUGGCU	0
NM_006219.3:5640-5669	NM_006219.3	NM_006219.3.fasta	5640	5669	+	30	GCCAGTATTCAAACCCAGAAAGTAAGAAGC	GCUUCUUACUUUCUGGGUUUGAAUACUGGC	0
NM_006219.3:5641-5670	NM_006219.3	NM_006219.3.fasta	5641	5670	+	30	CCAGTATTCAAACCCAGAAAGTAAGAAGCC	GGCUUCUUACUUUCUGGGUUUGAAUACUGG	0
NM_006219.3:5642-5671	NM_006219.3	NM_006219.3.fasta	5642	5671	+	30	CAGTATTCAAACCCAGAAAGTAAGAAGCCT	AGGCUUCUUACUUUCUGGGUUUGAAUACUG	0
NM_006219.3:5643-5672	NM_006219.3	NM_006219.3.fasta	5643	5672	+	30	AGTATTCAAACCCAGAAAGTAAGAAGCCTA	UAGGCUUCUUACUUUCUGGGUUUGAAUACU	0
NM_006219.3:5644-5673	NM_006219.3	NM_006219.3.fasta	5644	5673	+	30	GTATTCAAACCCAGAAAGTAAGAAGCCTAT	AUAGGCUUCUUACUUUCUGGGUUUGAAUAC	0
NM_006219.3:5645-5674	NM_006219.3	NM_006219.3.fasta	5645	5674	+	30	TATTCAAACCCAGAAAGTAAGAAGCCTATT	AAUAGGCUUCUUACUUUCUGGGUUUGAAUA	0
NM_006219.3:5646-5675	NM_006219.3	NM_006219.3.fasta	5646	5675	+	30	ATTCAAACCCAGAAAGTAAGAAGCCTATTT	AAAUAGGCUUCUUACUUUCUGGGUUUGAAU	0
NM_006219.3:5647-5676	NM_006219.3	NM_006219.3.fasta	5647	5676	+	30	TTCAAACCCAGAAAGTAAGAAGCCTATTTT	AAAAUAGGCUUCUUACUUUCUGGGUUUGAA	0
NM_006219.3:5648-5677	NM_006219.3	NM_006219.3.fasta	5648	5677	+	30	TCAAACCCAGAAAGTAAGAAGCCTATTTTA	UAAAAUAGGCUUCUUACUUUCUGGGUUUGA	0
NM_006219.3:5649-5678	NM_006219.3	NM_006219.3.fasta	5649	5678	+	30	CAAACCCAGAAAGTAAGAAGCCTATTTTAA	UUAAAAUAGGCUUCUUACUUUCUGGGUUUG	0
NM_006219.3:5650-5679	NM_006219.3	NM_006219.3.fasta	5650	5679	+	30	AAACCCAGAAAGTAAGAAGCCTATTTTAAT	AUUAAAAUAGGCUUCUUACUUUCUGGGUUU	0
NM_006219.3:5651-5680	NM_006219.3	NM_006219.3.fasta	5651	5680	+	30	AACCCAGAAAGTAAGAAGCCTATTTTAATT	AAUUAAAAUAGGCUUCUUACUUUCUGGGUU	0
NM_006219.3:5652-5681	NM_006219.3	NM_006219.3.fasta	5652	5681	+	30	ACCCAGAAAGTAAGAAGCCTATTTTAATTA	UAAUUAAAAUAGGCUUCUUACUUUCUGGGU	0
NM_006219.3:5653-5682	NM_006219.3	NM_006219.3.fasta	5653	5682	+	30	CCCAGAAAGTAAGAAGCCTATTTTAATTAT	AUAAUUAAAAUAGGCUUCUUACUUUCUGGG	0
NM_006219.3:5654-5683	NM_006219.3	NM_006219.3.fasta	5654	5683	+	30	CCAGAAAGTAAGAAGCCTATTTTAATTATC	GAUAAUUAAAAUAGGCUUCUUACUUUCUGG	0
NM_006219.3:5655-5684	NM_006219.3	NM_006219.3.fasta	5655	5684	+	30	CAGAAAGTAAGAAGCCTATTTTAATTATCT	AGAUAAUUAAAAUAGGCUUCUUACUUUCUG	0
NM_006219.3:5656-5685	NM_006219.3	NM_006219.3.fasta	5656	5685	+	30	AGAAAGTAAGAAGCCTATTTTAATTATCTG	CAGAUAAUUAAAAUAGGCUUCUUACUUUCU	0
NM_006219.3:5657-5686	NM_006219.3	NM_006219.3.fasta	5657	5686	+	30	GAAAGTAAGAAGCCTATTTTAATTATCTGT	ACAGAUAAUUAAAAUAGGCUUCUUACUUUC	0
NM_006219.3:5658-5687	NM_006219.3	NM_006219.3.fasta	5658	5687	+	30	AAAGTAAGAAGCCTATTTTAATTATCTGTG	CACAGAUAAUUAAAAUAGGCUUCUUACUUU	0
NM_006219.3:5659-5688	NM_006219.3	NM_006219.3.fasta	5659	5688	+	30	AAGTAAGAAGCCTATTTTAATTATCTGTGC	GCACAGAUAAUUAAAAUAGGCUUCUUACUU	0
NM_006219.3:5660-5689	NM_006219.3	NM_006219.3.fasta	5660	5689	+	30	AGTAAGAAGCCTATTTTAATTATCTGTGCT	AGCACAGAUAAUUAAAAUAGGCUUCUUACU	0
NM_006219.3:5661-5690	NM_006219.3	NM_006219.3.fasta	5661	5690	+	30	GTAAGAAGCCTATTTTAATTATCTGTGCTC	GAGCACAGAUAAUUAAAAUAGGCUUCUUAC	0
NM_006219.3:5662-5691	NM_006219.3	NM_006219.3.fasta	5662	5691	+	30	TAAGAAGCCTATTTTAATTATCTGTGCTCT	AGAGCACAGAUAAUUAAAAUAGGCUUCUUA	0
NM_006219.3:5663-5692	NM_006219.3	NM_006219.3.fasta	5663	5692	+	30	AAGAAGCCTATTTTAATTATCTGTGCTCTT	AAGAGCACAGAUAAUUAAAAUAGGCUUCUU	0
NM_006219.3:5664-5693	NM_006219.3	NM_006219.3.fasta	5664	5693	+	30	AGAAGCCTATTTTAATTATCTGTGCTCTTT	AAAGAGCACAGAUAAUUAAAAUAGGCUUCU	0
NM_006219.3:5665-5694	NM_006219.3	NM_006219.3.fasta	5665	5694	+	30	GAAGCCTATTTTAATTATCTGTGCTCTTTA	UAAAGAGCACAGAUAAUUAAAAUAGGCUUC	0
NM_006219.3:5666-5695	NM_006219.3	NM_006219.3.fasta	5666	5695	+	30	AAGCCTATTTTAATTATCTGTGCTCTTTAC	GUAAAGAGCACAGAUAAUUAAAAUAGGCUU	0
NM_006219.3:5667-5696	NM_006219.3	NM_006219.3.fasta	5667	5696	+	30	AGCCTATTTTAATTATCTGTGCTCTTTACT	AGUAAAGAGCACAGAUAAUUAAAAUAGGCU	0
NM_006219.3:5668-5697	NM_006219.3	NM_006219.3.fasta	5668	5697	+	30	GCCTATTTTAATTATCTGTGCTCTTTACTC	GAGUAAAGAGCACAGAUAAUUAAAAUAGGC	0
NM_006219.3:5669-5698	NM_006219.3	NM_006219.3.fasta	5669	5698	+	30	CCTATTTTAATTATCTGTGCTCTTTACTCA	UGAGUAAAGAGCACAGAUAAUUAAAAUAGG	0
NM_006219.3:5670-5699	NM_006219.3	NM_006219.3.fasta	5670	5699	+	30	CTATTTTAATTATCTGTGCTCTTTACTCAC	GUGAGUAAAGAGCACAGAUAAUUAAAAUAG	0
NM_006219.3:5671-5700	NM_006219.3	NM_006219.3.fasta	5671	5700	+	30	TATTTTAATTATCTGTGCTCTTTACTCACA	UGUGAGUAAAGAGCACAGAUAAUUAAAAUA	0
NM_006219.3:5672-5701	NM_006219.3	NM_006219.3.fasta	5672	5701	+	30	ATTTTAATTATCTGTGCTCTTTACTCACAA	UUGUGAGUAAAGAGCACAGAUAAUUAAAAU	0
NM_006219.3:5673-5702	NM_006219.3	NM_006219.3.fasta	5673	5702	+	30	TTTTAATTATCTGTGCTCTTTACTCACAAT	AUUGUGAGUAAAGAGCACAGAUAAUUAAAA	0
NM_006219.3:5674-5703	NM_006219.3	NM_006219.3.fasta	5674	5703	+	30	TTTAATTATCTGTGCTCTTTACTCACAATG	CAUUGUGAGUAAAGAGCACAGAUAAUUAAA	0
NM_006219.3:5675-5704	NM_006219.3	NM_006219.3.fasta	5675	5704	+	30	TTAATTATCTGTGCTCTTTACTCACAATGC	GCAUUGUGAGUAAAGAGCACAGAUAAUUAA	0
NM_006219.3:5676-5705	NM_006219.3	NM_006219.3.fasta	5676	5705	+	30	TAATTATCTGTGCTCTTTACTCACAATGCC	GGCAUUGUGAGUAAAGAGCACAGAUAAUUA	0
NM_006219.3:5677-5706	NM_006219.3	NM_006219.3.fasta	5677	5706	+	30	AATTATCTGTGCTCTTTACTCACAATGCCT	AGGCAUUGUGAGUAAAGAGCACAGAUAAUU	0
NM_006219.3:5678-5707	NM_006219.3	NM_006219.3.fasta	5678	5707	+	30	ATTATCTGTGCTCTTTACTCACAATGCCTC	GAGGCAUUGUGAGUAAAGAGCACAGAUAAU	0
NM_006219.3:5679-5708	NM_006219.3	NM_006219.3.fasta	5679	5708	+	30	TTATCTGTGCTCTTTACTCACAATGCCTCA	UGAGGCAUUGUGAGUAAAGAGCACAGAUAA	0
NM_006219.3:5680-5709	NM_006219.3	NM_006219.3.fasta	5680	5709	+	30	TATCTGTGCTCTTTACTCACAATGCCTCAG	CUGAGGCAUUGUGAGUAAAGAGCACAGAUA	0
NM_006219.3:5681-5710	NM_006219.3	NM_006219.3.fasta	5681	5710	+	30	ATCTGTGCTCTTTACTCACAATGCCTCAGT	ACUGAGGCAUUGUGAGUAAAGAGCACAGAU	0
NM_006219.3:5682-5711	NM_006219.3	NM_006219.3.fasta	5682	5711	+	30	TCTGTGCTCTTTACTCACAATGCCTCAGTA	UACUGAGGCAUUGUGAGUAAAGAGCACAGA	0
NM_006219.3:5683-5712	NM_006219.3	NM_006219.3.fasta	5683	5712	+	30	CTGTGCTCTTTACTCACAATGCCTCAGTAT	AUACUGAGGCAUUGUGAGUAAAGAGCACAG	0
NM_006219.3:5684-5713	NM_006219.3	NM_006219.3.fasta	5684	5713	+	30	TGTGCTCTTTACTCACAATGCCTCAGTATA	UAUACUGAGGCAUUGUGAGUAAAGAGCACA	0
NM_006219.3:5685-5714	NM_006219.3	NM_006219.3.fasta	5685	5714	+	30	GTGCTCTTTACTCACAATGCCTCAGTATAC	GUAUACUGAGGCAUUGUGAGUAAAGAGCAC	0
NM_006219.3:5686-5715	NM_006219.3	NM_006219.3.fasta	5686	5715	+	30	TGCTCTTTACTCACAATGCCTCAGTATACA	UGUAUACUGAGGCAUUGUGAGUAAAGAGCA	0
NM_006219.3:5687-5716	NM_006219.3	NM_006219.3.fasta	5687	5716	+	30	GCTCTTTACTCACAATGCCTCAGTATACAT	AUGUAUACUGAGGCAUUGUGAGUAAAGAGC	0
NM_006219.3:5688-5717	NM_006219.3	NM_006219.3.fasta	5688	5717	+	30	CTCTTTACTCACAATGCCTCAGTATACATT	AAUGUAUACUGAGGCAUUGUGAGUAAAGAG	0
NM_006219.3:5689-5718	NM_006219.3	NM_006219.3.fasta	5689	5718	+	30	TCTTTACTCACAATGCCTCAGTATACATTT	AAAUGUAUACUGAGGCAUUGUGAGUAAAGA	0
NM_006219.3:5690-5719	NM_006219.3	NM_006219.3.fasta	5690	5719	+	30	CTTTACTCACAATGCCTCAGTATACATTTC	GAAAUGUAUACUGAGGCAUUGUGAGUAAAG	0
NM_006219.3:5691-5720	NM_006219.3	NM_006219.3.fasta	5691	5720	+	30	TTTACTCACAATGCCTCAGTATACATTTCA	UGAAAUGUAUACUGAGGCAUUGUGAGUAAA	0
NM_006219.3:5692-5721	NM_006219.3	NM_006219.3.fasta	5692	5721	+	30	TTACTCACAATGCCTCAGTATACATTTCAG	CUGAAAUGUAUACUGAGGCAUUGUGAGUAA	0
NM_006219.3:5693-5722	NM_006219.3	NM_006219.3.fasta	5693	5722	+	30	TACTCACAATGCCTCAGTATACATTTCAGA	UCUGAAAUGUAUACUGAGGCAUUGUGAGUA	0
NM_006219.3:5694-5723	NM_006219.3	NM_006219.3.fasta	5694	5723	+	30	ACTCACAATGCCTCAGTATACATTTCAGAT	AUCUGAAAUGUAUACUGAGGCAUUGUGAGU	0
NM_006219.3:5695-5724	NM_006219.3	NM_006219.3.fasta	5695	5724	+	30	CTCACAATGCCTCAGTATACATTTCAGATT	AAUCUGAAAUGUAUACUGAGGCAUUGUGAG	0
NM_006219.3:5696-5725	NM_006219.3	NM_006219.3.fasta	5696	5725	+	30	TCACAATGCCTCAGTATACATTTCAGATTT	AAAUCUGAAAUGUAUACUGAGGCAUUGUGA	0
NM_006219.3:5697-5726	NM_006219.3	NM_006219.3.fasta	5697	5726	+	30	CACAATGCCTCAGTATACATTTCAGATTTA	UAAAUCUGAAAUGUAUACUGAGGCAUUGUG	0
NM_006219.3:5698-5727	NM_006219.3	NM_006219.3.fasta	5698	5727	+	30	ACAATGCCTCAGTATACATTTCAGATTTAT	AUAAAUCUGAAAUGUAUACUGAGGCAUUGU	0
NM_006219.3:5699-5728	NM_006219.3	NM_006219.3.fasta	5699	5728	+	30	CAATGCCTCAGTATACATTTCAGATTTATT	AAUAAAUCUGAAAUGUAUACUGAGGCAUUG	0
NM_006219.3:5700-5729	NM_006219.3	NM_006219.3.fasta	5700	5729	+	30	AATGCCTCAGTATACATTTCAGATTTATTG	CAAUAAAUCUGAAAUGUAUACUGAGGCAUU	0
NM_006219.3:5701-5730	NM_006219.3	NM_006219.3.fasta	5701	5730	+	30	ATGCCTCAGTATACATTTCAGATTTATTGG	CCAAUAAAUCUGAAAUGUAUACUGAGGCAU	0
NM_006219.3:5702-5731	NM_006219.3	NM_006219.3.fasta	5702	5731	+	30	TGCCTCAGTATACATTTCAGATTTATTGGG	CCCAAUAAAUCUGAAAUGUAUACUGAGGCA	0
NM_006219.3:5703-5732	NM_006219.3	NM_006219.3.fasta	5703	5732	+	30	GCCTCAGTATACATTTCAGATTTATTGGGT	ACCCAAUAAAUCUGAAAUGUAUACUGAGGC	0
NM_006219.3:5704-5733	NM_006219.3	NM_006219.3.fasta	5704	5733	+	30	CCTCAGTATACATTTCAGATTTATTGGGTT	AACCCAAUAAAUCUGAAAUGUAUACUGAGG	0
NM_006219.3:5705-5734	NM_006219.3	NM_006219.3.fasta	5705	5734	+	30	CTCAGTATACATTTCAGATTTATTGGGTTC	GAACCCAAUAAAUCUGAAAUGUAUACUGAG	0
NM_006219.3:5706-5735	NM_006219.3	NM_006219.3.fasta	5706	5735	+	30	TCAGTATACATTTCAGATTTATTGGGTTCC	GGAACCCAAUAAAUCUGAAAUGUAUACUGA	0
NM_006219.3:5707-5736	NM_006219.3	NM_006219.3.fasta	5707	5736	+	30	CAGTATACATTTCAGATTTATTGGGTTCCA	UGGAACCCAAUAAAUCUGAAAUGUAUACUG	0
NM_006219.3:5708-5737	NM_006219.3	NM_006219.3.fasta	5708	5737	+	30	AGTATACATTTCAGATTTATTGGGTTCCAC	GUGGAACCCAAUAAAUCUGAAAUGUAUACU	0
NM_006219.3:5709-5738	NM_006219.3	NM_006219.3.fasta	5709	5738	+	30	GTATACATTTCAGATTTATTGGGTTCCACA	UGUGGAACCCAAUAAAUCUGAAAUGUAUAC	0
NM_006219.3:5710-5739	NM_006219.3	NM_006219.3.fasta	5710	5739	+	30	TATACATTTCAGATTTATTGGGTTCCACAA	UUGUGGAACCCAAUAAAUCUGAAAUGUAUA	0
NM_006219.3:5711-5740	NM_006219.3	NM_006219.3.fasta	5711	5740	+	30	ATACATTTCAGATTTATTGGGTTCCACAAA	UUUGUGGAACCCAAUAAAUCUGAAAUGUAU	0
NM_006219.3:5712-5741	NM_006219.3	NM_006219.3.fasta	5712	5741	+	30	TACATTTCAGATTTATTGGGTTCCACAAAT	AUUUGUGGAACCCAAUAAAUCUGAAAUGUA	0
NM_006219.3:5713-5742	NM_006219.3	NM_006219.3.fasta	5713	5742	+	30	ACATTTCAGATTTATTGGGTTCCACAAATA	UAUUUGUGGAACCCAAUAAAUCUGAAAUGU	0
NM_006219.3:5714-5743	NM_006219.3	NM_006219.3.fasta	5714	5743	+	30	CATTTCAGATTTATTGGGTTCCACAAATAG	CUAUUUGUGGAACCCAAUAAAUCUGAAAUG	0
NM_006219.3:5715-5744	NM_006219.3	NM_006219.3.fasta	5715	5744	+	30	ATTTCAGATTTATTGGGTTCCACAAATAGA	UCUAUUUGUGGAACCCAAUAAAUCUGAAAU	0
NM_006219.3:5716-5745	NM_006219.3	NM_006219.3.fasta	5716	5745	+	30	TTTCAGATTTATTGGGTTCCACAAATAGAA	UUCUAUUUGUGGAACCCAAUAAAUCUGAAA	0
NM_006219.3:5717-5746	NM_006219.3	NM_006219.3.fasta	5717	5746	+	30	TTCAGATTTATTGGGTTCCACAAATAGAAA	UUUCUAUUUGUGGAACCCAAUAAAUCUGAA	0
NM_006219.3:5718-5747	NM_006219.3	NM_006219.3.fasta	5718	5747	+	30	TCAGATTTATTGGGTTCCACAAATAGAAAT	AUUUCUAUUUGUGGAACCCAAUAAAUCUGA	0
NM_006219.3:5719-5748	NM_006219.3	NM_006219.3.fasta	5719	5748	+	30	CAGATTTATTGGGTTCCACAAATAGAAATC	GAUUUCUAUUUGUGGAACCCAAUAAAUCUG	0
NM_006219.3:5720-5749	NM_006219.3	NM_006219.3.fasta	5720	5749	+	30	AGATTTATTGGGTTCCACAAATAGAAATCT	AGAUUUCUAUUUGUGGAACCCAAUAAAUCU	0
NM_006219.3:5721-5750	NM_006219.3	NM_006219.3.fasta	5721	5750	+	30	GATTTATTGGGTTCCACAAATAGAAATCTA	UAGAUUUCUAUUUGUGGAACCCAAUAAAUC	0
NM_006219.3:5722-5751	NM_006219.3	NM_006219.3.fasta	5722	5751	+	30	ATTTATTGGGTTCCACAAATAGAAATCTAT	AUAGAUUUCUAUUUGUGGAACCCAAUAAAU	0
NM_006219.3:5723-5752	NM_006219.3	NM_006219.3.fasta	5723	5752	+	30	TTTATTGGGTTCCACAAATAGAAATCTATG	CAUAGAUUUCUAUUUGUGGAACCCAAUAAA	0
NM_006219.3:5724-5753	NM_006219.3	NM_006219.3.fasta	5724	5753	+	30	TTATTGGGTTCCACAAATAGAAATCTATGG	CCAUAGAUUUCUAUUUGUGGAACCCAAUAA	0
NM_006219.3:5725-5754	NM_006219.3	NM_006219.3.fasta	5725	5754	+	30	TATTGGGTTCCACAAATAGAAATCTATGGA	UCCAUAGAUUUCUAUUUGUGGAACCCAAUA	0
NM_006219.3:5726-5755	NM_006219.3	NM_006219.3.fasta	5726	5755	+	30	ATTGGGTTCCACAAATAGAAATCTATGGAA	UUCCAUAGAUUUCUAUUUGUGGAACCCAAU	0
NM_006219.3:5727-5756	NM_006219.3	NM_006219.3.fasta	5727	5756	+	30	TTGGGTTCCACAAATAGAAATCTATGGAAA	UUUCCAUAGAUUUCUAUUUGUGGAACCCAA	0
NM_006219.3:5728-5757	NM_006219.3	NM_006219.3.fasta	5728	5757	+	30	TGGGTTCCACAAATAGAAATCTATGGAAAT	AUUUCCAUAGAUUUCUAUUUGUGGAACCCA	0
NM_006219.3:5729-5758	NM_006219.3	NM_006219.3.fasta	5729	5758	+	30	GGGTTCCACAAATAGAAATCTATGGAAATT	AAUUUCCAUAGAUUUCUAUUUGUGGAACCC	0
NM_006219.3:5730-5759	NM_006219.3	NM_006219.3.fasta	5730	5759	+	30	GGTTCCACAAATAGAAATCTATGGAAATTT	AAAUUUCCAUAGAUUUCUAUUUGUGGAACC	0
NM_006219.3:5731-5760	NM_006219.3	NM_006219.3.fasta	5731	5760	+	30	GTTCCACAAATAGAAATCTATGGAAATTTT	AAAAUUUCCAUAGAUUUCUAUUUGUGGAAC	0
NM_006219.3:5732-5761	NM_006219.3	NM_006219.3.fasta	5732	5761	+	30	TTCCACAAATAGAAATCTATGGAAATTTTG	CAAAAUUUCCAUAGAUUUCUAUUUGUGGAA	0
NM_006219.3:5733-5762	NM_006219.3	NM_006219.3.fasta	5733	5762	+	30	TCCACAAATAGAAATCTATGGAAATTTTGA	UCAAAAUUUCCAUAGAUUUCUAUUUGUGGA	0
NM_006219.3:5734-5763	NM_006219.3	NM_006219.3.fasta	5734	5763	+	30	CCACAAATAGAAATCTATGGAAATTTTGAA	UUCAAAAUUUCCAUAGAUUUCUAUUUGUGG	0
NM_006219.3:5735-5764	NM_006219.3	NM_006219.3.fasta	5735	5764	+	30	CACAAATAGAAATCTATGGAAATTTTGAAT	AUUCAAAAUUUCCAUAGAUUUCUAUUUGUG	0
NM_006219.3:5736-5765	NM_006219.3	NM_006219.3.fasta	5736	5765	+	30	ACAAATAGAAATCTATGGAAATTTTGAATC	GAUUCAAAAUUUCCAUAGAUUUCUAUUUGU	0
NM_006219.3:5737-5766	NM_006219.3	NM_006219.3.fasta	5737	5766	+	30	CAAATAGAAATCTATGGAAATTTTGAATCA	UGAUUCAAAAUUUCCAUAGAUUUCUAUUUG	0
NM_006219.3:5738-5767	NM_006219.3	NM_006219.3.fasta	5738	5767	+	30	AAATAGAAATCTATGGAAATTTTGAATCAA	UUGAUUCAAAAUUUCCAUAGAUUUCUAUUU	0
NM_006219.3:5739-5768	NM_006219.3	NM_006219.3.fasta	5739	5768	+	30	AATAGAAATCTATGGAAATTTTGAATCAAA	UUUGAUUCAAAAUUUCCAUAGAUUUCUAUU	0
NM_006219.3:5740-5769	NM_006219.3	NM_006219.3.fasta	5740	5769	+	30	ATAGAAATCTATGGAAATTTTGAATCAAAT	AUUUGAUUCAAAAUUUCCAUAGAUUUCUAU	0
NM_006219.3:5741-5770	NM_006219.3	NM_006219.3.fasta	5741	5770	+	30	TAGAAATCTATGGAAATTTTGAATCAAATT	AAUUUGAUUCAAAAUUUCCAUAGAUUUCUA	0
NM_006219.3:5742-5771	NM_006219.3	NM_006219.3.fasta	5742	5771	+	30	AGAAATCTATGGAAATTTTGAATCAAATTG	CAAUUUGAUUCAAAAUUUCCAUAGAUUUCU	0
NM_006219.3:5743-5772	NM_006219.3	NM_006219.3.fasta	5743	5772	+	30	GAAATCTATGGAAATTTTGAATCAAATTGC	GCAAUUUGAUUCAAAAUUUCCAUAGAUUUC	0
NM_006219.3:5744-5773	NM_006219.3	NM_006219.3.fasta	5744	5773	+	30	AAATCTATGGAAATTTTGAATCAAATTGCA	UGCAAUUUGAUUCAAAAUUUCCAUAGAUUU	0
NM_006219.3:5745-5774	NM_006219.3	NM_006219.3.fasta	5745	5774	+	30	AATCTATGGAAATTTTGAATCAAATTGCAT	AUGCAAUUUGAUUCAAAAUUUCCAUAGAUU	0
NM_006219.3:5746-5775	NM_006219.3	NM_006219.3.fasta	5746	5775	+	30	ATCTATGGAAATTTTGAATCAAATTGCATT	AAUGCAAUUUGAUUCAAAAUUUCCAUAGAU	0
NM_006219.3:5747-5776	NM_006219.3	NM_006219.3.fasta	5747	5776	+	30	TCTATGGAAATTTTGAATCAAATTGCATTA	UAAUGCAAUUUGAUUCAAAAUUUCCAUAGA	0
NM_006219.3:5748-5777	NM_006219.3	NM_006219.3.fasta	5748	5777	+	30	CTATGGAAATTTTGAATCAAATTGCATTAA	UUAAUGCAAUUUGAUUCAAAAUUUCCAUAG	0
NM_006219.3:5749-5778	NM_006219.3	NM_006219.3.fasta	5749	5778	+	30	TATGGAAATTTTGAATCAAATTGCATTAAG	CUUAAUGCAAUUUGAUUCAAAAUUUCCAUA	0
NM_006219.3:5750-5779	NM_006219.3	NM_006219.3.fasta	5750	5779	+	30	ATGGAAATTTTGAATCAAATTGCATTAAGC	GCUUAAUGCAAUUUGAUUCAAAAUUUCCAU	0
NM_006219.3:5751-5780	NM_006219.3	NM_006219.3.fasta	5751	5780	+	30	TGGAAATTTTGAATCAAATTGCATTAAGCT	AGCUUAAUGCAAUUUGAUUCAAAAUUUCCA	0
NM_006219.3:5752-5781	NM_006219.3	NM_006219.3.fasta	5752	5781	+	30	GGAAATTTTGAATCAAATTGCATTAAGCTA	UAGCUUAAUGCAAUUUGAUUCAAAAUUUCC	0
NM_006219.3:5753-5782	NM_006219.3	NM_006219.3.fasta	5753	5782	+	30	GAAATTTTGAATCAAATTGCATTAAGCTAT	AUAGCUUAAUGCAAUUUGAUUCAAAAUUUC	0
NM_006219.3:5754-5783	NM_006219.3	NM_006219.3.fasta	5754	5783	+	30	AAATTTTGAATCAAATTGCATTAAGCTATA	UAUAGCUUAAUGCAAUUUGAUUCAAAAUUU	0
NM_006219.3:5755-5784	NM_006219.3	NM_006219.3.fasta	5755	5784	+	30	AATTTTGAATCAAATTGCATTAAGCTATAG	CUAUAGCUUAAUGCAAUUUGAUUCAAAAUU	0
NM_006219.3:5756-5785	NM_006219.3	NM_006219.3.fasta	5756	5785	+	30	ATTTTGAATCAAATTGCATTAAGCTATAGA	UCUAUAGCUUAAUGCAAUUUGAUUCAAAAU	0
NM_006219.3:5757-5786	NM_006219.3	NM_006219.3.fasta	5757	5786	+	30	TTTTGAATCAAATTGCATTAAGCTATAGAC	GUCUAUAGCUUAAUGCAAUUUGAUUCAAAA	0
NM_006219.3:5758-5787	NM_006219.3	NM_006219.3.fasta	5758	5787	+	30	TTTGAATCAAATTGCATTAAGCTATAGACA	UGUCUAUAGCUUAAUGCAAUUUGAUUCAAA	0
NM_006219.3:5759-5788	NM_006219.3	NM_006219.3.fasta	5759	5788	+	30	TTGAATCAAATTGCATTAAGCTATAGACAA	UUGUCUAUAGCUUAAUGCAAUUUGAUUCAA	0
NM_006219.3:5760-5789	NM_006219.3	NM_006219.3.fasta	5760	5789	+	30	TGAATCAAATTGCATTAAGCTATAGACAAG	CUUGUCUAUAGCUUAAUGCAAUUUGAUUCA	0
NM_006219.3:5761-5790	NM_006219.3	NM_006219.3.fasta	5761	5790	+	30	GAATCAAATTGCATTAAGCTATAGACAAGG	CCUUGUCUAUAGCUUAAUGCAAUUUGAUUC	0
NM_006219.3:5762-5791	NM_006219.3	NM_006219.3.fasta	5762	5791	+	30	AATCAAATTGCATTAAGCTATAGACAAGGT	ACCUUGUCUAUAGCUUAAUGCAAUUUGAUU	0
NM_006219.3:5763-5792	NM_006219.3	NM_006219.3.fasta	5763	5792	+	30	ATCAAATTGCATTAAGCTATAGACAAGGTT	AACCUUGUCUAUAGCUUAAUGCAAUUUGAU	0
NM_006219.3:5764-5793	NM_006219.3	NM_006219.3.fasta	5764	5793	+	30	TCAAATTGCATTAAGCTATAGACAAGGTTG	CAACCUUGUCUAUAGCUUAAUGCAAUUUGA	0
NM_006219.3:5765-5794	NM_006219.3	NM_006219.3.fasta	5765	5794	+	30	CAAATTGCATTAAGCTATAGACAAGGTTGA	UCAACCUUGUCUAUAGCUUAAUGCAAUUUG	0
NM_006219.3:5766-5795	NM_006219.3	NM_006219.3.fasta	5766	5795	+	30	AAATTGCATTAAGCTATAGACAAGGTTGAG	CUCAACCUUGUCUAUAGCUUAAUGCAAUUU	0
NM_006219.3:5767-5796	NM_006219.3	NM_006219.3.fasta	5767	5796	+	30	AATTGCATTAAGCTATAGACAAGGTTGAGA	UCUCAACCUUGUCUAUAGCUUAAUGCAAUU	0
NM_006219.3:5768-5797	NM_006219.3	NM_006219.3.fasta	5768	5797	+	30	ATTGCATTAAGCTATAGACAAGGTTGAGAC	GUCUCAACCUUGUCUAUAGCUUAAUGCAAU	0
NM_006219.3:5769-5798	NM_006219.3	NM_006219.3.fasta	5769	5798	+	30	TTGCATTAAGCTATAGACAAGGTTGAGACA	UGUCUCAACCUUGUCUAUAGCUUAAUGCAA	0
NM_006219.3:5770-5799	NM_006219.3	NM_006219.3.fasta	5770	5799	+	30	TGCATTAAGCTATAGACAAGGTTGAGACAA	UUGUCUCAACCUUGUCUAUAGCUUAAUGCA	0
NM_006219.3:5771-5800	NM_006219.3	NM_006219.3.fasta	5771	5800	+	30	GCATTAAGCTATAGACAAGGTTGAGACAAA	UUUGUCUCAACCUUGUCUAUAGCUUAAUGC	0
NM_006219.3:5772-5801	NM_006219.3	NM_006219.3.fasta	5772	5801	+	30	CATTAAGCTATAGACAAGGTTGAGACAAAT	AUUUGUCUCAACCUUGUCUAUAGCUUAAUG	0
NM_006219.3:5773-5802	NM_006219.3	NM_006219.3.fasta	5773	5802	+	30	ATTAAGCTATAGACAAGGTTGAGACAAATT	AAUUUGUCUCAACCUUGUCUAUAGCUUAAU	0
NM_006219.3:5774-5803	NM_006219.3	NM_006219.3.fasta	5774	5803	+	30	TTAAGCTATAGACAAGGTTGAGACAAATTG	CAAUUUGUCUCAACCUUGUCUAUAGCUUAA	0
NM_006219.3:5775-5804	NM_006219.3	NM_006219.3.fasta	5775	5804	+	30	TAAGCTATAGACAAGGTTGAGACAAATTGA	UCAAUUUGUCUCAACCUUGUCUAUAGCUUA	0
NM_006219.3:5776-5805	NM_006219.3	NM_006219.3.fasta	5776	5805	+	30	AAGCTATAGACAAGGTTGAGACAAATTGAC	GUCAAUUUGUCUCAACCUUGUCUAUAGCUU	0
NM_006219.3:5777-5806	NM_006219.3	NM_006219.3.fasta	5777	5806	+	30	AGCTATAGACAAGGTTGAGACAAATTGACA	UGUCAAUUUGUCUCAACCUUGUCUAUAGCU	0
NM_006219.3:5778-5807	NM_006219.3	NM_006219.3.fasta	5778	5807	+	30	GCTATAGACAAGGTTGAGACAAATTGACAT	AUGUCAAUUUGUCUCAACCUUGUCUAUAGC	0
NM_006219.3:5779-5808	NM_006219.3	NM_006219.3.fasta	5779	5808	+	30	CTATAGACAAGGTTGAGACAAATTGACATC	GAUGUCAAUUUGUCUCAACCUUGUCUAUAG	0
NM_006219.3:5780-5809	NM_006219.3	NM_006219.3.fasta	5780	5809	+	30	TATAGACAAGGTTGAGACAAATTGACATCT	AGAUGUCAAUUUGUCUCAACCUUGUCUAUA	0
NM_006219.3:5781-5810	NM_006219.3	NM_006219.3.fasta	5781	5810	+	30	ATAGACAAGGTTGAGACAAATTGACATCTC	GAGAUGUCAAUUUGUCUCAACCUUGUCUAU	0
NM_006219.3:5782-5811	NM_006219.3	NM_006219.3.fasta	5782	5811	+	30	TAGACAAGGTTGAGACAAATTGACATCTCC	GGAGAUGUCAAUUUGUCUCAACCUUGUCUA	0
NM_006219.3:5783-5812	NM_006219.3	NM_006219.3.fasta	5783	5812	+	30	AGACAAGGTTGAGACAAATTGACATCTCCA	UGGAGAUGUCAAUUUGUCUCAACCUUGUCU	0
NM_006219.3:5784-5813	NM_006219.3	NM_006219.3.fasta	5784	5813	+	30	GACAAGGTTGAGACAAATTGACATCTCCAG	CUGGAGAUGUCAAUUUGUCUCAACCUUGUC	0
NM_006219.3:5785-5814	NM_006219.3	NM_006219.3.fasta	5785	5814	+	30	ACAAGGTTGAGACAAATTGACATCTCCAGA	UCUGGAGAUGUCAAUUUGUCUCAACCUUGU	0
NM_006219.3:5786-5815	NM_006219.3	NM_006219.3.fasta	5786	5815	+	30	CAAGGTTGAGACAAATTGACATCTCCAGAA	UUCUGGAGAUGUCAAUUUGUCUCAACCUUG	0
NM_006219.3:5787-5816	NM_006219.3	NM_006219.3.fasta	5787	5816	+	30	AAGGTTGAGACAAATTGACATCTCCAGAAT	AUUCUGGAGAUGUCAAUUUGUCUCAACCUU	0
NM_006219.3:5788-5817	NM_006219.3	NM_006219.3.fasta	5788	5817	+	30	AGGTTGAGACAAATTGACATCTCCAGAATA	UAUUCUGGAGAUGUCAAUUUGUCUCAACCU	0
NM_006219.3:5789-5818	NM_006219.3	NM_006219.3.fasta	5789	5818	+	30	GGTTGAGACAAATTGACATCTCCAGAATAT	AUAUUCUGGAGAUGUCAAUUUGUCUCAACC	0
NM_006219.3:5790-5819	NM_006219.3	NM_006219.3.fasta	5790	5819	+	30	GTTGAGACAAATTGACATCTCCAGAATATT	AAUAUUCUGGAGAUGUCAAUUUGUCUCAAC	0
NM_006219.3:5791-5820	NM_006219.3	NM_006219.3.fasta	5791	5820	+	30	TTGAGACAAATTGACATCTCCAGAATATTG	CAAUAUUCUGGAGAUGUCAAUUUGUCUCAA	0
NM_006219.3:5792-5821	NM_006219.3	NM_006219.3.fasta	5792	5821	+	30	TGAGACAAATTGACATCTCCAGAATATTGA	UCAAUAUUCUGGAGAUGUCAAUUUGUCUCA	0
NM_006219.3:5793-5822	NM_006219.3	NM_006219.3.fasta	5793	5822	+	30	GAGACAAATTGACATCTCCAGAATATTGAG	CUCAAUAUUCUGGAGAUGUCAAUUUGUCUC	0
NM_006219.3:5794-5823	NM_006219.3	NM_006219.3.fasta	5794	5823	+	30	AGACAAATTGACATCTCCAGAATATTGAGT	ACUCAAUAUUCUGGAGAUGUCAAUUUGUCU	0
NM_006219.3:5795-5824	NM_006219.3	NM_006219.3.fasta	5795	5824	+	30	GACAAATTGACATCTCCAGAATATTGAGTT	AACUCAAUAUUCUGGAGAUGUCAAUUUGUC	0
NM_006219.3:5796-5825	NM_006219.3	NM_006219.3.fasta	5796	5825	+	30	ACAAATTGACATCTCCAGAATATTGAGTTT	AAACUCAAUAUUCUGGAGAUGUCAAUUUGU	0
NM_006219.3:5797-5826	NM_006219.3	NM_006219.3.fasta	5797	5826	+	30	CAAATTGACATCTCCAGAATATTGAGTTTT	AAAACUCAAUAUUCUGGAGAUGUCAAUUUG	0
NM_006219.3:5798-5827	NM_006219.3	NM_006219.3.fasta	5798	5827	+	30	AAATTGACATCTCCAGAATATTGAGTTTTC	GAAAACUCAAUAUUCUGGAGAUGUCAAUUU	0
NM_006219.3:5799-5828	NM_006219.3	NM_006219.3.fasta	5799	5828	+	30	AATTGACATCTCCAGAATATTGAGTTTTCC	GGAAAACUCAAUAUUCUGGAGAUGUCAAUU	0
NM_006219.3:5800-5829	NM_006219.3	NM_006219.3.fasta	5800	5829	+	30	ATTGACATCTCCAGAATATTGAGTTTTCCA	UGGAAAACUCAAUAUUCUGGAGAUGUCAAU	0
NM_006219.3:5801-5830	NM_006219.3	NM_006219.3.fasta	5801	5830	+	30	TTGACATCTCCAGAATATTGAGTTTTCCAA	UUGGAAAACUCAAUAUUCUGGAGAUGUCAA	0
NM_006219.3:5802-5831	NM_006219.3	NM_006219.3.fasta	5802	5831	+	30	TGACATCTCCAGAATATTGAGTTTTCCAAA	UUUGGAAAACUCAAUAUUCUGGAGAUGUCA	0
NM_006219.3:5803-5832	NM_006219.3	NM_006219.3.fasta	5803	5832	+	30	GACATCTCCAGAATATTGAGTTTTCCAAAA	UUUUGGAAAACUCAAUAUUCUGGAGAUGUC	0
NM_006219.3:5804-5833	NM_006219.3	NM_006219.3.fasta	5804	5833	+	30	ACATCTCCAGAATATTGAGTTTTCCAAAAT	AUUUUGGAAAACUCAAUAUUCUGGAGAUGU	0
NM_006219.3:5805-5834	NM_006219.3	NM_006219.3.fasta	5805	5834	+	30	CATCTCCAGAATATTGAGTTTTCCAAAATA	UAUUUUGGAAAACUCAAUAUUCUGGAGAUG	0
NM_006219.3:5806-5835	NM_006219.3	NM_006219.3.fasta	5806	5835	+	30	ATCTCCAGAATATTGAGTTTTCCAAAATAT	AUAUUUUGGAAAACUCAAUAUUCUGGAGAU	0
NM_006219.3:5807-5836	NM_006219.3	NM_006219.3.fasta	5807	5836	+	30	TCTCCAGAATATTGAGTTTTCCAAAATATG	CAUAUUUUGGAAAACUCAAUAUUCUGGAGA	0
NM_006219.3:5808-5837	NM_006219.3	NM_006219.3.fasta	5808	5837	+	30	CTCCAGAATATTGAGTTTTCCAAAATATGT	ACAUAUUUUGGAAAACUCAAUAUUCUGGAG	0
NM_006219.3:5809-5838	NM_006219.3	NM_006219.3.fasta	5809	5838	+	30	TCCAGAATATTGAGTTTTCCAAAATATGTA	UACAUAUUUUGGAAAACUCAAUAUUCUGGA	0
NM_006219.3:5810-5839	NM_006219.3	NM_006219.3.fasta	5810	5839	+	30	CCAGAATATTGAGTTTTCCAAAATATGTAA	UUACAUAUUUUGGAAAACUCAAUAUUCUGG	0
NM_006219.3:5811-5840	NM_006219.3	NM_006219.3.fasta	5811	5840	+	30	CAGAATATTGAGTTTTCCAAAATATGTAAG	CUUACAUAUUUUGGAAAACUCAAUAUUCUG	0
NM_006219.3:5812-5841	NM_006219.3	NM_006219.3.fasta	5812	5841	+	30	AGAATATTGAGTTTTCCAAAATATGTAAGT	ACUUACAUAUUUUGGAAAACUCAAUAUUCU	0
NM_006219.3:5813-5842	NM_006219.3	NM_006219.3.fasta	5813	5842	+	30	GAATATTGAGTTTTCCAAAATATGTAAGTG	CACUUACAUAUUUUGGAAAACUCAAUAUUC	0
NM_006219.3:5814-5843	NM_006219.3	NM_006219.3.fasta	5814	5843	+	30	AATATTGAGTTTTCCAAAATATGTAAGTGG	CCACUUACAUAUUUUGGAAAACUCAAUAUU	0
NM_006219.3:5815-5844	NM_006219.3	NM_006219.3.fasta	5815	5844	+	30	ATATTGAGTTTTCCAAAATATGTAAGTGGA	UCCACUUACAUAUUUUGGAAAACUCAAUAU	0
NM_006219.3:5816-5845	NM_006219.3	NM_006219.3.fasta	5816	5845	+	30	TATTGAGTTTTCCAAAATATGTAAGTGGAG	CUCCACUUACAUAUUUUGGAAAACUCAAUA	0
NM_006219.3:5817-5846	NM_006219.3	NM_006219.3.fasta	5817	5846	+	30	ATTGAGTTTTCCAAAATATGTAAGTGGAGT	ACUCCACUUACAUAUUUUGGAAAACUCAAU	0
NM_006219.3:5818-5847	NM_006219.3	NM_006219.3.fasta	5818	5847	+	30	TTGAGTTTTCCAAAATATGTAAGTGGAGTA	UACUCCACUUACAUAUUUUGGAAAACUCAA	0
NM_006219.3:5819-5848	NM_006219.3	NM_006219.3.fasta	5819	5848	+	30	TGAGTTTTCCAAAATATGTAAGTGGAGTAC	GUACUCCACUUACAUAUUUUGGAAAACUCA	0
NM_006219.3:5820-5849	NM_006219.3	NM_006219.3.fasta	5820	5849	+	30	GAGTTTTCCAAAATATGTAAGTGGAGTACC	GGUACUCCACUUACAUAUUUUGGAAAACUC	0
NM_006219.3:5821-5850	NM_006219.3	NM_006219.3.fasta	5821	5850	+	30	AGTTTTCCAAAATATGTAAGTGGAGTACCC	GGGUACUCCACUUACAUAUUUUGGAAAACU	0
NM_006219.3:5822-5851	NM_006219.3	NM_006219.3.fasta	5822	5851	+	30	GTTTTCCAAAATATGTAAGTGGAGTACCCA	UGGGUACUCCACUUACAUAUUUUGGAAAAC	0
NM_006219.3:5823-5852	NM_006219.3	NM_006219.3.fasta	5823	5852	+	30	TTTTCCAAAATATGTAAGTGGAGTACCCAT	AUGGGUACUCCACUUACAUAUUUUGGAAAA	0
NM_006219.3:5824-5853	NM_006219.3	NM_006219.3.fasta	5824	5853	+	30	TTTCCAAAATATGTAAGTGGAGTACCCATT	AAUGGGUACUCCACUUACAUAUUUUGGAAA	0
NM_006219.3:5825-5854	NM_006219.3	NM_006219.3.fasta	5825	5854	+	30	TTCCAAAATATGTAAGTGGAGTACCCATTT	AAAUGGGUACUCCACUUACAUAUUUUGGAA	0
NM_006219.3:5826-5855	NM_006219.3	NM_006219.3.fasta	5826	5855	+	30	TCCAAAATATGTAAGTGGAGTACCCATTTA	UAAAUGGGUACUCCACUUACAUAUUUUGGA	0
NM_006219.3:5827-5856	NM_006219.3	NM_006219.3.fasta	5827	5856	+	30	CCAAAATATGTAAGTGGAGTACCCATTTAT	AUAAAUGGGUACUCCACUUACAUAUUUUGG	0
NM_006219.3:5828-5857	NM_006219.3	NM_006219.3.fasta	5828	5857	+	30	CAAAATATGTAAGTGGAGTACCCATTTATT	AAUAAAUGGGUACUCCACUUACAUAUUUUG	0
NM_006219.3:5829-5858	NM_006219.3	NM_006219.3.fasta	5829	5858	+	30	AAAATATGTAAGTGGAGTACCCATTTATTT	AAAUAAAUGGGUACUCCACUUACAUAUUUU	0
NM_006219.3:5830-5859	NM_006219.3	NM_006219.3.fasta	5830	5859	+	30	AAATATGTAAGTGGAGTACCCATTTATTTA	UAAAUAAAUGGGUACUCCACUUACAUAUUU	0
NM_006219.3:5831-5860	NM_006219.3	NM_006219.3.fasta	5831	5860	+	30	AATATGTAAGTGGAGTACCCATTTATTTAG	CUAAAUAAAUGGGUACUCCACUUACAUAUU	0
NM_006219.3:5832-5861	NM_006219.3	NM_006219.3.fasta	5832	5861	+	30	ATATGTAAGTGGAGTACCCATTTATTTAGA	UCUAAAUAAAUGGGUACUCCACUUACAUAU	0
NM_006219.3:5833-5862	NM_006219.3	NM_006219.3.fasta	5833	5862	+	30	TATGTAAGTGGAGTACCCATTTATTTAGAT	AUCUAAAUAAAUGGGUACUCCACUUACAUA	0
NM_006219.3:5834-5863	NM_006219.3	NM_006219.3.fasta	5834	5863	+	30	ATGTAAGTGGAGTACCCATTTATTTAGATT	AAUCUAAAUAAAUGGGUACUCCACUUACAU	0
NM_006219.3:5835-5864	NM_006219.3	NM_006219.3.fasta	5835	5864	+	30	TGTAAGTGGAGTACCCATTTATTTAGATTA	UAAUCUAAAUAAAUGGGUACUCCACUUACA	0
NM_006219.3:5836-5865	NM_006219.3	NM_006219.3.fasta	5836	5865	+	30	GTAAGTGGAGTACCCATTTATTTAGATTAT	AUAAUCUAAAUAAAUGGGUACUCCACUUAC	0
NM_006219.3:5837-5866	NM_006219.3	NM_006219.3.fasta	5837	5866	+	30	TAAGTGGAGTACCCATTTATTTAGATTATC	GAUAAUCUAAAUAAAUGGGUACUCCACUUA	0
NM_006219.3:5838-5867	NM_006219.3	NM_006219.3.fasta	5838	5867	+	30	AAGTGGAGTACCCATTTATTTAGATTATCT	AGAUAAUCUAAAUAAAUGGGUACUCCACUU	0
NM_006219.3:5839-5868	NM_006219.3	NM_006219.3.fasta	5839	5868	+	30	AGTGGAGTACCCATTTATTTAGATTATCTT	AAGAUAAUCUAAAUAAAUGGGUACUCCACU	0
NM_006219.3:5840-5869	NM_006219.3	NM_006219.3.fasta	5840	5869	+	30	GTGGAGTACCCATTTATTTAGATTATCTTT	AAAGAUAAUCUAAAUAAAUGGGUACUCCAC	0
NM_006219.3:5841-5870	NM_006219.3	NM_006219.3.fasta	5841	5870	+	30	TGGAGTACCCATTTATTTAGATTATCTTTC	GAAAGAUAAUCUAAAUAAAUGGGUACUCCA	0
NM_006219.3:5842-5871	NM_006219.3	NM_006219.3.fasta	5842	5871	+	30	GGAGTACCCATTTATTTAGATTATCTTTCA	UGAAAGAUAAUCUAAAUAAAUGGGUACUCC	0
NM_006219.3:5843-5872	NM_006219.3	NM_006219.3.fasta	5843	5872	+	30	GAGTACCCATTTATTTAGATTATCTTTCAT	AUGAAAGAUAAUCUAAAUAAAUGGGUACUC	0
NM_006219.3:5844-5873	NM_006219.3	NM_006219.3.fasta	5844	5873	+	30	AGTACCCATTTATTTAGATTATCTTTCATT	AAUGAAAGAUAAUCUAAAUAAAUGGGUACU	0
NM_006219.3:5845-5874	NM_006219.3	NM_006219.3.fasta	5845	5874	+	30	GTACCCATTTATTTAGATTATCTTTCATTT	AAAUGAAAGAUAAUCUAAAUAAAUGGGUAC	0
NM_006219.3:5846-5875	NM_006219.3	NM_006219.3.fasta	5846	5875	+	30	TACCCATTTATTTAGATTATCTTTCATTTA	UAAAUGAAAGAUAAUCUAAAUAAAUGGGUA	0
NM_006219.3:5847-5876	NM_006219.3	NM_006219.3.fasta	5847	5876	+	30	ACCCATTTATTTAGATTATCTTTCATTTAT	AUAAAUGAAAGAUAAUCUAAAUAAAUGGGU	0
NM_006219.3:5848-5877	NM_006219.3	NM_006219.3.fasta	5848	5877	+	30	CCCATTTATTTAGATTATCTTTCATTTATA	UAUAAAUGAAAGAUAAUCUAAAUAAAUGGG	0
NM_006219.3:5849-5878	NM_006219.3	NM_006219.3.fasta	5849	5878	+	30	CCATTTATTTAGATTATCTTTCATTTATAT	AUAUAAAUGAAAGAUAAUCUAAAUAAAUGG	0
NM_006219.3:5850-5879	NM_006219.3	NM_006219.3.fasta	5850	5879	+	30	CATTTATTTAGATTATCTTTCATTTATATC	GAUAUAAAUGAAAGAUAAUCUAAAUAAAUG	0
NM_006219.3:5851-5880	NM_006219.3	NM_006219.3.fasta	5851	5880	+	30	ATTTATTTAGATTATCTTTCATTTATATCC	GGAUAUAAAUGAAAGAUAAUCUAAAUAAAU	0
NM_006219.3:5852-5881	NM_006219.3	NM_006219.3.fasta	5852	5881	+	30	TTTATTTAGATTATCTTTCATTTATATCCG	CGGAUAUAAAUGAAAGAUAAUCUAAAUAAA	0
NM_006219.3:5853-5882	NM_006219.3	NM_006219.3.fasta	5853	5882	+	30	TTATTTAGATTATCTTTCATTTATATCCGC	GCGGAUAUAAAUGAAAGAUAAUCUAAAUAA	0
NM_006219.3:5854-5883	NM_006219.3	NM_006219.3.fasta	5854	5883	+	30	TATTTAGATTATCTTTCATTTATATCCGCA	UGCGGAUAUAAAUGAAAGAUAAUCUAAAUA	0
NM_006219.3:5855-5884	NM_006219.3	NM_006219.3.fasta	5855	5884	+	30	ATTTAGATTATCTTTCATTTATATCCGCAA	UUGCGGAUAUAAAUGAAAGAUAAUCUAAAU	0
NM_006219.3:5856-5885	NM_006219.3	NM_006219.3.fasta	5856	5885	+	30	TTTAGATTATCTTTCATTTATATCCGCAAT	AUUGCGGAUAUAAAUGAAAGAUAAUCUAAA	0
NM_006219.3:5857-5886	NM_006219.3	NM_006219.3.fasta	5857	5886	+	30	TTAGATTATCTTTCATTTATATCCGCAATG	CAUUGCGGAUAUAAAUGAAAGAUAAUCUAA	0
NM_006219.3:5858-5887	NM_006219.3	NM_006219.3.fasta	5858	5887	+	30	TAGATTATCTTTCATTTATATCCGCAATGA	UCAUUGCGGAUAUAAAUGAAAGAUAAUCUA	0
NM_006219.3:5859-5888	NM_006219.3	NM_006219.3.fasta	5859	5888	+	30	AGATTATCTTTCATTTATATCCGCAATGAT	AUCAUUGCGGAUAUAAAUGAAAGAUAAUCU	0
NM_006219.3:5860-5889	NM_006219.3	NM_006219.3.fasta	5860	5889	+	30	GATTATCTTTCATTTATATCCGCAATGATT	AAUCAUUGCGGAUAUAAAUGAAAGAUAAUC	0
NM_006219.3:5861-5890	NM_006219.3	NM_006219.3.fasta	5861	5890	+	30	ATTATCTTTCATTTATATCCGCAATGATTT	AAAUCAUUGCGGAUAUAAAUGAAAGAUAAU	0
NM_006219.3:5862-5891	NM_006219.3	NM_006219.3.fasta	5862	5891	+	30	TTATCTTTCATTTATATCCGCAATGATTTA	UAAAUCAUUGCGGAUAUAAAUGAAAGAUAA	0
NM_006219.3:5863-5892	NM_006219.3	NM_006219.3.fasta	5863	5892	+	30	TATCTTTCATTTATATCCGCAATGATTTAT	AUAAAUCAUUGCGGAUAUAAAUGAAAGAUA	0
NM_006219.3:5864-5893	NM_006219.3	NM_006219.3.fasta	5864	5893	+	30	ATCTTTCATTTATATCCGCAATGATTTATA	UAUAAAUCAUUGCGGAUAUAAAUGAAAGAU	0
NM_006219.3:5865-5894	NM_006219.3	NM_006219.3.fasta	5865	5894	+	30	TCTTTCATTTATATCCGCAATGATTTATAG	CUAUAAAUCAUUGCGGAUAUAAAUGAAAGA	0
NM_006219.3:5866-5895	NM_006219.3	NM_006219.3.fasta	5866	5895	+	30	CTTTCATTTATATCCGCAATGATTTATAGT	ACUAUAAAUCAUUGCGGAUAUAAAUGAAAG	0
NM_006219.3:5867-5896	NM_006219.3	NM_006219.3.fasta	5867	5896	+	30	TTTCATTTATATCCGCAATGATTTATAGTA	UACUAUAAAUCAUUGCGGAUAUAAAUGAAA	0
NM_006219.3:5868-5897	NM_006219.3	NM_006219.3.fasta	5868	5897	+	30	TTCATTTATATCCGCAATGATTTATAGTAT	AUACUAUAAAUCAUUGCGGAUAUAAAUGAA	0
NM_006219.3:5869-5898	NM_006219.3	NM_006219.3.fasta	5869	5898	+	30	TCATTTATATCCGCAATGATTTATAGTATT	AAUACUAUAAAUCAUUGCGGAUAUAAAUGA	0
NM_006219.3:5870-5899	NM_006219.3	NM_006219.3.fasta	5870	5899	+	30	CATTTATATCCGCAATGATTTATAGTATTC	GAAUACUAUAAAUCAUUGCGGAUAUAAAUG	0
NM_006219.3:5871-5900	NM_006219.3	NM_006219.3.fasta	5871	5900	+	30	ATTTATATCCGCAATGATTTATAGTATTCT	AGAAUACUAUAAAUCAUUGCGGAUAUAAAU	0
NM_006219.3:5872-5901	NM_006219.3	NM_006219.3.fasta	5872	5901	+	30	TTTATATCCGCAATGATTTATAGTATTCTG	CAGAAUACUAUAAAUCAUUGCGGAUAUAAA	0
NM_006219.3:5873-5902	NM_006219.3	NM_006219.3.fasta	5873	5902	+	30	TTATATCCGCAATGATTTATAGTATTCTGT	ACAGAAUACUAUAAAUCAUUGCGGAUAUAA	0
NM_006219.3:5874-5903	NM_006219.3	NM_006219.3.fasta	5874	5903	+	30	TATATCCGCAATGATTTATAGTATTCTGTG	CACAGAAUACUAUAAAUCAUUGCGGAUAUA	0
NM_006219.3:5875-5904	NM_006219.3	NM_006219.3.fasta	5875	5904	+	30	ATATCCGCAATGATTTATAGTATTCTGTGT	ACACAGAAUACUAUAAAUCAUUGCGGAUAU	0
NM_006219.3:5876-5905	NM_006219.3	NM_006219.3.fasta	5876	5905	+	30	TATCCGCAATGATTTATAGTATTCTGTGTT	AACACAGAAUACUAUAAAUCAUUGCGGAUA	0
NM_006219.3:5877-5906	NM_006219.3	NM_006219.3.fasta	5877	5906	+	30	ATCCGCAATGATTTATAGTATTCTGTGTTT	AAACACAGAAUACUAUAAAUCAUUGCGGAU	0
NM_006219.3:5878-5907	NM_006219.3	NM_006219.3.fasta	5878	5907	+	30	TCCGCAATGATTTATAGTATTCTGTGTTTA	UAAACACAGAAUACUAUAAAUCAUUGCGGA	0
NM_006219.3:5879-5908	NM_006219.3	NM_006219.3.fasta	5879	5908	+	30	CCGCAATGATTTATAGTATTCTGTGTTTAC	GUAAACACAGAAUACUAUAAAUCAUUGCGG	0
NM_006219.3:5880-5909	NM_006219.3	NM_006219.3.fasta	5880	5909	+	30	CGCAATGATTTATAGTATTCTGTGTTTACA	UGUAAACACAGAAUACUAUAAAUCAUUGCG	0
NM_006219.3:5881-5910	NM_006219.3	NM_006219.3.fasta	5881	5910	+	30	GCAATGATTTATAGTATTCTGTGTTTACAT	AUGUAAACACAGAAUACUAUAAAUCAUUGC	0
NM_006219.3:5882-5911	NM_006219.3	NM_006219.3.fasta	5882	5911	+	30	CAATGATTTATAGTATTCTGTGTTTACATA	UAUGUAAACACAGAAUACUAUAAAUCAUUG	0
NM_006219.3:5883-5912	NM_006219.3	NM_006219.3.fasta	5883	5912	+	30	AATGATTTATAGTATTCTGTGTTTACATAT	AUAUGUAAACACAGAAUACUAUAAAUCAUU	0
NM_006219.3:5884-5913	NM_006219.3	NM_006219.3.fasta	5884	5913	+	30	ATGATTTATAGTATTCTGTGTTTACATATT	AAUAUGUAAACACAGAAUACUAUAAAUCAU	0
NM_006219.3:5885-5914	NM_006219.3	NM_006219.3.fasta	5885	5914	+	30	TGATTTATAGTATTCTGTGTTTACATATTA	UAAUAUGUAAACACAGAAUACUAUAAAUCA	0
NM_006219.3:5886-5915	NM_006219.3	NM_006219.3.fasta	5886	5915	+	30	GATTTATAGTATTCTGTGTTTACATATTAT	AUAAUAUGUAAACACAGAAUACUAUAAAUC	0
NM_006219.3:5887-5916	NM_006219.3	NM_006219.3.fasta	5887	5916	+	30	ATTTATAGTATTCTGTGTTTACATATTATG	CAUAAUAUGUAAACACAGAAUACUAUAAAU	0
NM_006219.3:5888-5917	NM_006219.3	NM_006219.3.fasta	5888	5917	+	30	TTTATAGTATTCTGTGTTTACATATTATGC	GCAUAAUAUGUAAACACAGAAUACUAUAAA	0
NM_006219.3:5889-5918	NM_006219.3	NM_006219.3.fasta	5889	5918	+	30	TTATAGTATTCTGTGTTTACATATTATGCA	UGCAUAAUAUGUAAACACAGAAUACUAUAA	0
NM_006219.3:5890-5919	NM_006219.3	NM_006219.3.fasta	5890	5919	+	30	TATAGTATTCTGTGTTTACATATTATGCAT	AUGCAUAAUAUGUAAACACAGAAUACUAUA	0
NM_006219.3:5891-5920	NM_006219.3	NM_006219.3.fasta	5891	5920	+	30	ATAGTATTCTGTGTTTACATATTATGCATC	GAUGCAUAAUAUGUAAACACAGAAUACUAU	0
NM_006219.3:5892-5921	NM_006219.3	NM_006219.3.fasta	5892	5921	+	30	TAGTATTCTGTGTTTACATATTATGCATCG	CGAUGCAUAAUAUGUAAACACAGAAUACUA	0
NM_006219.3:5893-5922	NM_006219.3	NM_006219.3.fasta	5893	5922	+	30	AGTATTCTGTGTTTACATATTATGCATCGT	ACGAUGCAUAAUAUGUAAACACAGAAUACU	0
NM_006219.3:5894-5923	NM_006219.3	NM_006219.3.fasta	5894	5923	+	30	GTATTCTGTGTTTACATATTATGCATCGTT	AACGAUGCAUAAUAUGUAAACACAGAAUAC	0
NM_006219.3:5895-5924	NM_006219.3	NM_006219.3.fasta	5895	5924	+	30	TATTCTGTGTTTACATATTATGCATCGTTT	AAACGAUGCAUAAUAUGUAAACACAGAAUA	0
NM_006219.3:5896-5925	NM_006219.3	NM_006219.3.fasta	5896	5925	+	30	ATTCTGTGTTTACATATTATGCATCGTTTG	CAAACGAUGCAUAAUAUGUAAACACAGAAU	0
NM_006219.3:5897-5926	NM_006219.3	NM_006219.3.fasta	5897	5926	+	30	TTCTGTGTTTACATATTATGCATCGTTTGT	ACAAACGAUGCAUAAUAUGUAAACACAGAA	0
NM_006219.3:5898-5927	NM_006219.3	NM_006219.3.fasta	5898	5927	+	30	TCTGTGTTTACATATTATGCATCGTTTGTT	AACAAACGAUGCAUAAUAUGUAAACACAGA	0
NM_006219.3:5899-5928	NM_006219.3	NM_006219.3.fasta	5899	5928	+	30	CTGTGTTTACATATTATGCATCGTTTGTTA	UAACAAACGAUGCAUAAUAUGUAAACACAG	0
NM_006219.3:5900-5929	NM_006219.3	NM_006219.3.fasta	5900	5929	+	30	TGTGTTTACATATTATGCATCGTTTGTTAG	CUAACAAACGAUGCAUAAUAUGUAAACACA	0
NM_006219.3:5901-5930	NM_006219.3	NM_006219.3.fasta	5901	5930	+	30	GTGTTTACATATTATGCATCGTTTGTTAGA	UCUAACAAACGAUGCAUAAUAUGUAAACAC	0
NM_006219.3:5902-5931	NM_006219.3	NM_006219.3.fasta	5902	5931	+	30	TGTTTACATATTATGCATCGTTTGTTAGAT	AUCUAACAAACGAUGCAUAAUAUGUAAACA	0
NM_006219.3:5903-5932	NM_006219.3	NM_006219.3.fasta	5903	5932	+	30	GTTTACATATTATGCATCGTTTGTTAGATT	AAUCUAACAAACGAUGCAUAAUAUGUAAAC	0
NM_006219.3:5904-5933	NM_006219.3	NM_006219.3.fasta	5904	5933	+	30	TTTACATATTATGCATCGTTTGTTAGATTC	GAAUCUAACAAACGAUGCAUAAUAUGUAAA	0
NM_006219.3:5905-5934	NM_006219.3	NM_006219.3.fasta	5905	5934	+	30	TTACATATTATGCATCGTTTGTTAGATTCC	GGAAUCUAACAAACGAUGCAUAAUAUGUAA	0
NM_006219.3:5906-5935	NM_006219.3	NM_006219.3.fasta	5906	5935	+	30	TACATATTATGCATCGTTTGTTAGATTCCT	AGGAAUCUAACAAACGAUGCAUAAUAUGUA	0
NM_006219.3:5907-5936	NM_006219.3	NM_006219.3.fasta	5907	5936	+	30	ACATATTATGCATCGTTTGTTAGATTCCTG	CAGGAAUCUAACAAACGAUGCAUAAUAUGU	0
NM_006219.3:5908-5937	NM_006219.3	NM_006219.3.fasta	5908	5937	+	30	CATATTATGCATCGTTTGTTAGATTCCTGG	CCAGGAAUCUAACAAACGAUGCAUAAUAUG	0
NM_006219.3:5909-5938	NM_006219.3	NM_006219.3.fasta	5909	5938	+	30	ATATTATGCATCGTTTGTTAGATTCCTGGG	CCCAGGAAUCUAACAAACGAUGCAUAAUAU	0
NM_006219.3:5910-5939	NM_006219.3	NM_006219.3.fasta	5910	5939	+	30	TATTATGCATCGTTTGTTAGATTCCTGGGT	ACCCAGGAAUCUAACAAACGAUGCAUAAUA	0
NM_006219.3:5911-5940	NM_006219.3	NM_006219.3.fasta	5911	5940	+	30	ATTATGCATCGTTTGTTAGATTCCTGGGTA	UACCCAGGAAUCUAACAAACGAUGCAUAAU	0
NM_006219.3:5912-5941	NM_006219.3	NM_006219.3.fasta	5912	5941	+	30	TTATGCATCGTTTGTTAGATTCCTGGGTAA	UUACCCAGGAAUCUAACAAACGAUGCAUAA	0
NM_006219.3:5913-5942	NM_006219.3	NM_006219.3.fasta	5913	5942	+	30	TATGCATCGTTTGTTAGATTCCTGGGTAAG	CUUACCCAGGAAUCUAACAAACGAUGCAUA	0
NM_006219.3:5914-5943	NM_006219.3	NM_006219.3.fasta	5914	5943	+	30	ATGCATCGTTTGTTAGATTCCTGGGTAAGT	ACUUACCCAGGAAUCUAACAAACGAUGCAU	0
NM_006219.3:5915-5944	NM_006219.3	NM_006219.3.fasta	5915	5944	+	30	TGCATCGTTTGTTAGATTCCTGGGTAAGTG	CACUUACCCAGGAAUCUAACAAACGAUGCA	0
NM_006219.3:5916-5945	NM_006219.3	NM_006219.3.fasta	5916	5945	+	30	GCATCGTTTGTTAGATTCCTGGGTAAGTGA	UCACUUACCCAGGAAUCUAACAAACGAUGC	0
NM_006219.3:5917-5946	NM_006219.3	NM_006219.3.fasta	5917	5946	+	30	CATCGTTTGTTAGATTCCTGGGTAAGTGAC	GUCACUUACCCAGGAAUCUAACAAACGAUG	0
NM_006219.3:5918-5947	NM_006219.3	NM_006219.3.fasta	5918	5947	+	30	ATCGTTTGTTAGATTCCTGGGTAAGTGACT	AGUCACUUACCCAGGAAUCUAACAAACGAU	0
NM_006219.3:5919-5948	NM_006219.3	NM_006219.3.fasta	5919	5948	+	30	TCGTTTGTTAGATTCCTGGGTAAGTGACTT	AAGUCACUUACCCAGGAAUCUAACAAACGA	0
NM_006219.3:5920-5949	NM_006219.3	NM_006219.3.fasta	5920	5949	+	30	CGTTTGTTAGATTCCTGGGTAAGTGACTTT	AAAGUCACUUACCCAGGAAUCUAACAAACG	0
NM_006219.3:5921-5950	NM_006219.3	NM_006219.3.fasta	5921	5950	+	30	GTTTGTTAGATTCCTGGGTAAGTGACTTTA	UAAAGUCACUUACCCAGGAAUCUAACAAAC	0
NM_006219.3:5922-5951	NM_006219.3	NM_006219.3.fasta	5922	5951	+	30	TTTGTTAGATTCCTGGGTAAGTGACTTTAT	AUAAAGUCACUUACCCAGGAAUCUAACAAA	0
NM_006219.3:5923-5952	NM_006219.3	NM_006219.3.fasta	5923	5952	+	30	TTGTTAGATTCCTGGGTAAGTGACTTTATT	AAUAAAGUCACUUACCCAGGAAUCUAACAA	0
NM_006219.3:5924-5953	NM_006219.3	NM_006219.3.fasta	5924	5953	+	30	TGTTAGATTCCTGGGTAAGTGACTTTATTG	CAAUAAAGUCACUUACCCAGGAAUCUAACA	0
NM_006219.3:5925-5954	NM_006219.3	NM_006219.3.fasta	5925	5954	+	30	GTTAGATTCCTGGGTAAGTGACTTTATTGT	ACAAUAAAGUCACUUACCCAGGAAUCUAAC	0
NM_006219.3:5926-5955	NM_006219.3	NM_006219.3.fasta	5926	5955	+	30	TTAGATTCCTGGGTAAGTGACTTTATTGTA	UACAAUAAAGUCACUUACCCAGGAAUCUAA	0
NM_006219.3:5927-5956	NM_006219.3	NM_006219.3.fasta	5927	5956	+	30	TAGATTCCTGGGTAAGTGACTTTATTGTAA	UUACAAUAAAGUCACUUACCCAGGAAUCUA	0
NM_006219.3:5928-5957	NM_006219.3	NM_006219.3.fasta	5928	5957	+	30	AGATTCCTGGGTAAGTGACTTTATTGTAAG	CUUACAAUAAAGUCACUUACCCAGGAAUCU	0
NM_006219.3:5929-5958	NM_006219.3	NM_006219.3.fasta	5929	5958	+	30	GATTCCTGGGTAAGTGACTTTATTGTAAGT	ACUUACAAUAAAGUCACUUACCCAGGAAUC	0
NM_006219.3:5930-5959	NM_006219.3	NM_006219.3.fasta	5930	5959	+	30	ATTCCTGGGTAAGTGACTTTATTGTAAGTT	AACUUACAAUAAAGUCACUUACCCAGGAAU	0
NM_006219.3:5931-5960	NM_006219.3	NM_006219.3.fasta	5931	5960	+	30	TTCCTGGGTAAGTGACTTTATTGTAAGTTT	AAACUUACAAUAAAGUCACUUACCCAGGAA	0
NM_006219.3:5932-5961	NM_006219.3	NM_006219.3.fasta	5932	5961	+	30	TCCTGGGTAAGTGACTTTATTGTAAGTTTC	GAAACUUACAAUAAAGUCACUUACCCAGGA	0
NM_006219.3:5933-5962	NM_006219.3	NM_006219.3.fasta	5933	5962	+	30	CCTGGGTAAGTGACTTTATTGTAAGTTTCA	UGAAACUUACAAUAAAGUCACUUACCCAGG	0
NM_006219.3:5934-5963	NM_006219.3	NM_006219.3.fasta	5934	5963	+	30	CTGGGTAAGTGACTTTATTGTAAGTTTCAT	AUGAAACUUACAAUAAAGUCACUUACCCAG	0
NM_006219.3:5935-5964	NM_006219.3	NM_006219.3.fasta	5935	5964	+	30	TGGGTAAGTGACTTTATTGTAAGTTTCATT	AAUGAAACUUACAAUAAAGUCACUUACCCA	0
NM_006219.3:5936-5965	NM_006219.3	NM_006219.3.fasta	5936	5965	+	30	GGGTAAGTGACTTTATTGTAAGTTTCATTG	CAAUGAAACUUACAAUAAAGUCACUUACCC	0
NM_006219.3:5937-5966	NM_006219.3	NM_006219.3.fasta	5937	5966	+	30	GGTAAGTGACTTTATTGTAAGTTTCATTGT	ACAAUGAAACUUACAAUAAAGUCACUUACC	0
NM_006219.3:5938-5967	NM_006219.3	NM_006219.3.fasta	5938	5967	+	30	GTAAGTGACTTTATTGTAAGTTTCATTGTT	AACAAUGAAACUUACAAUAAAGUCACUUAC	0
NM_006219.3:5939-5968	NM_006219.3	NM_006219.3.fasta	5939	5968	+	30	TAAGTGACTTTATTGTAAGTTTCATTGTTG	CAACAAUGAAACUUACAAUAAAGUCACUUA	0
NM_006219.3:5940-5969	NM_006219.3	NM_006219.3.fasta	5940	5969	+	30	AAGTGACTTTATTGTAAGTTTCATTGTTGT	ACAACAAUGAAACUUACAAUAAAGUCACUU	0
NM_006219.3:5941-5970	NM_006219.3	NM_006219.3.fasta	5941	5970	+	30	AGTGACTTTATTGTAAGTTTCATTGTTGTT	AACAACAAUGAAACUUACAAUAAAGUCACU	0
NM_006219.3:5942-5971	NM_006219.3	NM_006219.3.fasta	5942	5971	+	30	GTGACTTTATTGTAAGTTTCATTGTTGTTA	UAACAACAAUGAAACUUACAAUAAAGUCAC	0
NM_006219.3:5943-5972	NM_006219.3	NM_006219.3.fasta	5943	5972	+	30	TGACTTTATTGTAAGTTTCATTGTTGTTAA	UUAACAACAAUGAAACUUACAAUAAAGUCA	0
NM_006219.3:5944-5973	NM_006219.3	NM_006219.3.fasta	5944	5973	+	30	GACTTTATTGTAAGTTTCATTGTTGTTAAT	AUUAACAACAAUGAAACUUACAAUAAAGUC	0
NM_006219.3:5945-5974	NM_006219.3	NM_006219.3.fasta	5945	5974	+	30	ACTTTATTGTAAGTTTCATTGTTGTTAATC	GAUUAACAACAAUGAAACUUACAAUAAAGU	0
NM_006219.3:5946-5975	NM_006219.3	NM_006219.3.fasta	5946	5975	+	30	CTTTATTGTAAGTTTCATTGTTGTTAATCT	AGAUUAACAACAAUGAAACUUACAAUAAAG	0
NM_006219.3:5947-5976	NM_006219.3	NM_006219.3.fasta	5947	5976	+	30	TTTATTGTAAGTTTCATTGTTGTTAATCTA	UAGAUUAACAACAAUGAAACUUACAAUAAA	0
NM_006219.3:5948-5977	NM_006219.3	NM_006219.3.fasta	5948	5977	+	30	TTATTGTAAGTTTCATTGTTGTTAATCTAT	AUAGAUUAACAACAAUGAAACUUACAAUAA	0
NM_006219.3:5949-5978	NM_006219.3	NM_006219.3.fasta	5949	5978	+	30	TATTGTAAGTTTCATTGTTGTTAATCTATA	UAUAGAUUAACAACAAUGAAACUUACAAUA	0
NM_006219.3:5950-5979	NM_006219.3	NM_006219.3.fasta	5950	5979	+	30	ATTGTAAGTTTCATTGTTGTTAATCTATAG	CUAUAGAUUAACAACAAUGAAACUUACAAU	0
NM_006219.3:5951-5980	NM_006219.3	NM_006219.3.fasta	5951	5980	+	30	TTGTAAGTTTCATTGTTGTTAATCTATAGC	GCUAUAGAUUAACAACAAUGAAACUUACAA	0
NM_006219.3:5952-5981	NM_006219.3	NM_006219.3.fasta	5952	5981	+	30	TGTAAGTTTCATTGTTGTTAATCTATAGCA	UGCUAUAGAUUAACAACAAUGAAACUUACA	0
NM_006219.3:5953-5982	NM_006219.3	NM_006219.3.fasta	5953	5982	+	30	GTAAGTTTCATTGTTGTTAATCTATAGCAA	UUGCUAUAGAUUAACAACAAUGAAACUUAC	0
NM_006219.3:5954-5983	NM_006219.3	NM_006219.3.fasta	5954	5983	+	30	TAAGTTTCATTGTTGTTAATCTATAGCAAT	AUUGCUAUAGAUUAACAACAAUGAAACUUA	0
NM_006219.3:5955-5984	NM_006219.3	NM_006219.3.fasta	5955	5984	+	30	AAGTTTCATTGTTGTTAATCTATAGCAATC	GAUUGCUAUAGAUUAACAACAAUGAAACUU	0
NM_006219.3:5956-5985	NM_006219.3	NM_006219.3.fasta	5956	5985	+	30	AGTTTCATTGTTGTTAATCTATAGCAATCA	UGAUUGCUAUAGAUUAACAACAAUGAAACU	0
NM_006219.3:5957-5986	NM_006219.3	NM_006219.3.fasta	5957	5986	+	30	GTTTCATTGTTGTTAATCTATAGCAATCAT	AUGAUUGCUAUAGAUUAACAACAAUGAAAC	0
NM_006219.3:5958-5987	NM_006219.3	NM_006219.3.fasta	5958	5987	+	30	TTTCATTGTTGTTAATCTATAGCAATCATT	AAUGAUUGCUAUAGAUUAACAACAAUGAAA	0
NM_006219.3:5959-5988	NM_006219.3	NM_006219.3.fasta	5959	5988	+	30	TTCATTGTTGTTAATCTATAGCAATCATTC	GAAUGAUUGCUAUAGAUUAACAACAAUGAA	0
NM_006219.3:5960-5989	NM_006219.3	NM_006219.3.fasta	5960	5989	+	30	TCATTGTTGTTAATCTATAGCAATCATTCT	AGAAUGAUUGCUAUAGAUUAACAACAAUGA	0
NM_006219.3:5961-5990	NM_006219.3	NM_006219.3.fasta	5961	5990	+	30	CATTGTTGTTAATCTATAGCAATCATTCTC	GAGAAUGAUUGCUAUAGAUUAACAACAAUG	0
NM_006219.3:5962-5991	NM_006219.3	NM_006219.3.fasta	5962	5991	+	30	ATTGTTGTTAATCTATAGCAATCATTCTCC	GGAGAAUGAUUGCUAUAGAUUAACAACAAU	0
NM_006219.3:5963-5992	NM_006219.3	NM_006219.3.fasta	5963	5992	+	30	TTGTTGTTAATCTATAGCAATCATTCTCCA	UGGAGAAUGAUUGCUAUAGAUUAACAACAA	0
NM_006219.3:5964-5993	NM_006219.3	NM_006219.3.fasta	5964	5993	+	30	TGTTGTTAATCTATAGCAATCATTCTCCAA	UUGGAGAAUGAUUGCUAUAGAUUAACAACA	0
NM_006219.3:5965-5994	NM_006219.3	NM_006219.3.fasta	5965	5994	+	30	GTTGTTAATCTATAGCAATCATTCTCCAAG	CUUGGAGAAUGAUUGCUAUAGAUUAACAAC	0
NM_006219.3:5966-5995	NM_006219.3	NM_006219.3.fasta	5966	5995	+	30	TTGTTAATCTATAGCAATCATTCTCCAAGT	ACUUGGAGAAUGAUUGCUAUAGAUUAACAA	0
NM_006219.3:5967-5996	NM_006219.3	NM_006219.3.fasta	5967	5996	+	30	TGTTAATCTATAGCAATCATTCTCCAAGTG	CACUUGGAGAAUGAUUGCUAUAGAUUAACA	0
NM_006219.3:5968-5997	NM_006219.3	NM_006219.3.fasta	5968	5997	+	30	GTTAATCTATAGCAATCATTCTCCAAGTGT	ACACUUGGAGAAUGAUUGCUAUAGAUUAAC	0
NM_006219.3:5969-5998	NM_006219.3	NM_006219.3.fasta	5969	5998	+	30	TTAATCTATAGCAATCATTCTCCAAGTGTG	CACACUUGGAGAAUGAUUGCUAUAGAUUAA	0
NM_006219.3:5970-5999	NM_006219.3	NM_006219.3.fasta	5970	5999	+	30	TAATCTATAGCAATCATTCTCCAAGTGTGG	CCACACUUGGAGAAUGAUUGCUAUAGAUUA	0
NM_006219.3:5971-6000	NM_006219.3	NM_006219.3.fasta	5971	6000	+	30	AATCTATAGCAATCATTCTCCAAGTGTGGT	ACCACACUUGGAGAAUGAUUGCUAUAGAUU	0
NM_006219.3:5972-6001	NM_006219.3	NM_006219.3.fasta	5972	6001	+	30	ATCTATAGCAATCATTCTCCAAGTGTGGTC	GACCACACUUGGAGAAUGAUUGCUAUAGAU	0
NM_006219.3:5973-6002	NM_006219.3	NM_006219.3.fasta	5973	6002	+	30	TCTATAGCAATCATTCTCCAAGTGTGGTCC	GGACCACACUUGGAGAAUGAUUGCUAUAGA	0
NM_006219.3:5974-6003	NM_006219.3	NM_006219.3.fasta	5974	6003	+	30	CTATAGCAATCATTCTCCAAGTGTGGTCCC	GGGACCACACUUGGAGAAUGAUUGCUAUAG	0
NM_006219.3:5975-6004	NM_006219.3	NM_006219.3.fasta	5975	6004	+	30	TATAGCAATCATTCTCCAAGTGTGGTCCCC	GGGGACCACACUUGGAGAAUGAUUGCUAUA	0
NM_006219.3:5976-6005	NM_006219.3	NM_006219.3.fasta	5976	6005	+	30	ATAGCAATCATTCTCCAAGTGTGGTCCCCT	AGGGGACCACACUUGGAGAAUGAUUGCUAU	0
NM_006219.3:5977-6006	NM_006219.3	NM_006219.3.fasta	5977	6006	+	30	TAGCAATCATTCTCCAAGTGTGGTCCCCTG	CAGGGGACCACACUUGGAGAAUGAUUGCUA	0
NM_006219.3:5978-6007	NM_006219.3	NM_006219.3.fasta	5978	6007	+	30	AGCAATCATTCTCCAAGTGTGGTCCCCTGA	UCAGGGGACCACACUUGGAGAAUGAUUGCU	0
NM_006219.3:5979-6008	NM_006219.3	NM_006219.3.fasta	5979	6008	+	30	GCAATCATTCTCCAAGTGTGGTCCCCTGAT	AUCAGGGGACCACACUUGGAGAAUGAUUGC	0
NM_006219.3:5980-6009	NM_006219.3	NM_006219.3.fasta	5980	6009	+	30	CAATCATTCTCCAAGTGTGGTCCCCTGATG	CAUCAGGGGACCACACUUGGAGAAUGAUUG	0
NM_006219.3:5981-6010	NM_006219.3	NM_006219.3.fasta	5981	6010	+	30	AATCATTCTCCAAGTGTGGTCCCCTGATGA	UCAUCAGGGGACCACACUUGGAGAAUGAUU	0
NM_006219.3:5982-6011	NM_006219.3	NM_006219.3.fasta	5982	6011	+	30	ATCATTCTCCAAGTGTGGTCCCCTGATGAG	CUCAUCAGGGGACCACACUUGGAGAAUGAU	0
NM_006219.3:5983-6012	NM_006219.3	NM_006219.3.fasta	5983	6012	+	30	TCATTCTCCAAGTGTGGTCCCCTGATGAGG	CCUCAUCAGGGGACCACACUUGGAGAAUGA	0
NM_006219.3:5984-6013	NM_006219.3	NM_006219.3.fasta	5984	6013	+	30	CATTCTCCAAGTGTGGTCCCCTGATGAGGA	UCCUCAUCAGGGGACCACACUUGGAGAAUG	0
NM_006219.3:5985-6014	NM_006219.3	NM_006219.3.fasta	5985	6014	+	30	ATTCTCCAAGTGTGGTCCCCTGATGAGGAG	CUCCUCAUCAGGGGACCACACUUGGAGAAU	0
NM_006219.3:5986-6015	NM_006219.3	NM_006219.3.fasta	5986	6015	+	30	TTCTCCAAGTGTGGTCCCCTGATGAGGAGC	GCUCCUCAUCAGGGGACCACACUUGGAGAA	0
NM_006219.3:5987-6016	NM_006219.3	NM_006219.3.fasta	5987	6016	+	30	TCTCCAAGTGTGGTCCCCTGATGAGGAGCA	UGCUCCUCAUCAGGGGACCACACUUGGAGA	0
NM_006219.3:5988-6017	NM_006219.3	NM_006219.3.fasta	5988	6017	+	30	CTCCAAGTGTGGTCCCCTGATGAGGAGCAT	AUGCUCCUCAUCAGGGGACCACACUUGGAG	0
NM_006219.3:5989-6018	NM_006219.3	NM_006219.3.fasta	5989	6018	+	30	TCCAAGTGTGGTCCCCTGATGAGGAGCATC	GAUGCUCCUCAUCAGGGGACCACACUUGGA	0
NM_006219.3:5990-6019	NM_006219.3	NM_006219.3.fasta	5990	6019	+	30	CCAAGTGTGGTCCCCTGATGAGGAGCATCA	UGAUGCUCCUCAUCAGGGGACCACACUUGG	0
NM_006219.3:5991-6020	NM_006219.3	NM_006219.3.fasta	5991	6020	+	30	CAAGTGTGGTCCCCTGATGAGGAGCATCAG	CUGAUGCUCCUCAUCAGGGGACCACACUUG	0
NM_006219.3:5992-6021	NM_006219.3	NM_006219.3.fasta	5992	6021	+	30	AAGTGTGGTCCCCTGATGAGGAGCATCAGC	GCUGAUGCUCCUCAUCAGGGGACCACACUU	0
NM_006219.3:5993-6022	NM_006219.3	NM_006219.3.fasta	5993	6022	+	30	AGTGTGGTCCCCTGATGAGGAGCATCAGCA	UGCUGAUGCUCCUCAUCAGGGGACCACACU	0
NM_006219.3:5994-6023	NM_006219.3	NM_006219.3.fasta	5994	6023	+	30	GTGTGGTCCCCTGATGAGGAGCATCAGCAT	AUGCUGAUGCUCCUCAUCAGGGGACCACAC	0
NM_006219.3:5995-6024	NM_006219.3	NM_006219.3.fasta	5995	6024	+	30	TGTGGTCCCCTGATGAGGAGCATCAGCATC	GAUGCUGAUGCUCCUCAUCAGGGGACCACA	0
NM_006219.3:5996-6025	NM_006219.3	NM_006219.3.fasta	5996	6025	+	30	GTGGTCCCCTGATGAGGAGCATCAGCATCA	UGAUGCUGAUGCUCCUCAUCAGGGGACCAC	0
NM_006219.3:5997-6026	NM_006219.3	NM_006219.3.fasta	5997	6026	+	30	TGGTCCCCTGATGAGGAGCATCAGCATCAC	GUGAUGCUGAUGCUCCUCAUCAGGGGACCA	0
NM_006219.3:5998-6027	NM_006219.3	NM_006219.3.fasta	5998	6027	+	30	GGTCCCCTGATGAGGAGCATCAGCATCACC	GGUGAUGCUGAUGCUCCUCAUCAGGGGACC	0
NM_006219.3:5999-6028	NM_006219.3	NM_006219.3.fasta	5999	6028	+	30	GTCCCCTGATGAGGAGCATCAGCATCACCA	UGGUGAUGCUGAUGCUCCUCAUCAGGGGAC	0
NM_006219.3:6000-6029	NM_006219.3	NM_006219.3.fasta	6000	6029	+	30	TCCCCTGATGAGGAGCATCAGCATCACCAG	CUGGUGAUGCUGAUGCUCCUCAUCAGGGGA	0
NM_006219.3:6001-6030	NM_006219.3	NM_006219.3.fasta	6001	6030	+	30	CCCCTGATGAGGAGCATCAGCATCACCAGA	UCUGGUGAUGCUGAUGCUCCUCAUCAGGGG	0
NM_006219.3:6002-6031	NM_006219.3	NM_006219.3.fasta	6002	6031	+	30	CCCTGATGAGGAGCATCAGCATCACCAGAG	CUCUGGUGAUGCUGAUGCUCCUCAUCAGGG	0
NM_006219.3:6003-6032	NM_006219.3	NM_006219.3.fasta	6003	6032	+	30	CCTGATGAGGAGCATCAGCATCACCAGAGA	UCUCUGGUGAUGCUGAUGCUCCUCAUCAGG	0
NM_006219.3:6004-6033	NM_006219.3	NM_006219.3.fasta	6004	6033	+	30	CTGATGAGGAGCATCAGCATCACCAGAGAG	CUCUCUGGUGAUGCUGAUGCUCCUCAUCAG	0
NM_006219.3:6005-6034	NM_006219.3	NM_006219.3.fasta	6005	6034	+	30	TGATGAGGAGCATCAGCATCACCAGAGAGA	UCUCUCUGGUGAUGCUGAUGCUCCUCAUCA	0
NM_006219.3:6006-6035	NM_006219.3	NM_006219.3.fasta	6006	6035	+	30	GATGAGGAGCATCAGCATCACCAGAGAGAA	UUCUCUCUGGUGAUGCUGAUGCUCCUCAUC	0
NM_006219.3:6007-6036	NM_006219.3	NM_006219.3.fasta	6007	6036	+	30	ATGAGGAGCATCAGCATCACCAGAGAGAAC	GUUCUCUCUGGUGAUGCUGAUGCUCCUCAU	0
NM_006219.3:6008-6037	NM_006219.3	NM_006219.3.fasta	6008	6037	+	30	TGAGGAGCATCAGCATCACCAGAGAGAACT	AGUUCUCUCUGGUGAUGCUGAUGCUCCUCA	0
NM_006219.3:6009-6038	NM_006219.3	NM_006219.3.fasta	6009	6038	+	30	GAGGAGCATCAGCATCACCAGAGAGAACTG	CAGUUCUCUCUGGUGAUGCUGAUGCUCCUC	0
NM_006219.3:6010-6039	NM_006219.3	NM_006219.3.fasta	6010	6039	+	30	AGGAGCATCAGCATCACCAGAGAGAACTGG	CCAGUUCUCUCUGGUGAUGCUGAUGCUCCU	0
NM_006219.3:6011-6040	NM_006219.3	NM_006219.3.fasta	6011	6040	+	30	GGAGCATCAGCATCACCAGAGAGAACTGGT	ACCAGUUCUCUCUGGUGAUGCUGAUGCUCC	0
NM_006219.3:6012-6041	NM_006219.3	NM_006219.3.fasta	6012	6041	+	30	GAGCATCAGCATCACCAGAGAGAACTGGTT	AACCAGUUCUCUCUGGUGAUGCUGAUGCUC	0
NM_006219.3:6013-6042	NM_006219.3	NM_006219.3.fasta	6013	6042	+	30	AGCATCAGCATCACCAGAGAGAACTGGTTA	UAACCAGUUCUCUCUGGUGAUGCUGAUGCU	0
NM_006219.3:6014-6043	NM_006219.3	NM_006219.3.fasta	6014	6043	+	30	GCATCAGCATCACCAGAGAGAACTGGTTAA	UUAACCAGUUCUCUCUGGUGAUGCUGAUGC	0
NM_006219.3:6015-6044	NM_006219.3	NM_006219.3.fasta	6015	6044	+	30	CATCAGCATCACCAGAGAGAACTGGTTAAA	UUUAACCAGUUCUCUCUGGUGAUGCUGAUG	0
NM_006219.3:6016-6045	NM_006219.3	NM_006219.3.fasta	6016	6045	+	30	ATCAGCATCACCAGAGAGAACTGGTTAAAA	UUUUAACCAGUUCUCUCUGGUGAUGCUGAU	0
NM_006219.3:6017-6046	NM_006219.3	NM_006219.3.fasta	6017	6046	+	30	TCAGCATCACCAGAGAGAACTGGTTAAAAA	UUUUUAACCAGUUCUCUCUGGUGAUGCUGA	0
NM_006219.3:6018-6047	NM_006219.3	NM_006219.3.fasta	6018	6047	+	30	CAGCATCACCAGAGAGAACTGGTTAAAAAT	AUUUUUAACCAGUUCUCUCUGGUGAUGCUG	0
NM_006219.3:6019-6048	NM_006219.3	NM_006219.3.fasta	6019	6048	+	30	AGCATCACCAGAGAGAACTGGTTAAAAATG	CAUUUUUAACCAGUUCUCUCUGGUGAUGCU	0
NM_006219.3:6020-6049	NM_006219.3	NM_006219.3.fasta	6020	6049	+	30	GCATCACCAGAGAGAACTGGTTAAAAATGC	GCAUUUUUAACCAGUUCUCUCUGGUGAUGC	0
NM_006219.3:6021-6050	NM_006219.3	NM_006219.3.fasta	6021	6050	+	30	CATCACCAGAGAGAACTGGTTAAAAATGCA	UGCAUUUUUAACCAGUUCUCUCUGGUGAUG	0
NM_006219.3:6022-6051	NM_006219.3	NM_006219.3.fasta	6022	6051	+	30	ATCACCAGAGAGAACTGGTTAAAAATGCAA	UUGCAUUUUUAACCAGUUCUCUCUGGUGAU	0
NM_006219.3:6023-6052	NM_006219.3	NM_006219.3.fasta	6023	6052	+	30	TCACCAGAGAGAACTGGTTAAAAATGCAAA	UUUGCAUUUUUAACCAGUUCUCUCUGGUGA	0
NM_006219.3:6024-6053	NM_006219.3	NM_006219.3.fasta	6024	6053	+	30	CACCAGAGAGAACTGGTTAAAAATGCAAAT	AUUUGCAUUUUUAACCAGUUCUCUCUGGUG	0
NM_006219.3:6025-6054	NM_006219.3	NM_006219.3.fasta	6025	6054	+	30	ACCAGAGAGAACTGGTTAAAAATGCAAATT	AAUUUGCAUUUUUAACCAGUUCUCUCUGGU	0
NM_006219.3:6026-6055	NM_006219.3	NM_006219.3.fasta	6026	6055	+	30	CCAGAGAGAACTGGTTAAAAATGCAAATTC	GAAUUUGCAUUUUUAACCAGUUCUCUCUGG	0
NM_006219.3:6027-6056	NM_006219.3	NM_006219.3.fasta	6027	6056	+	30	CAGAGAGAACTGGTTAAAAATGCAAATTCT	AGAAUUUGCAUUUUUAACCAGUUCUCUCUG	0
NM_006219.3:6028-6057	NM_006219.3	NM_006219.3.fasta	6028	6057	+	30	AGAGAGAACTGGTTAAAAATGCAAATTCTT	AAGAAUUUGCAUUUUUAACCAGUUCUCUCU	0
NM_006219.3:6029-6058	NM_006219.3	NM_006219.3.fasta	6029	6058	+	30	GAGAGAACTGGTTAAAAATGCAAATTCTTA	UAAGAAUUUGCAUUUUUAACCAGUUCUCUC	0
NM_006219.3:6030-6059	NM_006219.3	NM_006219.3.fasta	6030	6059	+	30	AGAGAACTGGTTAAAAATGCAAATTCTTAA	UUAAGAAUUUGCAUUUUUAACCAGUUCUCU	0
NM_006219.3:6031-6060	NM_006219.3	NM_006219.3.fasta	6031	6060	+	30	GAGAACTGGTTAAAAATGCAAATTCTTAAT	AUUAAGAAUUUGCAUUUUUAACCAGUUCUC	0
NM_006219.3:6032-6061	NM_006219.3	NM_006219.3.fasta	6032	6061	+	30	AGAACTGGTTAAAAATGCAAATTCTTAATT	AAUUAAGAAUUUGCAUUUUUAACCAGUUCU	0
NM_006219.3:6033-6062	NM_006219.3	NM_006219.3.fasta	6033	6062	+	30	GAACTGGTTAAAAATGCAAATTCTTAATTT	AAAUUAAGAAUUUGCAUUUUUAACCAGUUC	0
NM_006219.3:6034-6063	NM_006219.3	NM_006219.3.fasta	6034	6063	+	30	AACTGGTTAAAAATGCAAATTCTTAATTTT	AAAAUUAAGAAUUUGCAUUUUUAACCAGUU	0
NM_006219.3:6035-6064	NM_006219.3	NM_006219.3.fasta	6035	6064	+	30	ACTGGTTAAAAATGCAAATTCTTAATTTTT	AAAAAUUAAGAAUUUGCAUUUUUAACCAGU	0
NM_006219.3:6036-6065	NM_006219.3	NM_006219.3.fasta	6036	6065	+	30	CTGGTTAAAAATGCAAATTCTTAATTTTTA	UAAAAAUUAAGAAUUUGCAUUUUUAACCAG	0
NM_006219.3:6037-6066	NM_006219.3	NM_006219.3.fasta	6037	6066	+	30	TGGTTAAAAATGCAAATTCTTAATTTTTAA	UUAAAAAUUAAGAAUUUGCAUUUUUAACCA	0
NM_006219.3:6038-6067	NM_006219.3	NM_006219.3.fasta	6038	6067	+	30	GGTTAAAAATGCAAATTCTTAATTTTTAAT	AUUAAAAAUUAAGAAUUUGCAUUUUUAACC	0
NM_006219.3:6039-6068	NM_006219.3	NM_006219.3.fasta	6039	6068	+	30	GTTAAAAATGCAAATTCTTAATTTTTAATT	AAUUAAAAAUUAAGAAUUUGCAUUUUUAAC	0
NM_006219.3:6040-6069	NM_006219.3	NM_006219.3.fasta	6040	6069	+	30	TTAAAAATGCAAATTCTTAATTTTTAATTT	AAAUUAAAAAUUAAGAAUUUGCAUUUUUAA	0
NM_006219.3:6041-6070	NM_006219.3	NM_006219.3.fasta	6041	6070	+	30	TAAAAATGCAAATTCTTAATTTTTAATTTT	AAAAUUAAAAAUUAAGAAUUUGCAUUUUUA	0
NM_006219.3:6042-6071	NM_006219.3	NM_006219.3.fasta	6042	6071	+	30	AAAAATGCAAATTCTTAATTTTTAATTTTT	AAAAAUUAAAAAUUAAGAAUUUGCAUUUUU	0
NM_006219.3:6043-6072	NM_006219.3	NM_006219.3.fasta	6043	6072	+	30	AAAATGCAAATTCTTAATTTTTAATTTTTG	CAAAAAUUAAAAAUUAAGAAUUUGCAUUUU	0
NM_006219.3:6044-6073	NM_006219.3	NM_006219.3.fasta	6044	6073	+	30	AAATGCAAATTCTTAATTTTTAATTTTTGT	ACAAAAAUUAAAAAUUAAGAAUUUGCAUUU	0
NM_006219.3:6045-6074	NM_006219.3	NM_006219.3.fasta	6045	6074	+	30	AATGCAAATTCTTAATTTTTAATTTTTGTG	CACAAAAAUUAAAAAUUAAGAAUUUGCAUU	0
NM_006219.3:6046-6075	NM_006219.3	NM_006219.3.fasta	6046	6075	+	30	ATGCAAATTCTTAATTTTTAATTTTTGTGA	UCACAAAAAUUAAAAAUUAAGAAUUUGCAU	0
NM_006219.3:6047-6076	NM_006219.3	NM_006219.3.fasta	6047	6076	+	30	TGCAAATTCTTAATTTTTAATTTTTGTGAG	CUCACAAAAAUUAAAAAUUAAGAAUUUGCA	0
NM_006219.3:6048-6077	NM_006219.3	NM_006219.3.fasta	6048	6077	+	30	GCAAATTCTTAATTTTTAATTTTTGTGAGT	ACUCACAAAAAUUAAAAAUUAAGAAUUUGC	0
NM_006219.3:6049-6078	NM_006219.3	NM_006219.3.fasta	6049	6078	+	30	CAAATTCTTAATTTTTAATTTTTGTGAGTA	UACUCACAAAAAUUAAAAAUUAAGAAUUUG	0
NM_006219.3:6050-6079	NM_006219.3	NM_006219.3.fasta	6050	6079	+	30	AAATTCTTAATTTTTAATTTTTGTGAGTAC	GUACUCACAAAAAUUAAAAAUUAAGAAUUU	0
NM_006219.3:6051-6080	NM_006219.3	NM_006219.3.fasta	6051	6080	+	30	AATTCTTAATTTTTAATTTTTGTGAGTACA	UGUACUCACAAAAAUUAAAAAUUAAGAAUU	0
NM_006219.3:6052-6081	NM_006219.3	NM_006219.3.fasta	6052	6081	+	30	ATTCTTAATTTTTAATTTTTGTGAGTACAT	AUGUACUCACAAAAAUUAAAAAUUAAGAAU	0
NM_006219.3:6053-6082	NM_006219.3	NM_006219.3.fasta	6053	6082	+	30	TTCTTAATTTTTAATTTTTGTGAGTACATA	UAUGUACUCACAAAAAUUAAAAAUUAAGAA	0
NM_006219.3:6054-6083	NM_006219.3	NM_006219.3.fasta	6054	6083	+	30	TCTTAATTTTTAATTTTTGTGAGTACATAG	CUAUGUACUCACAAAAAUUAAAAAUUAAGA	0
NM_006219.3:6055-6084	NM_006219.3	NM_006219.3.fasta	6055	6084	+	30	CTTAATTTTTAATTTTTGTGAGTACATAGT	ACUAUGUACUCACAAAAAUUAAAAAUUAAG	0
NM_006219.3:6056-6085	NM_006219.3	NM_006219.3.fasta	6056	6085	+	30	TTAATTTTTAATTTTTGTGAGTACATAGTA	UACUAUGUACUCACAAAAAUUAAAAAUUAA	0
NM_006219.3:6057-6086	NM_006219.3	NM_006219.3.fasta	6057	6086	+	30	TAATTTTTAATTTTTGTGAGTACATAGTAG	CUACUAUGUACUCACAAAAAUUAAAAAUUA	0
NM_006219.3:6058-6087	NM_006219.3	NM_006219.3.fasta	6058	6087	+	30	AATTTTTAATTTTTGTGAGTACATAGTAGA	UCUACUAUGUACUCACAAAAAUUAAAAAUU	0
NM_006219.3:6059-6088	NM_006219.3	NM_006219.3.fasta	6059	6088	+	30	ATTTTTAATTTTTGTGAGTACATAGTAGAT	AUCUACUAUGUACUCACAAAAAUUAAAAAU	0
NM_006219.3:6060-6089	NM_006219.3	NM_006219.3.fasta	6060	6089	+	30	TTTTTAATTTTTGTGAGTACATAGTAGATA	UAUCUACUAUGUACUCACAAAAAUUAAAAA	0
NM_006219.3:6061-6090	NM_006219.3	NM_006219.3.fasta	6061	6090	+	30	TTTTAATTTTTGTGAGTACATAGTAGATAT	AUAUCUACUAUGUACUCACAAAAAUUAAAA	0
NM_006219.3:6062-6091	NM_006219.3	NM_006219.3.fasta	6062	6091	+	30	TTTAATTTTTGTGAGTACATAGTAGATATA	UAUAUCUACUAUGUACUCACAAAAAUUAAA	0
NM_006219.3:6063-6092	NM_006219.3	NM_006219.3.fasta	6063	6092	+	30	TTAATTTTTGTGAGTACATAGTAGATATAT	AUAUAUCUACUAUGUACUCACAAAAAUUAA	0
NM_006219.3:6064-6093	NM_006219.3	NM_006219.3.fasta	6064	6093	+	30	TAATTTTTGTGAGTACATAGTAGATATATA	UAUAUAUCUACUAUGUACUCACAAAAAUUA	0
NM_006219.3:6065-6094	NM_006219.3	NM_006219.3.fasta	6065	6094	+	30	AATTTTTGTGAGTACATAGTAGATATATAT	AUAUAUAUCUACUAUGUACUCACAAAAAUU	0
NM_006219.3:6066-6095	NM_006219.3	NM_006219.3.fasta	6066	6095	+	30	ATTTTTGTGAGTACATAGTAGATATATATA	UAUAUAUAUCUACUAUGUACUCACAAAAAU	0
NM_006219.3:6067-6096	NM_006219.3	NM_006219.3.fasta	6067	6096	+	30	TTTTTGTGAGTACATAGTAGATATATATAT	AUAUAUAUAUCUACUAUGUACUCACAAAAA	0
NM_006219.3:6068-6097	NM_006219.3	NM_006219.3.fasta	6068	6097	+	30	TTTTGTGAGTACATAGTAGATATATATATG	CAUAUAUAUAUCUACUAUGUACUCACAAAA	0
NM_006219.3:6069-6098	NM_006219.3	NM_006219.3.fasta	6069	6098	+	30	TTTGTGAGTACATAGTAGATATATATATGG	CCAUAUAUAUAUCUACUAUGUACUCACAAA	0
NM_006219.3:6070-6099	NM_006219.3	NM_006219.3.fasta	6070	6099	+	30	TTGTGAGTACATAGTAGATATATATATGGG	CCCAUAUAUAUAUCUACUAUGUACUCACAA	0
NM_006219.3:6071-6100	NM_006219.3	NM_006219.3.fasta	6071	6100	+	30	TGTGAGTACATAGTAGATATATATATGGGG	CCCCAUAUAUAUAUCUACUAUGUACUCACA	0
NM_006219.3:6072-6101	NM_006219.3	NM_006219.3.fasta	6072	6101	+	30	GTGAGTACATAGTAGATATATATATGGGGT	ACCCCAUAUAUAUAUCUACUAUGUACUCAC	0
NM_006219.3:6073-6102	NM_006219.3	NM_006219.3.fasta	6073	6102	+	30	TGAGTACATAGTAGATATATATATGGGGTA	UACCCCAUAUAUAUAUCUACUAUGUACUCA	0
NM_006219.3:6074-6103	NM_006219.3	NM_006219.3.fasta	6074	6103	+	30	GAGTACATAGTAGATATATATATGGGGTAC	GUACCCCAUAUAUAUAUCUACUAUGUACUC	0
NM_006219.3:6075-6104	NM_006219.3	NM_006219.3.fasta	6075	6104	+	30	AGTACATAGTAGATATATATATGGGGTACA	UGUACCCCAUAUAUAUAUCUACUAUGUACU	0
NM_006219.3:6076-6105	NM_006219.3	NM_006219.3.fasta	6076	6105	+	30	GTACATAGTAGATATATATATGGGGTACAT	AUGUACCCCAUAUAUAUAUCUACUAUGUAC	0
NM_006219.3:6077-6106	NM_006219.3	NM_006219.3.fasta	6077	6106	+	30	TACATAGTAGATATATATATGGGGTACATG	CAUGUACCCCAUAUAUAUAUCUACUAUGUA	0
NM_006219.3:6078-6107	NM_006219.3	NM_006219.3.fasta	6078	6107	+	30	ACATAGTAGATATATATATGGGGTACATGG	CCAUGUACCCCAUAUAUAUAUCUACUAUGU	0
NM_006219.3:6079-6108	NM_006219.3	NM_006219.3.fasta	6079	6108	+	30	CATAGTAGATATATATATGGGGTACATGGA	UCCAUGUACCCCAUAUAUAUAUCUACUAUG	0
NM_006219.3:6080-6109	NM_006219.3	NM_006219.3.fasta	6080	6109	+	30	ATAGTAGATATATATATGGGGTACATGGAA	UUCCAUGUACCCCAUAUAUAUAUCUACUAU	0
NM_006219.3:6081-6110	NM_006219.3	NM_006219.3.fasta	6081	6110	+	30	TAGTAGATATATATATGGGGTACATGGAAT	AUUCCAUGUACCCCAUAUAUAUAUCUACUA	0
NM_006219.3:6082-6111	NM_006219.3	NM_006219.3.fasta	6082	6111	+	30	AGTAGATATATATATGGGGTACATGGAATA	UAUUCCAUGUACCCCAUAUAUAUAUCUACU	0
NM_006219.3:6083-6112	NM_006219.3	NM_006219.3.fasta	6083	6112	+	30	GTAGATATATATATGGGGTACATGGAATAT	AUAUUCCAUGUACCCCAUAUAUAUAUCUAC	0
NM_006219.3:6084-6113	NM_006219.3	NM_006219.3.fasta	6084	6113	+	30	TAGATATATATATGGGGTACATGGAATATT	AAUAUUCCAUGUACCCCAUAUAUAUAUCUA	0
NM_006219.3:6085-6114	NM_006219.3	NM_006219.3.fasta	6085	6114	+	30	AGATATATATATGGGGTACATGGAATATTT	AAAUAUUCCAUGUACCCCAUAUAUAUAUCU	0
NM_006219.3:6086-6115	NM_006219.3	NM_006219.3.fasta	6086	6115	+	30	GATATATATATGGGGTACATGGAATATTTT	AAAAUAUUCCAUGUACCCCAUAUAUAUAUC	0
NM_006219.3:6087-6116	NM_006219.3	NM_006219.3.fasta	6087	6116	+	30	ATATATATATGGGGTACATGGAATATTTTG	CAAAAUAUUCCAUGUACCCCAUAUAUAUAU	0
NM_006219.3:6088-6117	NM_006219.3	NM_006219.3.fasta	6088	6117	+	30	TATATATATGGGGTACATGGAATATTTTGA	UCAAAAUAUUCCAUGUACCCCAUAUAUAUA	0
NM_006219.3:6089-6118	NM_006219.3	NM_006219.3.fasta	6089	6118	+	30	ATATATATGGGGTACATGGAATATTTTGAT	AUCAAAAUAUUCCAUGUACCCCAUAUAUAU	0
NM_006219.3:6090-6119	NM_006219.3	NM_006219.3.fasta	6090	6119	+	30	TATATATGGGGTACATGGAATATTTTGATA	UAUCAAAAUAUUCCAUGUACCCCAUAUAUA	0
NM_006219.3:6091-6120	NM_006219.3	NM_006219.3.fasta	6091	6120	+	30	ATATATGGGGTACATGGAATATTTTGATAC	GUAUCAAAAUAUUCCAUGUACCCCAUAUAU	0
NM_006219.3:6092-6121	NM_006219.3	NM_006219.3.fasta	6092	6121	+	30	TATATGGGGTACATGGAATATTTTGATACA	UGUAUCAAAAUAUUCCAUGUACCCCAUAUA	0
NM_006219.3:6093-6122	NM_006219.3	NM_006219.3.fasta	6093	6122	+	30	ATATGGGGTACATGGAATATTTTGATACAG	CUGUAUCAAAAUAUUCCAUGUACCCCAUAU	0
NM_006219.3:6094-6123	NM_006219.3	NM_006219.3.fasta	6094	6123	+	30	TATGGGGTACATGGAATATTTTGATACAGG	CCUGUAUCAAAAUAUUCCAUGUACCCCAUA	0
NM_006219.3:6095-6124	NM_006219.3	NM_006219.3.fasta	6095	6124	+	30	ATGGGGTACATGGAATATTTTGATACAGGC	GCCUGUAUCAAAAUAUUCCAUGUACCCCAU	0
NM_006219.3:6096-6125	NM_006219.3	NM_006219.3.fasta	6096	6125	+	30	TGGGGTACATGGAATATTTTGATACAGGCA	UGCCUGUAUCAAAAUAUUCCAUGUACCCCA	0
NM_006219.3:6097-6126	NM_006219.3	NM_006219.3.fasta	6097	6126	+	30	GGGGTACATGGAATATTTTGATACAGGCAT	AUGCCUGUAUCAAAAUAUUCCAUGUACCCC	0
NM_006219.3:6098-6127	NM_006219.3	NM_006219.3.fasta	6098	6127	+	30	GGGTACATGGAATATTTTGATACAGGCATA	UAUGCCUGUAUCAAAAUAUUCCAUGUACCC	0
NM_006219.3:6099-6128	NM_006219.3	NM_006219.3.fasta	6099	6128	+	30	GGTACATGGAATATTTTGATACAGGCATAT	AUAUGCCUGUAUCAAAAUAUUCCAUGUACC	0
NM_006219.3:6100-6129	NM_006219.3	NM_006219.3.fasta	6100	6129	+	30	GTACATGGAATATTTTGATACAGGCATATA	UAUAUGCCUGUAUCAAAAUAUUCCAUGUAC	0
NM_006219.3:6101-6130	NM_006219.3	NM_006219.3.fasta	6101	6130	+	30	TACATGGAATATTTTGATACAGGCATATAA	UUAUAUGCCUGUAUCAAAAUAUUCCAUGUA	0
NM_006219.3:6102-6131	NM_006219.3	NM_006219.3.fasta	6102	6131	+	30	ACATGGAATATTTTGATACAGGCATATAAC	GUUAUAUGCCUGUAUCAAAAUAUUCCAUGU	0
NM_006219.3:6103-6132	NM_006219.3	NM_006219.3.fasta	6103	6132	+	30	CATGGAATATTTTGATACAGGCATATAACA	UGUUAUAUGCCUGUAUCAAAAUAUUCCAUG	0
NM_006219.3:6104-6133	NM_006219.3	NM_006219.3.fasta	6104	6133	+	30	ATGGAATATTTTGATACAGGCATATAACAT	AUGUUAUAUGCCUGUAUCAAAAUAUUCCAU	0
NM_006219.3:6105-6134	NM_006219.3	NM_006219.3.fasta	6105	6134	+	30	TGGAATATTTTGATACAGGCATATAACATG	CAUGUUAUAUGCCUGUAUCAAAAUAUUCCA	0
NM_006219.3:6106-6135	NM_006219.3	NM_006219.3.fasta	6106	6135	+	30	GGAATATTTTGATACAGGCATATAACATGT	ACAUGUUAUAUGCCUGUAUCAAAAUAUUCC	0
NM_006219.3:6107-6136	NM_006219.3	NM_006219.3.fasta	6107	6136	+	30	GAATATTTTGATACAGGCATATAACATGTA	UACAUGUUAUAUGCCUGUAUCAAAAUAUUC	0
NM_006219.3:6108-6137	NM_006219.3	NM_006219.3.fasta	6108	6137	+	30	AATATTTTGATACAGGCATATAACATGTAA	UUACAUGUUAUAUGCCUGUAUCAAAAUAUU	0
NM_006219.3:6109-6138	NM_006219.3	NM_006219.3.fasta	6109	6138	+	30	ATATTTTGATACAGGCATATAACATGTAAT	AUUACAUGUUAUAUGCCUGUAUCAAAAUAU	0
NM_006219.3:6110-6139	NM_006219.3	NM_006219.3.fasta	6110	6139	+	30	TATTTTGATACAGGCATATAACATGTAATT	AAUUACAUGUUAUAUGCCUGUAUCAAAAUA	0
NM_006219.3:6111-6140	NM_006219.3	NM_006219.3.fasta	6111	6140	+	30	ATTTTGATACAGGCATATAACATGTAATTA	UAAUUACAUGUUAUAUGCCUGUAUCAAAAU	0
NM_006219.3:6112-6141	NM_006219.3	NM_006219.3.fasta	6112	6141	+	30	TTTTGATACAGGCATATAACATGTAATTAT	AUAAUUACAUGUUAUAUGCCUGUAUCAAAA	0
NM_006219.3:6113-6142	NM_006219.3	NM_006219.3.fasta	6113	6142	+	30	TTTGATACAGGCATATAACATGTAATTATC	GAUAAUUACAUGUUAUAUGCCUGUAUCAAA	0
NM_006219.3:6114-6143	NM_006219.3	NM_006219.3.fasta	6114	6143	+	30	TTGATACAGGCATATAACATGTAATTATCG	CGAUAAUUACAUGUUAUAUGCCUGUAUCAA	0
NM_006219.3:6115-6144	NM_006219.3	NM_006219.3.fasta	6115	6144	+	30	TGATACAGGCATATAACATGTAATTATCGC	GCGAUAAUUACAUGUUAUAUGCCUGUAUCA	0
NM_006219.3:6116-6145	NM_006219.3	NM_006219.3.fasta	6116	6145	+	30	GATACAGGCATATAACATGTAATTATCGCA	UGCGAUAAUUACAUGUUAUAUGCCUGUAUC	0
NM_006219.3:6117-6146	NM_006219.3	NM_006219.3.fasta	6117	6146	+	30	ATACAGGCATATAACATGTAATTATCGCAT	AUGCGAUAAUUACAUGUUAUAUGCCUGUAU	0
NM_006219.3:6118-6147	NM_006219.3	NM_006219.3.fasta	6118	6147	+	30	TACAGGCATATAACATGTAATTATCGCATC	GAUGCGAUAAUUACAUGUUAUAUGCCUGUA	0
NM_006219.3:6119-6148	NM_006219.3	NM_006219.3.fasta	6119	6148	+	30	ACAGGCATATAACATGTAATTATCGCATCA	UGAUGCGAUAAUUACAUGUUAUAUGCCUGU	0
NM_006219.3:6120-6149	NM_006219.3	NM_006219.3.fasta	6120	6149	+	30	CAGGCATATAACATGTAATTATCGCATCAG	CUGAUGCGAUAAUUACAUGUUAUAUGCCUG	0
NM_006219.3:6121-6150	NM_006219.3	NM_006219.3.fasta	6121	6150	+	30	AGGCATATAACATGTAATTATCGCATCAGG	CCUGAUGCGAUAAUUACAUGUUAUAUGCCU	0
NM_006219.3:6122-6151	NM_006219.3	NM_006219.3.fasta	6122	6151	+	30	GGCATATAACATGTAATTATCGCATCAGGG	CCCUGAUGCGAUAAUUACAUGUUAUAUGCC	0
NM_006219.3:6123-6152	NM_006219.3	NM_006219.3.fasta	6123	6152	+	30	GCATATAACATGTAATTATCGCATCAGGGT	ACCCUGAUGCGAUAAUUACAUGUUAUAUGC	0
NM_006219.3:6124-6153	NM_006219.3	NM_006219.3.fasta	6124	6153	+	30	CATATAACATGTAATTATCGCATCAGGGTA	UACCCUGAUGCGAUAAUUACAUGUUAUAUG	0
NM_006219.3:6125-6154	NM_006219.3	NM_006219.3.fasta	6125	6154	+	30	ATATAACATGTAATTATCGCATCAGGGTAA	UUACCCUGAUGCGAUAAUUACAUGUUAUAU	0
NM_006219.3:6126-6155	NM_006219.3	NM_006219.3.fasta	6126	6155	+	30	TATAACATGTAATTATCGCATCAGGGTAAT	AUUACCCUGAUGCGAUAAUUACAUGUUAUA	0
NM_006219.3:6127-6156	NM_006219.3	NM_006219.3.fasta	6127	6156	+	30	ATAACATGTAATTATCGCATCAGGGTAATT	AAUUACCCUGAUGCGAUAAUUACAUGUUAU	0
NM_006219.3:6128-6157	NM_006219.3	NM_006219.3.fasta	6128	6157	+	30	TAACATGTAATTATCGCATCAGGGTAATTG	CAAUUACCCUGAUGCGAUAAUUACAUGUUA	0
NM_006219.3:6129-6158	NM_006219.3	NM_006219.3.fasta	6129	6158	+	30	AACATGTAATTATCGCATCAGGGTAATTGG	CCAAUUACCCUGAUGCGAUAAUUACAUGUU	0
NM_006219.3:6130-6159	NM_006219.3	NM_006219.3.fasta	6130	6159	+	30	ACATGTAATTATCGCATCAGGGTAATTGGG	CCCAAUUACCCUGAUGCGAUAAUUACAUGU	0
NM_006219.3:6131-6160	NM_006219.3	NM_006219.3.fasta	6131	6160	+	30	CATGTAATTATCGCATCAGGGTAATTGGGG	CCCCAAUUACCCUGAUGCGAUAAUUACAUG	0
NM_006219.3:6132-6161	NM_006219.3	NM_006219.3.fasta	6132	6161	+	30	ATGTAATTATCGCATCAGGGTAATTGGGGT	ACCCCAAUUACCCUGAUGCGAUAAUUACAU	0
NM_006219.3:6133-6162	NM_006219.3	NM_006219.3.fasta	6133	6162	+	30	TGTAATTATCGCATCAGGGTAATTGGGGTA	UACCCCAAUUACCCUGAUGCGAUAAUUACA	0
NM_006219.3:6134-6163	NM_006219.3	NM_006219.3.fasta	6134	6163	+	30	GTAATTATCGCATCAGGGTAATTGGGGTAT	AUACCCCAAUUACCCUGAUGCGAUAAUUAC	0
NM_006219.3:6135-6164	NM_006219.3	NM_006219.3.fasta	6135	6164	+	30	TAATTATCGCATCAGGGTAATTGGGGTATC	GAUACCCCAAUUACCCUGAUGCGAUAAUUA	0
NM_006219.3:6136-6165	NM_006219.3	NM_006219.3.fasta	6136	6165	+	30	AATTATCGCATCAGGGTAATTGGGGTATCC	GGAUACCCCAAUUACCCUGAUGCGAUAAUU	0
NM_006219.3:6137-6166	NM_006219.3	NM_006219.3.fasta	6137	6166	+	30	ATTATCGCATCAGGGTAATTGGGGTATCCA	UGGAUACCCCAAUUACCCUGAUGCGAUAAU	0
NM_006219.3:6138-6167	NM_006219.3	NM_006219.3.fasta	6138	6167	+	30	TTATCGCATCAGGGTAATTGGGGTATCCAT	AUGGAUACCCCAAUUACCCUGAUGCGAUAA	0
NM_006219.3:6139-6168	NM_006219.3	NM_006219.3.fasta	6139	6168	+	30	TATCGCATCAGGGTAATTGGGGTATCCATT	AAUGGAUACCCCAAUUACCCUGAUGCGAUA	0
NM_006219.3:6140-6169	NM_006219.3	NM_006219.3.fasta	6140	6169	+	30	ATCGCATCAGGGTAATTGGGGTATCCATTA	UAAUGGAUACCCCAAUUACCCUGAUGCGAU	0
NM_006219.3:6141-6170	NM_006219.3	NM_006219.3.fasta	6141	6170	+	30	TCGCATCAGGGTAATTGGGGTATCCATTAC	GUAAUGGAUACCCCAAUUACCCUGAUGCGA	0
NM_006219.3:6142-6171	NM_006219.3	NM_006219.3.fasta	6142	6171	+	30	CGCATCAGGGTAATTGGGGTATCCATTACC	GGUAAUGGAUACCCCAAUUACCCUGAUGCG	0
NM_006219.3:6143-6172	NM_006219.3	NM_006219.3.fasta	6143	6172	+	30	GCATCAGGGTAATTGGGGTATCCATTACCT	AGGUAAUGGAUACCCCAAUUACCCUGAUGC	0
NM_006219.3:6144-6173	NM_006219.3	NM_006219.3.fasta	6144	6173	+	30	CATCAGGGTAATTGGGGTATCCATTACCTC	GAGGUAAUGGAUACCCCAAUUACCCUGAUG	0
NM_006219.3:6145-6174	NM_006219.3	NM_006219.3.fasta	6145	6174	+	30	ATCAGGGTAATTGGGGTATCCATTACCTCA	UGAGGUAAUGGAUACCCCAAUUACCCUGAU	0
NM_006219.3:6146-6175	NM_006219.3	NM_006219.3.fasta	6146	6175	+	30	TCAGGGTAATTGGGGTATCCATTACCTCAA	UUGAGGUAAUGGAUACCCCAAUUACCCUGA	0
NM_006219.3:6147-6176	NM_006219.3	NM_006219.3.fasta	6147	6176	+	30	CAGGGTAATTGGGGTATCCATTACCTCAAG	CUUGAGGUAAUGGAUACCCCAAUUACCCUG	0
NM_006219.3:6148-6177	NM_006219.3	NM_006219.3.fasta	6148	6177	+	30	AGGGTAATTGGGGTATCCATTACCTCAAGC	GCUUGAGGUAAUGGAUACCCCAAUUACCCU	0
NM_006219.3:6149-6178	NM_006219.3	NM_006219.3.fasta	6149	6178	+	30	GGGTAATTGGGGTATCCATTACCTCAAGCA	UGCUUGAGGUAAUGGAUACCCCAAUUACCC	0
NM_006219.3:6150-6179	NM_006219.3	NM_006219.3.fasta	6150	6179	+	30	GGTAATTGGGGTATCCATTACCTCAAGCAT	AUGCUUGAGGUAAUGGAUACCCCAAUUACC	0
NM_006219.3:6151-6180	NM_006219.3	NM_006219.3.fasta	6151	6180	+	30	GTAATTGGGGTATCCATTACCTCAAGCATT	AAUGCUUGAGGUAAUGGAUACCCCAAUUAC	0
NM_006219.3:6152-6181	NM_006219.3	NM_006219.3.fasta	6152	6181	+	30	TAATTGGGGTATCCATTACCTCAAGCATTT	AAAUGCUUGAGGUAAUGGAUACCCCAAUUA	0
NM_006219.3:6153-6182	NM_006219.3	NM_006219.3.fasta	6153	6182	+	30	AATTGGGGTATCCATTACCTCAAGCATTTA	UAAAUGCUUGAGGUAAUGGAUACCCCAAUU	0
NM_006219.3:6154-6183	NM_006219.3	NM_006219.3.fasta	6154	6183	+	30	ATTGGGGTATCCATTACCTCAAGCATTTAT	AUAAAUGCUUGAGGUAAUGGAUACCCCAAU	0
NM_006219.3:6155-6184	NM_006219.3	NM_006219.3.fasta	6155	6184	+	30	TTGGGGTATCCATTACCTCAAGCATTTATC	GAUAAAUGCUUGAGGUAAUGGAUACCCCAA	0
NM_006219.3:6156-6185	NM_006219.3	NM_006219.3.fasta	6156	6185	+	30	TGGGGTATCCATTACCTCAAGCATTTATCC	GGAUAAAUGCUUGAGGUAAUGGAUACCCCA	0
NM_006219.3:6157-6186	NM_006219.3	NM_006219.3.fasta	6157	6186	+	30	GGGGTATCCATTACCTCAAGCATTTATCCT	AGGAUAAAUGCUUGAGGUAAUGGAUACCCC	0
NM_006219.3:6158-6187	NM_006219.3	NM_006219.3.fasta	6158	6187	+	30	GGGTATCCATTACCTCAAGCATTTATCCTT	AAGGAUAAAUGCUUGAGGUAAUGGAUACCC	0
NM_006219.3:6159-6188	NM_006219.3	NM_006219.3.fasta	6159	6188	+	30	GGTATCCATTACCTCAAGCATTTATCCTTT	AAAGGAUAAAUGCUUGAGGUAAUGGAUACC	0
NM_006219.3:6160-6189	NM_006219.3	NM_006219.3.fasta	6160	6189	+	30	GTATCCATTACCTCAAGCATTTATCCTTTG	CAAAGGAUAAAUGCUUGAGGUAAUGGAUAC	0
NM_006219.3:6161-6190	NM_006219.3	NM_006219.3.fasta	6161	6190	+	30	TATCCATTACCTCAAGCATTTATCCTTTGT	ACAAAGGAUAAAUGCUUGAGGUAAUGGAUA	0
NM_006219.3:6162-6191	NM_006219.3	NM_006219.3.fasta	6162	6191	+	30	ATCCATTACCTCAAGCATTTATCCTTTGTA	UACAAAGGAUAAAUGCUUGAGGUAAUGGAU	0
NM_006219.3:6163-6192	NM_006219.3	NM_006219.3.fasta	6163	6192	+	30	TCCATTACCTCAAGCATTTATCCTTTGTAT	AUACAAAGGAUAAAUGCUUGAGGUAAUGGA	0
NM_006219.3:6164-6193	NM_006219.3	NM_006219.3.fasta	6164	6193	+	30	CCATTACCTCAAGCATTTATCCTTTGTATT	AAUACAAAGGAUAAAUGCUUGAGGUAAUGG	0
NM_006219.3:6165-6194	NM_006219.3	NM_006219.3.fasta	6165	6194	+	30	CATTACCTCAAGCATTTATCCTTTGTATTA	UAAUACAAAGGAUAAAUGCUUGAGGUAAUG	0
NM_006219.3:6166-6195	NM_006219.3	NM_006219.3.fasta	6166	6195	+	30	ATTACCTCAAGCATTTATCCTTTGTATTAG	CUAAUACAAAGGAUAAAUGCUUGAGGUAAU	0
NM_006219.3:6167-6196	NM_006219.3	NM_006219.3.fasta	6167	6196	+	30	TTACCTCAAGCATTTATCCTTTGTATTAGA	UCUAAUACAAAGGAUAAAUGCUUGAGGUAA	0
NM_006219.3:6168-6197	NM_006219.3	NM_006219.3.fasta	6168	6197	+	30	TACCTCAAGCATTTATCCTTTGTATTAGAA	UUCUAAUACAAAGGAUAAAUGCUUGAGGUA	0
NM_006219.3:6169-6198	NM_006219.3	NM_006219.3.fasta	6169	6198	+	30	ACCTCAAGCATTTATCCTTTGTATTAGAAA	UUUCUAAUACAAAGGAUAAAUGCUUGAGGU	0
NM_006219.3:6170-6199	NM_006219.3	NM_006219.3.fasta	6170	6199	+	30	CCTCAAGCATTTATCCTTTGTATTAGAAAC	GUUUCUAAUACAAAGGAUAAAUGCUUGAGG	0
NM_006219.3:6171-6200	NM_006219.3	NM_006219.3.fasta	6171	6200	+	30	CTCAAGCATTTATCCTTTGTATTAGAAACA	UGUUUCUAAUACAAAGGAUAAAUGCUUGAG	0
NM_006219.3:6172-6201	NM_006219.3	NM_006219.3.fasta	6172	6201	+	30	TCAAGCATTTATCCTTTGTATTAGAAACAA	UUGUUUCUAAUACAAAGGAUAAAUGCUUGA	0
NM_006219.3:6173-6202	NM_006219.3	NM_006219.3.fasta	6173	6202	+	30	CAAGCATTTATCCTTTGTATTAGAAACAAT	AUUGUUUCUAAUACAAAGGAUAAAUGCUUG	0
NM_006219.3:6174-6203	NM_006219.3	NM_006219.3.fasta	6174	6203	+	30	AAGCATTTATCCTTTGTATTAGAAACAATC	GAUUGUUUCUAAUACAAAGGAUAAAUGCUU	0
NM_006219.3:6175-6204	NM_006219.3	NM_006219.3.fasta	6175	6204	+	30	AGCATTTATCCTTTGTATTAGAAACAATCC	GGAUUGUUUCUAAUACAAAGGAUAAAUGCU	0
NM_006219.3:6176-6205	NM_006219.3	NM_006219.3.fasta	6176	6205	+	30	GCATTTATCCTTTGTATTAGAAACAATCCA	UGGAUUGUUUCUAAUACAAAGGAUAAAUGC	0
NM_006219.3:6177-6206	NM_006219.3	NM_006219.3.fasta	6177	6206	+	30	CATTTATCCTTTGTATTAGAAACAATCCAG	CUGGAUUGUUUCUAAUACAAAGGAUAAAUG	0
NM_006219.3:6178-6207	NM_006219.3	NM_006219.3.fasta	6178	6207	+	30	ATTTATCCTTTGTATTAGAAACAATCCAGT	ACUGGAUUGUUUCUAAUACAAAGGAUAAAU	0
NM_006219.3:6179-6208	NM_006219.3	NM_006219.3.fasta	6179	6208	+	30	TTTATCCTTTGTATTAGAAACAATCCAGTT	AACUGGAUUGUUUCUAAUACAAAGGAUAAA	0
NM_006219.3:6180-6209	NM_006219.3	NM_006219.3.fasta	6180	6209	+	30	TTATCCTTTGTATTAGAAACAATCCAGTTA	UAACUGGAUUGUUUCUAAUACAAAGGAUAA	0
NM_006219.3:6181-6210	NM_006219.3	NM_006219.3.fasta	6181	6210	+	30	TATCCTTTGTATTAGAAACAATCCAGTTAT	AUAACUGGAUUGUUUCUAAUACAAAGGAUA	0
NM_006219.3:6182-6211	NM_006219.3	NM_006219.3.fasta	6182	6211	+	30	ATCCTTTGTATTAGAAACAATCCAGTTATA	UAUAACUGGAUUGUUUCUAAUACAAAGGAU	0
NM_006219.3:6183-6212	NM_006219.3	NM_006219.3.fasta	6183	6212	+	30	TCCTTTGTATTAGAAACAATCCAGTTATAC	GUAUAACUGGAUUGUUUCUAAUACAAAGGA	0
NM_006219.3:6184-6213	NM_006219.3	NM_006219.3.fasta	6184	6213	+	30	CCTTTGTATTAGAAACAATCCAGTTATACT	AGUAUAACUGGAUUGUUUCUAAUACAAAGG	0
NM_006219.3:6185-6214	NM_006219.3	NM_006219.3.fasta	6185	6214	+	30	CTTTGTATTAGAAACAATCCAGTTATACTC	GAGUAUAACUGGAUUGUUUCUAAUACAAAG	0
NM_006219.3:6186-6215	NM_006219.3	NM_006219.3.fasta	6186	6215	+	30	TTTGTATTAGAAACAATCCAGTTATACTCT	AGAGUAUAACUGGAUUGUUUCUAAUACAAA	0
NM_006219.3:6187-6216	NM_006219.3	NM_006219.3.fasta	6187	6216	+	30	TTGTATTAGAAACAATCCAGTTATACTCTT	AAGAGUAUAACUGGAUUGUUUCUAAUACAA	0
NM_006219.3:6188-6217	NM_006219.3	NM_006219.3.fasta	6188	6217	+	30	TGTATTAGAAACAATCCAGTTATACTCTTT	AAAGAGUAUAACUGGAUUGUUUCUAAUACA	0
NM_006219.3:6189-6218	NM_006219.3	NM_006219.3.fasta	6189	6218	+	30	GTATTAGAAACAATCCAGTTATACTCTTTT	AAAAGAGUAUAACUGGAUUGUUUCUAAUAC	0
NM_006219.3:6190-6219	NM_006219.3	NM_006219.3.fasta	6190	6219	+	30	TATTAGAAACAATCCAGTTATACTCTTTTA	UAAAAGAGUAUAACUGGAUUGUUUCUAAUA	0
NM_006219.3:6191-6220	NM_006219.3	NM_006219.3.fasta	6191	6220	+	30	ATTAGAAACAATCCAGTTATACTCTTTTAG	CUAAAAGAGUAUAACUGGAUUGUUUCUAAU	0
NM_006219.3:6192-6221	NM_006219.3	NM_006219.3.fasta	6192	6221	+	30	TTAGAAACAATCCAGTTATACTCTTTTAGT	ACUAAAAGAGUAUAACUGGAUUGUUUCUAA	0
NM_006219.3:6193-6222	NM_006219.3	NM_006219.3.fasta	6193	6222	+	30	TAGAAACAATCCAGTTATACTCTTTTAGTT	AACUAAAAGAGUAUAACUGGAUUGUUUCUA	0
NM_006219.3:6194-6223	NM_006219.3	NM_006219.3.fasta	6194	6223	+	30	AGAAACAATCCAGTTATACTCTTTTAGTTA	UAACUAAAAGAGUAUAACUGGAUUGUUUCU	0
NM_006219.3:6195-6224	NM_006219.3	NM_006219.3.fasta	6195	6224	+	30	GAAACAATCCAGTTATACTCTTTTAGTTAT	AUAACUAAAAGAGUAUAACUGGAUUGUUUC	0
NM_006219.3:6196-6225	NM_006219.3	NM_006219.3.fasta	6196	6225	+	30	AAACAATCCAGTTATACTCTTTTAGTTATT	AAUAACUAAAAGAGUAUAACUGGAUUGUUU	0
NM_006219.3:6197-6226	NM_006219.3	NM_006219.3.fasta	6197	6226	+	30	AACAATCCAGTTATACTCTTTTAGTTATTT	AAAUAACUAAAAGAGUAUAACUGGAUUGUU	0
NM_006219.3:6198-6227	NM_006219.3	NM_006219.3.fasta	6198	6227	+	30	ACAATCCAGTTATACTCTTTTAGTTATTTT	AAAAUAACUAAAAGAGUAUAACUGGAUUGU	0
NM_006219.3:6199-6228	NM_006219.3	NM_006219.3.fasta	6199	6228	+	30	CAATCCAGTTATACTCTTTTAGTTATTTTA	UAAAAUAACUAAAAGAGUAUAACUGGAUUG	0
NM_006219.3:6200-6229	NM_006219.3	NM_006219.3.fasta	6200	6229	+	30	AATCCAGTTATACTCTTTTAGTTATTTTAA	UUAAAAUAACUAAAAGAGUAUAACUGGAUU	0
NM_006219.3:6201-6230	NM_006219.3	NM_006219.3.fasta	6201	6230	+	30	ATCCAGTTATACTCTTTTAGTTATTTTAAG	CUUAAAAUAACUAAAAGAGUAUAACUGGAU	0
NM_006219.3:6202-6231	NM_006219.3	NM_006219.3.fasta	6202	6231	+	30	TCCAGTTATACTCTTTTAGTTATTTTAAGA	UCUUAAAAUAACUAAAAGAGUAUAACUGGA	0
NM_006219.3:6203-6232	NM_006219.3	NM_006219.3.fasta	6203	6232	+	30	CCAGTTATACTCTTTTAGTTATTTTAAGAT	AUCUUAAAAUAACUAAAAGAGUAUAACUGG	0
NM_006219.3:6204-6233	NM_006219.3	NM_006219.3.fasta	6204	6233	+	30	CAGTTATACTCTTTTAGTTATTTTAAGATC	GAUCUUAAAAUAACUAAAAGAGUAUAACUG	0
NM_006219.3:6205-6234	NM_006219.3	NM_006219.3.fasta	6205	6234	+	30	AGTTATACTCTTTTAGTTATTTTAAGATCT	AGAUCUUAAAAUAACUAAAAGAGUAUAACU	0
NM_006219.3:6206-6235	NM_006219.3	NM_006219.3.fasta	6206	6235	+	30	GTTATACTCTTTTAGTTATTTTAAGATCTA	UAGAUCUUAAAAUAACUAAAAGAGUAUAAC	0
NM_006219.3:6207-6236	NM_006219.3	NM_006219.3.fasta	6207	6236	+	30	TTATACTCTTTTAGTTATTTTAAGATCTAT	AUAGAUCUUAAAAUAACUAAAAGAGUAUAA	0
NM_006219.3:6208-6237	NM_006219.3	NM_006219.3.fasta	6208	6237	+	30	TATACTCTTTTAGTTATTTTAAGATCTATA	UAUAGAUCUUAAAAUAACUAAAAGAGUAUA	0
NM_006219.3:6209-6238	NM_006219.3	NM_006219.3.fasta	6209	6238	+	30	ATACTCTTTTAGTTATTTTAAGATCTATAA	UUAUAGAUCUUAAAAUAACUAAAAGAGUAU	0
NM_006219.3:6210-6239	NM_006219.3	NM_006219.3.fasta	6210	6239	+	30	TACTCTTTTAGTTATTTTAAGATCTATAAT	AUUAUAGAUCUUAAAAUAACUAAAAGAGUA	0
NM_006219.3:6211-6240	NM_006219.3	NM_006219.3.fasta	6211	6240	+	30	ACTCTTTTAGTTATTTTAAGATCTATAATT	AAUUAUAGAUCUUAAAAUAACUAAAAGAGU	0
NM_006219.3:6212-6241	NM_006219.3	NM_006219.3.fasta	6212	6241	+	30	CTCTTTTAGTTATTTTAAGATCTATAATTA	UAAUUAUAGAUCUUAAAAUAACUAAAAGAG	0
NM_006219.3:6213-6242	NM_006219.3	NM_006219.3.fasta	6213	6242	+	30	TCTTTTAGTTATTTTAAGATCTATAATTAA	UUAAUUAUAGAUCUUAAAAUAACUAAAAGA	0
NM_006219.3:6214-6243	NM_006219.3	NM_006219.3.fasta	6214	6243	+	30	CTTTTAGTTATTTTAAGATCTATAATTAAA	UUUAAUUAUAGAUCUUAAAAUAACUAAAAG	0
NM_006219.3:6215-6244	NM_006219.3	NM_006219.3.fasta	6215	6244	+	30	TTTTAGTTATTTTAAGATCTATAATTAAAT	AUUUAAUUAUAGAUCUUAAAAUAACUAAAA	0
NM_006219.3:6216-6245	NM_006219.3	NM_006219.3.fasta	6216	6245	+	30	TTTAGTTATTTTAAGATCTATAATTAAATT	AAUUUAAUUAUAGAUCUUAAAAUAACUAAA	0
NM_006219.3:6217-6246	NM_006219.3	NM_006219.3.fasta	6217	6246	+	30	TTAGTTATTTTAAGATCTATAATTAAATTA	UAAUUUAAUUAUAGAUCUUAAAAUAACUAA	0
NM_006219.3:6218-6247	NM_006219.3	NM_006219.3.fasta	6218	6247	+	30	TAGTTATTTTAAGATCTATAATTAAATTAT	AUAAUUUAAUUAUAGAUCUUAAAAUAACUA	0
NM_006219.3:6219-6248	NM_006219.3	NM_006219.3.fasta	6219	6248	+	30	AGTTATTTTAAGATCTATAATTAAATTATC	GAUAAUUUAAUUAUAGAUCUUAAAAUAACU	0
NM_006219.3:6220-6249	NM_006219.3	NM_006219.3.fasta	6220	6249	+	30	GTTATTTTAAGATCTATAATTAAATTATCG	CGAUAAUUUAAUUAUAGAUCUUAAAAUAAC	0
NM_006219.3:6221-6250	NM_006219.3	NM_006219.3.fasta	6221	6250	+	30	TTATTTTAAGATCTATAATTAAATTATCGA	UCGAUAAUUUAAUUAUAGAUCUUAAAAUAA	0
NM_006219.3:6222-6251	NM_006219.3	NM_006219.3.fasta	6222	6251	+	30	TATTTTAAGATCTATAATTAAATTATCGAC	GUCGAUAAUUUAAUUAUAGAUCUUAAAAUA	0
NM_006219.3:6223-6252	NM_006219.3	NM_006219.3.fasta	6223	6252	+	30	ATTTTAAGATCTATAATTAAATTATCGACT	AGUCGAUAAUUUAAUUAUAGAUCUUAAAAU	0
NM_006219.3:6224-6253	NM_006219.3	NM_006219.3.fasta	6224	6253	+	30	TTTTAAGATCTATAATTAAATTATCGACTA	UAGUCGAUAAUUUAAUUAUAGAUCUUAAAA	0
NM_006219.3:6225-6254	NM_006219.3	NM_006219.3.fasta	6225	6254	+	30	TTTAAGATCTATAATTAAATTATCGACTAT	AUAGUCGAUAAUUUAAUUAUAGAUCUUAAA	0
NM_006219.3:6226-6255	NM_006219.3	NM_006219.3.fasta	6226	6255	+	30	TTAAGATCTATAATTAAATTATCGACTATA	UAUAGUCGAUAAUUUAAUUAUAGAUCUUAA	0
NM_006219.3:6227-6256	NM_006219.3	NM_006219.3.fasta	6227	6256	+	30	TAAGATCTATAATTAAATTATCGACTATAG	CUAUAGUCGAUAAUUUAAUUAUAGAUCUUA	0
NM_006219.3:6228-6257	NM_006219.3	NM_006219.3.fasta	6228	6257	+	30	AAGATCTATAATTAAATTATCGACTATAGT	ACUAUAGUCGAUAAUUUAAUUAUAGAUCUU	0
NM_006219.3:6229-6258	NM_006219.3	NM_006219.3.fasta	6229	6258	+	30	AGATCTATAATTAAATTATCGACTATAGTT	AACUAUAGUCGAUAAUUUAAUUAUAGAUCU	0
NM_006219.3:6230-6259	NM_006219.3	NM_006219.3.fasta	6230	6259	+	30	GATCTATAATTAAATTATCGACTATAGTTA	UAACUAUAGUCGAUAAUUUAAUUAUAGAUC	0
