tile_id	transcript_id	source_file	start	end	strand	length	target_seq	guide_rna	has_ambiguous
NM_002649.3:1-30	NM_002649.3	NM_002649.3.fasta	1	30	+	30	GCACTTCCTTCTCGGCTAGATTATCTGAAA	UUUCAGAUAAUCUAGCCGAGAAGGAAGUGC	0
NM_002649.3:2-31	NM_002649.3	NM_002649.3.fasta	2	31	+	30	CACTTCCTTCTCGGCTAGATTATCTGAAAC	GUUUCAGAUAAUCUAGCCGAGAAGGAAGUG	0
NM_002649.3:3-32	NM_002649.3	NM_002649.3.fasta	3	32	+	30	ACTTCCTTCTCGGCTAGATTATCTGAAACT	AGUUUCAGAUAAUCUAGCCGAGAAGGAAGU	0
NM_002649.3:4-33	NM_002649.3	NM_002649.3.fasta	4	33	+	30	CTTCCTTCTCGGCTAGATTATCTGAAACTG	CAGUUUCAGAUAAUCUAGCCGAGAAGGAAG	0
NM_002649.3:5-34	NM_002649.3	NM_002649.3.fasta	5	34	+	30	TTCCTTCTCGGCTAGATTATCTGAAACTGT	ACAGUUUCAGAUAAUCUAGCCGAGAAGGAA	0
NM_002649.3:6-35	NM_002649.3	NM_002649.3.fasta	6	35	+	30	TCCTTCTCGGCTAGATTATCTGAAACTGTT	AACAGUUUCAGAUAAUCUAGCCGAGAAGGA	0
NM_002649.3:7-36	NM_002649.3	NM_002649.3.fasta	7	36	+	30	CCTTCTCGGCTAGATTATCTGAAACTGTTG	CAACAGUUUCAGAUAAUCUAGCCGAGAAGG	0
NM_002649.3:8-37	NM_002649.3	NM_002649.3.fasta	8	37	+	30	CTTCTCGGCTAGATTATCTGAAACTGTTGT	ACAACAGUUUCAGAUAAUCUAGCCGAGAAG	0
NM_002649.3:9-38	NM_002649.3	NM_002649.3.fasta	9	38	+	30	TTCTCGGCTAGATTATCTGAAACTGTTGTC	GACAACAGUUUCAGAUAAUCUAGCCGAGAA	0
NM_002649.3:10-39	NM_002649.3	NM_002649.3.fasta	10	39	+	30	TCTCGGCTAGATTATCTGAAACTGTTGTCG	CGACAACAGUUUCAGAUAAUCUAGCCGAGA	0
NM_002649.3:11-40	NM_002649.3	NM_002649.3.fasta	11	40	+	30	CTCGGCTAGATTATCTGAAACTGTTGTCGG	CCGACAACAGUUUCAGAUAAUCUAGCCGAG	0
NM_002649.3:12-41	NM_002649.3	NM_002649.3.fasta	12	41	+	30	TCGGCTAGATTATCTGAAACTGTTGTCGGT	ACCGACAACAGUUUCAGAUAAUCUAGCCGA	0
NM_002649.3:13-42	NM_002649.3	NM_002649.3.fasta	13	42	+	30	CGGCTAGATTATCTGAAACTGTTGTCGGTT	AACCGACAACAGUUUCAGAUAAUCUAGCCG	0
NM_002649.3:14-43	NM_002649.3	NM_002649.3.fasta	14	43	+	30	GGCTAGATTATCTGAAACTGTTGTCGGTTC	GAACCGACAACAGUUUCAGAUAAUCUAGCC	0
NM_002649.3:15-44	NM_002649.3	NM_002649.3.fasta	15	44	+	30	GCTAGATTATCTGAAACTGTTGTCGGTTCT	AGAACCGACAACAGUUUCAGAUAAUCUAGC	0
NM_002649.3:16-45	NM_002649.3	NM_002649.3.fasta	16	45	+	30	CTAGATTATCTGAAACTGTTGTCGGTTCTT	AAGAACCGACAACAGUUUCAGAUAAUCUAG	0
NM_002649.3:17-46	NM_002649.3	NM_002649.3.fasta	17	46	+	30	TAGATTATCTGAAACTGTTGTCGGTTCTTG	CAAGAACCGACAACAGUUUCAGAUAAUCUA	0
NM_002649.3:18-47	NM_002649.3	NM_002649.3.fasta	18	47	+	30	AGATTATCTGAAACTGTTGTCGGTTCTTGA	UCAAGAACCGACAACAGUUUCAGAUAAUCU	0
NM_002649.3:19-48	NM_002649.3	NM_002649.3.fasta	19	48	+	30	GATTATCTGAAACTGTTGTCGGTTCTTGAG	CUCAAGAACCGACAACAGUUUCAGAUAAUC	0
NM_002649.3:20-49	NM_002649.3	NM_002649.3.fasta	20	49	+	30	ATTATCTGAAACTGTTGTCGGTTCTTGAGA	UCUCAAGAACCGACAACAGUUUCAGAUAAU	0
NM_002649.3:21-50	NM_002649.3	NM_002649.3.fasta	21	50	+	30	TTATCTGAAACTGTTGTCGGTTCTTGAGAT	AUCUCAAGAACCGACAACAGUUUCAGAUAA	0
NM_002649.3:22-51	NM_002649.3	NM_002649.3.fasta	22	51	+	30	TATCTGAAACTGTTGTCGGTTCTTGAGATG	CAUCUCAAGAACCGACAACAGUUUCAGAUA	0
NM_002649.3:23-52	NM_002649.3	NM_002649.3.fasta	23	52	+	30	ATCTGAAACTGTTGTCGGTTCTTGAGATGA	UCAUCUCAAGAACCGACAACAGUUUCAGAU	0
NM_002649.3:24-53	NM_002649.3	NM_002649.3.fasta	24	53	+	30	TCTGAAACTGTTGTCGGTTCTTGAGATGAT	AUCAUCUCAAGAACCGACAACAGUUUCAGA	0
NM_002649.3:25-54	NM_002649.3	NM_002649.3.fasta	25	54	+	30	CTGAAACTGTTGTCGGTTCTTGAGATGATA	UAUCAUCUCAAGAACCGACAACAGUUUCAG	0
NM_002649.3:26-55	NM_002649.3	NM_002649.3.fasta	26	55	+	30	TGAAACTGTTGTCGGTTCTTGAGATGATAC	GUAUCAUCUCAAGAACCGACAACAGUUUCA	0
NM_002649.3:27-56	NM_002649.3	NM_002649.3.fasta	27	56	+	30	GAAACTGTTGTCGGTTCTTGAGATGATACT	AGUAUCAUCUCAAGAACCGACAACAGUUUC	0
NM_002649.3:28-57	NM_002649.3	NM_002649.3.fasta	28	57	+	30	AAACTGTTGTCGGTTCTTGAGATGATACTA	UAGUAUCAUCUCAAGAACCGACAACAGUUU	0
NM_002649.3:29-58	NM_002649.3	NM_002649.3.fasta	29	58	+	30	AACTGTTGTCGGTTCTTGAGATGATACTAC	GUAGUAUCAUCUCAAGAACCGACAACAGUU	0
NM_002649.3:30-59	NM_002649.3	NM_002649.3.fasta	30	59	+	30	ACTGTTGTCGGTTCTTGAGATGATACTACC	GGUAGUAUCAUCUCAAGAACCGACAACAGU	0
NM_002649.3:31-60	NM_002649.3	NM_002649.3.fasta	31	60	+	30	CTGTTGTCGGTTCTTGAGATGATACTACCA	UGGUAGUAUCAUCUCAAGAACCGACAACAG	0
NM_002649.3:32-61	NM_002649.3	NM_002649.3.fasta	32	61	+	30	TGTTGTCGGTTCTTGAGATGATACTACCAC	GUGGUAGUAUCAUCUCAAGAACCGACAACA	0
NM_002649.3:33-62	NM_002649.3	NM_002649.3.fasta	33	62	+	30	GTTGTCGGTTCTTGAGATGATACTACCACC	GGUGGUAGUAUCAUCUCAAGAACCGACAAC	0
NM_002649.3:34-63	NM_002649.3	NM_002649.3.fasta	34	63	+	30	TTGTCGGTTCTTGAGATGATACTACCACCG	CGGUGGUAGUAUCAUCUCAAGAACCGACAA	0
NM_002649.3:35-64	NM_002649.3	NM_002649.3.fasta	35	64	+	30	TGTCGGTTCTTGAGATGATACTACCACCGA	UCGGUGGUAGUAUCAUCUCAAGAACCGACA	0
NM_002649.3:36-65	NM_002649.3	NM_002649.3.fasta	36	65	+	30	GTCGGTTCTTGAGATGATACTACCACCGAA	UUCGGUGGUAGUAUCAUCUCAAGAACCGAC	0
NM_002649.3:37-66	NM_002649.3	NM_002649.3.fasta	37	66	+	30	TCGGTTCTTGAGATGATACTACCACCGAAT	AUUCGGUGGUAGUAUCAUCUCAAGAACCGA	0
NM_002649.3:38-67	NM_002649.3	NM_002649.3.fasta	38	67	+	30	CGGTTCTTGAGATGATACTACCACCGAATG	CAUUCGGUGGUAGUAUCAUCUCAAGAACCG	0
NM_002649.3:39-68	NM_002649.3	NM_002649.3.fasta	39	68	+	30	GGTTCTTGAGATGATACTACCACCGAATGT	ACAUUCGGUGGUAGUAUCAUCUCAAGAACC	0
NM_002649.3:40-69	NM_002649.3	NM_002649.3.fasta	40	69	+	30	GTTCTTGAGATGATACTACCACCGAATGTC	GACAUUCGGUGGUAGUAUCAUCUCAAGAAC	0
NM_002649.3:41-70	NM_002649.3	NM_002649.3.fasta	41	70	+	30	TTCTTGAGATGATACTACCACCGAATGTCT	AGACAUUCGGUGGUAGUAUCAUCUCAAGAA	0
NM_002649.3:42-71	NM_002649.3	NM_002649.3.fasta	42	71	+	30	TCTTGAGATGATACTACCACCGAATGTCTG	CAGACAUUCGGUGGUAGUAUCAUCUCAAGA	0
NM_002649.3:43-72	NM_002649.3	NM_002649.3.fasta	43	72	+	30	CTTGAGATGATACTACCACCGAATGTCTGT	ACAGACAUUCGGUGGUAGUAUCAUCUCAAG	0
NM_002649.3:44-73	NM_002649.3	NM_002649.3.fasta	44	73	+	30	TTGAGATGATACTACCACCGAATGTCTGTG	CACAGACAUUCGGUGGUAGUAUCAUCUCAA	0
NM_002649.3:45-74	NM_002649.3	NM_002649.3.fasta	45	74	+	30	TGAGATGATACTACCACCGAATGTCTGTGT	ACACAGACAUUCGGUGGUAGUAUCAUCUCA	0
NM_002649.3:46-75	NM_002649.3	NM_002649.3.fasta	46	75	+	30	GAGATGATACTACCACCGAATGTCTGTGTT	AACACAGACAUUCGGUGGUAGUAUCAUCUC	0
NM_002649.3:47-76	NM_002649.3	NM_002649.3.fasta	47	76	+	30	AGATGATACTACCACCGAATGTCTGTGTTT	AAACACAGACAUUCGGUGGUAGUAUCAUCU	0
NM_002649.3:48-77	NM_002649.3	NM_002649.3.fasta	48	77	+	30	GATGATACTACCACCGAATGTCTGTGTTTC	GAAACACAGACAUUCGGUGGUAGUAUCAUC	0
NM_002649.3:49-78	NM_002649.3	NM_002649.3.fasta	49	78	+	30	ATGATACTACCACCGAATGTCTGTGTTTCA	UGAAACACAGACAUUCGGUGGUAGUAUCAU	0
NM_002649.3:50-79	NM_002649.3	NM_002649.3.fasta	50	79	+	30	TGATACTACCACCGAATGTCTGTGTTTCAT	AUGAAACACAGACAUUCGGUGGUAGUAUCA	0
NM_002649.3:51-80	NM_002649.3	NM_002649.3.fasta	51	80	+	30	GATACTACCACCGAATGTCTGTGTTTCATT	AAUGAAACACAGACAUUCGGUGGUAGUAUC	0
NM_002649.3:52-81	NM_002649.3	NM_002649.3.fasta	52	81	+	30	ATACTACCACCGAATGTCTGTGTTTCATTG	CAAUGAAACACAGACAUUCGGUGGUAGUAU	0
NM_002649.3:53-82	NM_002649.3	NM_002649.3.fasta	53	82	+	30	TACTACCACCGAATGTCTGTGTTTCATTGT	ACAAUGAAACACAGACAUUCGGUGGUAGUA	0
NM_002649.3:54-83	NM_002649.3	NM_002649.3.fasta	54	83	+	30	ACTACCACCGAATGTCTGTGTTTCATTGTC	GACAAUGAAACACAGACAUUCGGUGGUAGU	0
NM_002649.3:55-84	NM_002649.3	NM_002649.3.fasta	55	84	+	30	CTACCACCGAATGTCTGTGTTTCATTGTCT	AGACAAUGAAACACAGACAUUCGGUGGUAG	0
NM_002649.3:56-85	NM_002649.3	NM_002649.3.fasta	56	85	+	30	TACCACCGAATGTCTGTGTTTCATTGTCTA	UAGACAAUGAAACACAGACAUUCGGUGGUA	0
NM_002649.3:57-86	NM_002649.3	NM_002649.3.fasta	57	86	+	30	ACCACCGAATGTCTGTGTTTCATTGTCTAG	CUAGACAAUGAAACACAGACAUUCGGUGGU	0
NM_002649.3:58-87	NM_002649.3	NM_002649.3.fasta	58	87	+	30	CCACCGAATGTCTGTGTTTCATTGTCTAGT	ACUAGACAAUGAAACACAGACAUUCGGUGG	0
NM_002649.3:59-88	NM_002649.3	NM_002649.3.fasta	59	88	+	30	CACCGAATGTCTGTGTTTCATTGTCTAGTC	GACUAGACAAUGAAACACAGACAUUCGGUG	0
NM_002649.3:60-89	NM_002649.3	NM_002649.3.fasta	60	89	+	30	ACCGAATGTCTGTGTTTCATTGTCTAGTCC	GGACUAGACAAUGAAACACAGACAUUCGGU	0
NM_002649.3:61-90	NM_002649.3	NM_002649.3.fasta	61	90	+	30	CCGAATGTCTGTGTTTCATTGTCTAGTCCA	UGGACUAGACAAUGAAACACAGACAUUCGG	0
NM_002649.3:62-91	NM_002649.3	NM_002649.3.fasta	62	91	+	30	CGAATGTCTGTGTTTCATTGTCTAGTCCAA	UUGGACUAGACAAUGAAACACAGACAUUCG	0
NM_002649.3:63-92	NM_002649.3	NM_002649.3.fasta	63	92	+	30	GAATGTCTGTGTTTCATTGTCTAGTCCAAC	GUUGGACUAGACAAUGAAACACAGACAUUC	0
NM_002649.3:64-93	NM_002649.3	NM_002649.3.fasta	64	93	+	30	AATGTCTGTGTTTCATTGTCTAGTCCAACC	GGUUGGACUAGACAAUGAAACACAGACAUU	0
NM_002649.3:65-94	NM_002649.3	NM_002649.3.fasta	65	94	+	30	ATGTCTGTGTTTCATTGTCTAGTCCAACCT	AGGUUGGACUAGACAAUGAAACACAGACAU	0
NM_002649.3:66-95	NM_002649.3	NM_002649.3.fasta	66	95	+	30	TGTCTGTGTTTCATTGTCTAGTCCAACCTG	CAGGUUGGACUAGACAAUGAAACACAGACA	0
NM_002649.3:67-96	NM_002649.3	NM_002649.3.fasta	67	96	+	30	GTCTGTGTTTCATTGTCTAGTCCAACCTGT	ACAGGUUGGACUAGACAAUGAAACACAGAC	0
NM_002649.3:68-97	NM_002649.3	NM_002649.3.fasta	68	97	+	30	TCTGTGTTTCATTGTCTAGTCCAACCTGTA	UACAGGUUGGACUAGACAAUGAAACACAGA	0
NM_002649.3:69-98	NM_002649.3	NM_002649.3.fasta	69	98	+	30	CTGTGTTTCATTGTCTAGTCCAACCTGTAT	AUACAGGUUGGACUAGACAAUGAAACACAG	0
NM_002649.3:70-99	NM_002649.3	NM_002649.3.fasta	70	99	+	30	TGTGTTTCATTGTCTAGTCCAACCTGTATT	AAUACAGGUUGGACUAGACAAUGAAACACA	0
NM_002649.3:71-100	NM_002649.3	NM_002649.3.fasta	71	100	+	30	GTGTTTCATTGTCTAGTCCAACCTGTATTG	CAAUACAGGUUGGACUAGACAAUGAAACAC	0
NM_002649.3:72-101	NM_002649.3	NM_002649.3.fasta	72	101	+	30	TGTTTCATTGTCTAGTCCAACCTGTATTGT	ACAAUACAGGUUGGACUAGACAAUGAAACA	0
NM_002649.3:73-102	NM_002649.3	NM_002649.3.fasta	73	102	+	30	GTTTCATTGTCTAGTCCAACCTGTATTGTG	CACAAUACAGGUUGGACUAGACAAUGAAAC	0
NM_002649.3:74-103	NM_002649.3	NM_002649.3.fasta	74	103	+	30	TTTCATTGTCTAGTCCAACCTGTATTGTGG	CCACAAUACAGGUUGGACUAGACAAUGAAA	0
NM_002649.3:75-104	NM_002649.3	NM_002649.3.fasta	75	104	+	30	TTCATTGTCTAGTCCAACCTGTATTGTGGA	UCCACAAUACAGGUUGGACUAGACAAUGAA	0
NM_002649.3:76-105	NM_002649.3	NM_002649.3.fasta	76	105	+	30	TCATTGTCTAGTCCAACCTGTATTGTGGAT	AUCCACAAUACAGGUUGGACUAGACAAUGA	0
NM_002649.3:77-106	NM_002649.3	NM_002649.3.fasta	77	106	+	30	CATTGTCTAGTCCAACCTGTATTGTGGATA	UAUCCACAAUACAGGUUGGACUAGACAAUG	0
NM_002649.3:78-107	NM_002649.3	NM_002649.3.fasta	78	107	+	30	ATTGTCTAGTCCAACCTGTATTGTGGATAT	AUAUCCACAAUACAGGUUGGACUAGACAAU	0
NM_002649.3:79-108	NM_002649.3	NM_002649.3.fasta	79	108	+	30	TTGTCTAGTCCAACCTGTATTGTGGATATC	GAUAUCCACAAUACAGGUUGGACUAGACAA	0
NM_002649.3:80-109	NM_002649.3	NM_002649.3.fasta	80	109	+	30	TGTCTAGTCCAACCTGTATTGTGGATATCT	AGAUAUCCACAAUACAGGUUGGACUAGACA	0
NM_002649.3:81-110	NM_002649.3	NM_002649.3.fasta	81	110	+	30	GTCTAGTCCAACCTGTATTGTGGATATCTA	UAGAUAUCCACAAUACAGGUUGGACUAGAC	0
NM_002649.3:82-111	NM_002649.3	NM_002649.3.fasta	82	111	+	30	TCTAGTCCAACCTGTATTGTGGATATCTAC	GUAGAUAUCCACAAUACAGGUUGGACUAGA	0
NM_002649.3:83-112	NM_002649.3	NM_002649.3.fasta	83	112	+	30	CTAGTCCAACCTGTATTGTGGATATCTACA	UGUAGAUAUCCACAAUACAGGUUGGACUAG	0
NM_002649.3:84-113	NM_002649.3	NM_002649.3.fasta	84	113	+	30	TAGTCCAACCTGTATTGTGGATATCTACAA	UUGUAGAUAUCCACAAUACAGGUUGGACUA	0
NM_002649.3:85-114	NM_002649.3	NM_002649.3.fasta	85	114	+	30	AGTCCAACCTGTATTGTGGATATCTACAAC	GUUGUAGAUAUCCACAAUACAGGUUGGACU	0
NM_002649.3:86-115	NM_002649.3	NM_002649.3.fasta	86	115	+	30	GTCCAACCTGTATTGTGGATATCTACAACG	CGUUGUAGAUAUCCACAAUACAGGUUGGAC	0
NM_002649.3:87-116	NM_002649.3	NM_002649.3.fasta	87	116	+	30	TCCAACCTGTATTGTGGATATCTACAACGT	ACGUUGUAGAUAUCCACAAUACAGGUUGGA	0
NM_002649.3:88-117	NM_002649.3	NM_002649.3.fasta	88	117	+	30	CCAACCTGTATTGTGGATATCTACAACGTT	AACGUUGUAGAUAUCCACAAUACAGGUUGG	0
NM_002649.3:89-118	NM_002649.3	NM_002649.3.fasta	89	118	+	30	CAACCTGTATTGTGGATATCTACAACGTTC	GAACGUUGUAGAUAUCCACAAUACAGGUUG	0
NM_002649.3:90-119	NM_002649.3	NM_002649.3.fasta	90	119	+	30	AACCTGTATTGTGGATATCTACAACGTTCC	GGAACGUUGUAGAUAUCCACAAUACAGGUU	0
NM_002649.3:91-120	NM_002649.3	NM_002649.3.fasta	91	120	+	30	ACCTGTATTGTGGATATCTACAACGTTCCG	CGGAACGUUGUAGAUAUCCACAAUACAGGU	0
NM_002649.3:92-121	NM_002649.3	NM_002649.3.fasta	92	121	+	30	CCTGTATTGTGGATATCTACAACGTTCCGG	CCGGAACGUUGUAGAUAUCCACAAUACAGG	0
NM_002649.3:93-122	NM_002649.3	NM_002649.3.fasta	93	122	+	30	CTGTATTGTGGATATCTACAACGTTCCGGC	GCCGGAACGUUGUAGAUAUCCACAAUACAG	0
NM_002649.3:94-123	NM_002649.3	NM_002649.3.fasta	94	123	+	30	TGTATTGTGGATATCTACAACGTTCCGGCA	UGCCGGAACGUUGUAGAUAUCCACAAUACA	0
NM_002649.3:95-124	NM_002649.3	NM_002649.3.fasta	95	124	+	30	GTATTGTGGATATCTACAACGTTCCGGCAA	UUGCCGGAACGUUGUAGAUAUCCACAAUAC	0
NM_002649.3:96-125	NM_002649.3	NM_002649.3.fasta	96	125	+	30	TATTGTGGATATCTACAACGTTCCGGCAAT	AUUGCCGGAACGUUGUAGAUAUCCACAAUA	0
NM_002649.3:97-126	NM_002649.3	NM_002649.3.fasta	97	126	+	30	ATTGTGGATATCTACAACGTTCCGGCAATA	UAUUGCCGGAACGUUGUAGAUAUCCACAAU	0
NM_002649.3:98-127	NM_002649.3	NM_002649.3.fasta	98	127	+	30	TTGTGGATATCTACAACGTTCCGGCAATAG	CUAUUGCCGGAACGUUGUAGAUAUCCACAA	0
NM_002649.3:99-128	NM_002649.3	NM_002649.3.fasta	99	128	+	30	TGTGGATATCTACAACGTTCCGGCAATAGT	ACUAUUGCCGGAACGUUGUAGAUAUCCACA	0
NM_002649.3:100-129	NM_002649.3	NM_002649.3.fasta	100	129	+	30	GTGGATATCTACAACGTTCCGGCAATAGTT	AACUAUUGCCGGAACGUUGUAGAUAUCCAC	0
NM_002649.3:101-130	NM_002649.3	NM_002649.3.fasta	101	130	+	30	TGGATATCTACAACGTTCCGGCAATAGTTT	AAACUAUUGCCGGAACGUUGUAGAUAUCCA	0
NM_002649.3:102-131	NM_002649.3	NM_002649.3.fasta	102	131	+	30	GGATATCTACAACGTTCCGGCAATAGTTTT	AAAACUAUUGCCGGAACGUUGUAGAUAUCC	0
NM_002649.3:103-132	NM_002649.3	NM_002649.3.fasta	103	132	+	30	GATATCTACAACGTTCCGGCAATAGTTTTG	CAAAACUAUUGCCGGAACGUUGUAGAUAUC	0
NM_002649.3:104-133	NM_002649.3	NM_002649.3.fasta	104	133	+	30	ATATCTACAACGTTCCGGCAATAGTTTTGC	GCAAAACUAUUGCCGGAACGUUGUAGAUAU	0
NM_002649.3:105-134	NM_002649.3	NM_002649.3.fasta	105	134	+	30	TATCTACAACGTTCCGGCAATAGTTTTGCA	UGCAAAACUAUUGCCGGAACGUUGUAGAUA	0
NM_002649.3:106-135	NM_002649.3	NM_002649.3.fasta	106	135	+	30	ATCTACAACGTTCCGGCAATAGTTTTGCAG	CUGCAAAACUAUUGCCGGAACGUUGUAGAU	0
NM_002649.3:107-136	NM_002649.3	NM_002649.3.fasta	107	136	+	30	TCTACAACGTTCCGGCAATAGTTTTGCAGG	CCUGCAAAACUAUUGCCGGAACGUUGUAGA	0
NM_002649.3:108-137	NM_002649.3	NM_002649.3.fasta	108	137	+	30	CTACAACGTTCCGGCAATAGTTTTGCAGGT	ACCUGCAAAACUAUUGCCGGAACGUUGUAG	0
NM_002649.3:109-138	NM_002649.3	NM_002649.3.fasta	109	138	+	30	TACAACGTTCCGGCAATAGTTTTGCAGGTG	CACCUGCAAAACUAUUGCCGGAACGUUGUA	0
NM_002649.3:110-139	NM_002649.3	NM_002649.3.fasta	110	139	+	30	ACAACGTTCCGGCAATAGTTTTGCAGGTGC	GCACCUGCAAAACUAUUGCCGGAACGUUGU	0
NM_002649.3:111-140	NM_002649.3	NM_002649.3.fasta	111	140	+	30	CAACGTTCCGGCAATAGTTTTGCAGGTGCA	UGCACCUGCAAAACUAUUGCCGGAACGUUG	0
NM_002649.3:112-141	NM_002649.3	NM_002649.3.fasta	112	141	+	30	AACGTTCCGGCAATAGTTTTGCAGGTGCAT	AUGCACCUGCAAAACUAUUGCCGGAACGUU	0
NM_002649.3:113-142	NM_002649.3	NM_002649.3.fasta	113	142	+	30	ACGTTCCGGCAATAGTTTTGCAGGTGCATC	GAUGCACCUGCAAAACUAUUGCCGGAACGU	0
NM_002649.3:114-143	NM_002649.3	NM_002649.3.fasta	114	143	+	30	CGTTCCGGCAATAGTTTTGCAGGTGCATCA	UGAUGCACCUGCAAAACUAUUGCCGGAACG	0
NM_002649.3:115-144	NM_002649.3	NM_002649.3.fasta	115	144	+	30	GTTCCGGCAATAGTTTTGCAGGTGCATCAC	GUGAUGCACCUGCAAAACUAUUGCCGGAAC	0
NM_002649.3:116-145	NM_002649.3	NM_002649.3.fasta	116	145	+	30	TTCCGGCAATAGTTTTGCAGGTGCATCACA	UGUGAUGCACCUGCAAAACUAUUGCCGGAA	0
NM_002649.3:117-146	NM_002649.3	NM_002649.3.fasta	117	146	+	30	TCCGGCAATAGTTTTGCAGGTGCATCACAT	AUGUGAUGCACCUGCAAAACUAUUGCCGGA	0
NM_002649.3:118-147	NM_002649.3	NM_002649.3.fasta	118	147	+	30	CCGGCAATAGTTTTGCAGGTGCATCACATT	AAUGUGAUGCACCUGCAAAACUAUUGCCGG	0
NM_002649.3:119-148	NM_002649.3	NM_002649.3.fasta	119	148	+	30	CGGCAATAGTTTTGCAGGTGCATCACATTT	AAAUGUGAUGCACCUGCAAAACUAUUGCCG	0
NM_002649.3:120-149	NM_002649.3	NM_002649.3.fasta	120	149	+	30	GGCAATAGTTTTGCAGGTGCATCACATTTT	AAAAUGUGAUGCACCUGCAAAACUAUUGCC	0
NM_002649.3:121-150	NM_002649.3	NM_002649.3.fasta	121	150	+	30	GCAATAGTTTTGCAGGTGCATCACATTTTT	AAAAAUGUGAUGCACCUGCAAAACUAUUGC	0
NM_002649.3:122-151	NM_002649.3	NM_002649.3.fasta	122	151	+	30	CAATAGTTTTGCAGGTGCATCACATTTTTG	CAAAAAUGUGAUGCACCUGCAAAACUAUUG	0
NM_002649.3:123-152	NM_002649.3	NM_002649.3.fasta	123	152	+	30	AATAGTTTTGCAGGTGCATCACATTTTTGT	ACAAAAAUGUGAUGCACCUGCAAAACUAUU	0
NM_002649.3:124-153	NM_002649.3	NM_002649.3.fasta	124	153	+	30	ATAGTTTTGCAGGTGCATCACATTTTTGTT	AACAAAAAUGUGAUGCACCUGCAAAACUAU	0
NM_002649.3:125-154	NM_002649.3	NM_002649.3.fasta	125	154	+	30	TAGTTTTGCAGGTGCATCACATTTTTGTTT	AAACAAAAAUGUGAUGCACCUGCAAAACUA	0
NM_002649.3:126-155	NM_002649.3	NM_002649.3.fasta	126	155	+	30	AGTTTTGCAGGTGCATCACATTTTTGTTTT	AAAACAAAAAUGUGAUGCACCUGCAAAACU	0
NM_002649.3:127-156	NM_002649.3	NM_002649.3.fasta	127	156	+	30	GTTTTGCAGGTGCATCACATTTTTGTTTTT	AAAAACAAAAAUGUGAUGCACCUGCAAAAC	0
NM_002649.3:128-157	NM_002649.3	NM_002649.3.fasta	128	157	+	30	TTTTGCAGGTGCATCACATTTTTGTTTTTG	CAAAAACAAAAAUGUGAUGCACCUGCAAAA	0
NM_002649.3:129-158	NM_002649.3	NM_002649.3.fasta	129	158	+	30	TTTGCAGGTGCATCACATTTTTGTTTTTGT	ACAAAAACAAAAAUGUGAUGCACCUGCAAA	0
NM_002649.3:130-159	NM_002649.3	NM_002649.3.fasta	130	159	+	30	TTGCAGGTGCATCACATTTTTGTTTTTGTT	AACAAAAACAAAAAUGUGAUGCACCUGCAA	0
NM_002649.3:131-160	NM_002649.3	NM_002649.3.fasta	131	160	+	30	TGCAGGTGCATCACATTTTTGTTTTTGTTT	AAACAAAAACAAAAAUGUGAUGCACCUGCA	0
NM_002649.3:132-161	NM_002649.3	NM_002649.3.fasta	132	161	+	30	GCAGGTGCATCACATTTTTGTTTTTGTTTT	AAAACAAAAACAAAAAUGUGAUGCACCUGC	0
NM_002649.3:133-162	NM_002649.3	NM_002649.3.fasta	133	162	+	30	CAGGTGCATCACATTTTTGTTTTTGTTTTG	CAAAACAAAAACAAAAAUGUGAUGCACCUG	0
NM_002649.3:134-163	NM_002649.3	NM_002649.3.fasta	134	163	+	30	AGGTGCATCACATTTTTGTTTTTGTTTTGG	CCAAAACAAAAACAAAAAUGUGAUGCACCU	0
NM_002649.3:135-164	NM_002649.3	NM_002649.3.fasta	135	164	+	30	GGTGCATCACATTTTTGTTTTTGTTTTGGG	CCCAAAACAAAAACAAAAAUGUGAUGCACC	0
NM_002649.3:136-165	NM_002649.3	NM_002649.3.fasta	136	165	+	30	GTGCATCACATTTTTGTTTTTGTTTTGGGA	UCCCAAAACAAAAACAAAAAUGUGAUGCAC	0
NM_002649.3:137-166	NM_002649.3	NM_002649.3.fasta	137	166	+	30	TGCATCACATTTTTGTTTTTGTTTTGGGAG	CUCCCAAAACAAAAACAAAAAUGUGAUGCA	0
NM_002649.3:138-167	NM_002649.3	NM_002649.3.fasta	138	167	+	30	GCATCACATTTTTGTTTTTGTTTTGGGAGG	CCUCCCAAAACAAAAACAAAAAUGUGAUGC	0
NM_002649.3:139-168	NM_002649.3	NM_002649.3.fasta	139	168	+	30	CATCACATTTTTGTTTTTGTTTTGGGAGGA	UCCUCCCAAAACAAAAACAAAAAUGUGAUG	0
NM_002649.3:140-169	NM_002649.3	NM_002649.3.fasta	140	169	+	30	ATCACATTTTTGTTTTTGTTTTGGGAGGAA	UUCCUCCCAAAACAAAAACAAAAAUGUGAU	0
NM_002649.3:141-170	NM_002649.3	NM_002649.3.fasta	141	170	+	30	TCACATTTTTGTTTTTGTTTTGGGAGGAAA	UUUCCUCCCAAAACAAAAACAAAAAUGUGA	0
NM_002649.3:142-171	NM_002649.3	NM_002649.3.fasta	142	171	+	30	CACATTTTTGTTTTTGTTTTGGGAGGAAAA	UUUUCCUCCCAAAACAAAAACAAAAAUGUG	0
NM_002649.3:143-172	NM_002649.3	NM_002649.3.fasta	143	172	+	30	ACATTTTTGTTTTTGTTTTGGGAGGAAAAG	CUUUUCCUCCCAAAACAAAAACAAAAAUGU	0
NM_002649.3:144-173	NM_002649.3	NM_002649.3.fasta	144	173	+	30	CATTTTTGTTTTTGTTTTGGGAGGAAAAGG	CCUUUUCCUCCCAAAACAAAAACAAAAAUG	0
NM_002649.3:145-174	NM_002649.3	NM_002649.3.fasta	145	174	+	30	ATTTTTGTTTTTGTTTTGGGAGGAAAAGGG	CCCUUUUCCUCCCAAAACAAAAACAAAAAU	0
NM_002649.3:146-175	NM_002649.3	NM_002649.3.fasta	146	175	+	30	TTTTTGTTTTTGTTTTGGGAGGAAAAGGGA	UCCCUUUUCCUCCCAAAACAAAAACAAAAA	0
NM_002649.3:147-176	NM_002649.3	NM_002649.3.fasta	147	176	+	30	TTTTGTTTTTGTTTTGGGAGGAAAAGGGAG	CUCCCUUUUCCUCCCAAAACAAAAACAAAA	0
NM_002649.3:148-177	NM_002649.3	NM_002649.3.fasta	148	177	+	30	TTTGTTTTTGTTTTGGGAGGAAAAGGGAGG	CCUCCCUUUUCCUCCCAAAACAAAAACAAA	0
NM_002649.3:149-178	NM_002649.3	NM_002649.3.fasta	149	178	+	30	TTGTTTTTGTTTTGGGAGGAAAAGGGAGGG	CCCUCCCUUUUCCUCCCAAAACAAAAACAA	0
NM_002649.3:150-179	NM_002649.3	NM_002649.3.fasta	150	179	+	30	TGTTTTTGTTTTGGGAGGAAAAGGGAGGGC	GCCCUCCCUUUUCCUCCCAAAACAAAAACA	0
NM_002649.3:151-180	NM_002649.3	NM_002649.3.fasta	151	180	+	30	GTTTTTGTTTTGGGAGGAAAAGGGAGGGCA	UGCCCUCCCUUUUCCUCCCAAAACAAAAAC	0
NM_002649.3:152-181	NM_002649.3	NM_002649.3.fasta	152	181	+	30	TTTTTGTTTTGGGAGGAAAAGGGAGGGCAC	GUGCCCUCCCUUUUCCUCCCAAAACAAAAA	0
NM_002649.3:153-182	NM_002649.3	NM_002649.3.fasta	153	182	+	30	TTTTGTTTTGGGAGGAAAAGGGAGGGCACG	CGUGCCCUCCCUUUUCCUCCCAAAACAAAA	0
NM_002649.3:154-183	NM_002649.3	NM_002649.3.fasta	154	183	+	30	TTTGTTTTGGGAGGAAAAGGGAGGGCACGG	CCGUGCCCUCCCUUUUCCUCCCAAAACAAA	0
NM_002649.3:155-184	NM_002649.3	NM_002649.3.fasta	155	184	+	30	TTGTTTTGGGAGGAAAAGGGAGGGCACGGC	GCCGUGCCCUCCCUUUUCCUCCCAAAACAA	0
NM_002649.3:156-185	NM_002649.3	NM_002649.3.fasta	156	185	+	30	TGTTTTGGGAGGAAAAGGGAGGGCACGGCA	UGCCGUGCCCUCCCUUUUCCUCCCAAAACA	0
NM_002649.3:157-186	NM_002649.3	NM_002649.3.fasta	157	186	+	30	GTTTTGGGAGGAAAAGGGAGGGCACGGCAG	CUGCCGUGCCCUCCCUUUUCCUCCCAAAAC	0
NM_002649.3:158-187	NM_002649.3	NM_002649.3.fasta	158	187	+	30	TTTTGGGAGGAAAAGGGAGGGCACGGCAGC	GCUGCCGUGCCCUCCCUUUUCCUCCCAAAA	0
NM_002649.3:159-188	NM_002649.3	NM_002649.3.fasta	159	188	+	30	TTTGGGAGGAAAAGGGAGGGCACGGCAGCC	GGCUGCCGUGCCCUCCCUUUUCCUCCCAAA	0
NM_002649.3:160-189	NM_002649.3	NM_002649.3.fasta	160	189	+	30	TTGGGAGGAAAAGGGAGGGCACGGCAGCCA	UGGCUGCCGUGCCCUCCCUUUUCCUCCCAA	0
NM_002649.3:161-190	NM_002649.3	NM_002649.3.fasta	161	190	+	30	TGGGAGGAAAAGGGAGGGCACGGCAGCCAG	CUGGCUGCCGUGCCCUCCCUUUUCCUCCCA	0
NM_002649.3:162-191	NM_002649.3	NM_002649.3.fasta	162	191	+	30	GGGAGGAAAAGGGAGGGCACGGCAGCCAGG	CCUGGCUGCCGUGCCCUCCCUUUUCCUCCC	0
NM_002649.3:163-192	NM_002649.3	NM_002649.3.fasta	163	192	+	30	GGAGGAAAAGGGAGGGCACGGCAGCCAGGC	GCCUGGCUGCCGUGCCCUCCCUUUUCCUCC	0
NM_002649.3:164-193	NM_002649.3	NM_002649.3.fasta	164	193	+	30	GAGGAAAAGGGAGGGCACGGCAGCCAGGCT	AGCCUGGCUGCCGUGCCCUCCCUUUUCCUC	0
NM_002649.3:165-194	NM_002649.3	NM_002649.3.fasta	165	194	+	30	AGGAAAAGGGAGGGCACGGCAGCCAGGCTT	AAGCCUGGCUGCCGUGCCCUCCCUUUUCCU	0
NM_002649.3:166-195	NM_002649.3	NM_002649.3.fasta	166	195	+	30	GGAAAAGGGAGGGCACGGCAGCCAGGCTTC	GAAGCCUGGCUGCCGUGCCCUCCCUUUUCC	0
NM_002649.3:167-196	NM_002649.3	NM_002649.3.fasta	167	196	+	30	GAAAAGGGAGGGCACGGCAGCCAGGCTTCA	UGAAGCCUGGCUGCCGUGCCCUCCCUUUUC	0
NM_002649.3:168-197	NM_002649.3	NM_002649.3.fasta	168	197	+	30	AAAAGGGAGGGCACGGCAGCCAGGCTTCAT	AUGAAGCCUGGCUGCCGUGCCCUCCCUUUU	0
NM_002649.3:169-198	NM_002649.3	NM_002649.3.fasta	169	198	+	30	AAAGGGAGGGCACGGCAGCCAGGCTTCATA	UAUGAAGCCUGGCUGCCGUGCCCUCCCUUU	0
NM_002649.3:170-199	NM_002649.3	NM_002649.3.fasta	170	199	+	30	AAGGGAGGGCACGGCAGCCAGGCTTCATAT	AUAUGAAGCCUGGCUGCCGUGCCCUCCCUU	0
NM_002649.3:171-200	NM_002649.3	NM_002649.3.fasta	171	200	+	30	AGGGAGGGCACGGCAGCCAGGCTTCATATT	AAUAUGAAGCCUGGCUGCCGUGCCCUCCCU	0
NM_002649.3:172-201	NM_002649.3	NM_002649.3.fasta	172	201	+	30	GGGAGGGCACGGCAGCCAGGCTTCATATTC	GAAUAUGAAGCCUGGCUGCCGUGCCCUCCC	0
NM_002649.3:173-202	NM_002649.3	NM_002649.3.fasta	173	202	+	30	GGAGGGCACGGCAGCCAGGCTTCATATTCC	GGAAUAUGAAGCCUGGCUGCCGUGCCCUCC	0
NM_002649.3:174-203	NM_002649.3	NM_002649.3.fasta	174	203	+	30	GAGGGCACGGCAGCCAGGCTTCATATTCCT	AGGAAUAUGAAGCCUGGCUGCCGUGCCCUC	0
NM_002649.3:175-204	NM_002649.3	NM_002649.3.fasta	175	204	+	30	AGGGCACGGCAGCCAGGCTTCATATTCCTA	UAGGAAUAUGAAGCCUGGCUGCCGUGCCCU	0
NM_002649.3:176-205	NM_002649.3	NM_002649.3.fasta	176	205	+	30	GGGCACGGCAGCCAGGCTTCATATTCCTAC	GUAGGAAUAUGAAGCCUGGCUGCCGUGCCC	0
NM_002649.3:177-206	NM_002649.3	NM_002649.3.fasta	177	206	+	30	GGCACGGCAGCCAGGCTTCATATTCCTACA	UGUAGGAAUAUGAAGCCUGGCUGCCGUGCC	0
NM_002649.3:178-207	NM_002649.3	NM_002649.3.fasta	178	207	+	30	GCACGGCAGCCAGGCTTCATATTCCTACAA	UUGUAGGAAUAUGAAGCCUGGCUGCCGUGC	0
NM_002649.3:179-208	NM_002649.3	NM_002649.3.fasta	179	208	+	30	CACGGCAGCCAGGCTTCATATTCCTACAAG	CUUGUAGGAAUAUGAAGCCUGGCUGCCGUG	0
NM_002649.3:180-209	NM_002649.3	NM_002649.3.fasta	180	209	+	30	ACGGCAGCCAGGCTTCATATTCCTACAAGT	ACUUGUAGGAAUAUGAAGCCUGGCUGCCGU	0
NM_002649.3:181-210	NM_002649.3	NM_002649.3.fasta	181	210	+	30	CGGCAGCCAGGCTTCATATTCCTACAAGTG	CACUUGUAGGAAUAUGAAGCCUGGCUGCCG	0
NM_002649.3:182-211	NM_002649.3	NM_002649.3.fasta	182	211	+	30	GGCAGCCAGGCTTCATATTCCTACAAGTGC	GCACUUGUAGGAAUAUGAAGCCUGGCUGCC	0
NM_002649.3:183-212	NM_002649.3	NM_002649.3.fasta	183	212	+	30	GCAGCCAGGCTTCATATTCCTACAAGTGCA	UGCACUUGUAGGAAUAUGAAGCCUGGCUGC	0
NM_002649.3:184-213	NM_002649.3	NM_002649.3.fasta	184	213	+	30	CAGCCAGGCTTCATATTCCTACAAGTGCAT	AUGCACUUGUAGGAAUAUGAAGCCUGGCUG	0
NM_002649.3:185-214	NM_002649.3	NM_002649.3.fasta	185	214	+	30	AGCCAGGCTTCATATTCCTACAAGTGCATG	CAUGCACUUGUAGGAAUAUGAAGCCUGGCU	0
NM_002649.3:186-215	NM_002649.3	NM_002649.3.fasta	186	215	+	30	GCCAGGCTTCATATTCCTACAAGTGCATGC	GCAUGCACUUGUAGGAAUAUGAAGCCUGGC	0
NM_002649.3:187-216	NM_002649.3	NM_002649.3.fasta	187	216	+	30	CCAGGCTTCATATTCCTACAAGTGCATGCT	AGCAUGCACUUGUAGGAAUAUGAAGCCUGG	0
NM_002649.3:188-217	NM_002649.3	NM_002649.3.fasta	188	217	+	30	CAGGCTTCATATTCCTACAAGTGCATGCTT	AAGCAUGCACUUGUAGGAAUAUGAAGCCUG	0
NM_002649.3:189-218	NM_002649.3	NM_002649.3.fasta	189	218	+	30	AGGCTTCATATTCCTACAAGTGCATGCTTC	GAAGCAUGCACUUGUAGGAAUAUGAAGCCU	0
NM_002649.3:190-219	NM_002649.3	NM_002649.3.fasta	190	219	+	30	GGCTTCATATTCCTACAAGTGCATGCTTCA	UGAAGCAUGCACUUGUAGGAAUAUGAAGCC	0
NM_002649.3:191-220	NM_002649.3	NM_002649.3.fasta	191	220	+	30	GCTTCATATTCCTACAAGTGCATGCTTCAA	UUGAAGCAUGCACUUGUAGGAAUAUGAAGC	0
NM_002649.3:192-221	NM_002649.3	NM_002649.3.fasta	192	221	+	30	CTTCATATTCCTACAAGTGCATGCTTCAAG	CUUGAAGCAUGCACUUGUAGGAAUAUGAAG	0
NM_002649.3:193-222	NM_002649.3	NM_002649.3.fasta	193	222	+	30	TTCATATTCCTACAAGTGCATGCTTCAAGA	UCUUGAAGCAUGCACUUGUAGGAAUAUGAA	0
NM_002649.3:194-223	NM_002649.3	NM_002649.3.fasta	194	223	+	30	TCATATTCCTACAAGTGCATGCTTCAAGAT	AUCUUGAAGCAUGCACUUGUAGGAAUAUGA	0
NM_002649.3:195-224	NM_002649.3	NM_002649.3.fasta	195	224	+	30	CATATTCCTACAAGTGCATGCTTCAAGATT	AAUCUUGAAGCAUGCACUUGUAGGAAUAUG	0
NM_002649.3:196-225	NM_002649.3	NM_002649.3.fasta	196	225	+	30	ATATTCCTACAAGTGCATGCTTCAAGATTA	UAAUCUUGAAGCAUGCACUUGUAGGAAUAU	0
NM_002649.3:197-226	NM_002649.3	NM_002649.3.fasta	197	226	+	30	TATTCCTACAAGTGCATGCTTCAAGATTAC	GUAAUCUUGAAGCAUGCACUUGUAGGAAUA	0
NM_002649.3:198-227	NM_002649.3	NM_002649.3.fasta	198	227	+	30	ATTCCTACAAGTGCATGCTTCAAGATTACT	AGUAAUCUUGAAGCAUGCACUUGUAGGAAU	0
NM_002649.3:199-228	NM_002649.3	NM_002649.3.fasta	199	228	+	30	TTCCTACAAGTGCATGCTTCAAGATTACTG	CAGUAAUCUUGAAGCAUGCACUUGUAGGAA	0
NM_002649.3:200-229	NM_002649.3	NM_002649.3.fasta	200	229	+	30	TCCTACAAGTGCATGCTTCAAGATTACTGT	ACAGUAAUCUUGAAGCAUGCACUUGUAGGA	0
NM_002649.3:201-230	NM_002649.3	NM_002649.3.fasta	201	230	+	30	CCTACAAGTGCATGCTTCAAGATTACTGTA	UACAGUAAUCUUGAAGCAUGCACUUGUAGG	0
NM_002649.3:202-231	NM_002649.3	NM_002649.3.fasta	202	231	+	30	CTACAAGTGCATGCTTCAAGATTACTGTAC	GUACAGUAAUCUUGAAGCAUGCACUUGUAG	0
NM_002649.3:203-232	NM_002649.3	NM_002649.3.fasta	203	232	+	30	TACAAGTGCATGCTTCAAGATTACTGTACT	AGUACAGUAAUCUUGAAGCAUGCACUUGUA	0
NM_002649.3:204-233	NM_002649.3	NM_002649.3.fasta	204	233	+	30	ACAAGTGCATGCTTCAAGATTACTGTACTT	AAGUACAGUAAUCUUGAAGCAUGCACUUGU	0
NM_002649.3:205-234	NM_002649.3	NM_002649.3.fasta	205	234	+	30	CAAGTGCATGCTTCAAGATTACTGTACTTA	UAAGUACAGUAAUCUUGAAGCAUGCACUUG	0
NM_002649.3:206-235	NM_002649.3	NM_002649.3.fasta	206	235	+	30	AAGTGCATGCTTCAAGATTACTGTACTTAC	GUAAGUACAGUAAUCUUGAAGCAUGCACUU	0
NM_002649.3:207-236	NM_002649.3	NM_002649.3.fasta	207	236	+	30	AGTGCATGCTTCAAGATTACTGTACTTACA	UGUAAGUACAGUAAUCUUGAAGCAUGCACU	0
NM_002649.3:208-237	NM_002649.3	NM_002649.3.fasta	208	237	+	30	GTGCATGCTTCAAGATTACTGTACTTACAG	CUGUAAGUACAGUAAUCUUGAAGCAUGCAC	0
NM_002649.3:209-238	NM_002649.3	NM_002649.3.fasta	209	238	+	30	TGCATGCTTCAAGATTACTGTACTTACAGT	ACUGUAAGUACAGUAAUCUUGAAGCAUGCA	0
NM_002649.3:210-239	NM_002649.3	NM_002649.3.fasta	210	239	+	30	GCATGCTTCAAGATTACTGTACTTACAGTG	CACUGUAAGUACAGUAAUCUUGAAGCAUGC	0
NM_002649.3:211-240	NM_002649.3	NM_002649.3.fasta	211	240	+	30	CATGCTTCAAGATTACTGTACTTACAGTGT	ACACUGUAAGUACAGUAAUCUUGAAGCAUG	0
NM_002649.3:212-241	NM_002649.3	NM_002649.3.fasta	212	241	+	30	ATGCTTCAAGATTACTGTACTTACAGTGTT	AACACUGUAAGUACAGUAAUCUUGAAGCAU	0
NM_002649.3:213-242	NM_002649.3	NM_002649.3.fasta	213	242	+	30	TGCTTCAAGATTACTGTACTTACAGTGTTT	AAACACUGUAAGUACAGUAAUCUUGAAGCA	0
NM_002649.3:214-243	NM_002649.3	NM_002649.3.fasta	214	243	+	30	GCTTCAAGATTACTGTACTTACAGTGTTTC	GAAACACUGUAAGUACAGUAAUCUUGAAGC	0
NM_002649.3:215-244	NM_002649.3	NM_002649.3.fasta	215	244	+	30	CTTCAAGATTACTGTACTTACAGTGTTTCC	GGAAACACUGUAAGUACAGUAAUCUUGAAG	0
NM_002649.3:216-245	NM_002649.3	NM_002649.3.fasta	216	245	+	30	TTCAAGATTACTGTACTTACAGTGTTTCCA	UGGAAACACUGUAAGUACAGUAAUCUUGAA	0
NM_002649.3:217-246	NM_002649.3	NM_002649.3.fasta	217	246	+	30	TCAAGATTACTGTACTTACAGTGTTTCCAA	UUGGAAACACUGUAAGUACAGUAAUCUUGA	0
NM_002649.3:218-247	NM_002649.3	NM_002649.3.fasta	218	247	+	30	CAAGATTACTGTACTTACAGTGTTTCCAAC	GUUGGAAACACUGUAAGUACAGUAAUCUUG	0
NM_002649.3:219-248	NM_002649.3	NM_002649.3.fasta	219	248	+	30	AAGATTACTGTACTTACAGTGTTTCCAACA	UGUUGGAAACACUGUAAGUACAGUAAUCUU	0
NM_002649.3:220-249	NM_002649.3	NM_002649.3.fasta	220	249	+	30	AGATTACTGTACTTACAGTGTTTCCAACAT	AUGUUGGAAACACUGUAAGUACAGUAAUCU	0
NM_002649.3:221-250	NM_002649.3	NM_002649.3.fasta	221	250	+	30	GATTACTGTACTTACAGTGTTTCCAACATC	GAUGUUGGAAACACUGUAAGUACAGUAAUC	0
NM_002649.3:222-251	NM_002649.3	NM_002649.3.fasta	222	251	+	30	ATTACTGTACTTACAGTGTTTCCAACATCT	AGAUGUUGGAAACACUGUAAGUACAGUAAU	0
NM_002649.3:223-252	NM_002649.3	NM_002649.3.fasta	223	252	+	30	TTACTGTACTTACAGTGTTTCCAACATCTT	AAGAUGUUGGAAACACUGUAAGUACAGUAA	0
NM_002649.3:224-253	NM_002649.3	NM_002649.3.fasta	224	253	+	30	TACTGTACTTACAGTGTTTCCAACATCTTC	GAAGAUGUUGGAAACACUGUAAGUACAGUA	0
NM_002649.3:225-254	NM_002649.3	NM_002649.3.fasta	225	254	+	30	ACTGTACTTACAGTGTTTCCAACATCTTCT	AGAAGAUGUUGGAAACACUGUAAGUACAGU	0
NM_002649.3:226-255	NM_002649.3	NM_002649.3.fasta	226	255	+	30	CTGTACTTACAGTGTTTCCAACATCTTCTC	GAGAAGAUGUUGGAAACACUGUAAGUACAG	0
NM_002649.3:227-256	NM_002649.3	NM_002649.3.fasta	227	256	+	30	TGTACTTACAGTGTTTCCAACATCTTCTCA	UGAGAAGAUGUUGGAAACACUGUAAGUACA	0
NM_002649.3:228-257	NM_002649.3	NM_002649.3.fasta	228	257	+	30	GTACTTACAGTGTTTCCAACATCTTCTCAT	AUGAGAAGAUGUUGGAAACACUGUAAGUAC	0
NM_002649.3:229-258	NM_002649.3	NM_002649.3.fasta	229	258	+	30	TACTTACAGTGTTTCCAACATCTTCTCATA	UAUGAGAAGAUGUUGGAAACACUGUAAGUA	0
NM_002649.3:230-259	NM_002649.3	NM_002649.3.fasta	230	259	+	30	ACTTACAGTGTTTCCAACATCTTCTCATAA	UUAUGAGAAGAUGUUGGAAACACUGUAAGU	0
NM_002649.3:231-260	NM_002649.3	NM_002649.3.fasta	231	260	+	30	CTTACAGTGTTTCCAACATCTTCTCATAAA	UUUAUGAGAAGAUGUUGGAAACACUGUAAG	0
NM_002649.3:232-261	NM_002649.3	NM_002649.3.fasta	232	261	+	30	TTACAGTGTTTCCAACATCTTCTCATAAAA	UUUUAUGAGAAGAUGUUGGAAACACUGUAA	0
NM_002649.3:233-262	NM_002649.3	NM_002649.3.fasta	233	262	+	30	TACAGTGTTTCCAACATCTTCTCATAAAAG	CUUUUAUGAGAAGAUGUUGGAAACACUGUA	0
NM_002649.3:234-263	NM_002649.3	NM_002649.3.fasta	234	263	+	30	ACAGTGTTTCCAACATCTTCTCATAAAAGG	CCUUUUAUGAGAAGAUGUUGGAAACACUGU	0
NM_002649.3:235-264	NM_002649.3	NM_002649.3.fasta	235	264	+	30	CAGTGTTTCCAACATCTTCTCATAAAAGGG	CCCUUUUAUGAGAAGAUGUUGGAAACACUG	0
NM_002649.3:236-265	NM_002649.3	NM_002649.3.fasta	236	265	+	30	AGTGTTTCCAACATCTTCTCATAAAAGGGG	CCCCUUUUAUGAGAAGAUGUUGGAAACACU	0
NM_002649.3:237-266	NM_002649.3	NM_002649.3.fasta	237	266	+	30	GTGTTTCCAACATCTTCTCATAAAAGGGGA	UCCCCUUUUAUGAGAAGAUGUUGGAAACAC	0
NM_002649.3:238-267	NM_002649.3	NM_002649.3.fasta	238	267	+	30	TGTTTCCAACATCTTCTCATAAAAGGGGAA	UUCCCCUUUUAUGAGAAGAUGUUGGAAACA	0
NM_002649.3:239-268	NM_002649.3	NM_002649.3.fasta	239	268	+	30	GTTTCCAACATCTTCTCATAAAAGGGGAAA	UUUCCCCUUUUAUGAGAAGAUGUUGGAAAC	0
NM_002649.3:240-269	NM_002649.3	NM_002649.3.fasta	240	269	+	30	TTTCCAACATCTTCTCATAAAAGGGGAAAG	CUUUCCCCUUUUAUGAGAAGAUGUUGGAAA	0
NM_002649.3:241-270	NM_002649.3	NM_002649.3.fasta	241	270	+	30	TTCCAACATCTTCTCATAAAAGGGGAAAGC	GCUUUCCCCUUUUAUGAGAAGAUGUUGGAA	0
NM_002649.3:242-271	NM_002649.3	NM_002649.3.fasta	242	271	+	30	TCCAACATCTTCTCATAAAAGGGGAAAGCT	AGCUUUCCCCUUUUAUGAGAAGAUGUUGGA	0
NM_002649.3:243-272	NM_002649.3	NM_002649.3.fasta	243	272	+	30	CCAACATCTTCTCATAAAAGGGGAAAGCTT	AAGCUUUCCCCUUUUAUGAGAAGAUGUUGG	0
NM_002649.3:244-273	NM_002649.3	NM_002649.3.fasta	244	273	+	30	CAACATCTTCTCATAAAAGGGGAAAGCTTC	GAAGCUUUCCCCUUUUAUGAGAAGAUGUUG	0
NM_002649.3:245-274	NM_002649.3	NM_002649.3.fasta	245	274	+	30	AACATCTTCTCATAAAAGGGGAAAGCTTCA	UGAAGCUUUCCCCUUUUAUGAGAAGAUGUU	0
NM_002649.3:246-275	NM_002649.3	NM_002649.3.fasta	246	275	+	30	ACATCTTCTCATAAAAGGGGAAAGCTTCAT	AUGAAGCUUUCCCCUUUUAUGAGAAGAUGU	0
NM_002649.3:247-276	NM_002649.3	NM_002649.3.fasta	247	276	+	30	CATCTTCTCATAAAAGGGGAAAGCTTCATA	UAUGAAGCUUUCCCCUUUUAUGAGAAGAUG	0
NM_002649.3:248-277	NM_002649.3	NM_002649.3.fasta	248	277	+	30	ATCTTCTCATAAAAGGGGAAAGCTTCATAG	CUAUGAAGCUUUCCCCUUUUAUGAGAAGAU	0
NM_002649.3:249-278	NM_002649.3	NM_002649.3.fasta	249	278	+	30	TCTTCTCATAAAAGGGGAAAGCTTCATAGC	GCUAUGAAGCUUUCCCCUUUUAUGAGAAGA	0
NM_002649.3:250-279	NM_002649.3	NM_002649.3.fasta	250	279	+	30	CTTCTCATAAAAGGGGAAAGCTTCATAGCC	GGCUAUGAAGCUUUCCCCUUUUAUGAGAAG	0
NM_002649.3:251-280	NM_002649.3	NM_002649.3.fasta	251	280	+	30	TTCTCATAAAAGGGGAAAGCTTCATAGCCT	AGGCUAUGAAGCUUUCCCCUUUUAUGAGAA	0
NM_002649.3:252-281	NM_002649.3	NM_002649.3.fasta	252	281	+	30	TCTCATAAAAGGGGAAAGCTTCATAGCCTC	GAGGCUAUGAAGCUUUCCCCUUUUAUGAGA	0
NM_002649.3:253-282	NM_002649.3	NM_002649.3.fasta	253	282	+	30	CTCATAAAAGGGGAAAGCTTCATAGCCTCA	UGAGGCUAUGAAGCUUUCCCCUUUUAUGAG	0
NM_002649.3:254-283	NM_002649.3	NM_002649.3.fasta	254	283	+	30	TCATAAAAGGGGAAAGCTTCATAGCCTCAA	UUGAGGCUAUGAAGCUUUCCCCUUUUAUGA	0
NM_002649.3:255-284	NM_002649.3	NM_002649.3.fasta	255	284	+	30	CATAAAAGGGGAAAGCTTCATAGCCTCAAC	GUUGAGGCUAUGAAGCUUUCCCCUUUUAUG	0
NM_002649.3:256-285	NM_002649.3	NM_002649.3.fasta	256	285	+	30	ATAAAAGGGGAAAGCTTCATAGCCTCAACC	GGUUGAGGCUAUGAAGCUUUCCCCUUUUAU	0
NM_002649.3:257-286	NM_002649.3	NM_002649.3.fasta	257	286	+	30	TAAAAGGGGAAAGCTTCATAGCCTCAACCA	UGGUUGAGGCUAUGAAGCUUUCCCCUUUUA	0
NM_002649.3:258-287	NM_002649.3	NM_002649.3.fasta	258	287	+	30	AAAAGGGGAAAGCTTCATAGCCTCAACCAT	AUGGUUGAGGCUAUGAAGCUUUCCCCUUUU	0
NM_002649.3:259-288	NM_002649.3	NM_002649.3.fasta	259	288	+	30	AAAGGGGAAAGCTTCATAGCCTCAACCATG	CAUGGUUGAGGCUAUGAAGCUUUCCCCUUU	0
NM_002649.3:260-289	NM_002649.3	NM_002649.3.fasta	260	289	+	30	AAGGGGAAAGCTTCATAGCCTCAACCATGA	UCAUGGUUGAGGCUAUGAAGCUUUCCCCUU	0
NM_002649.3:261-290	NM_002649.3	NM_002649.3.fasta	261	290	+	30	AGGGGAAAGCTTCATAGCCTCAACCATGAA	UUCAUGGUUGAGGCUAUGAAGCUUUCCCCU	0
NM_002649.3:262-291	NM_002649.3	NM_002649.3.fasta	262	291	+	30	GGGGAAAGCTTCATAGCCTCAACCATGAAG	CUUCAUGGUUGAGGCUAUGAAGCUUUCCCC	0
NM_002649.3:263-292	NM_002649.3	NM_002649.3.fasta	263	292	+	30	GGGAAAGCTTCATAGCCTCAACCATGAAGG	CCUUCAUGGUUGAGGCUAUGAAGCUUUCCC	0
NM_002649.3:264-293	NM_002649.3	NM_002649.3.fasta	264	293	+	30	GGAAAGCTTCATAGCCTCAACCATGAAGGA	UCCUUCAUGGUUGAGGCUAUGAAGCUUUCC	0
NM_002649.3:265-294	NM_002649.3	NM_002649.3.fasta	265	294	+	30	GAAAGCTTCATAGCCTCAACCATGAAGGAA	UUCCUUCAUGGUUGAGGCUAUGAAGCUUUC	0
NM_002649.3:266-295	NM_002649.3	NM_002649.3.fasta	266	295	+	30	AAAGCTTCATAGCCTCAACCATGAAGGAAA	UUUCCUUCAUGGUUGAGGCUAUGAAGCUUU	0
NM_002649.3:267-296	NM_002649.3	NM_002649.3.fasta	267	296	+	30	AAGCTTCATAGCCTCAACCATGAAGGAAAC	GUUUCCUUCAUGGUUGAGGCUAUGAAGCUU	0
NM_002649.3:268-297	NM_002649.3	NM_002649.3.fasta	268	297	+	30	AGCTTCATAGCCTCAACCATGAAGGAAACC	GGUUUCCUUCAUGGUUGAGGCUAUGAAGCU	0
NM_002649.3:269-298	NM_002649.3	NM_002649.3.fasta	269	298	+	30	GCTTCATAGCCTCAACCATGAAGGAAACCA	UGGUUUCCUUCAUGGUUGAGGCUAUGAAGC	0
NM_002649.3:270-299	NM_002649.3	NM_002649.3.fasta	270	299	+	30	CTTCATAGCCTCAACCATGAAGGAAACCAG	CUGGUUUCCUUCAUGGUUGAGGCUAUGAAG	0
NM_002649.3:271-300	NM_002649.3	NM_002649.3.fasta	271	300	+	30	TTCATAGCCTCAACCATGAAGGAAACCAGT	ACUGGUUUCCUUCAUGGUUGAGGCUAUGAA	0
NM_002649.3:272-301	NM_002649.3	NM_002649.3.fasta	272	301	+	30	TCATAGCCTCAACCATGAAGGAAACCAGTC	GACUGGUUUCCUUCAUGGUUGAGGCUAUGA	0
NM_002649.3:273-302	NM_002649.3	NM_002649.3.fasta	273	302	+	30	CATAGCCTCAACCATGAAGGAAACCAGTCG	CGACUGGUUUCCUUCAUGGUUGAGGCUAUG	0
NM_002649.3:274-303	NM_002649.3	NM_002649.3.fasta	274	303	+	30	ATAGCCTCAACCATGAAGGAAACCAGTCGC	GCGACUGGUUUCCUUCAUGGUUGAGGCUAU	0
NM_002649.3:275-304	NM_002649.3	NM_002649.3.fasta	275	304	+	30	TAGCCTCAACCATGAAGGAAACCAGTCGCA	UGCGACUGGUUUCCUUCAUGGUUGAGGCUA	0
NM_002649.3:276-305	NM_002649.3	NM_002649.3.fasta	276	305	+	30	AGCCTCAACCATGAAGGAAACCAGTCGCAT	AUGCGACUGGUUUCCUUCAUGGUUGAGGCU	0
NM_002649.3:277-306	NM_002649.3	NM_002649.3.fasta	277	306	+	30	GCCTCAACCATGAAGGAAACCAGTCGCATA	UAUGCGACUGGUUUCCUUCAUGGUUGAGGC	0
NM_002649.3:278-307	NM_002649.3	NM_002649.3.fasta	278	307	+	30	CCTCAACCATGAAGGAAACCAGTCGCATAG	CUAUGCGACUGGUUUCCUUCAUGGUUGAGG	0
NM_002649.3:279-308	NM_002649.3	NM_002649.3.fasta	279	308	+	30	CTCAACCATGAAGGAAACCAGTCGCATAGG	CCUAUGCGACUGGUUUCCUUCAUGGUUGAG	0
NM_002649.3:280-309	NM_002649.3	NM_002649.3.fasta	280	309	+	30	TCAACCATGAAGGAAACCAGTCGCATAGGG	CCCUAUGCGACUGGUUUCCUUCAUGGUUGA	0
NM_002649.3:281-310	NM_002649.3	NM_002649.3.fasta	281	310	+	30	CAACCATGAAGGAAACCAGTCGCATAGGGC	GCCCUAUGCGACUGGUUUCCUUCAUGGUUG	0
NM_002649.3:282-311	NM_002649.3	NM_002649.3.fasta	282	311	+	30	AACCATGAAGGAAACCAGTCGCATAGGGCA	UGCCCUAUGCGACUGGUUUCCUUCAUGGUU	0
NM_002649.3:283-312	NM_002649.3	NM_002649.3.fasta	283	312	+	30	ACCATGAAGGAAACCAGTCGCATAGGGCAT	AUGCCCUAUGCGACUGGUUUCCUUCAUGGU	0
NM_002649.3:284-313	NM_002649.3	NM_002649.3.fasta	284	313	+	30	CCATGAAGGAAACCAGTCGCATAGGGCATG	CAUGCCCUAUGCGACUGGUUUCCUUCAUGG	0
NM_002649.3:285-314	NM_002649.3	NM_002649.3.fasta	285	314	+	30	CATGAAGGAAACCAGTCGCATAGGGCATGG	CCAUGCCCUAUGCGACUGGUUUCCUUCAUG	0
NM_002649.3:286-315	NM_002649.3	NM_002649.3.fasta	286	315	+	30	ATGAAGGAAACCAGTCGCATAGGGCATGGA	UCCAUGCCCUAUGCGACUGGUUUCCUUCAU	0
NM_002649.3:287-316	NM_002649.3	NM_002649.3.fasta	287	316	+	30	TGAAGGAAACCAGTCGCATAGGGCATGGAG	CUCCAUGCCCUAUGCGACUGGUUUCCUUCA	0
NM_002649.3:288-317	NM_002649.3	NM_002649.3.fasta	288	317	+	30	GAAGGAAACCAGTCGCATAGGGCATGGAGC	GCUCCAUGCCCUAUGCGACUGGUUUCCUUC	0
NM_002649.3:289-318	NM_002649.3	NM_002649.3.fasta	289	318	+	30	AAGGAAACCAGTCGCATAGGGCATGGAGCT	AGCUCCAUGCCCUAUGCGACUGGUUUCCUU	0
NM_002649.3:290-319	NM_002649.3	NM_002649.3.fasta	290	319	+	30	AGGAAACCAGTCGCATAGGGCATGGAGCTG	CAGCUCCAUGCCCUAUGCGACUGGUUUCCU	0
NM_002649.3:291-320	NM_002649.3	NM_002649.3.fasta	291	320	+	30	GGAAACCAGTCGCATAGGGCATGGAGCTGG	CCAGCUCCAUGCCCUAUGCGACUGGUUUCC	0
NM_002649.3:292-321	NM_002649.3	NM_002649.3.fasta	292	321	+	30	GAAACCAGTCGCATAGGGCATGGAGCTGGA	UCCAGCUCCAUGCCCUAUGCGACUGGUUUC	0
NM_002649.3:293-322	NM_002649.3	NM_002649.3.fasta	293	322	+	30	AAACCAGTCGCATAGGGCATGGAGCTGGAG	CUCCAGCUCCAUGCCCUAUGCGACUGGUUU	0
NM_002649.3:294-323	NM_002649.3	NM_002649.3.fasta	294	323	+	30	AACCAGTCGCATAGGGCATGGAGCTGGAGA	UCUCCAGCUCCAUGCCCUAUGCGACUGGUU	0
NM_002649.3:295-324	NM_002649.3	NM_002649.3.fasta	295	324	+	30	ACCAGTCGCATAGGGCATGGAGCTGGAGAA	UUCUCCAGCUCCAUGCCCUAUGCGACUGGU	0
NM_002649.3:296-325	NM_002649.3	NM_002649.3.fasta	296	325	+	30	CCAGTCGCATAGGGCATGGAGCTGGAGAAC	GUUCUCCAGCUCCAUGCCCUAUGCGACUGG	0
NM_002649.3:297-326	NM_002649.3	NM_002649.3.fasta	297	326	+	30	CAGTCGCATAGGGCATGGAGCTGGAGAACT	AGUUCUCCAGCUCCAUGCCCUAUGCGACUG	0
NM_002649.3:298-327	NM_002649.3	NM_002649.3.fasta	298	327	+	30	AGTCGCATAGGGCATGGAGCTGGAGAACTA	UAGUUCUCCAGCUCCAUGCCCUAUGCGACU	0
NM_002649.3:299-328	NM_002649.3	NM_002649.3.fasta	299	328	+	30	GTCGCATAGGGCATGGAGCTGGAGAACTAT	AUAGUUCUCCAGCUCCAUGCCCUAUGCGAC	0
NM_002649.3:300-329	NM_002649.3	NM_002649.3.fasta	300	329	+	30	TCGCATAGGGCATGGAGCTGGAGAACTATA	UAUAGUUCUCCAGCUCCAUGCCCUAUGCGA	0
NM_002649.3:301-330	NM_002649.3	NM_002649.3.fasta	301	330	+	30	CGCATAGGGCATGGAGCTGGAGAACTATAA	UUAUAGUUCUCCAGCUCCAUGCCCUAUGCG	0
NM_002649.3:302-331	NM_002649.3	NM_002649.3.fasta	302	331	+	30	GCATAGGGCATGGAGCTGGAGAACTATAAA	UUUAUAGUUCUCCAGCUCCAUGCCCUAUGC	0
NM_002649.3:303-332	NM_002649.3	NM_002649.3.fasta	303	332	+	30	CATAGGGCATGGAGCTGGAGAACTATAAAC	GUUUAUAGUUCUCCAGCUCCAUGCCCUAUG	0
NM_002649.3:304-333	NM_002649.3	NM_002649.3.fasta	304	333	+	30	ATAGGGCATGGAGCTGGAGAACTATAAACA	UGUUUAUAGUUCUCCAGCUCCAUGCCCUAU	0
NM_002649.3:305-334	NM_002649.3	NM_002649.3.fasta	305	334	+	30	TAGGGCATGGAGCTGGAGAACTATAAACAG	CUGUUUAUAGUUCUCCAGCUCCAUGCCCUA	0
NM_002649.3:306-335	NM_002649.3	NM_002649.3.fasta	306	335	+	30	AGGGCATGGAGCTGGAGAACTATAAACAGC	GCUGUUUAUAGUUCUCCAGCUCCAUGCCCU	0
NM_002649.3:307-336	NM_002649.3	NM_002649.3.fasta	307	336	+	30	GGGCATGGAGCTGGAGAACTATAAACAGCC	GGCUGUUUAUAGUUCUCCAGCUCCAUGCCC	0
NM_002649.3:308-337	NM_002649.3	NM_002649.3.fasta	308	337	+	30	GGCATGGAGCTGGAGAACTATAAACAGCCC	GGGCUGUUUAUAGUUCUCCAGCUCCAUGCC	0
NM_002649.3:309-338	NM_002649.3	NM_002649.3.fasta	309	338	+	30	GCATGGAGCTGGAGAACTATAAACAGCCCG	CGGGCUGUUUAUAGUUCUCCAGCUCCAUGC	0
NM_002649.3:310-339	NM_002649.3	NM_002649.3.fasta	310	339	+	30	CATGGAGCTGGAGAACTATAAACAGCCCGT	ACGGGCUGUUUAUAGUUCUCCAGCUCCAUG	0
NM_002649.3:311-340	NM_002649.3	NM_002649.3.fasta	311	340	+	30	ATGGAGCTGGAGAACTATAAACAGCCCGTG	CACGGGCUGUUUAUAGUUCUCCAGCUCCAU	0
NM_002649.3:312-341	NM_002649.3	NM_002649.3.fasta	312	341	+	30	TGGAGCTGGAGAACTATAAACAGCCCGTGG	CCACGGGCUGUUUAUAGUUCUCCAGCUCCA	0
NM_002649.3:313-342	NM_002649.3	NM_002649.3.fasta	313	342	+	30	GGAGCTGGAGAACTATAAACAGCCCGTGGT	ACCACGGGCUGUUUAUAGUUCUCCAGCUCC	0
NM_002649.3:314-343	NM_002649.3	NM_002649.3.fasta	314	343	+	30	GAGCTGGAGAACTATAAACAGCCCGTGGTG	CACCACGGGCUGUUUAUAGUUCUCCAGCUC	0
NM_002649.3:315-344	NM_002649.3	NM_002649.3.fasta	315	344	+	30	AGCTGGAGAACTATAAACAGCCCGTGGTGC	GCACCACGGGCUGUUUAUAGUUCUCCAGCU	0
NM_002649.3:316-345	NM_002649.3	NM_002649.3.fasta	316	345	+	30	GCTGGAGAACTATAAACAGCCCGTGGTGCT	AGCACCACGGGCUGUUUAUAGUUCUCCAGC	0
NM_002649.3:317-346	NM_002649.3	NM_002649.3.fasta	317	346	+	30	CTGGAGAACTATAAACAGCCCGTGGTGCTG	CAGCACCACGGGCUGUUUAUAGUUCUCCAG	0
NM_002649.3:318-347	NM_002649.3	NM_002649.3.fasta	318	347	+	30	TGGAGAACTATAAACAGCCCGTGGTGCTGA	UCAGCACCACGGGCUGUUUAUAGUUCUCCA	0
NM_002649.3:319-348	NM_002649.3	NM_002649.3.fasta	319	348	+	30	GGAGAACTATAAACAGCCCGTGGTGCTGAG	CUCAGCACCACGGGCUGUUUAUAGUUCUCC	0
NM_002649.3:320-349	NM_002649.3	NM_002649.3.fasta	320	349	+	30	GAGAACTATAAACAGCCCGTGGTGCTGAGA	UCUCAGCACCACGGGCUGUUUAUAGUUCUC	0
NM_002649.3:321-350	NM_002649.3	NM_002649.3.fasta	321	350	+	30	AGAACTATAAACAGCCCGTGGTGCTGAGAG	CUCUCAGCACCACGGGCUGUUUAUAGUUCU	0
NM_002649.3:322-351	NM_002649.3	NM_002649.3.fasta	322	351	+	30	GAACTATAAACAGCCCGTGGTGCTGAGAGA	UCUCUCAGCACCACGGGCUGUUUAUAGUUC	0
NM_002649.3:323-352	NM_002649.3	NM_002649.3.fasta	323	352	+	30	AACTATAAACAGCCCGTGGTGCTGAGAGAG	CUCUCUCAGCACCACGGGCUGUUUAUAGUU	0
NM_002649.3:324-353	NM_002649.3	NM_002649.3.fasta	324	353	+	30	ACTATAAACAGCCCGTGGTGCTGAGAGAGG	CCUCUCUCAGCACCACGGGCUGUUUAUAGU	0
NM_002649.3:325-354	NM_002649.3	NM_002649.3.fasta	325	354	+	30	CTATAAACAGCCCGTGGTGCTGAGAGAGGA	UCCUCUCUCAGCACCACGGGCUGUUUAUAG	0
NM_002649.3:326-355	NM_002649.3	NM_002649.3.fasta	326	355	+	30	TATAAACAGCCCGTGGTGCTGAGAGAGGAC	GUCCUCUCUCAGCACCACGGGCUGUUUAUA	0
NM_002649.3:327-356	NM_002649.3	NM_002649.3.fasta	327	356	+	30	ATAAACAGCCCGTGGTGCTGAGAGAGGACA	UGUCCUCUCUCAGCACCACGGGCUGUUUAU	0
NM_002649.3:328-357	NM_002649.3	NM_002649.3.fasta	328	357	+	30	TAAACAGCCCGTGGTGCTGAGAGAGGACAA	UUGUCCUCUCUCAGCACCACGGGCUGUUUA	0
NM_002649.3:329-358	NM_002649.3	NM_002649.3.fasta	329	358	+	30	AAACAGCCCGTGGTGCTGAGAGAGGACAAC	GUUGUCCUCUCUCAGCACCACGGGCUGUUU	0
NM_002649.3:330-359	NM_002649.3	NM_002649.3.fasta	330	359	+	30	AACAGCCCGTGGTGCTGAGAGAGGACAACT	AGUUGUCCUCUCUCAGCACCACGGGCUGUU	0
NM_002649.3:331-360	NM_002649.3	NM_002649.3.fasta	331	360	+	30	ACAGCCCGTGGTGCTGAGAGAGGACAACTG	CAGUUGUCCUCUCUCAGCACCACGGGCUGU	0
NM_002649.3:332-361	NM_002649.3	NM_002649.3.fasta	332	361	+	30	CAGCCCGTGGTGCTGAGAGAGGACAACTGC	GCAGUUGUCCUCUCUCAGCACCACGGGCUG	0
NM_002649.3:333-362	NM_002649.3	NM_002649.3.fasta	333	362	+	30	AGCCCGTGGTGCTGAGAGAGGACAACTGCC	GGCAGUUGUCCUCUCUCAGCACCACGGGCU	0
NM_002649.3:334-363	NM_002649.3	NM_002649.3.fasta	334	363	+	30	GCCCGTGGTGCTGAGAGAGGACAACTGCCG	CGGCAGUUGUCCUCUCUCAGCACCACGGGC	0
NM_002649.3:335-364	NM_002649.3	NM_002649.3.fasta	335	364	+	30	CCCGTGGTGCTGAGAGAGGACAACTGCCGA	UCGGCAGUUGUCCUCUCUCAGCACCACGGG	0
NM_002649.3:336-365	NM_002649.3	NM_002649.3.fasta	336	365	+	30	CCGTGGTGCTGAGAGAGGACAACTGCCGAA	UUCGGCAGUUGUCCUCUCUCAGCACCACGG	0
NM_002649.3:337-366	NM_002649.3	NM_002649.3.fasta	337	366	+	30	CGTGGTGCTGAGAGAGGACAACTGCCGAAG	CUUCGGCAGUUGUCCUCUCUCAGCACCACG	0
NM_002649.3:338-367	NM_002649.3	NM_002649.3.fasta	338	367	+	30	GTGGTGCTGAGAGAGGACAACTGCCGAAGG	CCUUCGGCAGUUGUCCUCUCUCAGCACCAC	0
NM_002649.3:339-368	NM_002649.3	NM_002649.3.fasta	339	368	+	30	TGGTGCTGAGAGAGGACAACTGCCGAAGGC	GCCUUCGGCAGUUGUCCUCUCUCAGCACCA	0
NM_002649.3:340-369	NM_002649.3	NM_002649.3.fasta	340	369	+	30	GGTGCTGAGAGAGGACAACTGCCGAAGGCG	CGCCUUCGGCAGUUGUCCUCUCUCAGCACC	0
NM_002649.3:341-370	NM_002649.3	NM_002649.3.fasta	341	370	+	30	GTGCTGAGAGAGGACAACTGCCGAAGGCGC	GCGCCUUCGGCAGUUGUCCUCUCUCAGCAC	0
NM_002649.3:342-371	NM_002649.3	NM_002649.3.fasta	342	371	+	30	TGCTGAGAGAGGACAACTGCCGAAGGCGCC	GGCGCCUUCGGCAGUUGUCCUCUCUCAGCA	0
NM_002649.3:343-372	NM_002649.3	NM_002649.3.fasta	343	372	+	30	GCTGAGAGAGGACAACTGCCGAAGGCGCCG	CGGCGCCUUCGGCAGUUGUCCUCUCUCAGC	0
NM_002649.3:344-373	NM_002649.3	NM_002649.3.fasta	344	373	+	30	CTGAGAGAGGACAACTGCCGAAGGCGCCGG	CCGGCGCCUUCGGCAGUUGUCCUCUCUCAG	0
NM_002649.3:345-374	NM_002649.3	NM_002649.3.fasta	345	374	+	30	TGAGAGAGGACAACTGCCGAAGGCGCCGGA	UCCGGCGCCUUCGGCAGUUGUCCUCUCUCA	0
NM_002649.3:346-375	NM_002649.3	NM_002649.3.fasta	346	375	+	30	GAGAGAGGACAACTGCCGAAGGCGCCGGAG	CUCCGGCGCCUUCGGCAGUUGUCCUCUCUC	0
NM_002649.3:347-376	NM_002649.3	NM_002649.3.fasta	347	376	+	30	AGAGAGGACAACTGCCGAAGGCGCCGGAGG	CCUCCGGCGCCUUCGGCAGUUGUCCUCUCU	0
NM_002649.3:348-377	NM_002649.3	NM_002649.3.fasta	348	377	+	30	GAGAGGACAACTGCCGAAGGCGCCGGAGGA	UCCUCCGGCGCCUUCGGCAGUUGUCCUCUC	0
NM_002649.3:349-378	NM_002649.3	NM_002649.3.fasta	349	378	+	30	AGAGGACAACTGCCGAAGGCGCCGGAGGAT	AUCCUCCGGCGCCUUCGGCAGUUGUCCUCU	0
NM_002649.3:350-379	NM_002649.3	NM_002649.3.fasta	350	379	+	30	GAGGACAACTGCCGAAGGCGCCGGAGGATG	CAUCCUCCGGCGCCUUCGGCAGUUGUCCUC	0
NM_002649.3:351-380	NM_002649.3	NM_002649.3.fasta	351	380	+	30	AGGACAACTGCCGAAGGCGCCGGAGGATGA	UCAUCCUCCGGCGCCUUCGGCAGUUGUCCU	0
NM_002649.3:352-381	NM_002649.3	NM_002649.3.fasta	352	381	+	30	GGACAACTGCCGAAGGCGCCGGAGGATGAA	UUCAUCCUCCGGCGCCUUCGGCAGUUGUCC	0
NM_002649.3:353-382	NM_002649.3	NM_002649.3.fasta	353	382	+	30	GACAACTGCCGAAGGCGCCGGAGGATGAAG	CUUCAUCCUCCGGCGCCUUCGGCAGUUGUC	0
NM_002649.3:354-383	NM_002649.3	NM_002649.3.fasta	354	383	+	30	ACAACTGCCGAAGGCGCCGGAGGATGAAGC	GCUUCAUCCUCCGGCGCCUUCGGCAGUUGU	0
NM_002649.3:355-384	NM_002649.3	NM_002649.3.fasta	355	384	+	30	CAACTGCCGAAGGCGCCGGAGGATGAAGCC	GGCUUCAUCCUCCGGCGCCUUCGGCAGUUG	0
NM_002649.3:356-385	NM_002649.3	NM_002649.3.fasta	356	385	+	30	AACTGCCGAAGGCGCCGGAGGATGAAGCCG	CGGCUUCAUCCUCCGGCGCCUUCGGCAGUU	0
NM_002649.3:357-386	NM_002649.3	NM_002649.3.fasta	357	386	+	30	ACTGCCGAAGGCGCCGGAGGATGAAGCCGC	GCGGCUUCAUCCUCCGGCGCCUUCGGCAGU	0
NM_002649.3:358-387	NM_002649.3	NM_002649.3.fasta	358	387	+	30	CTGCCGAAGGCGCCGGAGGATGAAGCCGCG	CGCGGCUUCAUCCUCCGGCGCCUUCGGCAG	0
NM_002649.3:359-388	NM_002649.3	NM_002649.3.fasta	359	388	+	30	TGCCGAAGGCGCCGGAGGATGAAGCCGCGC	GCGCGGCUUCAUCCUCCGGCGCCUUCGGCA	0
NM_002649.3:360-389	NM_002649.3	NM_002649.3.fasta	360	389	+	30	GCCGAAGGCGCCGGAGGATGAAGCCGCGCA	UGCGCGGCUUCAUCCUCCGGCGCCUUCGGC	0
NM_002649.3:361-390	NM_002649.3	NM_002649.3.fasta	361	390	+	30	CCGAAGGCGCCGGAGGATGAAGCCGCGCAG	CUGCGCGGCUUCAUCCUCCGGCGCCUUCGG	0
NM_002649.3:362-391	NM_002649.3	NM_002649.3.fasta	362	391	+	30	CGAAGGCGCCGGAGGATGAAGCCGCGCAGT	ACUGCGCGGCUUCAUCCUCCGGCGCCUUCG	0
NM_002649.3:363-392	NM_002649.3	NM_002649.3.fasta	363	392	+	30	GAAGGCGCCGGAGGATGAAGCCGCGCAGTG	CACUGCGCGGCUUCAUCCUCCGGCGCCUUC	0
NM_002649.3:364-393	NM_002649.3	NM_002649.3.fasta	364	393	+	30	AAGGCGCCGGAGGATGAAGCCGCGCAGTGC	GCACUGCGCGGCUUCAUCCUCCGGCGCCUU	0
NM_002649.3:365-394	NM_002649.3	NM_002649.3.fasta	365	394	+	30	AGGCGCCGGAGGATGAAGCCGCGCAGTGCT	AGCACUGCGCGGCUUCAUCCUCCGGCGCCU	0
NM_002649.3:366-395	NM_002649.3	NM_002649.3.fasta	366	395	+	30	GGCGCCGGAGGATGAAGCCGCGCAGTGCTG	CAGCACUGCGCGGCUUCAUCCUCCGGCGCC	0
NM_002649.3:367-396	NM_002649.3	NM_002649.3.fasta	367	396	+	30	GCGCCGGAGGATGAAGCCGCGCAGTGCTGC	GCAGCACUGCGCGGCUUCAUCCUCCGGCGC	0
NM_002649.3:368-397	NM_002649.3	NM_002649.3.fasta	368	397	+	30	CGCCGGAGGATGAAGCCGCGCAGTGCTGCG	CGCAGCACUGCGCGGCUUCAUCCUCCGGCG	0
NM_002649.3:369-398	NM_002649.3	NM_002649.3.fasta	369	398	+	30	GCCGGAGGATGAAGCCGCGCAGTGCTGCGG	CCGCAGCACUGCGCGGCUUCAUCCUCCGGC	0
NM_002649.3:370-399	NM_002649.3	NM_002649.3.fasta	370	399	+	30	CCGGAGGATGAAGCCGCGCAGTGCTGCGGC	GCCGCAGCACUGCGCGGCUUCAUCCUCCGG	0
NM_002649.3:371-400	NM_002649.3	NM_002649.3.fasta	371	400	+	30	CGGAGGATGAAGCCGCGCAGTGCTGCGGCC	GGCCGCAGCACUGCGCGGCUUCAUCCUCCG	0
NM_002649.3:372-401	NM_002649.3	NM_002649.3.fasta	372	401	+	30	GGAGGATGAAGCCGCGCAGTGCTGCGGCCA	UGGCCGCAGCACUGCGCGGCUUCAUCCUCC	0
NM_002649.3:373-402	NM_002649.3	NM_002649.3.fasta	373	402	+	30	GAGGATGAAGCCGCGCAGTGCTGCGGCCAG	CUGGCCGCAGCACUGCGCGGCUUCAUCCUC	0
NM_002649.3:374-403	NM_002649.3	NM_002649.3.fasta	374	403	+	30	AGGATGAAGCCGCGCAGTGCTGCGGCCAGC	GCUGGCCGCAGCACUGCGCGGCUUCAUCCU	0
NM_002649.3:375-404	NM_002649.3	NM_002649.3.fasta	375	404	+	30	GGATGAAGCCGCGCAGTGCTGCGGCCAGCC	GGCUGGCCGCAGCACUGCGCGGCUUCAUCC	0
NM_002649.3:376-405	NM_002649.3	NM_002649.3.fasta	376	405	+	30	GATGAAGCCGCGCAGTGCTGCGGCCAGCCT	AGGCUGGCCGCAGCACUGCGCGGCUUCAUC	0
NM_002649.3:377-406	NM_002649.3	NM_002649.3.fasta	377	406	+	30	ATGAAGCCGCGCAGTGCTGCGGCCAGCCTG	CAGGCUGGCCGCAGCACUGCGCGGCUUCAU	0
NM_002649.3:378-407	NM_002649.3	NM_002649.3.fasta	378	407	+	30	TGAAGCCGCGCAGTGCTGCGGCCAGCCTGT	ACAGGCUGGCCGCAGCACUGCGCGGCUUCA	0
NM_002649.3:379-408	NM_002649.3	NM_002649.3.fasta	379	408	+	30	GAAGCCGCGCAGTGCTGCGGCCAGCCTGTC	GACAGGCUGGCCGCAGCACUGCGCGGCUUC	0
NM_002649.3:380-409	NM_002649.3	NM_002649.3.fasta	380	409	+	30	AAGCCGCGCAGTGCTGCGGCCAGCCTGTCC	GGACAGGCUGGCCGCAGCACUGCGCGGCUU	0
NM_002649.3:381-410	NM_002649.3	NM_002649.3.fasta	381	410	+	30	AGCCGCGCAGTGCTGCGGCCAGCCTGTCCT	AGGACAGGCUGGCCGCAGCACUGCGCGGCU	0
NM_002649.3:382-411	NM_002649.3	NM_002649.3.fasta	382	411	+	30	GCCGCGCAGTGCTGCGGCCAGCCTGTCCTC	GAGGACAGGCUGGCCGCAGCACUGCGCGGC	0
NM_002649.3:383-412	NM_002649.3	NM_002649.3.fasta	383	412	+	30	CCGCGCAGTGCTGCGGCCAGCCTGTCCTCC	GGAGGACAGGCUGGCCGCAGCACUGCGCGG	0
NM_002649.3:384-413	NM_002649.3	NM_002649.3.fasta	384	413	+	30	CGCGCAGTGCTGCGGCCAGCCTGTCCTCCA	UGGAGGACAGGCUGGCCGCAGCACUGCGCG	0
NM_002649.3:385-414	NM_002649.3	NM_002649.3.fasta	385	414	+	30	GCGCAGTGCTGCGGCCAGCCTGTCCTCCAT	AUGGAGGACAGGCUGGCCGCAGCACUGCGC	0
NM_002649.3:386-415	NM_002649.3	NM_002649.3.fasta	386	415	+	30	CGCAGTGCTGCGGCCAGCCTGTCCTCCATG	CAUGGAGGACAGGCUGGCCGCAGCACUGCG	0
NM_002649.3:387-416	NM_002649.3	NM_002649.3.fasta	387	416	+	30	GCAGTGCTGCGGCCAGCCTGTCCTCCATGG	CCAUGGAGGACAGGCUGGCCGCAGCACUGC	0
NM_002649.3:388-417	NM_002649.3	NM_002649.3.fasta	388	417	+	30	CAGTGCTGCGGCCAGCCTGTCCTCCATGGA	UCCAUGGAGGACAGGCUGGCCGCAGCACUG	0
NM_002649.3:389-418	NM_002649.3	NM_002649.3.fasta	389	418	+	30	AGTGCTGCGGCCAGCCTGTCCTCCATGGAG	CUCCAUGGAGGACAGGCUGGCCGCAGCACU	0
NM_002649.3:390-419	NM_002649.3	NM_002649.3.fasta	390	419	+	30	GTGCTGCGGCCAGCCTGTCCTCCATGGAGC	GCUCCAUGGAGGACAGGCUGGCCGCAGCAC	0
NM_002649.3:391-420	NM_002649.3	NM_002649.3.fasta	391	420	+	30	TGCTGCGGCCAGCCTGTCCTCCATGGAGCT	AGCUCCAUGGAGGACAGGCUGGCCGCAGCA	0
NM_002649.3:392-421	NM_002649.3	NM_002649.3.fasta	392	421	+	30	GCTGCGGCCAGCCTGTCCTCCATGGAGCTC	GAGCUCCAUGGAGGACAGGCUGGCCGCAGC	0
NM_002649.3:393-422	NM_002649.3	NM_002649.3.fasta	393	422	+	30	CTGCGGCCAGCCTGTCCTCCATGGAGCTCA	UGAGCUCCAUGGAGGACAGGCUGGCCGCAG	0
NM_002649.3:394-423	NM_002649.3	NM_002649.3.fasta	394	423	+	30	TGCGGCCAGCCTGTCCTCCATGGAGCTCAT	AUGAGCUCCAUGGAGGACAGGCUGGCCGCA	0
NM_002649.3:395-424	NM_002649.3	NM_002649.3.fasta	395	424	+	30	GCGGCCAGCCTGTCCTCCATGGAGCTCATC	GAUGAGCUCCAUGGAGGACAGGCUGGCCGC	0
NM_002649.3:396-425	NM_002649.3	NM_002649.3.fasta	396	425	+	30	CGGCCAGCCTGTCCTCCATGGAGCTCATCC	GGAUGAGCUCCAUGGAGGACAGGCUGGCCG	0
NM_002649.3:397-426	NM_002649.3	NM_002649.3.fasta	397	426	+	30	GGCCAGCCTGTCCTCCATGGAGCTCATCCC	GGGAUGAGCUCCAUGGAGGACAGGCUGGCC	0
NM_002649.3:398-427	NM_002649.3	NM_002649.3.fasta	398	427	+	30	GCCAGCCTGTCCTCCATGGAGCTCATCCCC	GGGGAUGAGCUCCAUGGAGGACAGGCUGGC	0
NM_002649.3:399-428	NM_002649.3	NM_002649.3.fasta	399	428	+	30	CCAGCCTGTCCTCCATGGAGCTCATCCCCA	UGGGGAUGAGCUCCAUGGAGGACAGGCUGG	0
NM_002649.3:400-429	NM_002649.3	NM_002649.3.fasta	400	429	+	30	CAGCCTGTCCTCCATGGAGCTCATCCCCAT	AUGGGGAUGAGCUCCAUGGAGGACAGGCUG	0
NM_002649.3:401-430	NM_002649.3	NM_002649.3.fasta	401	430	+	30	AGCCTGTCCTCCATGGAGCTCATCCCCATC	GAUGGGGAUGAGCUCCAUGGAGGACAGGCU	0
NM_002649.3:402-431	NM_002649.3	NM_002649.3.fasta	402	431	+	30	GCCTGTCCTCCATGGAGCTCATCCCCATCG	CGAUGGGGAUGAGCUCCAUGGAGGACAGGC	0
NM_002649.3:403-432	NM_002649.3	NM_002649.3.fasta	403	432	+	30	CCTGTCCTCCATGGAGCTCATCCCCATCGA	UCGAUGGGGAUGAGCUCCAUGGAGGACAGG	0
NM_002649.3:404-433	NM_002649.3	NM_002649.3.fasta	404	433	+	30	CTGTCCTCCATGGAGCTCATCCCCATCGAG	CUCGAUGGGGAUGAGCUCCAUGGAGGACAG	0
NM_002649.3:405-434	NM_002649.3	NM_002649.3.fasta	405	434	+	30	TGTCCTCCATGGAGCTCATCCCCATCGAGT	ACUCGAUGGGGAUGAGCUCCAUGGAGGACA	0
NM_002649.3:406-435	NM_002649.3	NM_002649.3.fasta	406	435	+	30	GTCCTCCATGGAGCTCATCCCCATCGAGTT	AACUCGAUGGGGAUGAGCUCCAUGGAGGAC	0
NM_002649.3:407-436	NM_002649.3	NM_002649.3.fasta	407	436	+	30	TCCTCCATGGAGCTCATCCCCATCGAGTTC	GAACUCGAUGGGGAUGAGCUCCAUGGAGGA	0
NM_002649.3:408-437	NM_002649.3	NM_002649.3.fasta	408	437	+	30	CCTCCATGGAGCTCATCCCCATCGAGTTCG	CGAACUCGAUGGGGAUGAGCUCCAUGGAGG	0
NM_002649.3:409-438	NM_002649.3	NM_002649.3.fasta	409	438	+	30	CTCCATGGAGCTCATCCCCATCGAGTTCGT	ACGAACUCGAUGGGGAUGAGCUCCAUGGAG	0
NM_002649.3:410-439	NM_002649.3	NM_002649.3.fasta	410	439	+	30	TCCATGGAGCTCATCCCCATCGAGTTCGTG	CACGAACUCGAUGGGGAUGAGCUCCAUGGA	0
NM_002649.3:411-440	NM_002649.3	NM_002649.3.fasta	411	440	+	30	CCATGGAGCTCATCCCCATCGAGTTCGTGC	GCACGAACUCGAUGGGGAUGAGCUCCAUGG	0
NM_002649.3:412-441	NM_002649.3	NM_002649.3.fasta	412	441	+	30	CATGGAGCTCATCCCCATCGAGTTCGTGCT	AGCACGAACUCGAUGGGGAUGAGCUCCAUG	0
NM_002649.3:413-442	NM_002649.3	NM_002649.3.fasta	413	442	+	30	ATGGAGCTCATCCCCATCGAGTTCGTGCTG	CAGCACGAACUCGAUGGGGAUGAGCUCCAU	0
NM_002649.3:414-443	NM_002649.3	NM_002649.3.fasta	414	443	+	30	TGGAGCTCATCCCCATCGAGTTCGTGCTGC	GCAGCACGAACUCGAUGGGGAUGAGCUCCA	0
NM_002649.3:415-444	NM_002649.3	NM_002649.3.fasta	415	444	+	30	GGAGCTCATCCCCATCGAGTTCGTGCTGCC	GGCAGCACGAACUCGAUGGGGAUGAGCUCC	0
NM_002649.3:416-445	NM_002649.3	NM_002649.3.fasta	416	445	+	30	GAGCTCATCCCCATCGAGTTCGTGCTGCCC	GGGCAGCACGAACUCGAUGGGGAUGAGCUC	0
NM_002649.3:417-446	NM_002649.3	NM_002649.3.fasta	417	446	+	30	AGCTCATCCCCATCGAGTTCGTGCTGCCCA	UGGGCAGCACGAACUCGAUGGGGAUGAGCU	0
NM_002649.3:418-447	NM_002649.3	NM_002649.3.fasta	418	447	+	30	GCTCATCCCCATCGAGTTCGTGCTGCCCAC	GUGGGCAGCACGAACUCGAUGGGGAUGAGC	0
NM_002649.3:419-448	NM_002649.3	NM_002649.3.fasta	419	448	+	30	CTCATCCCCATCGAGTTCGTGCTGCCCACC	GGUGGGCAGCACGAACUCGAUGGGGAUGAG	0
NM_002649.3:420-449	NM_002649.3	NM_002649.3.fasta	420	449	+	30	TCATCCCCATCGAGTTCGTGCTGCCCACCA	UGGUGGGCAGCACGAACUCGAUGGGGAUGA	0
NM_002649.3:421-450	NM_002649.3	NM_002649.3.fasta	421	450	+	30	CATCCCCATCGAGTTCGTGCTGCCCACCAG	CUGGUGGGCAGCACGAACUCGAUGGGGAUG	0
NM_002649.3:422-451	NM_002649.3	NM_002649.3.fasta	422	451	+	30	ATCCCCATCGAGTTCGTGCTGCCCACCAGC	GCUGGUGGGCAGCACGAACUCGAUGGGGAU	0
NM_002649.3:423-452	NM_002649.3	NM_002649.3.fasta	423	452	+	30	TCCCCATCGAGTTCGTGCTGCCCACCAGCC	GGCUGGUGGGCAGCACGAACUCGAUGGGGA	0
NM_002649.3:424-453	NM_002649.3	NM_002649.3.fasta	424	453	+	30	CCCCATCGAGTTCGTGCTGCCCACCAGCCA	UGGCUGGUGGGCAGCACGAACUCGAUGGGG	0
NM_002649.3:425-454	NM_002649.3	NM_002649.3.fasta	425	454	+	30	CCCATCGAGTTCGTGCTGCCCACCAGCCAG	CUGGCUGGUGGGCAGCACGAACUCGAUGGG	0
NM_002649.3:426-455	NM_002649.3	NM_002649.3.fasta	426	455	+	30	CCATCGAGTTCGTGCTGCCCACCAGCCAGC	GCUGGCUGGUGGGCAGCACGAACUCGAUGG	0
NM_002649.3:427-456	NM_002649.3	NM_002649.3.fasta	427	456	+	30	CATCGAGTTCGTGCTGCCCACCAGCCAGCG	CGCUGGCUGGUGGGCAGCACGAACUCGAUG	0
NM_002649.3:428-457	NM_002649.3	NM_002649.3.fasta	428	457	+	30	ATCGAGTTCGTGCTGCCCACCAGCCAGCGC	GCGCUGGCUGGUGGGCAGCACGAACUCGAU	0
NM_002649.3:429-458	NM_002649.3	NM_002649.3.fasta	429	458	+	30	TCGAGTTCGTGCTGCCCACCAGCCAGCGCA	UGCGCUGGCUGGUGGGCAGCACGAACUCGA	0
NM_002649.3:430-459	NM_002649.3	NM_002649.3.fasta	430	459	+	30	CGAGTTCGTGCTGCCCACCAGCCAGCGCAA	UUGCGCUGGCUGGUGGGCAGCACGAACUCG	0
NM_002649.3:431-460	NM_002649.3	NM_002649.3.fasta	431	460	+	30	GAGTTCGTGCTGCCCACCAGCCAGCGCAAA	UUUGCGCUGGCUGGUGGGCAGCACGAACUC	0
NM_002649.3:432-461	NM_002649.3	NM_002649.3.fasta	432	461	+	30	AGTTCGTGCTGCCCACCAGCCAGCGCAAAT	AUUUGCGCUGGCUGGUGGGCAGCACGAACU	0
NM_002649.3:433-462	NM_002649.3	NM_002649.3.fasta	433	462	+	30	GTTCGTGCTGCCCACCAGCCAGCGCAAATG	CAUUUGCGCUGGCUGGUGGGCAGCACGAAC	0
NM_002649.3:434-463	NM_002649.3	NM_002649.3.fasta	434	463	+	30	TTCGTGCTGCCCACCAGCCAGCGCAAATGC	GCAUUUGCGCUGGCUGGUGGGCAGCACGAA	0
NM_002649.3:435-464	NM_002649.3	NM_002649.3.fasta	435	464	+	30	TCGTGCTGCCCACCAGCCAGCGCAAATGCA	UGCAUUUGCGCUGGCUGGUGGGCAGCACGA	0
NM_002649.3:436-465	NM_002649.3	NM_002649.3.fasta	436	465	+	30	CGTGCTGCCCACCAGCCAGCGCAAATGCAA	UUGCAUUUGCGCUGGCUGGUGGGCAGCACG	0
NM_002649.3:437-466	NM_002649.3	NM_002649.3.fasta	437	466	+	30	GTGCTGCCCACCAGCCAGCGCAAATGCAAG	CUUGCAUUUGCGCUGGCUGGUGGGCAGCAC	0
NM_002649.3:438-467	NM_002649.3	NM_002649.3.fasta	438	467	+	30	TGCTGCCCACCAGCCAGCGCAAATGCAAGA	UCUUGCAUUUGCGCUGGCUGGUGGGCAGCA	0
NM_002649.3:439-468	NM_002649.3	NM_002649.3.fasta	439	468	+	30	GCTGCCCACCAGCCAGCGCAAATGCAAGAG	CUCUUGCAUUUGCGCUGGCUGGUGGGCAGC	0
NM_002649.3:440-469	NM_002649.3	NM_002649.3.fasta	440	469	+	30	CTGCCCACCAGCCAGCGCAAATGCAAGAGC	GCUCUUGCAUUUGCGCUGGCUGGUGGGCAG	0
NM_002649.3:441-470	NM_002649.3	NM_002649.3.fasta	441	470	+	30	TGCCCACCAGCCAGCGCAAATGCAAGAGCC	GGCUCUUGCAUUUGCGCUGGCUGGUGGGCA	0
NM_002649.3:442-471	NM_002649.3	NM_002649.3.fasta	442	471	+	30	GCCCACCAGCCAGCGCAAATGCAAGAGCCC	GGGCUCUUGCAUUUGCGCUGGCUGGUGGGC	0
NM_002649.3:443-472	NM_002649.3	NM_002649.3.fasta	443	472	+	30	CCCACCAGCCAGCGCAAATGCAAGAGCCCC	GGGGCUCUUGCAUUUGCGCUGGCUGGUGGG	0
NM_002649.3:444-473	NM_002649.3	NM_002649.3.fasta	444	473	+	30	CCACCAGCCAGCGCAAATGCAAGAGCCCCG	CGGGGCUCUUGCAUUUGCGCUGGCUGGUGG	0
NM_002649.3:445-474	NM_002649.3	NM_002649.3.fasta	445	474	+	30	CACCAGCCAGCGCAAATGCAAGAGCCCCGA	UCGGGGCUCUUGCAUUUGCGCUGGCUGGUG	0
NM_002649.3:446-475	NM_002649.3	NM_002649.3.fasta	446	475	+	30	ACCAGCCAGCGCAAATGCAAGAGCCCCGAA	UUCGGGGCUCUUGCAUUUGCGCUGGCUGGU	0
NM_002649.3:447-476	NM_002649.3	NM_002649.3.fasta	447	476	+	30	CCAGCCAGCGCAAATGCAAGAGCCCCGAAA	UUUCGGGGCUCUUGCAUUUGCGCUGGCUGG	0
NM_002649.3:448-477	NM_002649.3	NM_002649.3.fasta	448	477	+	30	CAGCCAGCGCAAATGCAAGAGCCCCGAAAC	GUUUCGGGGCUCUUGCAUUUGCGCUGGCUG	0
NM_002649.3:449-478	NM_002649.3	NM_002649.3.fasta	449	478	+	30	AGCCAGCGCAAATGCAAGAGCCCCGAAACG	CGUUUCGGGGCUCUUGCAUUUGCGCUGGCU	0
NM_002649.3:450-479	NM_002649.3	NM_002649.3.fasta	450	479	+	30	GCCAGCGCAAATGCAAGAGCCCCGAAACGG	CCGUUUCGGGGCUCUUGCAUUUGCGCUGGC	0
NM_002649.3:451-480	NM_002649.3	NM_002649.3.fasta	451	480	+	30	CCAGCGCAAATGCAAGAGCCCCGAAACGGC	GCCGUUUCGGGGCUCUUGCAUUUGCGCUGG	0
NM_002649.3:452-481	NM_002649.3	NM_002649.3.fasta	452	481	+	30	CAGCGCAAATGCAAGAGCCCCGAAACGGCG	CGCCGUUUCGGGGCUCUUGCAUUUGCGCUG	0
NM_002649.3:453-482	NM_002649.3	NM_002649.3.fasta	453	482	+	30	AGCGCAAATGCAAGAGCCCCGAAACGGCGC	GCGCCGUUUCGGGGCUCUUGCAUUUGCGCU	0
NM_002649.3:454-483	NM_002649.3	NM_002649.3.fasta	454	483	+	30	GCGCAAATGCAAGAGCCCCGAAACGGCGCT	AGCGCCGUUUCGGGGCUCUUGCAUUUGCGC	0
NM_002649.3:455-484	NM_002649.3	NM_002649.3.fasta	455	484	+	30	CGCAAATGCAAGAGCCCCGAAACGGCGCTG	CAGCGCCGUUUCGGGGCUCUUGCAUUUGCG	0
NM_002649.3:456-485	NM_002649.3	NM_002649.3.fasta	456	485	+	30	GCAAATGCAAGAGCCCCGAAACGGCGCTGC	GCAGCGCCGUUUCGGGGCUCUUGCAUUUGC	0
NM_002649.3:457-486	NM_002649.3	NM_002649.3.fasta	457	486	+	30	CAAATGCAAGAGCCCCGAAACGGCGCTGCT	AGCAGCGCCGUUUCGGGGCUCUUGCAUUUG	0
NM_002649.3:458-487	NM_002649.3	NM_002649.3.fasta	458	487	+	30	AAATGCAAGAGCCCCGAAACGGCGCTGCTG	CAGCAGCGCCGUUUCGGGGCUCUUGCAUUU	0
NM_002649.3:459-488	NM_002649.3	NM_002649.3.fasta	459	488	+	30	AATGCAAGAGCCCCGAAACGGCGCTGCTGC	GCAGCAGCGCCGUUUCGGGGCUCUUGCAUU	0
NM_002649.3:460-489	NM_002649.3	NM_002649.3.fasta	460	489	+	30	ATGCAAGAGCCCCGAAACGGCGCTGCTGCA	UGCAGCAGCGCCGUUUCGGGGCUCUUGCAU	0
NM_002649.3:461-490	NM_002649.3	NM_002649.3.fasta	461	490	+	30	TGCAAGAGCCCCGAAACGGCGCTGCTGCAC	GUGCAGCAGCGCCGUUUCGGGGCUCUUGCA	0
NM_002649.3:462-491	NM_002649.3	NM_002649.3.fasta	462	491	+	30	GCAAGAGCCCCGAAACGGCGCTGCTGCACG	CGUGCAGCAGCGCCGUUUCGGGGCUCUUGC	0
NM_002649.3:463-492	NM_002649.3	NM_002649.3.fasta	463	492	+	30	CAAGAGCCCCGAAACGGCGCTGCTGCACGT	ACGUGCAGCAGCGCCGUUUCGGGGCUCUUG	0
NM_002649.3:464-493	NM_002649.3	NM_002649.3.fasta	464	493	+	30	AAGAGCCCCGAAACGGCGCTGCTGCACGTG	CACGUGCAGCAGCGCCGUUUCGGGGCUCUU	0
NM_002649.3:465-494	NM_002649.3	NM_002649.3.fasta	465	494	+	30	AGAGCCCCGAAACGGCGCTGCTGCACGTGG	CCACGUGCAGCAGCGCCGUUUCGGGGCUCU	0
NM_002649.3:466-495	NM_002649.3	NM_002649.3.fasta	466	495	+	30	GAGCCCCGAAACGGCGCTGCTGCACGTGGC	GCCACGUGCAGCAGCGCCGUUUCGGGGCUC	0
NM_002649.3:467-496	NM_002649.3	NM_002649.3.fasta	467	496	+	30	AGCCCCGAAACGGCGCTGCTGCACGTGGCC	GGCCACGUGCAGCAGCGCCGUUUCGGGGCU	0
NM_002649.3:468-497	NM_002649.3	NM_002649.3.fasta	468	497	+	30	GCCCCGAAACGGCGCTGCTGCACGTGGCCG	CGGCCACGUGCAGCAGCGCCGUUUCGGGGC	0
NM_002649.3:469-498	NM_002649.3	NM_002649.3.fasta	469	498	+	30	CCCCGAAACGGCGCTGCTGCACGTGGCCGG	CCGGCCACGUGCAGCAGCGCCGUUUCGGGG	0
NM_002649.3:470-499	NM_002649.3	NM_002649.3.fasta	470	499	+	30	CCCGAAACGGCGCTGCTGCACGTGGCCGGC	GCCGGCCACGUGCAGCAGCGCCGUUUCGGG	0
NM_002649.3:471-500	NM_002649.3	NM_002649.3.fasta	471	500	+	30	CCGAAACGGCGCTGCTGCACGTGGCCGGCC	GGCCGGCCACGUGCAGCAGCGCCGUUUCGG	0
NM_002649.3:472-501	NM_002649.3	NM_002649.3.fasta	472	501	+	30	CGAAACGGCGCTGCTGCACGTGGCCGGCCA	UGGCCGGCCACGUGCAGCAGCGCCGUUUCG	0
NM_002649.3:473-502	NM_002649.3	NM_002649.3.fasta	473	502	+	30	GAAACGGCGCTGCTGCACGTGGCCGGCCAC	GUGGCCGGCCACGUGCAGCAGCGCCGUUUC	0
NM_002649.3:474-503	NM_002649.3	NM_002649.3.fasta	474	503	+	30	AAACGGCGCTGCTGCACGTGGCCGGCCACG	CGUGGCCGGCCACGUGCAGCAGCGCCGUUU	0
NM_002649.3:475-504	NM_002649.3	NM_002649.3.fasta	475	504	+	30	AACGGCGCTGCTGCACGTGGCCGGCCACGG	CCGUGGCCGGCCACGUGCAGCAGCGCCGUU	0
NM_002649.3:476-505	NM_002649.3	NM_002649.3.fasta	476	505	+	30	ACGGCGCTGCTGCACGTGGCCGGCCACGGC	GCCGUGGCCGGCCACGUGCAGCAGCGCCGU	0
NM_002649.3:477-506	NM_002649.3	NM_002649.3.fasta	477	506	+	30	CGGCGCTGCTGCACGTGGCCGGCCACGGCA	UGCCGUGGCCGGCCACGUGCAGCAGCGCCG	0
NM_002649.3:478-507	NM_002649.3	NM_002649.3.fasta	478	507	+	30	GGCGCTGCTGCACGTGGCCGGCCACGGCAA	UUGCCGUGGCCGGCCACGUGCAGCAGCGCC	0
NM_002649.3:479-508	NM_002649.3	NM_002649.3.fasta	479	508	+	30	GCGCTGCTGCACGTGGCCGGCCACGGCAAC	GUUGCCGUGGCCGGCCACGUGCAGCAGCGC	0
NM_002649.3:480-509	NM_002649.3	NM_002649.3.fasta	480	509	+	30	CGCTGCTGCACGTGGCCGGCCACGGCAACG	CGUUGCCGUGGCCGGCCACGUGCAGCAGCG	0
NM_002649.3:481-510	NM_002649.3	NM_002649.3.fasta	481	510	+	30	GCTGCTGCACGTGGCCGGCCACGGCAACGT	ACGUUGCCGUGGCCGGCCACGUGCAGCAGC	0
NM_002649.3:482-511	NM_002649.3	NM_002649.3.fasta	482	511	+	30	CTGCTGCACGTGGCCGGCCACGGCAACGTG	CACGUUGCCGUGGCCGGCCACGUGCAGCAG	0
NM_002649.3:483-512	NM_002649.3	NM_002649.3.fasta	483	512	+	30	TGCTGCACGTGGCCGGCCACGGCAACGTGG	CCACGUUGCCGUGGCCGGCCACGUGCAGCA	0
NM_002649.3:484-513	NM_002649.3	NM_002649.3.fasta	484	513	+	30	GCTGCACGTGGCCGGCCACGGCAACGTGGA	UCCACGUUGCCGUGGCCGGCCACGUGCAGC	0
NM_002649.3:485-514	NM_002649.3	NM_002649.3.fasta	485	514	+	30	CTGCACGTGGCCGGCCACGGCAACGTGGAG	CUCCACGUUGCCGUGGCCGGCCACGUGCAG	0
NM_002649.3:486-515	NM_002649.3	NM_002649.3.fasta	486	515	+	30	TGCACGTGGCCGGCCACGGCAACGTGGAGC	GCUCCACGUUGCCGUGGCCGGCCACGUGCA	0
NM_002649.3:487-516	NM_002649.3	NM_002649.3.fasta	487	516	+	30	GCACGTGGCCGGCCACGGCAACGTGGAGCA	UGCUCCACGUUGCCGUGGCCGGCCACGUGC	0
NM_002649.3:488-517	NM_002649.3	NM_002649.3.fasta	488	517	+	30	CACGTGGCCGGCCACGGCAACGTGGAGCAG	CUGCUCCACGUUGCCGUGGCCGGCCACGUG	0
NM_002649.3:489-518	NM_002649.3	NM_002649.3.fasta	489	518	+	30	ACGTGGCCGGCCACGGCAACGTGGAGCAGA	UCUGCUCCACGUUGCCGUGGCCGGCCACGU	0
NM_002649.3:490-519	NM_002649.3	NM_002649.3.fasta	490	519	+	30	CGTGGCCGGCCACGGCAACGTGGAGCAGAT	AUCUGCUCCACGUUGCCGUGGCCGGCCACG	0
NM_002649.3:491-520	NM_002649.3	NM_002649.3.fasta	491	520	+	30	GTGGCCGGCCACGGCAACGTGGAGCAGATG	CAUCUGCUCCACGUUGCCGUGGCCGGCCAC	0
NM_002649.3:492-521	NM_002649.3	NM_002649.3.fasta	492	521	+	30	TGGCCGGCCACGGCAACGTGGAGCAGATGA	UCAUCUGCUCCACGUUGCCGUGGCCGGCCA	0
NM_002649.3:493-522	NM_002649.3	NM_002649.3.fasta	493	522	+	30	GGCCGGCCACGGCAACGTGGAGCAGATGAA	UUCAUCUGCUCCACGUUGCCGUGGCCGGCC	0
NM_002649.3:494-523	NM_002649.3	NM_002649.3.fasta	494	523	+	30	GCCGGCCACGGCAACGTGGAGCAGATGAAG	CUUCAUCUGCUCCACGUUGCCGUGGCCGGC	0
NM_002649.3:495-524	NM_002649.3	NM_002649.3.fasta	495	524	+	30	CCGGCCACGGCAACGTGGAGCAGATGAAGG	CCUUCAUCUGCUCCACGUUGCCGUGGCCGG	0
NM_002649.3:496-525	NM_002649.3	NM_002649.3.fasta	496	525	+	30	CGGCCACGGCAACGTGGAGCAGATGAAGGC	GCCUUCAUCUGCUCCACGUUGCCGUGGCCG	0
NM_002649.3:497-526	NM_002649.3	NM_002649.3.fasta	497	526	+	30	GGCCACGGCAACGTGGAGCAGATGAAGGCC	GGCCUUCAUCUGCUCCACGUUGCCGUGGCC	0
NM_002649.3:498-527	NM_002649.3	NM_002649.3.fasta	498	527	+	30	GCCACGGCAACGTGGAGCAGATGAAGGCCC	GGGCCUUCAUCUGCUCCACGUUGCCGUGGC	0
NM_002649.3:499-528	NM_002649.3	NM_002649.3.fasta	499	528	+	30	CCACGGCAACGTGGAGCAGATGAAGGCCCA	UGGGCCUUCAUCUGCUCCACGUUGCCGUGG	0
NM_002649.3:500-529	NM_002649.3	NM_002649.3.fasta	500	529	+	30	CACGGCAACGTGGAGCAGATGAAGGCCCAG	CUGGGCCUUCAUCUGCUCCACGUUGCCGUG	0
NM_002649.3:501-530	NM_002649.3	NM_002649.3.fasta	501	530	+	30	ACGGCAACGTGGAGCAGATGAAGGCCCAGG	CCUGGGCCUUCAUCUGCUCCACGUUGCCGU	0
NM_002649.3:502-531	NM_002649.3	NM_002649.3.fasta	502	531	+	30	CGGCAACGTGGAGCAGATGAAGGCCCAGGT	ACCUGGGCCUUCAUCUGCUCCACGUUGCCG	0
NM_002649.3:503-532	NM_002649.3	NM_002649.3.fasta	503	532	+	30	GGCAACGTGGAGCAGATGAAGGCCCAGGTG	CACCUGGGCCUUCAUCUGCUCCACGUUGCC	0
NM_002649.3:504-533	NM_002649.3	NM_002649.3.fasta	504	533	+	30	GCAACGTGGAGCAGATGAAGGCCCAGGTGT	ACACCUGGGCCUUCAUCUGCUCCACGUUGC	0
NM_002649.3:505-534	NM_002649.3	NM_002649.3.fasta	505	534	+	30	CAACGTGGAGCAGATGAAGGCCCAGGTGTG	CACACCUGGGCCUUCAUCUGCUCCACGUUG	0
NM_002649.3:506-535	NM_002649.3	NM_002649.3.fasta	506	535	+	30	AACGTGGAGCAGATGAAGGCCCAGGTGTGG	CCACACCUGGGCCUUCAUCUGCUCCACGUU	0
NM_002649.3:507-536	NM_002649.3	NM_002649.3.fasta	507	536	+	30	ACGTGGAGCAGATGAAGGCCCAGGTGTGGC	GCCACACCUGGGCCUUCAUCUGCUCCACGU	0
NM_002649.3:508-537	NM_002649.3	NM_002649.3.fasta	508	537	+	30	CGTGGAGCAGATGAAGGCCCAGGTGTGGCT	AGCCACACCUGGGCCUUCAUCUGCUCCACG	0
NM_002649.3:509-538	NM_002649.3	NM_002649.3.fasta	509	538	+	30	GTGGAGCAGATGAAGGCCCAGGTGTGGCTG	CAGCCACACCUGGGCCUUCAUCUGCUCCAC	0
NM_002649.3:510-539	NM_002649.3	NM_002649.3.fasta	510	539	+	30	TGGAGCAGATGAAGGCCCAGGTGTGGCTGC	GCAGCCACACCUGGGCCUUCAUCUGCUCCA	0
NM_002649.3:511-540	NM_002649.3	NM_002649.3.fasta	511	540	+	30	GGAGCAGATGAAGGCCCAGGTGTGGCTGCG	CGCAGCCACACCUGGGCCUUCAUCUGCUCC	0
NM_002649.3:512-541	NM_002649.3	NM_002649.3.fasta	512	541	+	30	GAGCAGATGAAGGCCCAGGTGTGGCTGCGA	UCGCAGCCACACCUGGGCCUUCAUCUGCUC	0
NM_002649.3:513-542	NM_002649.3	NM_002649.3.fasta	513	542	+	30	AGCAGATGAAGGCCCAGGTGTGGCTGCGAG	CUCGCAGCCACACCUGGGCCUUCAUCUGCU	0
NM_002649.3:514-543	NM_002649.3	NM_002649.3.fasta	514	543	+	30	GCAGATGAAGGCCCAGGTGTGGCTGCGAGC	GCUCGCAGCCACACCUGGGCCUUCAUCUGC	0
NM_002649.3:515-544	NM_002649.3	NM_002649.3.fasta	515	544	+	30	CAGATGAAGGCCCAGGTGTGGCTGCGAGCG	CGCUCGCAGCCACACCUGGGCCUUCAUCUG	0
NM_002649.3:516-545	NM_002649.3	NM_002649.3.fasta	516	545	+	30	AGATGAAGGCCCAGGTGTGGCTGCGAGCGC	GCGCUCGCAGCCACACCUGGGCCUUCAUCU	0
NM_002649.3:517-546	NM_002649.3	NM_002649.3.fasta	517	546	+	30	GATGAAGGCCCAGGTGTGGCTGCGAGCGCT	AGCGCUCGCAGCCACACCUGGGCCUUCAUC	0
NM_002649.3:518-547	NM_002649.3	NM_002649.3.fasta	518	547	+	30	ATGAAGGCCCAGGTGTGGCTGCGAGCGCTG	CAGCGCUCGCAGCCACACCUGGGCCUUCAU	0
NM_002649.3:519-548	NM_002649.3	NM_002649.3.fasta	519	548	+	30	TGAAGGCCCAGGTGTGGCTGCGAGCGCTGG	CCAGCGCUCGCAGCCACACCUGGGCCUUCA	0
NM_002649.3:520-549	NM_002649.3	NM_002649.3.fasta	520	549	+	30	GAAGGCCCAGGTGTGGCTGCGAGCGCTGGA	UCCAGCGCUCGCAGCCACACCUGGGCCUUC	0
NM_002649.3:521-550	NM_002649.3	NM_002649.3.fasta	521	550	+	30	AAGGCCCAGGTGTGGCTGCGAGCGCTGGAG	CUCCAGCGCUCGCAGCCACACCUGGGCCUU	0
NM_002649.3:522-551	NM_002649.3	NM_002649.3.fasta	522	551	+	30	AGGCCCAGGTGTGGCTGCGAGCGCTGGAGA	UCUCCAGCGCUCGCAGCCACACCUGGGCCU	0
NM_002649.3:523-552	NM_002649.3	NM_002649.3.fasta	523	552	+	30	GGCCCAGGTGTGGCTGCGAGCGCTGGAGAC	GUCUCCAGCGCUCGCAGCCACACCUGGGCC	0
NM_002649.3:524-553	NM_002649.3	NM_002649.3.fasta	524	553	+	30	GCCCAGGTGTGGCTGCGAGCGCTGGAGACC	GGUCUCCAGCGCUCGCAGCCACACCUGGGC	0
NM_002649.3:525-554	NM_002649.3	NM_002649.3.fasta	525	554	+	30	CCCAGGTGTGGCTGCGAGCGCTGGAGACCA	UGGUCUCCAGCGCUCGCAGCCACACCUGGG	0
NM_002649.3:526-555	NM_002649.3	NM_002649.3.fasta	526	555	+	30	CCAGGTGTGGCTGCGAGCGCTGGAGACCAG	CUGGUCUCCAGCGCUCGCAGCCACACCUGG	0
NM_002649.3:527-556	NM_002649.3	NM_002649.3.fasta	527	556	+	30	CAGGTGTGGCTGCGAGCGCTGGAGACCAGC	GCUGGUCUCCAGCGCUCGCAGCCACACCUG	0
NM_002649.3:528-557	NM_002649.3	NM_002649.3.fasta	528	557	+	30	AGGTGTGGCTGCGAGCGCTGGAGACCAGCG	CGCUGGUCUCCAGCGCUCGCAGCCACACCU	0
NM_002649.3:529-558	NM_002649.3	NM_002649.3.fasta	529	558	+	30	GGTGTGGCTGCGAGCGCTGGAGACCAGCGT	ACGCUGGUCUCCAGCGCUCGCAGCCACACC	0
NM_002649.3:530-559	NM_002649.3	NM_002649.3.fasta	530	559	+	30	GTGTGGCTGCGAGCGCTGGAGACCAGCGTG	CACGCUGGUCUCCAGCGCUCGCAGCCACAC	0
NM_002649.3:531-560	NM_002649.3	NM_002649.3.fasta	531	560	+	30	TGTGGCTGCGAGCGCTGGAGACCAGCGTGG	CCACGCUGGUCUCCAGCGCUCGCAGCCACA	0
NM_002649.3:532-561	NM_002649.3	NM_002649.3.fasta	532	561	+	30	GTGGCTGCGAGCGCTGGAGACCAGCGTGGC	GCCACGCUGGUCUCCAGCGCUCGCAGCCAC	0
NM_002649.3:533-562	NM_002649.3	NM_002649.3.fasta	533	562	+	30	TGGCTGCGAGCGCTGGAGACCAGCGTGGCG	CGCCACGCUGGUCUCCAGCGCUCGCAGCCA	0
NM_002649.3:534-563	NM_002649.3	NM_002649.3.fasta	534	563	+	30	GGCTGCGAGCGCTGGAGACCAGCGTGGCGG	CCGCCACGCUGGUCUCCAGCGCUCGCAGCC	0
NM_002649.3:535-564	NM_002649.3	NM_002649.3.fasta	535	564	+	30	GCTGCGAGCGCTGGAGACCAGCGTGGCGGC	GCCGCCACGCUGGUCUCCAGCGCUCGCAGC	0
NM_002649.3:536-565	NM_002649.3	NM_002649.3.fasta	536	565	+	30	CTGCGAGCGCTGGAGACCAGCGTGGCGGCG	CGCCGCCACGCUGGUCUCCAGCGCUCGCAG	0
NM_002649.3:537-566	NM_002649.3	NM_002649.3.fasta	537	566	+	30	TGCGAGCGCTGGAGACCAGCGTGGCGGCGG	CCGCCGCCACGCUGGUCUCCAGCGCUCGCA	0
NM_002649.3:538-567	NM_002649.3	NM_002649.3.fasta	538	567	+	30	GCGAGCGCTGGAGACCAGCGTGGCGGCGGA	UCCGCCGCCACGCUGGUCUCCAGCGCUCGC	0
NM_002649.3:539-568	NM_002649.3	NM_002649.3.fasta	539	568	+	30	CGAGCGCTGGAGACCAGCGTGGCGGCGGAC	GUCCGCCGCCACGCUGGUCUCCAGCGCUCG	0
NM_002649.3:540-569	NM_002649.3	NM_002649.3.fasta	540	569	+	30	GAGCGCTGGAGACCAGCGTGGCGGCGGACT	AGUCCGCCGCCACGCUGGUCUCCAGCGCUC	0
NM_002649.3:541-570	NM_002649.3	NM_002649.3.fasta	541	570	+	30	AGCGCTGGAGACCAGCGTGGCGGCGGACTT	AAGUCCGCCGCCACGCUGGUCUCCAGCGCU	0
NM_002649.3:542-571	NM_002649.3	NM_002649.3.fasta	542	571	+	30	GCGCTGGAGACCAGCGTGGCGGCGGACTTC	GAAGUCCGCCGCCACGCUGGUCUCCAGCGC	0
NM_002649.3:543-572	NM_002649.3	NM_002649.3.fasta	543	572	+	30	CGCTGGAGACCAGCGTGGCGGCGGACTTCT	AGAAGUCCGCCGCCACGCUGGUCUCCAGCG	0
NM_002649.3:544-573	NM_002649.3	NM_002649.3.fasta	544	573	+	30	GCTGGAGACCAGCGTGGCGGCGGACTTCTA	UAGAAGUCCGCCGCCACGCUGGUCUCCAGC	0
NM_002649.3:545-574	NM_002649.3	NM_002649.3.fasta	545	574	+	30	CTGGAGACCAGCGTGGCGGCGGACTTCTAC	GUAGAAGUCCGCCGCCACGCUGGUCUCCAG	0
NM_002649.3:546-575	NM_002649.3	NM_002649.3.fasta	546	575	+	30	TGGAGACCAGCGTGGCGGCGGACTTCTACC	GGUAGAAGUCCGCCGCCACGCUGGUCUCCA	0
NM_002649.3:547-576	NM_002649.3	NM_002649.3.fasta	547	576	+	30	GGAGACCAGCGTGGCGGCGGACTTCTACCA	UGGUAGAAGUCCGCCGCCACGCUGGUCUCC	0
NM_002649.3:548-577	NM_002649.3	NM_002649.3.fasta	548	577	+	30	GAGACCAGCGTGGCGGCGGACTTCTACCAC	GUGGUAGAAGUCCGCCGCCACGCUGGUCUC	0
NM_002649.3:549-578	NM_002649.3	NM_002649.3.fasta	549	578	+	30	AGACCAGCGTGGCGGCGGACTTCTACCACC	GGUGGUAGAAGUCCGCCGCCACGCUGGUCU	0
NM_002649.3:550-579	NM_002649.3	NM_002649.3.fasta	550	579	+	30	GACCAGCGTGGCGGCGGACTTCTACCACCG	CGGUGGUAGAAGUCCGCCGCCACGCUGGUC	0
NM_002649.3:551-580	NM_002649.3	NM_002649.3.fasta	551	580	+	30	ACCAGCGTGGCGGCGGACTTCTACCACCGG	CCGGUGGUAGAAGUCCGCCGCCACGCUGGU	0
NM_002649.3:552-581	NM_002649.3	NM_002649.3.fasta	552	581	+	30	CCAGCGTGGCGGCGGACTTCTACCACCGGC	GCCGGUGGUAGAAGUCCGCCGCCACGCUGG	0
NM_002649.3:553-582	NM_002649.3	NM_002649.3.fasta	553	582	+	30	CAGCGTGGCGGCGGACTTCTACCACCGGCT	AGCCGGUGGUAGAAGUCCGCCGCCACGCUG	0
NM_002649.3:554-583	NM_002649.3	NM_002649.3.fasta	554	583	+	30	AGCGTGGCGGCGGACTTCTACCACCGGCTG	CAGCCGGUGGUAGAAGUCCGCCGCCACGCU	0
NM_002649.3:555-584	NM_002649.3	NM_002649.3.fasta	555	584	+	30	GCGTGGCGGCGGACTTCTACCACCGGCTGG	CCAGCCGGUGGUAGAAGUCCGCCGCCACGC	0
NM_002649.3:556-585	NM_002649.3	NM_002649.3.fasta	556	585	+	30	CGTGGCGGCGGACTTCTACCACCGGCTGGG	CCCAGCCGGUGGUAGAAGUCCGCCGCCACG	0
NM_002649.3:557-586	NM_002649.3	NM_002649.3.fasta	557	586	+	30	GTGGCGGCGGACTTCTACCACCGGCTGGGA	UCCCAGCCGGUGGUAGAAGUCCGCCGCCAC	0
NM_002649.3:558-587	NM_002649.3	NM_002649.3.fasta	558	587	+	30	TGGCGGCGGACTTCTACCACCGGCTGGGAC	GUCCCAGCCGGUGGUAGAAGUCCGCCGCCA	0
NM_002649.3:559-588	NM_002649.3	NM_002649.3.fasta	559	588	+	30	GGCGGCGGACTTCTACCACCGGCTGGGACC	GGUCCCAGCCGGUGGUAGAAGUCCGCCGCC	0
NM_002649.3:560-589	NM_002649.3	NM_002649.3.fasta	560	589	+	30	GCGGCGGACTTCTACCACCGGCTGGGACCG	CGGUCCCAGCCGGUGGUAGAAGUCCGCCGC	0
NM_002649.3:561-590	NM_002649.3	NM_002649.3.fasta	561	590	+	30	CGGCGGACTTCTACCACCGGCTGGGACCGC	GCGGUCCCAGCCGGUGGUAGAAGUCCGCCG	0
NM_002649.3:562-591	NM_002649.3	NM_002649.3.fasta	562	591	+	30	GGCGGACTTCTACCACCGGCTGGGACCGCA	UGCGGUCCCAGCCGGUGGUAGAAGUCCGCC	0
NM_002649.3:563-592	NM_002649.3	NM_002649.3.fasta	563	592	+	30	GCGGACTTCTACCACCGGCTGGGACCGCAT	AUGCGGUCCCAGCCGGUGGUAGAAGUCCGC	0
NM_002649.3:564-593	NM_002649.3	NM_002649.3.fasta	564	593	+	30	CGGACTTCTACCACCGGCTGGGACCGCATC	GAUGCGGUCCCAGCCGGUGGUAGAAGUCCG	0
NM_002649.3:565-594	NM_002649.3	NM_002649.3.fasta	565	594	+	30	GGACTTCTACCACCGGCTGGGACCGCATCA	UGAUGCGGUCCCAGCCGGUGGUAGAAGUCC	0
NM_002649.3:566-595	NM_002649.3	NM_002649.3.fasta	566	595	+	30	GACTTCTACCACCGGCTGGGACCGCATCAC	GUGAUGCGGUCCCAGCCGGUGGUAGAAGUC	0
NM_002649.3:567-596	NM_002649.3	NM_002649.3.fasta	567	596	+	30	ACTTCTACCACCGGCTGGGACCGCATCACT	AGUGAUGCGGUCCCAGCCGGUGGUAGAAGU	0
NM_002649.3:568-597	NM_002649.3	NM_002649.3.fasta	568	597	+	30	CTTCTACCACCGGCTGGGACCGCATCACTT	AAGUGAUGCGGUCCCAGCCGGUGGUAGAAG	0
NM_002649.3:569-598	NM_002649.3	NM_002649.3.fasta	569	598	+	30	TTCTACCACCGGCTGGGACCGCATCACTTC	GAAGUGAUGCGGUCCCAGCCGGUGGUAGAA	0
NM_002649.3:570-599	NM_002649.3	NM_002649.3.fasta	570	599	+	30	TCTACCACCGGCTGGGACCGCATCACTTCC	GGAAGUGAUGCGGUCCCAGCCGGUGGUAGA	0
NM_002649.3:571-600	NM_002649.3	NM_002649.3.fasta	571	600	+	30	CTACCACCGGCTGGGACCGCATCACTTCCT	AGGAAGUGAUGCGGUCCCAGCCGGUGGUAG	0
NM_002649.3:572-601	NM_002649.3	NM_002649.3.fasta	572	601	+	30	TACCACCGGCTGGGACCGCATCACTTCCTC	GAGGAAGUGAUGCGGUCCCAGCCGGUGGUA	0
NM_002649.3:573-602	NM_002649.3	NM_002649.3.fasta	573	602	+	30	ACCACCGGCTGGGACCGCATCACTTCCTCC	GGAGGAAGUGAUGCGGUCCCAGCCGGUGGU	0
NM_002649.3:574-603	NM_002649.3	NM_002649.3.fasta	574	603	+	30	CCACCGGCTGGGACCGCATCACTTCCTCCT	AGGAGGAAGUGAUGCGGUCCCAGCCGGUGG	0
NM_002649.3:575-604	NM_002649.3	NM_002649.3.fasta	575	604	+	30	CACCGGCTGGGACCGCATCACTTCCTCCTG	CAGGAGGAAGUGAUGCGGUCCCAGCCGGUG	0
NM_002649.3:576-605	NM_002649.3	NM_002649.3.fasta	576	605	+	30	ACCGGCTGGGACCGCATCACTTCCTCCTGC	GCAGGAGGAAGUGAUGCGGUCCCAGCCGGU	0
NM_002649.3:577-606	NM_002649.3	NM_002649.3.fasta	577	606	+	30	CCGGCTGGGACCGCATCACTTCCTCCTGCT	AGCAGGAGGAAGUGAUGCGGUCCCAGCCGG	0
NM_002649.3:578-607	NM_002649.3	NM_002649.3.fasta	578	607	+	30	CGGCTGGGACCGCATCACTTCCTCCTGCTC	GAGCAGGAGGAAGUGAUGCGGUCCCAGCCG	0
NM_002649.3:579-608	NM_002649.3	NM_002649.3.fasta	579	608	+	30	GGCTGGGACCGCATCACTTCCTCCTGCTCT	AGAGCAGGAGGAAGUGAUGCGGUCCCAGCC	0
NM_002649.3:580-609	NM_002649.3	NM_002649.3.fasta	580	609	+	30	GCTGGGACCGCATCACTTCCTCCTGCTCTA	UAGAGCAGGAGGAAGUGAUGCGGUCCCAGC	0
NM_002649.3:581-610	NM_002649.3	NM_002649.3.fasta	581	610	+	30	CTGGGACCGCATCACTTCCTCCTGCTCTAT	AUAGAGCAGGAGGAAGUGAUGCGGUCCCAG	0
NM_002649.3:582-611	NM_002649.3	NM_002649.3.fasta	582	611	+	30	TGGGACCGCATCACTTCCTCCTGCTCTATC	GAUAGAGCAGGAGGAAGUGAUGCGGUCCCA	0
NM_002649.3:583-612	NM_002649.3	NM_002649.3.fasta	583	612	+	30	GGGACCGCATCACTTCCTCCTGCTCTATCA	UGAUAGAGCAGGAGGAAGUGAUGCGGUCCC	0
NM_002649.3:584-613	NM_002649.3	NM_002649.3.fasta	584	613	+	30	GGACCGCATCACTTCCTCCTGCTCTATCAG	CUGAUAGAGCAGGAGGAAGUGAUGCGGUCC	0
NM_002649.3:585-614	NM_002649.3	NM_002649.3.fasta	585	614	+	30	GACCGCATCACTTCCTCCTGCTCTATCAGA	UCUGAUAGAGCAGGAGGAAGUGAUGCGGUC	0
NM_002649.3:586-615	NM_002649.3	NM_002649.3.fasta	586	615	+	30	ACCGCATCACTTCCTCCTGCTCTATCAGAA	UUCUGAUAGAGCAGGAGGAAGUGAUGCGGU	0
NM_002649.3:587-616	NM_002649.3	NM_002649.3.fasta	587	616	+	30	CCGCATCACTTCCTCCTGCTCTATCAGAAG	CUUCUGAUAGAGCAGGAGGAAGUGAUGCGG	0
NM_002649.3:588-617	NM_002649.3	NM_002649.3.fasta	588	617	+	30	CGCATCACTTCCTCCTGCTCTATCAGAAGA	UCUUCUGAUAGAGCAGGAGGAAGUGAUGCG	0
NM_002649.3:589-618	NM_002649.3	NM_002649.3.fasta	589	618	+	30	GCATCACTTCCTCCTGCTCTATCAGAAGAA	UUCUUCUGAUAGAGCAGGAGGAAGUGAUGC	0
NM_002649.3:590-619	NM_002649.3	NM_002649.3.fasta	590	619	+	30	CATCACTTCCTCCTGCTCTATCAGAAGAAG	CUUCUUCUGAUAGAGCAGGAGGAAGUGAUG	0
NM_002649.3:591-620	NM_002649.3	NM_002649.3.fasta	591	620	+	30	ATCACTTCCTCCTGCTCTATCAGAAGAAGG	CCUUCUUCUGAUAGAGCAGGAGGAAGUGAU	0
NM_002649.3:592-621	NM_002649.3	NM_002649.3.fasta	592	621	+	30	TCACTTCCTCCTGCTCTATCAGAAGAAGGG	CCCUUCUUCUGAUAGAGCAGGAGGAAGUGA	0
NM_002649.3:593-622	NM_002649.3	NM_002649.3.fasta	593	622	+	30	CACTTCCTCCTGCTCTATCAGAAGAAGGGG	CCCCUUCUUCUGAUAGAGCAGGAGGAAGUG	0
NM_002649.3:594-623	NM_002649.3	NM_002649.3.fasta	594	623	+	30	ACTTCCTCCTGCTCTATCAGAAGAAGGGGC	GCCCCUUCUUCUGAUAGAGCAGGAGGAAGU	0
NM_002649.3:595-624	NM_002649.3	NM_002649.3.fasta	595	624	+	30	CTTCCTCCTGCTCTATCAGAAGAAGGGGCA	UGCCCCUUCUUCUGAUAGAGCAGGAGGAAG	0
NM_002649.3:596-625	NM_002649.3	NM_002649.3.fasta	596	625	+	30	TTCCTCCTGCTCTATCAGAAGAAGGGGCAG	CUGCCCCUUCUUCUGAUAGAGCAGGAGGAA	0
NM_002649.3:597-626	NM_002649.3	NM_002649.3.fasta	597	626	+	30	TCCTCCTGCTCTATCAGAAGAAGGGGCAGT	ACUGCCCCUUCUUCUGAUAGAGCAGGAGGA	0
NM_002649.3:598-627	NM_002649.3	NM_002649.3.fasta	598	627	+	30	CCTCCTGCTCTATCAGAAGAAGGGGCAGTG	CACUGCCCCUUCUUCUGAUAGAGCAGGAGG	0
NM_002649.3:599-628	NM_002649.3	NM_002649.3.fasta	599	628	+	30	CTCCTGCTCTATCAGAAGAAGGGGCAGTGG	CCACUGCCCCUUCUUCUGAUAGAGCAGGAG	0
NM_002649.3:600-629	NM_002649.3	NM_002649.3.fasta	600	629	+	30	TCCTGCTCTATCAGAAGAAGGGGCAGTGGT	ACCACUGCCCCUUCUUCUGAUAGAGCAGGA	0
NM_002649.3:601-630	NM_002649.3	NM_002649.3.fasta	601	630	+	30	CCTGCTCTATCAGAAGAAGGGGCAGTGGTA	UACCACUGCCCCUUCUUCUGAUAGAGCAGG	0
NM_002649.3:602-631	NM_002649.3	NM_002649.3.fasta	602	631	+	30	CTGCTCTATCAGAAGAAGGGGCAGTGGTAC	GUACCACUGCCCCUUCUUCUGAUAGAGCAG	0
NM_002649.3:603-632	NM_002649.3	NM_002649.3.fasta	603	632	+	30	TGCTCTATCAGAAGAAGGGGCAGTGGTACG	CGUACCACUGCCCCUUCUUCUGAUAGAGCA	0
NM_002649.3:604-633	NM_002649.3	NM_002649.3.fasta	604	633	+	30	GCTCTATCAGAAGAAGGGGCAGTGGTACGA	UCGUACCACUGCCCCUUCUUCUGAUAGAGC	0
NM_002649.3:605-634	NM_002649.3	NM_002649.3.fasta	605	634	+	30	CTCTATCAGAAGAAGGGGCAGTGGTACGAG	CUCGUACCACUGCCCCUUCUUCUGAUAGAG	0
NM_002649.3:606-635	NM_002649.3	NM_002649.3.fasta	606	635	+	30	TCTATCAGAAGAAGGGGCAGTGGTACGAGA	UCUCGUACCACUGCCCCUUCUUCUGAUAGA	0
NM_002649.3:607-636	NM_002649.3	NM_002649.3.fasta	607	636	+	30	CTATCAGAAGAAGGGGCAGTGGTACGAGAT	AUCUCGUACCACUGCCCCUUCUUCUGAUAG	0
NM_002649.3:608-637	NM_002649.3	NM_002649.3.fasta	608	637	+	30	TATCAGAAGAAGGGGCAGTGGTACGAGATC	GAUCUCGUACCACUGCCCCUUCUUCUGAUA	0
NM_002649.3:609-638	NM_002649.3	NM_002649.3.fasta	609	638	+	30	ATCAGAAGAAGGGGCAGTGGTACGAGATCT	AGAUCUCGUACCACUGCCCCUUCUUCUGAU	0
NM_002649.3:610-639	NM_002649.3	NM_002649.3.fasta	610	639	+	30	TCAGAAGAAGGGGCAGTGGTACGAGATCTA	UAGAUCUCGUACCACUGCCCCUUCUUCUGA	0
NM_002649.3:611-640	NM_002649.3	NM_002649.3.fasta	611	640	+	30	CAGAAGAAGGGGCAGTGGTACGAGATCTAC	GUAGAUCUCGUACCACUGCCCCUUCUUCUG	0
NM_002649.3:612-641	NM_002649.3	NM_002649.3.fasta	612	641	+	30	AGAAGAAGGGGCAGTGGTACGAGATCTACG	CGUAGAUCUCGUACCACUGCCCCUUCUUCU	0
NM_002649.3:613-642	NM_002649.3	NM_002649.3.fasta	613	642	+	30	GAAGAAGGGGCAGTGGTACGAGATCTACGA	UCGUAGAUCUCGUACCACUGCCCCUUCUUC	0
NM_002649.3:614-643	NM_002649.3	NM_002649.3.fasta	614	643	+	30	AAGAAGGGGCAGTGGTACGAGATCTACGAC	GUCGUAGAUCUCGUACCACUGCCCCUUCUU	0
NM_002649.3:615-644	NM_002649.3	NM_002649.3.fasta	615	644	+	30	AGAAGGGGCAGTGGTACGAGATCTACGACA	UGUCGUAGAUCUCGUACCACUGCCCCUUCU	0
NM_002649.3:616-645	NM_002649.3	NM_002649.3.fasta	616	645	+	30	GAAGGGGCAGTGGTACGAGATCTACGACAA	UUGUCGUAGAUCUCGUACCACUGCCCCUUC	0
NM_002649.3:617-646	NM_002649.3	NM_002649.3.fasta	617	646	+	30	AAGGGGCAGTGGTACGAGATCTACGACAAG	CUUGUCGUAGAUCUCGUACCACUGCCCCUU	0
NM_002649.3:618-647	NM_002649.3	NM_002649.3.fasta	618	647	+	30	AGGGGCAGTGGTACGAGATCTACGACAAGT	ACUUGUCGUAGAUCUCGUACCACUGCCCCU	0
NM_002649.3:619-648	NM_002649.3	NM_002649.3.fasta	619	648	+	30	GGGGCAGTGGTACGAGATCTACGACAAGTA	UACUUGUCGUAGAUCUCGUACCACUGCCCC	0
NM_002649.3:620-649	NM_002649.3	NM_002649.3.fasta	620	649	+	30	GGGCAGTGGTACGAGATCTACGACAAGTAC	GUACUUGUCGUAGAUCUCGUACCACUGCCC	0
NM_002649.3:621-650	NM_002649.3	NM_002649.3.fasta	621	650	+	30	GGCAGTGGTACGAGATCTACGACAAGTACC	GGUACUUGUCGUAGAUCUCGUACCACUGCC	0
NM_002649.3:622-651	NM_002649.3	NM_002649.3.fasta	622	651	+	30	GCAGTGGTACGAGATCTACGACAAGTACCA	UGGUACUUGUCGUAGAUCUCGUACCACUGC	0
NM_002649.3:623-652	NM_002649.3	NM_002649.3.fasta	623	652	+	30	CAGTGGTACGAGATCTACGACAAGTACCAG	CUGGUACUUGUCGUAGAUCUCGUACCACUG	0
NM_002649.3:624-653	NM_002649.3	NM_002649.3.fasta	624	653	+	30	AGTGGTACGAGATCTACGACAAGTACCAGG	CCUGGUACUUGUCGUAGAUCUCGUACCACU	0
NM_002649.3:625-654	NM_002649.3	NM_002649.3.fasta	625	654	+	30	GTGGTACGAGATCTACGACAAGTACCAGGT	ACCUGGUACUUGUCGUAGAUCUCGUACCAC	0
NM_002649.3:626-655	NM_002649.3	NM_002649.3.fasta	626	655	+	30	TGGTACGAGATCTACGACAAGTACCAGGTG	CACCUGGUACUUGUCGUAGAUCUCGUACCA	0
NM_002649.3:627-656	NM_002649.3	NM_002649.3.fasta	627	656	+	30	GGTACGAGATCTACGACAAGTACCAGGTGG	CCACCUGGUACUUGUCGUAGAUCUCGUACC	0
NM_002649.3:628-657	NM_002649.3	NM_002649.3.fasta	628	657	+	30	GTACGAGATCTACGACAAGTACCAGGTGGT	ACCACCUGGUACUUGUCGUAGAUCUCGUAC	0
NM_002649.3:629-658	NM_002649.3	NM_002649.3.fasta	629	658	+	30	TACGAGATCTACGACAAGTACCAGGTGGTG	CACCACCUGGUACUUGUCGUAGAUCUCGUA	0
NM_002649.3:630-659	NM_002649.3	NM_002649.3.fasta	630	659	+	30	ACGAGATCTACGACAAGTACCAGGTGGTGC	GCACCACCUGGUACUUGUCGUAGAUCUCGU	0
NM_002649.3:631-660	NM_002649.3	NM_002649.3.fasta	631	660	+	30	CGAGATCTACGACAAGTACCAGGTGGTGCA	UGCACCACCUGGUACUUGUCGUAGAUCUCG	0
NM_002649.3:632-661	NM_002649.3	NM_002649.3.fasta	632	661	+	30	GAGATCTACGACAAGTACCAGGTGGTGCAG	CUGCACCACCUGGUACUUGUCGUAGAUCUC	0
NM_002649.3:633-662	NM_002649.3	NM_002649.3.fasta	633	662	+	30	AGATCTACGACAAGTACCAGGTGGTGCAGA	UCUGCACCACCUGGUACUUGUCGUAGAUCU	0
NM_002649.3:634-663	NM_002649.3	NM_002649.3.fasta	634	663	+	30	GATCTACGACAAGTACCAGGTGGTGCAGAC	GUCUGCACCACCUGGUACUUGUCGUAGAUC	0
NM_002649.3:635-664	NM_002649.3	NM_002649.3.fasta	635	664	+	30	ATCTACGACAAGTACCAGGTGGTGCAGACT	AGUCUGCACCACCUGGUACUUGUCGUAGAU	0
NM_002649.3:636-665	NM_002649.3	NM_002649.3.fasta	636	665	+	30	TCTACGACAAGTACCAGGTGGTGCAGACTC	GAGUCUGCACCACCUGGUACUUGUCGUAGA	0
NM_002649.3:637-666	NM_002649.3	NM_002649.3.fasta	637	666	+	30	CTACGACAAGTACCAGGTGGTGCAGACTCT	AGAGUCUGCACCACCUGGUACUUGUCGUAG	0
NM_002649.3:638-667	NM_002649.3	NM_002649.3.fasta	638	667	+	30	TACGACAAGTACCAGGTGGTGCAGACTCTG	CAGAGUCUGCACCACCUGGUACUUGUCGUA	0
NM_002649.3:639-668	NM_002649.3	NM_002649.3.fasta	639	668	+	30	ACGACAAGTACCAGGTGGTGCAGACTCTGG	CCAGAGUCUGCACCACCUGGUACUUGUCGU	0
NM_002649.3:640-669	NM_002649.3	NM_002649.3.fasta	640	669	+	30	CGACAAGTACCAGGTGGTGCAGACTCTGGA	UCCAGAGUCUGCACCACCUGGUACUUGUCG	0
NM_002649.3:641-670	NM_002649.3	NM_002649.3.fasta	641	670	+	30	GACAAGTACCAGGTGGTGCAGACTCTGGAC	GUCCAGAGUCUGCACCACCUGGUACUUGUC	0
NM_002649.3:642-671	NM_002649.3	NM_002649.3.fasta	642	671	+	30	ACAAGTACCAGGTGGTGCAGACTCTGGACT	AGUCCAGAGUCUGCACCACCUGGUACUUGU	0
NM_002649.3:643-672	NM_002649.3	NM_002649.3.fasta	643	672	+	30	CAAGTACCAGGTGGTGCAGACTCTGGACTG	CAGUCCAGAGUCUGCACCACCUGGUACUUG	0
NM_002649.3:644-673	NM_002649.3	NM_002649.3.fasta	644	673	+	30	AAGTACCAGGTGGTGCAGACTCTGGACTGC	GCAGUCCAGAGUCUGCACCACCUGGUACUU	0
NM_002649.3:645-674	NM_002649.3	NM_002649.3.fasta	645	674	+	30	AGTACCAGGTGGTGCAGACTCTGGACTGCC	GGCAGUCCAGAGUCUGCACCACCUGGUACU	0
NM_002649.3:646-675	NM_002649.3	NM_002649.3.fasta	646	675	+	30	GTACCAGGTGGTGCAGACTCTGGACTGCCT	AGGCAGUCCAGAGUCUGCACCACCUGGUAC	0
NM_002649.3:647-676	NM_002649.3	NM_002649.3.fasta	647	676	+	30	TACCAGGTGGTGCAGACTCTGGACTGCCTG	CAGGCAGUCCAGAGUCUGCACCACCUGGUA	0
NM_002649.3:648-677	NM_002649.3	NM_002649.3.fasta	648	677	+	30	ACCAGGTGGTGCAGACTCTGGACTGCCTGC	GCAGGCAGUCCAGAGUCUGCACCACCUGGU	0
NM_002649.3:649-678	NM_002649.3	NM_002649.3.fasta	649	678	+	30	CCAGGTGGTGCAGACTCTGGACTGCCTGCG	CGCAGGCAGUCCAGAGUCUGCACCACCUGG	0
NM_002649.3:650-679	NM_002649.3	NM_002649.3.fasta	650	679	+	30	CAGGTGGTGCAGACTCTGGACTGCCTGCGC	GCGCAGGCAGUCCAGAGUCUGCACCACCUG	0
NM_002649.3:651-680	NM_002649.3	NM_002649.3.fasta	651	680	+	30	AGGTGGTGCAGACTCTGGACTGCCTGCGCT	AGCGCAGGCAGUCCAGAGUCUGCACCACCU	0
NM_002649.3:652-681	NM_002649.3	NM_002649.3.fasta	652	681	+	30	GGTGGTGCAGACTCTGGACTGCCTGCGCTA	UAGCGCAGGCAGUCCAGAGUCUGCACCACC	0
NM_002649.3:653-682	NM_002649.3	NM_002649.3.fasta	653	682	+	30	GTGGTGCAGACTCTGGACTGCCTGCGCTAC	GUAGCGCAGGCAGUCCAGAGUCUGCACCAC	0
NM_002649.3:654-683	NM_002649.3	NM_002649.3.fasta	654	683	+	30	TGGTGCAGACTCTGGACTGCCTGCGCTACT	AGUAGCGCAGGCAGUCCAGAGUCUGCACCA	0
NM_002649.3:655-684	NM_002649.3	NM_002649.3.fasta	655	684	+	30	GGTGCAGACTCTGGACTGCCTGCGCTACTG	CAGUAGCGCAGGCAGUCCAGAGUCUGCACC	0
NM_002649.3:656-685	NM_002649.3	NM_002649.3.fasta	656	685	+	30	GTGCAGACTCTGGACTGCCTGCGCTACTGG	CCAGUAGCGCAGGCAGUCCAGAGUCUGCAC	0
NM_002649.3:657-686	NM_002649.3	NM_002649.3.fasta	657	686	+	30	TGCAGACTCTGGACTGCCTGCGCTACTGGA	UCCAGUAGCGCAGGCAGUCCAGAGUCUGCA	0
NM_002649.3:658-687	NM_002649.3	NM_002649.3.fasta	658	687	+	30	GCAGACTCTGGACTGCCTGCGCTACTGGAA	UUCCAGUAGCGCAGGCAGUCCAGAGUCUGC	0
NM_002649.3:659-688	NM_002649.3	NM_002649.3.fasta	659	688	+	30	CAGACTCTGGACTGCCTGCGCTACTGGAAG	CUUCCAGUAGCGCAGGCAGUCCAGAGUCUG	0
NM_002649.3:660-689	NM_002649.3	NM_002649.3.fasta	660	689	+	30	AGACTCTGGACTGCCTGCGCTACTGGAAGG	CCUUCCAGUAGCGCAGGCAGUCCAGAGUCU	0
NM_002649.3:661-690	NM_002649.3	NM_002649.3.fasta	661	690	+	30	GACTCTGGACTGCCTGCGCTACTGGAAGGC	GCCUUCCAGUAGCGCAGGCAGUCCAGAGUC	0
NM_002649.3:662-691	NM_002649.3	NM_002649.3.fasta	662	691	+	30	ACTCTGGACTGCCTGCGCTACTGGAAGGCC	GGCCUUCCAGUAGCGCAGGCAGUCCAGAGU	0
NM_002649.3:663-692	NM_002649.3	NM_002649.3.fasta	663	692	+	30	CTCTGGACTGCCTGCGCTACTGGAAGGCCA	UGGCCUUCCAGUAGCGCAGGCAGUCCAGAG	0
NM_002649.3:664-693	NM_002649.3	NM_002649.3.fasta	664	693	+	30	TCTGGACTGCCTGCGCTACTGGAAGGCCAC	GUGGCCUUCCAGUAGCGCAGGCAGUCCAGA	0
NM_002649.3:665-694	NM_002649.3	NM_002649.3.fasta	665	694	+	30	CTGGACTGCCTGCGCTACTGGAAGGCCACG	CGUGGCCUUCCAGUAGCGCAGGCAGUCCAG	0
NM_002649.3:666-695	NM_002649.3	NM_002649.3.fasta	666	695	+	30	TGGACTGCCTGCGCTACTGGAAGGCCACGC	GCGUGGCCUUCCAGUAGCGCAGGCAGUCCA	0
NM_002649.3:667-696	NM_002649.3	NM_002649.3.fasta	667	696	+	30	GGACTGCCTGCGCTACTGGAAGGCCACGCA	UGCGUGGCCUUCCAGUAGCGCAGGCAGUCC	0
NM_002649.3:668-697	NM_002649.3	NM_002649.3.fasta	668	697	+	30	GACTGCCTGCGCTACTGGAAGGCCACGCAC	GUGCGUGGCCUUCCAGUAGCGCAGGCAGUC	0
NM_002649.3:669-698	NM_002649.3	NM_002649.3.fasta	669	698	+	30	ACTGCCTGCGCTACTGGAAGGCCACGCACC	GGUGCGUGGCCUUCCAGUAGCGCAGGCAGU	0
NM_002649.3:670-699	NM_002649.3	NM_002649.3.fasta	670	699	+	30	CTGCCTGCGCTACTGGAAGGCCACGCACCG	CGGUGCGUGGCCUUCCAGUAGCGCAGGCAG	0
NM_002649.3:671-700	NM_002649.3	NM_002649.3.fasta	671	700	+	30	TGCCTGCGCTACTGGAAGGCCACGCACCGG	CCGGUGCGUGGCCUUCCAGUAGCGCAGGCA	0
NM_002649.3:672-701	NM_002649.3	NM_002649.3.fasta	672	701	+	30	GCCTGCGCTACTGGAAGGCCACGCACCGGA	UCCGGUGCGUGGCCUUCCAGUAGCGCAGGC	0
NM_002649.3:673-702	NM_002649.3	NM_002649.3.fasta	673	702	+	30	CCTGCGCTACTGGAAGGCCACGCACCGGAG	CUCCGGUGCGUGGCCUUCCAGUAGCGCAGG	0
NM_002649.3:674-703	NM_002649.3	NM_002649.3.fasta	674	703	+	30	CTGCGCTACTGGAAGGCCACGCACCGGAGC	GCUCCGGUGCGUGGCCUUCCAGUAGCGCAG	0
NM_002649.3:675-704	NM_002649.3	NM_002649.3.fasta	675	704	+	30	TGCGCTACTGGAAGGCCACGCACCGGAGCC	GGCUCCGGUGCGUGGCCUUCCAGUAGCGCA	0
NM_002649.3:676-705	NM_002649.3	NM_002649.3.fasta	676	705	+	30	GCGCTACTGGAAGGCCACGCACCGGAGCCC	GGGCUCCGGUGCGUGGCCUUCCAGUAGCGC	0
NM_002649.3:677-706	NM_002649.3	NM_002649.3.fasta	677	706	+	30	CGCTACTGGAAGGCCACGCACCGGAGCCCG	CGGGCUCCGGUGCGUGGCCUUCCAGUAGCG	0
NM_002649.3:678-707	NM_002649.3	NM_002649.3.fasta	678	707	+	30	GCTACTGGAAGGCCACGCACCGGAGCCCGG	CCGGGCUCCGGUGCGUGGCCUUCCAGUAGC	0
NM_002649.3:679-708	NM_002649.3	NM_002649.3.fasta	679	708	+	30	CTACTGGAAGGCCACGCACCGGAGCCCGGG	CCCGGGCUCCGGUGCGUGGCCUUCCAGUAG	0
NM_002649.3:680-709	NM_002649.3	NM_002649.3.fasta	680	709	+	30	TACTGGAAGGCCACGCACCGGAGCCCGGGC	GCCCGGGCUCCGGUGCGUGGCCUUCCAGUA	0
NM_002649.3:681-710	NM_002649.3	NM_002649.3.fasta	681	710	+	30	ACTGGAAGGCCACGCACCGGAGCCCGGGCC	GGCCCGGGCUCCGGUGCGUGGCCUUCCAGU	0
NM_002649.3:682-711	NM_002649.3	NM_002649.3.fasta	682	711	+	30	CTGGAAGGCCACGCACCGGAGCCCGGGCCA	UGGCCCGGGCUCCGGUGCGUGGCCUUCCAG	0
NM_002649.3:683-712	NM_002649.3	NM_002649.3.fasta	683	712	+	30	TGGAAGGCCACGCACCGGAGCCCGGGCCAG	CUGGCCCGGGCUCCGGUGCGUGGCCUUCCA	0
NM_002649.3:684-713	NM_002649.3	NM_002649.3.fasta	684	713	+	30	GGAAGGCCACGCACCGGAGCCCGGGCCAGA	UCUGGCCCGGGCUCCGGUGCGUGGCCUUCC	0
NM_002649.3:685-714	NM_002649.3	NM_002649.3.fasta	685	714	+	30	GAAGGCCACGCACCGGAGCCCGGGCCAGAT	AUCUGGCCCGGGCUCCGGUGCGUGGCCUUC	0
NM_002649.3:686-715	NM_002649.3	NM_002649.3.fasta	686	715	+	30	AAGGCCACGCACCGGAGCCCGGGCCAGATC	GAUCUGGCCCGGGCUCCGGUGCGUGGCCUU	0
NM_002649.3:687-716	NM_002649.3	NM_002649.3.fasta	687	716	+	30	AGGCCACGCACCGGAGCCCGGGCCAGATCC	GGAUCUGGCCCGGGCUCCGGUGCGUGGCCU	0
NM_002649.3:688-717	NM_002649.3	NM_002649.3.fasta	688	717	+	30	GGCCACGCACCGGAGCCCGGGCCAGATCCA	UGGAUCUGGCCCGGGCUCCGGUGCGUGGCC	0
NM_002649.3:689-718	NM_002649.3	NM_002649.3.fasta	689	718	+	30	GCCACGCACCGGAGCCCGGGCCAGATCCAC	GUGGAUCUGGCCCGGGCUCCGGUGCGUGGC	0
NM_002649.3:690-719	NM_002649.3	NM_002649.3.fasta	690	719	+	30	CCACGCACCGGAGCCCGGGCCAGATCCACC	GGUGGAUCUGGCCCGGGCUCCGGUGCGUGG	0
NM_002649.3:691-720	NM_002649.3	NM_002649.3.fasta	691	720	+	30	CACGCACCGGAGCCCGGGCCAGATCCACCT	AGGUGGAUCUGGCCCGGGCUCCGGUGCGUG	0
NM_002649.3:692-721	NM_002649.3	NM_002649.3.fasta	692	721	+	30	ACGCACCGGAGCCCGGGCCAGATCCACCTG	CAGGUGGAUCUGGCCCGGGCUCCGGUGCGU	0
NM_002649.3:693-722	NM_002649.3	NM_002649.3.fasta	693	722	+	30	CGCACCGGAGCCCGGGCCAGATCCACCTGG	CCAGGUGGAUCUGGCCCGGGCUCCGGUGCG	0
NM_002649.3:694-723	NM_002649.3	NM_002649.3.fasta	694	723	+	30	GCACCGGAGCCCGGGCCAGATCCACCTGGT	ACCAGGUGGAUCUGGCCCGGGCUCCGGUGC	0
NM_002649.3:695-724	NM_002649.3	NM_002649.3.fasta	695	724	+	30	CACCGGAGCCCGGGCCAGATCCACCTGGTG	CACCAGGUGGAUCUGGCCCGGGCUCCGGUG	0
NM_002649.3:696-725	NM_002649.3	NM_002649.3.fasta	696	725	+	30	ACCGGAGCCCGGGCCAGATCCACCTGGTGC	GCACCAGGUGGAUCUGGCCCGGGCUCCGGU	0
NM_002649.3:697-726	NM_002649.3	NM_002649.3.fasta	697	726	+	30	CCGGAGCCCGGGCCAGATCCACCTGGTGCA	UGCACCAGGUGGAUCUGGCCCGGGCUCCGG	0
NM_002649.3:698-727	NM_002649.3	NM_002649.3.fasta	698	727	+	30	CGGAGCCCGGGCCAGATCCACCTGGTGCAG	CUGCACCAGGUGGAUCUGGCCCGGGCUCCG	0
NM_002649.3:699-728	NM_002649.3	NM_002649.3.fasta	699	728	+	30	GGAGCCCGGGCCAGATCCACCTGGTGCAGC	GCUGCACCAGGUGGAUCUGGCCCGGGCUCC	0
NM_002649.3:700-729	NM_002649.3	NM_002649.3.fasta	700	729	+	30	GAGCCCGGGCCAGATCCACCTGGTGCAGCG	CGCUGCACCAGGUGGAUCUGGCCCGGGCUC	0
NM_002649.3:701-730	NM_002649.3	NM_002649.3.fasta	701	730	+	30	AGCCCGGGCCAGATCCACCTGGTGCAGCGG	CCGCUGCACCAGGUGGAUCUGGCCCGGGCU	0
NM_002649.3:702-731	NM_002649.3	NM_002649.3.fasta	702	731	+	30	GCCCGGGCCAGATCCACCTGGTGCAGCGGC	GCCGCUGCACCAGGUGGAUCUGGCCCGGGC	0
NM_002649.3:703-732	NM_002649.3	NM_002649.3.fasta	703	732	+	30	CCCGGGCCAGATCCACCTGGTGCAGCGGCA	UGCCGCUGCACCAGGUGGAUCUGGCCCGGG	0
NM_002649.3:704-733	NM_002649.3	NM_002649.3.fasta	704	733	+	30	CCGGGCCAGATCCACCTGGTGCAGCGGCAC	GUGCCGCUGCACCAGGUGGAUCUGGCCCGG	0
NM_002649.3:705-734	NM_002649.3	NM_002649.3.fasta	705	734	+	30	CGGGCCAGATCCACCTGGTGCAGCGGCACC	GGUGCCGCUGCACCAGGUGGAUCUGGCCCG	0
NM_002649.3:706-735	NM_002649.3	NM_002649.3.fasta	706	735	+	30	GGGCCAGATCCACCTGGTGCAGCGGCACCC	GGGUGCCGCUGCACCAGGUGGAUCUGGCCC	0
NM_002649.3:707-736	NM_002649.3	NM_002649.3.fasta	707	736	+	30	GGCCAGATCCACCTGGTGCAGCGGCACCCG	CGGGUGCCGCUGCACCAGGUGGAUCUGGCC	0
NM_002649.3:708-737	NM_002649.3	NM_002649.3.fasta	708	737	+	30	GCCAGATCCACCTGGTGCAGCGGCACCCGC	GCGGGUGCCGCUGCACCAGGUGGAUCUGGC	0
NM_002649.3:709-738	NM_002649.3	NM_002649.3.fasta	709	738	+	30	CCAGATCCACCTGGTGCAGCGGCACCCGCC	GGCGGGUGCCGCUGCACCAGGUGGAUCUGG	0
NM_002649.3:710-739	NM_002649.3	NM_002649.3.fasta	710	739	+	30	CAGATCCACCTGGTGCAGCGGCACCCGCCC	GGGCGGGUGCCGCUGCACCAGGUGGAUCUG	0
NM_002649.3:711-740	NM_002649.3	NM_002649.3.fasta	711	740	+	30	AGATCCACCTGGTGCAGCGGCACCCGCCCT	AGGGCGGGUGCCGCUGCACCAGGUGGAUCU	0
NM_002649.3:712-741	NM_002649.3	NM_002649.3.fasta	712	741	+	30	GATCCACCTGGTGCAGCGGCACCCGCCCTC	GAGGGCGGGUGCCGCUGCACCAGGUGGAUC	0
NM_002649.3:713-742	NM_002649.3	NM_002649.3.fasta	713	742	+	30	ATCCACCTGGTGCAGCGGCACCCGCCCTCC	GGAGGGCGGGUGCCGCUGCACCAGGUGGAU	0
NM_002649.3:714-743	NM_002649.3	NM_002649.3.fasta	714	743	+	30	TCCACCTGGTGCAGCGGCACCCGCCCTCCG	CGGAGGGCGGGUGCCGCUGCACCAGGUGGA	0
NM_002649.3:715-744	NM_002649.3	NM_002649.3.fasta	715	744	+	30	CCACCTGGTGCAGCGGCACCCGCCCTCCGA	UCGGAGGGCGGGUGCCGCUGCACCAGGUGG	0
NM_002649.3:716-745	NM_002649.3	NM_002649.3.fasta	716	745	+	30	CACCTGGTGCAGCGGCACCCGCCCTCCGAG	CUCGGAGGGCGGGUGCCGCUGCACCAGGUG	0
NM_002649.3:717-746	NM_002649.3	NM_002649.3.fasta	717	746	+	30	ACCTGGTGCAGCGGCACCCGCCCTCCGAGG	CCUCGGAGGGCGGGUGCCGCUGCACCAGGU	0
NM_002649.3:718-747	NM_002649.3	NM_002649.3.fasta	718	747	+	30	CCTGGTGCAGCGGCACCCGCCCTCCGAGGA	UCCUCGGAGGGCGGGUGCCGCUGCACCAGG	0
NM_002649.3:719-748	NM_002649.3	NM_002649.3.fasta	719	748	+	30	CTGGTGCAGCGGCACCCGCCCTCCGAGGAG	CUCCUCGGAGGGCGGGUGCCGCUGCACCAG	0
NM_002649.3:720-749	NM_002649.3	NM_002649.3.fasta	720	749	+	30	TGGTGCAGCGGCACCCGCCCTCCGAGGAGT	ACUCCUCGGAGGGCGGGUGCCGCUGCACCA	0
NM_002649.3:721-750	NM_002649.3	NM_002649.3.fasta	721	750	+	30	GGTGCAGCGGCACCCGCCCTCCGAGGAGTC	GACUCCUCGGAGGGCGGGUGCCGCUGCACC	0
NM_002649.3:722-751	NM_002649.3	NM_002649.3.fasta	722	751	+	30	GTGCAGCGGCACCCGCCCTCCGAGGAGTCC	GGACUCCUCGGAGGGCGGGUGCCGCUGCAC	0
NM_002649.3:723-752	NM_002649.3	NM_002649.3.fasta	723	752	+	30	TGCAGCGGCACCCGCCCTCCGAGGAGTCCC	GGGACUCCUCGGAGGGCGGGUGCCGCUGCA	0
NM_002649.3:724-753	NM_002649.3	NM_002649.3.fasta	724	753	+	30	GCAGCGGCACCCGCCCTCCGAGGAGTCCCA	UGGGACUCCUCGGAGGGCGGGUGCCGCUGC	0
NM_002649.3:725-754	NM_002649.3	NM_002649.3.fasta	725	754	+	30	CAGCGGCACCCGCCCTCCGAGGAGTCCCAA	UUGGGACUCCUCGGAGGGCGGGUGCCGCUG	0
NM_002649.3:726-755	NM_002649.3	NM_002649.3.fasta	726	755	+	30	AGCGGCACCCGCCCTCCGAGGAGTCCCAAG	CUUGGGACUCCUCGGAGGGCGGGUGCCGCU	0
NM_002649.3:727-756	NM_002649.3	NM_002649.3.fasta	727	756	+	30	GCGGCACCCGCCCTCCGAGGAGTCCCAAGC	GCUUGGGACUCCUCGGAGGGCGGGUGCCGC	0
NM_002649.3:728-757	NM_002649.3	NM_002649.3.fasta	728	757	+	30	CGGCACCCGCCCTCCGAGGAGTCCCAAGCC	GGCUUGGGACUCCUCGGAGGGCGGGUGCCG	0
NM_002649.3:729-758	NM_002649.3	NM_002649.3.fasta	729	758	+	30	GGCACCCGCCCTCCGAGGAGTCCCAAGCCT	AGGCUUGGGACUCCUCGGAGGGCGGGUGCC	0
NM_002649.3:730-759	NM_002649.3	NM_002649.3.fasta	730	759	+	30	GCACCCGCCCTCCGAGGAGTCCCAAGCCTT	AAGGCUUGGGACUCCUCGGAGGGCGGGUGC	0
NM_002649.3:731-760	NM_002649.3	NM_002649.3.fasta	731	760	+	30	CACCCGCCCTCCGAGGAGTCCCAAGCCTTC	GAAGGCUUGGGACUCCUCGGAGGGCGGGUG	0
NM_002649.3:732-761	NM_002649.3	NM_002649.3.fasta	732	761	+	30	ACCCGCCCTCCGAGGAGTCCCAAGCCTTCC	GGAAGGCUUGGGACUCCUCGGAGGGCGGGU	0
NM_002649.3:733-762	NM_002649.3	NM_002649.3.fasta	733	762	+	30	CCCGCCCTCCGAGGAGTCCCAAGCCTTCCA	UGGAAGGCUUGGGACUCCUCGGAGGGCGGG	0
NM_002649.3:734-763	NM_002649.3	NM_002649.3.fasta	734	763	+	30	CCGCCCTCCGAGGAGTCCCAAGCCTTCCAG	CUGGAAGGCUUGGGACUCCUCGGAGGGCGG	0
NM_002649.3:735-764	NM_002649.3	NM_002649.3.fasta	735	764	+	30	CGCCCTCCGAGGAGTCCCAAGCCTTCCAGC	GCUGGAAGGCUUGGGACUCCUCGGAGGGCG	0
NM_002649.3:736-765	NM_002649.3	NM_002649.3.fasta	736	765	+	30	GCCCTCCGAGGAGTCCCAAGCCTTCCAGCG	CGCUGGAAGGCUUGGGACUCCUCGGAGGGC	0
NM_002649.3:737-766	NM_002649.3	NM_002649.3.fasta	737	766	+	30	CCCTCCGAGGAGTCCCAAGCCTTCCAGCGG	CCGCUGGAAGGCUUGGGACUCCUCGGAGGG	0
NM_002649.3:738-767	NM_002649.3	NM_002649.3.fasta	738	767	+	30	CCTCCGAGGAGTCCCAAGCCTTCCAGCGGC	GCCGCUGGAAGGCUUGGGACUCCUCGGAGG	0
NM_002649.3:739-768	NM_002649.3	NM_002649.3.fasta	739	768	+	30	CTCCGAGGAGTCCCAAGCCTTCCAGCGGCA	UGCCGCUGGAAGGCUUGGGACUCCUCGGAG	0
NM_002649.3:740-769	NM_002649.3	NM_002649.3.fasta	740	769	+	30	TCCGAGGAGTCCCAAGCCTTCCAGCGGCAG	CUGCCGCUGGAAGGCUUGGGACUCCUCGGA	0
NM_002649.3:741-770	NM_002649.3	NM_002649.3.fasta	741	770	+	30	CCGAGGAGTCCCAAGCCTTCCAGCGGCAGC	GCUGCCGCUGGAAGGCUUGGGACUCCUCGG	0
NM_002649.3:742-771	NM_002649.3	NM_002649.3.fasta	742	771	+	30	CGAGGAGTCCCAAGCCTTCCAGCGGCAGCT	AGCUGCCGCUGGAAGGCUUGGGACUCCUCG	0
NM_002649.3:743-772	NM_002649.3	NM_002649.3.fasta	743	772	+	30	GAGGAGTCCCAAGCCTTCCAGCGGCAGCTC	GAGCUGCCGCUGGAAGGCUUGGGACUCCUC	0
NM_002649.3:744-773	NM_002649.3	NM_002649.3.fasta	744	773	+	30	AGGAGTCCCAAGCCTTCCAGCGGCAGCTCA	UGAGCUGCCGCUGGAAGGCUUGGGACUCCU	0
NM_002649.3:745-774	NM_002649.3	NM_002649.3.fasta	745	774	+	30	GGAGTCCCAAGCCTTCCAGCGGCAGCTCAC	GUGAGCUGCCGCUGGAAGGCUUGGGACUCC	0
NM_002649.3:746-775	NM_002649.3	NM_002649.3.fasta	746	775	+	30	GAGTCCCAAGCCTTCCAGCGGCAGCTCACG	CGUGAGCUGCCGCUGGAAGGCUUGGGACUC	0
NM_002649.3:747-776	NM_002649.3	NM_002649.3.fasta	747	776	+	30	AGTCCCAAGCCTTCCAGCGGCAGCTCACGG	CCGUGAGCUGCCGCUGGAAGGCUUGGGACU	0
NM_002649.3:748-777	NM_002649.3	NM_002649.3.fasta	748	777	+	30	GTCCCAAGCCTTCCAGCGGCAGCTCACGGC	GCCGUGAGCUGCCGCUGGAAGGCUUGGGAC	0
NM_002649.3:749-778	NM_002649.3	NM_002649.3.fasta	749	778	+	30	TCCCAAGCCTTCCAGCGGCAGCTCACGGCG	CGCCGUGAGCUGCCGCUGGAAGGCUUGGGA	0
NM_002649.3:750-779	NM_002649.3	NM_002649.3.fasta	750	779	+	30	CCCAAGCCTTCCAGCGGCAGCTCACGGCGC	GCGCCGUGAGCUGCCGCUGGAAGGCUUGGG	0
NM_002649.3:751-780	NM_002649.3	NM_002649.3.fasta	751	780	+	30	CCAAGCCTTCCAGCGGCAGCTCACGGCGCT	AGCGCCGUGAGCUGCCGCUGGAAGGCUUGG	0
NM_002649.3:752-781	NM_002649.3	NM_002649.3.fasta	752	781	+	30	CAAGCCTTCCAGCGGCAGCTCACGGCGCTG	CAGCGCCGUGAGCUGCCGCUGGAAGGCUUG	0
NM_002649.3:753-782	NM_002649.3	NM_002649.3.fasta	753	782	+	30	AAGCCTTCCAGCGGCAGCTCACGGCGCTGA	UCAGCGCCGUGAGCUGCCGCUGGAAGGCUU	0
NM_002649.3:754-783	NM_002649.3	NM_002649.3.fasta	754	783	+	30	AGCCTTCCAGCGGCAGCTCACGGCGCTGAT	AUCAGCGCCGUGAGCUGCCGCUGGAAGGCU	0
NM_002649.3:755-784	NM_002649.3	NM_002649.3.fasta	755	784	+	30	GCCTTCCAGCGGCAGCTCACGGCGCTGATT	AAUCAGCGCCGUGAGCUGCCGCUGGAAGGC	0
NM_002649.3:756-785	NM_002649.3	NM_002649.3.fasta	756	785	+	30	CCTTCCAGCGGCAGCTCACGGCGCTGATTG	CAAUCAGCGCCGUGAGCUGCCGCUGGAAGG	0
NM_002649.3:757-786	NM_002649.3	NM_002649.3.fasta	757	786	+	30	CTTCCAGCGGCAGCTCACGGCGCTGATTGG	CCAAUCAGCGCCGUGAGCUGCCGCUGGAAG	0
NM_002649.3:758-787	NM_002649.3	NM_002649.3.fasta	758	787	+	30	TTCCAGCGGCAGCTCACGGCGCTGATTGGC	GCCAAUCAGCGCCGUGAGCUGCCGCUGGAA	0
NM_002649.3:759-788	NM_002649.3	NM_002649.3.fasta	759	788	+	30	TCCAGCGGCAGCTCACGGCGCTGATTGGCT	AGCCAAUCAGCGCCGUGAGCUGCCGCUGGA	0
NM_002649.3:760-789	NM_002649.3	NM_002649.3.fasta	760	789	+	30	CCAGCGGCAGCTCACGGCGCTGATTGGCTA	UAGCCAAUCAGCGCCGUGAGCUGCCGCUGG	0
NM_002649.3:761-790	NM_002649.3	NM_002649.3.fasta	761	790	+	30	CAGCGGCAGCTCACGGCGCTGATTGGCTAT	AUAGCCAAUCAGCGCCGUGAGCUGCCGCUG	0
NM_002649.3:762-791	NM_002649.3	NM_002649.3.fasta	762	791	+	30	AGCGGCAGCTCACGGCGCTGATTGGCTATG	CAUAGCCAAUCAGCGCCGUGAGCUGCCGCU	0
NM_002649.3:763-792	NM_002649.3	NM_002649.3.fasta	763	792	+	30	GCGGCAGCTCACGGCGCTGATTGGCTATGA	UCAUAGCCAAUCAGCGCCGUGAGCUGCCGC	0
NM_002649.3:764-793	NM_002649.3	NM_002649.3.fasta	764	793	+	30	CGGCAGCTCACGGCGCTGATTGGCTATGAC	GUCAUAGCCAAUCAGCGCCGUGAGCUGCCG	0
NM_002649.3:765-794	NM_002649.3	NM_002649.3.fasta	765	794	+	30	GGCAGCTCACGGCGCTGATTGGCTATGACG	CGUCAUAGCCAAUCAGCGCCGUGAGCUGCC	0
NM_002649.3:766-795	NM_002649.3	NM_002649.3.fasta	766	795	+	30	GCAGCTCACGGCGCTGATTGGCTATGACGT	ACGUCAUAGCCAAUCAGCGCCGUGAGCUGC	0
NM_002649.3:767-796	NM_002649.3	NM_002649.3.fasta	767	796	+	30	CAGCTCACGGCGCTGATTGGCTATGACGTC	GACGUCAUAGCCAAUCAGCGCCGUGAGCUG	0
NM_002649.3:768-797	NM_002649.3	NM_002649.3.fasta	768	797	+	30	AGCTCACGGCGCTGATTGGCTATGACGTCA	UGACGUCAUAGCCAAUCAGCGCCGUGAGCU	0
NM_002649.3:769-798	NM_002649.3	NM_002649.3.fasta	769	798	+	30	GCTCACGGCGCTGATTGGCTATGACGTCAC	GUGACGUCAUAGCCAAUCAGCGCCGUGAGC	0
NM_002649.3:770-799	NM_002649.3	NM_002649.3.fasta	770	799	+	30	CTCACGGCGCTGATTGGCTATGACGTCACT	AGUGACGUCAUAGCCAAUCAGCGCCGUGAG	0
NM_002649.3:771-800	NM_002649.3	NM_002649.3.fasta	771	800	+	30	TCACGGCGCTGATTGGCTATGACGTCACTG	CAGUGACGUCAUAGCCAAUCAGCGCCGUGA	0
NM_002649.3:772-801	NM_002649.3	NM_002649.3.fasta	772	801	+	30	CACGGCGCTGATTGGCTATGACGTCACTGA	UCAGUGACGUCAUAGCCAAUCAGCGCCGUG	0
NM_002649.3:773-802	NM_002649.3	NM_002649.3.fasta	773	802	+	30	ACGGCGCTGATTGGCTATGACGTCACTGAC	GUCAGUGACGUCAUAGCCAAUCAGCGCCGU	0
NM_002649.3:774-803	NM_002649.3	NM_002649.3.fasta	774	803	+	30	CGGCGCTGATTGGCTATGACGTCACTGACG	CGUCAGUGACGUCAUAGCCAAUCAGCGCCG	0
NM_002649.3:775-804	NM_002649.3	NM_002649.3.fasta	775	804	+	30	GGCGCTGATTGGCTATGACGTCACTGACGT	ACGUCAGUGACGUCAUAGCCAAUCAGCGCC	0
NM_002649.3:776-805	NM_002649.3	NM_002649.3.fasta	776	805	+	30	GCGCTGATTGGCTATGACGTCACTGACGTC	GACGUCAGUGACGUCAUAGCCAAUCAGCGC	0
NM_002649.3:777-806	NM_002649.3	NM_002649.3.fasta	777	806	+	30	CGCTGATTGGCTATGACGTCACTGACGTCA	UGACGUCAGUGACGUCAUAGCCAAUCAGCG	0
NM_002649.3:778-807	NM_002649.3	NM_002649.3.fasta	778	807	+	30	GCTGATTGGCTATGACGTCACTGACGTCAG	CUGACGUCAGUGACGUCAUAGCCAAUCAGC	0
NM_002649.3:779-808	NM_002649.3	NM_002649.3.fasta	779	808	+	30	CTGATTGGCTATGACGTCACTGACGTCAGC	GCUGACGUCAGUGACGUCAUAGCCAAUCAG	0
NM_002649.3:780-809	NM_002649.3	NM_002649.3.fasta	780	809	+	30	TGATTGGCTATGACGTCACTGACGTCAGCA	UGCUGACGUCAGUGACGUCAUAGCCAAUCA	0
NM_002649.3:781-810	NM_002649.3	NM_002649.3.fasta	781	810	+	30	GATTGGCTATGACGTCACTGACGTCAGCAA	UUGCUGACGUCAGUGACGUCAUAGCCAAUC	0
NM_002649.3:782-811	NM_002649.3	NM_002649.3.fasta	782	811	+	30	ATTGGCTATGACGTCACTGACGTCAGCAAC	GUUGCUGACGUCAGUGACGUCAUAGCCAAU	0
NM_002649.3:783-812	NM_002649.3	NM_002649.3.fasta	783	812	+	30	TTGGCTATGACGTCACTGACGTCAGCAACG	CGUUGCUGACGUCAGUGACGUCAUAGCCAA	0
NM_002649.3:784-813	NM_002649.3	NM_002649.3.fasta	784	813	+	30	TGGCTATGACGTCACTGACGTCAGCAACGT	ACGUUGCUGACGUCAGUGACGUCAUAGCCA	0
NM_002649.3:785-814	NM_002649.3	NM_002649.3.fasta	785	814	+	30	GGCTATGACGTCACTGACGTCAGCAACGTG	CACGUUGCUGACGUCAGUGACGUCAUAGCC	0
NM_002649.3:786-815	NM_002649.3	NM_002649.3.fasta	786	815	+	30	GCTATGACGTCACTGACGTCAGCAACGTGC	GCACGUUGCUGACGUCAGUGACGUCAUAGC	0
NM_002649.3:787-816	NM_002649.3	NM_002649.3.fasta	787	816	+	30	CTATGACGTCACTGACGTCAGCAACGTGCA	UGCACGUUGCUGACGUCAGUGACGUCAUAG	0
NM_002649.3:788-817	NM_002649.3	NM_002649.3.fasta	788	817	+	30	TATGACGTCACTGACGTCAGCAACGTGCAC	GUGCACGUUGCUGACGUCAGUGACGUCAUA	0
NM_002649.3:789-818	NM_002649.3	NM_002649.3.fasta	789	818	+	30	ATGACGTCACTGACGTCAGCAACGTGCACG	CGUGCACGUUGCUGACGUCAGUGACGUCAU	0
NM_002649.3:790-819	NM_002649.3	NM_002649.3.fasta	790	819	+	30	TGACGTCACTGACGTCAGCAACGTGCACGA	UCGUGCACGUUGCUGACGUCAGUGACGUCA	0
NM_002649.3:791-820	NM_002649.3	NM_002649.3.fasta	791	820	+	30	GACGTCACTGACGTCAGCAACGTGCACGAC	GUCGUGCACGUUGCUGACGUCAGUGACGUC	0
NM_002649.3:792-821	NM_002649.3	NM_002649.3.fasta	792	821	+	30	ACGTCACTGACGTCAGCAACGTGCACGACG	CGUCGUGCACGUUGCUGACGUCAGUGACGU	0
NM_002649.3:793-822	NM_002649.3	NM_002649.3.fasta	793	822	+	30	CGTCACTGACGTCAGCAACGTGCACGACGA	UCGUCGUGCACGUUGCUGACGUCAGUGACG	0
NM_002649.3:794-823	NM_002649.3	NM_002649.3.fasta	794	823	+	30	GTCACTGACGTCAGCAACGTGCACGACGAT	AUCGUCGUGCACGUUGCUGACGUCAGUGAC	0
NM_002649.3:795-824	NM_002649.3	NM_002649.3.fasta	795	824	+	30	TCACTGACGTCAGCAACGTGCACGACGATG	CAUCGUCGUGCACGUUGCUGACGUCAGUGA	0
NM_002649.3:796-825	NM_002649.3	NM_002649.3.fasta	796	825	+	30	CACTGACGTCAGCAACGTGCACGACGATGA	UCAUCGUCGUGCACGUUGCUGACGUCAGUG	0
NM_002649.3:797-826	NM_002649.3	NM_002649.3.fasta	797	826	+	30	ACTGACGTCAGCAACGTGCACGACGATGAG	CUCAUCGUCGUGCACGUUGCUGACGUCAGU	0
NM_002649.3:798-827	NM_002649.3	NM_002649.3.fasta	798	827	+	30	CTGACGTCAGCAACGTGCACGACGATGAGC	GCUCAUCGUCGUGCACGUUGCUGACGUCAG	0
NM_002649.3:799-828	NM_002649.3	NM_002649.3.fasta	799	828	+	30	TGACGTCAGCAACGTGCACGACGATGAGCT	AGCUCAUCGUCGUGCACGUUGCUGACGUCA	0
NM_002649.3:800-829	NM_002649.3	NM_002649.3.fasta	800	829	+	30	GACGTCAGCAACGTGCACGACGATGAGCTG	CAGCUCAUCGUCGUGCACGUUGCUGACGUC	0
NM_002649.3:801-830	NM_002649.3	NM_002649.3.fasta	801	830	+	30	ACGTCAGCAACGTGCACGACGATGAGCTGG	CCAGCUCAUCGUCGUGCACGUUGCUGACGU	0
NM_002649.3:802-831	NM_002649.3	NM_002649.3.fasta	802	831	+	30	CGTCAGCAACGTGCACGACGATGAGCTGGA	UCCAGCUCAUCGUCGUGCACGUUGCUGACG	0
NM_002649.3:803-832	NM_002649.3	NM_002649.3.fasta	803	832	+	30	GTCAGCAACGTGCACGACGATGAGCTGGAG	CUCCAGCUCAUCGUCGUGCACGUUGCUGAC	0
NM_002649.3:804-833	NM_002649.3	NM_002649.3.fasta	804	833	+	30	TCAGCAACGTGCACGACGATGAGCTGGAGT	ACUCCAGCUCAUCGUCGUGCACGUUGCUGA	0
NM_002649.3:805-834	NM_002649.3	NM_002649.3.fasta	805	834	+	30	CAGCAACGTGCACGACGATGAGCTGGAGTT	AACUCCAGCUCAUCGUCGUGCACGUUGCUG	0
NM_002649.3:806-835	NM_002649.3	NM_002649.3.fasta	806	835	+	30	AGCAACGTGCACGACGATGAGCTGGAGTTC	GAACUCCAGCUCAUCGUCGUGCACGUUGCU	0
NM_002649.3:807-836	NM_002649.3	NM_002649.3.fasta	807	836	+	30	GCAACGTGCACGACGATGAGCTGGAGTTCA	UGAACUCCAGCUCAUCGUCGUGCACGUUGC	0
NM_002649.3:808-837	NM_002649.3	NM_002649.3.fasta	808	837	+	30	CAACGTGCACGACGATGAGCTGGAGTTCAC	GUGAACUCCAGCUCAUCGUCGUGCACGUUG	0
NM_002649.3:809-838	NM_002649.3	NM_002649.3.fasta	809	838	+	30	AACGTGCACGACGATGAGCTGGAGTTCACG	CGUGAACUCCAGCUCAUCGUCGUGCACGUU	0
NM_002649.3:810-839	NM_002649.3	NM_002649.3.fasta	810	839	+	30	ACGTGCACGACGATGAGCTGGAGTTCACGC	GCGUGAACUCCAGCUCAUCGUCGUGCACGU	0
NM_002649.3:811-840	NM_002649.3	NM_002649.3.fasta	811	840	+	30	CGTGCACGACGATGAGCTGGAGTTCACGCG	CGCGUGAACUCCAGCUCAUCGUCGUGCACG	0
NM_002649.3:812-841	NM_002649.3	NM_002649.3.fasta	812	841	+	30	GTGCACGACGATGAGCTGGAGTTCACGCGC	GCGCGUGAACUCCAGCUCAUCGUCGUGCAC	0
NM_002649.3:813-842	NM_002649.3	NM_002649.3.fasta	813	842	+	30	TGCACGACGATGAGCTGGAGTTCACGCGCC	GGCGCGUGAACUCCAGCUCAUCGUCGUGCA	0
NM_002649.3:814-843	NM_002649.3	NM_002649.3.fasta	814	843	+	30	GCACGACGATGAGCTGGAGTTCACGCGCCG	CGGCGCGUGAACUCCAGCUCAUCGUCGUGC	0
NM_002649.3:815-844	NM_002649.3	NM_002649.3.fasta	815	844	+	30	CACGACGATGAGCTGGAGTTCACGCGCCGT	ACGGCGCGUGAACUCCAGCUCAUCGUCGUG	0
NM_002649.3:816-845	NM_002649.3	NM_002649.3.fasta	816	845	+	30	ACGACGATGAGCTGGAGTTCACGCGCCGTG	CACGGCGCGUGAACUCCAGCUCAUCGUCGU	0
NM_002649.3:817-846	NM_002649.3	NM_002649.3.fasta	817	846	+	30	CGACGATGAGCTGGAGTTCACGCGCCGTGG	CCACGGCGCGUGAACUCCAGCUCAUCGUCG	0
NM_002649.3:818-847	NM_002649.3	NM_002649.3.fasta	818	847	+	30	GACGATGAGCTGGAGTTCACGCGCCGTGGC	GCCACGGCGCGUGAACUCCAGCUCAUCGUC	0
NM_002649.3:819-848	NM_002649.3	NM_002649.3.fasta	819	848	+	30	ACGATGAGCTGGAGTTCACGCGCCGTGGCT	AGCCACGGCGCGUGAACUCCAGCUCAUCGU	0
NM_002649.3:820-849	NM_002649.3	NM_002649.3.fasta	820	849	+	30	CGATGAGCTGGAGTTCACGCGCCGTGGCTT	AAGCCACGGCGCGUGAACUCCAGCUCAUCG	0
NM_002649.3:821-850	NM_002649.3	NM_002649.3.fasta	821	850	+	30	GATGAGCTGGAGTTCACGCGCCGTGGCTTG	CAAGCCACGGCGCGUGAACUCCAGCUCAUC	0
NM_002649.3:822-851	NM_002649.3	NM_002649.3.fasta	822	851	+	30	ATGAGCTGGAGTTCACGCGCCGTGGCTTGG	CCAAGCCACGGCGCGUGAACUCCAGCUCAU	0
NM_002649.3:823-852	NM_002649.3	NM_002649.3.fasta	823	852	+	30	TGAGCTGGAGTTCACGCGCCGTGGCTTGGT	ACCAAGCCACGGCGCGUGAACUCCAGCUCA	0
NM_002649.3:824-853	NM_002649.3	NM_002649.3.fasta	824	853	+	30	GAGCTGGAGTTCACGCGCCGTGGCTTGGTG	CACCAAGCCACGGCGCGUGAACUCCAGCUC	0
NM_002649.3:825-854	NM_002649.3	NM_002649.3.fasta	825	854	+	30	AGCTGGAGTTCACGCGCCGTGGCTTGGTGA	UCACCAAGCCACGGCGCGUGAACUCCAGCU	0
NM_002649.3:826-855	NM_002649.3	NM_002649.3.fasta	826	855	+	30	GCTGGAGTTCACGCGCCGTGGCTTGGTGAC	GUCACCAAGCCACGGCGCGUGAACUCCAGC	0
NM_002649.3:827-856	NM_002649.3	NM_002649.3.fasta	827	856	+	30	CTGGAGTTCACGCGCCGTGGCTTGGTGACC	GGUCACCAAGCCACGGCGCGUGAACUCCAG	0
NM_002649.3:828-857	NM_002649.3	NM_002649.3.fasta	828	857	+	30	TGGAGTTCACGCGCCGTGGCTTGGTGACCC	GGGUCACCAAGCCACGGCGCGUGAACUCCA	0
NM_002649.3:829-858	NM_002649.3	NM_002649.3.fasta	829	858	+	30	GGAGTTCACGCGCCGTGGCTTGGTGACCCC	GGGGUCACCAAGCCACGGCGCGUGAACUCC	0
NM_002649.3:830-859	NM_002649.3	NM_002649.3.fasta	830	859	+	30	GAGTTCACGCGCCGTGGCTTGGTGACCCCG	CGGGGUCACCAAGCCACGGCGCGUGAACUC	0
NM_002649.3:831-860	NM_002649.3	NM_002649.3.fasta	831	860	+	30	AGTTCACGCGCCGTGGCTTGGTGACCCCGC	GCGGGGUCACCAAGCCACGGCGCGUGAACU	0
NM_002649.3:832-861	NM_002649.3	NM_002649.3.fasta	832	861	+	30	GTTCACGCGCCGTGGCTTGGTGACCCCGCG	CGCGGGGUCACCAAGCCACGGCGCGUGAAC	0
NM_002649.3:833-862	NM_002649.3	NM_002649.3.fasta	833	862	+	30	TTCACGCGCCGTGGCTTGGTGACCCCGCGC	GCGCGGGGUCACCAAGCCACGGCGCGUGAA	0
NM_002649.3:834-863	NM_002649.3	NM_002649.3.fasta	834	863	+	30	TCACGCGCCGTGGCTTGGTGACCCCGCGCA	UGCGCGGGGUCACCAAGCCACGGCGCGUGA	0
NM_002649.3:835-864	NM_002649.3	NM_002649.3.fasta	835	864	+	30	CACGCGCCGTGGCTTGGTGACCCCGCGCAT	AUGCGCGGGGUCACCAAGCCACGGCGCGUG	0
NM_002649.3:836-865	NM_002649.3	NM_002649.3.fasta	836	865	+	30	ACGCGCCGTGGCTTGGTGACCCCGCGCATG	CAUGCGCGGGGUCACCAAGCCACGGCGCGU	0
NM_002649.3:837-866	NM_002649.3	NM_002649.3.fasta	837	866	+	30	CGCGCCGTGGCTTGGTGACCCCGCGCATGG	CCAUGCGCGGGGUCACCAAGCCACGGCGCG	0
NM_002649.3:838-867	NM_002649.3	NM_002649.3.fasta	838	867	+	30	GCGCCGTGGCTTGGTGACCCCGCGCATGGC	GCCAUGCGCGGGGUCACCAAGCCACGGCGC	0
NM_002649.3:839-868	NM_002649.3	NM_002649.3.fasta	839	868	+	30	CGCCGTGGCTTGGTGACCCCGCGCATGGCG	CGCCAUGCGCGGGGUCACCAAGCCACGGCG	0
NM_002649.3:840-869	NM_002649.3	NM_002649.3.fasta	840	869	+	30	GCCGTGGCTTGGTGACCCCGCGCATGGCGG	CCGCCAUGCGCGGGGUCACCAAGCCACGGC	0
NM_002649.3:841-870	NM_002649.3	NM_002649.3.fasta	841	870	+	30	CCGTGGCTTGGTGACCCCGCGCATGGCGGA	UCCGCCAUGCGCGGGGUCACCAAGCCACGG	0
NM_002649.3:842-871	NM_002649.3	NM_002649.3.fasta	842	871	+	30	CGTGGCTTGGTGACCCCGCGCATGGCGGAG	CUCCGCCAUGCGCGGGGUCACCAAGCCACG	0
NM_002649.3:843-872	NM_002649.3	NM_002649.3.fasta	843	872	+	30	GTGGCTTGGTGACCCCGCGCATGGCGGAGG	CCUCCGCCAUGCGCGGGGUCACCAAGCCAC	0
NM_002649.3:844-873	NM_002649.3	NM_002649.3.fasta	844	873	+	30	TGGCTTGGTGACCCCGCGCATGGCGGAGGT	ACCUCCGCCAUGCGCGGGGUCACCAAGCCA	0
NM_002649.3:845-874	NM_002649.3	NM_002649.3.fasta	845	874	+	30	GGCTTGGTGACCCCGCGCATGGCGGAGGTG	CACCUCCGCCAUGCGCGGGGUCACCAAGCC	0
NM_002649.3:846-875	NM_002649.3	NM_002649.3.fasta	846	875	+	30	GCTTGGTGACCCCGCGCATGGCGGAGGTGG	CCACCUCCGCCAUGCGCGGGGUCACCAAGC	0
NM_002649.3:847-876	NM_002649.3	NM_002649.3.fasta	847	876	+	30	CTTGGTGACCCCGCGCATGGCGGAGGTGGC	GCCACCUCCGCCAUGCGCGGGGUCACCAAG	0
NM_002649.3:848-877	NM_002649.3	NM_002649.3.fasta	848	877	+	30	TTGGTGACCCCGCGCATGGCGGAGGTGGCC	GGCCACCUCCGCCAUGCGCGGGGUCACCAA	0
NM_002649.3:849-878	NM_002649.3	NM_002649.3.fasta	849	878	+	30	TGGTGACCCCGCGCATGGCGGAGGTGGCCA	UGGCCACCUCCGCCAUGCGCGGGGUCACCA	0
NM_002649.3:850-879	NM_002649.3	NM_002649.3.fasta	850	879	+	30	GGTGACCCCGCGCATGGCGGAGGTGGCCAG	CUGGCCACCUCCGCCAUGCGCGGGGUCACC	0
NM_002649.3:851-880	NM_002649.3	NM_002649.3.fasta	851	880	+	30	GTGACCCCGCGCATGGCGGAGGTGGCCAGC	GCUGGCCACCUCCGCCAUGCGCGGGGUCAC	0
NM_002649.3:852-881	NM_002649.3	NM_002649.3.fasta	852	881	+	30	TGACCCCGCGCATGGCGGAGGTGGCCAGCC	GGCUGGCCACCUCCGCCAUGCGCGGGGUCA	0
NM_002649.3:853-882	NM_002649.3	NM_002649.3.fasta	853	882	+	30	GACCCCGCGCATGGCGGAGGTGGCCAGCCG	CGGCUGGCCACCUCCGCCAUGCGCGGGGUC	0
NM_002649.3:854-883	NM_002649.3	NM_002649.3.fasta	854	883	+	30	ACCCCGCGCATGGCGGAGGTGGCCAGCCGC	GCGGCUGGCCACCUCCGCCAUGCGCGGGGU	0
NM_002649.3:855-884	NM_002649.3	NM_002649.3.fasta	855	884	+	30	CCCCGCGCATGGCGGAGGTGGCCAGCCGCG	CGCGGCUGGCCACCUCCGCCAUGCGCGGGG	0
NM_002649.3:856-885	NM_002649.3	NM_002649.3.fasta	856	885	+	30	CCCGCGCATGGCGGAGGTGGCCAGCCGCGA	UCGCGGCUGGCCACCUCCGCCAUGCGCGGG	0
NM_002649.3:857-886	NM_002649.3	NM_002649.3.fasta	857	886	+	30	CCGCGCATGGCGGAGGTGGCCAGCCGCGAC	GUCGCGGCUGGCCACCUCCGCCAUGCGCGG	0
NM_002649.3:858-887	NM_002649.3	NM_002649.3.fasta	858	887	+	30	CGCGCATGGCGGAGGTGGCCAGCCGCGACC	GGUCGCGGCUGGCCACCUCCGCCAUGCGCG	0
NM_002649.3:859-888	NM_002649.3	NM_002649.3.fasta	859	888	+	30	GCGCATGGCGGAGGTGGCCAGCCGCGACCC	GGGUCGCGGCUGGCCACCUCCGCCAUGCGC	0
NM_002649.3:860-889	NM_002649.3	NM_002649.3.fasta	860	889	+	30	CGCATGGCGGAGGTGGCCAGCCGCGACCCC	GGGGUCGCGGCUGGCCACCUCCGCCAUGCG	0
NM_002649.3:861-890	NM_002649.3	NM_002649.3.fasta	861	890	+	30	GCATGGCGGAGGTGGCCAGCCGCGACCCCA	UGGGGUCGCGGCUGGCCACCUCCGCCAUGC	0
NM_002649.3:862-891	NM_002649.3	NM_002649.3.fasta	862	891	+	30	CATGGCGGAGGTGGCCAGCCGCGACCCCAA	UUGGGGUCGCGGCUGGCCACCUCCGCCAUG	0
NM_002649.3:863-892	NM_002649.3	NM_002649.3.fasta	863	892	+	30	ATGGCGGAGGTGGCCAGCCGCGACCCCAAG	CUUGGGGUCGCGGCUGGCCACCUCCGCCAU	0
NM_002649.3:864-893	NM_002649.3	NM_002649.3.fasta	864	893	+	30	TGGCGGAGGTGGCCAGCCGCGACCCCAAGC	GCUUGGGGUCGCGGCUGGCCACCUCCGCCA	0
NM_002649.3:865-894	NM_002649.3	NM_002649.3.fasta	865	894	+	30	GGCGGAGGTGGCCAGCCGCGACCCCAAGCT	AGCUUGGGGUCGCGGCUGGCCACCUCCGCC	0
NM_002649.3:866-895	NM_002649.3	NM_002649.3.fasta	866	895	+	30	GCGGAGGTGGCCAGCCGCGACCCCAAGCTC	GAGCUUGGGGUCGCGGCUGGCCACCUCCGC	0
NM_002649.3:867-896	NM_002649.3	NM_002649.3.fasta	867	896	+	30	CGGAGGTGGCCAGCCGCGACCCCAAGCTCT	AGAGCUUGGGGUCGCGGCUGGCCACCUCCG	0
NM_002649.3:868-897	NM_002649.3	NM_002649.3.fasta	868	897	+	30	GGAGGTGGCCAGCCGCGACCCCAAGCTCTA	UAGAGCUUGGGGUCGCGGCUGGCCACCUCC	0
NM_002649.3:869-898	NM_002649.3	NM_002649.3.fasta	869	898	+	30	GAGGTGGCCAGCCGCGACCCCAAGCTCTAC	GUAGAGCUUGGGGUCGCGGCUGGCCACCUC	0
NM_002649.3:870-899	NM_002649.3	NM_002649.3.fasta	870	899	+	30	AGGTGGCCAGCCGCGACCCCAAGCTCTACG	CGUAGAGCUUGGGGUCGCGGCUGGCCACCU	0
NM_002649.3:871-900	NM_002649.3	NM_002649.3.fasta	871	900	+	30	GGTGGCCAGCCGCGACCCCAAGCTCTACGC	GCGUAGAGCUUGGGGUCGCGGCUGGCCACC	0
NM_002649.3:872-901	NM_002649.3	NM_002649.3.fasta	872	901	+	30	GTGGCCAGCCGCGACCCCAAGCTCTACGCC	GGCGUAGAGCUUGGGGUCGCGGCUGGCCAC	0
NM_002649.3:873-902	NM_002649.3	NM_002649.3.fasta	873	902	+	30	TGGCCAGCCGCGACCCCAAGCTCTACGCCA	UGGCGUAGAGCUUGGGGUCGCGGCUGGCCA	0
NM_002649.3:874-903	NM_002649.3	NM_002649.3.fasta	874	903	+	30	GGCCAGCCGCGACCCCAAGCTCTACGCCAT	AUGGCGUAGAGCUUGGGGUCGCGGCUGGCC	0
NM_002649.3:875-904	NM_002649.3	NM_002649.3.fasta	875	904	+	30	GCCAGCCGCGACCCCAAGCTCTACGCCATG	CAUGGCGUAGAGCUUGGGGUCGCGGCUGGC	0
NM_002649.3:876-905	NM_002649.3	NM_002649.3.fasta	876	905	+	30	CCAGCCGCGACCCCAAGCTCTACGCCATGC	GCAUGGCGUAGAGCUUGGGGUCGCGGCUGG	0
NM_002649.3:877-906	NM_002649.3	NM_002649.3.fasta	877	906	+	30	CAGCCGCGACCCCAAGCTCTACGCCATGCA	UGCAUGGCGUAGAGCUUGGGGUCGCGGCUG	0
NM_002649.3:878-907	NM_002649.3	NM_002649.3.fasta	878	907	+	30	AGCCGCGACCCCAAGCTCTACGCCATGCAC	GUGCAUGGCGUAGAGCUUGGGGUCGCGGCU	0
NM_002649.3:879-908	NM_002649.3	NM_002649.3.fasta	879	908	+	30	GCCGCGACCCCAAGCTCTACGCCATGCACC	GGUGCAUGGCGUAGAGCUUGGGGUCGCGGC	0
NM_002649.3:880-909	NM_002649.3	NM_002649.3.fasta	880	909	+	30	CCGCGACCCCAAGCTCTACGCCATGCACCC	GGGUGCAUGGCGUAGAGCUUGGGGUCGCGG	0
NM_002649.3:881-910	NM_002649.3	NM_002649.3.fasta	881	910	+	30	CGCGACCCCAAGCTCTACGCCATGCACCCG	CGGGUGCAUGGCGUAGAGCUUGGGGUCGCG	0
NM_002649.3:882-911	NM_002649.3	NM_002649.3.fasta	882	911	+	30	GCGACCCCAAGCTCTACGCCATGCACCCGT	ACGGGUGCAUGGCGUAGAGCUUGGGGUCGC	0
NM_002649.3:883-912	NM_002649.3	NM_002649.3.fasta	883	912	+	30	CGACCCCAAGCTCTACGCCATGCACCCGTG	CACGGGUGCAUGGCGUAGAGCUUGGGGUCG	0
NM_002649.3:884-913	NM_002649.3	NM_002649.3.fasta	884	913	+	30	GACCCCAAGCTCTACGCCATGCACCCGTGG	CCACGGGUGCAUGGCGUAGAGCUUGGGGUC	0
NM_002649.3:885-914	NM_002649.3	NM_002649.3.fasta	885	914	+	30	ACCCCAAGCTCTACGCCATGCACCCGTGGG	CCCACGGGUGCAUGGCGUAGAGCUUGGGGU	0
NM_002649.3:886-915	NM_002649.3	NM_002649.3.fasta	886	915	+	30	CCCCAAGCTCTACGCCATGCACCCGTGGGT	ACCCACGGGUGCAUGGCGUAGAGCUUGGGG	0
NM_002649.3:887-916	NM_002649.3	NM_002649.3.fasta	887	916	+	30	CCCAAGCTCTACGCCATGCACCCGTGGGTG	CACCCACGGGUGCAUGGCGUAGAGCUUGGG	0
NM_002649.3:888-917	NM_002649.3	NM_002649.3.fasta	888	917	+	30	CCAAGCTCTACGCCATGCACCCGTGGGTGA	UCACCCACGGGUGCAUGGCGUAGAGCUUGG	0
NM_002649.3:889-918	NM_002649.3	NM_002649.3.fasta	889	918	+	30	CAAGCTCTACGCCATGCACCCGTGGGTGAC	GUCACCCACGGGUGCAUGGCGUAGAGCUUG	0
NM_002649.3:890-919	NM_002649.3	NM_002649.3.fasta	890	919	+	30	AAGCTCTACGCCATGCACCCGTGGGTGACG	CGUCACCCACGGGUGCAUGGCGUAGAGCUU	0
NM_002649.3:891-920	NM_002649.3	NM_002649.3.fasta	891	920	+	30	AGCTCTACGCCATGCACCCGTGGGTGACGT	ACGUCACCCACGGGUGCAUGGCGUAGAGCU	0
NM_002649.3:892-921	NM_002649.3	NM_002649.3.fasta	892	921	+	30	GCTCTACGCCATGCACCCGTGGGTGACGTC	GACGUCACCCACGGGUGCAUGGCGUAGAGC	0
NM_002649.3:893-922	NM_002649.3	NM_002649.3.fasta	893	922	+	30	CTCTACGCCATGCACCCGTGGGTGACGTCC	GGACGUCACCCACGGGUGCAUGGCGUAGAG	0
NM_002649.3:894-923	NM_002649.3	NM_002649.3.fasta	894	923	+	30	TCTACGCCATGCACCCGTGGGTGACGTCCA	UGGACGUCACCCACGGGUGCAUGGCGUAGA	0
NM_002649.3:895-924	NM_002649.3	NM_002649.3.fasta	895	924	+	30	CTACGCCATGCACCCGTGGGTGACGTCCAA	UUGGACGUCACCCACGGGUGCAUGGCGUAG	0
NM_002649.3:896-925	NM_002649.3	NM_002649.3.fasta	896	925	+	30	TACGCCATGCACCCGTGGGTGACGTCCAAG	CUUGGACGUCACCCACGGGUGCAUGGCGUA	0
NM_002649.3:897-926	NM_002649.3	NM_002649.3.fasta	897	926	+	30	ACGCCATGCACCCGTGGGTGACGTCCAAGC	GCUUGGACGUCACCCACGGGUGCAUGGCGU	0
NM_002649.3:898-927	NM_002649.3	NM_002649.3.fasta	898	927	+	30	CGCCATGCACCCGTGGGTGACGTCCAAGCC	GGCUUGGACGUCACCCACGGGUGCAUGGCG	0
NM_002649.3:899-928	NM_002649.3	NM_002649.3.fasta	899	928	+	30	GCCATGCACCCGTGGGTGACGTCCAAGCCC	GGGCUUGGACGUCACCCACGGGUGCAUGGC	0
NM_002649.3:900-929	NM_002649.3	NM_002649.3.fasta	900	929	+	30	CCATGCACCCGTGGGTGACGTCCAAGCCCC	GGGGCUUGGACGUCACCCACGGGUGCAUGG	0
NM_002649.3:901-930	NM_002649.3	NM_002649.3.fasta	901	930	+	30	CATGCACCCGTGGGTGACGTCCAAGCCCCT	AGGGGCUUGGACGUCACCCACGGGUGCAUG	0
NM_002649.3:902-931	NM_002649.3	NM_002649.3.fasta	902	931	+	30	ATGCACCCGTGGGTGACGTCCAAGCCCCTC	GAGGGGCUUGGACGUCACCCACGGGUGCAU	0
NM_002649.3:903-932	NM_002649.3	NM_002649.3.fasta	903	932	+	30	TGCACCCGTGGGTGACGTCCAAGCCCCTCC	GGAGGGGCUUGGACGUCACCCACGGGUGCA	0
NM_002649.3:904-933	NM_002649.3	NM_002649.3.fasta	904	933	+	30	GCACCCGTGGGTGACGTCCAAGCCCCTCCC	GGGAGGGGCUUGGACGUCACCCACGGGUGC	0
NM_002649.3:905-934	NM_002649.3	NM_002649.3.fasta	905	934	+	30	CACCCGTGGGTGACGTCCAAGCCCCTCCCG	CGGGAGGGGCUUGGACGUCACCCACGGGUG	0
NM_002649.3:906-935	NM_002649.3	NM_002649.3.fasta	906	935	+	30	ACCCGTGGGTGACGTCCAAGCCCCTCCCGG	CCGGGAGGGGCUUGGACGUCACCCACGGGU	0
NM_002649.3:907-936	NM_002649.3	NM_002649.3.fasta	907	936	+	30	CCCGTGGGTGACGTCCAAGCCCCTCCCGGA	UCCGGGAGGGGCUUGGACGUCACCCACGGG	0
NM_002649.3:908-937	NM_002649.3	NM_002649.3.fasta	908	937	+	30	CCGTGGGTGACGTCCAAGCCCCTCCCGGAG	CUCCGGGAGGGGCUUGGACGUCACCCACGG	0
NM_002649.3:909-938	NM_002649.3	NM_002649.3.fasta	909	938	+	30	CGTGGGTGACGTCCAAGCCCCTCCCGGAGT	ACUCCGGGAGGGGCUUGGACGUCACCCACG	0
NM_002649.3:910-939	NM_002649.3	NM_002649.3.fasta	910	939	+	30	GTGGGTGACGTCCAAGCCCCTCCCGGAGTA	UACUCCGGGAGGGGCUUGGACGUCACCCAC	0
NM_002649.3:911-940	NM_002649.3	NM_002649.3.fasta	911	940	+	30	TGGGTGACGTCCAAGCCCCTCCCGGAGTAC	GUACUCCGGGAGGGGCUUGGACGUCACCCA	0
NM_002649.3:912-941	NM_002649.3	NM_002649.3.fasta	912	941	+	30	GGGTGACGTCCAAGCCCCTCCCGGAGTACC	GGUACUCCGGGAGGGGCUUGGACGUCACCC	0
NM_002649.3:913-942	NM_002649.3	NM_002649.3.fasta	913	942	+	30	GGTGACGTCCAAGCCCCTCCCGGAGTACCT	AGGUACUCCGGGAGGGGCUUGGACGUCACC	0
NM_002649.3:914-943	NM_002649.3	NM_002649.3.fasta	914	943	+	30	GTGACGTCCAAGCCCCTCCCGGAGTACCTG	CAGGUACUCCGGGAGGGGCUUGGACGUCAC	0
NM_002649.3:915-944	NM_002649.3	NM_002649.3.fasta	915	944	+	30	TGACGTCCAAGCCCCTCCCGGAGTACCTGT	ACAGGUACUCCGGGAGGGGCUUGGACGUCA	0
NM_002649.3:916-945	NM_002649.3	NM_002649.3.fasta	916	945	+	30	GACGTCCAAGCCCCTCCCGGAGTACCTGTG	CACAGGUACUCCGGGAGGGGCUUGGACGUC	0
NM_002649.3:917-946	NM_002649.3	NM_002649.3.fasta	917	946	+	30	ACGTCCAAGCCCCTCCCGGAGTACCTGTGG	CCACAGGUACUCCGGGAGGGGCUUGGACGU	0
NM_002649.3:918-947	NM_002649.3	NM_002649.3.fasta	918	947	+	30	CGTCCAAGCCCCTCCCGGAGTACCTGTGGA	UCCACAGGUACUCCGGGAGGGGCUUGGACG	0
NM_002649.3:919-948	NM_002649.3	NM_002649.3.fasta	919	948	+	30	GTCCAAGCCCCTCCCGGAGTACCTGTGGAA	UUCCACAGGUACUCCGGGAGGGGCUUGGAC	0
NM_002649.3:920-949	NM_002649.3	NM_002649.3.fasta	920	949	+	30	TCCAAGCCCCTCCCGGAGTACCTGTGGAAG	CUUCCACAGGUACUCCGGGAGGGGCUUGGA	0
NM_002649.3:921-950	NM_002649.3	NM_002649.3.fasta	921	950	+	30	CCAAGCCCCTCCCGGAGTACCTGTGGAAGA	UCUUCCACAGGUACUCCGGGAGGGGCUUGG	0
NM_002649.3:922-951	NM_002649.3	NM_002649.3.fasta	922	951	+	30	CAAGCCCCTCCCGGAGTACCTGTGGAAGAA	UUCUUCCACAGGUACUCCGGGAGGGGCUUG	0
NM_002649.3:923-952	NM_002649.3	NM_002649.3.fasta	923	952	+	30	AAGCCCCTCCCGGAGTACCTGTGGAAGAAG	CUUCUUCCACAGGUACUCCGGGAGGGGCUU	0
NM_002649.3:924-953	NM_002649.3	NM_002649.3.fasta	924	953	+	30	AGCCCCTCCCGGAGTACCTGTGGAAGAAGA	UCUUCUUCCACAGGUACUCCGGGAGGGGCU	0
NM_002649.3:925-954	NM_002649.3	NM_002649.3.fasta	925	954	+	30	GCCCCTCCCGGAGTACCTGTGGAAGAAGAT	AUCUUCUUCCACAGGUACUCCGGGAGGGGC	0
NM_002649.3:926-955	NM_002649.3	NM_002649.3.fasta	926	955	+	30	CCCCTCCCGGAGTACCTGTGGAAGAAGATT	AAUCUUCUUCCACAGGUACUCCGGGAGGGG	0
NM_002649.3:927-956	NM_002649.3	NM_002649.3.fasta	927	956	+	30	CCCTCCCGGAGTACCTGTGGAAGAAGATTG	CAAUCUUCUUCCACAGGUACUCCGGGAGGG	0
NM_002649.3:928-957	NM_002649.3	NM_002649.3.fasta	928	957	+	30	CCTCCCGGAGTACCTGTGGAAGAAGATTGC	GCAAUCUUCUUCCACAGGUACUCCGGGAGG	0
NM_002649.3:929-958	NM_002649.3	NM_002649.3.fasta	929	958	+	30	CTCCCGGAGTACCTGTGGAAGAAGATTGCC	GGCAAUCUUCUUCCACAGGUACUCCGGGAG	0
NM_002649.3:930-959	NM_002649.3	NM_002649.3.fasta	930	959	+	30	TCCCGGAGTACCTGTGGAAGAAGATTGCCA	UGGCAAUCUUCUUCCACAGGUACUCCGGGA	0
NM_002649.3:931-960	NM_002649.3	NM_002649.3.fasta	931	960	+	30	CCCGGAGTACCTGTGGAAGAAGATTGCCAA	UUGGCAAUCUUCUUCCACAGGUACUCCGGG	0
NM_002649.3:932-961	NM_002649.3	NM_002649.3.fasta	932	961	+	30	CCGGAGTACCTGTGGAAGAAGATTGCCAAC	GUUGGCAAUCUUCUUCCACAGGUACUCCGG	0
NM_002649.3:933-962	NM_002649.3	NM_002649.3.fasta	933	962	+	30	CGGAGTACCTGTGGAAGAAGATTGCCAACA	UGUUGGCAAUCUUCUUCCACAGGUACUCCG	0
NM_002649.3:934-963	NM_002649.3	NM_002649.3.fasta	934	963	+	30	GGAGTACCTGTGGAAGAAGATTGCCAACAA	UUGUUGGCAAUCUUCUUCCACAGGUACUCC	0
NM_002649.3:935-964	NM_002649.3	NM_002649.3.fasta	935	964	+	30	GAGTACCTGTGGAAGAAGATTGCCAACAAC	GUUGUUGGCAAUCUUCUUCCACAGGUACUC	0
NM_002649.3:936-965	NM_002649.3	NM_002649.3.fasta	936	965	+	30	AGTACCTGTGGAAGAAGATTGCCAACAACT	AGUUGUUGGCAAUCUUCUUCCACAGGUACU	0
NM_002649.3:937-966	NM_002649.3	NM_002649.3.fasta	937	966	+	30	GTACCTGTGGAAGAAGATTGCCAACAACTG	CAGUUGUUGGCAAUCUUCUUCCACAGGUAC	0
NM_002649.3:938-967	NM_002649.3	NM_002649.3.fasta	938	967	+	30	TACCTGTGGAAGAAGATTGCCAACAACTGC	GCAGUUGUUGGCAAUCUUCUUCCACAGGUA	0
NM_002649.3:939-968	NM_002649.3	NM_002649.3.fasta	939	968	+	30	ACCTGTGGAAGAAGATTGCCAACAACTGCA	UGCAGUUGUUGGCAAUCUUCUUCCACAGGU	0
NM_002649.3:940-969	NM_002649.3	NM_002649.3.fasta	940	969	+	30	CCTGTGGAAGAAGATTGCCAACAACTGCAT	AUGCAGUUGUUGGCAAUCUUCUUCCACAGG	0
NM_002649.3:941-970	NM_002649.3	NM_002649.3.fasta	941	970	+	30	CTGTGGAAGAAGATTGCCAACAACTGCATC	GAUGCAGUUGUUGGCAAUCUUCUUCCACAG	0
NM_002649.3:942-971	NM_002649.3	NM_002649.3.fasta	942	971	+	30	TGTGGAAGAAGATTGCCAACAACTGCATCT	AGAUGCAGUUGUUGGCAAUCUUCUUCCACA	0
NM_002649.3:943-972	NM_002649.3	NM_002649.3.fasta	943	972	+	30	GTGGAAGAAGATTGCCAACAACTGCATCTT	AAGAUGCAGUUGUUGGCAAUCUUCUUCCAC	0
NM_002649.3:944-973	NM_002649.3	NM_002649.3.fasta	944	973	+	30	TGGAAGAAGATTGCCAACAACTGCATCTTC	GAAGAUGCAGUUGUUGGCAAUCUUCUUCCA	0
NM_002649.3:945-974	NM_002649.3	NM_002649.3.fasta	945	974	+	30	GGAAGAAGATTGCCAACAACTGCATCTTCA	UGAAGAUGCAGUUGUUGGCAAUCUUCUUCC	0
NM_002649.3:946-975	NM_002649.3	NM_002649.3.fasta	946	975	+	30	GAAGAAGATTGCCAACAACTGCATCTTCAT	AUGAAGAUGCAGUUGUUGGCAAUCUUCUUC	0
NM_002649.3:947-976	NM_002649.3	NM_002649.3.fasta	947	976	+	30	AAGAAGATTGCCAACAACTGCATCTTCATC	GAUGAAGAUGCAGUUGUUGGCAAUCUUCUU	0
NM_002649.3:948-977	NM_002649.3	NM_002649.3.fasta	948	977	+	30	AGAAGATTGCCAACAACTGCATCTTCATCG	CGAUGAAGAUGCAGUUGUUGGCAAUCUUCU	0
NM_002649.3:949-978	NM_002649.3	NM_002649.3.fasta	949	978	+	30	GAAGATTGCCAACAACTGCATCTTCATCGT	ACGAUGAAGAUGCAGUUGUUGGCAAUCUUC	0
NM_002649.3:950-979	NM_002649.3	NM_002649.3.fasta	950	979	+	30	AAGATTGCCAACAACTGCATCTTCATCGTC	GACGAUGAAGAUGCAGUUGUUGGCAAUCUU	0
NM_002649.3:951-980	NM_002649.3	NM_002649.3.fasta	951	980	+	30	AGATTGCCAACAACTGCATCTTCATCGTCA	UGACGAUGAAGAUGCAGUUGUUGGCAAUCU	0
NM_002649.3:952-981	NM_002649.3	NM_002649.3.fasta	952	981	+	30	GATTGCCAACAACTGCATCTTCATCGTCAT	AUGACGAUGAAGAUGCAGUUGUUGGCAAUC	0
NM_002649.3:953-982	NM_002649.3	NM_002649.3.fasta	953	982	+	30	ATTGCCAACAACTGCATCTTCATCGTCATT	AAUGACGAUGAAGAUGCAGUUGUUGGCAAU	0
NM_002649.3:954-983	NM_002649.3	NM_002649.3.fasta	954	983	+	30	TTGCCAACAACTGCATCTTCATCGTCATTC	GAAUGACGAUGAAGAUGCAGUUGUUGGCAA	0
NM_002649.3:955-984	NM_002649.3	NM_002649.3.fasta	955	984	+	30	TGCCAACAACTGCATCTTCATCGTCATTCA	UGAAUGACGAUGAAGAUGCAGUUGUUGGCA	0
NM_002649.3:956-985	NM_002649.3	NM_002649.3.fasta	956	985	+	30	GCCAACAACTGCATCTTCATCGTCATTCAC	GUGAAUGACGAUGAAGAUGCAGUUGUUGGC	0
NM_002649.3:957-986	NM_002649.3	NM_002649.3.fasta	957	986	+	30	CCAACAACTGCATCTTCATCGTCATTCACC	GGUGAAUGACGAUGAAGAUGCAGUUGUUGG	0
NM_002649.3:958-987	NM_002649.3	NM_002649.3.fasta	958	987	+	30	CAACAACTGCATCTTCATCGTCATTCACCG	CGGUGAAUGACGAUGAAGAUGCAGUUGUUG	0
NM_002649.3:959-988	NM_002649.3	NM_002649.3.fasta	959	988	+	30	AACAACTGCATCTTCATCGTCATTCACCGC	GCGGUGAAUGACGAUGAAGAUGCAGUUGUU	0
NM_002649.3:960-989	NM_002649.3	NM_002649.3.fasta	960	989	+	30	ACAACTGCATCTTCATCGTCATTCACCGCA	UGCGGUGAAUGACGAUGAAGAUGCAGUUGU	0
NM_002649.3:961-990	NM_002649.3	NM_002649.3.fasta	961	990	+	30	CAACTGCATCTTCATCGTCATTCACCGCAG	CUGCGGUGAAUGACGAUGAAGAUGCAGUUG	0
NM_002649.3:962-991	NM_002649.3	NM_002649.3.fasta	962	991	+	30	AACTGCATCTTCATCGTCATTCACCGCAGC	GCUGCGGUGAAUGACGAUGAAGAUGCAGUU	0
NM_002649.3:963-992	NM_002649.3	NM_002649.3.fasta	963	992	+	30	ACTGCATCTTCATCGTCATTCACCGCAGCA	UGCUGCGGUGAAUGACGAUGAAGAUGCAGU	0
NM_002649.3:964-993	NM_002649.3	NM_002649.3.fasta	964	993	+	30	CTGCATCTTCATCGTCATTCACCGCAGCAC	GUGCUGCGGUGAAUGACGAUGAAGAUGCAG	0
NM_002649.3:965-994	NM_002649.3	NM_002649.3.fasta	965	994	+	30	TGCATCTTCATCGTCATTCACCGCAGCACC	GGUGCUGCGGUGAAUGACGAUGAAGAUGCA	0
NM_002649.3:966-995	NM_002649.3	NM_002649.3.fasta	966	995	+	30	GCATCTTCATCGTCATTCACCGCAGCACCA	UGGUGCUGCGGUGAAUGACGAUGAAGAUGC	0
NM_002649.3:967-996	NM_002649.3	NM_002649.3.fasta	967	996	+	30	CATCTTCATCGTCATTCACCGCAGCACCAC	GUGGUGCUGCGGUGAAUGACGAUGAAGAUG	0
NM_002649.3:968-997	NM_002649.3	NM_002649.3.fasta	968	997	+	30	ATCTTCATCGTCATTCACCGCAGCACCACC	GGUGGUGCUGCGGUGAAUGACGAUGAAGAU	0
NM_002649.3:969-998	NM_002649.3	NM_002649.3.fasta	969	998	+	30	TCTTCATCGTCATTCACCGCAGCACCACCA	UGGUGGUGCUGCGGUGAAUGACGAUGAAGA	0
NM_002649.3:970-999	NM_002649.3	NM_002649.3.fasta	970	999	+	30	CTTCATCGTCATTCACCGCAGCACCACCAG	CUGGUGGUGCUGCGGUGAAUGACGAUGAAG	0
NM_002649.3:971-1000	NM_002649.3	NM_002649.3.fasta	971	1000	+	30	TTCATCGTCATTCACCGCAGCACCACCAGC	GCUGGUGGUGCUGCGGUGAAUGACGAUGAA	0
NM_002649.3:972-1001	NM_002649.3	NM_002649.3.fasta	972	1001	+	30	TCATCGTCATTCACCGCAGCACCACCAGCC	GGCUGGUGGUGCUGCGGUGAAUGACGAUGA	0
NM_002649.3:973-1002	NM_002649.3	NM_002649.3.fasta	973	1002	+	30	CATCGTCATTCACCGCAGCACCACCAGCCA	UGGCUGGUGGUGCUGCGGUGAAUGACGAUG	0
NM_002649.3:974-1003	NM_002649.3	NM_002649.3.fasta	974	1003	+	30	ATCGTCATTCACCGCAGCACCACCAGCCAG	CUGGCUGGUGGUGCUGCGGUGAAUGACGAU	0
NM_002649.3:975-1004	NM_002649.3	NM_002649.3.fasta	975	1004	+	30	TCGTCATTCACCGCAGCACCACCAGCCAGA	UCUGGCUGGUGGUGCUGCGGUGAAUGACGA	0
NM_002649.3:976-1005	NM_002649.3	NM_002649.3.fasta	976	1005	+	30	CGTCATTCACCGCAGCACCACCAGCCAGAC	GUCUGGCUGGUGGUGCUGCGGUGAAUGACG	0
NM_002649.3:977-1006	NM_002649.3	NM_002649.3.fasta	977	1006	+	30	GTCATTCACCGCAGCACCACCAGCCAGACC	GGUCUGGCUGGUGGUGCUGCGGUGAAUGAC	0
NM_002649.3:978-1007	NM_002649.3	NM_002649.3.fasta	978	1007	+	30	TCATTCACCGCAGCACCACCAGCCAGACCA	UGGUCUGGCUGGUGGUGCUGCGGUGAAUGA	0
NM_002649.3:979-1008	NM_002649.3	NM_002649.3.fasta	979	1008	+	30	CATTCACCGCAGCACCACCAGCCAGACCAT	AUGGUCUGGCUGGUGGUGCUGCGGUGAAUG	0
NM_002649.3:980-1009	NM_002649.3	NM_002649.3.fasta	980	1009	+	30	ATTCACCGCAGCACCACCAGCCAGACCATT	AAUGGUCUGGCUGGUGGUGCUGCGGUGAAU	0
NM_002649.3:981-1010	NM_002649.3	NM_002649.3.fasta	981	1010	+	30	TTCACCGCAGCACCACCAGCCAGACCATTA	UAAUGGUCUGGCUGGUGGUGCUGCGGUGAA	0
NM_002649.3:982-1011	NM_002649.3	NM_002649.3.fasta	982	1011	+	30	TCACCGCAGCACCACCAGCCAGACCATTAA	UUAAUGGUCUGGCUGGUGGUGCUGCGGUGA	0
NM_002649.3:983-1012	NM_002649.3	NM_002649.3.fasta	983	1012	+	30	CACCGCAGCACCACCAGCCAGACCATTAAG	CUUAAUGGUCUGGCUGGUGGUGCUGCGGUG	0
NM_002649.3:984-1013	NM_002649.3	NM_002649.3.fasta	984	1013	+	30	ACCGCAGCACCACCAGCCAGACCATTAAGG	CCUUAAUGGUCUGGCUGGUGGUGCUGCGGU	0
NM_002649.3:985-1014	NM_002649.3	NM_002649.3.fasta	985	1014	+	30	CCGCAGCACCACCAGCCAGACCATTAAGGT	ACCUUAAUGGUCUGGCUGGUGGUGCUGCGG	0
NM_002649.3:986-1015	NM_002649.3	NM_002649.3.fasta	986	1015	+	30	CGCAGCACCACCAGCCAGACCATTAAGGTC	GACCUUAAUGGUCUGGCUGGUGGUGCUGCG	0
NM_002649.3:987-1016	NM_002649.3	NM_002649.3.fasta	987	1016	+	30	GCAGCACCACCAGCCAGACCATTAAGGTCT	AGACCUUAAUGGUCUGGCUGGUGGUGCUGC	0
NM_002649.3:988-1017	NM_002649.3	NM_002649.3.fasta	988	1017	+	30	CAGCACCACCAGCCAGACCATTAAGGTCTC	GAGACCUUAAUGGUCUGGCUGGUGGUGCUG	0
NM_002649.3:989-1018	NM_002649.3	NM_002649.3.fasta	989	1018	+	30	AGCACCACCAGCCAGACCATTAAGGTCTCA	UGAGACCUUAAUGGUCUGGCUGGUGGUGCU	0
NM_002649.3:990-1019	NM_002649.3	NM_002649.3.fasta	990	1019	+	30	GCACCACCAGCCAGACCATTAAGGTCTCAC	GUGAGACCUUAAUGGUCUGGCUGGUGGUGC	0
NM_002649.3:991-1020	NM_002649.3	NM_002649.3.fasta	991	1020	+	30	CACCACCAGCCAGACCATTAAGGTCTCACC	GGUGAGACCUUAAUGGUCUGGCUGGUGGUG	0
NM_002649.3:992-1021	NM_002649.3	NM_002649.3.fasta	992	1021	+	30	ACCACCAGCCAGACCATTAAGGTCTCACCC	GGGUGAGACCUUAAUGGUCUGGCUGGUGGU	0
NM_002649.3:993-1022	NM_002649.3	NM_002649.3.fasta	993	1022	+	30	CCACCAGCCAGACCATTAAGGTCTCACCCG	CGGGUGAGACCUUAAUGGUCUGGCUGGUGG	0
NM_002649.3:994-1023	NM_002649.3	NM_002649.3.fasta	994	1023	+	30	CACCAGCCAGACCATTAAGGTCTCACCCGA	UCGGGUGAGACCUUAAUGGUCUGGCUGGUG	0
NM_002649.3:995-1024	NM_002649.3	NM_002649.3.fasta	995	1024	+	30	ACCAGCCAGACCATTAAGGTCTCACCCGAC	GUCGGGUGAGACCUUAAUGGUCUGGCUGGU	0
NM_002649.3:996-1025	NM_002649.3	NM_002649.3.fasta	996	1025	+	30	CCAGCCAGACCATTAAGGTCTCACCCGACG	CGUCGGGUGAGACCUUAAUGGUCUGGCUGG	0
NM_002649.3:997-1026	NM_002649.3	NM_002649.3.fasta	997	1026	+	30	CAGCCAGACCATTAAGGTCTCACCCGACGA	UCGUCGGGUGAGACCUUAAUGGUCUGGCUG	0
NM_002649.3:998-1027	NM_002649.3	NM_002649.3.fasta	998	1027	+	30	AGCCAGACCATTAAGGTCTCACCCGACGAC	GUCGUCGGGUGAGACCUUAAUGGUCUGGCU	0
NM_002649.3:999-1028	NM_002649.3	NM_002649.3.fasta	999	1028	+	30	GCCAGACCATTAAGGTCTCACCCGACGACA	UGUCGUCGGGUGAGACCUUAAUGGUCUGGC	0
NM_002649.3:1000-1029	NM_002649.3	NM_002649.3.fasta	1000	1029	+	30	CCAGACCATTAAGGTCTCACCCGACGACAC	GUGUCGUCGGGUGAGACCUUAAUGGUCUGG	0
NM_002649.3:1001-1030	NM_002649.3	NM_002649.3.fasta	1001	1030	+	30	CAGACCATTAAGGTCTCACCCGACGACACC	GGUGUCGUCGGGUGAGACCUUAAUGGUCUG	0
NM_002649.3:1002-1031	NM_002649.3	NM_002649.3.fasta	1002	1031	+	30	AGACCATTAAGGTCTCACCCGACGACACCC	GGGUGUCGUCGGGUGAGACCUUAAUGGUCU	0
NM_002649.3:1003-1032	NM_002649.3	NM_002649.3.fasta	1003	1032	+	30	GACCATTAAGGTCTCACCCGACGACACCCC	GGGGUGUCGUCGGGUGAGACCUUAAUGGUC	0
NM_002649.3:1004-1033	NM_002649.3	NM_002649.3.fasta	1004	1033	+	30	ACCATTAAGGTCTCACCCGACGACACCCCC	GGGGGUGUCGUCGGGUGAGACCUUAAUGGU	0
NM_002649.3:1005-1034	NM_002649.3	NM_002649.3.fasta	1005	1034	+	30	CCATTAAGGTCTCACCCGACGACACCCCCG	CGGGGGUGUCGUCGGGUGAGACCUUAAUGG	0
NM_002649.3:1006-1035	NM_002649.3	NM_002649.3.fasta	1006	1035	+	30	CATTAAGGTCTCACCCGACGACACCCCCGG	CCGGGGGUGUCGUCGGGUGAGACCUUAAUG	0
NM_002649.3:1007-1036	NM_002649.3	NM_002649.3.fasta	1007	1036	+	30	ATTAAGGTCTCACCCGACGACACCCCCGGC	GCCGGGGGUGUCGUCGGGUGAGACCUUAAU	0
NM_002649.3:1008-1037	NM_002649.3	NM_002649.3.fasta	1008	1037	+	30	TTAAGGTCTCACCCGACGACACCCCCGGCG	CGCCGGGGGUGUCGUCGGGUGAGACCUUAA	0
NM_002649.3:1009-1038	NM_002649.3	NM_002649.3.fasta	1009	1038	+	30	TAAGGTCTCACCCGACGACACCCCCGGCGC	GCGCCGGGGGUGUCGUCGGGUGAGACCUUA	0
NM_002649.3:1010-1039	NM_002649.3	NM_002649.3.fasta	1010	1039	+	30	AAGGTCTCACCCGACGACACCCCCGGCGCC	GGCGCCGGGGGUGUCGUCGGGUGAGACCUU	0
NM_002649.3:1011-1040	NM_002649.3	NM_002649.3.fasta	1011	1040	+	30	AGGTCTCACCCGACGACACCCCCGGCGCCA	UGGCGCCGGGGGUGUCGUCGGGUGAGACCU	0
NM_002649.3:1012-1041	NM_002649.3	NM_002649.3.fasta	1012	1041	+	30	GGTCTCACCCGACGACACCCCCGGCGCCAT	AUGGCGCCGGGGGUGUCGUCGGGUGAGACC	0
NM_002649.3:1013-1042	NM_002649.3	NM_002649.3.fasta	1013	1042	+	30	GTCTCACCCGACGACACCCCCGGCGCCATC	GAUGGCGCCGGGGGUGUCGUCGGGUGAGAC	0
NM_002649.3:1014-1043	NM_002649.3	NM_002649.3.fasta	1014	1043	+	30	TCTCACCCGACGACACCCCCGGCGCCATCC	GGAUGGCGCCGGGGGUGUCGUCGGGUGAGA	0
NM_002649.3:1015-1044	NM_002649.3	NM_002649.3.fasta	1015	1044	+	30	CTCACCCGACGACACCCCCGGCGCCATCCT	AGGAUGGCGCCGGGGGUGUCGUCGGGUGAG	0
NM_002649.3:1016-1045	NM_002649.3	NM_002649.3.fasta	1016	1045	+	30	TCACCCGACGACACCCCCGGCGCCATCCTG	CAGGAUGGCGCCGGGGGUGUCGUCGGGUGA	0
NM_002649.3:1017-1046	NM_002649.3	NM_002649.3.fasta	1017	1046	+	30	CACCCGACGACACCCCCGGCGCCATCCTGC	GCAGGAUGGCGCCGGGGGUGUCGUCGGGUG	0
NM_002649.3:1018-1047	NM_002649.3	NM_002649.3.fasta	1018	1047	+	30	ACCCGACGACACCCCCGGCGCCATCCTGCA	UGCAGGAUGGCGCCGGGGGUGUCGUCGGGU	0
NM_002649.3:1019-1048	NM_002649.3	NM_002649.3.fasta	1019	1048	+	30	CCCGACGACACCCCCGGCGCCATCCTGCAG	CUGCAGGAUGGCGCCGGGGGUGUCGUCGGG	0
NM_002649.3:1020-1049	NM_002649.3	NM_002649.3.fasta	1020	1049	+	30	CCGACGACACCCCCGGCGCCATCCTGCAGA	UCUGCAGGAUGGCGCCGGGGGUGUCGUCGG	0
NM_002649.3:1021-1050	NM_002649.3	NM_002649.3.fasta	1021	1050	+	30	CGACGACACCCCCGGCGCCATCCTGCAGAG	CUCUGCAGGAUGGCGCCGGGGGUGUCGUCG	0
NM_002649.3:1022-1051	NM_002649.3	NM_002649.3.fasta	1022	1051	+	30	GACGACACCCCCGGCGCCATCCTGCAGAGC	GCUCUGCAGGAUGGCGCCGGGGGUGUCGUC	0
NM_002649.3:1023-1052	NM_002649.3	NM_002649.3.fasta	1023	1052	+	30	ACGACACCCCCGGCGCCATCCTGCAGAGCT	AGCUCUGCAGGAUGGCGCCGGGGGUGUCGU	0
NM_002649.3:1024-1053	NM_002649.3	NM_002649.3.fasta	1024	1053	+	30	CGACACCCCCGGCGCCATCCTGCAGAGCTT	AAGCUCUGCAGGAUGGCGCCGGGGGUGUCG	0
NM_002649.3:1025-1054	NM_002649.3	NM_002649.3.fasta	1025	1054	+	30	GACACCCCCGGCGCCATCCTGCAGAGCTTC	GAAGCUCUGCAGGAUGGCGCCGGGGGUGUC	0
NM_002649.3:1026-1055	NM_002649.3	NM_002649.3.fasta	1026	1055	+	30	ACACCCCCGGCGCCATCCTGCAGAGCTTCT	AGAAGCUCUGCAGGAUGGCGCCGGGGGUGU	0
NM_002649.3:1027-1056	NM_002649.3	NM_002649.3.fasta	1027	1056	+	30	CACCCCCGGCGCCATCCTGCAGAGCTTCTT	AAGAAGCUCUGCAGGAUGGCGCCGGGGGUG	0
NM_002649.3:1028-1057	NM_002649.3	NM_002649.3.fasta	1028	1057	+	30	ACCCCCGGCGCCATCCTGCAGAGCTTCTTC	GAAGAAGCUCUGCAGGAUGGCGCCGGGGGU	0
NM_002649.3:1029-1058	NM_002649.3	NM_002649.3.fasta	1029	1058	+	30	CCCCCGGCGCCATCCTGCAGAGCTTCTTCA	UGAAGAAGCUCUGCAGGAUGGCGCCGGGGG	0
NM_002649.3:1030-1059	NM_002649.3	NM_002649.3.fasta	1030	1059	+	30	CCCCGGCGCCATCCTGCAGAGCTTCTTCAC	GUGAAGAAGCUCUGCAGGAUGGCGCCGGGG	0
NM_002649.3:1031-1060	NM_002649.3	NM_002649.3.fasta	1031	1060	+	30	CCCGGCGCCATCCTGCAGAGCTTCTTCACC	GGUGAAGAAGCUCUGCAGGAUGGCGCCGGG	0
NM_002649.3:1032-1061	NM_002649.3	NM_002649.3.fasta	1032	1061	+	30	CCGGCGCCATCCTGCAGAGCTTCTTCACCA	UGGUGAAGAAGCUCUGCAGGAUGGCGCCGG	0
NM_002649.3:1033-1062	NM_002649.3	NM_002649.3.fasta	1033	1062	+	30	CGGCGCCATCCTGCAGAGCTTCTTCACCAA	UUGGUGAAGAAGCUCUGCAGGAUGGCGCCG	0
NM_002649.3:1034-1063	NM_002649.3	NM_002649.3.fasta	1034	1063	+	30	GGCGCCATCCTGCAGAGCTTCTTCACCAAG	CUUGGUGAAGAAGCUCUGCAGGAUGGCGCC	0
NM_002649.3:1035-1064	NM_002649.3	NM_002649.3.fasta	1035	1064	+	30	GCGCCATCCTGCAGAGCTTCTTCACCAAGA	UCUUGGUGAAGAAGCUCUGCAGGAUGGCGC	0
NM_002649.3:1036-1065	NM_002649.3	NM_002649.3.fasta	1036	1065	+	30	CGCCATCCTGCAGAGCTTCTTCACCAAGAT	AUCUUGGUGAAGAAGCUCUGCAGGAUGGCG	0
NM_002649.3:1037-1066	NM_002649.3	NM_002649.3.fasta	1037	1066	+	30	GCCATCCTGCAGAGCTTCTTCACCAAGATG	CAUCUUGGUGAAGAAGCUCUGCAGGAUGGC	0
NM_002649.3:1038-1067	NM_002649.3	NM_002649.3.fasta	1038	1067	+	30	CCATCCTGCAGAGCTTCTTCACCAAGATGG	CCAUCUUGGUGAAGAAGCUCUGCAGGAUGG	0
NM_002649.3:1039-1068	NM_002649.3	NM_002649.3.fasta	1039	1068	+	30	CATCCTGCAGAGCTTCTTCACCAAGATGGC	GCCAUCUUGGUGAAGAAGCUCUGCAGGAUG	0
NM_002649.3:1040-1069	NM_002649.3	NM_002649.3.fasta	1040	1069	+	30	ATCCTGCAGAGCTTCTTCACCAAGATGGCC	GGCCAUCUUGGUGAAGAAGCUCUGCAGGAU	0
NM_002649.3:1041-1070	NM_002649.3	NM_002649.3.fasta	1041	1070	+	30	TCCTGCAGAGCTTCTTCACCAAGATGGCCA	UGGCCAUCUUGGUGAAGAAGCUCUGCAGGA	0
NM_002649.3:1042-1071	NM_002649.3	NM_002649.3.fasta	1042	1071	+	30	CCTGCAGAGCTTCTTCACCAAGATGGCCAA	UUGGCCAUCUUGGUGAAGAAGCUCUGCAGG	0
NM_002649.3:1043-1072	NM_002649.3	NM_002649.3.fasta	1043	1072	+	30	CTGCAGAGCTTCTTCACCAAGATGGCCAAG	CUUGGCCAUCUUGGUGAAGAAGCUCUGCAG	0
NM_002649.3:1044-1073	NM_002649.3	NM_002649.3.fasta	1044	1073	+	30	TGCAGAGCTTCTTCACCAAGATGGCCAAGA	UCUUGGCCAUCUUGGUGAAGAAGCUCUGCA	0
NM_002649.3:1045-1074	NM_002649.3	NM_002649.3.fasta	1045	1074	+	30	GCAGAGCTTCTTCACCAAGATGGCCAAGAA	UUCUUGGCCAUCUUGGUGAAGAAGCUCUGC	0
NM_002649.3:1046-1075	NM_002649.3	NM_002649.3.fasta	1046	1075	+	30	CAGAGCTTCTTCACCAAGATGGCCAAGAAG	CUUCUUGGCCAUCUUGGUGAAGAAGCUCUG	0
NM_002649.3:1047-1076	NM_002649.3	NM_002649.3.fasta	1047	1076	+	30	AGAGCTTCTTCACCAAGATGGCCAAGAAGA	UCUUCUUGGCCAUCUUGGUGAAGAAGCUCU	0
NM_002649.3:1048-1077	NM_002649.3	NM_002649.3.fasta	1048	1077	+	30	GAGCTTCTTCACCAAGATGGCCAAGAAGAA	UUCUUCUUGGCCAUCUUGGUGAAGAAGCUC	0
NM_002649.3:1049-1078	NM_002649.3	NM_002649.3.fasta	1049	1078	+	30	AGCTTCTTCACCAAGATGGCCAAGAAGAAA	UUUCUUCUUGGCCAUCUUGGUGAAGAAGCU	0
NM_002649.3:1050-1079	NM_002649.3	NM_002649.3.fasta	1050	1079	+	30	GCTTCTTCACCAAGATGGCCAAGAAGAAAT	AUUUCUUCUUGGCCAUCUUGGUGAAGAAGC	0
NM_002649.3:1051-1080	NM_002649.3	NM_002649.3.fasta	1051	1080	+	30	CTTCTTCACCAAGATGGCCAAGAAGAAATC	GAUUUCUUCUUGGCCAUCUUGGUGAAGAAG	0
NM_002649.3:1052-1081	NM_002649.3	NM_002649.3.fasta	1052	1081	+	30	TTCTTCACCAAGATGGCCAAGAAGAAATCT	AGAUUUCUUCUUGGCCAUCUUGGUGAAGAA	0
NM_002649.3:1053-1082	NM_002649.3	NM_002649.3.fasta	1053	1082	+	30	TCTTCACCAAGATGGCCAAGAAGAAATCTC	GAGAUUUCUUCUUGGCCAUCUUGGUGAAGA	0
NM_002649.3:1054-1083	NM_002649.3	NM_002649.3.fasta	1054	1083	+	30	CTTCACCAAGATGGCCAAGAAGAAATCTCT	AGAGAUUUCUUCUUGGCCAUCUUGGUGAAG	0
NM_002649.3:1055-1084	NM_002649.3	NM_002649.3.fasta	1055	1084	+	30	TTCACCAAGATGGCCAAGAAGAAATCTCTG	CAGAGAUUUCUUCUUGGCCAUCUUGGUGAA	0
NM_002649.3:1056-1085	NM_002649.3	NM_002649.3.fasta	1056	1085	+	30	TCACCAAGATGGCCAAGAAGAAATCTCTGA	UCAGAGAUUUCUUCUUGGCCAUCUUGGUGA	0
NM_002649.3:1057-1086	NM_002649.3	NM_002649.3.fasta	1057	1086	+	30	CACCAAGATGGCCAAGAAGAAATCTCTGAT	AUCAGAGAUUUCUUCUUGGCCAUCUUGGUG	0
NM_002649.3:1058-1087	NM_002649.3	NM_002649.3.fasta	1058	1087	+	30	ACCAAGATGGCCAAGAAGAAATCTCTGATG	CAUCAGAGAUUUCUUCUUGGCCAUCUUGGU	0
NM_002649.3:1059-1088	NM_002649.3	NM_002649.3.fasta	1059	1088	+	30	CCAAGATGGCCAAGAAGAAATCTCTGATGG	CCAUCAGAGAUUUCUUCUUGGCCAUCUUGG	0
NM_002649.3:1060-1089	NM_002649.3	NM_002649.3.fasta	1060	1089	+	30	CAAGATGGCCAAGAAGAAATCTCTGATGGA	UCCAUCAGAGAUUUCUUCUUGGCCAUCUUG	0
NM_002649.3:1061-1090	NM_002649.3	NM_002649.3.fasta	1061	1090	+	30	AAGATGGCCAAGAAGAAATCTCTGATGGAT	AUCCAUCAGAGAUUUCUUCUUGGCCAUCUU	0
NM_002649.3:1062-1091	NM_002649.3	NM_002649.3.fasta	1062	1091	+	30	AGATGGCCAAGAAGAAATCTCTGATGGATA	UAUCCAUCAGAGAUUUCUUCUUGGCCAUCU	0
NM_002649.3:1063-1092	NM_002649.3	NM_002649.3.fasta	1063	1092	+	30	GATGGCCAAGAAGAAATCTCTGATGGATAT	AUAUCCAUCAGAGAUUUCUUCUUGGCCAUC	0
NM_002649.3:1064-1093	NM_002649.3	NM_002649.3.fasta	1064	1093	+	30	ATGGCCAAGAAGAAATCTCTGATGGATATT	AAUAUCCAUCAGAGAUUUCUUCUUGGCCAU	0
NM_002649.3:1065-1094	NM_002649.3	NM_002649.3.fasta	1065	1094	+	30	TGGCCAAGAAGAAATCTCTGATGGATATTC	GAAUAUCCAUCAGAGAUUUCUUCUUGGCCA	0
NM_002649.3:1066-1095	NM_002649.3	NM_002649.3.fasta	1066	1095	+	30	GGCCAAGAAGAAATCTCTGATGGATATTCC	GGAAUAUCCAUCAGAGAUUUCUUCUUGGCC	0
NM_002649.3:1067-1096	NM_002649.3	NM_002649.3.fasta	1067	1096	+	30	GCCAAGAAGAAATCTCTGATGGATATTCCC	GGGAAUAUCCAUCAGAGAUUUCUUCUUGGC	0
NM_002649.3:1068-1097	NM_002649.3	NM_002649.3.fasta	1068	1097	+	30	CCAAGAAGAAATCTCTGATGGATATTCCCG	CGGGAAUAUCCAUCAGAGAUUUCUUCUUGG	0
NM_002649.3:1069-1098	NM_002649.3	NM_002649.3.fasta	1069	1098	+	30	CAAGAAGAAATCTCTGATGGATATTCCCGA	UCGGGAAUAUCCAUCAGAGAUUUCUUCUUG	0
NM_002649.3:1070-1099	NM_002649.3	NM_002649.3.fasta	1070	1099	+	30	AAGAAGAAATCTCTGATGGATATTCCCGAA	UUCGGGAAUAUCCAUCAGAGAUUUCUUCUU	0
NM_002649.3:1071-1100	NM_002649.3	NM_002649.3.fasta	1071	1100	+	30	AGAAGAAATCTCTGATGGATATTCCCGAAA	UUUCGGGAAUAUCCAUCAGAGAUUUCUUCU	0
NM_002649.3:1072-1101	NM_002649.3	NM_002649.3.fasta	1072	1101	+	30	GAAGAAATCTCTGATGGATATTCCCGAAAG	CUUUCGGGAAUAUCCAUCAGAGAUUUCUUC	0
NM_002649.3:1073-1102	NM_002649.3	NM_002649.3.fasta	1073	1102	+	30	AAGAAATCTCTGATGGATATTCCCGAAAGC	GCUUUCGGGAAUAUCCAUCAGAGAUUUCUU	0
NM_002649.3:1074-1103	NM_002649.3	NM_002649.3.fasta	1074	1103	+	30	AGAAATCTCTGATGGATATTCCCGAAAGCC	GGCUUUCGGGAAUAUCCAUCAGAGAUUUCU	0
NM_002649.3:1075-1104	NM_002649.3	NM_002649.3.fasta	1075	1104	+	30	GAAATCTCTGATGGATATTCCCGAAAGCCA	UGGCUUUCGGGAAUAUCCAUCAGAGAUUUC	0
NM_002649.3:1076-1105	NM_002649.3	NM_002649.3.fasta	1076	1105	+	30	AAATCTCTGATGGATATTCCCGAAAGCCAA	UUGGCUUUCGGGAAUAUCCAUCAGAGAUUU	0
NM_002649.3:1077-1106	NM_002649.3	NM_002649.3.fasta	1077	1106	+	30	AATCTCTGATGGATATTCCCGAAAGCCAAA	UUUGGCUUUCGGGAAUAUCCAUCAGAGAUU	0
NM_002649.3:1078-1107	NM_002649.3	NM_002649.3.fasta	1078	1107	+	30	ATCTCTGATGGATATTCCCGAAAGCCAAAG	CUUUGGCUUUCGGGAAUAUCCAUCAGAGAU	0
NM_002649.3:1079-1108	NM_002649.3	NM_002649.3.fasta	1079	1108	+	30	TCTCTGATGGATATTCCCGAAAGCCAAAGC	GCUUUGGCUUUCGGGAAUAUCCAUCAGAGA	0
NM_002649.3:1080-1109	NM_002649.3	NM_002649.3.fasta	1080	1109	+	30	CTCTGATGGATATTCCCGAAAGCCAAAGCG	CGCUUUGGCUUUCGGGAAUAUCCAUCAGAG	0
NM_002649.3:1081-1110	NM_002649.3	NM_002649.3.fasta	1081	1110	+	30	TCTGATGGATATTCCCGAAAGCCAAAGCGA	UCGCUUUGGCUUUCGGGAAUAUCCAUCAGA	0
NM_002649.3:1082-1111	NM_002649.3	NM_002649.3.fasta	1082	1111	+	30	CTGATGGATATTCCCGAAAGCCAAAGCGAA	UUCGCUUUGGCUUUCGGGAAUAUCCAUCAG	0
NM_002649.3:1083-1112	NM_002649.3	NM_002649.3.fasta	1083	1112	+	30	TGATGGATATTCCCGAAAGCCAAAGCGAAC	GUUCGCUUUGGCUUUCGGGAAUAUCCAUCA	0
NM_002649.3:1084-1113	NM_002649.3	NM_002649.3.fasta	1084	1113	+	30	GATGGATATTCCCGAAAGCCAAAGCGAACA	UGUUCGCUUUGGCUUUCGGGAAUAUCCAUC	0
NM_002649.3:1085-1114	NM_002649.3	NM_002649.3.fasta	1085	1114	+	30	ATGGATATTCCCGAAAGCCAAAGCGAACAG	CUGUUCGCUUUGGCUUUCGGGAAUAUCCAU	0
NM_002649.3:1086-1115	NM_002649.3	NM_002649.3.fasta	1086	1115	+	30	TGGATATTCCCGAAAGCCAAAGCGAACAGG	CCUGUUCGCUUUGGCUUUCGGGAAUAUCCA	0
NM_002649.3:1087-1116	NM_002649.3	NM_002649.3.fasta	1087	1116	+	30	GGATATTCCCGAAAGCCAAAGCGAACAGGA	UCCUGUUCGCUUUGGCUUUCGGGAAUAUCC	0
NM_002649.3:1088-1117	NM_002649.3	NM_002649.3.fasta	1088	1117	+	30	GATATTCCCGAAAGCCAAAGCGAACAGGAT	AUCCUGUUCGCUUUGGCUUUCGGGAAUAUC	0
NM_002649.3:1089-1118	NM_002649.3	NM_002649.3.fasta	1089	1118	+	30	ATATTCCCGAAAGCCAAAGCGAACAGGATT	AAUCCUGUUCGCUUUGGCUUUCGGGAAUAU	0
NM_002649.3:1090-1119	NM_002649.3	NM_002649.3.fasta	1090	1119	+	30	TATTCCCGAAAGCCAAAGCGAACAGGATTT	AAAUCCUGUUCGCUUUGGCUUUCGGGAAUA	0
NM_002649.3:1091-1120	NM_002649.3	NM_002649.3.fasta	1091	1120	+	30	ATTCCCGAAAGCCAAAGCGAACAGGATTTT	AAAAUCCUGUUCGCUUUGGCUUUCGGGAAU	0
NM_002649.3:1092-1121	NM_002649.3	NM_002649.3.fasta	1092	1121	+	30	TTCCCGAAAGCCAAAGCGAACAGGATTTTG	CAAAAUCCUGUUCGCUUUGGCUUUCGGGAA	0
NM_002649.3:1093-1122	NM_002649.3	NM_002649.3.fasta	1093	1122	+	30	TCCCGAAAGCCAAAGCGAACAGGATTTTGT	ACAAAAUCCUGUUCGCUUUGGCUUUCGGGA	0
NM_002649.3:1094-1123	NM_002649.3	NM_002649.3.fasta	1094	1123	+	30	CCCGAAAGCCAAAGCGAACAGGATTTTGTG	CACAAAAUCCUGUUCGCUUUGGCUUUCGGG	0
NM_002649.3:1095-1124	NM_002649.3	NM_002649.3.fasta	1095	1124	+	30	CCGAAAGCCAAAGCGAACAGGATTTTGTGC	GCACAAAAUCCUGUUCGCUUUGGCUUUCGG	0
NM_002649.3:1096-1125	NM_002649.3	NM_002649.3.fasta	1096	1125	+	30	CGAAAGCCAAAGCGAACAGGATTTTGTGCT	AGCACAAAAUCCUGUUCGCUUUGGCUUUCG	0
NM_002649.3:1097-1126	NM_002649.3	NM_002649.3.fasta	1097	1126	+	30	GAAAGCCAAAGCGAACAGGATTTTGTGCTG	CAGCACAAAAUCCUGUUCGCUUUGGCUUUC	0
NM_002649.3:1098-1127	NM_002649.3	NM_002649.3.fasta	1098	1127	+	30	AAAGCCAAAGCGAACAGGATTTTGTGCTGC	GCAGCACAAAAUCCUGUUCGCUUUGGCUUU	0
NM_002649.3:1099-1128	NM_002649.3	NM_002649.3.fasta	1099	1128	+	30	AAGCCAAAGCGAACAGGATTTTGTGCTGCG	CGCAGCACAAAAUCCUGUUCGCUUUGGCUU	0
NM_002649.3:1100-1129	NM_002649.3	NM_002649.3.fasta	1100	1129	+	30	AGCCAAAGCGAACAGGATTTTGTGCTGCGC	GCGCAGCACAAAAUCCUGUUCGCUUUGGCU	0
NM_002649.3:1101-1130	NM_002649.3	NM_002649.3.fasta	1101	1130	+	30	GCCAAAGCGAACAGGATTTTGTGCTGCGCG	CGCGCAGCACAAAAUCCUGUUCGCUUUGGC	0
NM_002649.3:1102-1131	NM_002649.3	NM_002649.3.fasta	1102	1131	+	30	CCAAAGCGAACAGGATTTTGTGCTGCGCGT	ACGCGCAGCACAAAAUCCUGUUCGCUUUGG	0
NM_002649.3:1103-1132	NM_002649.3	NM_002649.3.fasta	1103	1132	+	30	CAAAGCGAACAGGATTTTGTGCTGCGCGTC	GACGCGCAGCACAAAAUCCUGUUCGCUUUG	0
NM_002649.3:1104-1133	NM_002649.3	NM_002649.3.fasta	1104	1133	+	30	AAAGCGAACAGGATTTTGTGCTGCGCGTCT	AGACGCGCAGCACAAAAUCCUGUUCGCUUU	0
NM_002649.3:1105-1134	NM_002649.3	NM_002649.3.fasta	1105	1134	+	30	AAGCGAACAGGATTTTGTGCTGCGCGTCTG	CAGACGCGCAGCACAAAAUCCUGUUCGCUU	0
NM_002649.3:1106-1135	NM_002649.3	NM_002649.3.fasta	1106	1135	+	30	AGCGAACAGGATTTTGTGCTGCGCGTCTGT	ACAGACGCGCAGCACAAAAUCCUGUUCGCU	0
NM_002649.3:1107-1136	NM_002649.3	NM_002649.3.fasta	1107	1136	+	30	GCGAACAGGATTTTGTGCTGCGCGTCTGTG	CACAGACGCGCAGCACAAAAUCCUGUUCGC	0
NM_002649.3:1108-1137	NM_002649.3	NM_002649.3.fasta	1108	1137	+	30	CGAACAGGATTTTGTGCTGCGCGTCTGTGG	CCACAGACGCGCAGCACAAAAUCCUGUUCG	0
NM_002649.3:1109-1138	NM_002649.3	NM_002649.3.fasta	1109	1138	+	30	GAACAGGATTTTGTGCTGCGCGTCTGTGGC	GCCACAGACGCGCAGCACAAAAUCCUGUUC	0
NM_002649.3:1110-1139	NM_002649.3	NM_002649.3.fasta	1110	1139	+	30	AACAGGATTTTGTGCTGCGCGTCTGTGGCC	GGCCACAGACGCGCAGCACAAAAUCCUGUU	0
NM_002649.3:1111-1140	NM_002649.3	NM_002649.3.fasta	1111	1140	+	30	ACAGGATTTTGTGCTGCGCGTCTGTGGCCG	CGGCCACAGACGCGCAGCACAAAAUCCUGU	0
NM_002649.3:1112-1141	NM_002649.3	NM_002649.3.fasta	1112	1141	+	30	CAGGATTTTGTGCTGCGCGTCTGTGGCCGG	CCGGCCACAGACGCGCAGCACAAAAUCCUG	0
NM_002649.3:1113-1142	NM_002649.3	NM_002649.3.fasta	1113	1142	+	30	AGGATTTTGTGCTGCGCGTCTGTGGCCGGG	CCCGGCCACAGACGCGCAGCACAAAAUCCU	0
NM_002649.3:1114-1143	NM_002649.3	NM_002649.3.fasta	1114	1143	+	30	GGATTTTGTGCTGCGCGTCTGTGGCCGGGA	UCCCGGCCACAGACGCGCAGCACAAAAUCC	0
NM_002649.3:1115-1144	NM_002649.3	NM_002649.3.fasta	1115	1144	+	30	GATTTTGTGCTGCGCGTCTGTGGCCGGGAT	AUCCCGGCCACAGACGCGCAGCACAAAAUC	0
NM_002649.3:1116-1145	NM_002649.3	NM_002649.3.fasta	1116	1145	+	30	ATTTTGTGCTGCGCGTCTGTGGCCGGGATG	CAUCCCGGCCACAGACGCGCAGCACAAAAU	0
NM_002649.3:1117-1146	NM_002649.3	NM_002649.3.fasta	1117	1146	+	30	TTTTGTGCTGCGCGTCTGTGGCCGGGATGA	UCAUCCCGGCCACAGACGCGCAGCACAAAA	0
NM_002649.3:1118-1147	NM_002649.3	NM_002649.3.fasta	1118	1147	+	30	TTTGTGCTGCGCGTCTGTGGCCGGGATGAG	CUCAUCCCGGCCACAGACGCGCAGCACAAA	0
NM_002649.3:1119-1148	NM_002649.3	NM_002649.3.fasta	1119	1148	+	30	TTGTGCTGCGCGTCTGTGGCCGGGATGAGT	ACUCAUCCCGGCCACAGACGCGCAGCACAA	0
NM_002649.3:1120-1149	NM_002649.3	NM_002649.3.fasta	1120	1149	+	30	TGTGCTGCGCGTCTGTGGCCGGGATGAGTA	UACUCAUCCCGGCCACAGACGCGCAGCACA	0
NM_002649.3:1121-1150	NM_002649.3	NM_002649.3.fasta	1121	1150	+	30	GTGCTGCGCGTCTGTGGCCGGGATGAGTAC	GUACUCAUCCCGGCCACAGACGCGCAGCAC	0
NM_002649.3:1122-1151	NM_002649.3	NM_002649.3.fasta	1122	1151	+	30	TGCTGCGCGTCTGTGGCCGGGATGAGTACC	GGUACUCAUCCCGGCCACAGACGCGCAGCA	0
NM_002649.3:1123-1152	NM_002649.3	NM_002649.3.fasta	1123	1152	+	30	GCTGCGCGTCTGTGGCCGGGATGAGTACCT	AGGUACUCAUCCCGGCCACAGACGCGCAGC	0
NM_002649.3:1124-1153	NM_002649.3	NM_002649.3.fasta	1124	1153	+	30	CTGCGCGTCTGTGGCCGGGATGAGTACCTG	CAGGUACUCAUCCCGGCCACAGACGCGCAG	0
NM_002649.3:1125-1154	NM_002649.3	NM_002649.3.fasta	1125	1154	+	30	TGCGCGTCTGTGGCCGGGATGAGTACCTGG	CCAGGUACUCAUCCCGGCCACAGACGCGCA	0
NM_002649.3:1126-1155	NM_002649.3	NM_002649.3.fasta	1126	1155	+	30	GCGCGTCTGTGGCCGGGATGAGTACCTGGT	ACCAGGUACUCAUCCCGGCCACAGACGCGC	0
NM_002649.3:1127-1156	NM_002649.3	NM_002649.3.fasta	1127	1156	+	30	CGCGTCTGTGGCCGGGATGAGTACCTGGTG	CACCAGGUACUCAUCCCGGCCACAGACGCG	0
NM_002649.3:1128-1157	NM_002649.3	NM_002649.3.fasta	1128	1157	+	30	GCGTCTGTGGCCGGGATGAGTACCTGGTGG	CCACCAGGUACUCAUCCCGGCCACAGACGC	0
NM_002649.3:1129-1158	NM_002649.3	NM_002649.3.fasta	1129	1158	+	30	CGTCTGTGGCCGGGATGAGTACCTGGTGGG	CCCACCAGGUACUCAUCCCGGCCACAGACG	0
NM_002649.3:1130-1159	NM_002649.3	NM_002649.3.fasta	1130	1159	+	30	GTCTGTGGCCGGGATGAGTACCTGGTGGGC	GCCCACCAGGUACUCAUCCCGGCCACAGAC	0
NM_002649.3:1131-1160	NM_002649.3	NM_002649.3.fasta	1131	1160	+	30	TCTGTGGCCGGGATGAGTACCTGGTGGGCG	CGCCCACCAGGUACUCAUCCCGGCCACAGA	0
NM_002649.3:1132-1161	NM_002649.3	NM_002649.3.fasta	1132	1161	+	30	CTGTGGCCGGGATGAGTACCTGGTGGGCGA	UCGCCCACCAGGUACUCAUCCCGGCCACAG	0
NM_002649.3:1133-1162	NM_002649.3	NM_002649.3.fasta	1133	1162	+	30	TGTGGCCGGGATGAGTACCTGGTGGGCGAA	UUCGCCCACCAGGUACUCAUCCCGGCCACA	0
NM_002649.3:1134-1163	NM_002649.3	NM_002649.3.fasta	1134	1163	+	30	GTGGCCGGGATGAGTACCTGGTGGGCGAAA	UUUCGCCCACCAGGUACUCAUCCCGGCCAC	0
NM_002649.3:1135-1164	NM_002649.3	NM_002649.3.fasta	1135	1164	+	30	TGGCCGGGATGAGTACCTGGTGGGCGAAAC	GUUUCGCCCACCAGGUACUCAUCCCGGCCA	0
NM_002649.3:1136-1165	NM_002649.3	NM_002649.3.fasta	1136	1165	+	30	GGCCGGGATGAGTACCTGGTGGGCGAAACG	CGUUUCGCCCACCAGGUACUCAUCCCGGCC	0
NM_002649.3:1137-1166	NM_002649.3	NM_002649.3.fasta	1137	1166	+	30	GCCGGGATGAGTACCTGGTGGGCGAAACGC	GCGUUUCGCCCACCAGGUACUCAUCCCGGC	0
NM_002649.3:1138-1167	NM_002649.3	NM_002649.3.fasta	1138	1167	+	30	CCGGGATGAGTACCTGGTGGGCGAAACGCC	GGCGUUUCGCCCACCAGGUACUCAUCCCGG	0
NM_002649.3:1139-1168	NM_002649.3	NM_002649.3.fasta	1139	1168	+	30	CGGGATGAGTACCTGGTGGGCGAAACGCCC	GGGCGUUUCGCCCACCAGGUACUCAUCCCG	0
NM_002649.3:1140-1169	NM_002649.3	NM_002649.3.fasta	1140	1169	+	30	GGGATGAGTACCTGGTGGGCGAAACGCCCA	UGGGCGUUUCGCCCACCAGGUACUCAUCCC	0
NM_002649.3:1141-1170	NM_002649.3	NM_002649.3.fasta	1141	1170	+	30	GGATGAGTACCTGGTGGGCGAAACGCCCAT	AUGGGCGUUUCGCCCACCAGGUACUCAUCC	0
NM_002649.3:1142-1171	NM_002649.3	NM_002649.3.fasta	1142	1171	+	30	GATGAGTACCTGGTGGGCGAAACGCCCATC	GAUGGGCGUUUCGCCCACCAGGUACUCAUC	0
NM_002649.3:1143-1172	NM_002649.3	NM_002649.3.fasta	1143	1172	+	30	ATGAGTACCTGGTGGGCGAAACGCCCATCA	UGAUGGGCGUUUCGCCCACCAGGUACUCAU	0
NM_002649.3:1144-1173	NM_002649.3	NM_002649.3.fasta	1144	1173	+	30	TGAGTACCTGGTGGGCGAAACGCCCATCAA	UUGAUGGGCGUUUCGCCCACCAGGUACUCA	0
NM_002649.3:1145-1174	NM_002649.3	NM_002649.3.fasta	1145	1174	+	30	GAGTACCTGGTGGGCGAAACGCCCATCAAA	UUUGAUGGGCGUUUCGCCCACCAGGUACUC	0
NM_002649.3:1146-1175	NM_002649.3	NM_002649.3.fasta	1146	1175	+	30	AGTACCTGGTGGGCGAAACGCCCATCAAAA	UUUUGAUGGGCGUUUCGCCCACCAGGUACU	0
NM_002649.3:1147-1176	NM_002649.3	NM_002649.3.fasta	1147	1176	+	30	GTACCTGGTGGGCGAAACGCCCATCAAAAA	UUUUUGAUGGGCGUUUCGCCCACCAGGUAC	0
NM_002649.3:1148-1177	NM_002649.3	NM_002649.3.fasta	1148	1177	+	30	TACCTGGTGGGCGAAACGCCCATCAAAAAC	GUUUUUGAUGGGCGUUUCGCCCACCAGGUA	0
NM_002649.3:1149-1178	NM_002649.3	NM_002649.3.fasta	1149	1178	+	30	ACCTGGTGGGCGAAACGCCCATCAAAAACT	AGUUUUUGAUGGGCGUUUCGCCCACCAGGU	0
NM_002649.3:1150-1179	NM_002649.3	NM_002649.3.fasta	1150	1179	+	30	CCTGGTGGGCGAAACGCCCATCAAAAACTT	AAGUUUUUGAUGGGCGUUUCGCCCACCAGG	0
NM_002649.3:1151-1180	NM_002649.3	NM_002649.3.fasta	1151	1180	+	30	CTGGTGGGCGAAACGCCCATCAAAAACTTC	GAAGUUUUUGAUGGGCGUUUCGCCCACCAG	0
NM_002649.3:1152-1181	NM_002649.3	NM_002649.3.fasta	1152	1181	+	30	TGGTGGGCGAAACGCCCATCAAAAACTTCC	GGAAGUUUUUGAUGGGCGUUUCGCCCACCA	0
NM_002649.3:1153-1182	NM_002649.3	NM_002649.3.fasta	1153	1182	+	30	GGTGGGCGAAACGCCCATCAAAAACTTCCA	UGGAAGUUUUUGAUGGGCGUUUCGCCCACC	0
NM_002649.3:1154-1183	NM_002649.3	NM_002649.3.fasta	1154	1183	+	30	GTGGGCGAAACGCCCATCAAAAACTTCCAG	CUGGAAGUUUUUGAUGGGCGUUUCGCCCAC	0
NM_002649.3:1155-1184	NM_002649.3	NM_002649.3.fasta	1155	1184	+	30	TGGGCGAAACGCCCATCAAAAACTTCCAGT	ACUGGAAGUUUUUGAUGGGCGUUUCGCCCA	0
NM_002649.3:1156-1185	NM_002649.3	NM_002649.3.fasta	1156	1185	+	30	GGGCGAAACGCCCATCAAAAACTTCCAGTG	CACUGGAAGUUUUUGAUGGGCGUUUCGCCC	0
NM_002649.3:1157-1186	NM_002649.3	NM_002649.3.fasta	1157	1186	+	30	GGCGAAACGCCCATCAAAAACTTCCAGTGG	CCACUGGAAGUUUUUGAUGGGCGUUUCGCC	0
NM_002649.3:1158-1187	NM_002649.3	NM_002649.3.fasta	1158	1187	+	30	GCGAAACGCCCATCAAAAACTTCCAGTGGG	CCCACUGGAAGUUUUUGAUGGGCGUUUCGC	0
NM_002649.3:1159-1188	NM_002649.3	NM_002649.3.fasta	1159	1188	+	30	CGAAACGCCCATCAAAAACTTCCAGTGGGT	ACCCACUGGAAGUUUUUGAUGGGCGUUUCG	0
NM_002649.3:1160-1189	NM_002649.3	NM_002649.3.fasta	1160	1189	+	30	GAAACGCCCATCAAAAACTTCCAGTGGGTG	CACCCACUGGAAGUUUUUGAUGGGCGUUUC	0
NM_002649.3:1161-1190	NM_002649.3	NM_002649.3.fasta	1161	1190	+	30	AAACGCCCATCAAAAACTTCCAGTGGGTGA	UCACCCACUGGAAGUUUUUGAUGGGCGUUU	0
NM_002649.3:1162-1191	NM_002649.3	NM_002649.3.fasta	1162	1191	+	30	AACGCCCATCAAAAACTTCCAGTGGGTGAG	CUCACCCACUGGAAGUUUUUGAUGGGCGUU	0
NM_002649.3:1163-1192	NM_002649.3	NM_002649.3.fasta	1163	1192	+	30	ACGCCCATCAAAAACTTCCAGTGGGTGAGG	CCUCACCCACUGGAAGUUUUUGAUGGGCGU	0
NM_002649.3:1164-1193	NM_002649.3	NM_002649.3.fasta	1164	1193	+	30	CGCCCATCAAAAACTTCCAGTGGGTGAGGC	GCCUCACCCACUGGAAGUUUUUGAUGGGCG	0
NM_002649.3:1165-1194	NM_002649.3	NM_002649.3.fasta	1165	1194	+	30	GCCCATCAAAAACTTCCAGTGGGTGAGGCA	UGCCUCACCCACUGGAAGUUUUUGAUGGGC	0
NM_002649.3:1166-1195	NM_002649.3	NM_002649.3.fasta	1166	1195	+	30	CCCATCAAAAACTTCCAGTGGGTGAGGCAC	GUGCCUCACCCACUGGAAGUUUUUGAUGGG	0
NM_002649.3:1167-1196	NM_002649.3	NM_002649.3.fasta	1167	1196	+	30	CCATCAAAAACTTCCAGTGGGTGAGGCACT	AGUGCCUCACCCACUGGAAGUUUUUGAUGG	0
NM_002649.3:1168-1197	NM_002649.3	NM_002649.3.fasta	1168	1197	+	30	CATCAAAAACTTCCAGTGGGTGAGGCACTG	CAGUGCCUCACCCACUGGAAGUUUUUGAUG	0
NM_002649.3:1169-1198	NM_002649.3	NM_002649.3.fasta	1169	1198	+	30	ATCAAAAACTTCCAGTGGGTGAGGCACTGC	GCAGUGCCUCACCCACUGGAAGUUUUUGAU	0
NM_002649.3:1170-1199	NM_002649.3	NM_002649.3.fasta	1170	1199	+	30	TCAAAAACTTCCAGTGGGTGAGGCACTGCC	GGCAGUGCCUCACCCACUGGAAGUUUUUGA	0
NM_002649.3:1171-1200	NM_002649.3	NM_002649.3.fasta	1171	1200	+	30	CAAAAACTTCCAGTGGGTGAGGCACTGCCT	AGGCAGUGCCUCACCCACUGGAAGUUUUUG	0
NM_002649.3:1172-1201	NM_002649.3	NM_002649.3.fasta	1172	1201	+	30	AAAAACTTCCAGTGGGTGAGGCACTGCCTC	GAGGCAGUGCCUCACCCACUGGAAGUUUUU	0
NM_002649.3:1173-1202	NM_002649.3	NM_002649.3.fasta	1173	1202	+	30	AAAACTTCCAGTGGGTGAGGCACTGCCTCA	UGAGGCAGUGCCUCACCCACUGGAAGUUUU	0
NM_002649.3:1174-1203	NM_002649.3	NM_002649.3.fasta	1174	1203	+	30	AAACTTCCAGTGGGTGAGGCACTGCCTCAA	UUGAGGCAGUGCCUCACCCACUGGAAGUUU	0
NM_002649.3:1175-1204	NM_002649.3	NM_002649.3.fasta	1175	1204	+	30	AACTTCCAGTGGGTGAGGCACTGCCTCAAG	CUUGAGGCAGUGCCUCACCCACUGGAAGUU	0
NM_002649.3:1176-1205	NM_002649.3	NM_002649.3.fasta	1176	1205	+	30	ACTTCCAGTGGGTGAGGCACTGCCTCAAGA	UCUUGAGGCAGUGCCUCACCCACUGGAAGU	0
NM_002649.3:1177-1206	NM_002649.3	NM_002649.3.fasta	1177	1206	+	30	CTTCCAGTGGGTGAGGCACTGCCTCAAGAA	UUCUUGAGGCAGUGCCUCACCCACUGGAAG	0
NM_002649.3:1178-1207	NM_002649.3	NM_002649.3.fasta	1178	1207	+	30	TTCCAGTGGGTGAGGCACTGCCTCAAGAAC	GUUCUUGAGGCAGUGCCUCACCCACUGGAA	0
NM_002649.3:1179-1208	NM_002649.3	NM_002649.3.fasta	1179	1208	+	30	TCCAGTGGGTGAGGCACTGCCTCAAGAACG	CGUUCUUGAGGCAGUGCCUCACCCACUGGA	0
NM_002649.3:1180-1209	NM_002649.3	NM_002649.3.fasta	1180	1209	+	30	CCAGTGGGTGAGGCACTGCCTCAAGAACGG	CCGUUCUUGAGGCAGUGCCUCACCCACUGG	0
NM_002649.3:1181-1210	NM_002649.3	NM_002649.3.fasta	1181	1210	+	30	CAGTGGGTGAGGCACTGCCTCAAGAACGGA	UCCGUUCUUGAGGCAGUGCCUCACCCACUG	0
NM_002649.3:1182-1211	NM_002649.3	NM_002649.3.fasta	1182	1211	+	30	AGTGGGTGAGGCACTGCCTCAAGAACGGAG	CUCCGUUCUUGAGGCAGUGCCUCACCCACU	0
NM_002649.3:1183-1212	NM_002649.3	NM_002649.3.fasta	1183	1212	+	30	GTGGGTGAGGCACTGCCTCAAGAACGGAGA	UCUCCGUUCUUGAGGCAGUGCCUCACCCAC	0
NM_002649.3:1184-1213	NM_002649.3	NM_002649.3.fasta	1184	1213	+	30	TGGGTGAGGCACTGCCTCAAGAACGGAGAA	UUCUCCGUUCUUGAGGCAGUGCCUCACCCA	0
NM_002649.3:1185-1214	NM_002649.3	NM_002649.3.fasta	1185	1214	+	30	GGGTGAGGCACTGCCTCAAGAACGGAGAAG	CUUCUCCGUUCUUGAGGCAGUGCCUCACCC	0
NM_002649.3:1186-1215	NM_002649.3	NM_002649.3.fasta	1186	1215	+	30	GGTGAGGCACTGCCTCAAGAACGGAGAAGA	UCUUCUCCGUUCUUGAGGCAGUGCCUCACC	0
NM_002649.3:1187-1216	NM_002649.3	NM_002649.3.fasta	1187	1216	+	30	GTGAGGCACTGCCTCAAGAACGGAGAAGAG	CUCUUCUCCGUUCUUGAGGCAGUGCCUCAC	0
NM_002649.3:1188-1217	NM_002649.3	NM_002649.3.fasta	1188	1217	+	30	TGAGGCACTGCCTCAAGAACGGAGAAGAGA	UCUCUUCUCCGUUCUUGAGGCAGUGCCUCA	0
NM_002649.3:1189-1218	NM_002649.3	NM_002649.3.fasta	1189	1218	+	30	GAGGCACTGCCTCAAGAACGGAGAAGAGAT	AUCUCUUCUCCGUUCUUGAGGCAGUGCCUC	0
NM_002649.3:1190-1219	NM_002649.3	NM_002649.3.fasta	1190	1219	+	30	AGGCACTGCCTCAAGAACGGAGAAGAGATT	AAUCUCUUCUCCGUUCUUGAGGCAGUGCCU	0
NM_002649.3:1191-1220	NM_002649.3	NM_002649.3.fasta	1191	1220	+	30	GGCACTGCCTCAAGAACGGAGAAGAGATTC	GAAUCUCUUCUCCGUUCUUGAGGCAGUGCC	0
NM_002649.3:1192-1221	NM_002649.3	NM_002649.3.fasta	1192	1221	+	30	GCACTGCCTCAAGAACGGAGAAGAGATTCA	UGAAUCUCUUCUCCGUUCUUGAGGCAGUGC	0
NM_002649.3:1193-1222	NM_002649.3	NM_002649.3.fasta	1193	1222	+	30	CACTGCCTCAAGAACGGAGAAGAGATTCAC	GUGAAUCUCUUCUCCGUUCUUGAGGCAGUG	0
NM_002649.3:1194-1223	NM_002649.3	NM_002649.3.fasta	1194	1223	+	30	ACTGCCTCAAGAACGGAGAAGAGATTCACG	CGUGAAUCUCUUCUCCGUUCUUGAGGCAGU	0
NM_002649.3:1195-1224	NM_002649.3	NM_002649.3.fasta	1195	1224	+	30	CTGCCTCAAGAACGGAGAAGAGATTCACGT	ACGUGAAUCUCUUCUCCGUUCUUGAGGCAG	0
NM_002649.3:1196-1225	NM_002649.3	NM_002649.3.fasta	1196	1225	+	30	TGCCTCAAGAACGGAGAAGAGATTCACGTG	CACGUGAAUCUCUUCUCCGUUCUUGAGGCA	0
NM_002649.3:1197-1226	NM_002649.3	NM_002649.3.fasta	1197	1226	+	30	GCCTCAAGAACGGAGAAGAGATTCACGTGG	CCACGUGAAUCUCUUCUCCGUUCUUGAGGC	0
NM_002649.3:1198-1227	NM_002649.3	NM_002649.3.fasta	1198	1227	+	30	CCTCAAGAACGGAGAAGAGATTCACGTGGT	ACCACGUGAAUCUCUUCUCCGUUCUUGAGG	0
NM_002649.3:1199-1228	NM_002649.3	NM_002649.3.fasta	1199	1228	+	30	CTCAAGAACGGAGAAGAGATTCACGTGGTA	UACCACGUGAAUCUCUUCUCCGUUCUUGAG	0
NM_002649.3:1200-1229	NM_002649.3	NM_002649.3.fasta	1200	1229	+	30	TCAAGAACGGAGAAGAGATTCACGTGGTAC	GUACCACGUGAAUCUCUUCUCCGUUCUUGA	0
NM_002649.3:1201-1230	NM_002649.3	NM_002649.3.fasta	1201	1230	+	30	CAAGAACGGAGAAGAGATTCACGTGGTACT	AGUACCACGUGAAUCUCUUCUCCGUUCUUG	0
NM_002649.3:1202-1231	NM_002649.3	NM_002649.3.fasta	1202	1231	+	30	AAGAACGGAGAAGAGATTCACGTGGTACTG	CAGUACCACGUGAAUCUCUUCUCCGUUCUU	0
NM_002649.3:1203-1232	NM_002649.3	NM_002649.3.fasta	1203	1232	+	30	AGAACGGAGAAGAGATTCACGTGGTACTGG	CCAGUACCACGUGAAUCUCUUCUCCGUUCU	0
NM_002649.3:1204-1233	NM_002649.3	NM_002649.3.fasta	1204	1233	+	30	GAACGGAGAAGAGATTCACGTGGTACTGGA	UCCAGUACCACGUGAAUCUCUUCUCCGUUC	0
NM_002649.3:1205-1234	NM_002649.3	NM_002649.3.fasta	1205	1234	+	30	AACGGAGAAGAGATTCACGTGGTACTGGAC	GUCCAGUACCACGUGAAUCUCUUCUCCGUU	0
NM_002649.3:1206-1235	NM_002649.3	NM_002649.3.fasta	1206	1235	+	30	ACGGAGAAGAGATTCACGTGGTACTGGACA	UGUCCAGUACCACGUGAAUCUCUUCUCCGU	0
NM_002649.3:1207-1236	NM_002649.3	NM_002649.3.fasta	1207	1236	+	30	CGGAGAAGAGATTCACGTGGTACTGGACAC	GUGUCCAGUACCACGUGAAUCUCUUCUCCG	0
NM_002649.3:1208-1237	NM_002649.3	NM_002649.3.fasta	1208	1237	+	30	GGAGAAGAGATTCACGTGGTACTGGACACG	CGUGUCCAGUACCACGUGAAUCUCUUCUCC	0
NM_002649.3:1209-1238	NM_002649.3	NM_002649.3.fasta	1209	1238	+	30	GAGAAGAGATTCACGTGGTACTGGACACGC	GCGUGUCCAGUACCACGUGAAUCUCUUCUC	0
NM_002649.3:1210-1239	NM_002649.3	NM_002649.3.fasta	1210	1239	+	30	AGAAGAGATTCACGTGGTACTGGACACGCC	GGCGUGUCCAGUACCACGUGAAUCUCUUCU	0
NM_002649.3:1211-1240	NM_002649.3	NM_002649.3.fasta	1211	1240	+	30	GAAGAGATTCACGTGGTACTGGACACGCCT	AGGCGUGUCCAGUACCACGUGAAUCUCUUC	0
NM_002649.3:1212-1241	NM_002649.3	NM_002649.3.fasta	1212	1241	+	30	AAGAGATTCACGTGGTACTGGACACGCCTC	GAGGCGUGUCCAGUACCACGUGAAUCUCUU	0
NM_002649.3:1213-1242	NM_002649.3	NM_002649.3.fasta	1213	1242	+	30	AGAGATTCACGTGGTACTGGACACGCCTCC	GGAGGCGUGUCCAGUACCACGUGAAUCUCU	0
NM_002649.3:1214-1243	NM_002649.3	NM_002649.3.fasta	1214	1243	+	30	GAGATTCACGTGGTACTGGACACGCCTCCA	UGGAGGCGUGUCCAGUACCACGUGAAUCUC	0
NM_002649.3:1215-1244	NM_002649.3	NM_002649.3.fasta	1215	1244	+	30	AGATTCACGTGGTACTGGACACGCCTCCAG	CUGGAGGCGUGUCCAGUACCACGUGAAUCU	0
NM_002649.3:1216-1245	NM_002649.3	NM_002649.3.fasta	1216	1245	+	30	GATTCACGTGGTACTGGACACGCCTCCAGA	UCUGGAGGCGUGUCCAGUACCACGUGAAUC	0
NM_002649.3:1217-1246	NM_002649.3	NM_002649.3.fasta	1217	1246	+	30	ATTCACGTGGTACTGGACACGCCTCCAGAC	GUCUGGAGGCGUGUCCAGUACCACGUGAAU	0
NM_002649.3:1218-1247	NM_002649.3	NM_002649.3.fasta	1218	1247	+	30	TTCACGTGGTACTGGACACGCCTCCAGACC	GGUCUGGAGGCGUGUCCAGUACCACGUGAA	0
NM_002649.3:1219-1248	NM_002649.3	NM_002649.3.fasta	1219	1248	+	30	TCACGTGGTACTGGACACGCCTCCAGACCC	GGGUCUGGAGGCGUGUCCAGUACCACGUGA	0
NM_002649.3:1220-1249	NM_002649.3	NM_002649.3.fasta	1220	1249	+	30	CACGTGGTACTGGACACGCCTCCAGACCCG	CGGGUCUGGAGGCGUGUCCAGUACCACGUG	0
NM_002649.3:1221-1250	NM_002649.3	NM_002649.3.fasta	1221	1250	+	30	ACGTGGTACTGGACACGCCTCCAGACCCGG	CCGGGUCUGGAGGCGUGUCCAGUACCACGU	0
NM_002649.3:1222-1251	NM_002649.3	NM_002649.3.fasta	1222	1251	+	30	CGTGGTACTGGACACGCCTCCAGACCCGGC	GCCGGGUCUGGAGGCGUGUCCAGUACCACG	0
NM_002649.3:1223-1252	NM_002649.3	NM_002649.3.fasta	1223	1252	+	30	GTGGTACTGGACACGCCTCCAGACCCGGCC	GGCCGGGUCUGGAGGCGUGUCCAGUACCAC	0
NM_002649.3:1224-1253	NM_002649.3	NM_002649.3.fasta	1224	1253	+	30	TGGTACTGGACACGCCTCCAGACCCGGCCC	GGGCCGGGUCUGGAGGCGUGUCCAGUACCA	0
NM_002649.3:1225-1254	NM_002649.3	NM_002649.3.fasta	1225	1254	+	30	GGTACTGGACACGCCTCCAGACCCGGCCCT	AGGGCCGGGUCUGGAGGCGUGUCCAGUACC	0
NM_002649.3:1226-1255	NM_002649.3	NM_002649.3.fasta	1226	1255	+	30	GTACTGGACACGCCTCCAGACCCGGCCCTA	UAGGGCCGGGUCUGGAGGCGUGUCCAGUAC	0
NM_002649.3:1227-1256	NM_002649.3	NM_002649.3.fasta	1227	1256	+	30	TACTGGACACGCCTCCAGACCCGGCCCTAG	CUAGGGCCGGGUCUGGAGGCGUGUCCAGUA	0
NM_002649.3:1228-1257	NM_002649.3	NM_002649.3.fasta	1228	1257	+	30	ACTGGACACGCCTCCAGACCCGGCCCTAGA	UCUAGGGCCGGGUCUGGAGGCGUGUCCAGU	0
NM_002649.3:1229-1258	NM_002649.3	NM_002649.3.fasta	1229	1258	+	30	CTGGACACGCCTCCAGACCCGGCCCTAGAC	GUCUAGGGCCGGGUCUGGAGGCGUGUCCAG	0
NM_002649.3:1230-1259	NM_002649.3	NM_002649.3.fasta	1230	1259	+	30	TGGACACGCCTCCAGACCCGGCCCTAGACG	CGUCUAGGGCCGGGUCUGGAGGCGUGUCCA	0
NM_002649.3:1231-1260	NM_002649.3	NM_002649.3.fasta	1231	1260	+	30	GGACACGCCTCCAGACCCGGCCCTAGACGA	UCGUCUAGGGCCGGGUCUGGAGGCGUGUCC	0
NM_002649.3:1232-1261	NM_002649.3	NM_002649.3.fasta	1232	1261	+	30	GACACGCCTCCAGACCCGGCCCTAGACGAG	CUCGUCUAGGGCCGGGUCUGGAGGCGUGUC	0
NM_002649.3:1233-1262	NM_002649.3	NM_002649.3.fasta	1233	1262	+	30	ACACGCCTCCAGACCCGGCCCTAGACGAGG	CCUCGUCUAGGGCCGGGUCUGGAGGCGUGU	0
NM_002649.3:1234-1263	NM_002649.3	NM_002649.3.fasta	1234	1263	+	30	CACGCCTCCAGACCCGGCCCTAGACGAGGT	ACCUCGUCUAGGGCCGGGUCUGGAGGCGUG	0
NM_002649.3:1235-1264	NM_002649.3	NM_002649.3.fasta	1235	1264	+	30	ACGCCTCCAGACCCGGCCCTAGACGAGGTG	CACCUCGUCUAGGGCCGGGUCUGGAGGCGU	0
NM_002649.3:1236-1265	NM_002649.3	NM_002649.3.fasta	1236	1265	+	30	CGCCTCCAGACCCGGCCCTAGACGAGGTGA	UCACCUCGUCUAGGGCCGGGUCUGGAGGCG	0
NM_002649.3:1237-1266	NM_002649.3	NM_002649.3.fasta	1237	1266	+	30	GCCTCCAGACCCGGCCCTAGACGAGGTGAG	CUCACCUCGUCUAGGGCCGGGUCUGGAGGC	0
NM_002649.3:1238-1267	NM_002649.3	NM_002649.3.fasta	1238	1267	+	30	CCTCCAGACCCGGCCCTAGACGAGGTGAGG	CCUCACCUCGUCUAGGGCCGGGUCUGGAGG	0
NM_002649.3:1239-1268	NM_002649.3	NM_002649.3.fasta	1239	1268	+	30	CTCCAGACCCGGCCCTAGACGAGGTGAGGA	UCCUCACCUCGUCUAGGGCCGGGUCUGGAG	0
NM_002649.3:1240-1269	NM_002649.3	NM_002649.3.fasta	1240	1269	+	30	TCCAGACCCGGCCCTAGACGAGGTGAGGAA	UUCCUCACCUCGUCUAGGGCCGGGUCUGGA	0
NM_002649.3:1241-1270	NM_002649.3	NM_002649.3.fasta	1241	1270	+	30	CCAGACCCGGCCCTAGACGAGGTGAGGAAG	CUUCCUCACCUCGUCUAGGGCCGGGUCUGG	0
NM_002649.3:1242-1271	NM_002649.3	NM_002649.3.fasta	1242	1271	+	30	CAGACCCGGCCCTAGACGAGGTGAGGAAGG	CCUUCCUCACCUCGUCUAGGGCCGGGUCUG	0
NM_002649.3:1243-1272	NM_002649.3	NM_002649.3.fasta	1243	1272	+	30	AGACCCGGCCCTAGACGAGGTGAGGAAGGA	UCCUUCCUCACCUCGUCUAGGGCCGGGUCU	0
NM_002649.3:1244-1273	NM_002649.3	NM_002649.3.fasta	1244	1273	+	30	GACCCGGCCCTAGACGAGGTGAGGAAGGAA	UUCCUUCCUCACCUCGUCUAGGGCCGGGUC	0
NM_002649.3:1245-1274	NM_002649.3	NM_002649.3.fasta	1245	1274	+	30	ACCCGGCCCTAGACGAGGTGAGGAAGGAAG	CUUCCUUCCUCACCUCGUCUAGGGCCGGGU	0
NM_002649.3:1246-1275	NM_002649.3	NM_002649.3.fasta	1246	1275	+	30	CCCGGCCCTAGACGAGGTGAGGAAGGAAGA	UCUUCCUUCCUCACCUCGUCUAGGGCCGGG	0
NM_002649.3:1247-1276	NM_002649.3	NM_002649.3.fasta	1247	1276	+	30	CCGGCCCTAGACGAGGTGAGGAAGGAAGAG	CUCUUCCUUCCUCACCUCGUCUAGGGCCGG	0
NM_002649.3:1248-1277	NM_002649.3	NM_002649.3.fasta	1248	1277	+	30	CGGCCCTAGACGAGGTGAGGAAGGAAGAGT	ACUCUUCCUUCCUCACCUCGUCUAGGGCCG	0
NM_002649.3:1249-1278	NM_002649.3	NM_002649.3.fasta	1249	1278	+	30	GGCCCTAGACGAGGTGAGGAAGGAAGAGTG	CACUCUUCCUUCCUCACCUCGUCUAGGGCC	0
NM_002649.3:1250-1279	NM_002649.3	NM_002649.3.fasta	1250	1279	+	30	GCCCTAGACGAGGTGAGGAAGGAAGAGTGG	CCACUCUUCCUUCCUCACCUCGUCUAGGGC	0
NM_002649.3:1251-1280	NM_002649.3	NM_002649.3.fasta	1251	1280	+	30	CCCTAGACGAGGTGAGGAAGGAAGAGTGGC	GCCACUCUUCCUUCCUCACCUCGUCUAGGG	0
NM_002649.3:1252-1281	NM_002649.3	NM_002649.3.fasta	1252	1281	+	30	CCTAGACGAGGTGAGGAAGGAAGAGTGGCC	GGCCACUCUUCCUUCCUCACCUCGUCUAGG	0
NM_002649.3:1253-1282	NM_002649.3	NM_002649.3.fasta	1253	1282	+	30	CTAGACGAGGTGAGGAAGGAAGAGTGGCCA	UGGCCACUCUUCCUUCCUCACCUCGUCUAG	0
NM_002649.3:1254-1283	NM_002649.3	NM_002649.3.fasta	1254	1283	+	30	TAGACGAGGTGAGGAAGGAAGAGTGGCCAC	GUGGCCACUCUUCCUUCCUCACCUCGUCUA	0
NM_002649.3:1255-1284	NM_002649.3	NM_002649.3.fasta	1255	1284	+	30	AGACGAGGTGAGGAAGGAAGAGTGGCCACT	AGUGGCCACUCUUCCUUCCUCACCUCGUCU	0
NM_002649.3:1256-1285	NM_002649.3	NM_002649.3.fasta	1256	1285	+	30	GACGAGGTGAGGAAGGAAGAGTGGCCACTG	CAGUGGCCACUCUUCCUUCCUCACCUCGUC	0
NM_002649.3:1257-1286	NM_002649.3	NM_002649.3.fasta	1257	1286	+	30	ACGAGGTGAGGAAGGAAGAGTGGCCACTGG	CCAGUGGCCACUCUUCCUUCCUCACCUCGU	0
NM_002649.3:1258-1287	NM_002649.3	NM_002649.3.fasta	1258	1287	+	30	CGAGGTGAGGAAGGAAGAGTGGCCACTGGT	ACCAGUGGCCACUCUUCCUUCCUCACCUCG	0
NM_002649.3:1259-1288	NM_002649.3	NM_002649.3.fasta	1259	1288	+	30	GAGGTGAGGAAGGAAGAGTGGCCACTGGTG	CACCAGUGGCCACUCUUCCUUCCUCACCUC	0
NM_002649.3:1260-1289	NM_002649.3	NM_002649.3.fasta	1260	1289	+	30	AGGTGAGGAAGGAAGAGTGGCCACTGGTGG	CCACCAGUGGCCACUCUUCCUUCCUCACCU	0
NM_002649.3:1261-1290	NM_002649.3	NM_002649.3.fasta	1261	1290	+	30	GGTGAGGAAGGAAGAGTGGCCACTGGTGGA	UCCACCAGUGGCCACUCUUCCUUCCUCACC	0
NM_002649.3:1262-1291	NM_002649.3	NM_002649.3.fasta	1262	1291	+	30	GTGAGGAAGGAAGAGTGGCCACTGGTGGAT	AUCCACCAGUGGCCACUCUUCCUUCCUCAC	0
NM_002649.3:1263-1292	NM_002649.3	NM_002649.3.fasta	1263	1292	+	30	TGAGGAAGGAAGAGTGGCCACTGGTGGATG	CAUCCACCAGUGGCCACUCUUCCUUCCUCA	0
NM_002649.3:1264-1293	NM_002649.3	NM_002649.3.fasta	1264	1293	+	30	GAGGAAGGAAGAGTGGCCACTGGTGGATGA	UCAUCCACCAGUGGCCACUCUUCCUUCCUC	0
NM_002649.3:1265-1294	NM_002649.3	NM_002649.3.fasta	1265	1294	+	30	AGGAAGGAAGAGTGGCCACTGGTGGATGAC	GUCAUCCACCAGUGGCCACUCUUCCUUCCU	0
NM_002649.3:1266-1295	NM_002649.3	NM_002649.3.fasta	1266	1295	+	30	GGAAGGAAGAGTGGCCACTGGTGGATGACT	AGUCAUCCACCAGUGGCCACUCUUCCUUCC	0
NM_002649.3:1267-1296	NM_002649.3	NM_002649.3.fasta	1267	1296	+	30	GAAGGAAGAGTGGCCACTGGTGGATGACTG	CAGUCAUCCACCAGUGGCCACUCUUCCUUC	0
NM_002649.3:1268-1297	NM_002649.3	NM_002649.3.fasta	1268	1297	+	30	AAGGAAGAGTGGCCACTGGTGGATGACTGC	GCAGUCAUCCACCAGUGGCCACUCUUCCUU	0
NM_002649.3:1269-1298	NM_002649.3	NM_002649.3.fasta	1269	1298	+	30	AGGAAGAGTGGCCACTGGTGGATGACTGCA	UGCAGUCAUCCACCAGUGGCCACUCUUCCU	0
NM_002649.3:1270-1299	NM_002649.3	NM_002649.3.fasta	1270	1299	+	30	GGAAGAGTGGCCACTGGTGGATGACTGCAC	GUGCAGUCAUCCACCAGUGGCCACUCUUCC	0
NM_002649.3:1271-1300	NM_002649.3	NM_002649.3.fasta	1271	1300	+	30	GAAGAGTGGCCACTGGTGGATGACTGCACG	CGUGCAGUCAUCCACCAGUGGCCACUCUUC	0
NM_002649.3:1272-1301	NM_002649.3	NM_002649.3.fasta	1272	1301	+	30	AAGAGTGGCCACTGGTGGATGACTGCACGG	CCGUGCAGUCAUCCACCAGUGGCCACUCUU	0
NM_002649.3:1273-1302	NM_002649.3	NM_002649.3.fasta	1273	1302	+	30	AGAGTGGCCACTGGTGGATGACTGCACGGG	CCCGUGCAGUCAUCCACCAGUGGCCACUCU	0
NM_002649.3:1274-1303	NM_002649.3	NM_002649.3.fasta	1274	1303	+	30	GAGTGGCCACTGGTGGATGACTGCACGGGA	UCCCGUGCAGUCAUCCACCAGUGGCCACUC	0
NM_002649.3:1275-1304	NM_002649.3	NM_002649.3.fasta	1275	1304	+	30	AGTGGCCACTGGTGGATGACTGCACGGGAG	CUCCCGUGCAGUCAUCCACCAGUGGCCACU	0
NM_002649.3:1276-1305	NM_002649.3	NM_002649.3.fasta	1276	1305	+	30	GTGGCCACTGGTGGATGACTGCACGGGAGT	ACUCCCGUGCAGUCAUCCACCAGUGGCCAC	0
NM_002649.3:1277-1306	NM_002649.3	NM_002649.3.fasta	1277	1306	+	30	TGGCCACTGGTGGATGACTGCACGGGAGTC	GACUCCCGUGCAGUCAUCCACCAGUGGCCA	0
NM_002649.3:1278-1307	NM_002649.3	NM_002649.3.fasta	1278	1307	+	30	GGCCACTGGTGGATGACTGCACGGGAGTCA	UGACUCCCGUGCAGUCAUCCACCAGUGGCC	0
NM_002649.3:1279-1308	NM_002649.3	NM_002649.3.fasta	1279	1308	+	30	GCCACTGGTGGATGACTGCACGGGAGTCAC	GUGACUCCCGUGCAGUCAUCCACCAGUGGC	0
NM_002649.3:1280-1309	NM_002649.3	NM_002649.3.fasta	1280	1309	+	30	CCACTGGTGGATGACTGCACGGGAGTCACC	GGUGACUCCCGUGCAGUCAUCCACCAGUGG	0
NM_002649.3:1281-1310	NM_002649.3	NM_002649.3.fasta	1281	1310	+	30	CACTGGTGGATGACTGCACGGGAGTCACCG	CGGUGACUCCCGUGCAGUCAUCCACCAGUG	0
NM_002649.3:1282-1311	NM_002649.3	NM_002649.3.fasta	1282	1311	+	30	ACTGGTGGATGACTGCACGGGAGTCACCGG	CCGGUGACUCCCGUGCAGUCAUCCACCAGU	0
NM_002649.3:1283-1312	NM_002649.3	NM_002649.3.fasta	1283	1312	+	30	CTGGTGGATGACTGCACGGGAGTCACCGGC	GCCGGUGACUCCCGUGCAGUCAUCCACCAG	0
NM_002649.3:1284-1313	NM_002649.3	NM_002649.3.fasta	1284	1313	+	30	TGGTGGATGACTGCACGGGAGTCACCGGCT	AGCCGGUGACUCCCGUGCAGUCAUCCACCA	0
NM_002649.3:1285-1314	NM_002649.3	NM_002649.3.fasta	1285	1314	+	30	GGTGGATGACTGCACGGGAGTCACCGGCTA	UAGCCGGUGACUCCCGUGCAGUCAUCCACC	0
NM_002649.3:1286-1315	NM_002649.3	NM_002649.3.fasta	1286	1315	+	30	GTGGATGACTGCACGGGAGTCACCGGCTAC	GUAGCCGGUGACUCCCGUGCAGUCAUCCAC	0
NM_002649.3:1287-1316	NM_002649.3	NM_002649.3.fasta	1287	1316	+	30	TGGATGACTGCACGGGAGTCACCGGCTACC	GGUAGCCGGUGACUCCCGUGCAGUCAUCCA	0
NM_002649.3:1288-1317	NM_002649.3	NM_002649.3.fasta	1288	1317	+	30	GGATGACTGCACGGGAGTCACCGGCTACCA	UGGUAGCCGGUGACUCCCGUGCAGUCAUCC	0
NM_002649.3:1289-1318	NM_002649.3	NM_002649.3.fasta	1289	1318	+	30	GATGACTGCACGGGAGTCACCGGCTACCAT	AUGGUAGCCGGUGACUCCCGUGCAGUCAUC	0
NM_002649.3:1290-1319	NM_002649.3	NM_002649.3.fasta	1290	1319	+	30	ATGACTGCACGGGAGTCACCGGCTACCATG	CAUGGUAGCCGGUGACUCCCGUGCAGUCAU	0
NM_002649.3:1291-1320	NM_002649.3	NM_002649.3.fasta	1291	1320	+	30	TGACTGCACGGGAGTCACCGGCTACCATGA	UCAUGGUAGCCGGUGACUCCCGUGCAGUCA	0
NM_002649.3:1292-1321	NM_002649.3	NM_002649.3.fasta	1292	1321	+	30	GACTGCACGGGAGTCACCGGCTACCATGAG	CUCAUGGUAGCCGGUGACUCCCGUGCAGUC	0
NM_002649.3:1293-1322	NM_002649.3	NM_002649.3.fasta	1293	1322	+	30	ACTGCACGGGAGTCACCGGCTACCATGAGC	GCUCAUGGUAGCCGGUGACUCCCGUGCAGU	0
NM_002649.3:1294-1323	NM_002649.3	NM_002649.3.fasta	1294	1323	+	30	CTGCACGGGAGTCACCGGCTACCATGAGCA	UGCUCAUGGUAGCCGGUGACUCCCGUGCAG	0
NM_002649.3:1295-1324	NM_002649.3	NM_002649.3.fasta	1295	1324	+	30	TGCACGGGAGTCACCGGCTACCATGAGCAG	CUGCUCAUGGUAGCCGGUGACUCCCGUGCA	0
NM_002649.3:1296-1325	NM_002649.3	NM_002649.3.fasta	1296	1325	+	30	GCACGGGAGTCACCGGCTACCATGAGCAGC	GCUGCUCAUGGUAGCCGGUGACUCCCGUGC	0
NM_002649.3:1297-1326	NM_002649.3	NM_002649.3.fasta	1297	1326	+	30	CACGGGAGTCACCGGCTACCATGAGCAGCT	AGCUGCUCAUGGUAGCCGGUGACUCCCGUG	0
NM_002649.3:1298-1327	NM_002649.3	NM_002649.3.fasta	1298	1327	+	30	ACGGGAGTCACCGGCTACCATGAGCAGCTT	AAGCUGCUCAUGGUAGCCGGUGACUCCCGU	0
NM_002649.3:1299-1328	NM_002649.3	NM_002649.3.fasta	1299	1328	+	30	CGGGAGTCACCGGCTACCATGAGCAGCTTA	UAAGCUGCUCAUGGUAGCCGGUGACUCCCG	0
NM_002649.3:1300-1329	NM_002649.3	NM_002649.3.fasta	1300	1329	+	30	GGGAGTCACCGGCTACCATGAGCAGCTTAC	GUAAGCUGCUCAUGGUAGCCGGUGACUCCC	0
NM_002649.3:1301-1330	NM_002649.3	NM_002649.3.fasta	1301	1330	+	30	GGAGTCACCGGCTACCATGAGCAGCTTACC	GGUAAGCUGCUCAUGGUAGCCGGUGACUCC	0
NM_002649.3:1302-1331	NM_002649.3	NM_002649.3.fasta	1302	1331	+	30	GAGTCACCGGCTACCATGAGCAGCTTACCA	UGGUAAGCUGCUCAUGGUAGCCGGUGACUC	0
NM_002649.3:1303-1332	NM_002649.3	NM_002649.3.fasta	1303	1332	+	30	AGTCACCGGCTACCATGAGCAGCTTACCAT	AUGGUAAGCUGCUCAUGGUAGCCGGUGACU	0
NM_002649.3:1304-1333	NM_002649.3	NM_002649.3.fasta	1304	1333	+	30	GTCACCGGCTACCATGAGCAGCTTACCATC	GAUGGUAAGCUGCUCAUGGUAGCCGGUGAC	0
NM_002649.3:1305-1334	NM_002649.3	NM_002649.3.fasta	1305	1334	+	30	TCACCGGCTACCATGAGCAGCTTACCATCC	GGAUGGUAAGCUGCUCAUGGUAGCCGGUGA	0
NM_002649.3:1306-1335	NM_002649.3	NM_002649.3.fasta	1306	1335	+	30	CACCGGCTACCATGAGCAGCTTACCATCCA	UGGAUGGUAAGCUGCUCAUGGUAGCCGGUG	0
NM_002649.3:1307-1336	NM_002649.3	NM_002649.3.fasta	1307	1336	+	30	ACCGGCTACCATGAGCAGCTTACCATCCAC	GUGGAUGGUAAGCUGCUCAUGGUAGCCGGU	0
NM_002649.3:1308-1337	NM_002649.3	NM_002649.3.fasta	1308	1337	+	30	CCGGCTACCATGAGCAGCTTACCATCCACG	CGUGGAUGGUAAGCUGCUCAUGGUAGCCGG	0
NM_002649.3:1309-1338	NM_002649.3	NM_002649.3.fasta	1309	1338	+	30	CGGCTACCATGAGCAGCTTACCATCCACGG	CCGUGGAUGGUAAGCUGCUCAUGGUAGCCG	0
NM_002649.3:1310-1339	NM_002649.3	NM_002649.3.fasta	1310	1339	+	30	GGCTACCATGAGCAGCTTACCATCCACGGC	GCCGUGGAUGGUAAGCUGCUCAUGGUAGCC	0
NM_002649.3:1311-1340	NM_002649.3	NM_002649.3.fasta	1311	1340	+	30	GCTACCATGAGCAGCTTACCATCCACGGCA	UGCCGUGGAUGGUAAGCUGCUCAUGGUAGC	0
NM_002649.3:1312-1341	NM_002649.3	NM_002649.3.fasta	1312	1341	+	30	CTACCATGAGCAGCTTACCATCCACGGCAA	UUGCCGUGGAUGGUAAGCUGCUCAUGGUAG	0
NM_002649.3:1313-1342	NM_002649.3	NM_002649.3.fasta	1313	1342	+	30	TACCATGAGCAGCTTACCATCCACGGCAAG	CUUGCCGUGGAUGGUAAGCUGCUCAUGGUA	0
NM_002649.3:1314-1343	NM_002649.3	NM_002649.3.fasta	1314	1343	+	30	ACCATGAGCAGCTTACCATCCACGGCAAGG	CCUUGCCGUGGAUGGUAAGCUGCUCAUGGU	0
NM_002649.3:1315-1344	NM_002649.3	NM_002649.3.fasta	1315	1344	+	30	CCATGAGCAGCTTACCATCCACGGCAAGGA	UCCUUGCCGUGGAUGGUAAGCUGCUCAUGG	0
NM_002649.3:1316-1345	NM_002649.3	NM_002649.3.fasta	1316	1345	+	30	CATGAGCAGCTTACCATCCACGGCAAGGAC	GUCCUUGCCGUGGAUGGUAAGCUGCUCAUG	0
NM_002649.3:1317-1346	NM_002649.3	NM_002649.3.fasta	1317	1346	+	30	ATGAGCAGCTTACCATCCACGGCAAGGACC	GGUCCUUGCCGUGGAUGGUAAGCUGCUCAU	0
NM_002649.3:1318-1347	NM_002649.3	NM_002649.3.fasta	1318	1347	+	30	TGAGCAGCTTACCATCCACGGCAAGGACCA	UGGUCCUUGCCGUGGAUGGUAAGCUGCUCA	0
NM_002649.3:1319-1348	NM_002649.3	NM_002649.3.fasta	1319	1348	+	30	GAGCAGCTTACCATCCACGGCAAGGACCAC	GUGGUCCUUGCCGUGGAUGGUAAGCUGCUC	0
NM_002649.3:1320-1349	NM_002649.3	NM_002649.3.fasta	1320	1349	+	30	AGCAGCTTACCATCCACGGCAAGGACCACG	CGUGGUCCUUGCCGUGGAUGGUAAGCUGCU	0
NM_002649.3:1321-1350	NM_002649.3	NM_002649.3.fasta	1321	1350	+	30	GCAGCTTACCATCCACGGCAAGGACCACGA	UCGUGGUCCUUGCCGUGGAUGGUAAGCUGC	0
NM_002649.3:1322-1351	NM_002649.3	NM_002649.3.fasta	1322	1351	+	30	CAGCTTACCATCCACGGCAAGGACCACGAG	CUCGUGGUCCUUGCCGUGGAUGGUAAGCUG	0
NM_002649.3:1323-1352	NM_002649.3	NM_002649.3.fasta	1323	1352	+	30	AGCTTACCATCCACGGCAAGGACCACGAGA	UCUCGUGGUCCUUGCCGUGGAUGGUAAGCU	0
NM_002649.3:1324-1353	NM_002649.3	NM_002649.3.fasta	1324	1353	+	30	GCTTACCATCCACGGCAAGGACCACGAGAG	CUCUCGUGGUCCUUGCCGUGGAUGGUAAGC	0
NM_002649.3:1325-1354	NM_002649.3	NM_002649.3.fasta	1325	1354	+	30	CTTACCATCCACGGCAAGGACCACGAGAGT	ACUCUCGUGGUCCUUGCCGUGGAUGGUAAG	0
NM_002649.3:1326-1355	NM_002649.3	NM_002649.3.fasta	1326	1355	+	30	TTACCATCCACGGCAAGGACCACGAGAGTG	CACUCUCGUGGUCCUUGCCGUGGAUGGUAA	0
NM_002649.3:1327-1356	NM_002649.3	NM_002649.3.fasta	1327	1356	+	30	TACCATCCACGGCAAGGACCACGAGAGTGT	ACACUCUCGUGGUCCUUGCCGUGGAUGGUA	0
NM_002649.3:1328-1357	NM_002649.3	NM_002649.3.fasta	1328	1357	+	30	ACCATCCACGGCAAGGACCACGAGAGTGTG	CACACUCUCGUGGUCCUUGCCGUGGAUGGU	0
NM_002649.3:1329-1358	NM_002649.3	NM_002649.3.fasta	1329	1358	+	30	CCATCCACGGCAAGGACCACGAGAGTGTGT	ACACACUCUCGUGGUCCUUGCCGUGGAUGG	0
NM_002649.3:1330-1359	NM_002649.3	NM_002649.3.fasta	1330	1359	+	30	CATCCACGGCAAGGACCACGAGAGTGTGTT	AACACACUCUCGUGGUCCUUGCCGUGGAUG	0
NM_002649.3:1331-1360	NM_002649.3	NM_002649.3.fasta	1331	1360	+	30	ATCCACGGCAAGGACCACGAGAGTGTGTTC	GAACACACUCUCGUGGUCCUUGCCGUGGAU	0
NM_002649.3:1332-1361	NM_002649.3	NM_002649.3.fasta	1332	1361	+	30	TCCACGGCAAGGACCACGAGAGTGTGTTCA	UGAACACACUCUCGUGGUCCUUGCCGUGGA	0
NM_002649.3:1333-1362	NM_002649.3	NM_002649.3.fasta	1333	1362	+	30	CCACGGCAAGGACCACGAGAGTGTGTTCAC	GUGAACACACUCUCGUGGUCCUUGCCGUGG	0
NM_002649.3:1334-1363	NM_002649.3	NM_002649.3.fasta	1334	1363	+	30	CACGGCAAGGACCACGAGAGTGTGTTCACC	GGUGAACACACUCUCGUGGUCCUUGCCGUG	0
NM_002649.3:1335-1364	NM_002649.3	NM_002649.3.fasta	1335	1364	+	30	ACGGCAAGGACCACGAGAGTGTGTTCACCG	CGGUGAACACACUCUCGUGGUCCUUGCCGU	0
NM_002649.3:1336-1365	NM_002649.3	NM_002649.3.fasta	1336	1365	+	30	CGGCAAGGACCACGAGAGTGTGTTCACCGT	ACGGUGAACACACUCUCGUGGUCCUUGCCG	0
NM_002649.3:1337-1366	NM_002649.3	NM_002649.3.fasta	1337	1366	+	30	GGCAAGGACCACGAGAGTGTGTTCACCGTG	CACGGUGAACACACUCUCGUGGUCCUUGCC	0
NM_002649.3:1338-1367	NM_002649.3	NM_002649.3.fasta	1338	1367	+	30	GCAAGGACCACGAGAGTGTGTTCACCGTGT	ACACGGUGAACACACUCUCGUGGUCCUUGC	0
NM_002649.3:1339-1368	NM_002649.3	NM_002649.3.fasta	1339	1368	+	30	CAAGGACCACGAGAGTGTGTTCACCGTGTC	GACACGGUGAACACACUCUCGUGGUCCUUG	0
NM_002649.3:1340-1369	NM_002649.3	NM_002649.3.fasta	1340	1369	+	30	AAGGACCACGAGAGTGTGTTCACCGTGTCC	GGACACGGUGAACACACUCUCGUGGUCCUU	0
NM_002649.3:1341-1370	NM_002649.3	NM_002649.3.fasta	1341	1370	+	30	AGGACCACGAGAGTGTGTTCACCGTGTCCC	GGGACACGGUGAACACACUCUCGUGGUCCU	0
NM_002649.3:1342-1371	NM_002649.3	NM_002649.3.fasta	1342	1371	+	30	GGACCACGAGAGTGTGTTCACCGTGTCCCT	AGGGACACGGUGAACACACUCUCGUGGUCC	0
NM_002649.3:1343-1372	NM_002649.3	NM_002649.3.fasta	1343	1372	+	30	GACCACGAGAGTGTGTTCACCGTGTCCCTG	CAGGGACACGGUGAACACACUCUCGUGGUC	0
NM_002649.3:1344-1373	NM_002649.3	NM_002649.3.fasta	1344	1373	+	30	ACCACGAGAGTGTGTTCACCGTGTCCCTGT	ACAGGGACACGGUGAACACACUCUCGUGGU	0
NM_002649.3:1345-1374	NM_002649.3	NM_002649.3.fasta	1345	1374	+	30	CCACGAGAGTGTGTTCACCGTGTCCCTGTG	CACAGGGACACGGUGAACACACUCUCGUGG	0
NM_002649.3:1346-1375	NM_002649.3	NM_002649.3.fasta	1346	1375	+	30	CACGAGAGTGTGTTCACCGTGTCCCTGTGG	CCACAGGGACACGGUGAACACACUCUCGUG	0
NM_002649.3:1347-1376	NM_002649.3	NM_002649.3.fasta	1347	1376	+	30	ACGAGAGTGTGTTCACCGTGTCCCTGTGGG	CCCACAGGGACACGGUGAACACACUCUCGU	0
NM_002649.3:1348-1377	NM_002649.3	NM_002649.3.fasta	1348	1377	+	30	CGAGAGTGTGTTCACCGTGTCCCTGTGGGA	UCCCACAGGGACACGGUGAACACACUCUCG	0
NM_002649.3:1349-1378	NM_002649.3	NM_002649.3.fasta	1349	1378	+	30	GAGAGTGTGTTCACCGTGTCCCTGTGGGAC	GUCCCACAGGGACACGGUGAACACACUCUC	0
NM_002649.3:1350-1379	NM_002649.3	NM_002649.3.fasta	1350	1379	+	30	AGAGTGTGTTCACCGTGTCCCTGTGGGACT	AGUCCCACAGGGACACGGUGAACACACUCU	0
NM_002649.3:1351-1380	NM_002649.3	NM_002649.3.fasta	1351	1380	+	30	GAGTGTGTTCACCGTGTCCCTGTGGGACTG	CAGUCCCACAGGGACACGGUGAACACACUC	0
NM_002649.3:1352-1381	NM_002649.3	NM_002649.3.fasta	1352	1381	+	30	AGTGTGTTCACCGTGTCCCTGTGGGACTGC	GCAGUCCCACAGGGACACGGUGAACACACU	0
NM_002649.3:1353-1382	NM_002649.3	NM_002649.3.fasta	1353	1382	+	30	GTGTGTTCACCGTGTCCCTGTGGGACTGCG	CGCAGUCCCACAGGGACACGGUGAACACAC	0
NM_002649.3:1354-1383	NM_002649.3	NM_002649.3.fasta	1354	1383	+	30	TGTGTTCACCGTGTCCCTGTGGGACTGCGA	UCGCAGUCCCACAGGGACACGGUGAACACA	0
NM_002649.3:1355-1384	NM_002649.3	NM_002649.3.fasta	1355	1384	+	30	GTGTTCACCGTGTCCCTGTGGGACTGCGAC	GUCGCAGUCCCACAGGGACACGGUGAACAC	0
NM_002649.3:1356-1385	NM_002649.3	NM_002649.3.fasta	1356	1385	+	30	TGTTCACCGTGTCCCTGTGGGACTGCGACC	GGUCGCAGUCCCACAGGGACACGGUGAACA	0
NM_002649.3:1357-1386	NM_002649.3	NM_002649.3.fasta	1357	1386	+	30	GTTCACCGTGTCCCTGTGGGACTGCGACCG	CGGUCGCAGUCCCACAGGGACACGGUGAAC	0
NM_002649.3:1358-1387	NM_002649.3	NM_002649.3.fasta	1358	1387	+	30	TTCACCGTGTCCCTGTGGGACTGCGACCGC	GCGGUCGCAGUCCCACAGGGACACGGUGAA	0
NM_002649.3:1359-1388	NM_002649.3	NM_002649.3.fasta	1359	1388	+	30	TCACCGTGTCCCTGTGGGACTGCGACCGCA	UGCGGUCGCAGUCCCACAGGGACACGGUGA	0
NM_002649.3:1360-1389	NM_002649.3	NM_002649.3.fasta	1360	1389	+	30	CACCGTGTCCCTGTGGGACTGCGACCGCAA	UUGCGGUCGCAGUCCCACAGGGACACGGUG	0
NM_002649.3:1361-1390	NM_002649.3	NM_002649.3.fasta	1361	1390	+	30	ACCGTGTCCCTGTGGGACTGCGACCGCAAG	CUUGCGGUCGCAGUCCCACAGGGACACGGU	0
NM_002649.3:1362-1391	NM_002649.3	NM_002649.3.fasta	1362	1391	+	30	CCGTGTCCCTGTGGGACTGCGACCGCAAGT	ACUUGCGGUCGCAGUCCCACAGGGACACGG	0
NM_002649.3:1363-1392	NM_002649.3	NM_002649.3.fasta	1363	1392	+	30	CGTGTCCCTGTGGGACTGCGACCGCAAGTT	AACUUGCGGUCGCAGUCCCACAGGGACACG	0
NM_002649.3:1364-1393	NM_002649.3	NM_002649.3.fasta	1364	1393	+	30	GTGTCCCTGTGGGACTGCGACCGCAAGTTC	GAACUUGCGGUCGCAGUCCCACAGGGACAC	0
NM_002649.3:1365-1394	NM_002649.3	NM_002649.3.fasta	1365	1394	+	30	TGTCCCTGTGGGACTGCGACCGCAAGTTCA	UGAACUUGCGGUCGCAGUCCCACAGGGACA	0
NM_002649.3:1366-1395	NM_002649.3	NM_002649.3.fasta	1366	1395	+	30	GTCCCTGTGGGACTGCGACCGCAAGTTCAG	CUGAACUUGCGGUCGCAGUCCCACAGGGAC	0
NM_002649.3:1367-1396	NM_002649.3	NM_002649.3.fasta	1367	1396	+	30	TCCCTGTGGGACTGCGACCGCAAGTTCAGG	CCUGAACUUGCGGUCGCAGUCCCACAGGGA	0
NM_002649.3:1368-1397	NM_002649.3	NM_002649.3.fasta	1368	1397	+	30	CCCTGTGGGACTGCGACCGCAAGTTCAGGG	CCCUGAACUUGCGGUCGCAGUCCCACAGGG	0
NM_002649.3:1369-1398	NM_002649.3	NM_002649.3.fasta	1369	1398	+	30	CCTGTGGGACTGCGACCGCAAGTTCAGGGT	ACCCUGAACUUGCGGUCGCAGUCCCACAGG	0
NM_002649.3:1370-1399	NM_002649.3	NM_002649.3.fasta	1370	1399	+	30	CTGTGGGACTGCGACCGCAAGTTCAGGGTC	GACCCUGAACUUGCGGUCGCAGUCCCACAG	0
NM_002649.3:1371-1400	NM_002649.3	NM_002649.3.fasta	1371	1400	+	30	TGTGGGACTGCGACCGCAAGTTCAGGGTCA	UGACCCUGAACUUGCGGUCGCAGUCCCACA	0
NM_002649.3:1372-1401	NM_002649.3	NM_002649.3.fasta	1372	1401	+	30	GTGGGACTGCGACCGCAAGTTCAGGGTCAA	UUGACCCUGAACUUGCGGUCGCAGUCCCAC	0
NM_002649.3:1373-1402	NM_002649.3	NM_002649.3.fasta	1373	1402	+	30	TGGGACTGCGACCGCAAGTTCAGGGTCAAG	CUUGACCCUGAACUUGCGGUCGCAGUCCCA	0
NM_002649.3:1374-1403	NM_002649.3	NM_002649.3.fasta	1374	1403	+	30	GGGACTGCGACCGCAAGTTCAGGGTCAAGA	UCUUGACCCUGAACUUGCGGUCGCAGUCCC	0
NM_002649.3:1375-1404	NM_002649.3	NM_002649.3.fasta	1375	1404	+	30	GGACTGCGACCGCAAGTTCAGGGTCAAGAT	AUCUUGACCCUGAACUUGCGGUCGCAGUCC	0
NM_002649.3:1376-1405	NM_002649.3	NM_002649.3.fasta	1376	1405	+	30	GACTGCGACCGCAAGTTCAGGGTCAAGATC	GAUCUUGACCCUGAACUUGCGGUCGCAGUC	0
NM_002649.3:1377-1406	NM_002649.3	NM_002649.3.fasta	1377	1406	+	30	ACTGCGACCGCAAGTTCAGGGTCAAGATCA	UGAUCUUGACCCUGAACUUGCGGUCGCAGU	0
NM_002649.3:1378-1407	NM_002649.3	NM_002649.3.fasta	1378	1407	+	30	CTGCGACCGCAAGTTCAGGGTCAAGATCAG	CUGAUCUUGACCCUGAACUUGCGGUCGCAG	0
NM_002649.3:1379-1408	NM_002649.3	NM_002649.3.fasta	1379	1408	+	30	TGCGACCGCAAGTTCAGGGTCAAGATCAGA	UCUGAUCUUGACCCUGAACUUGCGGUCGCA	0
NM_002649.3:1380-1409	NM_002649.3	NM_002649.3.fasta	1380	1409	+	30	GCGACCGCAAGTTCAGGGTCAAGATCAGAG	CUCUGAUCUUGACCCUGAACUUGCGGUCGC	0
NM_002649.3:1381-1410	NM_002649.3	NM_002649.3.fasta	1381	1410	+	30	CGACCGCAAGTTCAGGGTCAAGATCAGAGG	CCUCUGAUCUUGACCCUGAACUUGCGGUCG	0
NM_002649.3:1382-1411	NM_002649.3	NM_002649.3.fasta	1382	1411	+	30	GACCGCAAGTTCAGGGTCAAGATCAGAGGC	GCCUCUGAUCUUGACCCUGAACUUGCGGUC	0
NM_002649.3:1383-1412	NM_002649.3	NM_002649.3.fasta	1383	1412	+	30	ACCGCAAGTTCAGGGTCAAGATCAGAGGCA	UGCCUCUGAUCUUGACCCUGAACUUGCGGU	0
NM_002649.3:1384-1413	NM_002649.3	NM_002649.3.fasta	1384	1413	+	30	CCGCAAGTTCAGGGTCAAGATCAGAGGCAT	AUGCCUCUGAUCUUGACCCUGAACUUGCGG	0
NM_002649.3:1385-1414	NM_002649.3	NM_002649.3.fasta	1385	1414	+	30	CGCAAGTTCAGGGTCAAGATCAGAGGCATT	AAUGCCUCUGAUCUUGACCCUGAACUUGCG	0
NM_002649.3:1386-1415	NM_002649.3	NM_002649.3.fasta	1386	1415	+	30	GCAAGTTCAGGGTCAAGATCAGAGGCATTG	CAAUGCCUCUGAUCUUGACCCUGAACUUGC	0
NM_002649.3:1387-1416	NM_002649.3	NM_002649.3.fasta	1387	1416	+	30	CAAGTTCAGGGTCAAGATCAGAGGCATTGA	UCAAUGCCUCUGAUCUUGACCCUGAACUUG	0
NM_002649.3:1388-1417	NM_002649.3	NM_002649.3.fasta	1388	1417	+	30	AAGTTCAGGGTCAAGATCAGAGGCATTGAT	AUCAAUGCCUCUGAUCUUGACCCUGAACUU	0
NM_002649.3:1389-1418	NM_002649.3	NM_002649.3.fasta	1389	1418	+	30	AGTTCAGGGTCAAGATCAGAGGCATTGATA	UAUCAAUGCCUCUGAUCUUGACCCUGAACU	0
NM_002649.3:1390-1419	NM_002649.3	NM_002649.3.fasta	1390	1419	+	30	GTTCAGGGTCAAGATCAGAGGCATTGATAT	AUAUCAAUGCCUCUGAUCUUGACCCUGAAC	0
NM_002649.3:1391-1420	NM_002649.3	NM_002649.3.fasta	1391	1420	+	30	TTCAGGGTCAAGATCAGAGGCATTGATATC	GAUAUCAAUGCCUCUGAUCUUGACCCUGAA	0
NM_002649.3:1392-1421	NM_002649.3	NM_002649.3.fasta	1392	1421	+	30	TCAGGGTCAAGATCAGAGGCATTGATATCC	GGAUAUCAAUGCCUCUGAUCUUGACCCUGA	0
NM_002649.3:1393-1422	NM_002649.3	NM_002649.3.fasta	1393	1422	+	30	CAGGGTCAAGATCAGAGGCATTGATATCCC	GGGAUAUCAAUGCCUCUGAUCUUGACCCUG	0
NM_002649.3:1394-1423	NM_002649.3	NM_002649.3.fasta	1394	1423	+	30	AGGGTCAAGATCAGAGGCATTGATATCCCC	GGGGAUAUCAAUGCCUCUGAUCUUGACCCU	0
NM_002649.3:1395-1424	NM_002649.3	NM_002649.3.fasta	1395	1424	+	30	GGGTCAAGATCAGAGGCATTGATATCCCCG	CGGGGAUAUCAAUGCCUCUGAUCUUGACCC	0
NM_002649.3:1396-1425	NM_002649.3	NM_002649.3.fasta	1396	1425	+	30	GGTCAAGATCAGAGGCATTGATATCCCCGT	ACGGGGAUAUCAAUGCCUCUGAUCUUGACC	0
NM_002649.3:1397-1426	NM_002649.3	NM_002649.3.fasta	1397	1426	+	30	GTCAAGATCAGAGGCATTGATATCCCCGTC	GACGGGGAUAUCAAUGCCUCUGAUCUUGAC	0
NM_002649.3:1398-1427	NM_002649.3	NM_002649.3.fasta	1398	1427	+	30	TCAAGATCAGAGGCATTGATATCCCCGTCC	GGACGGGGAUAUCAAUGCCUCUGAUCUUGA	0
NM_002649.3:1399-1428	NM_002649.3	NM_002649.3.fasta	1399	1428	+	30	CAAGATCAGAGGCATTGATATCCCCGTCCT	AGGACGGGGAUAUCAAUGCCUCUGAUCUUG	0
NM_002649.3:1400-1429	NM_002649.3	NM_002649.3.fasta	1400	1429	+	30	AAGATCAGAGGCATTGATATCCCCGTCCTG	CAGGACGGGGAUAUCAAUGCCUCUGAUCUU	0
NM_002649.3:1401-1430	NM_002649.3	NM_002649.3.fasta	1401	1430	+	30	AGATCAGAGGCATTGATATCCCCGTCCTGC	GCAGGACGGGGAUAUCAAUGCCUCUGAUCU	0
NM_002649.3:1402-1431	NM_002649.3	NM_002649.3.fasta	1402	1431	+	30	GATCAGAGGCATTGATATCCCCGTCCTGCC	GGCAGGACGGGGAUAUCAAUGCCUCUGAUC	0
NM_002649.3:1403-1432	NM_002649.3	NM_002649.3.fasta	1403	1432	+	30	ATCAGAGGCATTGATATCCCCGTCCTGCCT	AGGCAGGACGGGGAUAUCAAUGCCUCUGAU	0
NM_002649.3:1404-1433	NM_002649.3	NM_002649.3.fasta	1404	1433	+	30	TCAGAGGCATTGATATCCCCGTCCTGCCTC	GAGGCAGGACGGGGAUAUCAAUGCCUCUGA	0
NM_002649.3:1405-1434	NM_002649.3	NM_002649.3.fasta	1405	1434	+	30	CAGAGGCATTGATATCCCCGTCCTGCCTCG	CGAGGCAGGACGGGGAUAUCAAUGCCUCUG	0
NM_002649.3:1406-1435	NM_002649.3	NM_002649.3.fasta	1406	1435	+	30	AGAGGCATTGATATCCCCGTCCTGCCTCGG	CCGAGGCAGGACGGGGAUAUCAAUGCCUCU	0
NM_002649.3:1407-1436	NM_002649.3	NM_002649.3.fasta	1407	1436	+	30	GAGGCATTGATATCCCCGTCCTGCCTCGGA	UCCGAGGCAGGACGGGGAUAUCAAUGCCUC	0
NM_002649.3:1408-1437	NM_002649.3	NM_002649.3.fasta	1408	1437	+	30	AGGCATTGATATCCCCGTCCTGCCTCGGAA	UUCCGAGGCAGGACGGGGAUAUCAAUGCCU	0
NM_002649.3:1409-1438	NM_002649.3	NM_002649.3.fasta	1409	1438	+	30	GGCATTGATATCCCCGTCCTGCCTCGGAAC	GUUCCGAGGCAGGACGGGGAUAUCAAUGCC	0
NM_002649.3:1410-1439	NM_002649.3	NM_002649.3.fasta	1410	1439	+	30	GCATTGATATCCCCGTCCTGCCTCGGAACA	UGUUCCGAGGCAGGACGGGGAUAUCAAUGC	0
NM_002649.3:1411-1440	NM_002649.3	NM_002649.3.fasta	1411	1440	+	30	CATTGATATCCCCGTCCTGCCTCGGAACAC	GUGUUCCGAGGCAGGACGGGGAUAUCAAUG	0
NM_002649.3:1412-1441	NM_002649.3	NM_002649.3.fasta	1412	1441	+	30	ATTGATATCCCCGTCCTGCCTCGGAACACC	GGUGUUCCGAGGCAGGACGGGGAUAUCAAU	0
NM_002649.3:1413-1442	NM_002649.3	NM_002649.3.fasta	1413	1442	+	30	TTGATATCCCCGTCCTGCCTCGGAACACCG	CGGUGUUCCGAGGCAGGACGGGGAUAUCAA	0
NM_002649.3:1414-1443	NM_002649.3	NM_002649.3.fasta	1414	1443	+	30	TGATATCCCCGTCCTGCCTCGGAACACCGA	UCGGUGUUCCGAGGCAGGACGGGGAUAUCA	0
NM_002649.3:1415-1444	NM_002649.3	NM_002649.3.fasta	1415	1444	+	30	GATATCCCCGTCCTGCCTCGGAACACCGAC	GUCGGUGUUCCGAGGCAGGACGGGGAUAUC	0
NM_002649.3:1416-1445	NM_002649.3	NM_002649.3.fasta	1416	1445	+	30	ATATCCCCGTCCTGCCTCGGAACACCGACC	GGUCGGUGUUCCGAGGCAGGACGGGGAUAU	0
NM_002649.3:1417-1446	NM_002649.3	NM_002649.3.fasta	1417	1446	+	30	TATCCCCGTCCTGCCTCGGAACACCGACCT	AGGUCGGUGUUCCGAGGCAGGACGGGGAUA	0
NM_002649.3:1418-1447	NM_002649.3	NM_002649.3.fasta	1418	1447	+	30	ATCCCCGTCCTGCCTCGGAACACCGACCTC	GAGGUCGGUGUUCCGAGGCAGGACGGGGAU	0
NM_002649.3:1419-1448	NM_002649.3	NM_002649.3.fasta	1419	1448	+	30	TCCCCGTCCTGCCTCGGAACACCGACCTCA	UGAGGUCGGUGUUCCGAGGCAGGACGGGGA	0
NM_002649.3:1420-1449	NM_002649.3	NM_002649.3.fasta	1420	1449	+	30	CCCCGTCCTGCCTCGGAACACCGACCTCAC	GUGAGGUCGGUGUUCCGAGGCAGGACGGGG	0
NM_002649.3:1421-1450	NM_002649.3	NM_002649.3.fasta	1421	1450	+	30	CCCGTCCTGCCTCGGAACACCGACCTCACA	UGUGAGGUCGGUGUUCCGAGGCAGGACGGG	0
NM_002649.3:1422-1451	NM_002649.3	NM_002649.3.fasta	1422	1451	+	30	CCGTCCTGCCTCGGAACACCGACCTCACAG	CUGUGAGGUCGGUGUUCCGAGGCAGGACGG	0
NM_002649.3:1423-1452	NM_002649.3	NM_002649.3.fasta	1423	1452	+	30	CGTCCTGCCTCGGAACACCGACCTCACAGT	ACUGUGAGGUCGGUGUUCCGAGGCAGGACG	0
NM_002649.3:1424-1453	NM_002649.3	NM_002649.3.fasta	1424	1453	+	30	GTCCTGCCTCGGAACACCGACCTCACAGTT	AACUGUGAGGUCGGUGUUCCGAGGCAGGAC	0
NM_002649.3:1425-1454	NM_002649.3	NM_002649.3.fasta	1425	1454	+	30	TCCTGCCTCGGAACACCGACCTCACAGTTT	AAACUGUGAGGUCGGUGUUCCGAGGCAGGA	0
NM_002649.3:1426-1455	NM_002649.3	NM_002649.3.fasta	1426	1455	+	30	CCTGCCTCGGAACACCGACCTCACAGTTTT	AAAACUGUGAGGUCGGUGUUCCGAGGCAGG	0
NM_002649.3:1427-1456	NM_002649.3	NM_002649.3.fasta	1427	1456	+	30	CTGCCTCGGAACACCGACCTCACAGTTTTT	AAAAACUGUGAGGUCGGUGUUCCGAGGCAG	0
NM_002649.3:1428-1457	NM_002649.3	NM_002649.3.fasta	1428	1457	+	30	TGCCTCGGAACACCGACCTCACAGTTTTTG	CAAAAACUGUGAGGUCGGUGUUCCGAGGCA	0
NM_002649.3:1429-1458	NM_002649.3	NM_002649.3.fasta	1429	1458	+	30	GCCTCGGAACACCGACCTCACAGTTTTTGT	ACAAAAACUGUGAGGUCGGUGUUCCGAGGC	0
NM_002649.3:1430-1459	NM_002649.3	NM_002649.3.fasta	1430	1459	+	30	CCTCGGAACACCGACCTCACAGTTTTTGTA	UACAAAAACUGUGAGGUCGGUGUUCCGAGG	0
NM_002649.3:1431-1460	NM_002649.3	NM_002649.3.fasta	1431	1460	+	30	CTCGGAACACCGACCTCACAGTTTTTGTAG	CUACAAAAACUGUGAGGUCGGUGUUCCGAG	0
NM_002649.3:1432-1461	NM_002649.3	NM_002649.3.fasta	1432	1461	+	30	TCGGAACACCGACCTCACAGTTTTTGTAGA	UCUACAAAAACUGUGAGGUCGGUGUUCCGA	0
NM_002649.3:1433-1462	NM_002649.3	NM_002649.3.fasta	1433	1462	+	30	CGGAACACCGACCTCACAGTTTTTGTAGAG	CUCUACAAAAACUGUGAGGUCGGUGUUCCG	0
NM_002649.3:1434-1463	NM_002649.3	NM_002649.3.fasta	1434	1463	+	30	GGAACACCGACCTCACAGTTTTTGTAGAGG	CCUCUACAAAAACUGUGAGGUCGGUGUUCC	0
NM_002649.3:1435-1464	NM_002649.3	NM_002649.3.fasta	1435	1464	+	30	GAACACCGACCTCACAGTTTTTGTAGAGGC	GCCUCUACAAAAACUGUGAGGUCGGUGUUC	0
NM_002649.3:1436-1465	NM_002649.3	NM_002649.3.fasta	1436	1465	+	30	AACACCGACCTCACAGTTTTTGTAGAGGCA	UGCCUCUACAAAAACUGUGAGGUCGGUGUU	0
NM_002649.3:1437-1466	NM_002649.3	NM_002649.3.fasta	1437	1466	+	30	ACACCGACCTCACAGTTTTTGTAGAGGCAA	UUGCCUCUACAAAAACUGUGAGGUCGGUGU	0
NM_002649.3:1438-1467	NM_002649.3	NM_002649.3.fasta	1438	1467	+	30	CACCGACCTCACAGTTTTTGTAGAGGCAAA	UUUGCCUCUACAAAAACUGUGAGGUCGGUG	0
NM_002649.3:1439-1468	NM_002649.3	NM_002649.3.fasta	1439	1468	+	30	ACCGACCTCACAGTTTTTGTAGAGGCAAAC	GUUUGCCUCUACAAAAACUGUGAGGUCGGU	0
NM_002649.3:1440-1469	NM_002649.3	NM_002649.3.fasta	1440	1469	+	30	CCGACCTCACAGTTTTTGTAGAGGCAAACA	UGUUUGCCUCUACAAAAACUGUGAGGUCGG	0
NM_002649.3:1441-1470	NM_002649.3	NM_002649.3.fasta	1441	1470	+	30	CGACCTCACAGTTTTTGTAGAGGCAAACAT	AUGUUUGCCUCUACAAAAACUGUGAGGUCG	0
NM_002649.3:1442-1471	NM_002649.3	NM_002649.3.fasta	1442	1471	+	30	GACCTCACAGTTTTTGTAGAGGCAAACATC	GAUGUUUGCCUCUACAAAAACUGUGAGGUC	0
NM_002649.3:1443-1472	NM_002649.3	NM_002649.3.fasta	1443	1472	+	30	ACCTCACAGTTTTTGTAGAGGCAAACATCC	GGAUGUUUGCCUCUACAAAAACUGUGAGGU	0
NM_002649.3:1444-1473	NM_002649.3	NM_002649.3.fasta	1444	1473	+	30	CCTCACAGTTTTTGTAGAGGCAAACATCCA	UGGAUGUUUGCCUCUACAAAAACUGUGAGG	0
NM_002649.3:1445-1474	NM_002649.3	NM_002649.3.fasta	1445	1474	+	30	CTCACAGTTTTTGTAGAGGCAAACATCCAG	CUGGAUGUUUGCCUCUACAAAAACUGUGAG	0
NM_002649.3:1446-1475	NM_002649.3	NM_002649.3.fasta	1446	1475	+	30	TCACAGTTTTTGTAGAGGCAAACATCCAGC	GCUGGAUGUUUGCCUCUACAAAAACUGUGA	0
NM_002649.3:1447-1476	NM_002649.3	NM_002649.3.fasta	1447	1476	+	30	CACAGTTTTTGTAGAGGCAAACATCCAGCA	UGCUGGAUGUUUGCCUCUACAAAAACUGUG	0
NM_002649.3:1448-1477	NM_002649.3	NM_002649.3.fasta	1448	1477	+	30	ACAGTTTTTGTAGAGGCAAACATCCAGCAT	AUGCUGGAUGUUUGCCUCUACAAAAACUGU	0
NM_002649.3:1449-1478	NM_002649.3	NM_002649.3.fasta	1449	1478	+	30	CAGTTTTTGTAGAGGCAAACATCCAGCATG	CAUGCUGGAUGUUUGCCUCUACAAAAACUG	0
NM_002649.3:1450-1479	NM_002649.3	NM_002649.3.fasta	1450	1479	+	30	AGTTTTTGTAGAGGCAAACATCCAGCATGG	CCAUGCUGGAUGUUUGCCUCUACAAAAACU	0
NM_002649.3:1451-1480	NM_002649.3	NM_002649.3.fasta	1451	1480	+	30	GTTTTTGTAGAGGCAAACATCCAGCATGGG	CCCAUGCUGGAUGUUUGCCUCUACAAAAAC	0
NM_002649.3:1452-1481	NM_002649.3	NM_002649.3.fasta	1452	1481	+	30	TTTTTGTAGAGGCAAACATCCAGCATGGGC	GCCCAUGCUGGAUGUUUGCCUCUACAAAAA	0
NM_002649.3:1453-1482	NM_002649.3	NM_002649.3.fasta	1453	1482	+	30	TTTTGTAGAGGCAAACATCCAGCATGGGCA	UGCCCAUGCUGGAUGUUUGCCUCUACAAAA	0
NM_002649.3:1454-1483	NM_002649.3	NM_002649.3.fasta	1454	1483	+	30	TTTGTAGAGGCAAACATCCAGCATGGGCAA	UUGCCCAUGCUGGAUGUUUGCCUCUACAAA	0
NM_002649.3:1455-1484	NM_002649.3	NM_002649.3.fasta	1455	1484	+	30	TTGTAGAGGCAAACATCCAGCATGGGCAAC	GUUGCCCAUGCUGGAUGUUUGCCUCUACAA	0
NM_002649.3:1456-1485	NM_002649.3	NM_002649.3.fasta	1456	1485	+	30	TGTAGAGGCAAACATCCAGCATGGGCAACA	UGUUGCCCAUGCUGGAUGUUUGCCUCUACA	0
NM_002649.3:1457-1486	NM_002649.3	NM_002649.3.fasta	1457	1486	+	30	GTAGAGGCAAACATCCAGCATGGGCAACAA	UUGUUGCCCAUGCUGGAUGUUUGCCUCUAC	0
NM_002649.3:1458-1487	NM_002649.3	NM_002649.3.fasta	1458	1487	+	30	TAGAGGCAAACATCCAGCATGGGCAACAAG	CUUGUUGCCCAUGCUGGAUGUUUGCCUCUA	0
NM_002649.3:1459-1488	NM_002649.3	NM_002649.3.fasta	1459	1488	+	30	AGAGGCAAACATCCAGCATGGGCAACAAGT	ACUUGUUGCCCAUGCUGGAUGUUUGCCUCU	0
NM_002649.3:1460-1489	NM_002649.3	NM_002649.3.fasta	1460	1489	+	30	GAGGCAAACATCCAGCATGGGCAACAAGTC	GACUUGUUGCCCAUGCUGGAUGUUUGCCUC	0
NM_002649.3:1461-1490	NM_002649.3	NM_002649.3.fasta	1461	1490	+	30	AGGCAAACATCCAGCATGGGCAACAAGTCC	GGACUUGUUGCCCAUGCUGGAUGUUUGCCU	0
NM_002649.3:1462-1491	NM_002649.3	NM_002649.3.fasta	1462	1491	+	30	GGCAAACATCCAGCATGGGCAACAAGTCCT	AGGACUUGUUGCCCAUGCUGGAUGUUUGCC	0
NM_002649.3:1463-1492	NM_002649.3	NM_002649.3.fasta	1463	1492	+	30	GCAAACATCCAGCATGGGCAACAAGTCCTT	AAGGACUUGUUGCCCAUGCUGGAUGUUUGC	0
NM_002649.3:1464-1493	NM_002649.3	NM_002649.3.fasta	1464	1493	+	30	CAAACATCCAGCATGGGCAACAAGTCCTTT	AAAGGACUUGUUGCCCAUGCUGGAUGUUUG	0
NM_002649.3:1465-1494	NM_002649.3	NM_002649.3.fasta	1465	1494	+	30	AAACATCCAGCATGGGCAACAAGTCCTTTG	CAAAGGACUUGUUGCCCAUGCUGGAUGUUU	0
NM_002649.3:1466-1495	NM_002649.3	NM_002649.3.fasta	1466	1495	+	30	AACATCCAGCATGGGCAACAAGTCCTTTGC	GCAAAGGACUUGUUGCCCAUGCUGGAUGUU	0
NM_002649.3:1467-1496	NM_002649.3	NM_002649.3.fasta	1467	1496	+	30	ACATCCAGCATGGGCAACAAGTCCTTTGCC	GGCAAAGGACUUGUUGCCCAUGCUGGAUGU	0
NM_002649.3:1468-1497	NM_002649.3	NM_002649.3.fasta	1468	1497	+	30	CATCCAGCATGGGCAACAAGTCCTTTGCCA	UGGCAAAGGACUUGUUGCCCAUGCUGGAUG	0
NM_002649.3:1469-1498	NM_002649.3	NM_002649.3.fasta	1469	1498	+	30	ATCCAGCATGGGCAACAAGTCCTTTGCCAA	UUGGCAAAGGACUUGUUGCCCAUGCUGGAU	0
NM_002649.3:1470-1499	NM_002649.3	NM_002649.3.fasta	1470	1499	+	30	TCCAGCATGGGCAACAAGTCCTTTGCCAAA	UUUGGCAAAGGACUUGUUGCCCAUGCUGGA	0
NM_002649.3:1471-1500	NM_002649.3	NM_002649.3.fasta	1471	1500	+	30	CCAGCATGGGCAACAAGTCCTTTGCCAAAG	CUUUGGCAAAGGACUUGUUGCCCAUGCUGG	0
NM_002649.3:1472-1501	NM_002649.3	NM_002649.3.fasta	1472	1501	+	30	CAGCATGGGCAACAAGTCCTTTGCCAAAGG	CCUUUGGCAAAGGACUUGUUGCCCAUGCUG	0
NM_002649.3:1473-1502	NM_002649.3	NM_002649.3.fasta	1473	1502	+	30	AGCATGGGCAACAAGTCCTTTGCCAAAGGA	UCCUUUGGCAAAGGACUUGUUGCCCAUGCU	0
NM_002649.3:1474-1503	NM_002649.3	NM_002649.3.fasta	1474	1503	+	30	GCATGGGCAACAAGTCCTTTGCCAAAGGAG	CUCCUUUGGCAAAGGACUUGUUGCCCAUGC	0
NM_002649.3:1475-1504	NM_002649.3	NM_002649.3.fasta	1475	1504	+	30	CATGGGCAACAAGTCCTTTGCCAAAGGAGA	UCUCCUUUGGCAAAGGACUUGUUGCCCAUG	0
NM_002649.3:1476-1505	NM_002649.3	NM_002649.3.fasta	1476	1505	+	30	ATGGGCAACAAGTCCTTTGCCAAAGGAGAA	UUCUCCUUUGGCAAAGGACUUGUUGCCCAU	0
NM_002649.3:1477-1506	NM_002649.3	NM_002649.3.fasta	1477	1506	+	30	TGGGCAACAAGTCCTTTGCCAAAGGAGAAC	GUUCUCCUUUGGCAAAGGACUUGUUGCCCA	0
NM_002649.3:1478-1507	NM_002649.3	NM_002649.3.fasta	1478	1507	+	30	GGGCAACAAGTCCTTTGCCAAAGGAGAACC	GGUUCUCCUUUGGCAAAGGACUUGUUGCCC	0
NM_002649.3:1479-1508	NM_002649.3	NM_002649.3.fasta	1479	1508	+	30	GGCAACAAGTCCTTTGCCAAAGGAGAACCA	UGGUUCUCCUUUGGCAAAGGACUUGUUGCC	0
NM_002649.3:1480-1509	NM_002649.3	NM_002649.3.fasta	1480	1509	+	30	GCAACAAGTCCTTTGCCAAAGGAGAACCAG	CUGGUUCUCCUUUGGCAAAGGACUUGUUGC	0
NM_002649.3:1481-1510	NM_002649.3	NM_002649.3.fasta	1481	1510	+	30	CAACAAGTCCTTTGCCAAAGGAGAACCAGC	GCUGGUUCUCCUUUGGCAAAGGACUUGUUG	0
NM_002649.3:1482-1511	NM_002649.3	NM_002649.3.fasta	1482	1511	+	30	AACAAGTCCTTTGCCAAAGGAGAACCAGCC	GGCUGGUUCUCCUUUGGCAAAGGACUUGUU	0
NM_002649.3:1483-1512	NM_002649.3	NM_002649.3.fasta	1483	1512	+	30	ACAAGTCCTTTGCCAAAGGAGAACCAGCCC	GGGCUGGUUCUCCUUUGGCAAAGGACUUGU	0
NM_002649.3:1484-1513	NM_002649.3	NM_002649.3.fasta	1484	1513	+	30	CAAGTCCTTTGCCAAAGGAGAACCAGCCCC	GGGGCUGGUUCUCCUUUGGCAAAGGACUUG	0
NM_002649.3:1485-1514	NM_002649.3	NM_002649.3.fasta	1485	1514	+	30	AAGTCCTTTGCCAAAGGAGAACCAGCCCCA	UGGGGCUGGUUCUCCUUUGGCAAAGGACUU	0
NM_002649.3:1486-1515	NM_002649.3	NM_002649.3.fasta	1486	1515	+	30	AGTCCTTTGCCAAAGGAGAACCAGCCCCAA	UUGGGGCUGGUUCUCCUUUGGCAAAGGACU	0
NM_002649.3:1487-1516	NM_002649.3	NM_002649.3.fasta	1487	1516	+	30	GTCCTTTGCCAAAGGAGAACCAGCCCCAAA	UUUGGGGCUGGUUCUCCUUUGGCAAAGGAC	0
NM_002649.3:1488-1517	NM_002649.3	NM_002649.3.fasta	1488	1517	+	30	TCCTTTGCCAAAGGAGAACCAGCCCCAAAC	GUUUGGGGCUGGUUCUCCUUUGGCAAAGGA	0
NM_002649.3:1489-1518	NM_002649.3	NM_002649.3.fasta	1489	1518	+	30	CCTTTGCCAAAGGAGAACCAGCCCCAAACC	GGUUUGGGGCUGGUUCUCCUUUGGCAAAGG	0
NM_002649.3:1490-1519	NM_002649.3	NM_002649.3.fasta	1490	1519	+	30	CTTTGCCAAAGGAGAACCAGCCCCAAACCC	GGGUUUGGGGCUGGUUCUCCUUUGGCAAAG	0
NM_002649.3:1491-1520	NM_002649.3	NM_002649.3.fasta	1491	1520	+	30	TTTGCCAAAGGAGAACCAGCCCCAAACCCT	AGGGUUUGGGGCUGGUUCUCCUUUGGCAAA	0
NM_002649.3:1492-1521	NM_002649.3	NM_002649.3.fasta	1492	1521	+	30	TTGCCAAAGGAGAACCAGCCCCAAACCCTT	AAGGGUUUGGGGCUGGUUCUCCUUUGGCAA	0
NM_002649.3:1493-1522	NM_002649.3	NM_002649.3.fasta	1493	1522	+	30	TGCCAAAGGAGAACCAGCCCCAAACCCTTC	GAAGGGUUUGGGGCUGGUUCUCCUUUGGCA	0
NM_002649.3:1494-1523	NM_002649.3	NM_002649.3.fasta	1494	1523	+	30	GCCAAAGGAGAACCAGCCCCAAACCCTTCA	UGAAGGGUUUGGGGCUGGUUCUCCUUUGGC	0
NM_002649.3:1495-1524	NM_002649.3	NM_002649.3.fasta	1495	1524	+	30	CCAAAGGAGAACCAGCCCCAAACCCTTCAC	GUGAAGGGUUUGGGGCUGGUUCUCCUUUGG	0
NM_002649.3:1496-1525	NM_002649.3	NM_002649.3.fasta	1496	1525	+	30	CAAAGGAGAACCAGCCCCAAACCCTTCACA	UGUGAAGGGUUUGGGGCUGGUUCUCCUUUG	0
NM_002649.3:1497-1526	NM_002649.3	NM_002649.3.fasta	1497	1526	+	30	AAAGGAGAACCAGCCCCAAACCCTTCACAG	CUGUGAAGGGUUUGGGGCUGGUUCUCCUUU	0
NM_002649.3:1498-1527	NM_002649.3	NM_002649.3.fasta	1498	1527	+	30	AAGGAGAACCAGCCCCAAACCCTTCACAGA	UCUGUGAAGGGUUUGGGGCUGGUUCUCCUU	0
NM_002649.3:1499-1528	NM_002649.3	NM_002649.3.fasta	1499	1528	+	30	AGGAGAACCAGCCCCAAACCCTTCACAGAG	CUCUGUGAAGGGUUUGGGGCUGGUUCUCCU	0
NM_002649.3:1500-1529	NM_002649.3	NM_002649.3.fasta	1500	1529	+	30	GGAGAACCAGCCCCAAACCCTTCACAGAGG	CCUCUGUGAAGGGUUUGGGGCUGGUUCUCC	0
NM_002649.3:1501-1530	NM_002649.3	NM_002649.3.fasta	1501	1530	+	30	GAGAACCAGCCCCAAACCCTTCACAGAGGA	UCCUCUGUGAAGGGUUUGGGGCUGGUUCUC	0
NM_002649.3:1502-1531	NM_002649.3	NM_002649.3.fasta	1502	1531	+	30	AGAACCAGCCCCAAACCCTTCACAGAGGAG	CUCCUCUGUGAAGGGUUUGGGGCUGGUUCU	0
NM_002649.3:1503-1532	NM_002649.3	NM_002649.3.fasta	1503	1532	+	30	GAACCAGCCCCAAACCCTTCACAGAGGAGG	CCUCCUCUGUGAAGGGUUUGGGGCUGGUUC	0
NM_002649.3:1504-1533	NM_002649.3	NM_002649.3.fasta	1504	1533	+	30	AACCAGCCCCAAACCCTTCACAGAGGAGGT	ACCUCCUCUGUGAAGGGUUUGGGGCUGGUU	0
NM_002649.3:1505-1534	NM_002649.3	NM_002649.3.fasta	1505	1534	+	30	ACCAGCCCCAAACCCTTCACAGAGGAGGTG	CACCUCCUCUGUGAAGGGUUUGGGGCUGGU	0
NM_002649.3:1506-1535	NM_002649.3	NM_002649.3.fasta	1506	1535	+	30	CCAGCCCCAAACCCTTCACAGAGGAGGTGC	GCACCUCCUCUGUGAAGGGUUUGGGGCUGG	0
NM_002649.3:1507-1536	NM_002649.3	NM_002649.3.fasta	1507	1536	+	30	CAGCCCCAAACCCTTCACAGAGGAGGTGCT	AGCACCUCCUCUGUGAAGGGUUUGGGGCUG	0
NM_002649.3:1508-1537	NM_002649.3	NM_002649.3.fasta	1508	1537	+	30	AGCCCCAAACCCTTCACAGAGGAGGTGCTG	CAGCACCUCCUCUGUGAAGGGUUUGGGGCU	0
NM_002649.3:1509-1538	NM_002649.3	NM_002649.3.fasta	1509	1538	+	30	GCCCCAAACCCTTCACAGAGGAGGTGCTGT	ACAGCACCUCCUCUGUGAAGGGUUUGGGGC	0
NM_002649.3:1510-1539	NM_002649.3	NM_002649.3.fasta	1510	1539	+	30	CCCCAAACCCTTCACAGAGGAGGTGCTGTG	CACAGCACCUCCUCUGUGAAGGGUUUGGGG	0
NM_002649.3:1511-1540	NM_002649.3	NM_002649.3.fasta	1511	1540	+	30	CCCAAACCCTTCACAGAGGAGGTGCTGTGG	CCACAGCACCUCCUCUGUGAAGGGUUUGGG	0
NM_002649.3:1512-1541	NM_002649.3	NM_002649.3.fasta	1512	1541	+	30	CCAAACCCTTCACAGAGGAGGTGCTGTGGA	UCCACAGCACCUCCUCUGUGAAGGGUUUGG	0
NM_002649.3:1513-1542	NM_002649.3	NM_002649.3.fasta	1513	1542	+	30	CAAACCCTTCACAGAGGAGGTGCTGTGGAA	UUCCACAGCACCUCCUCUGUGAAGGGUUUG	0
NM_002649.3:1514-1543	NM_002649.3	NM_002649.3.fasta	1514	1543	+	30	AAACCCTTCACAGAGGAGGTGCTGTGGAAT	AUUCCACAGCACCUCCUCUGUGAAGGGUUU	0
NM_002649.3:1515-1544	NM_002649.3	NM_002649.3.fasta	1515	1544	+	30	AACCCTTCACAGAGGAGGTGCTGTGGAATG	CAUUCCACAGCACCUCCUCUGUGAAGGGUU	0
NM_002649.3:1516-1545	NM_002649.3	NM_002649.3.fasta	1516	1545	+	30	ACCCTTCACAGAGGAGGTGCTGTGGAATGT	ACAUUCCACAGCACCUCCUCUGUGAAGGGU	0
NM_002649.3:1517-1546	NM_002649.3	NM_002649.3.fasta	1517	1546	+	30	CCCTTCACAGAGGAGGTGCTGTGGAATGTG	CACAUUCCACAGCACCUCCUCUGUGAAGGG	0
NM_002649.3:1518-1547	NM_002649.3	NM_002649.3.fasta	1518	1547	+	30	CCTTCACAGAGGAGGTGCTGTGGAATGTGT	ACACAUUCCACAGCACCUCCUCUGUGAAGG	0
NM_002649.3:1519-1548	NM_002649.3	NM_002649.3.fasta	1519	1548	+	30	CTTCACAGAGGAGGTGCTGTGGAATGTGTG	CACACAUUCCACAGCACCUCCUCUGUGAAG	0
NM_002649.3:1520-1549	NM_002649.3	NM_002649.3.fasta	1520	1549	+	30	TTCACAGAGGAGGTGCTGTGGAATGTGTGG	CCACACAUUCCACAGCACCUCCUCUGUGAA	0
NM_002649.3:1521-1550	NM_002649.3	NM_002649.3.fasta	1521	1550	+	30	TCACAGAGGAGGTGCTGTGGAATGTGTGGC	GCCACACAUUCCACAGCACCUCCUCUGUGA	0
NM_002649.3:1522-1551	NM_002649.3	NM_002649.3.fasta	1522	1551	+	30	CACAGAGGAGGTGCTGTGGAATGTGTGGCT	AGCCACACAUUCCACAGCACCUCCUCUGUG	0
NM_002649.3:1523-1552	NM_002649.3	NM_002649.3.fasta	1523	1552	+	30	ACAGAGGAGGTGCTGTGGAATGTGTGGCTT	AAGCCACACAUUCCACAGCACCUCCUCUGU	0
NM_002649.3:1524-1553	NM_002649.3	NM_002649.3.fasta	1524	1553	+	30	CAGAGGAGGTGCTGTGGAATGTGTGGCTTG	CAAGCCACACAUUCCACAGCACCUCCUCUG	0
NM_002649.3:1525-1554	NM_002649.3	NM_002649.3.fasta	1525	1554	+	30	AGAGGAGGTGCTGTGGAATGTGTGGCTTGA	UCAAGCCACACAUUCCACAGCACCUCCUCU	0
NM_002649.3:1526-1555	NM_002649.3	NM_002649.3.fasta	1526	1555	+	30	GAGGAGGTGCTGTGGAATGTGTGGCTTGAG	CUCAAGCCACACAUUCCACAGCACCUCCUC	0
NM_002649.3:1527-1556	NM_002649.3	NM_002649.3.fasta	1527	1556	+	30	AGGAGGTGCTGTGGAATGTGTGGCTTGAGT	ACUCAAGCCACACAUUCCACAGCACCUCCU	0
NM_002649.3:1528-1557	NM_002649.3	NM_002649.3.fasta	1528	1557	+	30	GGAGGTGCTGTGGAATGTGTGGCTTGAGTT	AACUCAAGCCACACAUUCCACAGCACCUCC	0
NM_002649.3:1529-1558	NM_002649.3	NM_002649.3.fasta	1529	1558	+	30	GAGGTGCTGTGGAATGTGTGGCTTGAGTTC	GAACUCAAGCCACACAUUCCACAGCACCUC	0
NM_002649.3:1530-1559	NM_002649.3	NM_002649.3.fasta	1530	1559	+	30	AGGTGCTGTGGAATGTGTGGCTTGAGTTCA	UGAACUCAAGCCACACAUUCCACAGCACCU	0
NM_002649.3:1531-1560	NM_002649.3	NM_002649.3.fasta	1531	1560	+	30	GGTGCTGTGGAATGTGTGGCTTGAGTTCAG	CUGAACUCAAGCCACACAUUCCACAGCACC	0
NM_002649.3:1532-1561	NM_002649.3	NM_002649.3.fasta	1532	1561	+	30	GTGCTGTGGAATGTGTGGCTTGAGTTCAGT	ACUGAACUCAAGCCACACAUUCCACAGCAC	0
NM_002649.3:1533-1562	NM_002649.3	NM_002649.3.fasta	1533	1562	+	30	TGCTGTGGAATGTGTGGCTTGAGTTCAGTA	UACUGAACUCAAGCCACACAUUCCACAGCA	0
NM_002649.3:1534-1563	NM_002649.3	NM_002649.3.fasta	1534	1563	+	30	GCTGTGGAATGTGTGGCTTGAGTTCAGTAT	AUACUGAACUCAAGCCACACAUUCCACAGC	0
NM_002649.3:1535-1564	NM_002649.3	NM_002649.3.fasta	1535	1564	+	30	CTGTGGAATGTGTGGCTTGAGTTCAGTATC	GAUACUGAACUCAAGCCACACAUUCCACAG	0
NM_002649.3:1536-1565	NM_002649.3	NM_002649.3.fasta	1536	1565	+	30	TGTGGAATGTGTGGCTTGAGTTCAGTATCA	UGAUACUGAACUCAAGCCACACAUUCCACA	0
NM_002649.3:1537-1566	NM_002649.3	NM_002649.3.fasta	1537	1566	+	30	GTGGAATGTGTGGCTTGAGTTCAGTATCAA	UUGAUACUGAACUCAAGCCACACAUUCCAC	0
NM_002649.3:1538-1567	NM_002649.3	NM_002649.3.fasta	1538	1567	+	30	TGGAATGTGTGGCTTGAGTTCAGTATCAAA	UUUGAUACUGAACUCAAGCCACACAUUCCA	0
NM_002649.3:1539-1568	NM_002649.3	NM_002649.3.fasta	1539	1568	+	30	GGAATGTGTGGCTTGAGTTCAGTATCAAAA	UUUUGAUACUGAACUCAAGCCACACAUUCC	0
NM_002649.3:1540-1569	NM_002649.3	NM_002649.3.fasta	1540	1569	+	30	GAATGTGTGGCTTGAGTTCAGTATCAAAAT	AUUUUGAUACUGAACUCAAGCCACACAUUC	0
NM_002649.3:1541-1570	NM_002649.3	NM_002649.3.fasta	1541	1570	+	30	AATGTGTGGCTTGAGTTCAGTATCAAAATC	GAUUUUGAUACUGAACUCAAGCCACACAUU	0
NM_002649.3:1542-1571	NM_002649.3	NM_002649.3.fasta	1542	1571	+	30	ATGTGTGGCTTGAGTTCAGTATCAAAATCA	UGAUUUUGAUACUGAACUCAAGCCACACAU	0
NM_002649.3:1543-1572	NM_002649.3	NM_002649.3.fasta	1543	1572	+	30	TGTGTGGCTTGAGTTCAGTATCAAAATCAA	UUGAUUUUGAUACUGAACUCAAGCCACACA	0
NM_002649.3:1544-1573	NM_002649.3	NM_002649.3.fasta	1544	1573	+	30	GTGTGGCTTGAGTTCAGTATCAAAATCAAA	UUUGAUUUUGAUACUGAACUCAAGCCACAC	0
NM_002649.3:1545-1574	NM_002649.3	NM_002649.3.fasta	1545	1574	+	30	TGTGGCTTGAGTTCAGTATCAAAATCAAAG	CUUUGAUUUUGAUACUGAACUCAAGCCACA	0
NM_002649.3:1546-1575	NM_002649.3	NM_002649.3.fasta	1546	1575	+	30	GTGGCTTGAGTTCAGTATCAAAATCAAAGA	UCUUUGAUUUUGAUACUGAACUCAAGCCAC	0
NM_002649.3:1547-1576	NM_002649.3	NM_002649.3.fasta	1547	1576	+	30	TGGCTTGAGTTCAGTATCAAAATCAAAGAC	GUCUUUGAUUUUGAUACUGAACUCAAGCCA	0
NM_002649.3:1548-1577	NM_002649.3	NM_002649.3.fasta	1548	1577	+	30	GGCTTGAGTTCAGTATCAAAATCAAAGACT	AGUCUUUGAUUUUGAUACUGAACUCAAGCC	0
NM_002649.3:1549-1578	NM_002649.3	NM_002649.3.fasta	1549	1578	+	30	GCTTGAGTTCAGTATCAAAATCAAAGACTT	AAGUCUUUGAUUUUGAUACUGAACUCAAGC	0
NM_002649.3:1550-1579	NM_002649.3	NM_002649.3.fasta	1550	1579	+	30	CTTGAGTTCAGTATCAAAATCAAAGACTTG	CAAGUCUUUGAUUUUGAUACUGAACUCAAG	0
NM_002649.3:1551-1580	NM_002649.3	NM_002649.3.fasta	1551	1580	+	30	TTGAGTTCAGTATCAAAATCAAAGACTTGC	GCAAGUCUUUGAUUUUGAUACUGAACUCAA	0
NM_002649.3:1552-1581	NM_002649.3	NM_002649.3.fasta	1552	1581	+	30	TGAGTTCAGTATCAAAATCAAAGACTTGCC	GGCAAGUCUUUGAUUUUGAUACUGAACUCA	0
NM_002649.3:1553-1582	NM_002649.3	NM_002649.3.fasta	1553	1582	+	30	GAGTTCAGTATCAAAATCAAAGACTTGCCC	GGGCAAGUCUUUGAUUUUGAUACUGAACUC	0
NM_002649.3:1554-1583	NM_002649.3	NM_002649.3.fasta	1554	1583	+	30	AGTTCAGTATCAAAATCAAAGACTTGCCCA	UGGGCAAGUCUUUGAUUUUGAUACUGAACU	0
NM_002649.3:1555-1584	NM_002649.3	NM_002649.3.fasta	1555	1584	+	30	GTTCAGTATCAAAATCAAAGACTTGCCCAA	UUGGGCAAGUCUUUGAUUUUGAUACUGAAC	0
NM_002649.3:1556-1585	NM_002649.3	NM_002649.3.fasta	1556	1585	+	30	TTCAGTATCAAAATCAAAGACTTGCCCAAA	UUUGGGCAAGUCUUUGAUUUUGAUACUGAA	0
NM_002649.3:1557-1586	NM_002649.3	NM_002649.3.fasta	1557	1586	+	30	TCAGTATCAAAATCAAAGACTTGCCCAAAG	CUUUGGGCAAGUCUUUGAUUUUGAUACUGA	0
NM_002649.3:1558-1587	NM_002649.3	NM_002649.3.fasta	1558	1587	+	30	CAGTATCAAAATCAAAGACTTGCCCAAAGG	CCUUUGGGCAAGUCUUUGAUUUUGAUACUG	0
NM_002649.3:1559-1588	NM_002649.3	NM_002649.3.fasta	1559	1588	+	30	AGTATCAAAATCAAAGACTTGCCCAAAGGG	CCCUUUGGGCAAGUCUUUGAUUUUGAUACU	0
NM_002649.3:1560-1589	NM_002649.3	NM_002649.3.fasta	1560	1589	+	30	GTATCAAAATCAAAGACTTGCCCAAAGGGG	CCCCUUUGGGCAAGUCUUUGAUUUUGAUAC	0
NM_002649.3:1561-1590	NM_002649.3	NM_002649.3.fasta	1561	1590	+	30	TATCAAAATCAAAGACTTGCCCAAAGGGGC	GCCCCUUUGGGCAAGUCUUUGAUUUUGAUA	0
NM_002649.3:1562-1591	NM_002649.3	NM_002649.3.fasta	1562	1591	+	30	ATCAAAATCAAAGACTTGCCCAAAGGGGCT	AGCCCCUUUGGGCAAGUCUUUGAUUUUGAU	0
NM_002649.3:1563-1592	NM_002649.3	NM_002649.3.fasta	1563	1592	+	30	TCAAAATCAAAGACTTGCCCAAAGGGGCTC	GAGCCCCUUUGGGCAAGUCUUUGAUUUUGA	0
NM_002649.3:1564-1593	NM_002649.3	NM_002649.3.fasta	1564	1593	+	30	CAAAATCAAAGACTTGCCCAAAGGGGCTCT	AGAGCCCCUUUGGGCAAGUCUUUGAUUUUG	0
NM_002649.3:1565-1594	NM_002649.3	NM_002649.3.fasta	1565	1594	+	30	AAAATCAAAGACTTGCCCAAAGGGGCTCTA	UAGAGCCCCUUUGGGCAAGUCUUUGAUUUU	0
NM_002649.3:1566-1595	NM_002649.3	NM_002649.3.fasta	1566	1595	+	30	AAATCAAAGACTTGCCCAAAGGGGCTCTAC	GUAGAGCCCCUUUGGGCAAGUCUUUGAUUU	0
NM_002649.3:1567-1596	NM_002649.3	NM_002649.3.fasta	1567	1596	+	30	AATCAAAGACTTGCCCAAAGGGGCTCTACT	AGUAGAGCCCCUUUGGGCAAGUCUUUGAUU	0
NM_002649.3:1568-1597	NM_002649.3	NM_002649.3.fasta	1568	1597	+	30	ATCAAAGACTTGCCCAAAGGGGCTCTACTG	CAGUAGAGCCCCUUUGGGCAAGUCUUUGAU	0
NM_002649.3:1569-1598	NM_002649.3	NM_002649.3.fasta	1569	1598	+	30	TCAAAGACTTGCCCAAAGGGGCTCTACTGA	UCAGUAGAGCCCCUUUGGGCAAGUCUUUGA	0
NM_002649.3:1570-1599	NM_002649.3	NM_002649.3.fasta	1570	1599	+	30	CAAAGACTTGCCCAAAGGGGCTCTACTGAA	UUCAGUAGAGCCCCUUUGGGCAAGUCUUUG	0
NM_002649.3:1571-1600	NM_002649.3	NM_002649.3.fasta	1571	1600	+	30	AAAGACTTGCCCAAAGGGGCTCTACTGAAC	GUUCAGUAGAGCCCCUUUGGGCAAGUCUUU	0
NM_002649.3:1572-1601	NM_002649.3	NM_002649.3.fasta	1572	1601	+	30	AAGACTTGCCCAAAGGGGCTCTACTGAACC	GGUUCAGUAGAGCCCCUUUGGGCAAGUCUU	0
NM_002649.3:1573-1602	NM_002649.3	NM_002649.3.fasta	1573	1602	+	30	AGACTTGCCCAAAGGGGCTCTACTGAACCT	AGGUUCAGUAGAGCCCCUUUGGGCAAGUCU	0
NM_002649.3:1574-1603	NM_002649.3	NM_002649.3.fasta	1574	1603	+	30	GACTTGCCCAAAGGGGCTCTACTGAACCTC	GAGGUUCAGUAGAGCCCCUUUGGGCAAGUC	0
NM_002649.3:1575-1604	NM_002649.3	NM_002649.3.fasta	1575	1604	+	30	ACTTGCCCAAAGGGGCTCTACTGAACCTCC	GGAGGUUCAGUAGAGCCCCUUUGGGCAAGU	0
NM_002649.3:1576-1605	NM_002649.3	NM_002649.3.fasta	1576	1605	+	30	CTTGCCCAAAGGGGCTCTACTGAACCTCCA	UGGAGGUUCAGUAGAGCCCCUUUGGGCAAG	0
NM_002649.3:1577-1606	NM_002649.3	NM_002649.3.fasta	1577	1606	+	30	TTGCCCAAAGGGGCTCTACTGAACCTCCAG	CUGGAGGUUCAGUAGAGCCCCUUUGGGCAA	0
NM_002649.3:1578-1607	NM_002649.3	NM_002649.3.fasta	1578	1607	+	30	TGCCCAAAGGGGCTCTACTGAACCTCCAGA	UCUGGAGGUUCAGUAGAGCCCCUUUGGGCA	0
NM_002649.3:1579-1608	NM_002649.3	NM_002649.3.fasta	1579	1608	+	30	GCCCAAAGGGGCTCTACTGAACCTCCAGAT	AUCUGGAGGUUCAGUAGAGCCCCUUUGGGC	0
NM_002649.3:1580-1609	NM_002649.3	NM_002649.3.fasta	1580	1609	+	30	CCCAAAGGGGCTCTACTGAACCTCCAGATC	GAUCUGGAGGUUCAGUAGAGCCCCUUUGGG	0
NM_002649.3:1581-1610	NM_002649.3	NM_002649.3.fasta	1581	1610	+	30	CCAAAGGGGCTCTACTGAACCTCCAGATCT	AGAUCUGGAGGUUCAGUAGAGCCCCUUUGG	0
NM_002649.3:1582-1611	NM_002649.3	NM_002649.3.fasta	1582	1611	+	30	CAAAGGGGCTCTACTGAACCTCCAGATCTA	UAGAUCUGGAGGUUCAGUAGAGCCCCUUUG	0
NM_002649.3:1583-1612	NM_002649.3	NM_002649.3.fasta	1583	1612	+	30	AAAGGGGCTCTACTGAACCTCCAGATCTAC	GUAGAUCUGGAGGUUCAGUAGAGCCCCUUU	0
NM_002649.3:1584-1613	NM_002649.3	NM_002649.3.fasta	1584	1613	+	30	AAGGGGCTCTACTGAACCTCCAGATCTACT	AGUAGAUCUGGAGGUUCAGUAGAGCCCCUU	0
NM_002649.3:1585-1614	NM_002649.3	NM_002649.3.fasta	1585	1614	+	30	AGGGGCTCTACTGAACCTCCAGATCTACTG	CAGUAGAUCUGGAGGUUCAGUAGAGCCCCU	0
NM_002649.3:1586-1615	NM_002649.3	NM_002649.3.fasta	1586	1615	+	30	GGGGCTCTACTGAACCTCCAGATCTACTGC	GCAGUAGAUCUGGAGGUUCAGUAGAGCCCC	0
NM_002649.3:1587-1616	NM_002649.3	NM_002649.3.fasta	1587	1616	+	30	GGGCTCTACTGAACCTCCAGATCTACTGCG	CGCAGUAGAUCUGGAGGUUCAGUAGAGCCC	0
NM_002649.3:1588-1617	NM_002649.3	NM_002649.3.fasta	1588	1617	+	30	GGCTCTACTGAACCTCCAGATCTACTGCGG	CCGCAGUAGAUCUGGAGGUUCAGUAGAGCC	0
NM_002649.3:1589-1618	NM_002649.3	NM_002649.3.fasta	1589	1618	+	30	GCTCTACTGAACCTCCAGATCTACTGCGGT	ACCGCAGUAGAUCUGGAGGUUCAGUAGAGC	0
NM_002649.3:1590-1619	NM_002649.3	NM_002649.3.fasta	1590	1619	+	30	CTCTACTGAACCTCCAGATCTACTGCGGTA	UACCGCAGUAGAUCUGGAGGUUCAGUAGAG	0
NM_002649.3:1591-1620	NM_002649.3	NM_002649.3.fasta	1591	1620	+	30	TCTACTGAACCTCCAGATCTACTGCGGTAA	UUACCGCAGUAGAUCUGGAGGUUCAGUAGA	0
NM_002649.3:1592-1621	NM_002649.3	NM_002649.3.fasta	1592	1621	+	30	CTACTGAACCTCCAGATCTACTGCGGTAAA	UUUACCGCAGUAGAUCUGGAGGUUCAGUAG	0
NM_002649.3:1593-1622	NM_002649.3	NM_002649.3.fasta	1593	1622	+	30	TACTGAACCTCCAGATCTACTGCGGTAAAG	CUUUACCGCAGUAGAUCUGGAGGUUCAGUA	0
NM_002649.3:1594-1623	NM_002649.3	NM_002649.3.fasta	1594	1623	+	30	ACTGAACCTCCAGATCTACTGCGGTAAAGC	GCUUUACCGCAGUAGAUCUGGAGGUUCAGU	0
NM_002649.3:1595-1624	NM_002649.3	NM_002649.3.fasta	1595	1624	+	30	CTGAACCTCCAGATCTACTGCGGTAAAGCT	AGCUUUACCGCAGUAGAUCUGGAGGUUCAG	0
NM_002649.3:1596-1625	NM_002649.3	NM_002649.3.fasta	1596	1625	+	30	TGAACCTCCAGATCTACTGCGGTAAAGCTC	GAGCUUUACCGCAGUAGAUCUGGAGGUUCA	0
NM_002649.3:1597-1626	NM_002649.3	NM_002649.3.fasta	1597	1626	+	30	GAACCTCCAGATCTACTGCGGTAAAGCTCC	GGAGCUUUACCGCAGUAGAUCUGGAGGUUC	0
NM_002649.3:1598-1627	NM_002649.3	NM_002649.3.fasta	1598	1627	+	30	AACCTCCAGATCTACTGCGGTAAAGCTCCA	UGGAGCUUUACCGCAGUAGAUCUGGAGGUU	0
NM_002649.3:1599-1628	NM_002649.3	NM_002649.3.fasta	1599	1628	+	30	ACCTCCAGATCTACTGCGGTAAAGCTCCAG	CUGGAGCUUUACCGCAGUAGAUCUGGAGGU	0
NM_002649.3:1600-1629	NM_002649.3	NM_002649.3.fasta	1600	1629	+	30	CCTCCAGATCTACTGCGGTAAAGCTCCAGC	GCUGGAGCUUUACCGCAGUAGAUCUGGAGG	0
NM_002649.3:1601-1630	NM_002649.3	NM_002649.3.fasta	1601	1630	+	30	CTCCAGATCTACTGCGGTAAAGCTCCAGCA	UGCUGGAGCUUUACCGCAGUAGAUCUGGAG	0
NM_002649.3:1602-1631	NM_002649.3	NM_002649.3.fasta	1602	1631	+	30	TCCAGATCTACTGCGGTAAAGCTCCAGCAC	GUGCUGGAGCUUUACCGCAGUAGAUCUGGA	0
NM_002649.3:1603-1632	NM_002649.3	NM_002649.3.fasta	1603	1632	+	30	CCAGATCTACTGCGGTAAAGCTCCAGCACT	AGUGCUGGAGCUUUACCGCAGUAGAUCUGG	0
NM_002649.3:1604-1633	NM_002649.3	NM_002649.3.fasta	1604	1633	+	30	CAGATCTACTGCGGTAAAGCTCCAGCACTG	CAGUGCUGGAGCUUUACCGCAGUAGAUCUG	0
NM_002649.3:1605-1634	NM_002649.3	NM_002649.3.fasta	1605	1634	+	30	AGATCTACTGCGGTAAAGCTCCAGCACTGT	ACAGUGCUGGAGCUUUACCGCAGUAGAUCU	0
NM_002649.3:1606-1635	NM_002649.3	NM_002649.3.fasta	1606	1635	+	30	GATCTACTGCGGTAAAGCTCCAGCACTGTC	GACAGUGCUGGAGCUUUACCGCAGUAGAUC	0
NM_002649.3:1607-1636	NM_002649.3	NM_002649.3.fasta	1607	1636	+	30	ATCTACTGCGGTAAAGCTCCAGCACTGTCC	GGACAGUGCUGGAGCUUUACCGCAGUAGAU	0
NM_002649.3:1608-1637	NM_002649.3	NM_002649.3.fasta	1608	1637	+	30	TCTACTGCGGTAAAGCTCCAGCACTGTCCA	UGGACAGUGCUGGAGCUUUACCGCAGUAGA	0
NM_002649.3:1609-1638	NM_002649.3	NM_002649.3.fasta	1609	1638	+	30	CTACTGCGGTAAAGCTCCAGCACTGTCCAG	CUGGACAGUGCUGGAGCUUUACCGCAGUAG	0
NM_002649.3:1610-1639	NM_002649.3	NM_002649.3.fasta	1610	1639	+	30	TACTGCGGTAAAGCTCCAGCACTGTCCAGC	GCUGGACAGUGCUGGAGCUUUACCGCAGUA	0
NM_002649.3:1611-1640	NM_002649.3	NM_002649.3.fasta	1611	1640	+	30	ACTGCGGTAAAGCTCCAGCACTGTCCAGCA	UGCUGGACAGUGCUGGAGCUUUACCGCAGU	0
NM_002649.3:1612-1641	NM_002649.3	NM_002649.3.fasta	1612	1641	+	30	CTGCGGTAAAGCTCCAGCACTGTCCAGCAA	UUGCUGGACAGUGCUGGAGCUUUACCGCAG	0
NM_002649.3:1613-1642	NM_002649.3	NM_002649.3.fasta	1613	1642	+	30	TGCGGTAAAGCTCCAGCACTGTCCAGCAAG	CUUGCUGGACAGUGCUGGAGCUUUACCGCA	0
NM_002649.3:1614-1643	NM_002649.3	NM_002649.3.fasta	1614	1643	+	30	GCGGTAAAGCTCCAGCACTGTCCAGCAAGG	CCUUGCUGGACAGUGCUGGAGCUUUACCGC	0
NM_002649.3:1615-1644	NM_002649.3	NM_002649.3.fasta	1615	1644	+	30	CGGTAAAGCTCCAGCACTGTCCAGCAAGGC	GCCUUGCUGGACAGUGCUGGAGCUUUACCG	0
NM_002649.3:1616-1645	NM_002649.3	NM_002649.3.fasta	1616	1645	+	30	GGTAAAGCTCCAGCACTGTCCAGCAAGGCC	GGCCUUGCUGGACAGUGCUGGAGCUUUACC	0
NM_002649.3:1617-1646	NM_002649.3	NM_002649.3.fasta	1617	1646	+	30	GTAAAGCTCCAGCACTGTCCAGCAAGGCCT	AGGCCUUGCUGGACAGUGCUGGAGCUUUAC	0
NM_002649.3:1618-1647	NM_002649.3	NM_002649.3.fasta	1618	1647	+	30	TAAAGCTCCAGCACTGTCCAGCAAGGCCTC	GAGGCCUUGCUGGACAGUGCUGGAGCUUUA	0
NM_002649.3:1619-1648	NM_002649.3	NM_002649.3.fasta	1619	1648	+	30	AAAGCTCCAGCACTGTCCAGCAAGGCCTCT	AGAGGCCUUGCUGGACAGUGCUGGAGCUUU	0
NM_002649.3:1620-1649	NM_002649.3	NM_002649.3.fasta	1620	1649	+	30	AAGCTCCAGCACTGTCCAGCAAGGCCTCTG	CAGAGGCCUUGCUGGACAGUGCUGGAGCUU	0
NM_002649.3:1621-1650	NM_002649.3	NM_002649.3.fasta	1621	1650	+	30	AGCTCCAGCACTGTCCAGCAAGGCCTCTGC	GCAGAGGCCUUGCUGGACAGUGCUGGAGCU	0
NM_002649.3:1622-1651	NM_002649.3	NM_002649.3.fasta	1622	1651	+	30	GCTCCAGCACTGTCCAGCAAGGCCTCTGCA	UGCAGAGGCCUUGCUGGACAGUGCUGGAGC	0
NM_002649.3:1623-1652	NM_002649.3	NM_002649.3.fasta	1623	1652	+	30	CTCCAGCACTGTCCAGCAAGGCCTCTGCAG	CUGCAGAGGCCUUGCUGGACAGUGCUGGAG	0
NM_002649.3:1624-1653	NM_002649.3	NM_002649.3.fasta	1624	1653	+	30	TCCAGCACTGTCCAGCAAGGCCTCTGCAGA	UCUGCAGAGGCCUUGCUGGACAGUGCUGGA	0
NM_002649.3:1625-1654	NM_002649.3	NM_002649.3.fasta	1625	1654	+	30	CCAGCACTGTCCAGCAAGGCCTCTGCAGAG	CUCUGCAGAGGCCUUGCUGGACAGUGCUGG	0
NM_002649.3:1626-1655	NM_002649.3	NM_002649.3.fasta	1626	1655	+	30	CAGCACTGTCCAGCAAGGCCTCTGCAGAGT	ACUCUGCAGAGGCCUUGCUGGACAGUGCUG	0
NM_002649.3:1627-1656	NM_002649.3	NM_002649.3.fasta	1627	1656	+	30	AGCACTGTCCAGCAAGGCCTCTGCAGAGTC	GACUCUGCAGAGGCCUUGCUGGACAGUGCU	0
NM_002649.3:1628-1657	NM_002649.3	NM_002649.3.fasta	1628	1657	+	30	GCACTGTCCAGCAAGGCCTCTGCAGAGTCC	GGACUCUGCAGAGGCCUUGCUGGACAGUGC	0
NM_002649.3:1629-1658	NM_002649.3	NM_002649.3.fasta	1629	1658	+	30	CACTGTCCAGCAAGGCCTCTGCAGAGTCCC	GGGACUCUGCAGAGGCCUUGCUGGACAGUG	0
NM_002649.3:1630-1659	NM_002649.3	NM_002649.3.fasta	1630	1659	+	30	ACTGTCCAGCAAGGCCTCTGCAGAGTCCCC	GGGGACUCUGCAGAGGCCUUGCUGGACAGU	0
NM_002649.3:1631-1660	NM_002649.3	NM_002649.3.fasta	1631	1660	+	30	CTGTCCAGCAAGGCCTCTGCAGAGTCCCCC	GGGGGACUCUGCAGAGGCCUUGCUGGACAG	0
NM_002649.3:1632-1661	NM_002649.3	NM_002649.3.fasta	1632	1661	+	30	TGTCCAGCAAGGCCTCTGCAGAGTCCCCCA	UGGGGGACUCUGCAGAGGCCUUGCUGGACA	0
NM_002649.3:1633-1662	NM_002649.3	NM_002649.3.fasta	1633	1662	+	30	GTCCAGCAAGGCCTCTGCAGAGTCCCCCAG	CUGGGGGACUCUGCAGAGGCCUUGCUGGAC	0
NM_002649.3:1634-1663	NM_002649.3	NM_002649.3.fasta	1634	1663	+	30	TCCAGCAAGGCCTCTGCAGAGTCCCCCAGT	ACUGGGGGACUCUGCAGAGGCCUUGCUGGA	0
NM_002649.3:1635-1664	NM_002649.3	NM_002649.3.fasta	1635	1664	+	30	CCAGCAAGGCCTCTGCAGAGTCCCCCAGTT	AACUGGGGGACUCUGCAGAGGCCUUGCUGG	0
NM_002649.3:1636-1665	NM_002649.3	NM_002649.3.fasta	1636	1665	+	30	CAGCAAGGCCTCTGCAGAGTCCCCCAGTTC	GAACUGGGGGACUCUGCAGAGGCCUUGCUG	0
NM_002649.3:1637-1666	NM_002649.3	NM_002649.3.fasta	1637	1666	+	30	AGCAAGGCCTCTGCAGAGTCCCCCAGTTCT	AGAACUGGGGGACUCUGCAGAGGCCUUGCU	0
NM_002649.3:1638-1667	NM_002649.3	NM_002649.3.fasta	1638	1667	+	30	GCAAGGCCTCTGCAGAGTCCCCCAGTTCTG	CAGAACUGGGGGACUCUGCAGAGGCCUUGC	0
NM_002649.3:1639-1668	NM_002649.3	NM_002649.3.fasta	1639	1668	+	30	CAAGGCCTCTGCAGAGTCCCCCAGTTCTGA	UCAGAACUGGGGGACUCUGCAGAGGCCUUG	0
NM_002649.3:1640-1669	NM_002649.3	NM_002649.3.fasta	1640	1669	+	30	AAGGCCTCTGCAGAGTCCCCCAGTTCTGAG	CUCAGAACUGGGGGACUCUGCAGAGGCCUU	0
NM_002649.3:1641-1670	NM_002649.3	NM_002649.3.fasta	1641	1670	+	30	AGGCCTCTGCAGAGTCCCCCAGTTCTGAGT	ACUCAGAACUGGGGGACUCUGCAGAGGCCU	0
NM_002649.3:1642-1671	NM_002649.3	NM_002649.3.fasta	1642	1671	+	30	GGCCTCTGCAGAGTCCCCCAGTTCTGAGTC	GACUCAGAACUGGGGGACUCUGCAGAGGCC	0
NM_002649.3:1643-1672	NM_002649.3	NM_002649.3.fasta	1643	1672	+	30	GCCTCTGCAGAGTCCCCCAGTTCTGAGTCC	GGACUCAGAACUGGGGGACUCUGCAGAGGC	0
NM_002649.3:1644-1673	NM_002649.3	NM_002649.3.fasta	1644	1673	+	30	CCTCTGCAGAGTCCCCCAGTTCTGAGTCCA	UGGACUCAGAACUGGGGGACUCUGCAGAGG	0
NM_002649.3:1645-1674	NM_002649.3	NM_002649.3.fasta	1645	1674	+	30	CTCTGCAGAGTCCCCCAGTTCTGAGTCCAA	UUGGACUCAGAACUGGGGGACUCUGCAGAG	0
NM_002649.3:1646-1675	NM_002649.3	NM_002649.3.fasta	1646	1675	+	30	TCTGCAGAGTCCCCCAGTTCTGAGTCCAAG	CUUGGACUCAGAACUGGGGGACUCUGCAGA	0
NM_002649.3:1647-1676	NM_002649.3	NM_002649.3.fasta	1647	1676	+	30	CTGCAGAGTCCCCCAGTTCTGAGTCCAAGG	CCUUGGACUCAGAACUGGGGGACUCUGCAG	0
NM_002649.3:1648-1677	NM_002649.3	NM_002649.3.fasta	1648	1677	+	30	TGCAGAGTCCCCCAGTTCTGAGTCCAAGGG	CCCUUGGACUCAGAACUGGGGGACUCUGCA	0
NM_002649.3:1649-1678	NM_002649.3	NM_002649.3.fasta	1649	1678	+	30	GCAGAGTCCCCCAGTTCTGAGTCCAAGGGC	GCCCUUGGACUCAGAACUGGGGGACUCUGC	0
NM_002649.3:1650-1679	NM_002649.3	NM_002649.3.fasta	1650	1679	+	30	CAGAGTCCCCCAGTTCTGAGTCCAAGGGCA	UGCCCUUGGACUCAGAACUGGGGGACUCUG	0
NM_002649.3:1651-1680	NM_002649.3	NM_002649.3.fasta	1651	1680	+	30	AGAGTCCCCCAGTTCTGAGTCCAAGGGCAA	UUGCCCUUGGACUCAGAACUGGGGGACUCU	0
NM_002649.3:1652-1681	NM_002649.3	NM_002649.3.fasta	1652	1681	+	30	GAGTCCCCCAGTTCTGAGTCCAAGGGCAAA	UUUGCCCUUGGACUCAGAACUGGGGGACUC	0
NM_002649.3:1653-1682	NM_002649.3	NM_002649.3.fasta	1653	1682	+	30	AGTCCCCCAGTTCTGAGTCCAAGGGCAAAG	CUUUGCCCUUGGACUCAGAACUGGGGGACU	0
NM_002649.3:1654-1683	NM_002649.3	NM_002649.3.fasta	1654	1683	+	30	GTCCCCCAGTTCTGAGTCCAAGGGCAAAGT	ACUUUGCCCUUGGACUCAGAACUGGGGGAC	0
NM_002649.3:1655-1684	NM_002649.3	NM_002649.3.fasta	1655	1684	+	30	TCCCCCAGTTCTGAGTCCAAGGGCAAAGTT	AACUUUGCCCUUGGACUCAGAACUGGGGGA	0
NM_002649.3:1656-1685	NM_002649.3	NM_002649.3.fasta	1656	1685	+	30	CCCCCAGTTCTGAGTCCAAGGGCAAAGTTC	GAACUUUGCCCUUGGACUCAGAACUGGGGG	0
NM_002649.3:1657-1686	NM_002649.3	NM_002649.3.fasta	1657	1686	+	30	CCCCAGTTCTGAGTCCAAGGGCAAAGTTCA	UGAACUUUGCCCUUGGACUCAGAACUGGGG	0
NM_002649.3:1658-1687	NM_002649.3	NM_002649.3.fasta	1658	1687	+	30	CCCAGTTCTGAGTCCAAGGGCAAAGTTCAG	CUGAACUUUGCCCUUGGACUCAGAACUGGG	0
NM_002649.3:1659-1688	NM_002649.3	NM_002649.3.fasta	1659	1688	+	30	CCAGTTCTGAGTCCAAGGGCAAAGTTCAGC	GCUGAACUUUGCCCUUGGACUCAGAACUGG	0
NM_002649.3:1660-1689	NM_002649.3	NM_002649.3.fasta	1660	1689	+	30	CAGTTCTGAGTCCAAGGGCAAAGTTCAGCT	AGCUGAACUUUGCCCUUGGACUCAGAACUG	0
NM_002649.3:1661-1690	NM_002649.3	NM_002649.3.fasta	1661	1690	+	30	AGTTCTGAGTCCAAGGGCAAAGTTCAGCTT	AAGCUGAACUUUGCCCUUGGACUCAGAACU	0
NM_002649.3:1662-1691	NM_002649.3	NM_002649.3.fasta	1662	1691	+	30	GTTCTGAGTCCAAGGGCAAAGTTCAGCTTC	GAAGCUGAACUUUGCCCUUGGACUCAGAAC	0
NM_002649.3:1663-1692	NM_002649.3	NM_002649.3.fasta	1663	1692	+	30	TTCTGAGTCCAAGGGCAAAGTTCAGCTTCT	AGAAGCUGAACUUUGCCCUUGGACUCAGAA	0
NM_002649.3:1664-1693	NM_002649.3	NM_002649.3.fasta	1664	1693	+	30	TCTGAGTCCAAGGGCAAAGTTCAGCTTCTC	GAGAAGCUGAACUUUGCCCUUGGACUCAGA	0
NM_002649.3:1665-1694	NM_002649.3	NM_002649.3.fasta	1665	1694	+	30	CTGAGTCCAAGGGCAAAGTTCAGCTTCTCT	AGAGAAGCUGAACUUUGCCCUUGGACUCAG	0
NM_002649.3:1666-1695	NM_002649.3	NM_002649.3.fasta	1666	1695	+	30	TGAGTCCAAGGGCAAAGTTCAGCTTCTCTA	UAGAGAAGCUGAACUUUGCCCUUGGACUCA	0
NM_002649.3:1667-1696	NM_002649.3	NM_002649.3.fasta	1667	1696	+	30	GAGTCCAAGGGCAAAGTTCAGCTTCTCTAT	AUAGAGAAGCUGAACUUUGCCCUUGGACUC	0
NM_002649.3:1668-1697	NM_002649.3	NM_002649.3.fasta	1668	1697	+	30	AGTCCAAGGGCAAAGTTCAGCTTCTCTATT	AAUAGAGAAGCUGAACUUUGCCCUUGGACU	0
NM_002649.3:1669-1698	NM_002649.3	NM_002649.3.fasta	1669	1698	+	30	GTCCAAGGGCAAAGTTCAGCTTCTCTATTA	UAAUAGAGAAGCUGAACUUUGCCCUUGGAC	0
NM_002649.3:1670-1699	NM_002649.3	NM_002649.3.fasta	1670	1699	+	30	TCCAAGGGCAAAGTTCAGCTTCTCTATTAT	AUAAUAGAGAAGCUGAACUUUGCCCUUGGA	0
NM_002649.3:1671-1700	NM_002649.3	NM_002649.3.fasta	1671	1700	+	30	CCAAGGGCAAAGTTCAGCTTCTCTATTATG	CAUAAUAGAGAAGCUGAACUUUGCCCUUGG	0
NM_002649.3:1672-1701	NM_002649.3	NM_002649.3.fasta	1672	1701	+	30	CAAGGGCAAAGTTCAGCTTCTCTATTATGT	ACAUAAUAGAGAAGCUGAACUUUGCCCUUG	0
NM_002649.3:1673-1702	NM_002649.3	NM_002649.3.fasta	1673	1702	+	30	AAGGGCAAAGTTCAGCTTCTCTATTATGTG	CACAUAAUAGAGAAGCUGAACUUUGCCCUU	0
NM_002649.3:1674-1703	NM_002649.3	NM_002649.3.fasta	1674	1703	+	30	AGGGCAAAGTTCAGCTTCTCTATTATGTGA	UCACAUAAUAGAGAAGCUGAACUUUGCCCU	0
NM_002649.3:1675-1704	NM_002649.3	NM_002649.3.fasta	1675	1704	+	30	GGGCAAAGTTCAGCTTCTCTATTATGTGAA	UUCACAUAAUAGAGAAGCUGAACUUUGCCC	0
NM_002649.3:1676-1705	NM_002649.3	NM_002649.3.fasta	1676	1705	+	30	GGCAAAGTTCAGCTTCTCTATTATGTGAAC	GUUCACAUAAUAGAGAAGCUGAACUUUGCC	0
NM_002649.3:1677-1706	NM_002649.3	NM_002649.3.fasta	1677	1706	+	30	GCAAAGTTCAGCTTCTCTATTATGTGAACC	GGUUCACAUAAUAGAGAAGCUGAACUUUGC	0
NM_002649.3:1678-1707	NM_002649.3	NM_002649.3.fasta	1678	1707	+	30	CAAAGTTCAGCTTCTCTATTATGTGAACCT	AGGUUCACAUAAUAGAGAAGCUGAACUUUG	0
NM_002649.3:1679-1708	NM_002649.3	NM_002649.3.fasta	1679	1708	+	30	AAAGTTCAGCTTCTCTATTATGTGAACCTG	CAGGUUCACAUAAUAGAGAAGCUGAACUUU	0
NM_002649.3:1680-1709	NM_002649.3	NM_002649.3.fasta	1680	1709	+	30	AAGTTCAGCTTCTCTATTATGTGAACCTGC	GCAGGUUCACAUAAUAGAGAAGCUGAACUU	0
NM_002649.3:1681-1710	NM_002649.3	NM_002649.3.fasta	1681	1710	+	30	AGTTCAGCTTCTCTATTATGTGAACCTGCT	AGCAGGUUCACAUAAUAGAGAAGCUGAACU	0
NM_002649.3:1682-1711	NM_002649.3	NM_002649.3.fasta	1682	1711	+	30	GTTCAGCTTCTCTATTATGTGAACCTGCTG	CAGCAGGUUCACAUAAUAGAGAAGCUGAAC	0
NM_002649.3:1683-1712	NM_002649.3	NM_002649.3.fasta	1683	1712	+	30	TTCAGCTTCTCTATTATGTGAACCTGCTGC	GCAGCAGGUUCACAUAAUAGAGAAGCUGAA	0
NM_002649.3:1684-1713	NM_002649.3	NM_002649.3.fasta	1684	1713	+	30	TCAGCTTCTCTATTATGTGAACCTGCTGCT	AGCAGCAGGUUCACAUAAUAGAGAAGCUGA	0
NM_002649.3:1685-1714	NM_002649.3	NM_002649.3.fasta	1685	1714	+	30	CAGCTTCTCTATTATGTGAACCTGCTGCTG	CAGCAGCAGGUUCACAUAAUAGAGAAGCUG	0
NM_002649.3:1686-1715	NM_002649.3	NM_002649.3.fasta	1686	1715	+	30	AGCTTCTCTATTATGTGAACCTGCTGCTGA	UCAGCAGCAGGUUCACAUAAUAGAGAAGCU	0
NM_002649.3:1687-1716	NM_002649.3	NM_002649.3.fasta	1687	1716	+	30	GCTTCTCTATTATGTGAACCTGCTGCTGAT	AUCAGCAGCAGGUUCACAUAAUAGAGAAGC	0
NM_002649.3:1688-1717	NM_002649.3	NM_002649.3.fasta	1688	1717	+	30	CTTCTCTATTATGTGAACCTGCTGCTGATA	UAUCAGCAGCAGGUUCACAUAAUAGAGAAG	0
NM_002649.3:1689-1718	NM_002649.3	NM_002649.3.fasta	1689	1718	+	30	TTCTCTATTATGTGAACCTGCTGCTGATAG	CUAUCAGCAGCAGGUUCACAUAAUAGAGAA	0
NM_002649.3:1690-1719	NM_002649.3	NM_002649.3.fasta	1690	1719	+	30	TCTCTATTATGTGAACCTGCTGCTGATAGA	UCUAUCAGCAGCAGGUUCACAUAAUAGAGA	0
NM_002649.3:1691-1720	NM_002649.3	NM_002649.3.fasta	1691	1720	+	30	CTCTATTATGTGAACCTGCTGCTGATAGAC	GUCUAUCAGCAGCAGGUUCACAUAAUAGAG	0
NM_002649.3:1692-1721	NM_002649.3	NM_002649.3.fasta	1692	1721	+	30	TCTATTATGTGAACCTGCTGCTGATAGACC	GGUCUAUCAGCAGCAGGUUCACAUAAUAGA	0
NM_002649.3:1693-1722	NM_002649.3	NM_002649.3.fasta	1693	1722	+	30	CTATTATGTGAACCTGCTGCTGATAGACCA	UGGUCUAUCAGCAGCAGGUUCACAUAAUAG	0
NM_002649.3:1694-1723	NM_002649.3	NM_002649.3.fasta	1694	1723	+	30	TATTATGTGAACCTGCTGCTGATAGACCAC	GUGGUCUAUCAGCAGCAGGUUCACAUAAUA	0
NM_002649.3:1695-1724	NM_002649.3	NM_002649.3.fasta	1695	1724	+	30	ATTATGTGAACCTGCTGCTGATAGACCACC	GGUGGUCUAUCAGCAGCAGGUUCACAUAAU	0
NM_002649.3:1696-1725	NM_002649.3	NM_002649.3.fasta	1696	1725	+	30	TTATGTGAACCTGCTGCTGATAGACCACCG	CGGUGGUCUAUCAGCAGCAGGUUCACAUAA	0
NM_002649.3:1697-1726	NM_002649.3	NM_002649.3.fasta	1697	1726	+	30	TATGTGAACCTGCTGCTGATAGACCACCGT	ACGGUGGUCUAUCAGCAGCAGGUUCACAUA	0
NM_002649.3:1698-1727	NM_002649.3	NM_002649.3.fasta	1698	1727	+	30	ATGTGAACCTGCTGCTGATAGACCACCGTT	AACGGUGGUCUAUCAGCAGCAGGUUCACAU	0
NM_002649.3:1699-1728	NM_002649.3	NM_002649.3.fasta	1699	1728	+	30	TGTGAACCTGCTGCTGATAGACCACCGTTT	AAACGGUGGUCUAUCAGCAGCAGGUUCACA	0
NM_002649.3:1700-1729	NM_002649.3	NM_002649.3.fasta	1700	1729	+	30	GTGAACCTGCTGCTGATAGACCACCGTTTC	GAAACGGUGGUCUAUCAGCAGCAGGUUCAC	0
NM_002649.3:1701-1730	NM_002649.3	NM_002649.3.fasta	1701	1730	+	30	TGAACCTGCTGCTGATAGACCACCGTTTCC	GGAAACGGUGGUCUAUCAGCAGCAGGUUCA	0
NM_002649.3:1702-1731	NM_002649.3	NM_002649.3.fasta	1702	1731	+	30	GAACCTGCTGCTGATAGACCACCGTTTCCT	AGGAAACGGUGGUCUAUCAGCAGCAGGUUC	0
NM_002649.3:1703-1732	NM_002649.3	NM_002649.3.fasta	1703	1732	+	30	AACCTGCTGCTGATAGACCACCGTTTCCTC	GAGGAAACGGUGGUCUAUCAGCAGCAGGUU	0
NM_002649.3:1704-1733	NM_002649.3	NM_002649.3.fasta	1704	1733	+	30	ACCTGCTGCTGATAGACCACCGTTTCCTCC	GGAGGAAACGGUGGUCUAUCAGCAGCAGGU	0
NM_002649.3:1705-1734	NM_002649.3	NM_002649.3.fasta	1705	1734	+	30	CCTGCTGCTGATAGACCACCGTTTCCTCCT	AGGAGGAAACGGUGGUCUAUCAGCAGCAGG	0
NM_002649.3:1706-1735	NM_002649.3	NM_002649.3.fasta	1706	1735	+	30	CTGCTGCTGATAGACCACCGTTTCCTCCTG	CAGGAGGAAACGGUGGUCUAUCAGCAGCAG	0
NM_002649.3:1707-1736	NM_002649.3	NM_002649.3.fasta	1707	1736	+	30	TGCTGCTGATAGACCACCGTTTCCTCCTGC	GCAGGAGGAAACGGUGGUCUAUCAGCAGCA	0
NM_002649.3:1708-1737	NM_002649.3	NM_002649.3.fasta	1708	1737	+	30	GCTGCTGATAGACCACCGTTTCCTCCTGCG	CGCAGGAGGAAACGGUGGUCUAUCAGCAGC	0
NM_002649.3:1709-1738	NM_002649.3	NM_002649.3.fasta	1709	1738	+	30	CTGCTGATAGACCACCGTTTCCTCCTGCGC	GCGCAGGAGGAAACGGUGGUCUAUCAGCAG	0
NM_002649.3:1710-1739	NM_002649.3	NM_002649.3.fasta	1710	1739	+	30	TGCTGATAGACCACCGTTTCCTCCTGCGCC	GGCGCAGGAGGAAACGGUGGUCUAUCAGCA	0
NM_002649.3:1711-1740	NM_002649.3	NM_002649.3.fasta	1711	1740	+	30	GCTGATAGACCACCGTTTCCTCCTGCGCCG	CGGCGCAGGAGGAAACGGUGGUCUAUCAGC	0
NM_002649.3:1712-1741	NM_002649.3	NM_002649.3.fasta	1712	1741	+	30	CTGATAGACCACCGTTTCCTCCTGCGCCGT	ACGGCGCAGGAGGAAACGGUGGUCUAUCAG	0
NM_002649.3:1713-1742	NM_002649.3	NM_002649.3.fasta	1713	1742	+	30	TGATAGACCACCGTTTCCTCCTGCGCCGTG	CACGGCGCAGGAGGAAACGGUGGUCUAUCA	0
NM_002649.3:1714-1743	NM_002649.3	NM_002649.3.fasta	1714	1743	+	30	GATAGACCACCGTTTCCTCCTGCGCCGTGG	CCACGGCGCAGGAGGAAACGGUGGUCUAUC	0
NM_002649.3:1715-1744	NM_002649.3	NM_002649.3.fasta	1715	1744	+	30	ATAGACCACCGTTTCCTCCTGCGCCGTGGA	UCCACGGCGCAGGAGGAAACGGUGGUCUAU	0
NM_002649.3:1716-1745	NM_002649.3	NM_002649.3.fasta	1716	1745	+	30	TAGACCACCGTTTCCTCCTGCGCCGTGGAG	CUCCACGGCGCAGGAGGAAACGGUGGUCUA	0
NM_002649.3:1717-1746	NM_002649.3	NM_002649.3.fasta	1717	1746	+	30	AGACCACCGTTTCCTCCTGCGCCGTGGAGA	UCUCCACGGCGCAGGAGGAAACGGUGGUCU	0
NM_002649.3:1718-1747	NM_002649.3	NM_002649.3.fasta	1718	1747	+	30	GACCACCGTTTCCTCCTGCGCCGTGGAGAA	UUCUCCACGGCGCAGGAGGAAACGGUGGUC	0
NM_002649.3:1719-1748	NM_002649.3	NM_002649.3.fasta	1719	1748	+	30	ACCACCGTTTCCTCCTGCGCCGTGGAGAAT	AUUCUCCACGGCGCAGGAGGAAACGGUGGU	0
NM_002649.3:1720-1749	NM_002649.3	NM_002649.3.fasta	1720	1749	+	30	CCACCGTTTCCTCCTGCGCCGTGGAGAATA	UAUUCUCCACGGCGCAGGAGGAAACGGUGG	0
NM_002649.3:1721-1750	NM_002649.3	NM_002649.3.fasta	1721	1750	+	30	CACCGTTTCCTCCTGCGCCGTGGAGAATAC	GUAUUCUCCACGGCGCAGGAGGAAACGGUG	0
NM_002649.3:1722-1751	NM_002649.3	NM_002649.3.fasta	1722	1751	+	30	ACCGTTTCCTCCTGCGCCGTGGAGAATACG	CGUAUUCUCCACGGCGCAGGAGGAAACGGU	0
NM_002649.3:1723-1752	NM_002649.3	NM_002649.3.fasta	1723	1752	+	30	CCGTTTCCTCCTGCGCCGTGGAGAATACGT	ACGUAUUCUCCACGGCGCAGGAGGAAACGG	0
NM_002649.3:1724-1753	NM_002649.3	NM_002649.3.fasta	1724	1753	+	30	CGTTTCCTCCTGCGCCGTGGAGAATACGTC	GACGUAUUCUCCACGGCGCAGGAGGAAACG	0
NM_002649.3:1725-1754	NM_002649.3	NM_002649.3.fasta	1725	1754	+	30	GTTTCCTCCTGCGCCGTGGAGAATACGTCC	GGACGUAUUCUCCACGGCGCAGGAGGAAAC	0
NM_002649.3:1726-1755	NM_002649.3	NM_002649.3.fasta	1726	1755	+	30	TTTCCTCCTGCGCCGTGGAGAATACGTCCT	AGGACGUAUUCUCCACGGCGCAGGAGGAAA	0
NM_002649.3:1727-1756	NM_002649.3	NM_002649.3.fasta	1727	1756	+	30	TTCCTCCTGCGCCGTGGAGAATACGTCCTC	GAGGACGUAUUCUCCACGGCGCAGGAGGAA	0
NM_002649.3:1728-1757	NM_002649.3	NM_002649.3.fasta	1728	1757	+	30	TCCTCCTGCGCCGTGGAGAATACGTCCTCC	GGAGGACGUAUUCUCCACGGCGCAGGAGGA	0
NM_002649.3:1729-1758	NM_002649.3	NM_002649.3.fasta	1729	1758	+	30	CCTCCTGCGCCGTGGAGAATACGTCCTCCA	UGGAGGACGUAUUCUCCACGGCGCAGGAGG	0
NM_002649.3:1730-1759	NM_002649.3	NM_002649.3.fasta	1730	1759	+	30	CTCCTGCGCCGTGGAGAATACGTCCTCCAC	GUGGAGGACGUAUUCUCCACGGCGCAGGAG	0
NM_002649.3:1731-1760	NM_002649.3	NM_002649.3.fasta	1731	1760	+	30	TCCTGCGCCGTGGAGAATACGTCCTCCACA	UGUGGAGGACGUAUUCUCCACGGCGCAGGA	0
NM_002649.3:1732-1761	NM_002649.3	NM_002649.3.fasta	1732	1761	+	30	CCTGCGCCGTGGAGAATACGTCCTCCACAT	AUGUGGAGGACGUAUUCUCCACGGCGCAGG	0
NM_002649.3:1733-1762	NM_002649.3	NM_002649.3.fasta	1733	1762	+	30	CTGCGCCGTGGAGAATACGTCCTCCACATG	CAUGUGGAGGACGUAUUCUCCACGGCGCAG	0
NM_002649.3:1734-1763	NM_002649.3	NM_002649.3.fasta	1734	1763	+	30	TGCGCCGTGGAGAATACGTCCTCCACATGT	ACAUGUGGAGGACGUAUUCUCCACGGCGCA	0
NM_002649.3:1735-1764	NM_002649.3	NM_002649.3.fasta	1735	1764	+	30	GCGCCGTGGAGAATACGTCCTCCACATGTG	CACAUGUGGAGGACGUAUUCUCCACGGCGC	0
NM_002649.3:1736-1765	NM_002649.3	NM_002649.3.fasta	1736	1765	+	30	CGCCGTGGAGAATACGTCCTCCACATGTGG	CCACAUGUGGAGGACGUAUUCUCCACGGCG	0
NM_002649.3:1737-1766	NM_002649.3	NM_002649.3.fasta	1737	1766	+	30	GCCGTGGAGAATACGTCCTCCACATGTGGC	GCCACAUGUGGAGGACGUAUUCUCCACGGC	0
NM_002649.3:1738-1767	NM_002649.3	NM_002649.3.fasta	1738	1767	+	30	CCGTGGAGAATACGTCCTCCACATGTGGCA	UGCCACAUGUGGAGGACGUAUUCUCCACGG	0
NM_002649.3:1739-1768	NM_002649.3	NM_002649.3.fasta	1739	1768	+	30	CGTGGAGAATACGTCCTCCACATGTGGCAG	CUGCCACAUGUGGAGGACGUAUUCUCCACG	0
NM_002649.3:1740-1769	NM_002649.3	NM_002649.3.fasta	1740	1769	+	30	GTGGAGAATACGTCCTCCACATGTGGCAGA	UCUGCCACAUGUGGAGGACGUAUUCUCCAC	0
NM_002649.3:1741-1770	NM_002649.3	NM_002649.3.fasta	1741	1770	+	30	TGGAGAATACGTCCTCCACATGTGGCAGAT	AUCUGCCACAUGUGGAGGACGUAUUCUCCA	0
NM_002649.3:1742-1771	NM_002649.3	NM_002649.3.fasta	1742	1771	+	30	GGAGAATACGTCCTCCACATGTGGCAGATA	UAUCUGCCACAUGUGGAGGACGUAUUCUCC	0
NM_002649.3:1743-1772	NM_002649.3	NM_002649.3.fasta	1743	1772	+	30	GAGAATACGTCCTCCACATGTGGCAGATAT	AUAUCUGCCACAUGUGGAGGACGUAUUCUC	0
NM_002649.3:1744-1773	NM_002649.3	NM_002649.3.fasta	1744	1773	+	30	AGAATACGTCCTCCACATGTGGCAGATATC	GAUAUCUGCCACAUGUGGAGGACGUAUUCU	0
NM_002649.3:1745-1774	NM_002649.3	NM_002649.3.fasta	1745	1774	+	30	GAATACGTCCTCCACATGTGGCAGATATCT	AGAUAUCUGCCACAUGUGGAGGACGUAUUC	0
NM_002649.3:1746-1775	NM_002649.3	NM_002649.3.fasta	1746	1775	+	30	AATACGTCCTCCACATGTGGCAGATATCTG	CAGAUAUCUGCCACAUGUGGAGGACGUAUU	0
NM_002649.3:1747-1776	NM_002649.3	NM_002649.3.fasta	1747	1776	+	30	ATACGTCCTCCACATGTGGCAGATATCTGG	CCAGAUAUCUGCCACAUGUGGAGGACGUAU	0
NM_002649.3:1748-1777	NM_002649.3	NM_002649.3.fasta	1748	1777	+	30	TACGTCCTCCACATGTGGCAGATATCTGGG	CCCAGAUAUCUGCCACAUGUGGAGGACGUA	0
NM_002649.3:1749-1778	NM_002649.3	NM_002649.3.fasta	1749	1778	+	30	ACGTCCTCCACATGTGGCAGATATCTGGGA	UCCCAGAUAUCUGCCACAUGUGGAGGACGU	0
NM_002649.3:1750-1779	NM_002649.3	NM_002649.3.fasta	1750	1779	+	30	CGTCCTCCACATGTGGCAGATATCTGGGAA	UUCCCAGAUAUCUGCCACAUGUGGAGGACG	0
NM_002649.3:1751-1780	NM_002649.3	NM_002649.3.fasta	1751	1780	+	30	GTCCTCCACATGTGGCAGATATCTGGGAAG	CUUCCCAGAUAUCUGCCACAUGUGGAGGAC	0
NM_002649.3:1752-1781	NM_002649.3	NM_002649.3.fasta	1752	1781	+	30	TCCTCCACATGTGGCAGATATCTGGGAAGG	CCUUCCCAGAUAUCUGCCACAUGUGGAGGA	0
NM_002649.3:1753-1782	NM_002649.3	NM_002649.3.fasta	1753	1782	+	30	CCTCCACATGTGGCAGATATCTGGGAAGGG	CCCUUCCCAGAUAUCUGCCACAUGUGGAGG	0
NM_002649.3:1754-1783	NM_002649.3	NM_002649.3.fasta	1754	1783	+	30	CTCCACATGTGGCAGATATCTGGGAAGGGA	UCCCUUCCCAGAUAUCUGCCACAUGUGGAG	0
NM_002649.3:1755-1784	NM_002649.3	NM_002649.3.fasta	1755	1784	+	30	TCCACATGTGGCAGATATCTGGGAAGGGAG	CUCCCUUCCCAGAUAUCUGCCACAUGUGGA	0
NM_002649.3:1756-1785	NM_002649.3	NM_002649.3.fasta	1756	1785	+	30	CCACATGTGGCAGATATCTGGGAAGGGAGA	UCUCCCUUCCCAGAUAUCUGCCACAUGUGG	0
NM_002649.3:1757-1786	NM_002649.3	NM_002649.3.fasta	1757	1786	+	30	CACATGTGGCAGATATCTGGGAAGGGAGAA	UUCUCCCUUCCCAGAUAUCUGCCACAUGUG	0
NM_002649.3:1758-1787	NM_002649.3	NM_002649.3.fasta	1758	1787	+	30	ACATGTGGCAGATATCTGGGAAGGGAGAAG	CUUCUCCCUUCCCAGAUAUCUGCCACAUGU	0
NM_002649.3:1759-1788	NM_002649.3	NM_002649.3.fasta	1759	1788	+	30	CATGTGGCAGATATCTGGGAAGGGAGAAGA	UCUUCUCCCUUCCCAGAUAUCUGCCACAUG	0
NM_002649.3:1760-1789	NM_002649.3	NM_002649.3.fasta	1760	1789	+	30	ATGTGGCAGATATCTGGGAAGGGAGAAGAC	GUCUUCUCCCUUCCCAGAUAUCUGCCACAU	0
NM_002649.3:1761-1790	NM_002649.3	NM_002649.3.fasta	1761	1790	+	30	TGTGGCAGATATCTGGGAAGGGAGAAGACC	GGUCUUCUCCCUUCCCAGAUAUCUGCCACA	0
NM_002649.3:1762-1791	NM_002649.3	NM_002649.3.fasta	1762	1791	+	30	GTGGCAGATATCTGGGAAGGGAGAAGACCA	UGGUCUUCUCCCUUCCCAGAUAUCUGCCAC	0
NM_002649.3:1763-1792	NM_002649.3	NM_002649.3.fasta	1763	1792	+	30	TGGCAGATATCTGGGAAGGGAGAAGACCAA	UUGGUCUUCUCCCUUCCCAGAUAUCUGCCA	0
NM_002649.3:1764-1793	NM_002649.3	NM_002649.3.fasta	1764	1793	+	30	GGCAGATATCTGGGAAGGGAGAAGACCAAG	CUUGGUCUUCUCCCUUCCCAGAUAUCUGCC	0
NM_002649.3:1765-1794	NM_002649.3	NM_002649.3.fasta	1765	1794	+	30	GCAGATATCTGGGAAGGGAGAAGACCAAGG	CCUUGGUCUUCUCCCUUCCCAGAUAUCUGC	0
NM_002649.3:1766-1795	NM_002649.3	NM_002649.3.fasta	1766	1795	+	30	CAGATATCTGGGAAGGGAGAAGACCAAGGA	UCCUUGGUCUUCUCCCUUCCCAGAUAUCUG	0
NM_002649.3:1767-1796	NM_002649.3	NM_002649.3.fasta	1767	1796	+	30	AGATATCTGGGAAGGGAGAAGACCAAGGAA	UUCCUUGGUCUUCUCCCUUCCCAGAUAUCU	0
NM_002649.3:1768-1797	NM_002649.3	NM_002649.3.fasta	1768	1797	+	30	GATATCTGGGAAGGGAGAAGACCAAGGAAG	CUUCCUUGGUCUUCUCCCUUCCCAGAUAUC	0
NM_002649.3:1769-1798	NM_002649.3	NM_002649.3.fasta	1769	1798	+	30	ATATCTGGGAAGGGAGAAGACCAAGGAAGC	GCUUCCUUGGUCUUCUCCCUUCCCAGAUAU	0
NM_002649.3:1770-1799	NM_002649.3	NM_002649.3.fasta	1770	1799	+	30	TATCTGGGAAGGGAGAAGACCAAGGAAGCT	AGCUUCCUUGGUCUUCUCCCUUCCCAGAUA	0
NM_002649.3:1771-1800	NM_002649.3	NM_002649.3.fasta	1771	1800	+	30	ATCTGGGAAGGGAGAAGACCAAGGAAGCTT	AAGCUUCCUUGGUCUUCUCCCUUCCCAGAU	0
NM_002649.3:1772-1801	NM_002649.3	NM_002649.3.fasta	1772	1801	+	30	TCTGGGAAGGGAGAAGACCAAGGAAGCTTC	GAAGCUUCCUUGGUCUUCUCCCUUCCCAGA	0
NM_002649.3:1773-1802	NM_002649.3	NM_002649.3.fasta	1773	1802	+	30	CTGGGAAGGGAGAAGACCAAGGAAGCTTCA	UGAAGCUUCCUUGGUCUUCUCCCUUCCCAG	0
NM_002649.3:1774-1803	NM_002649.3	NM_002649.3.fasta	1774	1803	+	30	TGGGAAGGGAGAAGACCAAGGAAGCTTCAA	UUGAAGCUUCCUUGGUCUUCUCCCUUCCCA	0
NM_002649.3:1775-1804	NM_002649.3	NM_002649.3.fasta	1775	1804	+	30	GGGAAGGGAGAAGACCAAGGAAGCTTCAAT	AUUGAAGCUUCCUUGGUCUUCUCCCUUCCC	0
NM_002649.3:1776-1805	NM_002649.3	NM_002649.3.fasta	1776	1805	+	30	GGAAGGGAGAAGACCAAGGAAGCTTCAATG	CAUUGAAGCUUCCUUGGUCUUCUCCCUUCC	0
NM_002649.3:1777-1806	NM_002649.3	NM_002649.3.fasta	1777	1806	+	30	GAAGGGAGAAGACCAAGGAAGCTTCAATGC	GCAUUGAAGCUUCCUUGGUCUUCUCCCUUC	0
NM_002649.3:1778-1807	NM_002649.3	NM_002649.3.fasta	1778	1807	+	30	AAGGGAGAAGACCAAGGAAGCTTCAATGCT	AGCAUUGAAGCUUCCUUGGUCUUCUCCCUU	0
NM_002649.3:1779-1808	NM_002649.3	NM_002649.3.fasta	1779	1808	+	30	AGGGAGAAGACCAAGGAAGCTTCAATGCTG	CAGCAUUGAAGCUUCCUUGGUCUUCUCCCU	0
NM_002649.3:1780-1809	NM_002649.3	NM_002649.3.fasta	1780	1809	+	30	GGGAGAAGACCAAGGAAGCTTCAATGCTGA	UCAGCAUUGAAGCUUCCUUGGUCUUCUCCC	0
NM_002649.3:1781-1810	NM_002649.3	NM_002649.3.fasta	1781	1810	+	30	GGAGAAGACCAAGGAAGCTTCAATGCTGAC	GUCAGCAUUGAAGCUUCCUUGGUCUUCUCC	0
NM_002649.3:1782-1811	NM_002649.3	NM_002649.3.fasta	1782	1811	+	30	GAGAAGACCAAGGAAGCTTCAATGCTGACA	UGUCAGCAUUGAAGCUUCCUUGGUCUUCUC	0
NM_002649.3:1783-1812	NM_002649.3	NM_002649.3.fasta	1783	1812	+	30	AGAAGACCAAGGAAGCTTCAATGCTGACAA	UUGUCAGCAUUGAAGCUUCCUUGGUCUUCU	0
NM_002649.3:1784-1813	NM_002649.3	NM_002649.3.fasta	1784	1813	+	30	GAAGACCAAGGAAGCTTCAATGCTGACAAA	UUUGUCAGCAUUGAAGCUUCCUUGGUCUUC	0
NM_002649.3:1785-1814	NM_002649.3	NM_002649.3.fasta	1785	1814	+	30	AAGACCAAGGAAGCTTCAATGCTGACAAAC	GUUUGUCAGCAUUGAAGCUUCCUUGGUCUU	0
NM_002649.3:1786-1815	NM_002649.3	NM_002649.3.fasta	1786	1815	+	30	AGACCAAGGAAGCTTCAATGCTGACAAACT	AGUUUGUCAGCAUUGAAGCUUCCUUGGUCU	0
NM_002649.3:1787-1816	NM_002649.3	NM_002649.3.fasta	1787	1816	+	30	GACCAAGGAAGCTTCAATGCTGACAAACTC	GAGUUUGUCAGCAUUGAAGCUUCCUUGGUC	0
NM_002649.3:1788-1817	NM_002649.3	NM_002649.3.fasta	1788	1817	+	30	ACCAAGGAAGCTTCAATGCTGACAAACTCA	UGAGUUUGUCAGCAUUGAAGCUUCCUUGGU	0
NM_002649.3:1789-1818	NM_002649.3	NM_002649.3.fasta	1789	1818	+	30	CCAAGGAAGCTTCAATGCTGACAAACTCAC	GUGAGUUUGUCAGCAUUGAAGCUUCCUUGG	0
NM_002649.3:1790-1819	NM_002649.3	NM_002649.3.fasta	1790	1819	+	30	CAAGGAAGCTTCAATGCTGACAAACTCACG	CGUGAGUUUGUCAGCAUUGAAGCUUCCUUG	0
NM_002649.3:1791-1820	NM_002649.3	NM_002649.3.fasta	1791	1820	+	30	AAGGAAGCTTCAATGCTGACAAACTCACGT	ACGUGAGUUUGUCAGCAUUGAAGCUUCCUU	0
NM_002649.3:1792-1821	NM_002649.3	NM_002649.3.fasta	1792	1821	+	30	AGGAAGCTTCAATGCTGACAAACTCACGTC	GACGUGAGUUUGUCAGCAUUGAAGCUUCCU	0
NM_002649.3:1793-1822	NM_002649.3	NM_002649.3.fasta	1793	1822	+	30	GGAAGCTTCAATGCTGACAAACTCACGTCT	AGACGUGAGUUUGUCAGCAUUGAAGCUUCC	0
NM_002649.3:1794-1823	NM_002649.3	NM_002649.3.fasta	1794	1823	+	30	GAAGCTTCAATGCTGACAAACTCACGTCTG	CAGACGUGAGUUUGUCAGCAUUGAAGCUUC	0
NM_002649.3:1795-1824	NM_002649.3	NM_002649.3.fasta	1795	1824	+	30	AAGCTTCAATGCTGACAAACTCACGTCTGC	GCAGACGUGAGUUUGUCAGCAUUGAAGCUU	0
NM_002649.3:1796-1825	NM_002649.3	NM_002649.3.fasta	1796	1825	+	30	AGCTTCAATGCTGACAAACTCACGTCTGCA	UGCAGACGUGAGUUUGUCAGCAUUGAAGCU	0
NM_002649.3:1797-1826	NM_002649.3	NM_002649.3.fasta	1797	1826	+	30	GCTTCAATGCTGACAAACTCACGTCTGCAA	UUGCAGACGUGAGUUUGUCAGCAUUGAAGC	0
NM_002649.3:1798-1827	NM_002649.3	NM_002649.3.fasta	1798	1827	+	30	CTTCAATGCTGACAAACTCACGTCTGCAAC	GUUGCAGACGUGAGUUUGUCAGCAUUGAAG	0
NM_002649.3:1799-1828	NM_002649.3	NM_002649.3.fasta	1799	1828	+	30	TTCAATGCTGACAAACTCACGTCTGCAACT	AGUUGCAGACGUGAGUUUGUCAGCAUUGAA	0
NM_002649.3:1800-1829	NM_002649.3	NM_002649.3.fasta	1800	1829	+	30	TCAATGCTGACAAACTCACGTCTGCAACTA	UAGUUGCAGACGUGAGUUUGUCAGCAUUGA	0
NM_002649.3:1801-1830	NM_002649.3	NM_002649.3.fasta	1801	1830	+	30	CAATGCTGACAAACTCACGTCTGCAACTAA	UUAGUUGCAGACGUGAGUUUGUCAGCAUUG	0
NM_002649.3:1802-1831	NM_002649.3	NM_002649.3.fasta	1802	1831	+	30	AATGCTGACAAACTCACGTCTGCAACTAAC	GUUAGUUGCAGACGUGAGUUUGUCAGCAUU	0
NM_002649.3:1803-1832	NM_002649.3	NM_002649.3.fasta	1803	1832	+	30	ATGCTGACAAACTCACGTCTGCAACTAACC	GGUUAGUUGCAGACGUGAGUUUGUCAGCAU	0
NM_002649.3:1804-1833	NM_002649.3	NM_002649.3.fasta	1804	1833	+	30	TGCTGACAAACTCACGTCTGCAACTAACCC	GGGUUAGUUGCAGACGUGAGUUUGUCAGCA	0
NM_002649.3:1805-1834	NM_002649.3	NM_002649.3.fasta	1805	1834	+	30	GCTGACAAACTCACGTCTGCAACTAACCCA	UGGGUUAGUUGCAGACGUGAGUUUGUCAGC	0
NM_002649.3:1806-1835	NM_002649.3	NM_002649.3.fasta	1806	1835	+	30	CTGACAAACTCACGTCTGCAACTAACCCAG	CUGGGUUAGUUGCAGACGUGAGUUUGUCAG	0
NM_002649.3:1807-1836	NM_002649.3	NM_002649.3.fasta	1807	1836	+	30	TGACAAACTCACGTCTGCAACTAACCCAGA	UCUGGGUUAGUUGCAGACGUGAGUUUGUCA	0
NM_002649.3:1808-1837	NM_002649.3	NM_002649.3.fasta	1808	1837	+	30	GACAAACTCACGTCTGCAACTAACCCAGAC	GUCUGGGUUAGUUGCAGACGUGAGUUUGUC	0
NM_002649.3:1809-1838	NM_002649.3	NM_002649.3.fasta	1809	1838	+	30	ACAAACTCACGTCTGCAACTAACCCAGACA	UGUCUGGGUUAGUUGCAGACGUGAGUUUGU	0
NM_002649.3:1810-1839	NM_002649.3	NM_002649.3.fasta	1810	1839	+	30	CAAACTCACGTCTGCAACTAACCCAGACAA	UUGUCUGGGUUAGUUGCAGACGUGAGUUUG	0
NM_002649.3:1811-1840	NM_002649.3	NM_002649.3.fasta	1811	1840	+	30	AAACTCACGTCTGCAACTAACCCAGACAAG	CUUGUCUGGGUUAGUUGCAGACGUGAGUUU	0
NM_002649.3:1812-1841	NM_002649.3	NM_002649.3.fasta	1812	1841	+	30	AACTCACGTCTGCAACTAACCCAGACAAGG	CCUUGUCUGGGUUAGUUGCAGACGUGAGUU	0
NM_002649.3:1813-1842	NM_002649.3	NM_002649.3.fasta	1813	1842	+	30	ACTCACGTCTGCAACTAACCCAGACAAGGA	UCCUUGUCUGGGUUAGUUGCAGACGUGAGU	0
NM_002649.3:1814-1843	NM_002649.3	NM_002649.3.fasta	1814	1843	+	30	CTCACGTCTGCAACTAACCCAGACAAGGAG	CUCCUUGUCUGGGUUAGUUGCAGACGUGAG	0
NM_002649.3:1815-1844	NM_002649.3	NM_002649.3.fasta	1815	1844	+	30	TCACGTCTGCAACTAACCCAGACAAGGAGA	UCUCCUUGUCUGGGUUAGUUGCAGACGUGA	0
NM_002649.3:1816-1845	NM_002649.3	NM_002649.3.fasta	1816	1845	+	30	CACGTCTGCAACTAACCCAGACAAGGAGAA	UUCUCCUUGUCUGGGUUAGUUGCAGACGUG	0
NM_002649.3:1817-1846	NM_002649.3	NM_002649.3.fasta	1817	1846	+	30	ACGTCTGCAACTAACCCAGACAAGGAGAAC	GUUCUCCUUGUCUGGGUUAGUUGCAGACGU	0
NM_002649.3:1818-1847	NM_002649.3	NM_002649.3.fasta	1818	1847	+	30	CGTCTGCAACTAACCCAGACAAGGAGAACT	AGUUCUCCUUGUCUGGGUUAGUUGCAGACG	0
NM_002649.3:1819-1848	NM_002649.3	NM_002649.3.fasta	1819	1848	+	30	GTCTGCAACTAACCCAGACAAGGAGAACTC	GAGUUCUCCUUGUCUGGGUUAGUUGCAGAC	0
NM_002649.3:1820-1849	NM_002649.3	NM_002649.3.fasta	1820	1849	+	30	TCTGCAACTAACCCAGACAAGGAGAACTCA	UGAGUUCUCCUUGUCUGGGUUAGUUGCAGA	0
NM_002649.3:1821-1850	NM_002649.3	NM_002649.3.fasta	1821	1850	+	30	CTGCAACTAACCCAGACAAGGAGAACTCAA	UUGAGUUCUCCUUGUCUGGGUUAGUUGCAG	0
NM_002649.3:1822-1851	NM_002649.3	NM_002649.3.fasta	1822	1851	+	30	TGCAACTAACCCAGACAAGGAGAACTCAAT	AUUGAGUUCUCCUUGUCUGGGUUAGUUGCA	0
NM_002649.3:1823-1852	NM_002649.3	NM_002649.3.fasta	1823	1852	+	30	GCAACTAACCCAGACAAGGAGAACTCAATG	CAUUGAGUUCUCCUUGUCUGGGUUAGUUGC	0
NM_002649.3:1824-1853	NM_002649.3	NM_002649.3.fasta	1824	1853	+	30	CAACTAACCCAGACAAGGAGAACTCAATGT	ACAUUGAGUUCUCCUUGUCUGGGUUAGUUG	0
NM_002649.3:1825-1854	NM_002649.3	NM_002649.3.fasta	1825	1854	+	30	AACTAACCCAGACAAGGAGAACTCAATGTC	GACAUUGAGUUCUCCUUGUCUGGGUUAGUU	0
NM_002649.3:1826-1855	NM_002649.3	NM_002649.3.fasta	1826	1855	+	30	ACTAACCCAGACAAGGAGAACTCAATGTCC	GGACAUUGAGUUCUCCUUGUCUGGGUUAGU	0
NM_002649.3:1827-1856	NM_002649.3	NM_002649.3.fasta	1827	1856	+	30	CTAACCCAGACAAGGAGAACTCAATGTCCA	UGGACAUUGAGUUCUCCUUGUCUGGGUUAG	0
NM_002649.3:1828-1857	NM_002649.3	NM_002649.3.fasta	1828	1857	+	30	TAACCCAGACAAGGAGAACTCAATGTCCAT	AUGGACAUUGAGUUCUCCUUGUCUGGGUUA	0
NM_002649.3:1829-1858	NM_002649.3	NM_002649.3.fasta	1829	1858	+	30	AACCCAGACAAGGAGAACTCAATGTCCATC	GAUGGACAUUGAGUUCUCCUUGUCUGGGUU	0
NM_002649.3:1830-1859	NM_002649.3	NM_002649.3.fasta	1830	1859	+	30	ACCCAGACAAGGAGAACTCAATGTCCATCT	AGAUGGACAUUGAGUUCUCCUUGUCUGGGU	0
NM_002649.3:1831-1860	NM_002649.3	NM_002649.3.fasta	1831	1860	+	30	CCCAGACAAGGAGAACTCAATGTCCATCTC	GAGAUGGACAUUGAGUUCUCCUUGUCUGGG	0
NM_002649.3:1832-1861	NM_002649.3	NM_002649.3.fasta	1832	1861	+	30	CCAGACAAGGAGAACTCAATGTCCATCTCC	GGAGAUGGACAUUGAGUUCUCCUUGUCUGG	0
NM_002649.3:1833-1862	NM_002649.3	NM_002649.3.fasta	1833	1862	+	30	CAGACAAGGAGAACTCAATGTCCATCTCCA	UGGAGAUGGACAUUGAGUUCUCCUUGUCUG	0
NM_002649.3:1834-1863	NM_002649.3	NM_002649.3.fasta	1834	1863	+	30	AGACAAGGAGAACTCAATGTCCATCTCCAT	AUGGAGAUGGACAUUGAGUUCUCCUUGUCU	0
NM_002649.3:1835-1864	NM_002649.3	NM_002649.3.fasta	1835	1864	+	30	GACAAGGAGAACTCAATGTCCATCTCCATT	AAUGGAGAUGGACAUUGAGUUCUCCUUGUC	0
NM_002649.3:1836-1865	NM_002649.3	NM_002649.3.fasta	1836	1865	+	30	ACAAGGAGAACTCAATGTCCATCTCCATTC	GAAUGGAGAUGGACAUUGAGUUCUCCUUGU	0
NM_002649.3:1837-1866	NM_002649.3	NM_002649.3.fasta	1837	1866	+	30	CAAGGAGAACTCAATGTCCATCTCCATTCT	AGAAUGGAGAUGGACAUUGAGUUCUCCUUG	0
NM_002649.3:1838-1867	NM_002649.3	NM_002649.3.fasta	1838	1867	+	30	AAGGAGAACTCAATGTCCATCTCCATTCTT	AAGAAUGGAGAUGGACAUUGAGUUCUCCUU	0
NM_002649.3:1839-1868	NM_002649.3	NM_002649.3.fasta	1839	1868	+	30	AGGAGAACTCAATGTCCATCTCCATTCTTC	GAAGAAUGGAGAUGGACAUUGAGUUCUCCU	0
NM_002649.3:1840-1869	NM_002649.3	NM_002649.3.fasta	1840	1869	+	30	GGAGAACTCAATGTCCATCTCCATTCTTCT	AGAAGAAUGGAGAUGGACAUUGAGUUCUCC	0
NM_002649.3:1841-1870	NM_002649.3	NM_002649.3.fasta	1841	1870	+	30	GAGAACTCAATGTCCATCTCCATTCTTCTG	CAGAAGAAUGGAGAUGGACAUUGAGUUCUC	0
NM_002649.3:1842-1871	NM_002649.3	NM_002649.3.fasta	1842	1871	+	30	AGAACTCAATGTCCATCTCCATTCTTCTGG	CCAGAAGAAUGGAGAUGGACAUUGAGUUCU	0
NM_002649.3:1843-1872	NM_002649.3	NM_002649.3.fasta	1843	1872	+	30	GAACTCAATGTCCATCTCCATTCTTCTGGA	UCCAGAAGAAUGGAGAUGGACAUUGAGUUC	0
NM_002649.3:1844-1873	NM_002649.3	NM_002649.3.fasta	1844	1873	+	30	AACTCAATGTCCATCTCCATTCTTCTGGAC	GUCCAGAAGAAUGGAGAUGGACAUUGAGUU	0
NM_002649.3:1845-1874	NM_002649.3	NM_002649.3.fasta	1845	1874	+	30	ACTCAATGTCCATCTCCATTCTTCTGGACA	UGUCCAGAAGAAUGGAGAUGGACAUUGAGU	0
NM_002649.3:1846-1875	NM_002649.3	NM_002649.3.fasta	1846	1875	+	30	CTCAATGTCCATCTCCATTCTTCTGGACAA	UUGUCCAGAAGAAUGGAGAUGGACAUUGAG	0
NM_002649.3:1847-1876	NM_002649.3	NM_002649.3.fasta	1847	1876	+	30	TCAATGTCCATCTCCATTCTTCTGGACAAT	AUUGUCCAGAAGAAUGGAGAUGGACAUUGA	0
NM_002649.3:1848-1877	NM_002649.3	NM_002649.3.fasta	1848	1877	+	30	CAATGTCCATCTCCATTCTTCTGGACAATT	AAUUGUCCAGAAGAAUGGAGAUGGACAUUG	0
NM_002649.3:1849-1878	NM_002649.3	NM_002649.3.fasta	1849	1878	+	30	AATGTCCATCTCCATTCTTCTGGACAATTA	UAAUUGUCCAGAAGAAUGGAGAUGGACAUU	0
NM_002649.3:1850-1879	NM_002649.3	NM_002649.3.fasta	1850	1879	+	30	ATGTCCATCTCCATTCTTCTGGACAATTAC	GUAAUUGUCCAGAAGAAUGGAGAUGGACAU	0
NM_002649.3:1851-1880	NM_002649.3	NM_002649.3.fasta	1851	1880	+	30	TGTCCATCTCCATTCTTCTGGACAATTACT	AGUAAUUGUCCAGAAGAAUGGAGAUGGACA	0
NM_002649.3:1852-1881	NM_002649.3	NM_002649.3.fasta	1852	1881	+	30	GTCCATCTCCATTCTTCTGGACAATTACTG	CAGUAAUUGUCCAGAAGAAUGGAGAUGGAC	0
NM_002649.3:1853-1882	NM_002649.3	NM_002649.3.fasta	1853	1882	+	30	TCCATCTCCATTCTTCTGGACAATTACTGC	GCAGUAAUUGUCCAGAAGAAUGGAGAUGGA	0
NM_002649.3:1854-1883	NM_002649.3	NM_002649.3.fasta	1854	1883	+	30	CCATCTCCATTCTTCTGGACAATTACTGCC	GGCAGUAAUUGUCCAGAAGAAUGGAGAUGG	0
NM_002649.3:1855-1884	NM_002649.3	NM_002649.3.fasta	1855	1884	+	30	CATCTCCATTCTTCTGGACAATTACTGCCA	UGGCAGUAAUUGUCCAGAAGAAUGGAGAUG	0
NM_002649.3:1856-1885	NM_002649.3	NM_002649.3.fasta	1856	1885	+	30	ATCTCCATTCTTCTGGACAATTACTGCCAC	GUGGCAGUAAUUGUCCAGAAGAAUGGAGAU	0
NM_002649.3:1857-1886	NM_002649.3	NM_002649.3.fasta	1857	1886	+	30	TCTCCATTCTTCTGGACAATTACTGCCACC	GGUGGCAGUAAUUGUCCAGAAGAAUGGAGA	0
NM_002649.3:1858-1887	NM_002649.3	NM_002649.3.fasta	1858	1887	+	30	CTCCATTCTTCTGGACAATTACTGCCACCC	GGGUGGCAGUAAUUGUCCAGAAGAAUGGAG	0
NM_002649.3:1859-1888	NM_002649.3	NM_002649.3.fasta	1859	1888	+	30	TCCATTCTTCTGGACAATTACTGCCACCCG	CGGGUGGCAGUAAUUGUCCAGAAGAAUGGA	0
NM_002649.3:1860-1889	NM_002649.3	NM_002649.3.fasta	1860	1889	+	30	CCATTCTTCTGGACAATTACTGCCACCCGA	UCGGGUGGCAGUAAUUGUCCAGAAGAAUGG	0
NM_002649.3:1861-1890	NM_002649.3	NM_002649.3.fasta	1861	1890	+	30	CATTCTTCTGGACAATTACTGCCACCCGAT	AUCGGGUGGCAGUAAUUGUCCAGAAGAAUG	0
NM_002649.3:1862-1891	NM_002649.3	NM_002649.3.fasta	1862	1891	+	30	ATTCTTCTGGACAATTACTGCCACCCGATA	UAUCGGGUGGCAGUAAUUGUCCAGAAGAAU	0
NM_002649.3:1863-1892	NM_002649.3	NM_002649.3.fasta	1863	1892	+	30	TTCTTCTGGACAATTACTGCCACCCGATAG	CUAUCGGGUGGCAGUAAUUGUCCAGAAGAA	0
NM_002649.3:1864-1893	NM_002649.3	NM_002649.3.fasta	1864	1893	+	30	TCTTCTGGACAATTACTGCCACCCGATAGC	GCUAUCGGGUGGCAGUAAUUGUCCAGAAGA	0
NM_002649.3:1865-1894	NM_002649.3	NM_002649.3.fasta	1865	1894	+	30	CTTCTGGACAATTACTGCCACCCGATAGCC	GGCUAUCGGGUGGCAGUAAUUGUCCAGAAG	0
NM_002649.3:1866-1895	NM_002649.3	NM_002649.3.fasta	1866	1895	+	30	TTCTGGACAATTACTGCCACCCGATAGCCC	GGGCUAUCGGGUGGCAGUAAUUGUCCAGAA	0
NM_002649.3:1867-1896	NM_002649.3	NM_002649.3.fasta	1867	1896	+	30	TCTGGACAATTACTGCCACCCGATAGCCCT	AGGGCUAUCGGGUGGCAGUAAUUGUCCAGA	0
NM_002649.3:1868-1897	NM_002649.3	NM_002649.3.fasta	1868	1897	+	30	CTGGACAATTACTGCCACCCGATAGCCCTG	CAGGGCUAUCGGGUGGCAGUAAUUGUCCAG	0
NM_002649.3:1869-1898	NM_002649.3	NM_002649.3.fasta	1869	1898	+	30	TGGACAATTACTGCCACCCGATAGCCCTGC	GCAGGGCUAUCGGGUGGCAGUAAUUGUCCA	0
NM_002649.3:1870-1899	NM_002649.3	NM_002649.3.fasta	1870	1899	+	30	GGACAATTACTGCCACCCGATAGCCCTGCC	GGCAGGGCUAUCGGGUGGCAGUAAUUGUCC	0
NM_002649.3:1871-1900	NM_002649.3	NM_002649.3.fasta	1871	1900	+	30	GACAATTACTGCCACCCGATAGCCCTGCCT	AGGCAGGGCUAUCGGGUGGCAGUAAUUGUC	0
NM_002649.3:1872-1901	NM_002649.3	NM_002649.3.fasta	1872	1901	+	30	ACAATTACTGCCACCCGATAGCCCTGCCTA	UAGGCAGGGCUAUCGGGUGGCAGUAAUUGU	0
NM_002649.3:1873-1902	NM_002649.3	NM_002649.3.fasta	1873	1902	+	30	CAATTACTGCCACCCGATAGCCCTGCCTAA	UUAGGCAGGGCUAUCGGGUGGCAGUAAUUG	0
NM_002649.3:1874-1903	NM_002649.3	NM_002649.3.fasta	1874	1903	+	30	AATTACTGCCACCCGATAGCCCTGCCTAAG	CUUAGGCAGGGCUAUCGGGUGGCAGUAAUU	0
NM_002649.3:1875-1904	NM_002649.3	NM_002649.3.fasta	1875	1904	+	30	ATTACTGCCACCCGATAGCCCTGCCTAAGC	GCUUAGGCAGGGCUAUCGGGUGGCAGUAAU	0
NM_002649.3:1876-1905	NM_002649.3	NM_002649.3.fasta	1876	1905	+	30	TTACTGCCACCCGATAGCCCTGCCTAAGCA	UGCUUAGGCAGGGCUAUCGGGUGGCAGUAA	0
NM_002649.3:1877-1906	NM_002649.3	NM_002649.3.fasta	1877	1906	+	30	TACTGCCACCCGATAGCCCTGCCTAAGCAT	AUGCUUAGGCAGGGCUAUCGGGUGGCAGUA	0
NM_002649.3:1878-1907	NM_002649.3	NM_002649.3.fasta	1878	1907	+	30	ACTGCCACCCGATAGCCCTGCCTAAGCATC	GAUGCUUAGGCAGGGCUAUCGGGUGGCAGU	0
NM_002649.3:1879-1908	NM_002649.3	NM_002649.3.fasta	1879	1908	+	30	CTGCCACCCGATAGCCCTGCCTAAGCATCA	UGAUGCUUAGGCAGGGCUAUCGGGUGGCAG	0
NM_002649.3:1880-1909	NM_002649.3	NM_002649.3.fasta	1880	1909	+	30	TGCCACCCGATAGCCCTGCCTAAGCATCAG	CUGAUGCUUAGGCAGGGCUAUCGGGUGGCA	0
NM_002649.3:1881-1910	NM_002649.3	NM_002649.3.fasta	1881	1910	+	30	GCCACCCGATAGCCCTGCCTAAGCATCAGC	GCUGAUGCUUAGGCAGGGCUAUCGGGUGGC	0
NM_002649.3:1882-1911	NM_002649.3	NM_002649.3.fasta	1882	1911	+	30	CCACCCGATAGCCCTGCCTAAGCATCAGCC	GGCUGAUGCUUAGGCAGGGCUAUCGGGUGG	0
NM_002649.3:1883-1912	NM_002649.3	NM_002649.3.fasta	1883	1912	+	30	CACCCGATAGCCCTGCCTAAGCATCAGCCC	GGGCUGAUGCUUAGGCAGGGCUAUCGGGUG	0
NM_002649.3:1884-1913	NM_002649.3	NM_002649.3.fasta	1884	1913	+	30	ACCCGATAGCCCTGCCTAAGCATCAGCCCA	UGGGCUGAUGCUUAGGCAGGGCUAUCGGGU	0
NM_002649.3:1885-1914	NM_002649.3	NM_002649.3.fasta	1885	1914	+	30	CCCGATAGCCCTGCCTAAGCATCAGCCCAC	GUGGGCUGAUGCUUAGGCAGGGCUAUCGGG	0
NM_002649.3:1886-1915	NM_002649.3	NM_002649.3.fasta	1886	1915	+	30	CCGATAGCCCTGCCTAAGCATCAGCCCACC	GGUGGGCUGAUGCUUAGGCAGGGCUAUCGG	0
NM_002649.3:1887-1916	NM_002649.3	NM_002649.3.fasta	1887	1916	+	30	CGATAGCCCTGCCTAAGCATCAGCCCACCC	GGGUGGGCUGAUGCUUAGGCAGGGCUAUCG	0
NM_002649.3:1888-1917	NM_002649.3	NM_002649.3.fasta	1888	1917	+	30	GATAGCCCTGCCTAAGCATCAGCCCACCCC	GGGGUGGGCUGAUGCUUAGGCAGGGCUAUC	0
NM_002649.3:1889-1918	NM_002649.3	NM_002649.3.fasta	1889	1918	+	30	ATAGCCCTGCCTAAGCATCAGCCCACCCCT	AGGGGUGGGCUGAUGCUUAGGCAGGGCUAU	0
NM_002649.3:1890-1919	NM_002649.3	NM_002649.3.fasta	1890	1919	+	30	TAGCCCTGCCTAAGCATCAGCCCACCCCTG	CAGGGGUGGGCUGAUGCUUAGGCAGGGCUA	0
NM_002649.3:1891-1920	NM_002649.3	NM_002649.3.fasta	1891	1920	+	30	AGCCCTGCCTAAGCATCAGCCCACCCCTGA	UCAGGGGUGGGCUGAUGCUUAGGCAGGGCU	0
NM_002649.3:1892-1921	NM_002649.3	NM_002649.3.fasta	1892	1921	+	30	GCCCTGCCTAAGCATCAGCCCACCCCTGAC	GUCAGGGGUGGGCUGAUGCUUAGGCAGGGC	0
NM_002649.3:1893-1922	NM_002649.3	NM_002649.3.fasta	1893	1922	+	30	CCCTGCCTAAGCATCAGCCCACCCCTGACC	GGUCAGGGGUGGGCUGAUGCUUAGGCAGGG	0
NM_002649.3:1894-1923	NM_002649.3	NM_002649.3.fasta	1894	1923	+	30	CCTGCCTAAGCATCAGCCCACCCCTGACCC	GGGUCAGGGGUGGGCUGAUGCUUAGGCAGG	0
NM_002649.3:1895-1924	NM_002649.3	NM_002649.3.fasta	1895	1924	+	30	CTGCCTAAGCATCAGCCCACCCCTGACCCG	CGGGUCAGGGGUGGGCUGAUGCUUAGGCAG	0
NM_002649.3:1896-1925	NM_002649.3	NM_002649.3.fasta	1896	1925	+	30	TGCCTAAGCATCAGCCCACCCCTGACCCGG	CCGGGUCAGGGGUGGGCUGAUGCUUAGGCA	0
NM_002649.3:1897-1926	NM_002649.3	NM_002649.3.fasta	1897	1926	+	30	GCCTAAGCATCAGCCCACCCCTGACCCGGA	UCCGGGUCAGGGGUGGGCUGAUGCUUAGGC	0
NM_002649.3:1898-1927	NM_002649.3	NM_002649.3.fasta	1898	1927	+	30	CCTAAGCATCAGCCCACCCCTGACCCGGAA	UUCCGGGUCAGGGGUGGGCUGAUGCUUAGG	0
NM_002649.3:1899-1928	NM_002649.3	NM_002649.3.fasta	1899	1928	+	30	CTAAGCATCAGCCCACCCCTGACCCGGAAG	CUUCCGGGUCAGGGGUGGGCUGAUGCUUAG	0
NM_002649.3:1900-1929	NM_002649.3	NM_002649.3.fasta	1900	1929	+	30	TAAGCATCAGCCCACCCCTGACCCGGAAGG	CCUUCCGGGUCAGGGGUGGGCUGAUGCUUA	0
NM_002649.3:1901-1930	NM_002649.3	NM_002649.3.fasta	1901	1930	+	30	AAGCATCAGCCCACCCCTGACCCGGAAGGG	CCCUUCCGGGUCAGGGGUGGGCUGAUGCUU	0
NM_002649.3:1902-1931	NM_002649.3	NM_002649.3.fasta	1902	1931	+	30	AGCATCAGCCCACCCCTGACCCGGAAGGGG	CCCCUUCCGGGUCAGGGGUGGGCUGAUGCU	0
NM_002649.3:1903-1932	NM_002649.3	NM_002649.3.fasta	1903	1932	+	30	GCATCAGCCCACCCCTGACCCGGAAGGGGA	UCCCCUUCCGGGUCAGGGGUGGGCUGAUGC	0
NM_002649.3:1904-1933	NM_002649.3	NM_002649.3.fasta	1904	1933	+	30	CATCAGCCCACCCCTGACCCGGAAGGGGAC	GUCCCCUUCCGGGUCAGGGGUGGGCUGAUG	0
NM_002649.3:1905-1934	NM_002649.3	NM_002649.3.fasta	1905	1934	+	30	ATCAGCCCACCCCTGACCCGGAAGGGGACC	GGUCCCCUUCCGGGUCAGGGGUGGGCUGAU	0
NM_002649.3:1906-1935	NM_002649.3	NM_002649.3.fasta	1906	1935	+	30	TCAGCCCACCCCTGACCCGGAAGGGGACCG	CGGUCCCCUUCCGGGUCAGGGGUGGGCUGA	0
NM_002649.3:1907-1936	NM_002649.3	NM_002649.3.fasta	1907	1936	+	30	CAGCCCACCCCTGACCCGGAAGGGGACCGG	CCGGUCCCCUUCCGGGUCAGGGGUGGGCUG	0
NM_002649.3:1908-1937	NM_002649.3	NM_002649.3.fasta	1908	1937	+	30	AGCCCACCCCTGACCCGGAAGGGGACCGGG	CCCGGUCCCCUUCCGGGUCAGGGGUGGGCU	0
NM_002649.3:1909-1938	NM_002649.3	NM_002649.3.fasta	1909	1938	+	30	GCCCACCCCTGACCCGGAAGGGGACCGGGT	ACCCGGUCCCCUUCCGGGUCAGGGGUGGGC	0
NM_002649.3:1910-1939	NM_002649.3	NM_002649.3.fasta	1910	1939	+	30	CCCACCCCTGACCCGGAAGGGGACCGGGTT	AACCCGGUCCCCUUCCGGGUCAGGGGUGGG	0
NM_002649.3:1911-1940	NM_002649.3	NM_002649.3.fasta	1911	1940	+	30	CCACCCCTGACCCGGAAGGGGACCGGGTTC	GAACCCGGUCCCCUUCCGGGUCAGGGGUGG	0
NM_002649.3:1912-1941	NM_002649.3	NM_002649.3.fasta	1912	1941	+	30	CACCCCTGACCCGGAAGGGGACCGGGTTCG	CGAACCCGGUCCCCUUCCGGGUCAGGGGUG	0
NM_002649.3:1913-1942	NM_002649.3	NM_002649.3.fasta	1913	1942	+	30	ACCCCTGACCCGGAAGGGGACCGGGTTCGA	UCGAACCCGGUCCCCUUCCGGGUCAGGGGU	0
NM_002649.3:1914-1943	NM_002649.3	NM_002649.3.fasta	1914	1943	+	30	CCCCTGACCCGGAAGGGGACCGGGTTCGAG	CUCGAACCCGGUCCCCUUCCGGGUCAGGGG	0
NM_002649.3:1915-1944	NM_002649.3	NM_002649.3.fasta	1915	1944	+	30	CCCTGACCCGGAAGGGGACCGGGTTCGAGC	GCUCGAACCCGGUCCCCUUCCGGGUCAGGG	0
NM_002649.3:1916-1945	NM_002649.3	NM_002649.3.fasta	1916	1945	+	30	CCTGACCCGGAAGGGGACCGGGTTCGAGCA	UGCUCGAACCCGGUCCCCUUCCGGGUCAGG	0
NM_002649.3:1917-1946	NM_002649.3	NM_002649.3.fasta	1917	1946	+	30	CTGACCCGGAAGGGGACCGGGTTCGAGCAG	CUGCUCGAACCCGGUCCCCUUCCGGGUCAG	0
NM_002649.3:1918-1947	NM_002649.3	NM_002649.3.fasta	1918	1947	+	30	TGACCCGGAAGGGGACCGGGTTCGAGCAGA	UCUGCUCGAACCCGGUCCCCUUCCGGGUCA	0
NM_002649.3:1919-1948	NM_002649.3	NM_002649.3.fasta	1919	1948	+	30	GACCCGGAAGGGGACCGGGTTCGAGCAGAA	UUCUGCUCGAACCCGGUCCCCUUCCGGGUC	0
NM_002649.3:1920-1949	NM_002649.3	NM_002649.3.fasta	1920	1949	+	30	ACCCGGAAGGGGACCGGGTTCGAGCAGAAA	UUUCUGCUCGAACCCGGUCCCCUUCCGGGU	0
NM_002649.3:1921-1950	NM_002649.3	NM_002649.3.fasta	1921	1950	+	30	CCCGGAAGGGGACCGGGTTCGAGCAGAAAT	AUUUCUGCUCGAACCCGGUCCCCUUCCGGG	0
NM_002649.3:1922-1951	NM_002649.3	NM_002649.3.fasta	1922	1951	+	30	CCGGAAGGGGACCGGGTTCGAGCAGAAATG	CAUUUCUGCUCGAACCCGGUCCCCUUCCGG	0
NM_002649.3:1923-1952	NM_002649.3	NM_002649.3.fasta	1923	1952	+	30	CGGAAGGGGACCGGGTTCGAGCAGAAATGC	GCAUUUCUGCUCGAACCCGGUCCCCUUCCG	0
NM_002649.3:1924-1953	NM_002649.3	NM_002649.3.fasta	1924	1953	+	30	GGAAGGGGACCGGGTTCGAGCAGAAATGCC	GGCAUUUCUGCUCGAACCCGGUCCCCUUCC	0
NM_002649.3:1925-1954	NM_002649.3	NM_002649.3.fasta	1925	1954	+	30	GAAGGGGACCGGGTTCGAGCAGAAATGCCC	GGGCAUUUCUGCUCGAACCCGGUCCCCUUC	0
NM_002649.3:1926-1955	NM_002649.3	NM_002649.3.fasta	1926	1955	+	30	AAGGGGACCGGGTTCGAGCAGAAATGCCCA	UGGGCAUUUCUGCUCGAACCCGGUCCCCUU	0
NM_002649.3:1927-1956	NM_002649.3	NM_002649.3.fasta	1927	1956	+	30	AGGGGACCGGGTTCGAGCAGAAATGCCCAA	UUGGGCAUUUCUGCUCGAACCCGGUCCCCU	0
NM_002649.3:1928-1957	NM_002649.3	NM_002649.3.fasta	1928	1957	+	30	GGGGACCGGGTTCGAGCAGAAATGCCCAAC	GUUGGGCAUUUCUGCUCGAACCCGGUCCCC	0
NM_002649.3:1929-1958	NM_002649.3	NM_002649.3.fasta	1929	1958	+	30	GGGACCGGGTTCGAGCAGAAATGCCCAACC	GGUUGGGCAUUUCUGCUCGAACCCGGUCCC	0
NM_002649.3:1930-1959	NM_002649.3	NM_002649.3.fasta	1930	1959	+	30	GGACCGGGTTCGAGCAGAAATGCCCAACCA	UGGUUGGGCAUUUCUGCUCGAACCCGGUCC	0
NM_002649.3:1931-1960	NM_002649.3	NM_002649.3.fasta	1931	1960	+	30	GACCGGGTTCGAGCAGAAATGCCCAACCAG	CUGGUUGGGCAUUUCUGCUCGAACCCGGUC	0
NM_002649.3:1932-1961	NM_002649.3	NM_002649.3.fasta	1932	1961	+	30	ACCGGGTTCGAGCAGAAATGCCCAACCAGC	GCUGGUUGGGCAUUUCUGCUCGAACCCGGU	0
NM_002649.3:1933-1962	NM_002649.3	NM_002649.3.fasta	1933	1962	+	30	CCGGGTTCGAGCAGAAATGCCCAACCAGCT	AGCUGGUUGGGCAUUUCUGCUCGAACCCGG	0
NM_002649.3:1934-1963	NM_002649.3	NM_002649.3.fasta	1934	1963	+	30	CGGGTTCGAGCAGAAATGCCCAACCAGCTT	AAGCUGGUUGGGCAUUUCUGCUCGAACCCG	0
NM_002649.3:1935-1964	NM_002649.3	NM_002649.3.fasta	1935	1964	+	30	GGGTTCGAGCAGAAATGCCCAACCAGCTTC	GAAGCUGGUUGGGCAUUUCUGCUCGAACCC	0
NM_002649.3:1936-1965	NM_002649.3	NM_002649.3.fasta	1936	1965	+	30	GGTTCGAGCAGAAATGCCCAACCAGCTTCG	CGAAGCUGGUUGGGCAUUUCUGCUCGAACC	0
NM_002649.3:1937-1966	NM_002649.3	NM_002649.3.fasta	1937	1966	+	30	GTTCGAGCAGAAATGCCCAACCAGCTTCGC	GCGAAGCUGGUUGGGCAUUUCUGCUCGAAC	0
NM_002649.3:1938-1967	NM_002649.3	NM_002649.3.fasta	1938	1967	+	30	TTCGAGCAGAAATGCCCAACCAGCTTCGCA	UGCGAAGCUGGUUGGGCAUUUCUGCUCGAA	0
NM_002649.3:1939-1968	NM_002649.3	NM_002649.3.fasta	1939	1968	+	30	TCGAGCAGAAATGCCCAACCAGCTTCGCAA	UUGCGAAGCUGGUUGGGCAUUUCUGCUCGA	0
NM_002649.3:1940-1969	NM_002649.3	NM_002649.3.fasta	1940	1969	+	30	CGAGCAGAAATGCCCAACCAGCTTCGCAAG	CUUGCGAAGCUGGUUGGGCAUUUCUGCUCG	0
NM_002649.3:1941-1970	NM_002649.3	NM_002649.3.fasta	1941	1970	+	30	GAGCAGAAATGCCCAACCAGCTTCGCAAGC	GCUUGCGAAGCUGGUUGGGCAUUUCUGCUC	0
NM_002649.3:1942-1971	NM_002649.3	NM_002649.3.fasta	1942	1971	+	30	AGCAGAAATGCCCAACCAGCTTCGCAAGCA	UGCUUGCGAAGCUGGUUGGGCAUUUCUGCU	0
NM_002649.3:1943-1972	NM_002649.3	NM_002649.3.fasta	1943	1972	+	30	GCAGAAATGCCCAACCAGCTTCGCAAGCAA	UUGCUUGCGAAGCUGGUUGGGCAUUUCUGC	0
NM_002649.3:1944-1973	NM_002649.3	NM_002649.3.fasta	1944	1973	+	30	CAGAAATGCCCAACCAGCTTCGCAAGCAAT	AUUGCUUGCGAAGCUGGUUGGGCAUUUCUG	0
NM_002649.3:1945-1974	NM_002649.3	NM_002649.3.fasta	1945	1974	+	30	AGAAATGCCCAACCAGCTTCGCAAGCAATT	AAUUGCUUGCGAAGCUGGUUGGGCAUUUCU	0
NM_002649.3:1946-1975	NM_002649.3	NM_002649.3.fasta	1946	1975	+	30	GAAATGCCCAACCAGCTTCGCAAGCAATTG	CAAUUGCUUGCGAAGCUGGUUGGGCAUUUC	0
NM_002649.3:1947-1976	NM_002649.3	NM_002649.3.fasta	1947	1976	+	30	AAATGCCCAACCAGCTTCGCAAGCAATTGG	CCAAUUGCUUGCGAAGCUGGUUGGGCAUUU	0
NM_002649.3:1948-1977	NM_002649.3	NM_002649.3.fasta	1948	1977	+	30	AATGCCCAACCAGCTTCGCAAGCAATTGGA	UCCAAUUGCUUGCGAAGCUGGUUGGGCAUU	0
NM_002649.3:1949-1978	NM_002649.3	NM_002649.3.fasta	1949	1978	+	30	ATGCCCAACCAGCTTCGCAAGCAATTGGAG	CUCCAAUUGCUUGCGAAGCUGGUUGGGCAU	0
NM_002649.3:1950-1979	NM_002649.3	NM_002649.3.fasta	1950	1979	+	30	TGCCCAACCAGCTTCGCAAGCAATTGGAGG	CCUCCAAUUGCUUGCGAAGCUGGUUGGGCA	0
NM_002649.3:1951-1980	NM_002649.3	NM_002649.3.fasta	1951	1980	+	30	GCCCAACCAGCTTCGCAAGCAATTGGAGGC	GCCUCCAAUUGCUUGCGAAGCUGGUUGGGC	0
NM_002649.3:1952-1981	NM_002649.3	NM_002649.3.fasta	1952	1981	+	30	CCCAACCAGCTTCGCAAGCAATTGGAGGCG	CGCCUCCAAUUGCUUGCGAAGCUGGUUGGG	0
NM_002649.3:1953-1982	NM_002649.3	NM_002649.3.fasta	1953	1982	+	30	CCAACCAGCTTCGCAAGCAATTGGAGGCGA	UCGCCUCCAAUUGCUUGCGAAGCUGGUUGG	0
NM_002649.3:1954-1983	NM_002649.3	NM_002649.3.fasta	1954	1983	+	30	CAACCAGCTTCGCAAGCAATTGGAGGCGAT	AUCGCCUCCAAUUGCUUGCGAAGCUGGUUG	0
NM_002649.3:1955-1984	NM_002649.3	NM_002649.3.fasta	1955	1984	+	30	AACCAGCTTCGCAAGCAATTGGAGGCGATC	GAUCGCCUCCAAUUGCUUGCGAAGCUGGUU	0
NM_002649.3:1956-1985	NM_002649.3	NM_002649.3.fasta	1956	1985	+	30	ACCAGCTTCGCAAGCAATTGGAGGCGATCA	UGAUCGCCUCCAAUUGCUUGCGAAGCUGGU	0
NM_002649.3:1957-1986	NM_002649.3	NM_002649.3.fasta	1957	1986	+	30	CCAGCTTCGCAAGCAATTGGAGGCGATCAT	AUGAUCGCCUCCAAUUGCUUGCGAAGCUGG	0
NM_002649.3:1958-1987	NM_002649.3	NM_002649.3.fasta	1958	1987	+	30	CAGCTTCGCAAGCAATTGGAGGCGATCATA	UAUGAUCGCCUCCAAUUGCUUGCGAAGCUG	0
NM_002649.3:1959-1988	NM_002649.3	NM_002649.3.fasta	1959	1988	+	30	AGCTTCGCAAGCAATTGGAGGCGATCATAG	CUAUGAUCGCCUCCAAUUGCUUGCGAAGCU	0
NM_002649.3:1960-1989	NM_002649.3	NM_002649.3.fasta	1960	1989	+	30	GCTTCGCAAGCAATTGGAGGCGATCATAGC	GCUAUGAUCGCCUCCAAUUGCUUGCGAAGC	0
NM_002649.3:1961-1990	NM_002649.3	NM_002649.3.fasta	1961	1990	+	30	CTTCGCAAGCAATTGGAGGCGATCATAGCC	GGCUAUGAUCGCCUCCAAUUGCUUGCGAAG	0
NM_002649.3:1962-1991	NM_002649.3	NM_002649.3.fasta	1962	1991	+	30	TTCGCAAGCAATTGGAGGCGATCATAGCCA	UGGCUAUGAUCGCCUCCAAUUGCUUGCGAA	0
NM_002649.3:1963-1992	NM_002649.3	NM_002649.3.fasta	1963	1992	+	30	TCGCAAGCAATTGGAGGCGATCATAGCCAC	GUGGCUAUGAUCGCCUCCAAUUGCUUGCGA	0
NM_002649.3:1964-1993	NM_002649.3	NM_002649.3.fasta	1964	1993	+	30	CGCAAGCAATTGGAGGCGATCATAGCCACT	AGUGGCUAUGAUCGCCUCCAAUUGCUUGCG	0
NM_002649.3:1965-1994	NM_002649.3	NM_002649.3.fasta	1965	1994	+	30	GCAAGCAATTGGAGGCGATCATAGCCACTG	CAGUGGCUAUGAUCGCCUCCAAUUGCUUGC	0
NM_002649.3:1966-1995	NM_002649.3	NM_002649.3.fasta	1966	1995	+	30	CAAGCAATTGGAGGCGATCATAGCCACTGA	UCAGUGGCUAUGAUCGCCUCCAAUUGCUUG	0
NM_002649.3:1967-1996	NM_002649.3	NM_002649.3.fasta	1967	1996	+	30	AAGCAATTGGAGGCGATCATAGCCACTGAT	AUCAGUGGCUAUGAUCGCCUCCAAUUGCUU	0
NM_002649.3:1968-1997	NM_002649.3	NM_002649.3.fasta	1968	1997	+	30	AGCAATTGGAGGCGATCATAGCCACTGATC	GAUCAGUGGCUAUGAUCGCCUCCAAUUGCU	0
NM_002649.3:1969-1998	NM_002649.3	NM_002649.3.fasta	1969	1998	+	30	GCAATTGGAGGCGATCATAGCCACTGATCC	GGAUCAGUGGCUAUGAUCGCCUCCAAUUGC	0
NM_002649.3:1970-1999	NM_002649.3	NM_002649.3.fasta	1970	1999	+	30	CAATTGGAGGCGATCATAGCCACTGATCCA	UGGAUCAGUGGCUAUGAUCGCCUCCAAUUG	0
NM_002649.3:1971-2000	NM_002649.3	NM_002649.3.fasta	1971	2000	+	30	AATTGGAGGCGATCATAGCCACTGATCCAC	GUGGAUCAGUGGCUAUGAUCGCCUCCAAUU	0
NM_002649.3:1972-2001	NM_002649.3	NM_002649.3.fasta	1972	2001	+	30	ATTGGAGGCGATCATAGCCACTGATCCACT	AGUGGAUCAGUGGCUAUGAUCGCCUCCAAU	0
NM_002649.3:1973-2002	NM_002649.3	NM_002649.3.fasta	1973	2002	+	30	TTGGAGGCGATCATAGCCACTGATCCACTT	AAGUGGAUCAGUGGCUAUGAUCGCCUCCAA	0
NM_002649.3:1974-2003	NM_002649.3	NM_002649.3.fasta	1974	2003	+	30	TGGAGGCGATCATAGCCACTGATCCACTTA	UAAGUGGAUCAGUGGCUAUGAUCGCCUCCA	0
NM_002649.3:1975-2004	NM_002649.3	NM_002649.3.fasta	1975	2004	+	30	GGAGGCGATCATAGCCACTGATCCACTTAA	UUAAGUGGAUCAGUGGCUAUGAUCGCCUCC	0
NM_002649.3:1976-2005	NM_002649.3	NM_002649.3.fasta	1976	2005	+	30	GAGGCGATCATAGCCACTGATCCACTTAAC	GUUAAGUGGAUCAGUGGCUAUGAUCGCCUC	0
NM_002649.3:1977-2006	NM_002649.3	NM_002649.3.fasta	1977	2006	+	30	AGGCGATCATAGCCACTGATCCACTTAACC	GGUUAAGUGGAUCAGUGGCUAUGAUCGCCU	0
NM_002649.3:1978-2007	NM_002649.3	NM_002649.3.fasta	1978	2007	+	30	GGCGATCATAGCCACTGATCCACTTAACCC	GGGUUAAGUGGAUCAGUGGCUAUGAUCGCC	0
NM_002649.3:1979-2008	NM_002649.3	NM_002649.3.fasta	1979	2008	+	30	GCGATCATAGCCACTGATCCACTTAACCCT	AGGGUUAAGUGGAUCAGUGGCUAUGAUCGC	0
NM_002649.3:1980-2009	NM_002649.3	NM_002649.3.fasta	1980	2009	+	30	CGATCATAGCCACTGATCCACTTAACCCTC	GAGGGUUAAGUGGAUCAGUGGCUAUGAUCG	0
NM_002649.3:1981-2010	NM_002649.3	NM_002649.3.fasta	1981	2010	+	30	GATCATAGCCACTGATCCACTTAACCCTCT	AGAGGGUUAAGUGGAUCAGUGGCUAUGAUC	0
NM_002649.3:1982-2011	NM_002649.3	NM_002649.3.fasta	1982	2011	+	30	ATCATAGCCACTGATCCACTTAACCCTCTC	GAGAGGGUUAAGUGGAUCAGUGGCUAUGAU	0
NM_002649.3:1983-2012	NM_002649.3	NM_002649.3.fasta	1983	2012	+	30	TCATAGCCACTGATCCACTTAACCCTCTCA	UGAGAGGGUUAAGUGGAUCAGUGGCUAUGA	0
NM_002649.3:1984-2013	NM_002649.3	NM_002649.3.fasta	1984	2013	+	30	CATAGCCACTGATCCACTTAACCCTCTCAC	GUGAGAGGGUUAAGUGGAUCAGUGGCUAUG	0
NM_002649.3:1985-2014	NM_002649.3	NM_002649.3.fasta	1985	2014	+	30	ATAGCCACTGATCCACTTAACCCTCTCACA	UGUGAGAGGGUUAAGUGGAUCAGUGGCUAU	0
NM_002649.3:1986-2015	NM_002649.3	NM_002649.3.fasta	1986	2015	+	30	TAGCCACTGATCCACTTAACCCTCTCACAG	CUGUGAGAGGGUUAAGUGGAUCAGUGGCUA	0
NM_002649.3:1987-2016	NM_002649.3	NM_002649.3.fasta	1987	2016	+	30	AGCCACTGATCCACTTAACCCTCTCACAGC	GCUGUGAGAGGGUUAAGUGGAUCAGUGGCU	0
NM_002649.3:1988-2017	NM_002649.3	NM_002649.3.fasta	1988	2017	+	30	GCCACTGATCCACTTAACCCTCTCACAGCA	UGCUGUGAGAGGGUUAAGUGGAUCAGUGGC	0
NM_002649.3:1989-2018	NM_002649.3	NM_002649.3.fasta	1989	2018	+	30	CCACTGATCCACTTAACCCTCTCACAGCAG	CUGCUGUGAGAGGGUUAAGUGGAUCAGUGG	0
NM_002649.3:1990-2019	NM_002649.3	NM_002649.3.fasta	1990	2019	+	30	CACTGATCCACTTAACCCTCTCACAGCAGA	UCUGCUGUGAGAGGGUUAAGUGGAUCAGUG	0
NM_002649.3:1991-2020	NM_002649.3	NM_002649.3.fasta	1991	2020	+	30	ACTGATCCACTTAACCCTCTCACAGCAGAG	CUCUGCUGUGAGAGGGUUAAGUGGAUCAGU	0
NM_002649.3:1992-2021	NM_002649.3	NM_002649.3.fasta	1992	2021	+	30	CTGATCCACTTAACCCTCTCACAGCAGAGG	CCUCUGCUGUGAGAGGGUUAAGUGGAUCAG	0
NM_002649.3:1993-2022	NM_002649.3	NM_002649.3.fasta	1993	2022	+	30	TGATCCACTTAACCCTCTCACAGCAGAGGA	UCCUCUGCUGUGAGAGGGUUAAGUGGAUCA	0
NM_002649.3:1994-2023	NM_002649.3	NM_002649.3.fasta	1994	2023	+	30	GATCCACTTAACCCTCTCACAGCAGAGGAC	GUCCUCUGCUGUGAGAGGGUUAAGUGGAUC	0
NM_002649.3:1995-2024	NM_002649.3	NM_002649.3.fasta	1995	2024	+	30	ATCCACTTAACCCTCTCACAGCAGAGGACA	UGUCCUCUGCUGUGAGAGGGUUAAGUGGAU	0
NM_002649.3:1996-2025	NM_002649.3	NM_002649.3.fasta	1996	2025	+	30	TCCACTTAACCCTCTCACAGCAGAGGACAA	UUGUCCUCUGCUGUGAGAGGGUUAAGUGGA	0
NM_002649.3:1997-2026	NM_002649.3	NM_002649.3.fasta	1997	2026	+	30	CCACTTAACCCTCTCACAGCAGAGGACAAA	UUUGUCCUCUGCUGUGAGAGGGUUAAGUGG	0
NM_002649.3:1998-2027	NM_002649.3	NM_002649.3.fasta	1998	2027	+	30	CACTTAACCCTCTCACAGCAGAGGACAAAG	CUUUGUCCUCUGCUGUGAGAGGGUUAAGUG	0
NM_002649.3:1999-2028	NM_002649.3	NM_002649.3.fasta	1999	2028	+	30	ACTTAACCCTCTCACAGCAGAGGACAAAGA	UCUUUGUCCUCUGCUGUGAGAGGGUUAAGU	0
NM_002649.3:2000-2029	NM_002649.3	NM_002649.3.fasta	2000	2029	+	30	CTTAACCCTCTCACAGCAGAGGACAAAGAA	UUCUUUGUCCUCUGCUGUGAGAGGGUUAAG	0
NM_002649.3:2001-2030	NM_002649.3	NM_002649.3.fasta	2001	2030	+	30	TTAACCCTCTCACAGCAGAGGACAAAGAAT	AUUCUUUGUCCUCUGCUGUGAGAGGGUUAA	0
NM_002649.3:2002-2031	NM_002649.3	NM_002649.3.fasta	2002	2031	+	30	TAACCCTCTCACAGCAGAGGACAAAGAATT	AAUUCUUUGUCCUCUGCUGUGAGAGGGUUA	0
NM_002649.3:2003-2032	NM_002649.3	NM_002649.3.fasta	2003	2032	+	30	AACCCTCTCACAGCAGAGGACAAAGAATTG	CAAUUCUUUGUCCUCUGCUGUGAGAGGGUU	0
NM_002649.3:2004-2033	NM_002649.3	NM_002649.3.fasta	2004	2033	+	30	ACCCTCTCACAGCAGAGGACAAAGAATTGC	GCAAUUCUUUGUCCUCUGCUGUGAGAGGGU	0
NM_002649.3:2005-2034	NM_002649.3	NM_002649.3.fasta	2005	2034	+	30	CCCTCTCACAGCAGAGGACAAAGAATTGCT	AGCAAUUCUUUGUCCUCUGCUGUGAGAGGG	0
NM_002649.3:2006-2035	NM_002649.3	NM_002649.3.fasta	2006	2035	+	30	CCTCTCACAGCAGAGGACAAAGAATTGCTC	GAGCAAUUCUUUGUCCUCUGCUGUGAGAGG	0
NM_002649.3:2007-2036	NM_002649.3	NM_002649.3.fasta	2007	2036	+	30	CTCTCACAGCAGAGGACAAAGAATTGCTCT	AGAGCAAUUCUUUGUCCUCUGCUGUGAGAG	0
NM_002649.3:2008-2037	NM_002649.3	NM_002649.3.fasta	2008	2037	+	30	TCTCACAGCAGAGGACAAAGAATTGCTCTG	CAGAGCAAUUCUUUGUCCUCUGCUGUGAGA	0
NM_002649.3:2009-2038	NM_002649.3	NM_002649.3.fasta	2009	2038	+	30	CTCACAGCAGAGGACAAAGAATTGCTCTGG	CCAGAGCAAUUCUUUGUCCUCUGCUGUGAG	0
NM_002649.3:2010-2039	NM_002649.3	NM_002649.3.fasta	2010	2039	+	30	TCACAGCAGAGGACAAAGAATTGCTCTGGC	GCCAGAGCAAUUCUUUGUCCUCUGCUGUGA	0
NM_002649.3:2011-2040	NM_002649.3	NM_002649.3.fasta	2011	2040	+	30	CACAGCAGAGGACAAAGAATTGCTCTGGCA	UGCCAGAGCAAUUCUUUGUCCUCUGCUGUG	0
NM_002649.3:2012-2041	NM_002649.3	NM_002649.3.fasta	2012	2041	+	30	ACAGCAGAGGACAAAGAATTGCTCTGGCAT	AUGCCAGAGCAAUUCUUUGUCCUCUGCUGU	0
NM_002649.3:2013-2042	NM_002649.3	NM_002649.3.fasta	2013	2042	+	30	CAGCAGAGGACAAAGAATTGCTCTGGCATT	AAUGCCAGAGCAAUUCUUUGUCCUCUGCUG	0
NM_002649.3:2014-2043	NM_002649.3	NM_002649.3.fasta	2014	2043	+	30	AGCAGAGGACAAAGAATTGCTCTGGCATTT	AAAUGCCAGAGCAAUUCUUUGUCCUCUGCU	0
NM_002649.3:2015-2044	NM_002649.3	NM_002649.3.fasta	2015	2044	+	30	GCAGAGGACAAAGAATTGCTCTGGCATTTT	AAAAUGCCAGAGCAAUUCUUUGUCCUCUGC	0
NM_002649.3:2016-2045	NM_002649.3	NM_002649.3.fasta	2016	2045	+	30	CAGAGGACAAAGAATTGCTCTGGCATTTTA	UAAAAUGCCAGAGCAAUUCUUUGUCCUCUG	0
NM_002649.3:2017-2046	NM_002649.3	NM_002649.3.fasta	2017	2046	+	30	AGAGGACAAAGAATTGCTCTGGCATTTTAG	CUAAAAUGCCAGAGCAAUUCUUUGUCCUCU	0
NM_002649.3:2018-2047	NM_002649.3	NM_002649.3.fasta	2018	2047	+	30	GAGGACAAAGAATTGCTCTGGCATTTTAGA	UCUAAAAUGCCAGAGCAAUUCUUUGUCCUC	0
NM_002649.3:2019-2048	NM_002649.3	NM_002649.3.fasta	2019	2048	+	30	AGGACAAAGAATTGCTCTGGCATTTTAGAT	AUCUAAAAUGCCAGAGCAAUUCUUUGUCCU	0
NM_002649.3:2020-2049	NM_002649.3	NM_002649.3.fasta	2020	2049	+	30	GGACAAAGAATTGCTCTGGCATTTTAGATA	UAUCUAAAAUGCCAGAGCAAUUCUUUGUCC	0
NM_002649.3:2021-2050	NM_002649.3	NM_002649.3.fasta	2021	2050	+	30	GACAAAGAATTGCTCTGGCATTTTAGATAC	GUAUCUAAAAUGCCAGAGCAAUUCUUUGUC	0
NM_002649.3:2022-2051	NM_002649.3	NM_002649.3.fasta	2022	2051	+	30	ACAAAGAATTGCTCTGGCATTTTAGATACG	CGUAUCUAAAAUGCCAGAGCAAUUCUUUGU	0
NM_002649.3:2023-2052	NM_002649.3	NM_002649.3.fasta	2023	2052	+	30	CAAAGAATTGCTCTGGCATTTTAGATACGA	UCGUAUCUAAAAUGCCAGAGCAAUUCUUUG	0
NM_002649.3:2024-2053	NM_002649.3	NM_002649.3.fasta	2024	2053	+	30	AAAGAATTGCTCTGGCATTTTAGATACGAA	UUCGUAUCUAAAAUGCCAGAGCAAUUCUUU	0
NM_002649.3:2025-2054	NM_002649.3	NM_002649.3.fasta	2025	2054	+	30	AAGAATTGCTCTGGCATTTTAGATACGAAA	UUUCGUAUCUAAAAUGCCAGAGCAAUUCUU	0
NM_002649.3:2026-2055	NM_002649.3	NM_002649.3.fasta	2026	2055	+	30	AGAATTGCTCTGGCATTTTAGATACGAAAG	CUUUCGUAUCUAAAAUGCCAGAGCAAUUCU	0
NM_002649.3:2027-2056	NM_002649.3	NM_002649.3.fasta	2027	2056	+	30	GAATTGCTCTGGCATTTTAGATACGAAAGC	GCUUUCGUAUCUAAAAUGCCAGAGCAAUUC	0
NM_002649.3:2028-2057	NM_002649.3	NM_002649.3.fasta	2028	2057	+	30	AATTGCTCTGGCATTTTAGATACGAAAGCC	GGCUUUCGUAUCUAAAAUGCCAGAGCAAUU	0
NM_002649.3:2029-2058	NM_002649.3	NM_002649.3.fasta	2029	2058	+	30	ATTGCTCTGGCATTTTAGATACGAAAGCCT	AGGCUUUCGUAUCUAAAAUGCCAGAGCAAU	0
NM_002649.3:2030-2059	NM_002649.3	NM_002649.3.fasta	2030	2059	+	30	TTGCTCTGGCATTTTAGATACGAAAGCCTT	AAGGCUUUCGUAUCUAAAAUGCCAGAGCAA	0
NM_002649.3:2031-2060	NM_002649.3	NM_002649.3.fasta	2031	2060	+	30	TGCTCTGGCATTTTAGATACGAAAGCCTTA	UAAGGCUUUCGUAUCUAAAAUGCCAGAGCA	0
NM_002649.3:2032-2061	NM_002649.3	NM_002649.3.fasta	2032	2061	+	30	GCTCTGGCATTTTAGATACGAAAGCCTTAA	UUAAGGCUUUCGUAUCUAAAAUGCCAGAGC	0
NM_002649.3:2033-2062	NM_002649.3	NM_002649.3.fasta	2033	2062	+	30	CTCTGGCATTTTAGATACGAAAGCCTTAAG	CUUAAGGCUUUCGUAUCUAAAAUGCCAGAG	0
NM_002649.3:2034-2063	NM_002649.3	NM_002649.3.fasta	2034	2063	+	30	TCTGGCATTTTAGATACGAAAGCCTTAAGC	GCUUAAGGCUUUCGUAUCUAAAAUGCCAGA	0
NM_002649.3:2035-2064	NM_002649.3	NM_002649.3.fasta	2035	2064	+	30	CTGGCATTTTAGATACGAAAGCCTTAAGCA	UGCUUAAGGCUUUCGUAUCUAAAAUGCCAG	0
NM_002649.3:2036-2065	NM_002649.3	NM_002649.3.fasta	2036	2065	+	30	TGGCATTTTAGATACGAAAGCCTTAAGCAC	GUGCUUAAGGCUUUCGUAUCUAAAAUGCCA	0
NM_002649.3:2037-2066	NM_002649.3	NM_002649.3.fasta	2037	2066	+	30	GGCATTTTAGATACGAAAGCCTTAAGCACC	GGUGCUUAAGGCUUUCGUAUCUAAAAUGCC	0
NM_002649.3:2038-2067	NM_002649.3	NM_002649.3.fasta	2038	2067	+	30	GCATTTTAGATACGAAAGCCTTAAGCACCC	GGGUGCUUAAGGCUUUCGUAUCUAAAAUGC	0
NM_002649.3:2039-2068	NM_002649.3	NM_002649.3.fasta	2039	2068	+	30	CATTTTAGATACGAAAGCCTTAAGCACCCA	UGGGUGCUUAAGGCUUUCGUAUCUAAAAUG	0
NM_002649.3:2040-2069	NM_002649.3	NM_002649.3.fasta	2040	2069	+	30	ATTTTAGATACGAAAGCCTTAAGCACCCAA	UUGGGUGCUUAAGGCUUUCGUAUCUAAAAU	0
NM_002649.3:2041-2070	NM_002649.3	NM_002649.3.fasta	2041	2070	+	30	TTTTAGATACGAAAGCCTTAAGCACCCAAA	UUUGGGUGCUUAAGGCUUUCGUAUCUAAAA	0
NM_002649.3:2042-2071	NM_002649.3	NM_002649.3.fasta	2042	2071	+	30	TTTAGATACGAAAGCCTTAAGCACCCAAAA	UUUUGGGUGCUUAAGGCUUUCGUAUCUAAA	0
NM_002649.3:2043-2072	NM_002649.3	NM_002649.3.fasta	2043	2072	+	30	TTAGATACGAAAGCCTTAAGCACCCAAAAG	CUUUUGGGUGCUUAAGGCUUUCGUAUCUAA	0
NM_002649.3:2044-2073	NM_002649.3	NM_002649.3.fasta	2044	2073	+	30	TAGATACGAAAGCCTTAAGCACCCAAAAGC	GCUUUUGGGUGCUUAAGGCUUUCGUAUCUA	0
NM_002649.3:2045-2074	NM_002649.3	NM_002649.3.fasta	2045	2074	+	30	AGATACGAAAGCCTTAAGCACCCAAAAGCA	UGCUUUUGGGUGCUUAAGGCUUUCGUAUCU	0
NM_002649.3:2046-2075	NM_002649.3	NM_002649.3.fasta	2046	2075	+	30	GATACGAAAGCCTTAAGCACCCAAAAGCAT	AUGCUUUUGGGUGCUUAAGGCUUUCGUAUC	0
NM_002649.3:2047-2076	NM_002649.3	NM_002649.3.fasta	2047	2076	+	30	ATACGAAAGCCTTAAGCACCCAAAAGCATA	UAUGCUUUUGGGUGCUUAAGGCUUUCGUAU	0
NM_002649.3:2048-2077	NM_002649.3	NM_002649.3.fasta	2048	2077	+	30	TACGAAAGCCTTAAGCACCCAAAAGCATAT	AUAUGCUUUUGGGUGCUUAAGGCUUUCGUA	0
NM_002649.3:2049-2078	NM_002649.3	NM_002649.3.fasta	2049	2078	+	30	ACGAAAGCCTTAAGCACCCAAAAGCATATC	GAUAUGCUUUUGGGUGCUUAAGGCUUUCGU	0
NM_002649.3:2050-2079	NM_002649.3	NM_002649.3.fasta	2050	2079	+	30	CGAAAGCCTTAAGCACCCAAAAGCATATCC	GGAUAUGCUUUUGGGUGCUUAAGGCUUUCG	0
NM_002649.3:2051-2080	NM_002649.3	NM_002649.3.fasta	2051	2080	+	30	GAAAGCCTTAAGCACCCAAAAGCATATCCT	AGGAUAUGCUUUUGGGUGCUUAAGGCUUUC	0
NM_002649.3:2052-2081	NM_002649.3	NM_002649.3.fasta	2052	2081	+	30	AAAGCCTTAAGCACCCAAAAGCATATCCTA	UAGGAUAUGCUUUUGGGUGCUUAAGGCUUU	0
NM_002649.3:2053-2082	NM_002649.3	NM_002649.3.fasta	2053	2082	+	30	AAGCCTTAAGCACCCAAAAGCATATCCTAA	UUAGGAUAUGCUUUUGGGUGCUUAAGGCUU	0
NM_002649.3:2054-2083	NM_002649.3	NM_002649.3.fasta	2054	2083	+	30	AGCCTTAAGCACCCAAAAGCATATCCTAAG	CUUAGGAUAUGCUUUUGGGUGCUUAAGGCU	0
NM_002649.3:2055-2084	NM_002649.3	NM_002649.3.fasta	2055	2084	+	30	GCCTTAAGCACCCAAAAGCATATCCTAAGC	GCUUAGGAUAUGCUUUUGGGUGCUUAAGGC	0
NM_002649.3:2056-2085	NM_002649.3	NM_002649.3.fasta	2056	2085	+	30	CCTTAAGCACCCAAAAGCATATCCTAAGCT	AGCUUAGGAUAUGCUUUUGGGUGCUUAAGG	0
NM_002649.3:2057-2086	NM_002649.3	NM_002649.3.fasta	2057	2086	+	30	CTTAAGCACCCAAAAGCATATCCTAAGCTA	UAGCUUAGGAUAUGCUUUUGGGUGCUUAAG	0
NM_002649.3:2058-2087	NM_002649.3	NM_002649.3.fasta	2058	2087	+	30	TTAAGCACCCAAAAGCATATCCTAAGCTAT	AUAGCUUAGGAUAUGCUUUUGGGUGCUUAA	0
NM_002649.3:2059-2088	NM_002649.3	NM_002649.3.fasta	2059	2088	+	30	TAAGCACCCAAAAGCATATCCTAAGCTATT	AAUAGCUUAGGAUAUGCUUUUGGGUGCUUA	0
NM_002649.3:2060-2089	NM_002649.3	NM_002649.3.fasta	2060	2089	+	30	AAGCACCCAAAAGCATATCCTAAGCTATTT	AAAUAGCUUAGGAUAUGCUUUUGGGUGCUU	0
NM_002649.3:2061-2090	NM_002649.3	NM_002649.3.fasta	2061	2090	+	30	AGCACCCAAAAGCATATCCTAAGCTATTTA	UAAAUAGCUUAGGAUAUGCUUUUGGGUGCU	0
NM_002649.3:2062-2091	NM_002649.3	NM_002649.3.fasta	2062	2091	+	30	GCACCCAAAAGCATATCCTAAGCTATTTAG	CUAAAUAGCUUAGGAUAUGCUUUUGGGUGC	0
NM_002649.3:2063-2092	NM_002649.3	NM_002649.3.fasta	2063	2092	+	30	CACCCAAAAGCATATCCTAAGCTATTTAGT	ACUAAAUAGCUUAGGAUAUGCUUUUGGGUG	0
NM_002649.3:2064-2093	NM_002649.3	NM_002649.3.fasta	2064	2093	+	30	ACCCAAAAGCATATCCTAAGCTATTTAGTT	AACUAAAUAGCUUAGGAUAUGCUUUUGGGU	0
NM_002649.3:2065-2094	NM_002649.3	NM_002649.3.fasta	2065	2094	+	30	CCCAAAAGCATATCCTAAGCTATTTAGTTC	GAACUAAAUAGCUUAGGAUAUGCUUUUGGG	0
NM_002649.3:2066-2095	NM_002649.3	NM_002649.3.fasta	2066	2095	+	30	CCAAAAGCATATCCTAAGCTATTTAGTTCA	UGAACUAAAUAGCUUAGGAUAUGCUUUUGG	0
NM_002649.3:2067-2096	NM_002649.3	NM_002649.3.fasta	2067	2096	+	30	CAAAAGCATATCCTAAGCTATTTAGTTCAG	CUGAACUAAAUAGCUUAGGAUAUGCUUUUG	0
NM_002649.3:2068-2097	NM_002649.3	NM_002649.3.fasta	2068	2097	+	30	AAAAGCATATCCTAAGCTATTTAGTTCAGT	ACUGAACUAAAUAGCUUAGGAUAUGCUUUU	0
NM_002649.3:2069-2098	NM_002649.3	NM_002649.3.fasta	2069	2098	+	30	AAAGCATATCCTAAGCTATTTAGTTCAGTG	CACUGAACUAAAUAGCUUAGGAUAUGCUUU	0
NM_002649.3:2070-2099	NM_002649.3	NM_002649.3.fasta	2070	2099	+	30	AAGCATATCCTAAGCTATTTAGTTCAGTGA	UCACUGAACUAAAUAGCUUAGGAUAUGCUU	0
NM_002649.3:2071-2100	NM_002649.3	NM_002649.3.fasta	2071	2100	+	30	AGCATATCCTAAGCTATTTAGTTCAGTGAA	UUCACUGAACUAAAUAGCUUAGGAUAUGCU	0
NM_002649.3:2072-2101	NM_002649.3	NM_002649.3.fasta	2072	2101	+	30	GCATATCCTAAGCTATTTAGTTCAGTGAAA	UUUCACUGAACUAAAUAGCUUAGGAUAUGC	0
NM_002649.3:2073-2102	NM_002649.3	NM_002649.3.fasta	2073	2102	+	30	CATATCCTAAGCTATTTAGTTCAGTGAAAT	AUUUCACUGAACUAAAUAGCUUAGGAUAUG	0
NM_002649.3:2074-2103	NM_002649.3	NM_002649.3.fasta	2074	2103	+	30	ATATCCTAAGCTATTTAGTTCAGTGAAATG	CAUUUCACUGAACUAAAUAGCUUAGGAUAU	0
NM_002649.3:2075-2104	NM_002649.3	NM_002649.3.fasta	2075	2104	+	30	TATCCTAAGCTATTTAGTTCAGTGAAATGG	CCAUUUCACUGAACUAAAUAGCUUAGGAUA	0
NM_002649.3:2076-2105	NM_002649.3	NM_002649.3.fasta	2076	2105	+	30	ATCCTAAGCTATTTAGTTCAGTGAAATGGG	CCCAUUUCACUGAACUAAAUAGCUUAGGAU	0
NM_002649.3:2077-2106	NM_002649.3	NM_002649.3.fasta	2077	2106	+	30	TCCTAAGCTATTTAGTTCAGTGAAATGGGG	CCCCAUUUCACUGAACUAAAUAGCUUAGGA	0
NM_002649.3:2078-2107	NM_002649.3	NM_002649.3.fasta	2078	2107	+	30	CCTAAGCTATTTAGTTCAGTGAAATGGGGA	UCCCCAUUUCACUGAACUAAAUAGCUUAGG	0
NM_002649.3:2079-2108	NM_002649.3	NM_002649.3.fasta	2079	2108	+	30	CTAAGCTATTTAGTTCAGTGAAATGGGGAC	GUCCCCAUUUCACUGAACUAAAUAGCUUAG	0
NM_002649.3:2080-2109	NM_002649.3	NM_002649.3.fasta	2080	2109	+	30	TAAGCTATTTAGTTCAGTGAAATGGGGACA	UGUCCCCAUUUCACUGAACUAAAUAGCUUA	0
NM_002649.3:2081-2110	NM_002649.3	NM_002649.3.fasta	2081	2110	+	30	AAGCTATTTAGTTCAGTGAAATGGGGACAG	CUGUCCCCAUUUCACUGAACUAAAUAGCUU	0
NM_002649.3:2082-2111	NM_002649.3	NM_002649.3.fasta	2082	2111	+	30	AGCTATTTAGTTCAGTGAAATGGGGACAGC	GCUGUCCCCAUUUCACUGAACUAAAUAGCU	0
NM_002649.3:2083-2112	NM_002649.3	NM_002649.3.fasta	2083	2112	+	30	GCTATTTAGTTCAGTGAAATGGGGACAGCA	UGCUGUCCCCAUUUCACUGAACUAAAUAGC	0
NM_002649.3:2084-2113	NM_002649.3	NM_002649.3.fasta	2084	2113	+	30	CTATTTAGTTCAGTGAAATGGGGACAGCAA	UUGCUGUCCCCAUUUCACUGAACUAAAUAG	0
NM_002649.3:2085-2114	NM_002649.3	NM_002649.3.fasta	2085	2114	+	30	TATTTAGTTCAGTGAAATGGGGACAGCAAG	CUUGCUGUCCCCAUUUCACUGAACUAAAUA	0
NM_002649.3:2086-2115	NM_002649.3	NM_002649.3.fasta	2086	2115	+	30	ATTTAGTTCAGTGAAATGGGGACAGCAAGA	UCUUGCUGUCCCCAUUUCACUGAACUAAAU	0
NM_002649.3:2087-2116	NM_002649.3	NM_002649.3.fasta	2087	2116	+	30	TTTAGTTCAGTGAAATGGGGACAGCAAGAA	UUCUUGCUGUCCCCAUUUCACUGAACUAAA	0
NM_002649.3:2088-2117	NM_002649.3	NM_002649.3.fasta	2088	2117	+	30	TTAGTTCAGTGAAATGGGGACAGCAAGAAA	UUUCUUGCUGUCCCCAUUUCACUGAACUAA	0
NM_002649.3:2089-2118	NM_002649.3	NM_002649.3.fasta	2089	2118	+	30	TAGTTCAGTGAAATGGGGACAGCAAGAAAT	AUUUCUUGCUGUCCCCAUUUCACUGAACUA	0
NM_002649.3:2090-2119	NM_002649.3	NM_002649.3.fasta	2090	2119	+	30	AGTTCAGTGAAATGGGGACAGCAAGAAATT	AAUUUCUUGCUGUCCCCAUUUCACUGAACU	0
NM_002649.3:2091-2120	NM_002649.3	NM_002649.3.fasta	2091	2120	+	30	GTTCAGTGAAATGGGGACAGCAAGAAATTG	CAAUUUCUUGCUGUCCCCAUUUCACUGAAC	0
NM_002649.3:2092-2121	NM_002649.3	NM_002649.3.fasta	2092	2121	+	30	TTCAGTGAAATGGGGACAGCAAGAAATTGT	ACAAUUUCUUGCUGUCCCCAUUUCACUGAA	0
NM_002649.3:2093-2122	NM_002649.3	NM_002649.3.fasta	2093	2122	+	30	TCAGTGAAATGGGGACAGCAAGAAATTGTG	CACAAUUUCUUGCUGUCCCCAUUUCACUGA	0
NM_002649.3:2094-2123	NM_002649.3	NM_002649.3.fasta	2094	2123	+	30	CAGTGAAATGGGGACAGCAAGAAATTGTGG	CCACAAUUUCUUGCUGUCCCCAUUUCACUG	0
NM_002649.3:2095-2124	NM_002649.3	NM_002649.3.fasta	2095	2124	+	30	AGTGAAATGGGGACAGCAAGAAATTGTGGC	GCCACAAUUUCUUGCUGUCCCCAUUUCACU	0
NM_002649.3:2096-2125	NM_002649.3	NM_002649.3.fasta	2096	2125	+	30	GTGAAATGGGGACAGCAAGAAATTGTGGCC	GGCCACAAUUUCUUGCUGUCCCCAUUUCAC	0
NM_002649.3:2097-2126	NM_002649.3	NM_002649.3.fasta	2097	2126	+	30	TGAAATGGGGACAGCAAGAAATTGTGGCCA	UGGCCACAAUUUCUUGCUGUCCCCAUUUCA	0
NM_002649.3:2098-2127	NM_002649.3	NM_002649.3.fasta	2098	2127	+	30	GAAATGGGGACAGCAAGAAATTGTGGCCAA	UUGGCCACAAUUUCUUGCUGUCCCCAUUUC	0
NM_002649.3:2099-2128	NM_002649.3	NM_002649.3.fasta	2099	2128	+	30	AAATGGGGACAGCAAGAAATTGTGGCCAAA	UUUGGCCACAAUUUCUUGCUGUCCCCAUUU	0
NM_002649.3:2100-2129	NM_002649.3	NM_002649.3.fasta	2100	2129	+	30	AATGGGGACAGCAAGAAATTGTGGCCAAAA	UUUUGGCCACAAUUUCUUGCUGUCCCCAUU	0
NM_002649.3:2101-2130	NM_002649.3	NM_002649.3.fasta	2101	2130	+	30	ATGGGGACAGCAAGAAATTGTGGCCAAAAC	GUUUUGGCCACAAUUUCUUGCUGUCCCCAU	0
NM_002649.3:2102-2131	NM_002649.3	NM_002649.3.fasta	2102	2131	+	30	TGGGGACAGCAAGAAATTGTGGCCAAAACA	UGUUUUGGCCACAAUUUCUUGCUGUCCCCA	0
NM_002649.3:2103-2132	NM_002649.3	NM_002649.3.fasta	2103	2132	+	30	GGGGACAGCAAGAAATTGTGGCCAAAACAT	AUGUUUUGGCCACAAUUUCUUGCUGUCCCC	0
NM_002649.3:2104-2133	NM_002649.3	NM_002649.3.fasta	2104	2133	+	30	GGGACAGCAAGAAATTGTGGCCAAAACATA	UAUGUUUUGGCCACAAUUUCUUGCUGUCCC	0
NM_002649.3:2105-2134	NM_002649.3	NM_002649.3.fasta	2105	2134	+	30	GGACAGCAAGAAATTGTGGCCAAAACATAC	GUAUGUUUUGGCCACAAUUUCUUGCUGUCC	0
NM_002649.3:2106-2135	NM_002649.3	NM_002649.3.fasta	2106	2135	+	30	GACAGCAAGAAATTGTGGCCAAAACATACC	GGUAUGUUUUGGCCACAAUUUCUUGCUGUC	0
NM_002649.3:2107-2136	NM_002649.3	NM_002649.3.fasta	2107	2136	+	30	ACAGCAAGAAATTGTGGCCAAAACATACCA	UGGUAUGUUUUGGCCACAAUUUCUUGCUGU	0
NM_002649.3:2108-2137	NM_002649.3	NM_002649.3.fasta	2108	2137	+	30	CAGCAAGAAATTGTGGCCAAAACATACCAA	UUGGUAUGUUUUGGCCACAAUUUCUUGCUG	0
NM_002649.3:2109-2138	NM_002649.3	NM_002649.3.fasta	2109	2138	+	30	AGCAAGAAATTGTGGCCAAAACATACCAAT	AUUGGUAUGUUUUGGCCACAAUUUCUUGCU	0
NM_002649.3:2110-2139	NM_002649.3	NM_002649.3.fasta	2110	2139	+	30	GCAAGAAATTGTGGCCAAAACATACCAATT	AAUUGGUAUGUUUUGGCCACAAUUUCUUGC	0
NM_002649.3:2111-2140	NM_002649.3	NM_002649.3.fasta	2111	2140	+	30	CAAGAAATTGTGGCCAAAACATACCAATTG	CAAUUGGUAUGUUUUGGCCACAAUUUCUUG	0
NM_002649.3:2112-2141	NM_002649.3	NM_002649.3.fasta	2112	2141	+	30	AAGAAATTGTGGCCAAAACATACCAATTGT	ACAAUUGGUAUGUUUUGGCCACAAUUUCUU	0
NM_002649.3:2113-2142	NM_002649.3	NM_002649.3.fasta	2113	2142	+	30	AGAAATTGTGGCCAAAACATACCAATTGTT	AACAAUUGGUAUGUUUUGGCCACAAUUUCU	0
NM_002649.3:2114-2143	NM_002649.3	NM_002649.3.fasta	2114	2143	+	30	GAAATTGTGGCCAAAACATACCAATTGTTG	CAACAAUUGGUAUGUUUUGGCCACAAUUUC	0
NM_002649.3:2115-2144	NM_002649.3	NM_002649.3.fasta	2115	2144	+	30	AAATTGTGGCCAAAACATACCAATTGTTGG	CCAACAAUUGGUAUGUUUUGGCCACAAUUU	0
NM_002649.3:2116-2145	NM_002649.3	NM_002649.3.fasta	2116	2145	+	30	AATTGTGGCCAAAACATACCAATTGTTGGC	GCCAACAAUUGGUAUGUUUUGGCCACAAUU	0
NM_002649.3:2117-2146	NM_002649.3	NM_002649.3.fasta	2117	2146	+	30	ATTGTGGCCAAAACATACCAATTGTTGGCC	GGCCAACAAUUGGUAUGUUUUGGCCACAAU	0
NM_002649.3:2118-2147	NM_002649.3	NM_002649.3.fasta	2118	2147	+	30	TTGTGGCCAAAACATACCAATTGTTGGCCA	UGGCCAACAAUUGGUAUGUUUUGGCCACAA	0
NM_002649.3:2119-2148	NM_002649.3	NM_002649.3.fasta	2119	2148	+	30	TGTGGCCAAAACATACCAATTGTTGGCCAG	CUGGCCAACAAUUGGUAUGUUUUGGCCACA	0
NM_002649.3:2120-2149	NM_002649.3	NM_002649.3.fasta	2120	2149	+	30	GTGGCCAAAACATACCAATTGTTGGCCAGA	UCUGGCCAACAAUUGGUAUGUUUUGGCCAC	0
NM_002649.3:2121-2150	NM_002649.3	NM_002649.3.fasta	2121	2150	+	30	TGGCCAAAACATACCAATTGTTGGCCAGAA	UUCUGGCCAACAAUUGGUAUGUUUUGGCCA	0
NM_002649.3:2122-2151	NM_002649.3	NM_002649.3.fasta	2122	2151	+	30	GGCCAAAACATACCAATTGTTGGCCAGAAG	CUUCUGGCCAACAAUUGGUAUGUUUUGGCC	0
NM_002649.3:2123-2152	NM_002649.3	NM_002649.3.fasta	2123	2152	+	30	GCCAAAACATACCAATTGTTGGCCAGAAGG	CCUUCUGGCCAACAAUUGGUAUGUUUUGGC	0
NM_002649.3:2124-2153	NM_002649.3	NM_002649.3.fasta	2124	2153	+	30	CCAAAACATACCAATTGTTGGCCAGAAGGG	CCCUUCUGGCCAACAAUUGGUAUGUUUUGG	0
NM_002649.3:2125-2154	NM_002649.3	NM_002649.3.fasta	2125	2154	+	30	CAAAACATACCAATTGTTGGCCAGAAGGGA	UCCCUUCUGGCCAACAAUUGGUAUGUUUUG	0
NM_002649.3:2126-2155	NM_002649.3	NM_002649.3.fasta	2126	2155	+	30	AAAACATACCAATTGTTGGCCAGAAGGGAA	UUCCCUUCUGGCCAACAAUUGGUAUGUUUU	0
NM_002649.3:2127-2156	NM_002649.3	NM_002649.3.fasta	2127	2156	+	30	AAACATACCAATTGTTGGCCAGAAGGGAAG	CUUCCCUUCUGGCCAACAAUUGGUAUGUUU	0
NM_002649.3:2128-2157	NM_002649.3	NM_002649.3.fasta	2128	2157	+	30	AACATACCAATTGTTGGCCAGAAGGGAAGT	ACUUCCCUUCUGGCCAACAAUUGGUAUGUU	0
NM_002649.3:2129-2158	NM_002649.3	NM_002649.3.fasta	2129	2158	+	30	ACATACCAATTGTTGGCCAGAAGGGAAGTC	GACUUCCCUUCUGGCCAACAAUUGGUAUGU	0
NM_002649.3:2130-2159	NM_002649.3	NM_002649.3.fasta	2130	2159	+	30	CATACCAATTGTTGGCCAGAAGGGAAGTCT	AGACUUCCCUUCUGGCCAACAAUUGGUAUG	0
NM_002649.3:2131-2160	NM_002649.3	NM_002649.3.fasta	2131	2160	+	30	ATACCAATTGTTGGCCAGAAGGGAAGTCTG	CAGACUUCCCUUCUGGCCAACAAUUGGUAU	0
NM_002649.3:2132-2161	NM_002649.3	NM_002649.3.fasta	2132	2161	+	30	TACCAATTGTTGGCCAGAAGGGAAGTCTGG	CCAGACUUCCCUUCUGGCCAACAAUUGGUA	0
NM_002649.3:2133-2162	NM_002649.3	NM_002649.3.fasta	2133	2162	+	30	ACCAATTGTTGGCCAGAAGGGAAGTCTGGG	CCCAGACUUCCCUUCUGGCCAACAAUUGGU	0
NM_002649.3:2134-2163	NM_002649.3	NM_002649.3.fasta	2134	2163	+	30	CCAATTGTTGGCCAGAAGGGAAGTCTGGGA	UCCCAGACUUCCCUUCUGGCCAACAAUUGG	0
NM_002649.3:2135-2164	NM_002649.3	NM_002649.3.fasta	2135	2164	+	30	CAATTGTTGGCCAGAAGGGAAGTCTGGGAT	AUCCCAGACUUCCCUUCUGGCCAACAAUUG	0
NM_002649.3:2136-2165	NM_002649.3	NM_002649.3.fasta	2136	2165	+	30	AATTGTTGGCCAGAAGGGAAGTCTGGGATC	GAUCCCAGACUUCCCUUCUGGCCAACAAUU	0
NM_002649.3:2137-2166	NM_002649.3	NM_002649.3.fasta	2137	2166	+	30	ATTGTTGGCCAGAAGGGAAGTCTGGGATCA	UGAUCCCAGACUUCCCUUCUGGCCAACAAU	0
NM_002649.3:2138-2167	NM_002649.3	NM_002649.3.fasta	2138	2167	+	30	TTGTTGGCCAGAAGGGAAGTCTGGGATCAA	UUGAUCCCAGACUUCCCUUCUGGCCAACAA	0
NM_002649.3:2139-2168	NM_002649.3	NM_002649.3.fasta	2139	2168	+	30	TGTTGGCCAGAAGGGAAGTCTGGGATCAAA	UUUGAUCCCAGACUUCCCUUCUGGCCAACA	0
NM_002649.3:2140-2169	NM_002649.3	NM_002649.3.fasta	2140	2169	+	30	GTTGGCCAGAAGGGAAGTCTGGGATCAAAG	CUUUGAUCCCAGACUUCCCUUCUGGCCAAC	0
NM_002649.3:2141-2170	NM_002649.3	NM_002649.3.fasta	2141	2170	+	30	TTGGCCAGAAGGGAAGTCTGGGATCAAAGT	ACUUUGAUCCCAGACUUCCCUUCUGGCCAA	0
NM_002649.3:2142-2171	NM_002649.3	NM_002649.3.fasta	2142	2171	+	30	TGGCCAGAAGGGAAGTCTGGGATCAAAGTG	CACUUUGAUCCCAGACUUCCCUUCUGGCCA	0
NM_002649.3:2143-2172	NM_002649.3	NM_002649.3.fasta	2143	2172	+	30	GGCCAGAAGGGAAGTCTGGGATCAAAGTGC	GCACUUUGAUCCCAGACUUCCCUUCUGGCC	0
NM_002649.3:2144-2173	NM_002649.3	NM_002649.3.fasta	2144	2173	+	30	GCCAGAAGGGAAGTCTGGGATCAAAGTGCT	AGCACUUUGAUCCCAGACUUCCCUUCUGGC	0
NM_002649.3:2145-2174	NM_002649.3	NM_002649.3.fasta	2145	2174	+	30	CCAGAAGGGAAGTCTGGGATCAAAGTGCTT	AAGCACUUUGAUCCCAGACUUCCCUUCUGG	0
NM_002649.3:2146-2175	NM_002649.3	NM_002649.3.fasta	2146	2175	+	30	CAGAAGGGAAGTCTGGGATCAAAGTGCTTT	AAAGCACUUUGAUCCCAGACUUCCCUUCUG	0
NM_002649.3:2147-2176	NM_002649.3	NM_002649.3.fasta	2147	2176	+	30	AGAAGGGAAGTCTGGGATCAAAGTGCTTTG	CAAAGCACUUUGAUCCCAGACUUCCCUUCU	0
NM_002649.3:2148-2177	NM_002649.3	NM_002649.3.fasta	2148	2177	+	30	GAAGGGAAGTCTGGGATCAAAGTGCTTTGG	CCAAAGCACUUUGAUCCCAGACUUCCCUUC	0
NM_002649.3:2149-2178	NM_002649.3	NM_002649.3.fasta	2149	2178	+	30	AAGGGAAGTCTGGGATCAAAGTGCTTTGGA	UCCAAAGCACUUUGAUCCCAGACUUCCCUU	0
NM_002649.3:2150-2179	NM_002649.3	NM_002649.3.fasta	2150	2179	+	30	AGGGAAGTCTGGGATCAAAGTGCTTTGGAT	AUCCAAAGCACUUUGAUCCCAGACUUCCCU	0
NM_002649.3:2151-2180	NM_002649.3	NM_002649.3.fasta	2151	2180	+	30	GGGAAGTCTGGGATCAAAGTGCTTTGGATG	CAUCCAAAGCACUUUGAUCCCAGACUUCCC	0
NM_002649.3:2152-2181	NM_002649.3	NM_002649.3.fasta	2152	2181	+	30	GGAAGTCTGGGATCAAAGTGCTTTGGATGT	ACAUCCAAAGCACUUUGAUCCCAGACUUCC	0
NM_002649.3:2153-2182	NM_002649.3	NM_002649.3.fasta	2153	2182	+	30	GAAGTCTGGGATCAAAGTGCTTTGGATGTT	AACAUCCAAAGCACUUUGAUCCCAGACUUC	0
NM_002649.3:2154-2183	NM_002649.3	NM_002649.3.fasta	2154	2183	+	30	AAGTCTGGGATCAAAGTGCTTTGGATGTTG	CAACAUCCAAAGCACUUUGAUCCCAGACUU	0
NM_002649.3:2155-2184	NM_002649.3	NM_002649.3.fasta	2155	2184	+	30	AGTCTGGGATCAAAGTGCTTTGGATGTTGG	CCAACAUCCAAAGCACUUUGAUCCCAGACU	0
NM_002649.3:2156-2185	NM_002649.3	NM_002649.3.fasta	2156	2185	+	30	GTCTGGGATCAAAGTGCTTTGGATGTTGGG	CCCAACAUCCAAAGCACUUUGAUCCCAGAC	0
NM_002649.3:2157-2186	NM_002649.3	NM_002649.3.fasta	2157	2186	+	30	TCTGGGATCAAAGTGCTTTGGATGTTGGGT	ACCCAACAUCCAAAGCACUUUGAUCCCAGA	0
NM_002649.3:2158-2187	NM_002649.3	NM_002649.3.fasta	2158	2187	+	30	CTGGGATCAAAGTGCTTTGGATGTTGGGTT	AACCCAACAUCCAAAGCACUUUGAUCCCAG	0
NM_002649.3:2159-2188	NM_002649.3	NM_002649.3.fasta	2159	2188	+	30	TGGGATCAAAGTGCTTTGGATGTTGGGTTA	UAACCCAACAUCCAAAGCACUUUGAUCCCA	0
NM_002649.3:2160-2189	NM_002649.3	NM_002649.3.fasta	2160	2189	+	30	GGGATCAAAGTGCTTTGGATGTTGGGTTAA	UUAACCCAACAUCCAAAGCACUUUGAUCCC	0
NM_002649.3:2161-2190	NM_002649.3	NM_002649.3.fasta	2161	2190	+	30	GGATCAAAGTGCTTTGGATGTTGGGTTAAC	GUUAACCCAACAUCCAAAGCACUUUGAUCC	0
NM_002649.3:2162-2191	NM_002649.3	NM_002649.3.fasta	2162	2191	+	30	GATCAAAGTGCTTTGGATGTTGGGTTAACA	UGUUAACCCAACAUCCAAAGCACUUUGAUC	0
NM_002649.3:2163-2192	NM_002649.3	NM_002649.3.fasta	2163	2192	+	30	ATCAAAGTGCTTTGGATGTTGGGTTAACAA	UUGUUAACCCAACAUCCAAAGCACUUUGAU	0
NM_002649.3:2164-2193	NM_002649.3	NM_002649.3.fasta	2164	2193	+	30	TCAAAGTGCTTTGGATGTTGGGTTAACAAT	AUUGUUAACCCAACAUCCAAAGCACUUUGA	0
NM_002649.3:2165-2194	NM_002649.3	NM_002649.3.fasta	2165	2194	+	30	CAAAGTGCTTTGGATGTTGGGTTAACAATG	CAUUGUUAACCCAACAUCCAAAGCACUUUG	0
NM_002649.3:2166-2195	NM_002649.3	NM_002649.3.fasta	2166	2195	+	30	AAAGTGCTTTGGATGTTGGGTTAACAATGC	GCAUUGUUAACCCAACAUCCAAAGCACUUU	0
NM_002649.3:2167-2196	NM_002649.3	NM_002649.3.fasta	2167	2196	+	30	AAGTGCTTTGGATGTTGGGTTAACAATGCA	UGCAUUGUUAACCCAACAUCCAAAGCACUU	0
NM_002649.3:2168-2197	NM_002649.3	NM_002649.3.fasta	2168	2197	+	30	AGTGCTTTGGATGTTGGGTTAACAATGCAG	CUGCAUUGUUAACCCAACAUCCAAAGCACU	0
NM_002649.3:2169-2198	NM_002649.3	NM_002649.3.fasta	2169	2198	+	30	GTGCTTTGGATGTTGGGTTAACAATGCAGC	GCUGCAUUGUUAACCCAACAUCCAAAGCAC	0
NM_002649.3:2170-2199	NM_002649.3	NM_002649.3.fasta	2170	2199	+	30	TGCTTTGGATGTTGGGTTAACAATGCAGCT	AGCUGCAUUGUUAACCCAACAUCCAAAGCA	0
NM_002649.3:2171-2200	NM_002649.3	NM_002649.3.fasta	2171	2200	+	30	GCTTTGGATGTTGGGTTAACAATGCAGCTC	GAGCUGCAUUGUUAACCCAACAUCCAAAGC	0
NM_002649.3:2172-2201	NM_002649.3	NM_002649.3.fasta	2172	2201	+	30	CTTTGGATGTTGGGTTAACAATGCAGCTCC	GGAGCUGCAUUGUUAACCCAACAUCCAAAG	0
NM_002649.3:2173-2202	NM_002649.3	NM_002649.3.fasta	2173	2202	+	30	TTTGGATGTTGGGTTAACAATGCAGCTCCT	AGGAGCUGCAUUGUUAACCCAACAUCCAAA	0
NM_002649.3:2174-2203	NM_002649.3	NM_002649.3.fasta	2174	2203	+	30	TTGGATGTTGGGTTAACAATGCAGCTCCTG	CAGGAGCUGCAUUGUUAACCCAACAUCCAA	0
NM_002649.3:2175-2204	NM_002649.3	NM_002649.3.fasta	2175	2204	+	30	TGGATGTTGGGTTAACAATGCAGCTCCTGG	CCAGGAGCUGCAUUGUUAACCCAACAUCCA	0
NM_002649.3:2176-2205	NM_002649.3	NM_002649.3.fasta	2176	2205	+	30	GGATGTTGGGTTAACAATGCAGCTCCTGGA	UCCAGGAGCUGCAUUGUUAACCCAACAUCC	0
NM_002649.3:2177-2206	NM_002649.3	NM_002649.3.fasta	2177	2206	+	30	GATGTTGGGTTAACAATGCAGCTCCTGGAC	GUCCAGGAGCUGCAUUGUUAACCCAACAUC	0
NM_002649.3:2178-2207	NM_002649.3	NM_002649.3.fasta	2178	2207	+	30	ATGTTGGGTTAACAATGCAGCTCCTGGACT	AGUCCAGGAGCUGCAUUGUUAACCCAACAU	0
NM_002649.3:2179-2208	NM_002649.3	NM_002649.3.fasta	2179	2208	+	30	TGTTGGGTTAACAATGCAGCTCCTGGACTG	CAGUCCAGGAGCUGCAUUGUUAACCCAACA	0
NM_002649.3:2180-2209	NM_002649.3	NM_002649.3.fasta	2180	2209	+	30	GTTGGGTTAACAATGCAGCTCCTGGACTGC	GCAGUCCAGGAGCUGCAUUGUUAACCCAAC	0
NM_002649.3:2181-2210	NM_002649.3	NM_002649.3.fasta	2181	2210	+	30	TTGGGTTAACAATGCAGCTCCTGGACTGCA	UGCAGUCCAGGAGCUGCAUUGUUAACCCAA	0
NM_002649.3:2182-2211	NM_002649.3	NM_002649.3.fasta	2182	2211	+	30	TGGGTTAACAATGCAGCTCCTGGACTGCAA	UUGCAGUCCAGGAGCUGCAUUGUUAACCCA	0
NM_002649.3:2183-2212	NM_002649.3	NM_002649.3.fasta	2183	2212	+	30	GGGTTAACAATGCAGCTCCTGGACTGCAAC	GUUGCAGUCCAGGAGCUGCAUUGUUAACCC	0
NM_002649.3:2184-2213	NM_002649.3	NM_002649.3.fasta	2184	2213	+	30	GGTTAACAATGCAGCTCCTGGACTGCAACT	AGUUGCAGUCCAGGAGCUGCAUUGUUAACC	0
NM_002649.3:2185-2214	NM_002649.3	NM_002649.3.fasta	2185	2214	+	30	GTTAACAATGCAGCTCCTGGACTGCAACTT	AAGUUGCAGUCCAGGAGCUGCAUUGUUAAC	0
NM_002649.3:2186-2215	NM_002649.3	NM_002649.3.fasta	2186	2215	+	30	TTAACAATGCAGCTCCTGGACTGCAACTTC	GAAGUUGCAGUCCAGGAGCUGCAUUGUUAA	0
NM_002649.3:2187-2216	NM_002649.3	NM_002649.3.fasta	2187	2216	+	30	TAACAATGCAGCTCCTGGACTGCAACTTCT	AGAAGUUGCAGUCCAGGAGCUGCAUUGUUA	0
NM_002649.3:2188-2217	NM_002649.3	NM_002649.3.fasta	2188	2217	+	30	AACAATGCAGCTCCTGGACTGCAACTTCTC	GAGAAGUUGCAGUCCAGGAGCUGCAUUGUU	0
NM_002649.3:2189-2218	NM_002649.3	NM_002649.3.fasta	2189	2218	+	30	ACAATGCAGCTCCTGGACTGCAACTTCTCA	UGAGAAGUUGCAGUCCAGGAGCUGCAUUGU	0
NM_002649.3:2190-2219	NM_002649.3	NM_002649.3.fasta	2190	2219	+	30	CAATGCAGCTCCTGGACTGCAACTTCTCAG	CUGAGAAGUUGCAGUCCAGGAGCUGCAUUG	0
NM_002649.3:2191-2220	NM_002649.3	NM_002649.3.fasta	2191	2220	+	30	AATGCAGCTCCTGGACTGCAACTTCTCAGA	UCUGAGAAGUUGCAGUCCAGGAGCUGCAUU	0
NM_002649.3:2192-2221	NM_002649.3	NM_002649.3.fasta	2192	2221	+	30	ATGCAGCTCCTGGACTGCAACTTCTCAGAT	AUCUGAGAAGUUGCAGUCCAGGAGCUGCAU	0
NM_002649.3:2193-2222	NM_002649.3	NM_002649.3.fasta	2193	2222	+	30	TGCAGCTCCTGGACTGCAACTTCTCAGATG	CAUCUGAGAAGUUGCAGUCCAGGAGCUGCA	0
NM_002649.3:2194-2223	NM_002649.3	NM_002649.3.fasta	2194	2223	+	30	GCAGCTCCTGGACTGCAACTTCTCAGATGA	UCAUCUGAGAAGUUGCAGUCCAGGAGCUGC	0
NM_002649.3:2195-2224	NM_002649.3	NM_002649.3.fasta	2195	2224	+	30	CAGCTCCTGGACTGCAACTTCTCAGATGAA	UUCAUCUGAGAAGUUGCAGUCCAGGAGCUG	0
NM_002649.3:2196-2225	NM_002649.3	NM_002649.3.fasta	2196	2225	+	30	AGCTCCTGGACTGCAACTTCTCAGATGAAA	UUUCAUCUGAGAAGUUGCAGUCCAGGAGCU	0
NM_002649.3:2197-2226	NM_002649.3	NM_002649.3.fasta	2197	2226	+	30	GCTCCTGGACTGCAACTTCTCAGATGAAAA	UUUUCAUCUGAGAAGUUGCAGUCCAGGAGC	0
NM_002649.3:2198-2227	NM_002649.3	NM_002649.3.fasta	2198	2227	+	30	CTCCTGGACTGCAACTTCTCAGATGAAAAT	AUUUUCAUCUGAGAAGUUGCAGUCCAGGAG	0
NM_002649.3:2199-2228	NM_002649.3	NM_002649.3.fasta	2199	2228	+	30	TCCTGGACTGCAACTTCTCAGATGAAAATG	CAUUUUCAUCUGAGAAGUUGCAGUCCAGGA	0
NM_002649.3:2200-2229	NM_002649.3	NM_002649.3.fasta	2200	2229	+	30	CCTGGACTGCAACTTCTCAGATGAAAATGT	ACAUUUUCAUCUGAGAAGUUGCAGUCCAGG	0
NM_002649.3:2201-2230	NM_002649.3	NM_002649.3.fasta	2201	2230	+	30	CTGGACTGCAACTTCTCAGATGAAAATGTA	UACAUUUUCAUCUGAGAAGUUGCAGUCCAG	0
NM_002649.3:2202-2231	NM_002649.3	NM_002649.3.fasta	2202	2231	+	30	TGGACTGCAACTTCTCAGATGAAAATGTAA	UUACAUUUUCAUCUGAGAAGUUGCAGUCCA	0
NM_002649.3:2203-2232	NM_002649.3	NM_002649.3.fasta	2203	2232	+	30	GGACTGCAACTTCTCAGATGAAAATGTAAG	CUUACAUUUUCAUCUGAGAAGUUGCAGUCC	0
NM_002649.3:2204-2233	NM_002649.3	NM_002649.3.fasta	2204	2233	+	30	GACTGCAACTTCTCAGATGAAAATGTAAGA	UCUUACAUUUUCAUCUGAGAAGUUGCAGUC	0
NM_002649.3:2205-2234	NM_002649.3	NM_002649.3.fasta	2205	2234	+	30	ACTGCAACTTCTCAGATGAAAATGTAAGAG	CUCUUACAUUUUCAUCUGAGAAGUUGCAGU	0
NM_002649.3:2206-2235	NM_002649.3	NM_002649.3.fasta	2206	2235	+	30	CTGCAACTTCTCAGATGAAAATGTAAGAGC	GCUCUUACAUUUUCAUCUGAGAAGUUGCAG	0
NM_002649.3:2207-2236	NM_002649.3	NM_002649.3.fasta	2207	2236	+	30	TGCAACTTCTCAGATGAAAATGTAAGAGCC	GGCUCUUACAUUUUCAUCUGAGAAGUUGCA	0
NM_002649.3:2208-2237	NM_002649.3	NM_002649.3.fasta	2208	2237	+	30	GCAACTTCTCAGATGAAAATGTAAGAGCCA	UGGCUCUUACAUUUUCAUCUGAGAAGUUGC	0
NM_002649.3:2209-2238	NM_002649.3	NM_002649.3.fasta	2209	2238	+	30	CAACTTCTCAGATGAAAATGTAAGAGCCAT	AUGGCUCUUACAUUUUCAUCUGAGAAGUUG	0
NM_002649.3:2210-2239	NM_002649.3	NM_002649.3.fasta	2210	2239	+	30	AACTTCTCAGATGAAAATGTAAGAGCCATT	AAUGGCUCUUACAUUUUCAUCUGAGAAGUU	0
NM_002649.3:2211-2240	NM_002649.3	NM_002649.3.fasta	2211	2240	+	30	ACTTCTCAGATGAAAATGTAAGAGCCATTG	CAAUGGCUCUUACAUUUUCAUCUGAGAAGU	0
NM_002649.3:2212-2241	NM_002649.3	NM_002649.3.fasta	2212	2241	+	30	CTTCTCAGATGAAAATGTAAGAGCCATTGC	GCAAUGGCUCUUACAUUUUCAUCUGAGAAG	0
NM_002649.3:2213-2242	NM_002649.3	NM_002649.3.fasta	2213	2242	+	30	TTCTCAGATGAAAATGTAAGAGCCATTGCA	UGCAAUGGCUCUUACAUUUUCAUCUGAGAA	0
NM_002649.3:2214-2243	NM_002649.3	NM_002649.3.fasta	2214	2243	+	30	TCTCAGATGAAAATGTAAGAGCCATTGCAG	CUGCAAUGGCUCUUACAUUUUCAUCUGAGA	0
NM_002649.3:2215-2244	NM_002649.3	NM_002649.3.fasta	2215	2244	+	30	CTCAGATGAAAATGTAAGAGCCATTGCAGT	ACUGCAAUGGCUCUUACAUUUUCAUCUGAG	0
NM_002649.3:2216-2245	NM_002649.3	NM_002649.3.fasta	2216	2245	+	30	TCAGATGAAAATGTAAGAGCCATTGCAGTT	AACUGCAAUGGCUCUUACAUUUUCAUCUGA	0
NM_002649.3:2217-2246	NM_002649.3	NM_002649.3.fasta	2217	2246	+	30	CAGATGAAAATGTAAGAGCCATTGCAGTTC	GAACUGCAAUGGCUCUUACAUUUUCAUCUG	0
NM_002649.3:2218-2247	NM_002649.3	NM_002649.3.fasta	2218	2247	+	30	AGATGAAAATGTAAGAGCCATTGCAGTTCA	UGAACUGCAAUGGCUCUUACAUUUUCAUCU	0
NM_002649.3:2219-2248	NM_002649.3	NM_002649.3.fasta	2219	2248	+	30	GATGAAAATGTAAGAGCCATTGCAGTTCAG	CUGAACUGCAAUGGCUCUUACAUUUUCAUC	0
NM_002649.3:2220-2249	NM_002649.3	NM_002649.3.fasta	2220	2249	+	30	ATGAAAATGTAAGAGCCATTGCAGTTCAGA	UCUGAACUGCAAUGGCUCUUACAUUUUCAU	0
NM_002649.3:2221-2250	NM_002649.3	NM_002649.3.fasta	2221	2250	+	30	TGAAAATGTAAGAGCCATTGCAGTTCAGAA	UUCUGAACUGCAAUGGCUCUUACAUUUUCA	0
NM_002649.3:2222-2251	NM_002649.3	NM_002649.3.fasta	2222	2251	+	30	GAAAATGTAAGAGCCATTGCAGTTCAGAAA	UUUCUGAACUGCAAUGGCUCUUACAUUUUC	0
NM_002649.3:2223-2252	NM_002649.3	NM_002649.3.fasta	2223	2252	+	30	AAAATGTAAGAGCCATTGCAGTTCAGAAAC	GUUUCUGAACUGCAAUGGCUCUUACAUUUU	0
NM_002649.3:2224-2253	NM_002649.3	NM_002649.3.fasta	2224	2253	+	30	AAATGTAAGAGCCATTGCAGTTCAGAAACT	AGUUUCUGAACUGCAAUGGCUCUUACAUUU	0
NM_002649.3:2225-2254	NM_002649.3	NM_002649.3.fasta	2225	2254	+	30	AATGTAAGAGCCATTGCAGTTCAGAAACTG	CAGUUUCUGAACUGCAAUGGCUCUUACAUU	0
NM_002649.3:2226-2255	NM_002649.3	NM_002649.3.fasta	2226	2255	+	30	ATGTAAGAGCCATTGCAGTTCAGAAACTGG	CCAGUUUCUGAACUGCAAUGGCUCUUACAU	0
NM_002649.3:2227-2256	NM_002649.3	NM_002649.3.fasta	2227	2256	+	30	TGTAAGAGCCATTGCAGTTCAGAAACTGGA	UCCAGUUUCUGAACUGCAAUGGCUCUUACA	0
NM_002649.3:2228-2257	NM_002649.3	NM_002649.3.fasta	2228	2257	+	30	GTAAGAGCCATTGCAGTTCAGAAACTGGAG	CUCCAGUUUCUGAACUGCAAUGGCUCUUAC	0
NM_002649.3:2229-2258	NM_002649.3	NM_002649.3.fasta	2229	2258	+	30	TAAGAGCCATTGCAGTTCAGAAACTGGAGA	UCUCCAGUUUCUGAACUGCAAUGGCUCUUA	0
NM_002649.3:2230-2259	NM_002649.3	NM_002649.3.fasta	2230	2259	+	30	AAGAGCCATTGCAGTTCAGAAACTGGAGAG	CUCUCCAGUUUCUGAACUGCAAUGGCUCUU	0
NM_002649.3:2231-2260	NM_002649.3	NM_002649.3.fasta	2231	2260	+	30	AGAGCCATTGCAGTTCAGAAACTGGAGAGC	GCUCUCCAGUUUCUGAACUGCAAUGGCUCU	0
NM_002649.3:2232-2261	NM_002649.3	NM_002649.3.fasta	2232	2261	+	30	GAGCCATTGCAGTTCAGAAACTGGAGAGCT	AGCUCUCCAGUUUCUGAACUGCAAUGGCUC	0
NM_002649.3:2233-2262	NM_002649.3	NM_002649.3.fasta	2233	2262	+	30	AGCCATTGCAGTTCAGAAACTGGAGAGCTT	AAGCUCUCCAGUUUCUGAACUGCAAUGGCU	0
NM_002649.3:2234-2263	NM_002649.3	NM_002649.3.fasta	2234	2263	+	30	GCCATTGCAGTTCAGAAACTGGAGAGCTTG	CAAGCUCUCCAGUUUCUGAACUGCAAUGGC	0
NM_002649.3:2235-2264	NM_002649.3	NM_002649.3.fasta	2235	2264	+	30	CCATTGCAGTTCAGAAACTGGAGAGCTTGG	CCAAGCUCUCCAGUUUCUGAACUGCAAUGG	0
NM_002649.3:2236-2265	NM_002649.3	NM_002649.3.fasta	2236	2265	+	30	CATTGCAGTTCAGAAACTGGAGAGCTTGGA	UCCAAGCUCUCCAGUUUCUGAACUGCAAUG	0
NM_002649.3:2237-2266	NM_002649.3	NM_002649.3.fasta	2237	2266	+	30	ATTGCAGTTCAGAAACTGGAGAGCTTGGAG	CUCCAAGCUCUCCAGUUUCUGAACUGCAAU	0
NM_002649.3:2238-2267	NM_002649.3	NM_002649.3.fasta	2238	2267	+	30	TTGCAGTTCAGAAACTGGAGAGCTTGGAGG	CCUCCAAGCUCUCCAGUUUCUGAACUGCAA	0
NM_002649.3:2239-2268	NM_002649.3	NM_002649.3.fasta	2239	2268	+	30	TGCAGTTCAGAAACTGGAGAGCTTGGAGGA	UCCUCCAAGCUCUCCAGUUUCUGAACUGCA	0
NM_002649.3:2240-2269	NM_002649.3	NM_002649.3.fasta	2240	2269	+	30	GCAGTTCAGAAACTGGAGAGCTTGGAGGAC	GUCCUCCAAGCUCUCCAGUUUCUGAACUGC	0
NM_002649.3:2241-2270	NM_002649.3	NM_002649.3.fasta	2241	2270	+	30	CAGTTCAGAAACTGGAGAGCTTGGAGGACG	CGUCCUCCAAGCUCUCCAGUUUCUGAACUG	0
NM_002649.3:2242-2271	NM_002649.3	NM_002649.3.fasta	2242	2271	+	30	AGTTCAGAAACTGGAGAGCTTGGAGGACGA	UCGUCCUCCAAGCUCUCCAGUUUCUGAACU	0
NM_002649.3:2243-2272	NM_002649.3	NM_002649.3.fasta	2243	2272	+	30	GTTCAGAAACTGGAGAGCTTGGAGGACGAT	AUCGUCCUCCAAGCUCUCCAGUUUCUGAAC	0
NM_002649.3:2244-2273	NM_002649.3	NM_002649.3.fasta	2244	2273	+	30	TTCAGAAACTGGAGAGCTTGGAGGACGATG	CAUCGUCCUCCAAGCUCUCCAGUUUCUGAA	0
NM_002649.3:2245-2274	NM_002649.3	NM_002649.3.fasta	2245	2274	+	30	TCAGAAACTGGAGAGCTTGGAGGACGATGA	UCAUCGUCCUCCAAGCUCUCCAGUUUCUGA	0
NM_002649.3:2246-2275	NM_002649.3	NM_002649.3.fasta	2246	2275	+	30	CAGAAACTGGAGAGCTTGGAGGACGATGAT	AUCAUCGUCCUCCAAGCUCUCCAGUUUCUG	0
NM_002649.3:2247-2276	NM_002649.3	NM_002649.3.fasta	2247	2276	+	30	AGAAACTGGAGAGCTTGGAGGACGATGATG	CAUCAUCGUCCUCCAAGCUCUCCAGUUUCU	0
NM_002649.3:2248-2277	NM_002649.3	NM_002649.3.fasta	2248	2277	+	30	GAAACTGGAGAGCTTGGAGGACGATGATGT	ACAUCAUCGUCCUCCAAGCUCUCCAGUUUC	0
NM_002649.3:2249-2278	NM_002649.3	NM_002649.3.fasta	2249	2278	+	30	AAACTGGAGAGCTTGGAGGACGATGATGTT	AACAUCAUCGUCCUCCAAGCUCUCCAGUUU	0
NM_002649.3:2250-2279	NM_002649.3	NM_002649.3.fasta	2250	2279	+	30	AACTGGAGAGCTTGGAGGACGATGATGTTC	GAACAUCAUCGUCCUCCAAGCUCUCCAGUU	0
NM_002649.3:2251-2280	NM_002649.3	NM_002649.3.fasta	2251	2280	+	30	ACTGGAGAGCTTGGAGGACGATGATGTTCT	AGAACAUCAUCGUCCUCCAAGCUCUCCAGU	0
NM_002649.3:2252-2281	NM_002649.3	NM_002649.3.fasta	2252	2281	+	30	CTGGAGAGCTTGGAGGACGATGATGTTCTG	CAGAACAUCAUCGUCCUCCAAGCUCUCCAG	0
NM_002649.3:2253-2282	NM_002649.3	NM_002649.3.fasta	2253	2282	+	30	TGGAGAGCTTGGAGGACGATGATGTTCTGC	GCAGAACAUCAUCGUCCUCCAAGCUCUCCA	0
NM_002649.3:2254-2283	NM_002649.3	NM_002649.3.fasta	2254	2283	+	30	GGAGAGCTTGGAGGACGATGATGTTCTGCA	UGCAGAACAUCAUCGUCCUCCAAGCUCUCC	0
NM_002649.3:2255-2284	NM_002649.3	NM_002649.3.fasta	2255	2284	+	30	GAGAGCTTGGAGGACGATGATGTTCTGCAT	AUGCAGAACAUCAUCGUCCUCCAAGCUCUC	0
NM_002649.3:2256-2285	NM_002649.3	NM_002649.3.fasta	2256	2285	+	30	AGAGCTTGGAGGACGATGATGTTCTGCATT	AAUGCAGAACAUCAUCGUCCUCCAAGCUCU	0
NM_002649.3:2257-2286	NM_002649.3	NM_002649.3.fasta	2257	2286	+	30	GAGCTTGGAGGACGATGATGTTCTGCATTA	UAAUGCAGAACAUCAUCGUCCUCCAAGCUC	0
NM_002649.3:2258-2287	NM_002649.3	NM_002649.3.fasta	2258	2287	+	30	AGCTTGGAGGACGATGATGTTCTGCATTAC	GUAAUGCAGAACAUCAUCGUCCUCCAAGCU	0
NM_002649.3:2259-2288	NM_002649.3	NM_002649.3.fasta	2259	2288	+	30	GCTTGGAGGACGATGATGTTCTGCATTACC	GGUAAUGCAGAACAUCAUCGUCCUCCAAGC	0
NM_002649.3:2260-2289	NM_002649.3	NM_002649.3.fasta	2260	2289	+	30	CTTGGAGGACGATGATGTTCTGCATTACCT	AGGUAAUGCAGAACAUCAUCGUCCUCCAAG	0
NM_002649.3:2261-2290	NM_002649.3	NM_002649.3.fasta	2261	2290	+	30	TTGGAGGACGATGATGTTCTGCATTACCTT	AAGGUAAUGCAGAACAUCAUCGUCCUCCAA	0
NM_002649.3:2262-2291	NM_002649.3	NM_002649.3.fasta	2262	2291	+	30	TGGAGGACGATGATGTTCTGCATTACCTTC	GAAGGUAAUGCAGAACAUCAUCGUCCUCCA	0
NM_002649.3:2263-2292	NM_002649.3	NM_002649.3.fasta	2263	2292	+	30	GGAGGACGATGATGTTCTGCATTACCTTCT	AGAAGGUAAUGCAGAACAUCAUCGUCCUCC	0
NM_002649.3:2264-2293	NM_002649.3	NM_002649.3.fasta	2264	2293	+	30	GAGGACGATGATGTTCTGCATTACCTTCTA	UAGAAGGUAAUGCAGAACAUCAUCGUCCUC	0
NM_002649.3:2265-2294	NM_002649.3	NM_002649.3.fasta	2265	2294	+	30	AGGACGATGATGTTCTGCATTACCTTCTAC	GUAGAAGGUAAUGCAGAACAUCAUCGUCCU	0
NM_002649.3:2266-2295	NM_002649.3	NM_002649.3.fasta	2266	2295	+	30	GGACGATGATGTTCTGCATTACCTTCTACA	UGUAGAAGGUAAUGCAGAACAUCAUCGUCC	0
NM_002649.3:2267-2296	NM_002649.3	NM_002649.3.fasta	2267	2296	+	30	GACGATGATGTTCTGCATTACCTTCTACAA	UUGUAGAAGGUAAUGCAGAACAUCAUCGUC	0
NM_002649.3:2268-2297	NM_002649.3	NM_002649.3.fasta	2268	2297	+	30	ACGATGATGTTCTGCATTACCTTCTACAAT	AUUGUAGAAGGUAAUGCAGAACAUCAUCGU	0
NM_002649.3:2269-2298	NM_002649.3	NM_002649.3.fasta	2269	2298	+	30	CGATGATGTTCTGCATTACCTTCTACAATT	AAUUGUAGAAGGUAAUGCAGAACAUCAUCG	0
NM_002649.3:2270-2299	NM_002649.3	NM_002649.3.fasta	2270	2299	+	30	GATGATGTTCTGCATTACCTTCTACAATTG	CAAUUGUAGAAGGUAAUGCAGAACAUCAUC	0
NM_002649.3:2271-2300	NM_002649.3	NM_002649.3.fasta	2271	2300	+	30	ATGATGTTCTGCATTACCTTCTACAATTGG	CCAAUUGUAGAAGGUAAUGCAGAACAUCAU	0
NM_002649.3:2272-2301	NM_002649.3	NM_002649.3.fasta	2272	2301	+	30	TGATGTTCTGCATTACCTTCTACAATTGGT	ACCAAUUGUAGAAGGUAAUGCAGAACAUCA	0
NM_002649.3:2273-2302	NM_002649.3	NM_002649.3.fasta	2273	2302	+	30	GATGTTCTGCATTACCTTCTACAATTGGTC	GACCAAUUGUAGAAGGUAAUGCAGAACAUC	0
NM_002649.3:2274-2303	NM_002649.3	NM_002649.3.fasta	2274	2303	+	30	ATGTTCTGCATTACCTTCTACAATTGGTCC	GGACCAAUUGUAGAAGGUAAUGCAGAACAU	0
NM_002649.3:2275-2304	NM_002649.3	NM_002649.3.fasta	2275	2304	+	30	TGTTCTGCATTACCTTCTACAATTGGTCCA	UGGACCAAUUGUAGAAGGUAAUGCAGAACA	0
NM_002649.3:2276-2305	NM_002649.3	NM_002649.3.fasta	2276	2305	+	30	GTTCTGCATTACCTTCTACAATTGGTCCAG	CUGGACCAAUUGUAGAAGGUAAUGCAGAAC	0
NM_002649.3:2277-2306	NM_002649.3	NM_002649.3.fasta	2277	2306	+	30	TTCTGCATTACCTTCTACAATTGGTCCAGG	CCUGGACCAAUUGUAGAAGGUAAUGCAGAA	0
NM_002649.3:2278-2307	NM_002649.3	NM_002649.3.fasta	2278	2307	+	30	TCTGCATTACCTTCTACAATTGGTCCAGGC	GCCUGGACCAAUUGUAGAAGGUAAUGCAGA	0
NM_002649.3:2279-2308	NM_002649.3	NM_002649.3.fasta	2279	2308	+	30	CTGCATTACCTTCTACAATTGGTCCAGGCT	AGCCUGGACCAAUUGUAGAAGGUAAUGCAG	0
NM_002649.3:2280-2309	NM_002649.3	NM_002649.3.fasta	2280	2309	+	30	TGCATTACCTTCTACAATTGGTCCAGGCTG	CAGCCUGGACCAAUUGUAGAAGGUAAUGCA	0
NM_002649.3:2281-2310	NM_002649.3	NM_002649.3.fasta	2281	2310	+	30	GCATTACCTTCTACAATTGGTCCAGGCTGT	ACAGCCUGGACCAAUUGUAGAAGGUAAUGC	0
NM_002649.3:2282-2311	NM_002649.3	NM_002649.3.fasta	2282	2311	+	30	CATTACCTTCTACAATTGGTCCAGGCTGTG	CACAGCCUGGACCAAUUGUAGAAGGUAAUG	0
NM_002649.3:2283-2312	NM_002649.3	NM_002649.3.fasta	2283	2312	+	30	ATTACCTTCTACAATTGGTCCAGGCTGTGA	UCACAGCCUGGACCAAUUGUAGAAGGUAAU	0
NM_002649.3:2284-2313	NM_002649.3	NM_002649.3.fasta	2284	2313	+	30	TTACCTTCTACAATTGGTCCAGGCTGTGAA	UUCACAGCCUGGACCAAUUGUAGAAGGUAA	0
NM_002649.3:2285-2314	NM_002649.3	NM_002649.3.fasta	2285	2314	+	30	TACCTTCTACAATTGGTCCAGGCTGTGAAA	UUUCACAGCCUGGACCAAUUGUAGAAGGUA	0
NM_002649.3:2286-2315	NM_002649.3	NM_002649.3.fasta	2286	2315	+	30	ACCTTCTACAATTGGTCCAGGCTGTGAAAT	AUUUCACAGCCUGGACCAAUUGUAGAAGGU	0
NM_002649.3:2287-2316	NM_002649.3	NM_002649.3.fasta	2287	2316	+	30	CCTTCTACAATTGGTCCAGGCTGTGAAATT	AAUUUCACAGCCUGGACCAAUUGUAGAAGG	0
NM_002649.3:2288-2317	NM_002649.3	NM_002649.3.fasta	2288	2317	+	30	CTTCTACAATTGGTCCAGGCTGTGAAATTT	AAAUUUCACAGCCUGGACCAAUUGUAGAAG	0
NM_002649.3:2289-2318	NM_002649.3	NM_002649.3.fasta	2289	2318	+	30	TTCTACAATTGGTCCAGGCTGTGAAATTTG	CAAAUUUCACAGCCUGGACCAAUUGUAGAA	0
NM_002649.3:2290-2319	NM_002649.3	NM_002649.3.fasta	2290	2319	+	30	TCTACAATTGGTCCAGGCTGTGAAATTTGA	UCAAAUUUCACAGCCUGGACCAAUUGUAGA	0
NM_002649.3:2291-2320	NM_002649.3	NM_002649.3.fasta	2291	2320	+	30	CTACAATTGGTCCAGGCTGTGAAATTTGAA	UUCAAAUUUCACAGCCUGGACCAAUUGUAG	0
NM_002649.3:2292-2321	NM_002649.3	NM_002649.3.fasta	2292	2321	+	30	TACAATTGGTCCAGGCTGTGAAATTTGAAC	GUUCAAAUUUCACAGCCUGGACCAAUUGUA	0
NM_002649.3:2293-2322	NM_002649.3	NM_002649.3.fasta	2293	2322	+	30	ACAATTGGTCCAGGCTGTGAAATTTGAACC	GGUUCAAAUUUCACAGCCUGGACCAAUUGU	0
NM_002649.3:2294-2323	NM_002649.3	NM_002649.3.fasta	2294	2323	+	30	CAATTGGTCCAGGCTGTGAAATTTGAACCA	UGGUUCAAAUUUCACAGCCUGGACCAAUUG	0
NM_002649.3:2295-2324	NM_002649.3	NM_002649.3.fasta	2295	2324	+	30	AATTGGTCCAGGCTGTGAAATTTGAACCAT	AUGGUUCAAAUUUCACAGCCUGGACCAAUU	0
NM_002649.3:2296-2325	NM_002649.3	NM_002649.3.fasta	2296	2325	+	30	ATTGGTCCAGGCTGTGAAATTTGAACCATA	UAUGGUUCAAAUUUCACAGCCUGGACCAAU	0
NM_002649.3:2297-2326	NM_002649.3	NM_002649.3.fasta	2297	2326	+	30	TTGGTCCAGGCTGTGAAATTTGAACCATAC	GUAUGGUUCAAAUUUCACAGCCUGGACCAA	0
NM_002649.3:2298-2327	NM_002649.3	NM_002649.3.fasta	2298	2327	+	30	TGGTCCAGGCTGTGAAATTTGAACCATACC	GGUAUGGUUCAAAUUUCACAGCCUGGACCA	0
NM_002649.3:2299-2328	NM_002649.3	NM_002649.3.fasta	2299	2328	+	30	GGTCCAGGCTGTGAAATTTGAACCATACCA	UGGUAUGGUUCAAAUUUCACAGCCUGGACC	0
NM_002649.3:2300-2329	NM_002649.3	NM_002649.3.fasta	2300	2329	+	30	GTCCAGGCTGTGAAATTTGAACCATACCAT	AUGGUAUGGUUCAAAUUUCACAGCCUGGAC	0
NM_002649.3:2301-2330	NM_002649.3	NM_002649.3.fasta	2301	2330	+	30	TCCAGGCTGTGAAATTTGAACCATACCATG	CAUGGUAUGGUUCAAAUUUCACAGCCUGGA	0
NM_002649.3:2302-2331	NM_002649.3	NM_002649.3.fasta	2302	2331	+	30	CCAGGCTGTGAAATTTGAACCATACCATGA	UCAUGGUAUGGUUCAAAUUUCACAGCCUGG	0
NM_002649.3:2303-2332	NM_002649.3	NM_002649.3.fasta	2303	2332	+	30	CAGGCTGTGAAATTTGAACCATACCATGAT	AUCAUGGUAUGGUUCAAAUUUCACAGCCUG	0
NM_002649.3:2304-2333	NM_002649.3	NM_002649.3.fasta	2304	2333	+	30	AGGCTGTGAAATTTGAACCATACCATGATA	UAUCAUGGUAUGGUUCAAAUUUCACAGCCU	0
NM_002649.3:2305-2334	NM_002649.3	NM_002649.3.fasta	2305	2334	+	30	GGCTGTGAAATTTGAACCATACCATGATAG	CUAUCAUGGUAUGGUUCAAAUUUCACAGCC	0
NM_002649.3:2306-2335	NM_002649.3	NM_002649.3.fasta	2306	2335	+	30	GCTGTGAAATTTGAACCATACCATGATAGC	GCUAUCAUGGUAUGGUUCAAAUUUCACAGC	0
NM_002649.3:2307-2336	NM_002649.3	NM_002649.3.fasta	2307	2336	+	30	CTGTGAAATTTGAACCATACCATGATAGCG	CGCUAUCAUGGUAUGGUUCAAAUUUCACAG	0
NM_002649.3:2308-2337	NM_002649.3	NM_002649.3.fasta	2308	2337	+	30	TGTGAAATTTGAACCATACCATGATAGCGC	GCGCUAUCAUGGUAUGGUUCAAAUUUCACA	0
NM_002649.3:2309-2338	NM_002649.3	NM_002649.3.fasta	2309	2338	+	30	GTGAAATTTGAACCATACCATGATAGCGCC	GGCGCUAUCAUGGUAUGGUUCAAAUUUCAC	0
NM_002649.3:2310-2339	NM_002649.3	NM_002649.3.fasta	2310	2339	+	30	TGAAATTTGAACCATACCATGATAGCGCCC	GGGCGCUAUCAUGGUAUGGUUCAAAUUUCA	0
NM_002649.3:2311-2340	NM_002649.3	NM_002649.3.fasta	2311	2340	+	30	GAAATTTGAACCATACCATGATAGCGCCCT	AGGGCGCUAUCAUGGUAUGGUUCAAAUUUC	0
NM_002649.3:2312-2341	NM_002649.3	NM_002649.3.fasta	2312	2341	+	30	AAATTTGAACCATACCATGATAGCGCCCTT	AAGGGCGCUAUCAUGGUAUGGUUCAAAUUU	0
NM_002649.3:2313-2342	NM_002649.3	NM_002649.3.fasta	2313	2342	+	30	AATTTGAACCATACCATGATAGCGCCCTTG	CAAGGGCGCUAUCAUGGUAUGGUUCAAAUU	0
NM_002649.3:2314-2343	NM_002649.3	NM_002649.3.fasta	2314	2343	+	30	ATTTGAACCATACCATGATAGCGCCCTTGC	GCAAGGGCGCUAUCAUGGUAUGGUUCAAAU	0
NM_002649.3:2315-2344	NM_002649.3	NM_002649.3.fasta	2315	2344	+	30	TTTGAACCATACCATGATAGCGCCCTTGCC	GGCAAGGGCGCUAUCAUGGUAUGGUUCAAA	0
NM_002649.3:2316-2345	NM_002649.3	NM_002649.3.fasta	2316	2345	+	30	TTGAACCATACCATGATAGCGCCCTTGCCA	UGGCAAGGGCGCUAUCAUGGUAUGGUUCAA	0
NM_002649.3:2317-2346	NM_002649.3	NM_002649.3.fasta	2317	2346	+	30	TGAACCATACCATGATAGCGCCCTTGCCAG	CUGGCAAGGGCGCUAUCAUGGUAUGGUUCA	0
NM_002649.3:2318-2347	NM_002649.3	NM_002649.3.fasta	2318	2347	+	30	GAACCATACCATGATAGCGCCCTTGCCAGA	UCUGGCAAGGGCGCUAUCAUGGUAUGGUUC	0
NM_002649.3:2319-2348	NM_002649.3	NM_002649.3.fasta	2319	2348	+	30	AACCATACCATGATAGCGCCCTTGCCAGAT	AUCUGGCAAGGGCGCUAUCAUGGUAUGGUU	0
NM_002649.3:2320-2349	NM_002649.3	NM_002649.3.fasta	2320	2349	+	30	ACCATACCATGATAGCGCCCTTGCCAGATT	AAUCUGGCAAGGGCGCUAUCAUGGUAUGGU	0
NM_002649.3:2321-2350	NM_002649.3	NM_002649.3.fasta	2321	2350	+	30	CCATACCATGATAGCGCCCTTGCCAGATTT	AAAUCUGGCAAGGGCGCUAUCAUGGUAUGG	0
NM_002649.3:2322-2351	NM_002649.3	NM_002649.3.fasta	2322	2351	+	30	CATACCATGATAGCGCCCTTGCCAGATTTC	GAAAUCUGGCAAGGGCGCUAUCAUGGUAUG	0
NM_002649.3:2323-2352	NM_002649.3	NM_002649.3.fasta	2323	2352	+	30	ATACCATGATAGCGCCCTTGCCAGATTTCT	AGAAAUCUGGCAAGGGCGCUAUCAUGGUAU	0
NM_002649.3:2324-2353	NM_002649.3	NM_002649.3.fasta	2324	2353	+	30	TACCATGATAGCGCCCTTGCCAGATTTCTG	CAGAAAUCUGGCAAGGGCGCUAUCAUGGUA	0
NM_002649.3:2325-2354	NM_002649.3	NM_002649.3.fasta	2325	2354	+	30	ACCATGATAGCGCCCTTGCCAGATTTCTGC	GCAGAAAUCUGGCAAGGGCGCUAUCAUGGU	0
NM_002649.3:2326-2355	NM_002649.3	NM_002649.3.fasta	2326	2355	+	30	CCATGATAGCGCCCTTGCCAGATTTCTGCT	AGCAGAAAUCUGGCAAGGGCGCUAUCAUGG	0
NM_002649.3:2327-2356	NM_002649.3	NM_002649.3.fasta	2327	2356	+	30	CATGATAGCGCCCTTGCCAGATTTCTGCTG	CAGCAGAAAUCUGGCAAGGGCGCUAUCAUG	0
NM_002649.3:2328-2357	NM_002649.3	NM_002649.3.fasta	2328	2357	+	30	ATGATAGCGCCCTTGCCAGATTTCTGCTGA	UCAGCAGAAAUCUGGCAAGGGCGCUAUCAU	0
NM_002649.3:2329-2358	NM_002649.3	NM_002649.3.fasta	2329	2358	+	30	TGATAGCGCCCTTGCCAGATTTCTGCTGAA	UUCAGCAGAAAUCUGGCAAGGGCGCUAUCA	0
NM_002649.3:2330-2359	NM_002649.3	NM_002649.3.fasta	2330	2359	+	30	GATAGCGCCCTTGCCAGATTTCTGCTGAAG	CUUCAGCAGAAAUCUGGCAAGGGCGCUAUC	0
NM_002649.3:2331-2360	NM_002649.3	NM_002649.3.fasta	2331	2360	+	30	ATAGCGCCCTTGCCAGATTTCTGCTGAAGC	GCUUCAGCAGAAAUCUGGCAAGGGCGCUAU	0
NM_002649.3:2332-2361	NM_002649.3	NM_002649.3.fasta	2332	2361	+	30	TAGCGCCCTTGCCAGATTTCTGCTGAAGCG	CGCUUCAGCAGAAAUCUGGCAAGGGCGCUA	0
NM_002649.3:2333-2362	NM_002649.3	NM_002649.3.fasta	2333	2362	+	30	AGCGCCCTTGCCAGATTTCTGCTGAAGCGT	ACGCUUCAGCAGAAAUCUGGCAAGGGCGCU	0
NM_002649.3:2334-2363	NM_002649.3	NM_002649.3.fasta	2334	2363	+	30	GCGCCCTTGCCAGATTTCTGCTGAAGCGTG	CACGCUUCAGCAGAAAUCUGGCAAGGGCGC	0
NM_002649.3:2335-2364	NM_002649.3	NM_002649.3.fasta	2335	2364	+	30	CGCCCTTGCCAGATTTCTGCTGAAGCGTGG	CCACGCUUCAGCAGAAAUCUGGCAAGGGCG	0
NM_002649.3:2336-2365	NM_002649.3	NM_002649.3.fasta	2336	2365	+	30	GCCCTTGCCAGATTTCTGCTGAAGCGTGGT	ACCACGCUUCAGCAGAAAUCUGGCAAGGGC	0
NM_002649.3:2337-2366	NM_002649.3	NM_002649.3.fasta	2337	2366	+	30	CCCTTGCCAGATTTCTGCTGAAGCGTGGTT	AACCACGCUUCAGCAGAAAUCUGGCAAGGG	0
NM_002649.3:2338-2367	NM_002649.3	NM_002649.3.fasta	2338	2367	+	30	CCTTGCCAGATTTCTGCTGAAGCGTGGTTT	AAACCACGCUUCAGCAGAAAUCUGGCAAGG	0
NM_002649.3:2339-2368	NM_002649.3	NM_002649.3.fasta	2339	2368	+	30	CTTGCCAGATTTCTGCTGAAGCGTGGTTTA	UAAACCACGCUUCAGCAGAAAUCUGGCAAG	0
NM_002649.3:2340-2369	NM_002649.3	NM_002649.3.fasta	2340	2369	+	30	TTGCCAGATTTCTGCTGAAGCGTGGTTTAA	UUAAACCACGCUUCAGCAGAAAUCUGGCAA	0
NM_002649.3:2341-2370	NM_002649.3	NM_002649.3.fasta	2341	2370	+	30	TGCCAGATTTCTGCTGAAGCGTGGTTTAAG	CUUAAACCACGCUUCAGCAGAAAUCUGGCA	0
NM_002649.3:2342-2371	NM_002649.3	NM_002649.3.fasta	2342	2371	+	30	GCCAGATTTCTGCTGAAGCGTGGTTTAAGA	UCUUAAACCACGCUUCAGCAGAAAUCUGGC	0
NM_002649.3:2343-2372	NM_002649.3	NM_002649.3.fasta	2343	2372	+	30	CCAGATTTCTGCTGAAGCGTGGTTTAAGAA	UUCUUAAACCACGCUUCAGCAGAAAUCUGG	0
NM_002649.3:2344-2373	NM_002649.3	NM_002649.3.fasta	2344	2373	+	30	CAGATTTCTGCTGAAGCGTGGTTTAAGAAA	UUUCUUAAACCACGCUUCAGCAGAAAUCUG	0
NM_002649.3:2345-2374	NM_002649.3	NM_002649.3.fasta	2345	2374	+	30	AGATTTCTGCTGAAGCGTGGTTTAAGAAAC	GUUUCUUAAACCACGCUUCAGCAGAAAUCU	0
NM_002649.3:2346-2375	NM_002649.3	NM_002649.3.fasta	2346	2375	+	30	GATTTCTGCTGAAGCGTGGTTTAAGAAACA	UGUUUCUUAAACCACGCUUCAGCAGAAAUC	0
NM_002649.3:2347-2376	NM_002649.3	NM_002649.3.fasta	2347	2376	+	30	ATTTCTGCTGAAGCGTGGTTTAAGAAACAA	UUGUUUCUUAAACCACGCUUCAGCAGAAAU	0
NM_002649.3:2348-2377	NM_002649.3	NM_002649.3.fasta	2348	2377	+	30	TTTCTGCTGAAGCGTGGTTTAAGAAACAAA	UUUGUUUCUUAAACCACGCUUCAGCAGAAA	0
NM_002649.3:2349-2378	NM_002649.3	NM_002649.3.fasta	2349	2378	+	30	TTCTGCTGAAGCGTGGTTTAAGAAACAAAA	UUUUGUUUCUUAAACCACGCUUCAGCAGAA	0
NM_002649.3:2350-2379	NM_002649.3	NM_002649.3.fasta	2350	2379	+	30	TCTGCTGAAGCGTGGTTTAAGAAACAAAAG	CUUUUGUUUCUUAAACCACGCUUCAGCAGA	0
NM_002649.3:2351-2380	NM_002649.3	NM_002649.3.fasta	2351	2380	+	30	CTGCTGAAGCGTGGTTTAAGAAACAAAAGA	UCUUUUGUUUCUUAAACCACGCUUCAGCAG	0
NM_002649.3:2352-2381	NM_002649.3	NM_002649.3.fasta	2352	2381	+	30	TGCTGAAGCGTGGTTTAAGAAACAAAAGAA	UUCUUUUGUUUCUUAAACCACGCUUCAGCA	0
NM_002649.3:2353-2382	NM_002649.3	NM_002649.3.fasta	2353	2382	+	30	GCTGAAGCGTGGTTTAAGAAACAAAAGAAT	AUUCUUUUGUUUCUUAAACCACGCUUCAGC	0
NM_002649.3:2354-2383	NM_002649.3	NM_002649.3.fasta	2354	2383	+	30	CTGAAGCGTGGTTTAAGAAACAAAAGAATT	AAUUCUUUUGUUUCUUAAACCACGCUUCAG	0
NM_002649.3:2355-2384	NM_002649.3	NM_002649.3.fasta	2355	2384	+	30	TGAAGCGTGGTTTAAGAAACAAAAGAATTG	CAAUUCUUUUGUUUCUUAAACCACGCUUCA	0
NM_002649.3:2356-2385	NM_002649.3	NM_002649.3.fasta	2356	2385	+	30	GAAGCGTGGTTTAAGAAACAAAAGAATTGG	CCAAUUCUUUUGUUUCUUAAACCACGCUUC	0
NM_002649.3:2357-2386	NM_002649.3	NM_002649.3.fasta	2357	2386	+	30	AAGCGTGGTTTAAGAAACAAAAGAATTGGT	ACCAAUUCUUUUGUUUCUUAAACCACGCUU	0
NM_002649.3:2358-2387	NM_002649.3	NM_002649.3.fasta	2358	2387	+	30	AGCGTGGTTTAAGAAACAAAAGAATTGGTC	GACCAAUUCUUUUGUUUCUUAAACCACGCU	0
NM_002649.3:2359-2388	NM_002649.3	NM_002649.3.fasta	2359	2388	+	30	GCGTGGTTTAAGAAACAAAAGAATTGGTCA	UGACCAAUUCUUUUGUUUCUUAAACCACGC	0
NM_002649.3:2360-2389	NM_002649.3	NM_002649.3.fasta	2360	2389	+	30	CGTGGTTTAAGAAACAAAAGAATTGGTCAC	GUGACCAAUUCUUUUGUUUCUUAAACCACG	0
NM_002649.3:2361-2390	NM_002649.3	NM_002649.3.fasta	2361	2390	+	30	GTGGTTTAAGAAACAAAAGAATTGGTCACT	AGUGACCAAUUCUUUUGUUUCUUAAACCAC	0
NM_002649.3:2362-2391	NM_002649.3	NM_002649.3.fasta	2362	2391	+	30	TGGTTTAAGAAACAAAAGAATTGGTCACTT	AAGUGACCAAUUCUUUUGUUUCUUAAACCA	0
NM_002649.3:2363-2392	NM_002649.3	NM_002649.3.fasta	2363	2392	+	30	GGTTTAAGAAACAAAAGAATTGGTCACTTT	AAAGUGACCAAUUCUUUUGUUUCUUAAACC	0
NM_002649.3:2364-2393	NM_002649.3	NM_002649.3.fasta	2364	2393	+	30	GTTTAAGAAACAAAAGAATTGGTCACTTTT	AAAAGUGACCAAUUCUUUUGUUUCUUAAAC	0
NM_002649.3:2365-2394	NM_002649.3	NM_002649.3.fasta	2365	2394	+	30	TTTAAGAAACAAAAGAATTGGTCACTTTTT	AAAAAGUGACCAAUUCUUUUGUUUCUUAAA	0
NM_002649.3:2366-2395	NM_002649.3	NM_002649.3.fasta	2366	2395	+	30	TTAAGAAACAAAAGAATTGGTCACTTTTTG	CAAAAAGUGACCAAUUCUUUUGUUUCUUAA	0
NM_002649.3:2367-2396	NM_002649.3	NM_002649.3.fasta	2367	2396	+	30	TAAGAAACAAAAGAATTGGTCACTTTTTGT	ACAAAAAGUGACCAAUUCUUUUGUUUCUUA	0
NM_002649.3:2368-2397	NM_002649.3	NM_002649.3.fasta	2368	2397	+	30	AAGAAACAAAAGAATTGGTCACTTTTTGTT	AACAAAAAGUGACCAAUUCUUUUGUUUCUU	0
NM_002649.3:2369-2398	NM_002649.3	NM_002649.3.fasta	2369	2398	+	30	AGAAACAAAAGAATTGGTCACTTTTTGTTT	AAACAAAAAGUGACCAAUUCUUUUGUUUCU	0
NM_002649.3:2370-2399	NM_002649.3	NM_002649.3.fasta	2370	2399	+	30	GAAACAAAAGAATTGGTCACTTTTTGTTTT	AAAACAAAAAGUGACCAAUUCUUUUGUUUC	0
NM_002649.3:2371-2400	NM_002649.3	NM_002649.3.fasta	2371	2400	+	30	AAACAAAAGAATTGGTCACTTTTTGTTTTG	CAAAACAAAAAGUGACCAAUUCUUUUGUUU	0
NM_002649.3:2372-2401	NM_002649.3	NM_002649.3.fasta	2372	2401	+	30	AACAAAAGAATTGGTCACTTTTTGTTTTGG	CCAAAACAAAAAGUGACCAAUUCUUUUGUU	0
NM_002649.3:2373-2402	NM_002649.3	NM_002649.3.fasta	2373	2402	+	30	ACAAAAGAATTGGTCACTTTTTGTTTTGGT	ACCAAAACAAAAAGUGACCAAUUCUUUUGU	0
NM_002649.3:2374-2403	NM_002649.3	NM_002649.3.fasta	2374	2403	+	30	CAAAAGAATTGGTCACTTTTTGTTTTGGTT	AACCAAAACAAAAAGUGACCAAUUCUUUUG	0
NM_002649.3:2375-2404	NM_002649.3	NM_002649.3.fasta	2375	2404	+	30	AAAAGAATTGGTCACTTTTTGTTTTGGTTC	GAACCAAAACAAAAAGUGACCAAUUCUUUU	0
NM_002649.3:2376-2405	NM_002649.3	NM_002649.3.fasta	2376	2405	+	30	AAAGAATTGGTCACTTTTTGTTTTGGTTCT	AGAACCAAAACAAAAAGUGACCAAUUCUUU	0
NM_002649.3:2377-2406	NM_002649.3	NM_002649.3.fasta	2377	2406	+	30	AAGAATTGGTCACTTTTTGTTTTGGTTCTT	AAGAACCAAAACAAAAAGUGACCAAUUCUU	0
NM_002649.3:2378-2407	NM_002649.3	NM_002649.3.fasta	2378	2407	+	30	AGAATTGGTCACTTTTTGTTTTGGTTCTTG	CAAGAACCAAAACAAAAAGUGACCAAUUCU	0
NM_002649.3:2379-2408	NM_002649.3	NM_002649.3.fasta	2379	2408	+	30	GAATTGGTCACTTTTTGTTTTGGTTCTTGA	UCAAGAACCAAAACAAAAAGUGACCAAUUC	0
NM_002649.3:2380-2409	NM_002649.3	NM_002649.3.fasta	2380	2409	+	30	AATTGGTCACTTTTTGTTTTGGTTCTTGAG	CUCAAGAACCAAAACAAAAAGUGACCAAUU	0
NM_002649.3:2381-2410	NM_002649.3	NM_002649.3.fasta	2381	2410	+	30	ATTGGTCACTTTTTGTTTTGGTTCTTGAGA	UCUCAAGAACCAAAACAAAAAGUGACCAAU	0
NM_002649.3:2382-2411	NM_002649.3	NM_002649.3.fasta	2382	2411	+	30	TTGGTCACTTTTTGTTTTGGTTCTTGAGAA	UUCUCAAGAACCAAAACAAAAAGUGACCAA	0
NM_002649.3:2383-2412	NM_002649.3	NM_002649.3.fasta	2383	2412	+	30	TGGTCACTTTTTGTTTTGGTTCTTGAGAAG	CUUCUCAAGAACCAAAACAAAAAGUGACCA	0
NM_002649.3:2384-2413	NM_002649.3	NM_002649.3.fasta	2384	2413	+	30	GGTCACTTTTTGTTTTGGTTCTTGAGAAGT	ACUUCUCAAGAACCAAAACAAAAAGUGACC	0
NM_002649.3:2385-2414	NM_002649.3	NM_002649.3.fasta	2385	2414	+	30	GTCACTTTTTGTTTTGGTTCTTGAGAAGTG	CACUUCUCAAGAACCAAAACAAAAAGUGAC	0
NM_002649.3:2386-2415	NM_002649.3	NM_002649.3.fasta	2386	2415	+	30	TCACTTTTTGTTTTGGTTCTTGAGAAGTGA	UCACUUCUCAAGAACCAAAACAAAAAGUGA	0
NM_002649.3:2387-2416	NM_002649.3	NM_002649.3.fasta	2387	2416	+	30	CACTTTTTGTTTTGGTTCTTGAGAAGTGAG	CUCACUUCUCAAGAACCAAAACAAAAAGUG	0
NM_002649.3:2388-2417	NM_002649.3	NM_002649.3.fasta	2388	2417	+	30	ACTTTTTGTTTTGGTTCTTGAGAAGTGAGA	UCUCACUUCUCAAGAACCAAAACAAAAAGU	0
NM_002649.3:2389-2418	NM_002649.3	NM_002649.3.fasta	2389	2418	+	30	CTTTTTGTTTTGGTTCTTGAGAAGTGAGAT	AUCUCACUUCUCAAGAACCAAAACAAAAAG	0
NM_002649.3:2390-2419	NM_002649.3	NM_002649.3.fasta	2390	2419	+	30	TTTTTGTTTTGGTTCTTGAGAAGTGAGATA	UAUCUCACUUCUCAAGAACCAAAACAAAAA	0
NM_002649.3:2391-2420	NM_002649.3	NM_002649.3.fasta	2391	2420	+	30	TTTTGTTTTGGTTCTTGAGAAGTGAGATAG	CUAUCUCACUUCUCAAGAACCAAAACAAAA	0
NM_002649.3:2392-2421	NM_002649.3	NM_002649.3.fasta	2392	2421	+	30	TTTGTTTTGGTTCTTGAGAAGTGAGATAGC	GCUAUCUCACUUCUCAAGAACCAAAACAAA	0
NM_002649.3:2393-2422	NM_002649.3	NM_002649.3.fasta	2393	2422	+	30	TTGTTTTGGTTCTTGAGAAGTGAGATAGCC	GGCUAUCUCACUUCUCAAGAACCAAAACAA	0
NM_002649.3:2394-2423	NM_002649.3	NM_002649.3.fasta	2394	2423	+	30	TGTTTTGGTTCTTGAGAAGTGAGATAGCCC	GGGCUAUCUCACUUCUCAAGAACCAAAACA	0
NM_002649.3:2395-2424	NM_002649.3	NM_002649.3.fasta	2395	2424	+	30	GTTTTGGTTCTTGAGAAGTGAGATAGCCCA	UGGGCUAUCUCACUUCUCAAGAACCAAAAC	0
NM_002649.3:2396-2425	NM_002649.3	NM_002649.3.fasta	2396	2425	+	30	TTTTGGTTCTTGAGAAGTGAGATAGCCCAG	CUGGGCUAUCUCACUUCUCAAGAACCAAAA	0
NM_002649.3:2397-2426	NM_002649.3	NM_002649.3.fasta	2397	2426	+	30	TTTGGTTCTTGAGAAGTGAGATAGCCCAGT	ACUGGGCUAUCUCACUUCUCAAGAACCAAA	0
NM_002649.3:2398-2427	NM_002649.3	NM_002649.3.fasta	2398	2427	+	30	TTGGTTCTTGAGAAGTGAGATAGCCCAGTC	GACUGGGCUAUCUCACUUCUCAAGAACCAA	0
NM_002649.3:2399-2428	NM_002649.3	NM_002649.3.fasta	2399	2428	+	30	TGGTTCTTGAGAAGTGAGATAGCCCAGTCC	GGACUGGGCUAUCUCACUUCUCAAGAACCA	0
NM_002649.3:2400-2429	NM_002649.3	NM_002649.3.fasta	2400	2429	+	30	GGTTCTTGAGAAGTGAGATAGCCCAGTCCA	UGGACUGGGCUAUCUCACUUCUCAAGAACC	0
NM_002649.3:2401-2430	NM_002649.3	NM_002649.3.fasta	2401	2430	+	30	GTTCTTGAGAAGTGAGATAGCCCAGTCCAG	CUGGACUGGGCUAUCUCACUUCUCAAGAAC	0
NM_002649.3:2402-2431	NM_002649.3	NM_002649.3.fasta	2402	2431	+	30	TTCTTGAGAAGTGAGATAGCCCAGTCCAGA	UCUGGACUGGGCUAUCUCACUUCUCAAGAA	0
NM_002649.3:2403-2432	NM_002649.3	NM_002649.3.fasta	2403	2432	+	30	TCTTGAGAAGTGAGATAGCCCAGTCCAGAC	GUCUGGACUGGGCUAUCUCACUUCUCAAGA	0
NM_002649.3:2404-2433	NM_002649.3	NM_002649.3.fasta	2404	2433	+	30	CTTGAGAAGTGAGATAGCCCAGTCCAGACA	UGUCUGGACUGGGCUAUCUCACUUCUCAAG	0
NM_002649.3:2405-2434	NM_002649.3	NM_002649.3.fasta	2405	2434	+	30	TTGAGAAGTGAGATAGCCCAGTCCAGACAC	GUGUCUGGACUGGGCUAUCUCACUUCUCAA	0
NM_002649.3:2406-2435	NM_002649.3	NM_002649.3.fasta	2406	2435	+	30	TGAGAAGTGAGATAGCCCAGTCCAGACACT	AGUGUCUGGACUGGGCUAUCUCACUUCUCA	0
NM_002649.3:2407-2436	NM_002649.3	NM_002649.3.fasta	2407	2436	+	30	GAGAAGTGAGATAGCCCAGTCCAGACACTA	UAGUGUCUGGACUGGGCUAUCUCACUUCUC	0
NM_002649.3:2408-2437	NM_002649.3	NM_002649.3.fasta	2408	2437	+	30	AGAAGTGAGATAGCCCAGTCCAGACACTAT	AUAGUGUCUGGACUGGGCUAUCUCACUUCU	0
NM_002649.3:2409-2438	NM_002649.3	NM_002649.3.fasta	2409	2438	+	30	GAAGTGAGATAGCCCAGTCCAGACACTATC	GAUAGUGUCUGGACUGGGCUAUCUCACUUC	0
NM_002649.3:2410-2439	NM_002649.3	NM_002649.3.fasta	2410	2439	+	30	AAGTGAGATAGCCCAGTCCAGACACTATCA	UGAUAGUGUCUGGACUGGGCUAUCUCACUU	0
NM_002649.3:2411-2440	NM_002649.3	NM_002649.3.fasta	2411	2440	+	30	AGTGAGATAGCCCAGTCCAGACACTATCAG	CUGAUAGUGUCUGGACUGGGCUAUCUCACU	0
NM_002649.3:2412-2441	NM_002649.3	NM_002649.3.fasta	2412	2441	+	30	GTGAGATAGCCCAGTCCAGACACTATCAGC	GCUGAUAGUGUCUGGACUGGGCUAUCUCAC	0
NM_002649.3:2413-2442	NM_002649.3	NM_002649.3.fasta	2413	2442	+	30	TGAGATAGCCCAGTCCAGACACTATCAGCA	UGCUGAUAGUGUCUGGACUGGGCUAUCUCA	0
NM_002649.3:2414-2443	NM_002649.3	NM_002649.3.fasta	2414	2443	+	30	GAGATAGCCCAGTCCAGACACTATCAGCAG	CUGCUGAUAGUGUCUGGACUGGGCUAUCUC	0
NM_002649.3:2415-2444	NM_002649.3	NM_002649.3.fasta	2415	2444	+	30	AGATAGCCCAGTCCAGACACTATCAGCAGA	UCUGCUGAUAGUGUCUGGACUGGGCUAUCU	0
NM_002649.3:2416-2445	NM_002649.3	NM_002649.3.fasta	2416	2445	+	30	GATAGCCCAGTCCAGACACTATCAGCAGAG	CUCUGCUGAUAGUGUCUGGACUGGGCUAUC	0
NM_002649.3:2417-2446	NM_002649.3	NM_002649.3.fasta	2417	2446	+	30	ATAGCCCAGTCCAGACACTATCAGCAGAGG	CCUCUGCUGAUAGUGUCUGGACUGGGCUAU	0
NM_002649.3:2418-2447	NM_002649.3	NM_002649.3.fasta	2418	2447	+	30	TAGCCCAGTCCAGACACTATCAGCAGAGGT	ACCUCUGCUGAUAGUGUCUGGACUGGGCUA	0
NM_002649.3:2419-2448	NM_002649.3	NM_002649.3.fasta	2419	2448	+	30	AGCCCAGTCCAGACACTATCAGCAGAGGTT	AACCUCUGCUGAUAGUGUCUGGACUGGGCU	0
NM_002649.3:2420-2449	NM_002649.3	NM_002649.3.fasta	2420	2449	+	30	GCCCAGTCCAGACACTATCAGCAGAGGTTC	GAACCUCUGCUGAUAGUGUCUGGACUGGGC	0
NM_002649.3:2421-2450	NM_002649.3	NM_002649.3.fasta	2421	2450	+	30	CCCAGTCCAGACACTATCAGCAGAGGTTCG	CGAACCUCUGCUGAUAGUGUCUGGACUGGG	0
NM_002649.3:2422-2451	NM_002649.3	NM_002649.3.fasta	2422	2451	+	30	CCAGTCCAGACACTATCAGCAGAGGTTCGC	GCGAACCUCUGCUGAUAGUGUCUGGACUGG	0
NM_002649.3:2423-2452	NM_002649.3	NM_002649.3.fasta	2423	2452	+	30	CAGTCCAGACACTATCAGCAGAGGTTCGCT	AGCGAACCUCUGCUGAUAGUGUCUGGACUG	0
NM_002649.3:2424-2453	NM_002649.3	NM_002649.3.fasta	2424	2453	+	30	AGTCCAGACACTATCAGCAGAGGTTCGCTG	CAGCGAACCUCUGCUGAUAGUGUCUGGACU	0
NM_002649.3:2425-2454	NM_002649.3	NM_002649.3.fasta	2425	2454	+	30	GTCCAGACACTATCAGCAGAGGTTCGCTGT	ACAGCGAACCUCUGCUGAUAGUGUCUGGAC	0
NM_002649.3:2426-2455	NM_002649.3	NM_002649.3.fasta	2426	2455	+	30	TCCAGACACTATCAGCAGAGGTTCGCTGTG	CACAGCGAACCUCUGCUGAUAGUGUCUGGA	0
NM_002649.3:2427-2456	NM_002649.3	NM_002649.3.fasta	2427	2456	+	30	CCAGACACTATCAGCAGAGGTTCGCTGTGA	UCACAGCGAACCUCUGCUGAUAGUGUCUGG	0
NM_002649.3:2428-2457	NM_002649.3	NM_002649.3.fasta	2428	2457	+	30	CAGACACTATCAGCAGAGGTTCGCTGTGAT	AUCACAGCGAACCUCUGCUGAUAGUGUCUG	0
NM_002649.3:2429-2458	NM_002649.3	NM_002649.3.fasta	2429	2458	+	30	AGACACTATCAGCAGAGGTTCGCTGTGATT	AAUCACAGCGAACCUCUGCUGAUAGUGUCU	0
NM_002649.3:2430-2459	NM_002649.3	NM_002649.3.fasta	2430	2459	+	30	GACACTATCAGCAGAGGTTCGCTGTGATTC	GAAUCACAGCGAACCUCUGCUGAUAGUGUC	0
NM_002649.3:2431-2460	NM_002649.3	NM_002649.3.fasta	2431	2460	+	30	ACACTATCAGCAGAGGTTCGCTGTGATTCT	AGAAUCACAGCGAACCUCUGCUGAUAGUGU	0
NM_002649.3:2432-2461	NM_002649.3	NM_002649.3.fasta	2432	2461	+	30	CACTATCAGCAGAGGTTCGCTGTGATTCTG	CAGAAUCACAGCGAACCUCUGCUGAUAGUG	0
NM_002649.3:2433-2462	NM_002649.3	NM_002649.3.fasta	2433	2462	+	30	ACTATCAGCAGAGGTTCGCTGTGATTCTGG	CCAGAAUCACAGCGAACCUCUGCUGAUAGU	0
NM_002649.3:2434-2463	NM_002649.3	NM_002649.3.fasta	2434	2463	+	30	CTATCAGCAGAGGTTCGCTGTGATTCTGGA	UCCAGAAUCACAGCGAACCUCUGCUGAUAG	0
NM_002649.3:2435-2464	NM_002649.3	NM_002649.3.fasta	2435	2464	+	30	TATCAGCAGAGGTTCGCTGTGATTCTGGAA	UUCCAGAAUCACAGCGAACCUCUGCUGAUA	0
NM_002649.3:2436-2465	NM_002649.3	NM_002649.3.fasta	2436	2465	+	30	ATCAGCAGAGGTTCGCTGTGATTCTGGAAG	CUUCCAGAAUCACAGCGAACCUCUGCUGAU	0
NM_002649.3:2437-2466	NM_002649.3	NM_002649.3.fasta	2437	2466	+	30	TCAGCAGAGGTTCGCTGTGATTCTGGAAGC	GCUUCCAGAAUCACAGCGAACCUCUGCUGA	0
NM_002649.3:2438-2467	NM_002649.3	NM_002649.3.fasta	2438	2467	+	30	CAGCAGAGGTTCGCTGTGATTCTGGAAGCC	GGCUUCCAGAAUCACAGCGAACCUCUGCUG	0
NM_002649.3:2439-2468	NM_002649.3	NM_002649.3.fasta	2439	2468	+	30	AGCAGAGGTTCGCTGTGATTCTGGAAGCCT	AGGCUUCCAGAAUCACAGCGAACCUCUGCU	0
NM_002649.3:2440-2469	NM_002649.3	NM_002649.3.fasta	2440	2469	+	30	GCAGAGGTTCGCTGTGATTCTGGAAGCCTA	UAGGCUUCCAGAAUCACAGCGAACCUCUGC	0
NM_002649.3:2441-2470	NM_002649.3	NM_002649.3.fasta	2441	2470	+	30	CAGAGGTTCGCTGTGATTCTGGAAGCCTAT	AUAGGCUUCCAGAAUCACAGCGAACCUCUG	0
NM_002649.3:2442-2471	NM_002649.3	NM_002649.3.fasta	2442	2471	+	30	AGAGGTTCGCTGTGATTCTGGAAGCCTATC	GAUAGGCUUCCAGAAUCACAGCGAACCUCU	0
NM_002649.3:2443-2472	NM_002649.3	NM_002649.3.fasta	2443	2472	+	30	GAGGTTCGCTGTGATTCTGGAAGCCTATCT	AGAUAGGCUUCCAGAAUCACAGCGAACCUC	0
NM_002649.3:2444-2473	NM_002649.3	NM_002649.3.fasta	2444	2473	+	30	AGGTTCGCTGTGATTCTGGAAGCCTATCTG	CAGAUAGGCUUCCAGAAUCACAGCGAACCU	0
NM_002649.3:2445-2474	NM_002649.3	NM_002649.3.fasta	2445	2474	+	30	GGTTCGCTGTGATTCTGGAAGCCTATCTGA	UCAGAUAGGCUUCCAGAAUCACAGCGAACC	0
NM_002649.3:2446-2475	NM_002649.3	NM_002649.3.fasta	2446	2475	+	30	GTTCGCTGTGATTCTGGAAGCCTATCTGAG	CUCAGAUAGGCUUCCAGAAUCACAGCGAAC	0
NM_002649.3:2447-2476	NM_002649.3	NM_002649.3.fasta	2447	2476	+	30	TTCGCTGTGATTCTGGAAGCCTATCTGAGG	CCUCAGAUAGGCUUCCAGAAUCACAGCGAA	0
NM_002649.3:2448-2477	NM_002649.3	NM_002649.3.fasta	2448	2477	+	30	TCGCTGTGATTCTGGAAGCCTATCTGAGGG	CCCUCAGAUAGGCUUCCAGAAUCACAGCGA	0
NM_002649.3:2449-2478	NM_002649.3	NM_002649.3.fasta	2449	2478	+	30	CGCTGTGATTCTGGAAGCCTATCTGAGGGG	CCCCUCAGAUAGGCUUCCAGAAUCACAGCG	0
NM_002649.3:2450-2479	NM_002649.3	NM_002649.3.fasta	2450	2479	+	30	GCTGTGATTCTGGAAGCCTATCTGAGGGGC	GCCCCUCAGAUAGGCUUCCAGAAUCACAGC	0
NM_002649.3:2451-2480	NM_002649.3	NM_002649.3.fasta	2451	2480	+	30	CTGTGATTCTGGAAGCCTATCTGAGGGGCT	AGCCCCUCAGAUAGGCUUCCAGAAUCACAG	0
NM_002649.3:2452-2481	NM_002649.3	NM_002649.3.fasta	2452	2481	+	30	TGTGATTCTGGAAGCCTATCTGAGGGGCTG	CAGCCCCUCAGAUAGGCUUCCAGAAUCACA	0
NM_002649.3:2453-2482	NM_002649.3	NM_002649.3.fasta	2453	2482	+	30	GTGATTCTGGAAGCCTATCTGAGGGGCTGT	ACAGCCCCUCAGAUAGGCUUCCAGAAUCAC	0
NM_002649.3:2454-2483	NM_002649.3	NM_002649.3.fasta	2454	2483	+	30	TGATTCTGGAAGCCTATCTGAGGGGCTGTG	CACAGCCCCUCAGAUAGGCUUCCAGAAUCA	0
NM_002649.3:2455-2484	NM_002649.3	NM_002649.3.fasta	2455	2484	+	30	GATTCTGGAAGCCTATCTGAGGGGCTGTGG	CCACAGCCCCUCAGAUAGGCUUCCAGAAUC	0
NM_002649.3:2456-2485	NM_002649.3	NM_002649.3.fasta	2456	2485	+	30	ATTCTGGAAGCCTATCTGAGGGGCTGTGGC	GCCACAGCCCCUCAGAUAGGCUUCCAGAAU	0
NM_002649.3:2457-2486	NM_002649.3	NM_002649.3.fasta	2457	2486	+	30	TTCTGGAAGCCTATCTGAGGGGCTGTGGCA	UGCCACAGCCCCUCAGAUAGGCUUCCAGAA	0
NM_002649.3:2458-2487	NM_002649.3	NM_002649.3.fasta	2458	2487	+	30	TCTGGAAGCCTATCTGAGGGGCTGTGGCAC	GUGCCACAGCCCCUCAGAUAGGCUUCCAGA	0
NM_002649.3:2459-2488	NM_002649.3	NM_002649.3.fasta	2459	2488	+	30	CTGGAAGCCTATCTGAGGGGCTGTGGCACA	UGUGCCACAGCCCCUCAGAUAGGCUUCCAG	0
NM_002649.3:2460-2489	NM_002649.3	NM_002649.3.fasta	2460	2489	+	30	TGGAAGCCTATCTGAGGGGCTGTGGCACAG	CUGUGCCACAGCCCCUCAGAUAGGCUUCCA	0
NM_002649.3:2461-2490	NM_002649.3	NM_002649.3.fasta	2461	2490	+	30	GGAAGCCTATCTGAGGGGCTGTGGCACAGC	GCUGUGCCACAGCCCCUCAGAUAGGCUUCC	0
NM_002649.3:2462-2491	NM_002649.3	NM_002649.3.fasta	2462	2491	+	30	GAAGCCTATCTGAGGGGCTGTGGCACAGCC	GGCUGUGCCACAGCCCCUCAGAUAGGCUUC	0
NM_002649.3:2463-2492	NM_002649.3	NM_002649.3.fasta	2463	2492	+	30	AAGCCTATCTGAGGGGCTGTGGCACAGCCA	UGGCUGUGCCACAGCCCCUCAGAUAGGCUU	0
NM_002649.3:2464-2493	NM_002649.3	NM_002649.3.fasta	2464	2493	+	30	AGCCTATCTGAGGGGCTGTGGCACAGCCAT	AUGGCUGUGCCACAGCCCCUCAGAUAGGCU	0
NM_002649.3:2465-2494	NM_002649.3	NM_002649.3.fasta	2465	2494	+	30	GCCTATCTGAGGGGCTGTGGCACAGCCATG	CAUGGCUGUGCCACAGCCCCUCAGAUAGGC	0
NM_002649.3:2466-2495	NM_002649.3	NM_002649.3.fasta	2466	2495	+	30	CCTATCTGAGGGGCTGTGGCACAGCCATGC	GCAUGGCUGUGCCACAGCCCCUCAGAUAGG	0
NM_002649.3:2467-2496	NM_002649.3	NM_002649.3.fasta	2467	2496	+	30	CTATCTGAGGGGCTGTGGCACAGCCATGCT	AGCAUGGCUGUGCCACAGCCCCUCAGAUAG	0
NM_002649.3:2468-2497	NM_002649.3	NM_002649.3.fasta	2468	2497	+	30	TATCTGAGGGGCTGTGGCACAGCCATGCTG	CAGCAUGGCUGUGCCACAGCCCCUCAGAUA	0
NM_002649.3:2469-2498	NM_002649.3	NM_002649.3.fasta	2469	2498	+	30	ATCTGAGGGGCTGTGGCACAGCCATGCTGC	GCAGCAUGGCUGUGCCACAGCCCCUCAGAU	0
NM_002649.3:2470-2499	NM_002649.3	NM_002649.3.fasta	2470	2499	+	30	TCTGAGGGGCTGTGGCACAGCCATGCTGCA	UGCAGCAUGGCUGUGCCACAGCCCCUCAGA	0
NM_002649.3:2471-2500	NM_002649.3	NM_002649.3.fasta	2471	2500	+	30	CTGAGGGGCTGTGGCACAGCCATGCTGCAC	GUGCAGCAUGGCUGUGCCACAGCCCCUCAG	0
NM_002649.3:2472-2501	NM_002649.3	NM_002649.3.fasta	2472	2501	+	30	TGAGGGGCTGTGGCACAGCCATGCTGCACG	CGUGCAGCAUGGCUGUGCCACAGCCCCUCA	0
NM_002649.3:2473-2502	NM_002649.3	NM_002649.3.fasta	2473	2502	+	30	GAGGGGCTGTGGCACAGCCATGCTGCACGA	UCGUGCAGCAUGGCUGUGCCACAGCCCCUC	0
NM_002649.3:2474-2503	NM_002649.3	NM_002649.3.fasta	2474	2503	+	30	AGGGGCTGTGGCACAGCCATGCTGCACGAC	GUCGUGCAGCAUGGCUGUGCCACAGCCCCU	0
NM_002649.3:2475-2504	NM_002649.3	NM_002649.3.fasta	2475	2504	+	30	GGGGCTGTGGCACAGCCATGCTGCACGACT	AGUCGUGCAGCAUGGCUGUGCCACAGCCCC	0
NM_002649.3:2476-2505	NM_002649.3	NM_002649.3.fasta	2476	2505	+	30	GGGCTGTGGCACAGCCATGCTGCACGACTT	AAGUCGUGCAGCAUGGCUGUGCCACAGCCC	0
NM_002649.3:2477-2506	NM_002649.3	NM_002649.3.fasta	2477	2506	+	30	GGCTGTGGCACAGCCATGCTGCACGACTTT	AAAGUCGUGCAGCAUGGCUGUGCCACAGCC	0
NM_002649.3:2478-2507	NM_002649.3	NM_002649.3.fasta	2478	2507	+	30	GCTGTGGCACAGCCATGCTGCACGACTTTA	UAAAGUCGUGCAGCAUGGCUGUGCCACAGC	0
NM_002649.3:2479-2508	NM_002649.3	NM_002649.3.fasta	2479	2508	+	30	CTGTGGCACAGCCATGCTGCACGACTTTAC	GUAAAGUCGUGCAGCAUGGCUGUGCCACAG	0
NM_002649.3:2480-2509	NM_002649.3	NM_002649.3.fasta	2480	2509	+	30	TGTGGCACAGCCATGCTGCACGACTTTACC	GGUAAAGUCGUGCAGCAUGGCUGUGCCACA	0
NM_002649.3:2481-2510	NM_002649.3	NM_002649.3.fasta	2481	2510	+	30	GTGGCACAGCCATGCTGCACGACTTTACCC	GGGUAAAGUCGUGCAGCAUGGCUGUGCCAC	0
NM_002649.3:2482-2511	NM_002649.3	NM_002649.3.fasta	2482	2511	+	30	TGGCACAGCCATGCTGCACGACTTTACCCA	UGGGUAAAGUCGUGCAGCAUGGCUGUGCCA	0
NM_002649.3:2483-2512	NM_002649.3	NM_002649.3.fasta	2483	2512	+	30	GGCACAGCCATGCTGCACGACTTTACCCAA	UUGGGUAAAGUCGUGCAGCAUGGCUGUGCC	0
NM_002649.3:2484-2513	NM_002649.3	NM_002649.3.fasta	2484	2513	+	30	GCACAGCCATGCTGCACGACTTTACCCAAC	GUUGGGUAAAGUCGUGCAGCAUGGCUGUGC	0
NM_002649.3:2485-2514	NM_002649.3	NM_002649.3.fasta	2485	2514	+	30	CACAGCCATGCTGCACGACTTTACCCAACA	UGUUGGGUAAAGUCGUGCAGCAUGGCUGUG	0
NM_002649.3:2486-2515	NM_002649.3	NM_002649.3.fasta	2486	2515	+	30	ACAGCCATGCTGCACGACTTTACCCAACAA	UUGUUGGGUAAAGUCGUGCAGCAUGGCUGU	0
NM_002649.3:2487-2516	NM_002649.3	NM_002649.3.fasta	2487	2516	+	30	CAGCCATGCTGCACGACTTTACCCAACAAG	CUUGUUGGGUAAAGUCGUGCAGCAUGGCUG	0
NM_002649.3:2488-2517	NM_002649.3	NM_002649.3.fasta	2488	2517	+	30	AGCCATGCTGCACGACTTTACCCAACAAGT	ACUUGUUGGGUAAAGUCGUGCAGCAUGGCU	0
NM_002649.3:2489-2518	NM_002649.3	NM_002649.3.fasta	2489	2518	+	30	GCCATGCTGCACGACTTTACCCAACAAGTC	GACUUGUUGGGUAAAGUCGUGCAGCAUGGC	0
NM_002649.3:2490-2519	NM_002649.3	NM_002649.3.fasta	2490	2519	+	30	CCATGCTGCACGACTTTACCCAACAAGTCC	GGACUUGUUGGGUAAAGUCGUGCAGCAUGG	0
NM_002649.3:2491-2520	NM_002649.3	NM_002649.3.fasta	2491	2520	+	30	CATGCTGCACGACTTTACCCAACAAGTCCA	UGGACUUGUUGGGUAAAGUCGUGCAGCAUG	0
NM_002649.3:2492-2521	NM_002649.3	NM_002649.3.fasta	2492	2521	+	30	ATGCTGCACGACTTTACCCAACAAGTCCAA	UUGGACUUGUUGGGUAAAGUCGUGCAGCAU	0
NM_002649.3:2493-2522	NM_002649.3	NM_002649.3.fasta	2493	2522	+	30	TGCTGCACGACTTTACCCAACAAGTCCAAG	CUUGGACUUGUUGGGUAAAGUCGUGCAGCA	0
NM_002649.3:2494-2523	NM_002649.3	NM_002649.3.fasta	2494	2523	+	30	GCTGCACGACTTTACCCAACAAGTCCAAGT	ACUUGGACUUGUUGGGUAAAGUCGUGCAGC	0
NM_002649.3:2495-2524	NM_002649.3	NM_002649.3.fasta	2495	2524	+	30	CTGCACGACTTTACCCAACAAGTCCAAGTA	UACUUGGACUUGUUGGGUAAAGUCGUGCAG	0
NM_002649.3:2496-2525	NM_002649.3	NM_002649.3.fasta	2496	2525	+	30	TGCACGACTTTACCCAACAAGTCCAAGTAA	UUACUUGGACUUGUUGGGUAAAGUCGUGCA	0
NM_002649.3:2497-2526	NM_002649.3	NM_002649.3.fasta	2497	2526	+	30	GCACGACTTTACCCAACAAGTCCAAGTAAT	AUUACUUGGACUUGUUGGGUAAAGUCGUGC	0
NM_002649.3:2498-2527	NM_002649.3	NM_002649.3.fasta	2498	2527	+	30	CACGACTTTACCCAACAAGTCCAAGTAATC	GAUUACUUGGACUUGUUGGGUAAAGUCGUG	0
NM_002649.3:2499-2528	NM_002649.3	NM_002649.3.fasta	2499	2528	+	30	ACGACTTTACCCAACAAGTCCAAGTAATCG	CGAUUACUUGGACUUGUUGGGUAAAGUCGU	0
NM_002649.3:2500-2529	NM_002649.3	NM_002649.3.fasta	2500	2529	+	30	CGACTTTACCCAACAAGTCCAAGTAATCGA	UCGAUUACUUGGACUUGUUGGGUAAAGUCG	0
NM_002649.3:2501-2530	NM_002649.3	NM_002649.3.fasta	2501	2530	+	30	GACTTTACCCAACAAGTCCAAGTAATCGAG	CUCGAUUACUUGGACUUGUUGGGUAAAGUC	0
NM_002649.3:2502-2531	NM_002649.3	NM_002649.3.fasta	2502	2531	+	30	ACTTTACCCAACAAGTCCAAGTAATCGAGA	UCUCGAUUACUUGGACUUGUUGGGUAAAGU	0
NM_002649.3:2503-2532	NM_002649.3	NM_002649.3.fasta	2503	2532	+	30	CTTTACCCAACAAGTCCAAGTAATCGAGAT	AUCUCGAUUACUUGGACUUGUUGGGUAAAG	0
NM_002649.3:2504-2533	NM_002649.3	NM_002649.3.fasta	2504	2533	+	30	TTTACCCAACAAGTCCAAGTAATCGAGATG	CAUCUCGAUUACUUGGACUUGUUGGGUAAA	0
NM_002649.3:2505-2534	NM_002649.3	NM_002649.3.fasta	2505	2534	+	30	TTACCCAACAAGTCCAAGTAATCGAGATGT	ACAUCUCGAUUACUUGGACUUGUUGGGUAA	0
NM_002649.3:2506-2535	NM_002649.3	NM_002649.3.fasta	2506	2535	+	30	TACCCAACAAGTCCAAGTAATCGAGATGTT	AACAUCUCGAUUACUUGGACUUGUUGGGUA	0
NM_002649.3:2507-2536	NM_002649.3	NM_002649.3.fasta	2507	2536	+	30	ACCCAACAAGTCCAAGTAATCGAGATGTTA	UAACAUCUCGAUUACUUGGACUUGUUGGGU	0
NM_002649.3:2508-2537	NM_002649.3	NM_002649.3.fasta	2508	2537	+	30	CCCAACAAGTCCAAGTAATCGAGATGTTAC	GUAACAUCUCGAUUACUUGGACUUGUUGGG	0
NM_002649.3:2509-2538	NM_002649.3	NM_002649.3.fasta	2509	2538	+	30	CCAACAAGTCCAAGTAATCGAGATGTTACA	UGUAACAUCUCGAUUACUUGGACUUGUUGG	0
NM_002649.3:2510-2539	NM_002649.3	NM_002649.3.fasta	2510	2539	+	30	CAACAAGTCCAAGTAATCGAGATGTTACAA	UUGUAACAUCUCGAUUACUUGGACUUGUUG	0
NM_002649.3:2511-2540	NM_002649.3	NM_002649.3.fasta	2511	2540	+	30	AACAAGTCCAAGTAATCGAGATGTTACAAA	UUUGUAACAUCUCGAUUACUUGGACUUGUU	0
NM_002649.3:2512-2541	NM_002649.3	NM_002649.3.fasta	2512	2541	+	30	ACAAGTCCAAGTAATCGAGATGTTACAAAA	UUUUGUAACAUCUCGAUUACUUGGACUUGU	0
NM_002649.3:2513-2542	NM_002649.3	NM_002649.3.fasta	2513	2542	+	30	CAAGTCCAAGTAATCGAGATGTTACAAAAA	UUUUUGUAACAUCUCGAUUACUUGGACUUG	0
NM_002649.3:2514-2543	NM_002649.3	NM_002649.3.fasta	2514	2543	+	30	AAGTCCAAGTAATCGAGATGTTACAAAAAG	CUUUUUGUAACAUCUCGAUUACUUGGACUU	0
NM_002649.3:2515-2544	NM_002649.3	NM_002649.3.fasta	2515	2544	+	30	AGTCCAAGTAATCGAGATGTTACAAAAAGT	ACUUUUUGUAACAUCUCGAUUACUUGGACU	0
NM_002649.3:2516-2545	NM_002649.3	NM_002649.3.fasta	2516	2545	+	30	GTCCAAGTAATCGAGATGTTACAAAAAGTC	GACUUUUUGUAACAUCUCGAUUACUUGGAC	0
NM_002649.3:2517-2546	NM_002649.3	NM_002649.3.fasta	2517	2546	+	30	TCCAAGTAATCGAGATGTTACAAAAAGTCA	UGACUUUUUGUAACAUCUCGAUUACUUGGA	0
NM_002649.3:2518-2547	NM_002649.3	NM_002649.3.fasta	2518	2547	+	30	CCAAGTAATCGAGATGTTACAAAAAGTCAC	GUGACUUUUUGUAACAUCUCGAUUACUUGG	0
NM_002649.3:2519-2548	NM_002649.3	NM_002649.3.fasta	2519	2548	+	30	CAAGTAATCGAGATGTTACAAAAAGTCACC	GGUGACUUUUUGUAACAUCUCGAUUACUUG	0
NM_002649.3:2520-2549	NM_002649.3	NM_002649.3.fasta	2520	2549	+	30	AAGTAATCGAGATGTTACAAAAAGTCACCC	GGGUGACUUUUUGUAACAUCUCGAUUACUU	0
NM_002649.3:2521-2550	NM_002649.3	NM_002649.3.fasta	2521	2550	+	30	AGTAATCGAGATGTTACAAAAAGTCACCCT	AGGGUGACUUUUUGUAACAUCUCGAUUACU	0
NM_002649.3:2522-2551	NM_002649.3	NM_002649.3.fasta	2522	2551	+	30	GTAATCGAGATGTTACAAAAAGTCACCCTT	AAGGGUGACUUUUUGUAACAUCUCGAUUAC	0
NM_002649.3:2523-2552	NM_002649.3	NM_002649.3.fasta	2523	2552	+	30	TAATCGAGATGTTACAAAAAGTCACCCTTG	CAAGGGUGACUUUUUGUAACAUCUCGAUUA	0
NM_002649.3:2524-2553	NM_002649.3	NM_002649.3.fasta	2524	2553	+	30	AATCGAGATGTTACAAAAAGTCACCCTTGA	UCAAGGGUGACUUUUUGUAACAUCUCGAUU	0
NM_002649.3:2525-2554	NM_002649.3	NM_002649.3.fasta	2525	2554	+	30	ATCGAGATGTTACAAAAAGTCACCCTTGAT	AUCAAGGGUGACUUUUUGUAACAUCUCGAU	0
NM_002649.3:2526-2555	NM_002649.3	NM_002649.3.fasta	2526	2555	+	30	TCGAGATGTTACAAAAAGTCACCCTTGATA	UAUCAAGGGUGACUUUUUGUAACAUCUCGA	0
NM_002649.3:2527-2556	NM_002649.3	NM_002649.3.fasta	2527	2556	+	30	CGAGATGTTACAAAAAGTCACCCTTGATAT	AUAUCAAGGGUGACUUUUUGUAACAUCUCG	0
NM_002649.3:2528-2557	NM_002649.3	NM_002649.3.fasta	2528	2557	+	30	GAGATGTTACAAAAAGTCACCCTTGATATT	AAUAUCAAGGGUGACUUUUUGUAACAUCUC	0
NM_002649.3:2529-2558	NM_002649.3	NM_002649.3.fasta	2529	2558	+	30	AGATGTTACAAAAAGTCACCCTTGATATTA	UAAUAUCAAGGGUGACUUUUUGUAACAUCU	0
NM_002649.3:2530-2559	NM_002649.3	NM_002649.3.fasta	2530	2559	+	30	GATGTTACAAAAAGTCACCCTTGATATTAA	UUAAUAUCAAGGGUGACUUUUUGUAACAUC	0
NM_002649.3:2531-2560	NM_002649.3	NM_002649.3.fasta	2531	2560	+	30	ATGTTACAAAAAGTCACCCTTGATATTAAA	UUUAAUAUCAAGGGUGACUUUUUGUAACAU	0
NM_002649.3:2532-2561	NM_002649.3	NM_002649.3.fasta	2532	2561	+	30	TGTTACAAAAAGTCACCCTTGATATTAAAT	AUUUAAUAUCAAGGGUGACUUUUUGUAACA	0
NM_002649.3:2533-2562	NM_002649.3	NM_002649.3.fasta	2533	2562	+	30	GTTACAAAAAGTCACCCTTGATATTAAATC	GAUUUAAUAUCAAGGGUGACUUUUUGUAAC	0
NM_002649.3:2534-2563	NM_002649.3	NM_002649.3.fasta	2534	2563	+	30	TTACAAAAAGTCACCCTTGATATTAAATCG	CGAUUUAAUAUCAAGGGUGACUUUUUGUAA	0
NM_002649.3:2535-2564	NM_002649.3	NM_002649.3.fasta	2535	2564	+	30	TACAAAAAGTCACCCTTGATATTAAATCGC	GCGAUUUAAUAUCAAGGGUGACUUUUUGUA	0
NM_002649.3:2536-2565	NM_002649.3	NM_002649.3.fasta	2536	2565	+	30	ACAAAAAGTCACCCTTGATATTAAATCGCT	AGCGAUUUAAUAUCAAGGGUGACUUUUUGU	0
NM_002649.3:2537-2566	NM_002649.3	NM_002649.3.fasta	2537	2566	+	30	CAAAAAGTCACCCTTGATATTAAATCGCTC	GAGCGAUUUAAUAUCAAGGGUGACUUUUUG	0
NM_002649.3:2538-2567	NM_002649.3	NM_002649.3.fasta	2538	2567	+	30	AAAAAGTCACCCTTGATATTAAATCGCTCT	AGAGCGAUUUAAUAUCAAGGGUGACUUUUU	0
NM_002649.3:2539-2568	NM_002649.3	NM_002649.3.fasta	2539	2568	+	30	AAAAGTCACCCTTGATATTAAATCGCTCTC	GAGAGCGAUUUAAUAUCAAGGGUGACUUUU	0
NM_002649.3:2540-2569	NM_002649.3	NM_002649.3.fasta	2540	2569	+	30	AAAGTCACCCTTGATATTAAATCGCTCTCT	AGAGAGCGAUUUAAUAUCAAGGGUGACUUU	0
NM_002649.3:2541-2570	NM_002649.3	NM_002649.3.fasta	2541	2570	+	30	AAGTCACCCTTGATATTAAATCGCTCTCTG	CAGAGAGCGAUUUAAUAUCAAGGGUGACUU	0
NM_002649.3:2542-2571	NM_002649.3	NM_002649.3.fasta	2542	2571	+	30	AGTCACCCTTGATATTAAATCGCTCTCTGC	GCAGAGAGCGAUUUAAUAUCAAGGGUGACU	0
NM_002649.3:2543-2572	NM_002649.3	NM_002649.3.fasta	2543	2572	+	30	GTCACCCTTGATATTAAATCGCTCTCTGCT	AGCAGAGAGCGAUUUAAUAUCAAGGGUGAC	0
NM_002649.3:2544-2573	NM_002649.3	NM_002649.3.fasta	2544	2573	+	30	TCACCCTTGATATTAAATCGCTCTCTGCTG	CAGCAGAGAGCGAUUUAAUAUCAAGGGUGA	0
NM_002649.3:2545-2574	NM_002649.3	NM_002649.3.fasta	2545	2574	+	30	CACCCTTGATATTAAATCGCTCTCTGCTGA	UCAGCAGAGAGCGAUUUAAUAUCAAGGGUG	0
NM_002649.3:2546-2575	NM_002649.3	NM_002649.3.fasta	2546	2575	+	30	ACCCTTGATATTAAATCGCTCTCTGCTGAA	UUCAGCAGAGAGCGAUUUAAUAUCAAGGGU	0
NM_002649.3:2547-2576	NM_002649.3	NM_002649.3.fasta	2547	2576	+	30	CCCTTGATATTAAATCGCTCTCTGCTGAAA	UUUCAGCAGAGAGCGAUUUAAUAUCAAGGG	0
NM_002649.3:2548-2577	NM_002649.3	NM_002649.3.fasta	2548	2577	+	30	CCTTGATATTAAATCGCTCTCTGCTGAAAA	UUUUCAGCAGAGAGCGAUUUAAUAUCAAGG	0
NM_002649.3:2549-2578	NM_002649.3	NM_002649.3.fasta	2549	2578	+	30	CTTGATATTAAATCGCTCTCTGCTGAAAAG	CUUUUCAGCAGAGAGCGAUUUAAUAUCAAG	0
NM_002649.3:2550-2579	NM_002649.3	NM_002649.3.fasta	2550	2579	+	30	TTGATATTAAATCGCTCTCTGCTGAAAAGT	ACUUUUCAGCAGAGAGCGAUUUAAUAUCAA	0
NM_002649.3:2551-2580	NM_002649.3	NM_002649.3.fasta	2551	2580	+	30	TGATATTAAATCGCTCTCTGCTGAAAAGTA	UACUUUUCAGCAGAGAGCGAUUUAAUAUCA	0
NM_002649.3:2552-2581	NM_002649.3	NM_002649.3.fasta	2552	2581	+	30	GATATTAAATCGCTCTCTGCTGAAAAGTAT	AUACUUUUCAGCAGAGAGCGAUUUAAUAUC	0
NM_002649.3:2553-2582	NM_002649.3	NM_002649.3.fasta	2553	2582	+	30	ATATTAAATCGCTCTCTGCTGAAAAGTATG	CAUACUUUUCAGCAGAGAGCGAUUUAAUAU	0
NM_002649.3:2554-2583	NM_002649.3	NM_002649.3.fasta	2554	2583	+	30	TATTAAATCGCTCTCTGCTGAAAAGTATGA	UCAUACUUUUCAGCAGAGAGCGAUUUAAUA	0
NM_002649.3:2555-2584	NM_002649.3	NM_002649.3.fasta	2555	2584	+	30	ATTAAATCGCTCTCTGCTGAAAAGTATGAC	GUCAUACUUUUCAGCAGAGAGCGAUUUAAU	0
NM_002649.3:2556-2585	NM_002649.3	NM_002649.3.fasta	2556	2585	+	30	TTAAATCGCTCTCTGCTGAAAAGTATGACG	CGUCAUACUUUUCAGCAGAGAGCGAUUUAA	0
NM_002649.3:2557-2586	NM_002649.3	NM_002649.3.fasta	2557	2586	+	30	TAAATCGCTCTCTGCTGAAAAGTATGACGT	ACGUCAUACUUUUCAGCAGAGAGCGAUUUA	0
NM_002649.3:2558-2587	NM_002649.3	NM_002649.3.fasta	2558	2587	+	30	AAATCGCTCTCTGCTGAAAAGTATGACGTC	GACGUCAUACUUUUCAGCAGAGAGCGAUUU	0
NM_002649.3:2559-2588	NM_002649.3	NM_002649.3.fasta	2559	2588	+	30	AATCGCTCTCTGCTGAAAAGTATGACGTCA	UGACGUCAUACUUUUCAGCAGAGAGCGAUU	0
NM_002649.3:2560-2589	NM_002649.3	NM_002649.3.fasta	2560	2589	+	30	ATCGCTCTCTGCTGAAAAGTATGACGTCAG	CUGACGUCAUACUUUUCAGCAGAGAGCGAU	0
NM_002649.3:2561-2590	NM_002649.3	NM_002649.3.fasta	2561	2590	+	30	TCGCTCTCTGCTGAAAAGTATGACGTCAGT	ACUGACGUCAUACUUUUCAGCAGAGAGCGA	0
NM_002649.3:2562-2591	NM_002649.3	NM_002649.3.fasta	2562	2591	+	30	CGCTCTCTGCTGAAAAGTATGACGTCAGTT	AACUGACGUCAUACUUUUCAGCAGAGAGCG	0
NM_002649.3:2563-2592	NM_002649.3	NM_002649.3.fasta	2563	2592	+	30	GCTCTCTGCTGAAAAGTATGACGTCAGTTC	GAACUGACGUCAUACUUUUCAGCAGAGAGC	0
NM_002649.3:2564-2593	NM_002649.3	NM_002649.3.fasta	2564	2593	+	30	CTCTCTGCTGAAAAGTATGACGTCAGTTCC	GGAACUGACGUCAUACUUUUCAGCAGAGAG	0
NM_002649.3:2565-2594	NM_002649.3	NM_002649.3.fasta	2565	2594	+	30	TCTCTGCTGAAAAGTATGACGTCAGTTCCC	GGGAACUGACGUCAUACUUUUCAGCAGAGA	0
NM_002649.3:2566-2595	NM_002649.3	NM_002649.3.fasta	2566	2595	+	30	CTCTGCTGAAAAGTATGACGTCAGTTCCCA	UGGGAACUGACGUCAUACUUUUCAGCAGAG	0
NM_002649.3:2567-2596	NM_002649.3	NM_002649.3.fasta	2567	2596	+	30	TCTGCTGAAAAGTATGACGTCAGTTCCCAA	UUGGGAACUGACGUCAUACUUUUCAGCAGA	0
NM_002649.3:2568-2597	NM_002649.3	NM_002649.3.fasta	2568	2597	+	30	CTGCTGAAAAGTATGACGTCAGTTCCCAAG	CUUGGGAACUGACGUCAUACUUUUCAGCAG	0
NM_002649.3:2569-2598	NM_002649.3	NM_002649.3.fasta	2569	2598	+	30	TGCTGAAAAGTATGACGTCAGTTCCCAAGT	ACUUGGGAACUGACGUCAUACUUUUCAGCA	0
NM_002649.3:2570-2599	NM_002649.3	NM_002649.3.fasta	2570	2599	+	30	GCTGAAAAGTATGACGTCAGTTCCCAAGTT	AACUUGGGAACUGACGUCAUACUUUUCAGC	0
NM_002649.3:2571-2600	NM_002649.3	NM_002649.3.fasta	2571	2600	+	30	CTGAAAAGTATGACGTCAGTTCCCAAGTTA	UAACUUGGGAACUGACGUCAUACUUUUCAG	0
NM_002649.3:2572-2601	NM_002649.3	NM_002649.3.fasta	2572	2601	+	30	TGAAAAGTATGACGTCAGTTCCCAAGTTAT	AUAACUUGGGAACUGACGUCAUACUUUUCA	0
NM_002649.3:2573-2602	NM_002649.3	NM_002649.3.fasta	2573	2602	+	30	GAAAAGTATGACGTCAGTTCCCAAGTTATT	AAUAACUUGGGAACUGACGUCAUACUUUUC	0
NM_002649.3:2574-2603	NM_002649.3	NM_002649.3.fasta	2574	2603	+	30	AAAAGTATGACGTCAGTTCCCAAGTTATTT	AAAUAACUUGGGAACUGACGUCAUACUUUU	0
NM_002649.3:2575-2604	NM_002649.3	NM_002649.3.fasta	2575	2604	+	30	AAAGTATGACGTCAGTTCCCAAGTTATTTC	GAAAUAACUUGGGAACUGACGUCAUACUUU	0
NM_002649.3:2576-2605	NM_002649.3	NM_002649.3.fasta	2576	2605	+	30	AAGTATGACGTCAGTTCCCAAGTTATTTCA	UGAAAUAACUUGGGAACUGACGUCAUACUU	0
NM_002649.3:2577-2606	NM_002649.3	NM_002649.3.fasta	2577	2606	+	30	AGTATGACGTCAGTTCCCAAGTTATTTCAC	GUGAAAUAACUUGGGAACUGACGUCAUACU	0
NM_002649.3:2578-2607	NM_002649.3	NM_002649.3.fasta	2578	2607	+	30	GTATGACGTCAGTTCCCAAGTTATTTCACA	UGUGAAAUAACUUGGGAACUGACGUCAUAC	0
NM_002649.3:2579-2608	NM_002649.3	NM_002649.3.fasta	2579	2608	+	30	TATGACGTCAGTTCCCAAGTTATTTCACAA	UUGUGAAAUAACUUGGGAACUGACGUCAUA	0
NM_002649.3:2580-2609	NM_002649.3	NM_002649.3.fasta	2580	2609	+	30	ATGACGTCAGTTCCCAAGTTATTTCACAAC	GUUGUGAAAUAACUUGGGAACUGACGUCAU	0
NM_002649.3:2581-2610	NM_002649.3	NM_002649.3.fasta	2581	2610	+	30	TGACGTCAGTTCCCAAGTTATTTCACAACT	AGUUGUGAAAUAACUUGGGAACUGACGUCA	0
NM_002649.3:2582-2611	NM_002649.3	NM_002649.3.fasta	2582	2611	+	30	GACGTCAGTTCCCAAGTTATTTCACAACTT	AAGUUGUGAAAUAACUUGGGAACUGACGUC	0
NM_002649.3:2583-2612	NM_002649.3	NM_002649.3.fasta	2583	2612	+	30	ACGTCAGTTCCCAAGTTATTTCACAACTTA	UAAGUUGUGAAAUAACUUGGGAACUGACGU	0
NM_002649.3:2584-2613	NM_002649.3	NM_002649.3.fasta	2584	2613	+	30	CGTCAGTTCCCAAGTTATTTCACAACTTAA	UUAAGUUGUGAAAUAACUUGGGAACUGACG	0
NM_002649.3:2585-2614	NM_002649.3	NM_002649.3.fasta	2585	2614	+	30	GTCAGTTCCCAAGTTATTTCACAACTTAAA	UUUAAGUUGUGAAAUAACUUGGGAACUGAC	0
NM_002649.3:2586-2615	NM_002649.3	NM_002649.3.fasta	2586	2615	+	30	TCAGTTCCCAAGTTATTTCACAACTTAAAC	GUUUAAGUUGUGAAAUAACUUGGGAACUGA	0
NM_002649.3:2587-2616	NM_002649.3	NM_002649.3.fasta	2587	2616	+	30	CAGTTCCCAAGTTATTTCACAACTTAAACA	UGUUUAAGUUGUGAAAUAACUUGGGAACUG	0
NM_002649.3:2588-2617	NM_002649.3	NM_002649.3.fasta	2588	2617	+	30	AGTTCCCAAGTTATTTCACAACTTAAACAA	UUGUUUAAGUUGUGAAAUAACUUGGGAACU	0
NM_002649.3:2589-2618	NM_002649.3	NM_002649.3.fasta	2589	2618	+	30	GTTCCCAAGTTATTTCACAACTTAAACAAA	UUUGUUUAAGUUGUGAAAUAACUUGGGAAC	0
NM_002649.3:2590-2619	NM_002649.3	NM_002649.3.fasta	2590	2619	+	30	TTCCCAAGTTATTTCACAACTTAAACAAAA	UUUUGUUUAAGUUGUGAAAUAACUUGGGAA	0
NM_002649.3:2591-2620	NM_002649.3	NM_002649.3.fasta	2591	2620	+	30	TCCCAAGTTATTTCACAACTTAAACAAAAG	CUUUUGUUUAAGUUGUGAAAUAACUUGGGA	0
NM_002649.3:2592-2621	NM_002649.3	NM_002649.3.fasta	2592	2621	+	30	CCCAAGTTATTTCACAACTTAAACAAAAGC	GCUUUUGUUUAAGUUGUGAAAUAACUUGGG	0
NM_002649.3:2593-2622	NM_002649.3	NM_002649.3.fasta	2593	2622	+	30	CCAAGTTATTTCACAACTTAAACAAAAGCT	AGCUUUUGUUUAAGUUGUGAAAUAACUUGG	0
NM_002649.3:2594-2623	NM_002649.3	NM_002649.3.fasta	2594	2623	+	30	CAAGTTATTTCACAACTTAAACAAAAGCTT	AAGCUUUUGUUUAAGUUGUGAAAUAACUUG	0
NM_002649.3:2595-2624	NM_002649.3	NM_002649.3.fasta	2595	2624	+	30	AAGTTATTTCACAACTTAAACAAAAGCTTG	CAAGCUUUUGUUUAAGUUGUGAAAUAACUU	0
NM_002649.3:2596-2625	NM_002649.3	NM_002649.3.fasta	2596	2625	+	30	AGTTATTTCACAACTTAAACAAAAGCTTGA	UCAAGCUUUUGUUUAAGUUGUGAAAUAACU	0
NM_002649.3:2597-2626	NM_002649.3	NM_002649.3.fasta	2597	2626	+	30	GTTATTTCACAACTTAAACAAAAGCTTGAA	UUCAAGCUUUUGUUUAAGUUGUGAAAUAAC	0
NM_002649.3:2598-2627	NM_002649.3	NM_002649.3.fasta	2598	2627	+	30	TTATTTCACAACTTAAACAAAAGCTTGAAA	UUUCAAGCUUUUGUUUAAGUUGUGAAAUAA	0
NM_002649.3:2599-2628	NM_002649.3	NM_002649.3.fasta	2599	2628	+	30	TATTTCACAACTTAAACAAAAGCTTGAAAA	UUUUCAAGCUUUUGUUUAAGUUGUGAAAUA	0
NM_002649.3:2600-2629	NM_002649.3	NM_002649.3.fasta	2600	2629	+	30	ATTTCACAACTTAAACAAAAGCTTGAAAAC	GUUUUCAAGCUUUUGUUUAAGUUGUGAAAU	0
NM_002649.3:2601-2630	NM_002649.3	NM_002649.3.fasta	2601	2630	+	30	TTTCACAACTTAAACAAAAGCTTGAAAACC	GGUUUUCAAGCUUUUGUUUAAGUUGUGAAA	0
NM_002649.3:2602-2631	NM_002649.3	NM_002649.3.fasta	2602	2631	+	30	TTCACAACTTAAACAAAAGCTTGAAAACCT	AGGUUUUCAAGCUUUUGUUUAAGUUGUGAA	0
NM_002649.3:2603-2632	NM_002649.3	NM_002649.3.fasta	2603	2632	+	30	TCACAACTTAAACAAAAGCTTGAAAACCTG	CAGGUUUUCAAGCUUUUGUUUAAGUUGUGA	0
NM_002649.3:2604-2633	NM_002649.3	NM_002649.3.fasta	2604	2633	+	30	CACAACTTAAACAAAAGCTTGAAAACCTGC	GCAGGUUUUCAAGCUUUUGUUUAAGUUGUG	0
NM_002649.3:2605-2634	NM_002649.3	NM_002649.3.fasta	2605	2634	+	30	ACAACTTAAACAAAAGCTTGAAAACCTGCA	UGCAGGUUUUCAAGCUUUUGUUUAAGUUGU	0
NM_002649.3:2606-2635	NM_002649.3	NM_002649.3.fasta	2606	2635	+	30	CAACTTAAACAAAAGCTTGAAAACCTGCAG	CUGCAGGUUUUCAAGCUUUUGUUUAAGUUG	0
NM_002649.3:2607-2636	NM_002649.3	NM_002649.3.fasta	2607	2636	+	30	AACTTAAACAAAAGCTTGAAAACCTGCAGA	UCUGCAGGUUUUCAAGCUUUUGUUUAAGUU	0
NM_002649.3:2608-2637	NM_002649.3	NM_002649.3.fasta	2608	2637	+	30	ACTTAAACAAAAGCTTGAAAACCTGCAGAA	UUCUGCAGGUUUUCAAGCUUUUGUUUAAGU	0
NM_002649.3:2609-2638	NM_002649.3	NM_002649.3.fasta	2609	2638	+	30	CTTAAACAAAAGCTTGAAAACCTGCAGAAT	AUUCUGCAGGUUUUCAAGCUUUUGUUUAAG	0
NM_002649.3:2610-2639	NM_002649.3	NM_002649.3.fasta	2610	2639	+	30	TTAAACAAAAGCTTGAAAACCTGCAGAATT	AAUUCUGCAGGUUUUCAAGCUUUUGUUUAA	0
NM_002649.3:2611-2640	NM_002649.3	NM_002649.3.fasta	2611	2640	+	30	TAAACAAAAGCTTGAAAACCTGCAGAATTC	GAAUUCUGCAGGUUUUCAAGCUUUUGUUUA	0
NM_002649.3:2612-2641	NM_002649.3	NM_002649.3.fasta	2612	2641	+	30	AAACAAAAGCTTGAAAACCTGCAGAATTCT	AGAAUUCUGCAGGUUUUCAAGCUUUUGUUU	0
NM_002649.3:2613-2642	NM_002649.3	NM_002649.3.fasta	2613	2642	+	30	AACAAAAGCTTGAAAACCTGCAGAATTCTC	GAGAAUUCUGCAGGUUUUCAAGCUUUUGUU	0
NM_002649.3:2614-2643	NM_002649.3	NM_002649.3.fasta	2614	2643	+	30	ACAAAAGCTTGAAAACCTGCAGAATTCTCA	UGAGAAUUCUGCAGGUUUUCAAGCUUUUGU	0
NM_002649.3:2615-2644	NM_002649.3	NM_002649.3.fasta	2615	2644	+	30	CAAAAGCTTGAAAACCTGCAGAATTCTCAA	UUGAGAAUUCUGCAGGUUUUCAAGCUUUUG	0
NM_002649.3:2616-2645	NM_002649.3	NM_002649.3.fasta	2616	2645	+	30	AAAAGCTTGAAAACCTGCAGAATTCTCAAC	GUUGAGAAUUCUGCAGGUUUUCAAGCUUUU	0
NM_002649.3:2617-2646	NM_002649.3	NM_002649.3.fasta	2617	2646	+	30	AAAGCTTGAAAACCTGCAGAATTCTCAACT	AGUUGAGAAUUCUGCAGGUUUUCAAGCUUU	0
NM_002649.3:2618-2647	NM_002649.3	NM_002649.3.fasta	2618	2647	+	30	AAGCTTGAAAACCTGCAGAATTCTCAACTC	GAGUUGAGAAUUCUGCAGGUUUUCAAGCUU	0
NM_002649.3:2619-2648	NM_002649.3	NM_002649.3.fasta	2619	2648	+	30	AGCTTGAAAACCTGCAGAATTCTCAACTCC	GGAGUUGAGAAUUCUGCAGGUUUUCAAGCU	0
NM_002649.3:2620-2649	NM_002649.3	NM_002649.3.fasta	2620	2649	+	30	GCTTGAAAACCTGCAGAATTCTCAACTCCC	GGGAGUUGAGAAUUCUGCAGGUUUUCAAGC	0
NM_002649.3:2621-2650	NM_002649.3	NM_002649.3.fasta	2621	2650	+	30	CTTGAAAACCTGCAGAATTCTCAACTCCCC	GGGGAGUUGAGAAUUCUGCAGGUUUUCAAG	0
NM_002649.3:2622-2651	NM_002649.3	NM_002649.3.fasta	2622	2651	+	30	TTGAAAACCTGCAGAATTCTCAACTCCCCG	CGGGGAGUUGAGAAUUCUGCAGGUUUUCAA	0
NM_002649.3:2623-2652	NM_002649.3	NM_002649.3.fasta	2623	2652	+	30	TGAAAACCTGCAGAATTCTCAACTCCCCGA	UCGGGGAGUUGAGAAUUCUGCAGGUUUUCA	0
NM_002649.3:2624-2653	NM_002649.3	NM_002649.3.fasta	2624	2653	+	30	GAAAACCTGCAGAATTCTCAACTCCCCGAA	UUCGGGGAGUUGAGAAUUCUGCAGGUUUUC	0
NM_002649.3:2625-2654	NM_002649.3	NM_002649.3.fasta	2625	2654	+	30	AAAACCTGCAGAATTCTCAACTCCCCGAAA	UUUCGGGGAGUUGAGAAUUCUGCAGGUUUU	0
NM_002649.3:2626-2655	NM_002649.3	NM_002649.3.fasta	2626	2655	+	30	AAACCTGCAGAATTCTCAACTCCCCGAAAG	CUUUCGGGGAGUUGAGAAUUCUGCAGGUUU	0
NM_002649.3:2627-2656	NM_002649.3	NM_002649.3.fasta	2627	2656	+	30	AACCTGCAGAATTCTCAACTCCCCGAAAGC	GCUUUCGGGGAGUUGAGAAUUCUGCAGGUU	0
NM_002649.3:2628-2657	NM_002649.3	NM_002649.3.fasta	2628	2657	+	30	ACCTGCAGAATTCTCAACTCCCCGAAAGCT	AGCUUUCGGGGAGUUGAGAAUUCUGCAGGU	0
NM_002649.3:2629-2658	NM_002649.3	NM_002649.3.fasta	2629	2658	+	30	CCTGCAGAATTCTCAACTCCCCGAAAGCTT	AAGCUUUCGGGGAGUUGAGAAUUCUGCAGG	0
NM_002649.3:2630-2659	NM_002649.3	NM_002649.3.fasta	2630	2659	+	30	CTGCAGAATTCTCAACTCCCCGAAAGCTTT	AAAGCUUUCGGGGAGUUGAGAAUUCUGCAG	0
NM_002649.3:2631-2660	NM_002649.3	NM_002649.3.fasta	2631	2660	+	30	TGCAGAATTCTCAACTCCCCGAAAGCTTTA	UAAAGCUUUCGGGGAGUUGAGAAUUCUGCA	0
NM_002649.3:2632-2661	NM_002649.3	NM_002649.3.fasta	2632	2661	+	30	GCAGAATTCTCAACTCCCCGAAAGCTTTAG	CUAAAGCUUUCGGGGAGUUGAGAAUUCUGC	0
NM_002649.3:2633-2662	NM_002649.3	NM_002649.3.fasta	2633	2662	+	30	CAGAATTCTCAACTCCCCGAAAGCTTTAGA	UCUAAAGCUUUCGGGGAGUUGAGAAUUCUG	0
NM_002649.3:2634-2663	NM_002649.3	NM_002649.3.fasta	2634	2663	+	30	AGAATTCTCAACTCCCCGAAAGCTTTAGAG	CUCUAAAGCUUUCGGGGAGUUGAGAAUUCU	0
NM_002649.3:2635-2664	NM_002649.3	NM_002649.3.fasta	2635	2664	+	30	GAATTCTCAACTCCCCGAAAGCTTTAGAGT	ACUCUAAAGCUUUCGGGGAGUUGAGAAUUC	0
NM_002649.3:2636-2665	NM_002649.3	NM_002649.3.fasta	2636	2665	+	30	AATTCTCAACTCCCCGAAAGCTTTAGAGTT	AACUCUAAAGCUUUCGGGGAGUUGAGAAUU	0
NM_002649.3:2637-2666	NM_002649.3	NM_002649.3.fasta	2637	2666	+	30	ATTCTCAACTCCCCGAAAGCTTTAGAGTTC	GAACUCUAAAGCUUUCGGGGAGUUGAGAAU	0
NM_002649.3:2638-2667	NM_002649.3	NM_002649.3.fasta	2638	2667	+	30	TTCTCAACTCCCCGAAAGCTTTAGAGTTCC	GGAACUCUAAAGCUUUCGGGGAGUUGAGAA	0
NM_002649.3:2639-2668	NM_002649.3	NM_002649.3.fasta	2639	2668	+	30	TCTCAACTCCCCGAAAGCTTTAGAGTTCCA	UGGAACUCUAAAGCUUUCGGGGAGUUGAGA	0
NM_002649.3:2640-2669	NM_002649.3	NM_002649.3.fasta	2640	2669	+	30	CTCAACTCCCCGAAAGCTTTAGAGTTCCAT	AUGGAACUCUAAAGCUUUCGGGGAGUUGAG	0
NM_002649.3:2641-2670	NM_002649.3	NM_002649.3.fasta	2641	2670	+	30	TCAACTCCCCGAAAGCTTTAGAGTTCCATA	UAUGGAACUCUAAAGCUUUCGGGGAGUUGA	0
NM_002649.3:2642-2671	NM_002649.3	NM_002649.3.fasta	2642	2671	+	30	CAACTCCCCGAAAGCTTTAGAGTTCCATAT	AUAUGGAACUCUAAAGCUUUCGGGGAGUUG	0
NM_002649.3:2643-2672	NM_002649.3	NM_002649.3.fasta	2643	2672	+	30	AACTCCCCGAAAGCTTTAGAGTTCCATATG	CAUAUGGAACUCUAAAGCUUUCGGGGAGUU	0
NM_002649.3:2644-2673	NM_002649.3	NM_002649.3.fasta	2644	2673	+	30	ACTCCCCGAAAGCTTTAGAGTTCCATATGA	UCAUAUGGAACUCUAAAGCUUUCGGGGAGU	0
NM_002649.3:2645-2674	NM_002649.3	NM_002649.3.fasta	2645	2674	+	30	CTCCCCGAAAGCTTTAGAGTTCCATATGAT	AUCAUAUGGAACUCUAAAGCUUUCGGGGAG	0
NM_002649.3:2646-2675	NM_002649.3	NM_002649.3.fasta	2646	2675	+	30	TCCCCGAAAGCTTTAGAGTTCCATATGATC	GAUCAUAUGGAACUCUAAAGCUUUCGGGGA	0
NM_002649.3:2647-2676	NM_002649.3	NM_002649.3.fasta	2647	2676	+	30	CCCCGAAAGCTTTAGAGTTCCATATGATCC	GGAUCAUAUGGAACUCUAAAGCUUUCGGGG	0
NM_002649.3:2648-2677	NM_002649.3	NM_002649.3.fasta	2648	2677	+	30	CCCGAAAGCTTTAGAGTTCCATATGATCCT	AGGAUCAUAUGGAACUCUAAAGCUUUCGGG	0
NM_002649.3:2649-2678	NM_002649.3	NM_002649.3.fasta	2649	2678	+	30	CCGAAAGCTTTAGAGTTCCATATGATCCTG	CAGGAUCAUAUGGAACUCUAAAGCUUUCGG	0
NM_002649.3:2650-2679	NM_002649.3	NM_002649.3.fasta	2650	2679	+	30	CGAAAGCTTTAGAGTTCCATATGATCCTGG	CCAGGAUCAUAUGGAACUCUAAAGCUUUCG	0
NM_002649.3:2651-2680	NM_002649.3	NM_002649.3.fasta	2651	2680	+	30	GAAAGCTTTAGAGTTCCATATGATCCTGGA	UCCAGGAUCAUAUGGAACUCUAAAGCUUUC	0
NM_002649.3:2652-2681	NM_002649.3	NM_002649.3.fasta	2652	2681	+	30	AAAGCTTTAGAGTTCCATATGATCCTGGAC	GUCCAGGAUCAUAUGGAACUCUAAAGCUUU	0
NM_002649.3:2653-2682	NM_002649.3	NM_002649.3.fasta	2653	2682	+	30	AAGCTTTAGAGTTCCATATGATCCTGGACT	AGUCCAGGAUCAUAUGGAACUCUAAAGCUU	0
NM_002649.3:2654-2683	NM_002649.3	NM_002649.3.fasta	2654	2683	+	30	AGCTTTAGAGTTCCATATGATCCTGGACTG	CAGUCCAGGAUCAUAUGGAACUCUAAAGCU	0
NM_002649.3:2655-2684	NM_002649.3	NM_002649.3.fasta	2655	2684	+	30	GCTTTAGAGTTCCATATGATCCTGGACTGA	UCAGUCCAGGAUCAUAUGGAACUCUAAAGC	0
NM_002649.3:2656-2685	NM_002649.3	NM_002649.3.fasta	2656	2685	+	30	CTTTAGAGTTCCATATGATCCTGGACTGAA	UUCAGUCCAGGAUCAUAUGGAACUCUAAAG	0
NM_002649.3:2657-2686	NM_002649.3	NM_002649.3.fasta	2657	2686	+	30	TTTAGAGTTCCATATGATCCTGGACTGAAA	UUUCAGUCCAGGAUCAUAUGGAACUCUAAA	0
NM_002649.3:2658-2687	NM_002649.3	NM_002649.3.fasta	2658	2687	+	30	TTAGAGTTCCATATGATCCTGGACTGAAAG	CUUUCAGUCCAGGAUCAUAUGGAACUCUAA	0
NM_002649.3:2659-2688	NM_002649.3	NM_002649.3.fasta	2659	2688	+	30	TAGAGTTCCATATGATCCTGGACTGAAAGC	GCUUUCAGUCCAGGAUCAUAUGGAACUCUA	0
NM_002649.3:2660-2689	NM_002649.3	NM_002649.3.fasta	2660	2689	+	30	AGAGTTCCATATGATCCTGGACTGAAAGCA	UGCUUUCAGUCCAGGAUCAUAUGGAACUCU	0
NM_002649.3:2661-2690	NM_002649.3	NM_002649.3.fasta	2661	2690	+	30	GAGTTCCATATGATCCTGGACTGAAAGCAG	CUGCUUUCAGUCCAGGAUCAUAUGGAACUC	0
NM_002649.3:2662-2691	NM_002649.3	NM_002649.3.fasta	2662	2691	+	30	AGTTCCATATGATCCTGGACTGAAAGCAGG	CCUGCUUUCAGUCCAGGAUCAUAUGGAACU	0
NM_002649.3:2663-2692	NM_002649.3	NM_002649.3.fasta	2663	2692	+	30	GTTCCATATGATCCTGGACTGAAAGCAGGA	UCCUGCUUUCAGUCCAGGAUCAUAUGGAAC	0
NM_002649.3:2664-2693	NM_002649.3	NM_002649.3.fasta	2664	2693	+	30	TTCCATATGATCCTGGACTGAAAGCAGGAG	CUCCUGCUUUCAGUCCAGGAUCAUAUGGAA	0
NM_002649.3:2665-2694	NM_002649.3	NM_002649.3.fasta	2665	2694	+	30	TCCATATGATCCTGGACTGAAAGCAGGAGC	GCUCCUGCUUUCAGUCCAGGAUCAUAUGGA	0
NM_002649.3:2666-2695	NM_002649.3	NM_002649.3.fasta	2666	2695	+	30	CCATATGATCCTGGACTGAAAGCAGGAGCG	CGCUCCUGCUUUCAGUCCAGGAUCAUAUGG	0
NM_002649.3:2667-2696	NM_002649.3	NM_002649.3.fasta	2667	2696	+	30	CATATGATCCTGGACTGAAAGCAGGAGCGC	GCGCUCCUGCUUUCAGUCCAGGAUCAUAUG	0
NM_002649.3:2668-2697	NM_002649.3	NM_002649.3.fasta	2668	2697	+	30	ATATGATCCTGGACTGAAAGCAGGAGCGCT	AGCGCUCCUGCUUUCAGUCCAGGAUCAUAU	0
NM_002649.3:2669-2698	NM_002649.3	NM_002649.3.fasta	2669	2698	+	30	TATGATCCTGGACTGAAAGCAGGAGCGCTG	CAGCGCUCCUGCUUUCAGUCCAGGAUCAUA	0
NM_002649.3:2670-2699	NM_002649.3	NM_002649.3.fasta	2670	2699	+	30	ATGATCCTGGACTGAAAGCAGGAGCGCTGG	CCAGCGCUCCUGCUUUCAGUCCAGGAUCAU	0
NM_002649.3:2671-2700	NM_002649.3	NM_002649.3.fasta	2671	2700	+	30	TGATCCTGGACTGAAAGCAGGAGCGCTGGC	GCCAGCGCUCCUGCUUUCAGUCCAGGAUCA	0
NM_002649.3:2672-2701	NM_002649.3	NM_002649.3.fasta	2672	2701	+	30	GATCCTGGACTGAAAGCAGGAGCGCTGGCA	UGCCAGCGCUCCUGCUUUCAGUCCAGGAUC	0
NM_002649.3:2673-2702	NM_002649.3	NM_002649.3.fasta	2673	2702	+	30	ATCCTGGACTGAAAGCAGGAGCGCTGGCAA	UUGCCAGCGCUCCUGCUUUCAGUCCAGGAU	0
NM_002649.3:2674-2703	NM_002649.3	NM_002649.3.fasta	2674	2703	+	30	TCCTGGACTGAAAGCAGGAGCGCTGGCAAT	AUUGCCAGCGCUCCUGCUUUCAGUCCAGGA	0
NM_002649.3:2675-2704	NM_002649.3	NM_002649.3.fasta	2675	2704	+	30	CCTGGACTGAAAGCAGGAGCGCTGGCAATT	AAUUGCCAGCGCUCCUGCUUUCAGUCCAGG	0
NM_002649.3:2676-2705	NM_002649.3	NM_002649.3.fasta	2676	2705	+	30	CTGGACTGAAAGCAGGAGCGCTGGCAATTG	CAAUUGCCAGCGCUCCUGCUUUCAGUCCAG	0
NM_002649.3:2677-2706	NM_002649.3	NM_002649.3.fasta	2677	2706	+	30	TGGACTGAAAGCAGGAGCGCTGGCAATTGA	UCAAUUGCCAGCGCUCCUGCUUUCAGUCCA	0
NM_002649.3:2678-2707	NM_002649.3	NM_002649.3.fasta	2678	2707	+	30	GGACTGAAAGCAGGAGCGCTGGCAATTGAA	UUCAAUUGCCAGCGCUCCUGCUUUCAGUCC	0
NM_002649.3:2679-2708	NM_002649.3	NM_002649.3.fasta	2679	2708	+	30	GACTGAAAGCAGGAGCGCTGGCAATTGAAA	UUUCAAUUGCCAGCGCUCCUGCUUUCAGUC	0
NM_002649.3:2680-2709	NM_002649.3	NM_002649.3.fasta	2680	2709	+	30	ACTGAAAGCAGGAGCGCTGGCAATTGAAAA	UUUUCAAUUGCCAGCGCUCCUGCUUUCAGU	0
NM_002649.3:2681-2710	NM_002649.3	NM_002649.3.fasta	2681	2710	+	30	CTGAAAGCAGGAGCGCTGGCAATTGAAAAA	UUUUUCAAUUGCCAGCGCUCCUGCUUUCAG	0
NM_002649.3:2682-2711	NM_002649.3	NM_002649.3.fasta	2682	2711	+	30	TGAAAGCAGGAGCGCTGGCAATTGAAAAAT	AUUUUUCAAUUGCCAGCGCUCCUGCUUUCA	0
NM_002649.3:2683-2712	NM_002649.3	NM_002649.3.fasta	2683	2712	+	30	GAAAGCAGGAGCGCTGGCAATTGAAAAATG	CAUUUUUCAAUUGCCAGCGCUCCUGCUUUC	0
NM_002649.3:2684-2713	NM_002649.3	NM_002649.3.fasta	2684	2713	+	30	AAAGCAGGAGCGCTGGCAATTGAAAAATGT	ACAUUUUUCAAUUGCCAGCGCUCCUGCUUU	0
NM_002649.3:2685-2714	NM_002649.3	NM_002649.3.fasta	2685	2714	+	30	AAGCAGGAGCGCTGGCAATTGAAAAATGTA	UACAUUUUUCAAUUGCCAGCGCUCCUGCUU	0
NM_002649.3:2686-2715	NM_002649.3	NM_002649.3.fasta	2686	2715	+	30	AGCAGGAGCGCTGGCAATTGAAAAATGTAA	UUACAUUUUUCAAUUGCCAGCGCUCCUGCU	0
NM_002649.3:2687-2716	NM_002649.3	NM_002649.3.fasta	2687	2716	+	30	GCAGGAGCGCTGGCAATTGAAAAATGTAAA	UUUACAUUUUUCAAUUGCCAGCGCUCCUGC	0
NM_002649.3:2688-2717	NM_002649.3	NM_002649.3.fasta	2688	2717	+	30	CAGGAGCGCTGGCAATTGAAAAATGTAAAG	CUUUACAUUUUUCAAUUGCCAGCGCUCCUG	0
NM_002649.3:2689-2718	NM_002649.3	NM_002649.3.fasta	2689	2718	+	30	AGGAGCGCTGGCAATTGAAAAATGTAAAGT	ACUUUACAUUUUUCAAUUGCCAGCGCUCCU	0
NM_002649.3:2690-2719	NM_002649.3	NM_002649.3.fasta	2690	2719	+	30	GGAGCGCTGGCAATTGAAAAATGTAAAGTA	UACUUUACAUUUUUCAAUUGCCAGCGCUCC	0
NM_002649.3:2691-2720	NM_002649.3	NM_002649.3.fasta	2691	2720	+	30	GAGCGCTGGCAATTGAAAAATGTAAAGTAA	UUACUUUACAUUUUUCAAUUGCCAGCGCUC	0
NM_002649.3:2692-2721	NM_002649.3	NM_002649.3.fasta	2692	2721	+	30	AGCGCTGGCAATTGAAAAATGTAAAGTAAT	AUUACUUUACAUUUUUCAAUUGCCAGCGCU	0
NM_002649.3:2693-2722	NM_002649.3	NM_002649.3.fasta	2693	2722	+	30	GCGCTGGCAATTGAAAAATGTAAAGTAATG	CAUUACUUUACAUUUUUCAAUUGCCAGCGC	0
NM_002649.3:2694-2723	NM_002649.3	NM_002649.3.fasta	2694	2723	+	30	CGCTGGCAATTGAAAAATGTAAAGTAATGG	CCAUUACUUUACAUUUUUCAAUUGCCAGCG	0
NM_002649.3:2695-2724	NM_002649.3	NM_002649.3.fasta	2695	2724	+	30	GCTGGCAATTGAAAAATGTAAAGTAATGGC	GCCAUUACUUUACAUUUUUCAAUUGCCAGC	0
NM_002649.3:2696-2725	NM_002649.3	NM_002649.3.fasta	2696	2725	+	30	CTGGCAATTGAAAAATGTAAAGTAATGGCC	GGCCAUUACUUUACAUUUUUCAAUUGCCAG	0
NM_002649.3:2697-2726	NM_002649.3	NM_002649.3.fasta	2697	2726	+	30	TGGCAATTGAAAAATGTAAAGTAATGGCCT	AGGCCAUUACUUUACAUUUUUCAAUUGCCA	0
NM_002649.3:2698-2727	NM_002649.3	NM_002649.3.fasta	2698	2727	+	30	GGCAATTGAAAAATGTAAAGTAATGGCCTC	GAGGCCAUUACUUUACAUUUUUCAAUUGCC	0
NM_002649.3:2699-2728	NM_002649.3	NM_002649.3.fasta	2699	2728	+	30	GCAATTGAAAAATGTAAAGTAATGGCCTCC	GGAGGCCAUUACUUUACAUUUUUCAAUUGC	0
NM_002649.3:2700-2729	NM_002649.3	NM_002649.3.fasta	2700	2729	+	30	CAATTGAAAAATGTAAAGTAATGGCCTCCA	UGGAGGCCAUUACUUUACAUUUUUCAAUUG	0
NM_002649.3:2701-2730	NM_002649.3	NM_002649.3.fasta	2701	2730	+	30	AATTGAAAAATGTAAAGTAATGGCCTCCAA	UUGGAGGCCAUUACUUUACAUUUUUCAAUU	0
NM_002649.3:2702-2731	NM_002649.3	NM_002649.3.fasta	2702	2731	+	30	ATTGAAAAATGTAAAGTAATGGCCTCCAAG	CUUGGAGGCCAUUACUUUACAUUUUUCAAU	0
NM_002649.3:2703-2732	NM_002649.3	NM_002649.3.fasta	2703	2732	+	30	TTGAAAAATGTAAAGTAATGGCCTCCAAGA	UCUUGGAGGCCAUUACUUUACAUUUUUCAA	0
NM_002649.3:2704-2733	NM_002649.3	NM_002649.3.fasta	2704	2733	+	30	TGAAAAATGTAAAGTAATGGCCTCCAAGAA	UUCUUGGAGGCCAUUACUUUACAUUUUUCA	0
NM_002649.3:2705-2734	NM_002649.3	NM_002649.3.fasta	2705	2734	+	30	GAAAAATGTAAAGTAATGGCCTCCAAGAAA	UUUCUUGGAGGCCAUUACUUUACAUUUUUC	0
NM_002649.3:2706-2735	NM_002649.3	NM_002649.3.fasta	2706	2735	+	30	AAAAATGTAAAGTAATGGCCTCCAAGAAAA	UUUUCUUGGAGGCCAUUACUUUACAUUUUU	0
NM_002649.3:2707-2736	NM_002649.3	NM_002649.3.fasta	2707	2736	+	30	AAAATGTAAAGTAATGGCCTCCAAGAAAAA	UUUUUCUUGGAGGCCAUUACUUUACAUUUU	0
NM_002649.3:2708-2737	NM_002649.3	NM_002649.3.fasta	2708	2737	+	30	AAATGTAAAGTAATGGCCTCCAAGAAAAAA	UUUUUUCUUGGAGGCCAUUACUUUACAUUU	0
NM_002649.3:2709-2738	NM_002649.3	NM_002649.3.fasta	2709	2738	+	30	AATGTAAAGTAATGGCCTCCAAGAAAAAAC	GUUUUUUCUUGGAGGCCAUUACUUUACAUU	0
NM_002649.3:2710-2739	NM_002649.3	NM_002649.3.fasta	2710	2739	+	30	ATGTAAAGTAATGGCCTCCAAGAAAAAACC	GGUUUUUUCUUGGAGGCCAUUACUUUACAU	0
NM_002649.3:2711-2740	NM_002649.3	NM_002649.3.fasta	2711	2740	+	30	TGTAAAGTAATGGCCTCCAAGAAAAAACCA	UGGUUUUUUCUUGGAGGCCAUUACUUUACA	0
NM_002649.3:2712-2741	NM_002649.3	NM_002649.3.fasta	2712	2741	+	30	GTAAAGTAATGGCCTCCAAGAAAAAACCAC	GUGGUUUUUUCUUGGAGGCCAUUACUUUAC	0
NM_002649.3:2713-2742	NM_002649.3	NM_002649.3.fasta	2713	2742	+	30	TAAAGTAATGGCCTCCAAGAAAAAACCACT	AGUGGUUUUUUCUUGGAGGCCAUUACUUUA	0
NM_002649.3:2714-2743	NM_002649.3	NM_002649.3.fasta	2714	2743	+	30	AAAGTAATGGCCTCCAAGAAAAAACCACTA	UAGUGGUUUUUUCUUGGAGGCCAUUACUUU	0
NM_002649.3:2715-2744	NM_002649.3	NM_002649.3.fasta	2715	2744	+	30	AAGTAATGGCCTCCAAGAAAAAACCACTAT	AUAGUGGUUUUUUCUUGGAGGCCAUUACUU	0
NM_002649.3:2716-2745	NM_002649.3	NM_002649.3.fasta	2716	2745	+	30	AGTAATGGCCTCCAAGAAAAAACCACTATG	CAUAGUGGUUUUUUCUUGGAGGCCAUUACU	0
NM_002649.3:2717-2746	NM_002649.3	NM_002649.3.fasta	2717	2746	+	30	GTAATGGCCTCCAAGAAAAAACCACTATGG	CCAUAGUGGUUUUUUCUUGGAGGCCAUUAC	0
NM_002649.3:2718-2747	NM_002649.3	NM_002649.3.fasta	2718	2747	+	30	TAATGGCCTCCAAGAAAAAACCACTATGGC	GCCAUAGUGGUUUUUUCUUGGAGGCCAUUA	0
NM_002649.3:2719-2748	NM_002649.3	NM_002649.3.fasta	2719	2748	+	30	AATGGCCTCCAAGAAAAAACCACTATGGCT	AGCCAUAGUGGUUUUUUCUUGGAGGCCAUU	0
NM_002649.3:2720-2749	NM_002649.3	NM_002649.3.fasta	2720	2749	+	30	ATGGCCTCCAAGAAAAAACCACTATGGCTT	AAGCCAUAGUGGUUUUUUCUUGGAGGCCAU	0
NM_002649.3:2721-2750	NM_002649.3	NM_002649.3.fasta	2721	2750	+	30	TGGCCTCCAAGAAAAAACCACTATGGCTTG	CAAGCCAUAGUGGUUUUUUCUUGGAGGCCA	0
NM_002649.3:2722-2751	NM_002649.3	NM_002649.3.fasta	2722	2751	+	30	GGCCTCCAAGAAAAAACCACTATGGCTTGA	UCAAGCCAUAGUGGUUUUUUCUUGGAGGCC	0
NM_002649.3:2723-2752	NM_002649.3	NM_002649.3.fasta	2723	2752	+	30	GCCTCCAAGAAAAAACCACTATGGCTTGAG	CUCAAGCCAUAGUGGUUUUUUCUUGGAGGC	0
NM_002649.3:2724-2753	NM_002649.3	NM_002649.3.fasta	2724	2753	+	30	CCTCCAAGAAAAAACCACTATGGCTTGAGT	ACUCAAGCCAUAGUGGUUUUUUCUUGGAGG	0
NM_002649.3:2725-2754	NM_002649.3	NM_002649.3.fasta	2725	2754	+	30	CTCCAAGAAAAAACCACTATGGCTTGAGTT	AACUCAAGCCAUAGUGGUUUUUUCUUGGAG	0
NM_002649.3:2726-2755	NM_002649.3	NM_002649.3.fasta	2726	2755	+	30	TCCAAGAAAAAACCACTATGGCTTGAGTTT	AAACUCAAGCCAUAGUGGUUUUUUCUUGGA	0
NM_002649.3:2727-2756	NM_002649.3	NM_002649.3.fasta	2727	2756	+	30	CCAAGAAAAAACCACTATGGCTTGAGTTTA	UAAACUCAAGCCAUAGUGGUUUUUUCUUGG	0
NM_002649.3:2728-2757	NM_002649.3	NM_002649.3.fasta	2728	2757	+	30	CAAGAAAAAACCACTATGGCTTGAGTTTAA	UUAAACUCAAGCCAUAGUGGUUUUUUCUUG	0
NM_002649.3:2729-2758	NM_002649.3	NM_002649.3.fasta	2729	2758	+	30	AAGAAAAAACCACTATGGCTTGAGTTTAAA	UUUAAACUCAAGCCAUAGUGGUUUUUUCUU	0
NM_002649.3:2730-2759	NM_002649.3	NM_002649.3.fasta	2730	2759	+	30	AGAAAAAACCACTATGGCTTGAGTTTAAAT	AUUUAAACUCAAGCCAUAGUGGUUUUUUCU	0
NM_002649.3:2731-2760	NM_002649.3	NM_002649.3.fasta	2731	2760	+	30	GAAAAAACCACTATGGCTTGAGTTTAAATG	CAUUUAAACUCAAGCCAUAGUGGUUUUUUC	0
NM_002649.3:2732-2761	NM_002649.3	NM_002649.3.fasta	2732	2761	+	30	AAAAAACCACTATGGCTTGAGTTTAAATGT	ACAUUUAAACUCAAGCCAUAGUGGUUUUUU	0
NM_002649.3:2733-2762	NM_002649.3	NM_002649.3.fasta	2733	2762	+	30	AAAAACCACTATGGCTTGAGTTTAAATGTG	CACAUUUAAACUCAAGCCAUAGUGGUUUUU	0
NM_002649.3:2734-2763	NM_002649.3	NM_002649.3.fasta	2734	2763	+	30	AAAACCACTATGGCTTGAGTTTAAATGTGC	GCACAUUUAAACUCAAGCCAUAGUGGUUUU	0
NM_002649.3:2735-2764	NM_002649.3	NM_002649.3.fasta	2735	2764	+	30	AAACCACTATGGCTTGAGTTTAAATGTGCC	GGCACAUUUAAACUCAAGCCAUAGUGGUUU	0
NM_002649.3:2736-2765	NM_002649.3	NM_002649.3.fasta	2736	2765	+	30	AACCACTATGGCTTGAGTTTAAATGTGCCG	CGGCACAUUUAAACUCAAGCCAUAGUGGUU	0
NM_002649.3:2737-2766	NM_002649.3	NM_002649.3.fasta	2737	2766	+	30	ACCACTATGGCTTGAGTTTAAATGTGCCGA	UCGGCACAUUUAAACUCAAGCCAUAGUGGU	0
NM_002649.3:2738-2767	NM_002649.3	NM_002649.3.fasta	2738	2767	+	30	CCACTATGGCTTGAGTTTAAATGTGCCGAT	AUCGGCACAUUUAAACUCAAGCCAUAGUGG	0
NM_002649.3:2739-2768	NM_002649.3	NM_002649.3.fasta	2739	2768	+	30	CACTATGGCTTGAGTTTAAATGTGCCGATC	GAUCGGCACAUUUAAACUCAAGCCAUAGUG	0
NM_002649.3:2740-2769	NM_002649.3	NM_002649.3.fasta	2740	2769	+	30	ACTATGGCTTGAGTTTAAATGTGCCGATCC	GGAUCGGCACAUUUAAACUCAAGCCAUAGU	0
NM_002649.3:2741-2770	NM_002649.3	NM_002649.3.fasta	2741	2770	+	30	CTATGGCTTGAGTTTAAATGTGCCGATCCT	AGGAUCGGCACAUUUAAACUCAAGCCAUAG	0
NM_002649.3:2742-2771	NM_002649.3	NM_002649.3.fasta	2742	2771	+	30	TATGGCTTGAGTTTAAATGTGCCGATCCTA	UAGGAUCGGCACAUUUAAACUCAAGCCAUA	0
NM_002649.3:2743-2772	NM_002649.3	NM_002649.3.fasta	2743	2772	+	30	ATGGCTTGAGTTTAAATGTGCCGATCCTAC	GUAGGAUCGGCACAUUUAAACUCAAGCCAU	0
NM_002649.3:2744-2773	NM_002649.3	NM_002649.3.fasta	2744	2773	+	30	TGGCTTGAGTTTAAATGTGCCGATCCTACA	UGUAGGAUCGGCACAUUUAAACUCAAGCCA	0
NM_002649.3:2745-2774	NM_002649.3	NM_002649.3.fasta	2745	2774	+	30	GGCTTGAGTTTAAATGTGCCGATCCTACAG	CUGUAGGAUCGGCACAUUUAAACUCAAGCC	0
NM_002649.3:2746-2775	NM_002649.3	NM_002649.3.fasta	2746	2775	+	30	GCTTGAGTTTAAATGTGCCGATCCTACAGC	GCUGUAGGAUCGGCACAUUUAAACUCAAGC	0
NM_002649.3:2747-2776	NM_002649.3	NM_002649.3.fasta	2747	2776	+	30	CTTGAGTTTAAATGTGCCGATCCTACAGCC	GGCUGUAGGAUCGGCACAUUUAAACUCAAG	0
NM_002649.3:2748-2777	NM_002649.3	NM_002649.3.fasta	2748	2777	+	30	TTGAGTTTAAATGTGCCGATCCTACAGCCC	GGGCUGUAGGAUCGGCACAUUUAAACUCAA	0
NM_002649.3:2749-2778	NM_002649.3	NM_002649.3.fasta	2749	2778	+	30	TGAGTTTAAATGTGCCGATCCTACAGCCCT	AGGGCUGUAGGAUCGGCACAUUUAAACUCA	0
NM_002649.3:2750-2779	NM_002649.3	NM_002649.3.fasta	2750	2779	+	30	GAGTTTAAATGTGCCGATCCTACAGCCCTA	UAGGGCUGUAGGAUCGGCACAUUUAAACUC	0
NM_002649.3:2751-2780	NM_002649.3	NM_002649.3.fasta	2751	2780	+	30	AGTTTAAATGTGCCGATCCTACAGCCCTAT	AUAGGGCUGUAGGAUCGGCACAUUUAAACU	0
NM_002649.3:2752-2781	NM_002649.3	NM_002649.3.fasta	2752	2781	+	30	GTTTAAATGTGCCGATCCTACAGCCCTATC	GAUAGGGCUGUAGGAUCGGCACAUUUAAAC	0
NM_002649.3:2753-2782	NM_002649.3	NM_002649.3.fasta	2753	2782	+	30	TTTAAATGTGCCGATCCTACAGCCCTATCA	UGAUAGGGCUGUAGGAUCGGCACAUUUAAA	0
NM_002649.3:2754-2783	NM_002649.3	NM_002649.3.fasta	2754	2783	+	30	TTAAATGTGCCGATCCTACAGCCCTATCAA	UUGAUAGGGCUGUAGGAUCGGCACAUUUAA	0
NM_002649.3:2755-2784	NM_002649.3	NM_002649.3.fasta	2755	2784	+	30	TAAATGTGCCGATCCTACAGCCCTATCAAA	UUUGAUAGGGCUGUAGGAUCGGCACAUUUA	0
NM_002649.3:2756-2785	NM_002649.3	NM_002649.3.fasta	2756	2785	+	30	AAATGTGCCGATCCTACAGCCCTATCAAAT	AUUUGAUAGGGCUGUAGGAUCGGCACAUUU	0
NM_002649.3:2757-2786	NM_002649.3	NM_002649.3.fasta	2757	2786	+	30	AATGTGCCGATCCTACAGCCCTATCAAATG	CAUUUGAUAGGGCUGUAGGAUCGGCACAUU	0
NM_002649.3:2758-2787	NM_002649.3	NM_002649.3.fasta	2758	2787	+	30	ATGTGCCGATCCTACAGCCCTATCAAATGA	UCAUUUGAUAGGGCUGUAGGAUCGGCACAU	0
NM_002649.3:2759-2788	NM_002649.3	NM_002649.3.fasta	2759	2788	+	30	TGTGCCGATCCTACAGCCCTATCAAATGAA	UUCAUUUGAUAGGGCUGUAGGAUCGGCACA	0
NM_002649.3:2760-2789	NM_002649.3	NM_002649.3.fasta	2760	2789	+	30	GTGCCGATCCTACAGCCCTATCAAATGAAA	UUUCAUUUGAUAGGGCUGUAGGAUCGGCAC	0
NM_002649.3:2761-2790	NM_002649.3	NM_002649.3.fasta	2761	2790	+	30	TGCCGATCCTACAGCCCTATCAAATGAAAC	GUUUCAUUUGAUAGGGCUGUAGGAUCGGCA	0
NM_002649.3:2762-2791	NM_002649.3	NM_002649.3.fasta	2762	2791	+	30	GCCGATCCTACAGCCCTATCAAATGAAACA	UGUUUCAUUUGAUAGGGCUGUAGGAUCGGC	0
NM_002649.3:2763-2792	NM_002649.3	NM_002649.3.fasta	2763	2792	+	30	CCGATCCTACAGCCCTATCAAATGAAACAA	UUGUUUCAUUUGAUAGGGCUGUAGGAUCGG	0
NM_002649.3:2764-2793	NM_002649.3	NM_002649.3.fasta	2764	2793	+	30	CGATCCTACAGCCCTATCAAATGAAACAAT	AUUGUUUCAUUUGAUAGGGCUGUAGGAUCG	0
NM_002649.3:2765-2794	NM_002649.3	NM_002649.3.fasta	2765	2794	+	30	GATCCTACAGCCCTATCAAATGAAACAATT	AAUUGUUUCAUUUGAUAGGGCUGUAGGAUC	0
NM_002649.3:2766-2795	NM_002649.3	NM_002649.3.fasta	2766	2795	+	30	ATCCTACAGCCCTATCAAATGAAACAATTG	CAAUUGUUUCAUUUGAUAGGGCUGUAGGAU	0
NM_002649.3:2767-2796	NM_002649.3	NM_002649.3.fasta	2767	2796	+	30	TCCTACAGCCCTATCAAATGAAACAATTGG	CCAAUUGUUUCAUUUGAUAGGGCUGUAGGA	0
NM_002649.3:2768-2797	NM_002649.3	NM_002649.3.fasta	2768	2797	+	30	CCTACAGCCCTATCAAATGAAACAATTGGA	UCCAAUUGUUUCAUUUGAUAGGGCUGUAGG	0
NM_002649.3:2769-2798	NM_002649.3	NM_002649.3.fasta	2769	2798	+	30	CTACAGCCCTATCAAATGAAACAATTGGAA	UUCCAAUUGUUUCAUUUGAUAGGGCUGUAG	0
NM_002649.3:2770-2799	NM_002649.3	NM_002649.3.fasta	2770	2799	+	30	TACAGCCCTATCAAATGAAACAATTGGAAT	AUUCCAAUUGUUUCAUUUGAUAGGGCUGUA	0
NM_002649.3:2771-2800	NM_002649.3	NM_002649.3.fasta	2771	2800	+	30	ACAGCCCTATCAAATGAAACAATTGGAATT	AAUUCCAAUUGUUUCAUUUGAUAGGGCUGU	0
NM_002649.3:2772-2801	NM_002649.3	NM_002649.3.fasta	2772	2801	+	30	CAGCCCTATCAAATGAAACAATTGGAATTA	UAAUUCCAAUUGUUUCAUUUGAUAGGGCUG	0
NM_002649.3:2773-2802	NM_002649.3	NM_002649.3.fasta	2773	2802	+	30	AGCCCTATCAAATGAAACAATTGGAATTAT	AUAAUUCCAAUUGUUUCAUUUGAUAGGGCU	0
NM_002649.3:2774-2803	NM_002649.3	NM_002649.3.fasta	2774	2803	+	30	GCCCTATCAAATGAAACAATTGGAATTATC	GAUAAUUCCAAUUGUUUCAUUUGAUAGGGC	0
NM_002649.3:2775-2804	NM_002649.3	NM_002649.3.fasta	2775	2804	+	30	CCCTATCAAATGAAACAATTGGAATTATCT	AGAUAAUUCCAAUUGUUUCAUUUGAUAGGG	0
NM_002649.3:2776-2805	NM_002649.3	NM_002649.3.fasta	2776	2805	+	30	CCTATCAAATGAAACAATTGGAATTATCTT	AAGAUAAUUCCAAUUGUUUCAUUUGAUAGG	0
NM_002649.3:2777-2806	NM_002649.3	NM_002649.3.fasta	2777	2806	+	30	CTATCAAATGAAACAATTGGAATTATCTTT	AAAGAUAAUUCCAAUUGUUUCAUUUGAUAG	0
NM_002649.3:2778-2807	NM_002649.3	NM_002649.3.fasta	2778	2807	+	30	TATCAAATGAAACAATTGGAATTATCTTTA	UAAAGAUAAUUCCAAUUGUUUCAUUUGAUA	0
NM_002649.3:2779-2808	NM_002649.3	NM_002649.3.fasta	2779	2808	+	30	ATCAAATGAAACAATTGGAATTATCTTTAA	UUAAAGAUAAUUCCAAUUGUUUCAUUUGAU	0
NM_002649.3:2780-2809	NM_002649.3	NM_002649.3.fasta	2780	2809	+	30	TCAAATGAAACAATTGGAATTATCTTTAAA	UUUAAAGAUAAUUCCAAUUGUUUCAUUUGA	0
NM_002649.3:2781-2810	NM_002649.3	NM_002649.3.fasta	2781	2810	+	30	CAAATGAAACAATTGGAATTATCTTTAAAC	GUUUAAAGAUAAUUCCAAUUGUUUCAUUUG	0
NM_002649.3:2782-2811	NM_002649.3	NM_002649.3.fasta	2782	2811	+	30	AAATGAAACAATTGGAATTATCTTTAAACA	UGUUUAAAGAUAAUUCCAAUUGUUUCAUUU	0
NM_002649.3:2783-2812	NM_002649.3	NM_002649.3.fasta	2783	2812	+	30	AATGAAACAATTGGAATTATCTTTAAACAT	AUGUUUAAAGAUAAUUCCAAUUGUUUCAUU	0
NM_002649.3:2784-2813	NM_002649.3	NM_002649.3.fasta	2784	2813	+	30	ATGAAACAATTGGAATTATCTTTAAACATG	CAUGUUUAAAGAUAAUUCCAAUUGUUUCAU	0
NM_002649.3:2785-2814	NM_002649.3	NM_002649.3.fasta	2785	2814	+	30	TGAAACAATTGGAATTATCTTTAAACATGG	CCAUGUUUAAAGAUAAUUCCAAUUGUUUCA	0
NM_002649.3:2786-2815	NM_002649.3	NM_002649.3.fasta	2786	2815	+	30	GAAACAATTGGAATTATCTTTAAACATGGT	ACCAUGUUUAAAGAUAAUUCCAAUUGUUUC	0
NM_002649.3:2787-2816	NM_002649.3	NM_002649.3.fasta	2787	2816	+	30	AAACAATTGGAATTATCTTTAAACATGGTG	CACCAUGUUUAAAGAUAAUUCCAAUUGUUU	0
NM_002649.3:2788-2817	NM_002649.3	NM_002649.3.fasta	2788	2817	+	30	AACAATTGGAATTATCTTTAAACATGGTGA	UCACCAUGUUUAAAGAUAAUUCCAAUUGUU	0
NM_002649.3:2789-2818	NM_002649.3	NM_002649.3.fasta	2789	2818	+	30	ACAATTGGAATTATCTTTAAACATGGTGAT	AUCACCAUGUUUAAAGAUAAUUCCAAUUGU	0
NM_002649.3:2790-2819	NM_002649.3	NM_002649.3.fasta	2790	2819	+	30	CAATTGGAATTATCTTTAAACATGGTGATG	CAUCACCAUGUUUAAAGAUAAUUCCAAUUG	0
NM_002649.3:2791-2820	NM_002649.3	NM_002649.3.fasta	2791	2820	+	30	AATTGGAATTATCTTTAAACATGGTGATGA	UCAUCACCAUGUUUAAAGAUAAUUCCAAUU	0
NM_002649.3:2792-2821	NM_002649.3	NM_002649.3.fasta	2792	2821	+	30	ATTGGAATTATCTTTAAACATGGTGATGAT	AUCAUCACCAUGUUUAAAGAUAAUUCCAAU	0
NM_002649.3:2793-2822	NM_002649.3	NM_002649.3.fasta	2793	2822	+	30	TTGGAATTATCTTTAAACATGGTGATGATC	GAUCAUCACCAUGUUUAAAGAUAAUUCCAA	0
NM_002649.3:2794-2823	NM_002649.3	NM_002649.3.fasta	2794	2823	+	30	TGGAATTATCTTTAAACATGGTGATGATCT	AGAUCAUCACCAUGUUUAAAGAUAAUUCCA	0
NM_002649.3:2795-2824	NM_002649.3	NM_002649.3.fasta	2795	2824	+	30	GGAATTATCTTTAAACATGGTGATGATCTG	CAGAUCAUCACCAUGUUUAAAGAUAAUUCC	0
NM_002649.3:2796-2825	NM_002649.3	NM_002649.3.fasta	2796	2825	+	30	GAATTATCTTTAAACATGGTGATGATCTGC	GCAGAUCAUCACCAUGUUUAAAGAUAAUUC	0
NM_002649.3:2797-2826	NM_002649.3	NM_002649.3.fasta	2797	2826	+	30	AATTATCTTTAAACATGGTGATGATCTGCG	CGCAGAUCAUCACCAUGUUUAAAGAUAAUU	0
NM_002649.3:2798-2827	NM_002649.3	NM_002649.3.fasta	2798	2827	+	30	ATTATCTTTAAACATGGTGATGATCTGCGC	GCGCAGAUCAUCACCAUGUUUAAAGAUAAU	0
NM_002649.3:2799-2828	NM_002649.3	NM_002649.3.fasta	2799	2828	+	30	TTATCTTTAAACATGGTGATGATCTGCGCC	GGCGCAGAUCAUCACCAUGUUUAAAGAUAA	0
NM_002649.3:2800-2829	NM_002649.3	NM_002649.3.fasta	2800	2829	+	30	TATCTTTAAACATGGTGATGATCTGCGCCA	UGGCGCAGAUCAUCACCAUGUUUAAAGAUA	0
NM_002649.3:2801-2830	NM_002649.3	NM_002649.3.fasta	2801	2830	+	30	ATCTTTAAACATGGTGATGATCTGCGCCAA	UUGGCGCAGAUCAUCACCAUGUUUAAAGAU	0
NM_002649.3:2802-2831	NM_002649.3	NM_002649.3.fasta	2802	2831	+	30	TCTTTAAACATGGTGATGATCTGCGCCAAG	CUUGGCGCAGAUCAUCACCAUGUUUAAAGA	0
NM_002649.3:2803-2832	NM_002649.3	NM_002649.3.fasta	2803	2832	+	30	CTTTAAACATGGTGATGATCTGCGCCAAGA	UCUUGGCGCAGAUCAUCACCAUGUUUAAAG	0
NM_002649.3:2804-2833	NM_002649.3	NM_002649.3.fasta	2804	2833	+	30	TTTAAACATGGTGATGATCTGCGCCAAGAC	GUCUUGGCGCAGAUCAUCACCAUGUUUAAA	0
NM_002649.3:2805-2834	NM_002649.3	NM_002649.3.fasta	2805	2834	+	30	TTAAACATGGTGATGATCTGCGCCAAGACA	UGUCUUGGCGCAGAUCAUCACCAUGUUUAA	0
NM_002649.3:2806-2835	NM_002649.3	NM_002649.3.fasta	2806	2835	+	30	TAAACATGGTGATGATCTGCGCCAAGACAT	AUGUCUUGGCGCAGAUCAUCACCAUGUUUA	0
NM_002649.3:2807-2836	NM_002649.3	NM_002649.3.fasta	2807	2836	+	30	AAACATGGTGATGATCTGCGCCAAGACATG	CAUGUCUUGGCGCAGAUCAUCACCAUGUUU	0
NM_002649.3:2808-2837	NM_002649.3	NM_002649.3.fasta	2808	2837	+	30	AACATGGTGATGATCTGCGCCAAGACATGC	GCAUGUCUUGGCGCAGAUCAUCACCAUGUU	0
NM_002649.3:2809-2838	NM_002649.3	NM_002649.3.fasta	2809	2838	+	30	ACATGGTGATGATCTGCGCCAAGACATGCT	AGCAUGUCUUGGCGCAGAUCAUCACCAUGU	0
NM_002649.3:2810-2839	NM_002649.3	NM_002649.3.fasta	2810	2839	+	30	CATGGTGATGATCTGCGCCAAGACATGCTT	AAGCAUGUCUUGGCGCAGAUCAUCACCAUG	0
NM_002649.3:2811-2840	NM_002649.3	NM_002649.3.fasta	2811	2840	+	30	ATGGTGATGATCTGCGCCAAGACATGCTTA	UAAGCAUGUCUUGGCGCAGAUCAUCACCAU	0
NM_002649.3:2812-2841	NM_002649.3	NM_002649.3.fasta	2812	2841	+	30	TGGTGATGATCTGCGCCAAGACATGCTTAT	AUAAGCAUGUCUUGGCGCAGAUCAUCACCA	0
NM_002649.3:2813-2842	NM_002649.3	NM_002649.3.fasta	2813	2842	+	30	GGTGATGATCTGCGCCAAGACATGCTTATT	AAUAAGCAUGUCUUGGCGCAGAUCAUCACC	0
NM_002649.3:2814-2843	NM_002649.3	NM_002649.3.fasta	2814	2843	+	30	GTGATGATCTGCGCCAAGACATGCTTATTT	AAAUAAGCAUGUCUUGGCGCAGAUCAUCAC	0
NM_002649.3:2815-2844	NM_002649.3	NM_002649.3.fasta	2815	2844	+	30	TGATGATCTGCGCCAAGACATGCTTATTTT	AAAAUAAGCAUGUCUUGGCGCAGAUCAUCA	0
NM_002649.3:2816-2845	NM_002649.3	NM_002649.3.fasta	2816	2845	+	30	GATGATCTGCGCCAAGACATGCTTATTTTA	UAAAAUAAGCAUGUCUUGGCGCAGAUCAUC	0
NM_002649.3:2817-2846	NM_002649.3	NM_002649.3.fasta	2817	2846	+	30	ATGATCTGCGCCAAGACATGCTTATTTTAC	GUAAAAUAAGCAUGUCUUGGCGCAGAUCAU	0
NM_002649.3:2818-2847	NM_002649.3	NM_002649.3.fasta	2818	2847	+	30	TGATCTGCGCCAAGACATGCTTATTTTACA	UGUAAAAUAAGCAUGUCUUGGCGCAGAUCA	0
NM_002649.3:2819-2848	NM_002649.3	NM_002649.3.fasta	2819	2848	+	30	GATCTGCGCCAAGACATGCTTATTTTACAG	CUGUAAAAUAAGCAUGUCUUGGCGCAGAUC	0
NM_002649.3:2820-2849	NM_002649.3	NM_002649.3.fasta	2820	2849	+	30	ATCTGCGCCAAGACATGCTTATTTTACAGA	UCUGUAAAAUAAGCAUGUCUUGGCGCAGAU	0
NM_002649.3:2821-2850	NM_002649.3	NM_002649.3.fasta	2821	2850	+	30	TCTGCGCCAAGACATGCTTATTTTACAGAT	AUCUGUAAAAUAAGCAUGUCUUGGCGCAGA	0
NM_002649.3:2822-2851	NM_002649.3	NM_002649.3.fasta	2822	2851	+	30	CTGCGCCAAGACATGCTTATTTTACAGATT	AAUCUGUAAAAUAAGCAUGUCUUGGCGCAG	0
NM_002649.3:2823-2852	NM_002649.3	NM_002649.3.fasta	2823	2852	+	30	TGCGCCAAGACATGCTTATTTTACAGATTC	GAAUCUGUAAAAUAAGCAUGUCUUGGCGCA	0
NM_002649.3:2824-2853	NM_002649.3	NM_002649.3.fasta	2824	2853	+	30	GCGCCAAGACATGCTTATTTTACAGATTCT	AGAAUCUGUAAAAUAAGCAUGUCUUGGCGC	0
NM_002649.3:2825-2854	NM_002649.3	NM_002649.3.fasta	2825	2854	+	30	CGCCAAGACATGCTTATTTTACAGATTCTA	UAGAAUCUGUAAAAUAAGCAUGUCUUGGCG	0
NM_002649.3:2826-2855	NM_002649.3	NM_002649.3.fasta	2826	2855	+	30	GCCAAGACATGCTTATTTTACAGATTCTAC	GUAGAAUCUGUAAAAUAAGCAUGUCUUGGC	0
NM_002649.3:2827-2856	NM_002649.3	NM_002649.3.fasta	2827	2856	+	30	CCAAGACATGCTTATTTTACAGATTCTACG	CGUAGAAUCUGUAAAAUAAGCAUGUCUUGG	0
NM_002649.3:2828-2857	NM_002649.3	NM_002649.3.fasta	2828	2857	+	30	CAAGACATGCTTATTTTACAGATTCTACGA	UCGUAGAAUCUGUAAAAUAAGCAUGUCUUG	0
NM_002649.3:2829-2858	NM_002649.3	NM_002649.3.fasta	2829	2858	+	30	AAGACATGCTTATTTTACAGATTCTACGAA	UUCGUAGAAUCUGUAAAAUAAGCAUGUCUU	0
NM_002649.3:2830-2859	NM_002649.3	NM_002649.3.fasta	2830	2859	+	30	AGACATGCTTATTTTACAGATTCTACGAAT	AUUCGUAGAAUCUGUAAAAUAAGCAUGUCU	0
NM_002649.3:2831-2860	NM_002649.3	NM_002649.3.fasta	2831	2860	+	30	GACATGCTTATTTTACAGATTCTACGAATC	GAUUCGUAGAAUCUGUAAAAUAAGCAUGUC	0
NM_002649.3:2832-2861	NM_002649.3	NM_002649.3.fasta	2832	2861	+	30	ACATGCTTATTTTACAGATTCTACGAATCA	UGAUUCGUAGAAUCUGUAAAAUAAGCAUGU	0
NM_002649.3:2833-2862	NM_002649.3	NM_002649.3.fasta	2833	2862	+	30	CATGCTTATTTTACAGATTCTACGAATCAT	AUGAUUCGUAGAAUCUGUAAAAUAAGCAUG	0
NM_002649.3:2834-2863	NM_002649.3	NM_002649.3.fasta	2834	2863	+	30	ATGCTTATTTTACAGATTCTACGAATCATG	CAUGAUUCGUAGAAUCUGUAAAAUAAGCAU	0
NM_002649.3:2835-2864	NM_002649.3	NM_002649.3.fasta	2835	2864	+	30	TGCTTATTTTACAGATTCTACGAATCATGG	CCAUGAUUCGUAGAAUCUGUAAAAUAAGCA	0
NM_002649.3:2836-2865	NM_002649.3	NM_002649.3.fasta	2836	2865	+	30	GCTTATTTTACAGATTCTACGAATCATGGA	UCCAUGAUUCGUAGAAUCUGUAAAAUAAGC	0
NM_002649.3:2837-2866	NM_002649.3	NM_002649.3.fasta	2837	2866	+	30	CTTATTTTACAGATTCTACGAATCATGGAG	CUCCAUGAUUCGUAGAAUCUGUAAAAUAAG	0
NM_002649.3:2838-2867	NM_002649.3	NM_002649.3.fasta	2838	2867	+	30	TTATTTTACAGATTCTACGAATCATGGAGT	ACUCCAUGAUUCGUAGAAUCUGUAAAAUAA	0
NM_002649.3:2839-2868	NM_002649.3	NM_002649.3.fasta	2839	2868	+	30	TATTTTACAGATTCTACGAATCATGGAGTC	GACUCCAUGAUUCGUAGAAUCUGUAAAAUA	0
NM_002649.3:2840-2869	NM_002649.3	NM_002649.3.fasta	2840	2869	+	30	ATTTTACAGATTCTACGAATCATGGAGTCT	AGACUCCAUGAUUCGUAGAAUCUGUAAAAU	0
NM_002649.3:2841-2870	NM_002649.3	NM_002649.3.fasta	2841	2870	+	30	TTTTACAGATTCTACGAATCATGGAGTCTA	UAGACUCCAUGAUUCGUAGAAUCUGUAAAA	0
NM_002649.3:2842-2871	NM_002649.3	NM_002649.3.fasta	2842	2871	+	30	TTTACAGATTCTACGAATCATGGAGTCTAT	AUAGACUCCAUGAUUCGUAGAAUCUGUAAA	0
NM_002649.3:2843-2872	NM_002649.3	NM_002649.3.fasta	2843	2872	+	30	TTACAGATTCTACGAATCATGGAGTCTATT	AAUAGACUCCAUGAUUCGUAGAAUCUGUAA	0
NM_002649.3:2844-2873	NM_002649.3	NM_002649.3.fasta	2844	2873	+	30	TACAGATTCTACGAATCATGGAGTCTATTT	AAAUAGACUCCAUGAUUCGUAGAAUCUGUA	0
NM_002649.3:2845-2874	NM_002649.3	NM_002649.3.fasta	2845	2874	+	30	ACAGATTCTACGAATCATGGAGTCTATTTG	CAAAUAGACUCCAUGAUUCGUAGAAUCUGU	0
NM_002649.3:2846-2875	NM_002649.3	NM_002649.3.fasta	2846	2875	+	30	CAGATTCTACGAATCATGGAGTCTATTTGG	CCAAAUAGACUCCAUGAUUCGUAGAAUCUG	0
NM_002649.3:2847-2876	NM_002649.3	NM_002649.3.fasta	2847	2876	+	30	AGATTCTACGAATCATGGAGTCTATTTGGG	CCCAAAUAGACUCCAUGAUUCGUAGAAUCU	0
NM_002649.3:2848-2877	NM_002649.3	NM_002649.3.fasta	2848	2877	+	30	GATTCTACGAATCATGGAGTCTATTTGGGA	UCCCAAAUAGACUCCAUGAUUCGUAGAAUC	0
NM_002649.3:2849-2878	NM_002649.3	NM_002649.3.fasta	2849	2878	+	30	ATTCTACGAATCATGGAGTCTATTTGGGAG	CUCCCAAAUAGACUCCAUGAUUCGUAGAAU	0
NM_002649.3:2850-2879	NM_002649.3	NM_002649.3.fasta	2850	2879	+	30	TTCTACGAATCATGGAGTCTATTTGGGAGA	UCUCCCAAAUAGACUCCAUGAUUCGUAGAA	0
NM_002649.3:2851-2880	NM_002649.3	NM_002649.3.fasta	2851	2880	+	30	TCTACGAATCATGGAGTCTATTTGGGAGAC	GUCUCCCAAAUAGACUCCAUGAUUCGUAGA	0
NM_002649.3:2852-2881	NM_002649.3	NM_002649.3.fasta	2852	2881	+	30	CTACGAATCATGGAGTCTATTTGGGAGACT	AGUCUCCCAAAUAGACUCCAUGAUUCGUAG	0
NM_002649.3:2853-2882	NM_002649.3	NM_002649.3.fasta	2853	2882	+	30	TACGAATCATGGAGTCTATTTGGGAGACTG	CAGUCUCCCAAAUAGACUCCAUGAUUCGUA	0
NM_002649.3:2854-2883	NM_002649.3	NM_002649.3.fasta	2854	2883	+	30	ACGAATCATGGAGTCTATTTGGGAGACTGA	UCAGUCUCCCAAAUAGACUCCAUGAUUCGU	0
NM_002649.3:2855-2884	NM_002649.3	NM_002649.3.fasta	2855	2884	+	30	CGAATCATGGAGTCTATTTGGGAGACTGAA	UUCAGUCUCCCAAAUAGACUCCAUGAUUCG	0
NM_002649.3:2856-2885	NM_002649.3	NM_002649.3.fasta	2856	2885	+	30	GAATCATGGAGTCTATTTGGGAGACTGAAT	AUUCAGUCUCCCAAAUAGACUCCAUGAUUC	0
NM_002649.3:2857-2886	NM_002649.3	NM_002649.3.fasta	2857	2886	+	30	AATCATGGAGTCTATTTGGGAGACTGAATC	GAUUCAGUCUCCCAAAUAGACUCCAUGAUU	0
NM_002649.3:2858-2887	NM_002649.3	NM_002649.3.fasta	2858	2887	+	30	ATCATGGAGTCTATTTGGGAGACTGAATCT	AGAUUCAGUCUCCCAAAUAGACUCCAUGAU	0
NM_002649.3:2859-2888	NM_002649.3	NM_002649.3.fasta	2859	2888	+	30	TCATGGAGTCTATTTGGGAGACTGAATCTT	AAGAUUCAGUCUCCCAAAUAGACUCCAUGA	0
NM_002649.3:2860-2889	NM_002649.3	NM_002649.3.fasta	2860	2889	+	30	CATGGAGTCTATTTGGGAGACTGAATCTTT	AAAGAUUCAGUCUCCCAAAUAGACUCCAUG	0
NM_002649.3:2861-2890	NM_002649.3	NM_002649.3.fasta	2861	2890	+	30	ATGGAGTCTATTTGGGAGACTGAATCTTTG	CAAAGAUUCAGUCUCCCAAAUAGACUCCAU	0
NM_002649.3:2862-2891	NM_002649.3	NM_002649.3.fasta	2862	2891	+	30	TGGAGTCTATTTGGGAGACTGAATCTTTGG	CCAAAGAUUCAGUCUCCCAAAUAGACUCCA	0
NM_002649.3:2863-2892	NM_002649.3	NM_002649.3.fasta	2863	2892	+	30	GGAGTCTATTTGGGAGACTGAATCTTTGGA	UCCAAAGAUUCAGUCUCCCAAAUAGACUCC	0
NM_002649.3:2864-2893	NM_002649.3	NM_002649.3.fasta	2864	2893	+	30	GAGTCTATTTGGGAGACTGAATCTTTGGAT	AUCCAAAGAUUCAGUCUCCCAAAUAGACUC	0
NM_002649.3:2865-2894	NM_002649.3	NM_002649.3.fasta	2865	2894	+	30	AGTCTATTTGGGAGACTGAATCTTTGGATC	GAUCCAAAGAUUCAGUCUCCCAAAUAGACU	0
NM_002649.3:2866-2895	NM_002649.3	NM_002649.3.fasta	2866	2895	+	30	GTCTATTTGGGAGACTGAATCTTTGGATCT	AGAUCCAAAGAUUCAGUCUCCCAAAUAGAC	0
NM_002649.3:2867-2896	NM_002649.3	NM_002649.3.fasta	2867	2896	+	30	TCTATTTGGGAGACTGAATCTTTGGATCTA	UAGAUCCAAAGAUUCAGUCUCCCAAAUAGA	0
NM_002649.3:2868-2897	NM_002649.3	NM_002649.3.fasta	2868	2897	+	30	CTATTTGGGAGACTGAATCTTTGGATCTAT	AUAGAUCCAAAGAUUCAGUCUCCCAAAUAG	0
NM_002649.3:2869-2898	NM_002649.3	NM_002649.3.fasta	2869	2898	+	30	TATTTGGGAGACTGAATCTTTGGATCTATG	CAUAGAUCCAAAGAUUCAGUCUCCCAAAUA	0
NM_002649.3:2870-2899	NM_002649.3	NM_002649.3.fasta	2870	2899	+	30	ATTTGGGAGACTGAATCTTTGGATCTATGC	GCAUAGAUCCAAAGAUUCAGUCUCCCAAAU	0
NM_002649.3:2871-2900	NM_002649.3	NM_002649.3.fasta	2871	2900	+	30	TTTGGGAGACTGAATCTTTGGATCTATGCC	GGCAUAGAUCCAAAGAUUCAGUCUCCCAAA	0
NM_002649.3:2872-2901	NM_002649.3	NM_002649.3.fasta	2872	2901	+	30	TTGGGAGACTGAATCTTTGGATCTATGCCT	AGGCAUAGAUCCAAAGAUUCAGUCUCCCAA	0
NM_002649.3:2873-2902	NM_002649.3	NM_002649.3.fasta	2873	2902	+	30	TGGGAGACTGAATCTTTGGATCTATGCCTC	GAGGCAUAGAUCCAAAGAUUCAGUCUCCCA	0
NM_002649.3:2874-2903	NM_002649.3	NM_002649.3.fasta	2874	2903	+	30	GGGAGACTGAATCTTTGGATCTATGCCTCC	GGAGGCAUAGAUCCAAAGAUUCAGUCUCCC	0
NM_002649.3:2875-2904	NM_002649.3	NM_002649.3.fasta	2875	2904	+	30	GGAGACTGAATCTTTGGATCTATGCCTCCT	AGGAGGCAUAGAUCCAAAGAUUCAGUCUCC	0
NM_002649.3:2876-2905	NM_002649.3	NM_002649.3.fasta	2876	2905	+	30	GAGACTGAATCTTTGGATCTATGCCTCCTG	CAGGAGGCAUAGAUCCAAAGAUUCAGUCUC	0
NM_002649.3:2877-2906	NM_002649.3	NM_002649.3.fasta	2877	2906	+	30	AGACTGAATCTTTGGATCTATGCCTCCTGC	GCAGGAGGCAUAGAUCCAAAGAUUCAGUCU	0
NM_002649.3:2878-2907	NM_002649.3	NM_002649.3.fasta	2878	2907	+	30	GACTGAATCTTTGGATCTATGCCTCCTGCC	GGCAGGAGGCAUAGAUCCAAAGAUUCAGUC	0
NM_002649.3:2879-2908	NM_002649.3	NM_002649.3.fasta	2879	2908	+	30	ACTGAATCTTTGGATCTATGCCTCCTGCCA	UGGCAGGAGGCAUAGAUCCAAAGAUUCAGU	0
NM_002649.3:2880-2909	NM_002649.3	NM_002649.3.fasta	2880	2909	+	30	CTGAATCTTTGGATCTATGCCTCCTGCCAT	AUGGCAGGAGGCAUAGAUCCAAAGAUUCAG	0
NM_002649.3:2881-2910	NM_002649.3	NM_002649.3.fasta	2881	2910	+	30	TGAATCTTTGGATCTATGCCTCCTGCCATA	UAUGGCAGGAGGCAUAGAUCCAAAGAUUCA	0
NM_002649.3:2882-2911	NM_002649.3	NM_002649.3.fasta	2882	2911	+	30	GAATCTTTGGATCTATGCCTCCTGCCATAT	AUAUGGCAGGAGGCAUAGAUCCAAAGAUUC	0
NM_002649.3:2883-2912	NM_002649.3	NM_002649.3.fasta	2883	2912	+	30	AATCTTTGGATCTATGCCTCCTGCCATATG	CAUAUGGCAGGAGGCAUAGAUCCAAAGAUU	0
NM_002649.3:2884-2913	NM_002649.3	NM_002649.3.fasta	2884	2913	+	30	ATCTTTGGATCTATGCCTCCTGCCATATGG	CCAUAUGGCAGGAGGCAUAGAUCCAAAGAU	0
NM_002649.3:2885-2914	NM_002649.3	NM_002649.3.fasta	2885	2914	+	30	TCTTTGGATCTATGCCTCCTGCCATATGGT	ACCAUAUGGCAGGAGGCAUAGAUCCAAAGA	0
NM_002649.3:2886-2915	NM_002649.3	NM_002649.3.fasta	2886	2915	+	30	CTTTGGATCTATGCCTCCTGCCATATGGTT	AACCAUAUGGCAGGAGGCAUAGAUCCAAAG	0
NM_002649.3:2887-2916	NM_002649.3	NM_002649.3.fasta	2887	2916	+	30	TTTGGATCTATGCCTCCTGCCATATGGTTG	CAACCAUAUGGCAGGAGGCAUAGAUCCAAA	0
NM_002649.3:2888-2917	NM_002649.3	NM_002649.3.fasta	2888	2917	+	30	TTGGATCTATGCCTCCTGCCATATGGTTGC	GCAACCAUAUGGCAGGAGGCAUAGAUCCAA	0
NM_002649.3:2889-2918	NM_002649.3	NM_002649.3.fasta	2889	2918	+	30	TGGATCTATGCCTCCTGCCATATGGTTGCA	UGCAACCAUAUGGCAGGAGGCAUAGAUCCA	0
NM_002649.3:2890-2919	NM_002649.3	NM_002649.3.fasta	2890	2919	+	30	GGATCTATGCCTCCTGCCATATGGTTGCAT	AUGCAACCAUAUGGCAGGAGGCAUAGAUCC	0
NM_002649.3:2891-2920	NM_002649.3	NM_002649.3.fasta	2891	2920	+	30	GATCTATGCCTCCTGCCATATGGTTGCATT	AAUGCAACCAUAUGGCAGGAGGCAUAGAUC	0
NM_002649.3:2892-2921	NM_002649.3	NM_002649.3.fasta	2892	2921	+	30	ATCTATGCCTCCTGCCATATGGTTGCATTT	AAAUGCAACCAUAUGGCAGGAGGCAUAGAU	0
NM_002649.3:2893-2922	NM_002649.3	NM_002649.3.fasta	2893	2922	+	30	TCTATGCCTCCTGCCATATGGTTGCATTTC	GAAAUGCAACCAUAUGGCAGGAGGCAUAGA	0
NM_002649.3:2894-2923	NM_002649.3	NM_002649.3.fasta	2894	2923	+	30	CTATGCCTCCTGCCATATGGTTGCATTTCA	UGAAAUGCAACCAUAUGGCAGGAGGCAUAG	0
NM_002649.3:2895-2924	NM_002649.3	NM_002649.3.fasta	2895	2924	+	30	TATGCCTCCTGCCATATGGTTGCATTTCAA	UUGAAAUGCAACCAUAUGGCAGGAGGCAUA	0
NM_002649.3:2896-2925	NM_002649.3	NM_002649.3.fasta	2896	2925	+	30	ATGCCTCCTGCCATATGGTTGCATTTCAAC	GUUGAAAUGCAACCAUAUGGCAGGAGGCAU	0
NM_002649.3:2897-2926	NM_002649.3	NM_002649.3.fasta	2897	2926	+	30	TGCCTCCTGCCATATGGTTGCATTTCAACT	AGUUGAAAUGCAACCAUAUGGCAGGAGGCA	0
NM_002649.3:2898-2927	NM_002649.3	NM_002649.3.fasta	2898	2927	+	30	GCCTCCTGCCATATGGTTGCATTTCAACTG	CAGUUGAAAUGCAACCAUAUGGCAGGAGGC	0
NM_002649.3:2899-2928	NM_002649.3	NM_002649.3.fasta	2899	2928	+	30	CCTCCTGCCATATGGTTGCATTTCAACTGG	CCAGUUGAAAUGCAACCAUAUGGCAGGAGG	0
NM_002649.3:2900-2929	NM_002649.3	NM_002649.3.fasta	2900	2929	+	30	CTCCTGCCATATGGTTGCATTTCAACTGGT	ACCAGUUGAAAUGCAACCAUAUGGCAGGAG	0
NM_002649.3:2901-2930	NM_002649.3	NM_002649.3.fasta	2901	2930	+	30	TCCTGCCATATGGTTGCATTTCAACTGGTG	CACCAGUUGAAAUGCAACCAUAUGGCAGGA	0
NM_002649.3:2902-2931	NM_002649.3	NM_002649.3.fasta	2902	2931	+	30	CCTGCCATATGGTTGCATTTCAACTGGTGA	UCACCAGUUGAAAUGCAACCAUAUGGCAGG	0
NM_002649.3:2903-2932	NM_002649.3	NM_002649.3.fasta	2903	2932	+	30	CTGCCATATGGTTGCATTTCAACTGGTGAC	GUCACCAGUUGAAAUGCAACCAUAUGGCAG	0
NM_002649.3:2904-2933	NM_002649.3	NM_002649.3.fasta	2904	2933	+	30	TGCCATATGGTTGCATTTCAACTGGTGACA	UGUCACCAGUUGAAAUGCAACCAUAUGGCA	0
NM_002649.3:2905-2934	NM_002649.3	NM_002649.3.fasta	2905	2934	+	30	GCCATATGGTTGCATTTCAACTGGTGACAA	UUGUCACCAGUUGAAAUGCAACCAUAUGGC	0
NM_002649.3:2906-2935	NM_002649.3	NM_002649.3.fasta	2906	2935	+	30	CCATATGGTTGCATTTCAACTGGTGACAAA	UUUGUCACCAGUUGAAAUGCAACCAUAUGG	0
NM_002649.3:2907-2936	NM_002649.3	NM_002649.3.fasta	2907	2936	+	30	CATATGGTTGCATTTCAACTGGTGACAAAA	UUUUGUCACCAGUUGAAAUGCAACCAUAUG	0
NM_002649.3:2908-2937	NM_002649.3	NM_002649.3.fasta	2908	2937	+	30	ATATGGTTGCATTTCAACTGGTGACAAAAT	AUUUUGUCACCAGUUGAAAUGCAACCAUAU	0
NM_002649.3:2909-2938	NM_002649.3	NM_002649.3.fasta	2909	2938	+	30	TATGGTTGCATTTCAACTGGTGACAAAATA	UAUUUUGUCACCAGUUGAAAUGCAACCAUA	0
NM_002649.3:2910-2939	NM_002649.3	NM_002649.3.fasta	2910	2939	+	30	ATGGTTGCATTTCAACTGGTGACAAAATAG	CUAUUUUGUCACCAGUUGAAAUGCAACCAU	0
NM_002649.3:2911-2940	NM_002649.3	NM_002649.3.fasta	2911	2940	+	30	TGGTTGCATTTCAACTGGTGACAAAATAGG	CCUAUUUUGUCACCAGUUGAAAUGCAACCA	0
NM_002649.3:2912-2941	NM_002649.3	NM_002649.3.fasta	2912	2941	+	30	GGTTGCATTTCAACTGGTGACAAAATAGGA	UCCUAUUUUGUCACCAGUUGAAAUGCAACC	0
NM_002649.3:2913-2942	NM_002649.3	NM_002649.3.fasta	2913	2942	+	30	GTTGCATTTCAACTGGTGACAAAATAGGAA	UUCCUAUUUUGUCACCAGUUGAAAUGCAAC	0
NM_002649.3:2914-2943	NM_002649.3	NM_002649.3.fasta	2914	2943	+	30	TTGCATTTCAACTGGTGACAAAATAGGAAT	AUUCCUAUUUUGUCACCAGUUGAAAUGCAA	0
NM_002649.3:2915-2944	NM_002649.3	NM_002649.3.fasta	2915	2944	+	30	TGCATTTCAACTGGTGACAAAATAGGAATG	CAUUCCUAUUUUGUCACCAGUUGAAAUGCA	0
NM_002649.3:2916-2945	NM_002649.3	NM_002649.3.fasta	2916	2945	+	30	GCATTTCAACTGGTGACAAAATAGGAATGA	UCAUUCCUAUUUUGUCACCAGUUGAAAUGC	0
NM_002649.3:2917-2946	NM_002649.3	NM_002649.3.fasta	2917	2946	+	30	CATTTCAACTGGTGACAAAATAGGAATGAT	AUCAUUCCUAUUUUGUCACCAGUUGAAAUG	0
NM_002649.3:2918-2947	NM_002649.3	NM_002649.3.fasta	2918	2947	+	30	ATTTCAACTGGTGACAAAATAGGAATGATC	GAUCAUUCCUAUUUUGUCACCAGUUGAAAU	0
NM_002649.3:2919-2948	NM_002649.3	NM_002649.3.fasta	2919	2948	+	30	TTTCAACTGGTGACAAAATAGGAATGATCG	CGAUCAUUCCUAUUUUGUCACCAGUUGAAA	0
NM_002649.3:2920-2949	NM_002649.3	NM_002649.3.fasta	2920	2949	+	30	TTCAACTGGTGACAAAATAGGAATGATCGA	UCGAUCAUUCCUAUUUUGUCACCAGUUGAA	0
NM_002649.3:2921-2950	NM_002649.3	NM_002649.3.fasta	2921	2950	+	30	TCAACTGGTGACAAAATAGGAATGATCGAG	CUCGAUCAUUCCUAUUUUGUCACCAGUUGA	0
NM_002649.3:2922-2951	NM_002649.3	NM_002649.3.fasta	2922	2951	+	30	CAACTGGTGACAAAATAGGAATGATCGAGA	UCUCGAUCAUUCCUAUUUUGUCACCAGUUG	0
NM_002649.3:2923-2952	NM_002649.3	NM_002649.3.fasta	2923	2952	+	30	AACTGGTGACAAAATAGGAATGATCGAGAT	AUCUCGAUCAUUCCUAUUUUGUCACCAGUU	0
NM_002649.3:2924-2953	NM_002649.3	NM_002649.3.fasta	2924	2953	+	30	ACTGGTGACAAAATAGGAATGATCGAGATT	AAUCUCGAUCAUUCCUAUUUUGUCACCAGU	0
NM_002649.3:2925-2954	NM_002649.3	NM_002649.3.fasta	2925	2954	+	30	CTGGTGACAAAATAGGAATGATCGAGATTG	CAAUCUCGAUCAUUCCUAUUUUGUCACCAG	0
NM_002649.3:2926-2955	NM_002649.3	NM_002649.3.fasta	2926	2955	+	30	TGGTGACAAAATAGGAATGATCGAGATTGT	ACAAUCUCGAUCAUUCCUAUUUUGUCACCA	0
NM_002649.3:2927-2956	NM_002649.3	NM_002649.3.fasta	2927	2956	+	30	GGTGACAAAATAGGAATGATCGAGATTGTG	CACAAUCUCGAUCAUUCCUAUUUUGUCACC	0
NM_002649.3:2928-2957	NM_002649.3	NM_002649.3.fasta	2928	2957	+	30	GTGACAAAATAGGAATGATCGAGATTGTGA	UCACAAUCUCGAUCAUUCCUAUUUUGUCAC	0
NM_002649.3:2929-2958	NM_002649.3	NM_002649.3.fasta	2929	2958	+	30	TGACAAAATAGGAATGATCGAGATTGTGAA	UUCACAAUCUCGAUCAUUCCUAUUUUGUCA	0
NM_002649.3:2930-2959	NM_002649.3	NM_002649.3.fasta	2930	2959	+	30	GACAAAATAGGAATGATCGAGATTGTGAAA	UUUCACAAUCUCGAUCAUUCCUAUUUUGUC	0
NM_002649.3:2931-2960	NM_002649.3	NM_002649.3.fasta	2931	2960	+	30	ACAAAATAGGAATGATCGAGATTGTGAAAG	CUUUCACAAUCUCGAUCAUUCCUAUUUUGU	0
NM_002649.3:2932-2961	NM_002649.3	NM_002649.3.fasta	2932	2961	+	30	CAAAATAGGAATGATCGAGATTGTGAAAGA	UCUUUCACAAUCUCGAUCAUUCCUAUUUUG	0
NM_002649.3:2933-2962	NM_002649.3	NM_002649.3.fasta	2933	2962	+	30	AAAATAGGAATGATCGAGATTGTGAAAGAC	GUCUUUCACAAUCUCGAUCAUUCCUAUUUU	0
NM_002649.3:2934-2963	NM_002649.3	NM_002649.3.fasta	2934	2963	+	30	AAATAGGAATGATCGAGATTGTGAAAGACG	CGUCUUUCACAAUCUCGAUCAUUCCUAUUU	0
NM_002649.3:2935-2964	NM_002649.3	NM_002649.3.fasta	2935	2964	+	30	AATAGGAATGATCGAGATTGTGAAAGACGC	GCGUCUUUCACAAUCUCGAUCAUUCCUAUU	0
NM_002649.3:2936-2965	NM_002649.3	NM_002649.3.fasta	2936	2965	+	30	ATAGGAATGATCGAGATTGTGAAAGACGCC	GGCGUCUUUCACAAUCUCGAUCAUUCCUAU	0
NM_002649.3:2937-2966	NM_002649.3	NM_002649.3.fasta	2937	2966	+	30	TAGGAATGATCGAGATTGTGAAAGACGCCA	UGGCGUCUUUCACAAUCUCGAUCAUUCCUA	0
NM_002649.3:2938-2967	NM_002649.3	NM_002649.3.fasta	2938	2967	+	30	AGGAATGATCGAGATTGTGAAAGACGCCAC	GUGGCGUCUUUCACAAUCUCGAUCAUUCCU	0
NM_002649.3:2939-2968	NM_002649.3	NM_002649.3.fasta	2939	2968	+	30	GGAATGATCGAGATTGTGAAAGACGCCACG	CGUGGCGUCUUUCACAAUCUCGAUCAUUCC	0
NM_002649.3:2940-2969	NM_002649.3	NM_002649.3.fasta	2940	2969	+	30	GAATGATCGAGATTGTGAAAGACGCCACGA	UCGUGGCGUCUUUCACAAUCUCGAUCAUUC	0
NM_002649.3:2941-2970	NM_002649.3	NM_002649.3.fasta	2941	2970	+	30	AATGATCGAGATTGTGAAAGACGCCACGAC	GUCGUGGCGUCUUUCACAAUCUCGAUCAUU	0
NM_002649.3:2942-2971	NM_002649.3	NM_002649.3.fasta	2942	2971	+	30	ATGATCGAGATTGTGAAAGACGCCACGACA	UGUCGUGGCGUCUUUCACAAUCUCGAUCAU	0
NM_002649.3:2943-2972	NM_002649.3	NM_002649.3.fasta	2943	2972	+	30	TGATCGAGATTGTGAAAGACGCCACGACAA	UUGUCGUGGCGUCUUUCACAAUCUCGAUCA	0
NM_002649.3:2944-2973	NM_002649.3	NM_002649.3.fasta	2944	2973	+	30	GATCGAGATTGTGAAAGACGCCACGACAAT	AUUGUCGUGGCGUCUUUCACAAUCUCGAUC	0
NM_002649.3:2945-2974	NM_002649.3	NM_002649.3.fasta	2945	2974	+	30	ATCGAGATTGTGAAAGACGCCACGACAATT	AAUUGUCGUGGCGUCUUUCACAAUCUCGAU	0
NM_002649.3:2946-2975	NM_002649.3	NM_002649.3.fasta	2946	2975	+	30	TCGAGATTGTGAAAGACGCCACGACAATTG	CAAUUGUCGUGGCGUCUUUCACAAUCUCGA	0
NM_002649.3:2947-2976	NM_002649.3	NM_002649.3.fasta	2947	2976	+	30	CGAGATTGTGAAAGACGCCACGACAATTGC	GCAAUUGUCGUGGCGUCUUUCACAAUCUCG	0
NM_002649.3:2948-2977	NM_002649.3	NM_002649.3.fasta	2948	2977	+	30	GAGATTGTGAAAGACGCCACGACAATTGCC	GGCAAUUGUCGUGGCGUCUUUCACAAUCUC	0
NM_002649.3:2949-2978	NM_002649.3	NM_002649.3.fasta	2949	2978	+	30	AGATTGTGAAAGACGCCACGACAATTGCCA	UGGCAAUUGUCGUGGCGUCUUUCACAAUCU	0
NM_002649.3:2950-2979	NM_002649.3	NM_002649.3.fasta	2950	2979	+	30	GATTGTGAAAGACGCCACGACAATTGCCAA	UUGGCAAUUGUCGUGGCGUCUUUCACAAUC	0
NM_002649.3:2951-2980	NM_002649.3	NM_002649.3.fasta	2951	2980	+	30	ATTGTGAAAGACGCCACGACAATTGCCAAA	UUUGGCAAUUGUCGUGGCGUCUUUCACAAU	0
NM_002649.3:2952-2981	NM_002649.3	NM_002649.3.fasta	2952	2981	+	30	TTGTGAAAGACGCCACGACAATTGCCAAAA	UUUUGGCAAUUGUCGUGGCGUCUUUCACAA	0
NM_002649.3:2953-2982	NM_002649.3	NM_002649.3.fasta	2953	2982	+	30	TGTGAAAGACGCCACGACAATTGCCAAAAT	AUUUUGGCAAUUGUCGUGGCGUCUUUCACA	0
NM_002649.3:2954-2983	NM_002649.3	NM_002649.3.fasta	2954	2983	+	30	GTGAAAGACGCCACGACAATTGCCAAAATT	AAUUUUGGCAAUUGUCGUGGCGUCUUUCAC	0
NM_002649.3:2955-2984	NM_002649.3	NM_002649.3.fasta	2955	2984	+	30	TGAAAGACGCCACGACAATTGCCAAAATTC	GAAUUUUGGCAAUUGUCGUGGCGUCUUUCA	0
NM_002649.3:2956-2985	NM_002649.3	NM_002649.3.fasta	2956	2985	+	30	GAAAGACGCCACGACAATTGCCAAAATTCA	UGAAUUUUGGCAAUUGUCGUGGCGUCUUUC	0
NM_002649.3:2957-2986	NM_002649.3	NM_002649.3.fasta	2957	2986	+	30	AAAGACGCCACGACAATTGCCAAAATTCAG	CUGAAUUUUGGCAAUUGUCGUGGCGUCUUU	0
NM_002649.3:2958-2987	NM_002649.3	NM_002649.3.fasta	2958	2987	+	30	AAGACGCCACGACAATTGCCAAAATTCAGC	GCUGAAUUUUGGCAAUUGUCGUGGCGUCUU	0
NM_002649.3:2959-2988	NM_002649.3	NM_002649.3.fasta	2959	2988	+	30	AGACGCCACGACAATTGCCAAAATTCAGCA	UGCUGAAUUUUGGCAAUUGUCGUGGCGUCU	0
NM_002649.3:2960-2989	NM_002649.3	NM_002649.3.fasta	2960	2989	+	30	GACGCCACGACAATTGCCAAAATTCAGCAA	UUGCUGAAUUUUGGCAAUUGUCGUGGCGUC	0
NM_002649.3:2961-2990	NM_002649.3	NM_002649.3.fasta	2961	2990	+	30	ACGCCACGACAATTGCCAAAATTCAGCAAA	UUUGCUGAAUUUUGGCAAUUGUCGUGGCGU	0
NM_002649.3:2962-2991	NM_002649.3	NM_002649.3.fasta	2962	2991	+	30	CGCCACGACAATTGCCAAAATTCAGCAAAG	CUUUGCUGAAUUUUGGCAAUUGUCGUGGCG	0
NM_002649.3:2963-2992	NM_002649.3	NM_002649.3.fasta	2963	2992	+	30	GCCACGACAATTGCCAAAATTCAGCAAAGC	GCUUUGCUGAAUUUUGGCAAUUGUCGUGGC	0
NM_002649.3:2964-2993	NM_002649.3	NM_002649.3.fasta	2964	2993	+	30	CCACGACAATTGCCAAAATTCAGCAAAGCA	UGCUUUGCUGAAUUUUGGCAAUUGUCGUGG	0
NM_002649.3:2965-2994	NM_002649.3	NM_002649.3.fasta	2965	2994	+	30	CACGACAATTGCCAAAATTCAGCAAAGCAC	GUGCUUUGCUGAAUUUUGGCAAUUGUCGUG	0
NM_002649.3:2966-2995	NM_002649.3	NM_002649.3.fasta	2966	2995	+	30	ACGACAATTGCCAAAATTCAGCAAAGCACA	UGUGCUUUGCUGAAUUUUGGCAAUUGUCGU	0
NM_002649.3:2967-2996	NM_002649.3	NM_002649.3.fasta	2967	2996	+	30	CGACAATTGCCAAAATTCAGCAAAGCACAG	CUGUGCUUUGCUGAAUUUUGGCAAUUGUCG	0
NM_002649.3:2968-2997	NM_002649.3	NM_002649.3.fasta	2968	2997	+	30	GACAATTGCCAAAATTCAGCAAAGCACAGT	ACUGUGCUUUGCUGAAUUUUGGCAAUUGUC	0
NM_002649.3:2969-2998	NM_002649.3	NM_002649.3.fasta	2969	2998	+	30	ACAATTGCCAAAATTCAGCAAAGCACAGTG	CACUGUGCUUUGCUGAAUUUUGGCAAUUGU	0
NM_002649.3:2970-2999	NM_002649.3	NM_002649.3.fasta	2970	2999	+	30	CAATTGCCAAAATTCAGCAAAGCACAGTGG	CCACUGUGCUUUGCUGAAUUUUGGCAAUUG	0
NM_002649.3:2971-3000	NM_002649.3	NM_002649.3.fasta	2971	3000	+	30	AATTGCCAAAATTCAGCAAAGCACAGTGGG	CCCACUGUGCUUUGCUGAAUUUUGGCAAUU	0
NM_002649.3:2972-3001	NM_002649.3	NM_002649.3.fasta	2972	3001	+	30	ATTGCCAAAATTCAGCAAAGCACAGTGGGC	GCCCACUGUGCUUUGCUGAAUUUUGGCAAU	0
NM_002649.3:2973-3002	NM_002649.3	NM_002649.3.fasta	2973	3002	+	30	TTGCCAAAATTCAGCAAAGCACAGTGGGCA	UGCCCACUGUGCUUUGCUGAAUUUUGGCAA	0
NM_002649.3:2974-3003	NM_002649.3	NM_002649.3.fasta	2974	3003	+	30	TGCCAAAATTCAGCAAAGCACAGTGGGCAA	UUGCCCACUGUGCUUUGCUGAAUUUUGGCA	0
NM_002649.3:2975-3004	NM_002649.3	NM_002649.3.fasta	2975	3004	+	30	GCCAAAATTCAGCAAAGCACAGTGGGCAAC	GUUGCCCACUGUGCUUUGCUGAAUUUUGGC	0
NM_002649.3:2976-3005	NM_002649.3	NM_002649.3.fasta	2976	3005	+	30	CCAAAATTCAGCAAAGCACAGTGGGCAACA	UGUUGCCCACUGUGCUUUGCUGAAUUUUGG	0
NM_002649.3:2977-3006	NM_002649.3	NM_002649.3.fasta	2977	3006	+	30	CAAAATTCAGCAAAGCACAGTGGGCAACAC	GUGUUGCCCACUGUGCUUUGCUGAAUUUUG	0
NM_002649.3:2978-3007	NM_002649.3	NM_002649.3.fasta	2978	3007	+	30	AAAATTCAGCAAAGCACAGTGGGCAACACG	CGUGUUGCCCACUGUGCUUUGCUGAAUUUU	0
NM_002649.3:2979-3008	NM_002649.3	NM_002649.3.fasta	2979	3008	+	30	AAATTCAGCAAAGCACAGTGGGCAACACGG	CCGUGUUGCCCACUGUGCUUUGCUGAAUUU	0
NM_002649.3:2980-3009	NM_002649.3	NM_002649.3.fasta	2980	3009	+	30	AATTCAGCAAAGCACAGTGGGCAACACGGG	CCCGUGUUGCCCACUGUGCUUUGCUGAAUU	0
NM_002649.3:2981-3010	NM_002649.3	NM_002649.3.fasta	2981	3010	+	30	ATTCAGCAAAGCACAGTGGGCAACACGGGA	UCCCGUGUUGCCCACUGUGCUUUGCUGAAU	0
NM_002649.3:2982-3011	NM_002649.3	NM_002649.3.fasta	2982	3011	+	30	TTCAGCAAAGCACAGTGGGCAACACGGGAG	CUCCCGUGUUGCCCACUGUGCUUUGCUGAA	0
NM_002649.3:2983-3012	NM_002649.3	NM_002649.3.fasta	2983	3012	+	30	TCAGCAAAGCACAGTGGGCAACACGGGAGC	GCUCCCGUGUUGCCCACUGUGCUUUGCUGA	0
NM_002649.3:2984-3013	NM_002649.3	NM_002649.3.fasta	2984	3013	+	30	CAGCAAAGCACAGTGGGCAACACGGGAGCA	UGCUCCCGUGUUGCCCACUGUGCUUUGCUG	0
NM_002649.3:2985-3014	NM_002649.3	NM_002649.3.fasta	2985	3014	+	30	AGCAAAGCACAGTGGGCAACACGGGAGCAT	AUGCUCCCGUGUUGCCCACUGUGCUUUGCU	0
NM_002649.3:2986-3015	NM_002649.3	NM_002649.3.fasta	2986	3015	+	30	GCAAAGCACAGTGGGCAACACGGGAGCATT	AAUGCUCCCGUGUUGCCCACUGUGCUUUGC	0
NM_002649.3:2987-3016	NM_002649.3	NM_002649.3.fasta	2987	3016	+	30	CAAAGCACAGTGGGCAACACGGGAGCATTT	AAAUGCUCCCGUGUUGCCCACUGUGCUUUG	0
NM_002649.3:2988-3017	NM_002649.3	NM_002649.3.fasta	2988	3017	+	30	AAAGCACAGTGGGCAACACGGGAGCATTTA	UAAAUGCUCCCGUGUUGCCCACUGUGCUUU	0
NM_002649.3:2989-3018	NM_002649.3	NM_002649.3.fasta	2989	3018	+	30	AAGCACAGTGGGCAACACGGGAGCATTTAA	UUAAAUGCUCCCGUGUUGCCCACUGUGCUU	0
NM_002649.3:2990-3019	NM_002649.3	NM_002649.3.fasta	2990	3019	+	30	AGCACAGTGGGCAACACGGGAGCATTTAAA	UUUAAAUGCUCCCGUGUUGCCCACUGUGCU	0
NM_002649.3:2991-3020	NM_002649.3	NM_002649.3.fasta	2991	3020	+	30	GCACAGTGGGCAACACGGGAGCATTTAAAG	CUUUAAAUGCUCCCGUGUUGCCCACUGUGC	0
NM_002649.3:2992-3021	NM_002649.3	NM_002649.3.fasta	2992	3021	+	30	CACAGTGGGCAACACGGGAGCATTTAAAGA	UCUUUAAAUGCUCCCGUGUUGCCCACUGUG	0
NM_002649.3:2993-3022	NM_002649.3	NM_002649.3.fasta	2993	3022	+	30	ACAGTGGGCAACACGGGAGCATTTAAAGAT	AUCUUUAAAUGCUCCCGUGUUGCCCACUGU	0
NM_002649.3:2994-3023	NM_002649.3	NM_002649.3.fasta	2994	3023	+	30	CAGTGGGCAACACGGGAGCATTTAAAGATG	CAUCUUUAAAUGCUCCCGUGUUGCCCACUG	0
NM_002649.3:2995-3024	NM_002649.3	NM_002649.3.fasta	2995	3024	+	30	AGTGGGCAACACGGGAGCATTTAAAGATGA	UCAUCUUUAAAUGCUCCCGUGUUGCCCACU	0
NM_002649.3:2996-3025	NM_002649.3	NM_002649.3.fasta	2996	3025	+	30	GTGGGCAACACGGGAGCATTTAAAGATGAA	UUCAUCUUUAAAUGCUCCCGUGUUGCCCAC	0
NM_002649.3:2997-3026	NM_002649.3	NM_002649.3.fasta	2997	3026	+	30	TGGGCAACACGGGAGCATTTAAAGATGAAG	CUUCAUCUUUAAAUGCUCCCGUGUUGCCCA	0
NM_002649.3:2998-3027	NM_002649.3	NM_002649.3.fasta	2998	3027	+	30	GGGCAACACGGGAGCATTTAAAGATGAAGT	ACUUCAUCUUUAAAUGCUCCCGUGUUGCCC	0
NM_002649.3:2999-3028	NM_002649.3	NM_002649.3.fasta	2999	3028	+	30	GGCAACACGGGAGCATTTAAAGATGAAGTC	GACUUCAUCUUUAAAUGCUCCCGUGUUGCC	0
NM_002649.3:3000-3029	NM_002649.3	NM_002649.3.fasta	3000	3029	+	30	GCAACACGGGAGCATTTAAAGATGAAGTCC	GGACUUCAUCUUUAAAUGCUCCCGUGUUGC	0
NM_002649.3:3001-3030	NM_002649.3	NM_002649.3.fasta	3001	3030	+	30	CAACACGGGAGCATTTAAAGATGAAGTCCT	AGGACUUCAUCUUUAAAUGCUCCCGUGUUG	0
NM_002649.3:3002-3031	NM_002649.3	NM_002649.3.fasta	3002	3031	+	30	AACACGGGAGCATTTAAAGATGAAGTCCTG	CAGGACUUCAUCUUUAAAUGCUCCCGUGUU	0
NM_002649.3:3003-3032	NM_002649.3	NM_002649.3.fasta	3003	3032	+	30	ACACGGGAGCATTTAAAGATGAAGTCCTGA	UCAGGACUUCAUCUUUAAAUGCUCCCGUGU	0
NM_002649.3:3004-3033	NM_002649.3	NM_002649.3.fasta	3004	3033	+	30	CACGGGAGCATTTAAAGATGAAGTCCTGAA	UUCAGGACUUCAUCUUUAAAUGCUCCCGUG	0
NM_002649.3:3005-3034	NM_002649.3	NM_002649.3.fasta	3005	3034	+	30	ACGGGAGCATTTAAAGATGAAGTCCTGAAT	AUUCAGGACUUCAUCUUUAAAUGCUCCCGU	0
NM_002649.3:3006-3035	NM_002649.3	NM_002649.3.fasta	3006	3035	+	30	CGGGAGCATTTAAAGATGAAGTCCTGAATC	GAUUCAGGACUUCAUCUUUAAAUGCUCCCG	0
NM_002649.3:3007-3036	NM_002649.3	NM_002649.3.fasta	3007	3036	+	30	GGGAGCATTTAAAGATGAAGTCCTGAATCA	UGAUUCAGGACUUCAUCUUUAAAUGCUCCC	0
NM_002649.3:3008-3037	NM_002649.3	NM_002649.3.fasta	3008	3037	+	30	GGAGCATTTAAAGATGAAGTCCTGAATCAC	GUGAUUCAGGACUUCAUCUUUAAAUGCUCC	0
NM_002649.3:3009-3038	NM_002649.3	NM_002649.3.fasta	3009	3038	+	30	GAGCATTTAAAGATGAAGTCCTGAATCACT	AGUGAUUCAGGACUUCAUCUUUAAAUGCUC	0
NM_002649.3:3010-3039	NM_002649.3	NM_002649.3.fasta	3010	3039	+	30	AGCATTTAAAGATGAAGTCCTGAATCACTG	CAGUGAUUCAGGACUUCAUCUUUAAAUGCU	0
NM_002649.3:3011-3040	NM_002649.3	NM_002649.3.fasta	3011	3040	+	30	GCATTTAAAGATGAAGTCCTGAATCACTGG	CCAGUGAUUCAGGACUUCAUCUUUAAAUGC	0
NM_002649.3:3012-3041	NM_002649.3	NM_002649.3.fasta	3012	3041	+	30	CATTTAAAGATGAAGTCCTGAATCACTGGC	GCCAGUGAUUCAGGACUUCAUCUUUAAAUG	0
NM_002649.3:3013-3042	NM_002649.3	NM_002649.3.fasta	3013	3042	+	30	ATTTAAAGATGAAGTCCTGAATCACTGGCT	AGCCAGUGAUUCAGGACUUCAUCUUUAAAU	0
NM_002649.3:3014-3043	NM_002649.3	NM_002649.3.fasta	3014	3043	+	30	TTTAAAGATGAAGTCCTGAATCACTGGCTC	GAGCCAGUGAUUCAGGACUUCAUCUUUAAA	0
NM_002649.3:3015-3044	NM_002649.3	NM_002649.3.fasta	3015	3044	+	30	TTAAAGATGAAGTCCTGAATCACTGGCTCA	UGAGCCAGUGAUUCAGGACUUCAUCUUUAA	0
NM_002649.3:3016-3045	NM_002649.3	NM_002649.3.fasta	3016	3045	+	30	TAAAGATGAAGTCCTGAATCACTGGCTCAA	UUGAGCCAGUGAUUCAGGACUUCAUCUUUA	0
NM_002649.3:3017-3046	NM_002649.3	NM_002649.3.fasta	3017	3046	+	30	AAAGATGAAGTCCTGAATCACTGGCTCAAA	UUUGAGCCAGUGAUUCAGGACUUCAUCUUU	0
NM_002649.3:3018-3047	NM_002649.3	NM_002649.3.fasta	3018	3047	+	30	AAGATGAAGTCCTGAATCACTGGCTCAAAG	CUUUGAGCCAGUGAUUCAGGACUUCAUCUU	0
NM_002649.3:3019-3048	NM_002649.3	NM_002649.3.fasta	3019	3048	+	30	AGATGAAGTCCTGAATCACTGGCTCAAAGA	UCUUUGAGCCAGUGAUUCAGGACUUCAUCU	0
NM_002649.3:3020-3049	NM_002649.3	NM_002649.3.fasta	3020	3049	+	30	GATGAAGTCCTGAATCACTGGCTCAAAGAA	UUCUUUGAGCCAGUGAUUCAGGACUUCAUC	0
NM_002649.3:3021-3050	NM_002649.3	NM_002649.3.fasta	3021	3050	+	30	ATGAAGTCCTGAATCACTGGCTCAAAGAAA	UUUCUUUGAGCCAGUGAUUCAGGACUUCAU	0
NM_002649.3:3022-3051	NM_002649.3	NM_002649.3.fasta	3022	3051	+	30	TGAAGTCCTGAATCACTGGCTCAAAGAAAA	UUUUCUUUGAGCCAGUGAUUCAGGACUUCA	0
NM_002649.3:3023-3052	NM_002649.3	NM_002649.3.fasta	3023	3052	+	30	GAAGTCCTGAATCACTGGCTCAAAGAAAAA	UUUUUCUUUGAGCCAGUGAUUCAGGACUUC	0
NM_002649.3:3024-3053	NM_002649.3	NM_002649.3.fasta	3024	3053	+	30	AAGTCCTGAATCACTGGCTCAAAGAAAAAT	AUUUUUCUUUGAGCCAGUGAUUCAGGACUU	0
NM_002649.3:3025-3054	NM_002649.3	NM_002649.3.fasta	3025	3054	+	30	AGTCCTGAATCACTGGCTCAAAGAAAAATC	GAUUUUUCUUUGAGCCAGUGAUUCAGGACU	0
NM_002649.3:3026-3055	NM_002649.3	NM_002649.3.fasta	3026	3055	+	30	GTCCTGAATCACTGGCTCAAAGAAAAATCC	GGAUUUUUCUUUGAGCCAGUGAUUCAGGAC	0
NM_002649.3:3027-3056	NM_002649.3	NM_002649.3.fasta	3027	3056	+	30	TCCTGAATCACTGGCTCAAAGAAAAATCCC	GGGAUUUUUCUUUGAGCCAGUGAUUCAGGA	0
NM_002649.3:3028-3057	NM_002649.3	NM_002649.3.fasta	3028	3057	+	30	CCTGAATCACTGGCTCAAAGAAAAATCCCC	GGGGAUUUUUCUUUGAGCCAGUGAUUCAGG	0
NM_002649.3:3029-3058	NM_002649.3	NM_002649.3.fasta	3029	3058	+	30	CTGAATCACTGGCTCAAAGAAAAATCCCCT	AGGGGAUUUUUCUUUGAGCCAGUGAUUCAG	0
NM_002649.3:3030-3059	NM_002649.3	NM_002649.3.fasta	3030	3059	+	30	TGAATCACTGGCTCAAAGAAAAATCCCCTA	UAGGGGAUUUUUCUUUGAGCCAGUGAUUCA	0
NM_002649.3:3031-3060	NM_002649.3	NM_002649.3.fasta	3031	3060	+	30	GAATCACTGGCTCAAAGAAAAATCCCCTAC	GUAGGGGAUUUUUCUUUGAGCCAGUGAUUC	0
NM_002649.3:3032-3061	NM_002649.3	NM_002649.3.fasta	3032	3061	+	30	AATCACTGGCTCAAAGAAAAATCCCCTACT	AGUAGGGGAUUUUUCUUUGAGCCAGUGAUU	0
NM_002649.3:3033-3062	NM_002649.3	NM_002649.3.fasta	3033	3062	+	30	ATCACTGGCTCAAAGAAAAATCCCCTACTG	CAGUAGGGGAUUUUUCUUUGAGCCAGUGAU	0
NM_002649.3:3034-3063	NM_002649.3	NM_002649.3.fasta	3034	3063	+	30	TCACTGGCTCAAAGAAAAATCCCCTACTGA	UCAGUAGGGGAUUUUUCUUUGAGCCAGUGA	0
NM_002649.3:3035-3064	NM_002649.3	NM_002649.3.fasta	3035	3064	+	30	CACTGGCTCAAAGAAAAATCCCCTACTGAA	UUCAGUAGGGGAUUUUUCUUUGAGCCAGUG	0
NM_002649.3:3036-3065	NM_002649.3	NM_002649.3.fasta	3036	3065	+	30	ACTGGCTCAAAGAAAAATCCCCTACTGAAG	CUUCAGUAGGGGAUUUUUCUUUGAGCCAGU	0
NM_002649.3:3037-3066	NM_002649.3	NM_002649.3.fasta	3037	3066	+	30	CTGGCTCAAAGAAAAATCCCCTACTGAAGA	UCUUCAGUAGGGGAUUUUUCUUUGAGCCAG	0
NM_002649.3:3038-3067	NM_002649.3	NM_002649.3.fasta	3038	3067	+	30	TGGCTCAAAGAAAAATCCCCTACTGAAGAA	UUCUUCAGUAGGGGAUUUUUCUUUGAGCCA	0
NM_002649.3:3039-3068	NM_002649.3	NM_002649.3.fasta	3039	3068	+	30	GGCTCAAAGAAAAATCCCCTACTGAAGAAA	UUUCUUCAGUAGGGGAUUUUUCUUUGAGCC	0
NM_002649.3:3040-3069	NM_002649.3	NM_002649.3.fasta	3040	3069	+	30	GCTCAAAGAAAAATCCCCTACTGAAGAAAA	UUUUCUUCAGUAGGGGAUUUUUCUUUGAGC	0
NM_002649.3:3041-3070	NM_002649.3	NM_002649.3.fasta	3041	3070	+	30	CTCAAAGAAAAATCCCCTACTGAAGAAAAG	CUUUUCUUCAGUAGGGGAUUUUUCUUUGAG	0
NM_002649.3:3042-3071	NM_002649.3	NM_002649.3.fasta	3042	3071	+	30	TCAAAGAAAAATCCCCTACTGAAGAAAAGT	ACUUUUCUUCAGUAGGGGAUUUUUCUUUGA	0
NM_002649.3:3043-3072	NM_002649.3	NM_002649.3.fasta	3043	3072	+	30	CAAAGAAAAATCCCCTACTGAAGAAAAGTT	AACUUUUCUUCAGUAGGGGAUUUUUCUUUG	0
NM_002649.3:3044-3073	NM_002649.3	NM_002649.3.fasta	3044	3073	+	30	AAAGAAAAATCCCCTACTGAAGAAAAGTTT	AAACUUUUCUUCAGUAGGGGAUUUUUCUUU	0
NM_002649.3:3045-3074	NM_002649.3	NM_002649.3.fasta	3045	3074	+	30	AAGAAAAATCCCCTACTGAAGAAAAGTTTC	GAAACUUUUCUUCAGUAGGGGAUUUUUCUU	0
NM_002649.3:3046-3075	NM_002649.3	NM_002649.3.fasta	3046	3075	+	30	AGAAAAATCCCCTACTGAAGAAAAGTTTCA	UGAAACUUUUCUUCAGUAGGGGAUUUUUCU	0
NM_002649.3:3047-3076	NM_002649.3	NM_002649.3.fasta	3047	3076	+	30	GAAAAATCCCCTACTGAAGAAAAGTTTCAG	CUGAAACUUUUCUUCAGUAGGGGAUUUUUC	0
NM_002649.3:3048-3077	NM_002649.3	NM_002649.3.fasta	3048	3077	+	30	AAAAATCCCCTACTGAAGAAAAGTTTCAGG	CCUGAAACUUUUCUUCAGUAGGGGAUUUUU	0
NM_002649.3:3049-3078	NM_002649.3	NM_002649.3.fasta	3049	3078	+	30	AAAATCCCCTACTGAAGAAAAGTTTCAGGC	GCCUGAAACUUUUCUUCAGUAGGGGAUUUU	0
NM_002649.3:3050-3079	NM_002649.3	NM_002649.3.fasta	3050	3079	+	30	AAATCCCCTACTGAAGAAAAGTTTCAGGCA	UGCCUGAAACUUUUCUUCAGUAGGGGAUUU	0
NM_002649.3:3051-3080	NM_002649.3	NM_002649.3.fasta	3051	3080	+	30	AATCCCCTACTGAAGAAAAGTTTCAGGCAG	CUGCCUGAAACUUUUCUUCAGUAGGGGAUU	0
NM_002649.3:3052-3081	NM_002649.3	NM_002649.3.fasta	3052	3081	+	30	ATCCCCTACTGAAGAAAAGTTTCAGGCAGC	GCUGCCUGAAACUUUUCUUCAGUAGGGGAU	0
NM_002649.3:3053-3082	NM_002649.3	NM_002649.3.fasta	3053	3082	+	30	TCCCCTACTGAAGAAAAGTTTCAGGCAGCA	UGCUGCCUGAAACUUUUCUUCAGUAGGGGA	0
NM_002649.3:3054-3083	NM_002649.3	NM_002649.3.fasta	3054	3083	+	30	CCCCTACTGAAGAAAAGTTTCAGGCAGCAG	CUGCUGCCUGAAACUUUUCUUCAGUAGGGG	0
NM_002649.3:3055-3084	NM_002649.3	NM_002649.3.fasta	3055	3084	+	30	CCCTACTGAAGAAAAGTTTCAGGCAGCAGT	ACUGCUGCCUGAAACUUUUCUUCAGUAGGG	0
NM_002649.3:3056-3085	NM_002649.3	NM_002649.3.fasta	3056	3085	+	30	CCTACTGAAGAAAAGTTTCAGGCAGCAGTG	CACUGCUGCCUGAAACUUUUCUUCAGUAGG	0
NM_002649.3:3057-3086	NM_002649.3	NM_002649.3.fasta	3057	3086	+	30	CTACTGAAGAAAAGTTTCAGGCAGCAGTGG	CCACUGCUGCCUGAAACUUUUCUUCAGUAG	0
NM_002649.3:3058-3087	NM_002649.3	NM_002649.3.fasta	3058	3087	+	30	TACTGAAGAAAAGTTTCAGGCAGCAGTGGA	UCCACUGCUGCCUGAAACUUUUCUUCAGUA	0
NM_002649.3:3059-3088	NM_002649.3	NM_002649.3.fasta	3059	3088	+	30	ACTGAAGAAAAGTTTCAGGCAGCAGTGGAG	CUCCACUGCUGCCUGAAACUUUUCUUCAGU	0
NM_002649.3:3060-3089	NM_002649.3	NM_002649.3.fasta	3060	3089	+	30	CTGAAGAAAAGTTTCAGGCAGCAGTGGAGA	UCUCCACUGCUGCCUGAAACUUUUCUUCAG	0
NM_002649.3:3061-3090	NM_002649.3	NM_002649.3.fasta	3061	3090	+	30	TGAAGAAAAGTTTCAGGCAGCAGTGGAGAG	CUCUCCACUGCUGCCUGAAACUUUUCUUCA	0
NM_002649.3:3062-3091	NM_002649.3	NM_002649.3.fasta	3062	3091	+	30	GAAGAAAAGTTTCAGGCAGCAGTGGAGAGA	UCUCUCCACUGCUGCCUGAAACUUUUCUUC	0
NM_002649.3:3063-3092	NM_002649.3	NM_002649.3.fasta	3063	3092	+	30	AAGAAAAGTTTCAGGCAGCAGTGGAGAGAT	AUCUCUCCACUGCUGCCUGAAACUUUUCUU	0
NM_002649.3:3064-3093	NM_002649.3	NM_002649.3.fasta	3064	3093	+	30	AGAAAAGTTTCAGGCAGCAGTGGAGAGATT	AAUCUCUCCACUGCUGCCUGAAACUUUUCU	0
NM_002649.3:3065-3094	NM_002649.3	NM_002649.3.fasta	3065	3094	+	30	GAAAAGTTTCAGGCAGCAGTGGAGAGATTT	AAAUCUCUCCACUGCUGCCUGAAACUUUUC	0
NM_002649.3:3066-3095	NM_002649.3	NM_002649.3.fasta	3066	3095	+	30	AAAAGTTTCAGGCAGCAGTGGAGAGATTTG	CAAAUCUCUCCACUGCUGCCUGAAACUUUU	0
NM_002649.3:3067-3096	NM_002649.3	NM_002649.3.fasta	3067	3096	+	30	AAAGTTTCAGGCAGCAGTGGAGAGATTTGT	ACAAAUCUCUCCACUGCUGCCUGAAACUUU	0
NM_002649.3:3068-3097	NM_002649.3	NM_002649.3.fasta	3068	3097	+	30	AAGTTTCAGGCAGCAGTGGAGAGATTTGTT	AACAAAUCUCUCCACUGCUGCCUGAAACUU	0
NM_002649.3:3069-3098	NM_002649.3	NM_002649.3.fasta	3069	3098	+	30	AGTTTCAGGCAGCAGTGGAGAGATTTGTTT	AAACAAAUCUCUCCACUGCUGCCUGAAACU	0
NM_002649.3:3070-3099	NM_002649.3	NM_002649.3.fasta	3070	3099	+	30	GTTTCAGGCAGCAGTGGAGAGATTTGTTTA	UAAACAAAUCUCUCCACUGCUGCCUGAAAC	0
NM_002649.3:3071-3100	NM_002649.3	NM_002649.3.fasta	3071	3100	+	30	TTTCAGGCAGCAGTGGAGAGATTTGTTTAT	AUAAACAAAUCUCUCCACUGCUGCCUGAAA	0
NM_002649.3:3072-3101	NM_002649.3	NM_002649.3.fasta	3072	3101	+	30	TTCAGGCAGCAGTGGAGAGATTTGTTTATT	AAUAAACAAAUCUCUCCACUGCUGCCUGAA	0
NM_002649.3:3073-3102	NM_002649.3	NM_002649.3.fasta	3073	3102	+	30	TCAGGCAGCAGTGGAGAGATTTGTTTATTC	GAAUAAACAAAUCUCUCCACUGCUGCCUGA	0
NM_002649.3:3074-3103	NM_002649.3	NM_002649.3.fasta	3074	3103	+	30	CAGGCAGCAGTGGAGAGATTTGTTTATTCC	GGAAUAAACAAAUCUCUCCACUGCUGCCUG	0
NM_002649.3:3075-3104	NM_002649.3	NM_002649.3.fasta	3075	3104	+	30	AGGCAGCAGTGGAGAGATTTGTTTATTCCT	AGGAAUAAACAAAUCUCUCCACUGCUGCCU	0
NM_002649.3:3076-3105	NM_002649.3	NM_002649.3.fasta	3076	3105	+	30	GGCAGCAGTGGAGAGATTTGTTTATTCCTG	CAGGAAUAAACAAAUCUCUCCACUGCUGCC	0
NM_002649.3:3077-3106	NM_002649.3	NM_002649.3.fasta	3077	3106	+	30	GCAGCAGTGGAGAGATTTGTTTATTCCTGT	ACAGGAAUAAACAAAUCUCUCCACUGCUGC	0
NM_002649.3:3078-3107	NM_002649.3	NM_002649.3.fasta	3078	3107	+	30	CAGCAGTGGAGAGATTTGTTTATTCCTGTG	CACAGGAAUAAACAAAUCUCUCCACUGCUG	0
NM_002649.3:3079-3108	NM_002649.3	NM_002649.3.fasta	3079	3108	+	30	AGCAGTGGAGAGATTTGTTTATTCCTGTGC	GCACAGGAAUAAACAAAUCUCUCCACUGCU	0
NM_002649.3:3080-3109	NM_002649.3	NM_002649.3.fasta	3080	3109	+	30	GCAGTGGAGAGATTTGTTTATTCCTGTGCA	UGCACAGGAAUAAACAAAUCUCUCCACUGC	0
NM_002649.3:3081-3110	NM_002649.3	NM_002649.3.fasta	3081	3110	+	30	CAGTGGAGAGATTTGTTTATTCCTGTGCAG	CUGCACAGGAAUAAACAAAUCUCUCCACUG	0
NM_002649.3:3082-3111	NM_002649.3	NM_002649.3.fasta	3082	3111	+	30	AGTGGAGAGATTTGTTTATTCCTGTGCAGG	CCUGCACAGGAAUAAACAAAUCUCUCCACU	0
NM_002649.3:3083-3112	NM_002649.3	NM_002649.3.fasta	3083	3112	+	30	GTGGAGAGATTTGTTTATTCCTGTGCAGGC	GCCUGCACAGGAAUAAACAAAUCUCUCCAC	0
NM_002649.3:3084-3113	NM_002649.3	NM_002649.3.fasta	3084	3113	+	30	TGGAGAGATTTGTTTATTCCTGTGCAGGCT	AGCCUGCACAGGAAUAAACAAAUCUCUCCA	0
NM_002649.3:3085-3114	NM_002649.3	NM_002649.3.fasta	3085	3114	+	30	GGAGAGATTTGTTTATTCCTGTGCAGGCTA	UAGCCUGCACAGGAAUAAACAAAUCUCUCC	0
NM_002649.3:3086-3115	NM_002649.3	NM_002649.3.fasta	3086	3115	+	30	GAGAGATTTGTTTATTCCTGTGCAGGCTAC	GUAGCCUGCACAGGAAUAAACAAAUCUCUC	0
NM_002649.3:3087-3116	NM_002649.3	NM_002649.3.fasta	3087	3116	+	30	AGAGATTTGTTTATTCCTGTGCAGGCTACT	AGUAGCCUGCACAGGAAUAAACAAAUCUCU	0
NM_002649.3:3088-3117	NM_002649.3	NM_002649.3.fasta	3088	3117	+	30	GAGATTTGTTTATTCCTGTGCAGGCTACTG	CAGUAGCCUGCACAGGAAUAAACAAAUCUC	0
NM_002649.3:3089-3118	NM_002649.3	NM_002649.3.fasta	3089	3118	+	30	AGATTTGTTTATTCCTGTGCAGGCTACTGT	ACAGUAGCCUGCACAGGAAUAAACAAAUCU	0
NM_002649.3:3090-3119	NM_002649.3	NM_002649.3.fasta	3090	3119	+	30	GATTTGTTTATTCCTGTGCAGGCTACTGTG	CACAGUAGCCUGCACAGGAAUAAACAAAUC	0
NM_002649.3:3091-3120	NM_002649.3	NM_002649.3.fasta	3091	3120	+	30	ATTTGTTTATTCCTGTGCAGGCTACTGTGT	ACACAGUAGCCUGCACAGGAAUAAACAAAU	0
NM_002649.3:3092-3121	NM_002649.3	NM_002649.3.fasta	3092	3121	+	30	TTTGTTTATTCCTGTGCAGGCTACTGTGTG	CACACAGUAGCCUGCACAGGAAUAAACAAA	0
NM_002649.3:3093-3122	NM_002649.3	NM_002649.3.fasta	3093	3122	+	30	TTGTTTATTCCTGTGCAGGCTACTGTGTGG	CCACACAGUAGCCUGCACAGGAAUAAACAA	0
NM_002649.3:3094-3123	NM_002649.3	NM_002649.3.fasta	3094	3123	+	30	TGTTTATTCCTGTGCAGGCTACTGTGTGGC	GCCACACAGUAGCCUGCACAGGAAUAAACA	0
NM_002649.3:3095-3124	NM_002649.3	NM_002649.3.fasta	3095	3124	+	30	GTTTATTCCTGTGCAGGCTACTGTGTGGCA	UGCCACACAGUAGCCUGCACAGGAAUAAAC	0
NM_002649.3:3096-3125	NM_002649.3	NM_002649.3.fasta	3096	3125	+	30	TTTATTCCTGTGCAGGCTACTGTGTGGCAA	UUGCCACACAGUAGCCUGCACAGGAAUAAA	0
NM_002649.3:3097-3126	NM_002649.3	NM_002649.3.fasta	3097	3126	+	30	TTATTCCTGTGCAGGCTACTGTGTGGCAAC	GUUGCCACACAGUAGCCUGCACAGGAAUAA	0
NM_002649.3:3098-3127	NM_002649.3	NM_002649.3.fasta	3098	3127	+	30	TATTCCTGTGCAGGCTACTGTGTGGCAACC	GGUUGCCACACAGUAGCCUGCACAGGAAUA	0
NM_002649.3:3099-3128	NM_002649.3	NM_002649.3.fasta	3099	3128	+	30	ATTCCTGTGCAGGCTACTGTGTGGCAACCT	AGGUUGCCACACAGUAGCCUGCACAGGAAU	0
NM_002649.3:3100-3129	NM_002649.3	NM_002649.3.fasta	3100	3129	+	30	TTCCTGTGCAGGCTACTGTGTGGCAACCTT	AAGGUUGCCACACAGUAGCCUGCACAGGAA	0
NM_002649.3:3101-3130	NM_002649.3	NM_002649.3.fasta	3101	3130	+	30	TCCTGTGCAGGCTACTGTGTGGCAACCTTT	AAAGGUUGCCACACAGUAGCCUGCACAGGA	0
NM_002649.3:3102-3131	NM_002649.3	NM_002649.3.fasta	3102	3131	+	30	CCTGTGCAGGCTACTGTGTGGCAACCTTTG	CAAAGGUUGCCACACAGUAGCCUGCACAGG	0
NM_002649.3:3103-3132	NM_002649.3	NM_002649.3.fasta	3103	3132	+	30	CTGTGCAGGCTACTGTGTGGCAACCTTTGT	ACAAAGGUUGCCACACAGUAGCCUGCACAG	0
NM_002649.3:3104-3133	NM_002649.3	NM_002649.3.fasta	3104	3133	+	30	TGTGCAGGCTACTGTGTGGCAACCTTTGTT	AACAAAGGUUGCCACACAGUAGCCUGCACA	0
NM_002649.3:3105-3134	NM_002649.3	NM_002649.3.fasta	3105	3134	+	30	GTGCAGGCTACTGTGTGGCAACCTTTGTTC	GAACAAAGGUUGCCACACAGUAGCCUGCAC	0
NM_002649.3:3106-3135	NM_002649.3	NM_002649.3.fasta	3106	3135	+	30	TGCAGGCTACTGTGTGGCAACCTTTGTTCT	AGAACAAAGGUUGCCACACAGUAGCCUGCA	0
NM_002649.3:3107-3136	NM_002649.3	NM_002649.3.fasta	3107	3136	+	30	GCAGGCTACTGTGTGGCAACCTTTGTTCTT	AAGAACAAAGGUUGCCACACAGUAGCCUGC	0
NM_002649.3:3108-3137	NM_002649.3	NM_002649.3.fasta	3108	3137	+	30	CAGGCTACTGTGTGGCAACCTTTGTTCTTG	CAAGAACAAAGGUUGCCACACAGUAGCCUG	0
NM_002649.3:3109-3138	NM_002649.3	NM_002649.3.fasta	3109	3138	+	30	AGGCTACTGTGTGGCAACCTTTGTTCTTGG	CCAAGAACAAAGGUUGCCACACAGUAGCCU	0
NM_002649.3:3110-3139	NM_002649.3	NM_002649.3.fasta	3110	3139	+	30	GGCTACTGTGTGGCAACCTTTGTTCTTGGA	UCCAAGAACAAAGGUUGCCACACAGUAGCC	0
NM_002649.3:3111-3140	NM_002649.3	NM_002649.3.fasta	3111	3140	+	30	GCTACTGTGTGGCAACCTTTGTTCTTGGAA	UUCCAAGAACAAAGGUUGCCACACAGUAGC	0
NM_002649.3:3112-3141	NM_002649.3	NM_002649.3.fasta	3112	3141	+	30	CTACTGTGTGGCAACCTTTGTTCTTGGAAT	AUUCCAAGAACAAAGGUUGCCACACAGUAG	0
NM_002649.3:3113-3142	NM_002649.3	NM_002649.3.fasta	3113	3142	+	30	TACTGTGTGGCAACCTTTGTTCTTGGAATA	UAUUCCAAGAACAAAGGUUGCCACACAGUA	0
NM_002649.3:3114-3143	NM_002649.3	NM_002649.3.fasta	3114	3143	+	30	ACTGTGTGGCAACCTTTGTTCTTGGAATAG	CUAUUCCAAGAACAAAGGUUGCCACACAGU	0
NM_002649.3:3115-3144	NM_002649.3	NM_002649.3.fasta	3115	3144	+	30	CTGTGTGGCAACCTTTGTTCTTGGAATAGG	CCUAUUCCAAGAACAAAGGUUGCCACACAG	0
NM_002649.3:3116-3145	NM_002649.3	NM_002649.3.fasta	3116	3145	+	30	TGTGTGGCAACCTTTGTTCTTGGAATAGGC	GCCUAUUCCAAGAACAAAGGUUGCCACACA	0
NM_002649.3:3117-3146	NM_002649.3	NM_002649.3.fasta	3117	3146	+	30	GTGTGGCAACCTTTGTTCTTGGAATAGGCG	CGCCUAUUCCAAGAACAAAGGUUGCCACAC	0
NM_002649.3:3118-3147	NM_002649.3	NM_002649.3.fasta	3118	3147	+	30	TGTGGCAACCTTTGTTCTTGGAATAGGCGA	UCGCCUAUUCCAAGAACAAAGGUUGCCACA	0
NM_002649.3:3119-3148	NM_002649.3	NM_002649.3.fasta	3119	3148	+	30	GTGGCAACCTTTGTTCTTGGAATAGGCGAC	GUCGCCUAUUCCAAGAACAAAGGUUGCCAC	0
NM_002649.3:3120-3149	NM_002649.3	NM_002649.3.fasta	3120	3149	+	30	TGGCAACCTTTGTTCTTGGAATAGGCGACA	UGUCGCCUAUUCCAAGAACAAAGGUUGCCA	0
NM_002649.3:3121-3150	NM_002649.3	NM_002649.3.fasta	3121	3150	+	30	GGCAACCTTTGTTCTTGGAATAGGCGACAG	CUGUCGCCUAUUCCAAGAACAAAGGUUGCC	0
NM_002649.3:3122-3151	NM_002649.3	NM_002649.3.fasta	3122	3151	+	30	GCAACCTTTGTTCTTGGAATAGGCGACAGA	UCUGUCGCCUAUUCCAAGAACAAAGGUUGC	0
NM_002649.3:3123-3152	NM_002649.3	NM_002649.3.fasta	3123	3152	+	30	CAACCTTTGTTCTTGGAATAGGCGACAGAC	GUCUGUCGCCUAUUCCAAGAACAAAGGUUG	0
NM_002649.3:3124-3153	NM_002649.3	NM_002649.3.fasta	3124	3153	+	30	AACCTTTGTTCTTGGAATAGGCGACAGACA	UGUCUGUCGCCUAUUCCAAGAACAAAGGUU	0
NM_002649.3:3125-3154	NM_002649.3	NM_002649.3.fasta	3125	3154	+	30	ACCTTTGTTCTTGGAATAGGCGACAGACAC	GUGUCUGUCGCCUAUUCCAAGAACAAAGGU	0
NM_002649.3:3126-3155	NM_002649.3	NM_002649.3.fasta	3126	3155	+	30	CCTTTGTTCTTGGAATAGGCGACAGACACA	UGUGUCUGUCGCCUAUUCCAAGAACAAAGG	0
NM_002649.3:3127-3156	NM_002649.3	NM_002649.3.fasta	3127	3156	+	30	CTTTGTTCTTGGAATAGGCGACAGACACAA	UUGUGUCUGUCGCCUAUUCCAAGAACAAAG	0
NM_002649.3:3128-3157	NM_002649.3	NM_002649.3.fasta	3128	3157	+	30	TTTGTTCTTGGAATAGGCGACAGACACAAT	AUUGUGUCUGUCGCCUAUUCCAAGAACAAA	0
NM_002649.3:3129-3158	NM_002649.3	NM_002649.3.fasta	3129	3158	+	30	TTGTTCTTGGAATAGGCGACAGACACAATG	CAUUGUGUCUGUCGCCUAUUCCAAGAACAA	0
NM_002649.3:3130-3159	NM_002649.3	NM_002649.3.fasta	3130	3159	+	30	TGTTCTTGGAATAGGCGACAGACACAATGA	UCAUUGUGUCUGUCGCCUAUUCCAAGAACA	0
NM_002649.3:3131-3160	NM_002649.3	NM_002649.3.fasta	3131	3160	+	30	GTTCTTGGAATAGGCGACAGACACAATGAC	GUCAUUGUGUCUGUCGCCUAUUCCAAGAAC	0
NM_002649.3:3132-3161	NM_002649.3	NM_002649.3.fasta	3132	3161	+	30	TTCTTGGAATAGGCGACAGACACAATGACA	UGUCAUUGUGUCUGUCGCCUAUUCCAAGAA	0
NM_002649.3:3133-3162	NM_002649.3	NM_002649.3.fasta	3133	3162	+	30	TCTTGGAATAGGCGACAGACACAATGACAA	UUGUCAUUGUGUCUGUCGCCUAUUCCAAGA	0
NM_002649.3:3134-3163	NM_002649.3	NM_002649.3.fasta	3134	3163	+	30	CTTGGAATAGGCGACAGACACAATGACAAT	AUUGUCAUUGUGUCUGUCGCCUAUUCCAAG	0
NM_002649.3:3135-3164	NM_002649.3	NM_002649.3.fasta	3135	3164	+	30	TTGGAATAGGCGACAGACACAATGACAATA	UAUUGUCAUUGUGUCUGUCGCCUAUUCCAA	0
NM_002649.3:3136-3165	NM_002649.3	NM_002649.3.fasta	3136	3165	+	30	TGGAATAGGCGACAGACACAATGACAATAT	AUAUUGUCAUUGUGUCUGUCGCCUAUUCCA	0
NM_002649.3:3137-3166	NM_002649.3	NM_002649.3.fasta	3137	3166	+	30	GGAATAGGCGACAGACACAATGACAATATT	AAUAUUGUCAUUGUGUCUGUCGCCUAUUCC	0
NM_002649.3:3138-3167	NM_002649.3	NM_002649.3.fasta	3138	3167	+	30	GAATAGGCGACAGACACAATGACAATATTA	UAAUAUUGUCAUUGUGUCUGUCGCCUAUUC	0
NM_002649.3:3139-3168	NM_002649.3	NM_002649.3.fasta	3139	3168	+	30	AATAGGCGACAGACACAATGACAATATTAT	AUAAUAUUGUCAUUGUGUCUGUCGCCUAUU	0
NM_002649.3:3140-3169	NM_002649.3	NM_002649.3.fasta	3140	3169	+	30	ATAGGCGACAGACACAATGACAATATTATG	CAUAAUAUUGUCAUUGUGUCUGUCGCCUAU	0
NM_002649.3:3141-3170	NM_002649.3	NM_002649.3.fasta	3141	3170	+	30	TAGGCGACAGACACAATGACAATATTATGA	UCAUAAUAUUGUCAUUGUGUCUGUCGCCUA	0
NM_002649.3:3142-3171	NM_002649.3	NM_002649.3.fasta	3142	3171	+	30	AGGCGACAGACACAATGACAATATTATGAT	AUCAUAAUAUUGUCAUUGUGUCUGUCGCCU	0
NM_002649.3:3143-3172	NM_002649.3	NM_002649.3.fasta	3143	3172	+	30	GGCGACAGACACAATGACAATATTATGATC	GAUCAUAAUAUUGUCAUUGUGUCUGUCGCC	0
NM_002649.3:3144-3173	NM_002649.3	NM_002649.3.fasta	3144	3173	+	30	GCGACAGACACAATGACAATATTATGATCA	UGAUCAUAAUAUUGUCAUUGUGUCUGUCGC	0
NM_002649.3:3145-3174	NM_002649.3	NM_002649.3.fasta	3145	3174	+	30	CGACAGACACAATGACAATATTATGATCAC	GUGAUCAUAAUAUUGUCAUUGUGUCUGUCG	0
NM_002649.3:3146-3175	NM_002649.3	NM_002649.3.fasta	3146	3175	+	30	GACAGACACAATGACAATATTATGATCACC	GGUGAUCAUAAUAUUGUCAUUGUGUCUGUC	0
NM_002649.3:3147-3176	NM_002649.3	NM_002649.3.fasta	3147	3176	+	30	ACAGACACAATGACAATATTATGATCACCG	CGGUGAUCAUAAUAUUGUCAUUGUGUCUGU	0
NM_002649.3:3148-3177	NM_002649.3	NM_002649.3.fasta	3148	3177	+	30	CAGACACAATGACAATATTATGATCACCGA	UCGGUGAUCAUAAUAUUGUCAUUGUGUCUG	0
NM_002649.3:3149-3178	NM_002649.3	NM_002649.3.fasta	3149	3178	+	30	AGACACAATGACAATATTATGATCACCGAG	CUCGGUGAUCAUAAUAUUGUCAUUGUGUCU	0
NM_002649.3:3150-3179	NM_002649.3	NM_002649.3.fasta	3150	3179	+	30	GACACAATGACAATATTATGATCACCGAGA	UCUCGGUGAUCAUAAUAUUGUCAUUGUGUC	0
NM_002649.3:3151-3180	NM_002649.3	NM_002649.3.fasta	3151	3180	+	30	ACACAATGACAATATTATGATCACCGAGAC	GUCUCGGUGAUCAUAAUAUUGUCAUUGUGU	0
NM_002649.3:3152-3181	NM_002649.3	NM_002649.3.fasta	3152	3181	+	30	CACAATGACAATATTATGATCACCGAGACA	UGUCUCGGUGAUCAUAAUAUUGUCAUUGUG	0
NM_002649.3:3153-3182	NM_002649.3	NM_002649.3.fasta	3153	3182	+	30	ACAATGACAATATTATGATCACCGAGACAG	CUGUCUCGGUGAUCAUAAUAUUGUCAUUGU	0
NM_002649.3:3154-3183	NM_002649.3	NM_002649.3.fasta	3154	3183	+	30	CAATGACAATATTATGATCACCGAGACAGG	CCUGUCUCGGUGAUCAUAAUAUUGUCAUUG	0
NM_002649.3:3155-3184	NM_002649.3	NM_002649.3.fasta	3155	3184	+	30	AATGACAATATTATGATCACCGAGACAGGA	UCCUGUCUCGGUGAUCAUAAUAUUGUCAUU	0
NM_002649.3:3156-3185	NM_002649.3	NM_002649.3.fasta	3156	3185	+	30	ATGACAATATTATGATCACCGAGACAGGAA	UUCCUGUCUCGGUGAUCAUAAUAUUGUCAU	0
NM_002649.3:3157-3186	NM_002649.3	NM_002649.3.fasta	3157	3186	+	30	TGACAATATTATGATCACCGAGACAGGAAA	UUUCCUGUCUCGGUGAUCAUAAUAUUGUCA	0
NM_002649.3:3158-3187	NM_002649.3	NM_002649.3.fasta	3158	3187	+	30	GACAATATTATGATCACCGAGACAGGAAAC	GUUUCCUGUCUCGGUGAUCAUAAUAUUGUC	0
NM_002649.3:3159-3188	NM_002649.3	NM_002649.3.fasta	3159	3188	+	30	ACAATATTATGATCACCGAGACAGGAAACC	GGUUUCCUGUCUCGGUGAUCAUAAUAUUGU	0
NM_002649.3:3160-3189	NM_002649.3	NM_002649.3.fasta	3160	3189	+	30	CAATATTATGATCACCGAGACAGGAAACCT	AGGUUUCCUGUCUCGGUGAUCAUAAUAUUG	0
NM_002649.3:3161-3190	NM_002649.3	NM_002649.3.fasta	3161	3190	+	30	AATATTATGATCACCGAGACAGGAAACCTA	UAGGUUUCCUGUCUCGGUGAUCAUAAUAUU	0
NM_002649.3:3162-3191	NM_002649.3	NM_002649.3.fasta	3162	3191	+	30	ATATTATGATCACCGAGACAGGAAACCTAT	AUAGGUUUCCUGUCUCGGUGAUCAUAAUAU	0
NM_002649.3:3163-3192	NM_002649.3	NM_002649.3.fasta	3163	3192	+	30	TATTATGATCACCGAGACAGGAAACCTATT	AAUAGGUUUCCUGUCUCGGUGAUCAUAAUA	0
NM_002649.3:3164-3193	NM_002649.3	NM_002649.3.fasta	3164	3193	+	30	ATTATGATCACCGAGACAGGAAACCTATTT	AAAUAGGUUUCCUGUCUCGGUGAUCAUAAU	0
NM_002649.3:3165-3194	NM_002649.3	NM_002649.3.fasta	3165	3194	+	30	TTATGATCACCGAGACAGGAAACCTATTTC	GAAAUAGGUUUCCUGUCUCGGUGAUCAUAA	0
NM_002649.3:3166-3195	NM_002649.3	NM_002649.3.fasta	3166	3195	+	30	TATGATCACCGAGACAGGAAACCTATTTCA	UGAAAUAGGUUUCCUGUCUCGGUGAUCAUA	0
NM_002649.3:3167-3196	NM_002649.3	NM_002649.3.fasta	3167	3196	+	30	ATGATCACCGAGACAGGAAACCTATTTCAT	AUGAAAUAGGUUUCCUGUCUCGGUGAUCAU	0
NM_002649.3:3168-3197	NM_002649.3	NM_002649.3.fasta	3168	3197	+	30	TGATCACCGAGACAGGAAACCTATTTCATA	UAUGAAAUAGGUUUCCUGUCUCGGUGAUCA	0
NM_002649.3:3169-3198	NM_002649.3	NM_002649.3.fasta	3169	3198	+	30	GATCACCGAGACAGGAAACCTATTTCATAT	AUAUGAAAUAGGUUUCCUGUCUCGGUGAUC	0
NM_002649.3:3170-3199	NM_002649.3	NM_002649.3.fasta	3170	3199	+	30	ATCACCGAGACAGGAAACCTATTTCATATT	AAUAUGAAAUAGGUUUCCUGUCUCGGUGAU	0
NM_002649.3:3171-3200	NM_002649.3	NM_002649.3.fasta	3171	3200	+	30	TCACCGAGACAGGAAACCTATTTCATATTG	CAAUAUGAAAUAGGUUUCCUGUCUCGGUGA	0
NM_002649.3:3172-3201	NM_002649.3	NM_002649.3.fasta	3172	3201	+	30	CACCGAGACAGGAAACCTATTTCATATTGA	UCAAUAUGAAAUAGGUUUCCUGUCUCGGUG	0
NM_002649.3:3173-3202	NM_002649.3	NM_002649.3.fasta	3173	3202	+	30	ACCGAGACAGGAAACCTATTTCATATTGAC	GUCAAUAUGAAAUAGGUUUCCUGUCUCGGU	0
NM_002649.3:3174-3203	NM_002649.3	NM_002649.3.fasta	3174	3203	+	30	CCGAGACAGGAAACCTATTTCATATTGACT	AGUCAAUAUGAAAUAGGUUUCCUGUCUCGG	0
NM_002649.3:3175-3204	NM_002649.3	NM_002649.3.fasta	3175	3204	+	30	CGAGACAGGAAACCTATTTCATATTGACTT	AAGUCAAUAUGAAAUAGGUUUCCUGUCUCG	0
NM_002649.3:3176-3205	NM_002649.3	NM_002649.3.fasta	3176	3205	+	30	GAGACAGGAAACCTATTTCATATTGACTTC	GAAGUCAAUAUGAAAUAGGUUUCCUGUCUC	0
NM_002649.3:3177-3206	NM_002649.3	NM_002649.3.fasta	3177	3206	+	30	AGACAGGAAACCTATTTCATATTGACTTCG	CGAAGUCAAUAUGAAAUAGGUUUCCUGUCU	0
NM_002649.3:3178-3207	NM_002649.3	NM_002649.3.fasta	3178	3207	+	30	GACAGGAAACCTATTTCATATTGACTTCGG	CCGAAGUCAAUAUGAAAUAGGUUUCCUGUC	0
NM_002649.3:3179-3208	NM_002649.3	NM_002649.3.fasta	3179	3208	+	30	ACAGGAAACCTATTTCATATTGACTTCGGG	CCCGAAGUCAAUAUGAAAUAGGUUUCCUGU	0
NM_002649.3:3180-3209	NM_002649.3	NM_002649.3.fasta	3180	3209	+	30	CAGGAAACCTATTTCATATTGACTTCGGGC	GCCCGAAGUCAAUAUGAAAUAGGUUUCCUG	0
NM_002649.3:3181-3210	NM_002649.3	NM_002649.3.fasta	3181	3210	+	30	AGGAAACCTATTTCATATTGACTTCGGGCA	UGCCCGAAGUCAAUAUGAAAUAGGUUUCCU	0
NM_002649.3:3182-3211	NM_002649.3	NM_002649.3.fasta	3182	3211	+	30	GGAAACCTATTTCATATTGACTTCGGGCAC	GUGCCCGAAGUCAAUAUGAAAUAGGUUUCC	0
NM_002649.3:3183-3212	NM_002649.3	NM_002649.3.fasta	3183	3212	+	30	GAAACCTATTTCATATTGACTTCGGGCACA	UGUGCCCGAAGUCAAUAUGAAAUAGGUUUC	0
NM_002649.3:3184-3213	NM_002649.3	NM_002649.3.fasta	3184	3213	+	30	AAACCTATTTCATATTGACTTCGGGCACAT	AUGUGCCCGAAGUCAAUAUGAAAUAGGUUU	0
NM_002649.3:3185-3214	NM_002649.3	NM_002649.3.fasta	3185	3214	+	30	AACCTATTTCATATTGACTTCGGGCACATT	AAUGUGCCCGAAGUCAAUAUGAAAUAGGUU	0
NM_002649.3:3186-3215	NM_002649.3	NM_002649.3.fasta	3186	3215	+	30	ACCTATTTCATATTGACTTCGGGCACATTC	GAAUGUGCCCGAAGUCAAUAUGAAAUAGGU	0
NM_002649.3:3187-3216	NM_002649.3	NM_002649.3.fasta	3187	3216	+	30	CCTATTTCATATTGACTTCGGGCACATTCT	AGAAUGUGCCCGAAGUCAAUAUGAAAUAGG	0
NM_002649.3:3188-3217	NM_002649.3	NM_002649.3.fasta	3188	3217	+	30	CTATTTCATATTGACTTCGGGCACATTCTT	AAGAAUGUGCCCGAAGUCAAUAUGAAAUAG	0
NM_002649.3:3189-3218	NM_002649.3	NM_002649.3.fasta	3189	3218	+	30	TATTTCATATTGACTTCGGGCACATTCTTG	CAAGAAUGUGCCCGAAGUCAAUAUGAAAUA	0
NM_002649.3:3190-3219	NM_002649.3	NM_002649.3.fasta	3190	3219	+	30	ATTTCATATTGACTTCGGGCACATTCTTGG	CCAAGAAUGUGCCCGAAGUCAAUAUGAAAU	0
NM_002649.3:3191-3220	NM_002649.3	NM_002649.3.fasta	3191	3220	+	30	TTTCATATTGACTTCGGGCACATTCTTGGG	CCCAAGAAUGUGCCCGAAGUCAAUAUGAAA	0
NM_002649.3:3192-3221	NM_002649.3	NM_002649.3.fasta	3192	3221	+	30	TTCATATTGACTTCGGGCACATTCTTGGGA	UCCCAAGAAUGUGCCCGAAGUCAAUAUGAA	0
NM_002649.3:3193-3222	NM_002649.3	NM_002649.3.fasta	3193	3222	+	30	TCATATTGACTTCGGGCACATTCTTGGGAA	UUCCCAAGAAUGUGCCCGAAGUCAAUAUGA	0
NM_002649.3:3194-3223	NM_002649.3	NM_002649.3.fasta	3194	3223	+	30	CATATTGACTTCGGGCACATTCTTGGGAAT	AUUCCCAAGAAUGUGCCCGAAGUCAAUAUG	0
NM_002649.3:3195-3224	NM_002649.3	NM_002649.3.fasta	3195	3224	+	30	ATATTGACTTCGGGCACATTCTTGGGAATT	AAUUCCCAAGAAUGUGCCCGAAGUCAAUAU	0
NM_002649.3:3196-3225	NM_002649.3	NM_002649.3.fasta	3196	3225	+	30	TATTGACTTCGGGCACATTCTTGGGAATTA	UAAUUCCCAAGAAUGUGCCCGAAGUCAAUA	0
NM_002649.3:3197-3226	NM_002649.3	NM_002649.3.fasta	3197	3226	+	30	ATTGACTTCGGGCACATTCTTGGGAATTAC	GUAAUUCCCAAGAAUGUGCCCGAAGUCAAU	0
NM_002649.3:3198-3227	NM_002649.3	NM_002649.3.fasta	3198	3227	+	30	TTGACTTCGGGCACATTCTTGGGAATTACA	UGUAAUUCCCAAGAAUGUGCCCGAAGUCAA	0
NM_002649.3:3199-3228	NM_002649.3	NM_002649.3.fasta	3199	3228	+	30	TGACTTCGGGCACATTCTTGGGAATTACAA	UUGUAAUUCCCAAGAAUGUGCCCGAAGUCA	0
NM_002649.3:3200-3229	NM_002649.3	NM_002649.3.fasta	3200	3229	+	30	GACTTCGGGCACATTCTTGGGAATTACAAA	UUUGUAAUUCCCAAGAAUGUGCCCGAAGUC	0
NM_002649.3:3201-3230	NM_002649.3	NM_002649.3.fasta	3201	3230	+	30	ACTTCGGGCACATTCTTGGGAATTACAAAA	UUUUGUAAUUCCCAAGAAUGUGCCCGAAGU	0
NM_002649.3:3202-3231	NM_002649.3	NM_002649.3.fasta	3202	3231	+	30	CTTCGGGCACATTCTTGGGAATTACAAAAG	CUUUUGUAAUUCCCAAGAAUGUGCCCGAAG	0
NM_002649.3:3203-3232	NM_002649.3	NM_002649.3.fasta	3203	3232	+	30	TTCGGGCACATTCTTGGGAATTACAAAAGT	ACUUUUGUAAUUCCCAAGAAUGUGCCCGAA	0
NM_002649.3:3204-3233	NM_002649.3	NM_002649.3.fasta	3204	3233	+	30	TCGGGCACATTCTTGGGAATTACAAAAGTT	AACUUUUGUAAUUCCCAAGAAUGUGCCCGA	0
NM_002649.3:3205-3234	NM_002649.3	NM_002649.3.fasta	3205	3234	+	30	CGGGCACATTCTTGGGAATTACAAAAGTTT	AAACUUUUGUAAUUCCCAAGAAUGUGCCCG	0
NM_002649.3:3206-3235	NM_002649.3	NM_002649.3.fasta	3206	3235	+	30	GGGCACATTCTTGGGAATTACAAAAGTTTC	GAAACUUUUGUAAUUCCCAAGAAUGUGCCC	0
NM_002649.3:3207-3236	NM_002649.3	NM_002649.3.fasta	3207	3236	+	30	GGCACATTCTTGGGAATTACAAAAGTTTCC	GGAAACUUUUGUAAUUCCCAAGAAUGUGCC	0
NM_002649.3:3208-3237	NM_002649.3	NM_002649.3.fasta	3208	3237	+	30	GCACATTCTTGGGAATTACAAAAGTTTCCT	AGGAAACUUUUGUAAUUCCCAAGAAUGUGC	0
NM_002649.3:3209-3238	NM_002649.3	NM_002649.3.fasta	3209	3238	+	30	CACATTCTTGGGAATTACAAAAGTTTCCTG	CAGGAAACUUUUGUAAUUCCCAAGAAUGUG	0
NM_002649.3:3210-3239	NM_002649.3	NM_002649.3.fasta	3210	3239	+	30	ACATTCTTGGGAATTACAAAAGTTTCCTGG	CCAGGAAACUUUUGUAAUUCCCAAGAAUGU	0
NM_002649.3:3211-3240	NM_002649.3	NM_002649.3.fasta	3211	3240	+	30	CATTCTTGGGAATTACAAAAGTTTCCTGGG	CCCAGGAAACUUUUGUAAUUCCCAAGAAUG	0
NM_002649.3:3212-3241	NM_002649.3	NM_002649.3.fasta	3212	3241	+	30	ATTCTTGGGAATTACAAAAGTTTCCTGGGC	GCCCAGGAAACUUUUGUAAUUCCCAAGAAU	0
NM_002649.3:3213-3242	NM_002649.3	NM_002649.3.fasta	3213	3242	+	30	TTCTTGGGAATTACAAAAGTTTCCTGGGCA	UGCCCAGGAAACUUUUGUAAUUCCCAAGAA	0
NM_002649.3:3214-3243	NM_002649.3	NM_002649.3.fasta	3214	3243	+	30	TCTTGGGAATTACAAAAGTTTCCTGGGCAT	AUGCCCAGGAAACUUUUGUAAUUCCCAAGA	0
NM_002649.3:3215-3244	NM_002649.3	NM_002649.3.fasta	3215	3244	+	30	CTTGGGAATTACAAAAGTTTCCTGGGCATT	AAUGCCCAGGAAACUUUUGUAAUUCCCAAG	0
NM_002649.3:3216-3245	NM_002649.3	NM_002649.3.fasta	3216	3245	+	30	TTGGGAATTACAAAAGTTTCCTGGGCATTA	UAAUGCCCAGGAAACUUUUGUAAUUCCCAA	0
NM_002649.3:3217-3246	NM_002649.3	NM_002649.3.fasta	3217	3246	+	30	TGGGAATTACAAAAGTTTCCTGGGCATTAA	UUAAUGCCCAGGAAACUUUUGUAAUUCCCA	0
NM_002649.3:3218-3247	NM_002649.3	NM_002649.3.fasta	3218	3247	+	30	GGGAATTACAAAAGTTTCCTGGGCATTAAT	AUUAAUGCCCAGGAAACUUUUGUAAUUCCC	0
NM_002649.3:3219-3248	NM_002649.3	NM_002649.3.fasta	3219	3248	+	30	GGAATTACAAAAGTTTCCTGGGCATTAATA	UAUUAAUGCCCAGGAAACUUUUGUAAUUCC	0
NM_002649.3:3220-3249	NM_002649.3	NM_002649.3.fasta	3220	3249	+	30	GAATTACAAAAGTTTCCTGGGCATTAATAA	UUAUUAAUGCCCAGGAAACUUUUGUAAUUC	0
NM_002649.3:3221-3250	NM_002649.3	NM_002649.3.fasta	3221	3250	+	30	AATTACAAAAGTTTCCTGGGCATTAATAAA	UUUAUUAAUGCCCAGGAAACUUUUGUAAUU	0
NM_002649.3:3222-3251	NM_002649.3	NM_002649.3.fasta	3222	3251	+	30	ATTACAAAAGTTTCCTGGGCATTAATAAAG	CUUUAUUAAUGCCCAGGAAACUUUUGUAAU	0
NM_002649.3:3223-3252	NM_002649.3	NM_002649.3.fasta	3223	3252	+	30	TTACAAAAGTTTCCTGGGCATTAATAAAGA	UCUUUAUUAAUGCCCAGGAAACUUUUGUAA	0
NM_002649.3:3224-3253	NM_002649.3	NM_002649.3.fasta	3224	3253	+	30	TACAAAAGTTTCCTGGGCATTAATAAAGAG	CUCUUUAUUAAUGCCCAGGAAACUUUUGUA	0
NM_002649.3:3225-3254	NM_002649.3	NM_002649.3.fasta	3225	3254	+	30	ACAAAAGTTTCCTGGGCATTAATAAAGAGA	UCUCUUUAUUAAUGCCCAGGAAACUUUUGU	0
NM_002649.3:3226-3255	NM_002649.3	NM_002649.3.fasta	3226	3255	+	30	CAAAAGTTTCCTGGGCATTAATAAAGAGAG	CUCUCUUUAUUAAUGCCCAGGAAACUUUUG	0
NM_002649.3:3227-3256	NM_002649.3	NM_002649.3.fasta	3227	3256	+	30	AAAAGTTTCCTGGGCATTAATAAAGAGAGA	UCUCUCUUUAUUAAUGCCCAGGAAACUUUU	0
NM_002649.3:3228-3257	NM_002649.3	NM_002649.3.fasta	3228	3257	+	30	AAAGTTTCCTGGGCATTAATAAAGAGAGAG	CUCUCUCUUUAUUAAUGCCCAGGAAACUUU	0
NM_002649.3:3229-3258	NM_002649.3	NM_002649.3.fasta	3229	3258	+	30	AAGTTTCCTGGGCATTAATAAAGAGAGAGT	ACUCUCUCUUUAUUAAUGCCCAGGAAACUU	0
NM_002649.3:3230-3259	NM_002649.3	NM_002649.3.fasta	3230	3259	+	30	AGTTTCCTGGGCATTAATAAAGAGAGAGTG	CACUCUCUCUUUAUUAAUGCCCAGGAAACU	0
NM_002649.3:3231-3260	NM_002649.3	NM_002649.3.fasta	3231	3260	+	30	GTTTCCTGGGCATTAATAAAGAGAGAGTGC	GCACUCUCUCUUUAUUAAUGCCCAGGAAAC	0
NM_002649.3:3232-3261	NM_002649.3	NM_002649.3.fasta	3232	3261	+	30	TTTCCTGGGCATTAATAAAGAGAGAGTGCC	GGCACUCUCUCUUUAUUAAUGCCCAGGAAA	0
NM_002649.3:3233-3262	NM_002649.3	NM_002649.3.fasta	3233	3262	+	30	TTCCTGGGCATTAATAAAGAGAGAGTGCCA	UGGCACUCUCUCUUUAUUAAUGCCCAGGAA	0
NM_002649.3:3234-3263	NM_002649.3	NM_002649.3.fasta	3234	3263	+	30	TCCTGGGCATTAATAAAGAGAGAGTGCCAT	AUGGCACUCUCUCUUUAUUAAUGCCCAGGA	0
NM_002649.3:3235-3264	NM_002649.3	NM_002649.3.fasta	3235	3264	+	30	CCTGGGCATTAATAAAGAGAGAGTGCCATT	AAUGGCACUCUCUCUUUAUUAAUGCCCAGG	0
NM_002649.3:3236-3265	NM_002649.3	NM_002649.3.fasta	3236	3265	+	30	CTGGGCATTAATAAAGAGAGAGTGCCATTT	AAAUGGCACUCUCUCUUUAUUAAUGCCCAG	0
NM_002649.3:3237-3266	NM_002649.3	NM_002649.3.fasta	3237	3266	+	30	TGGGCATTAATAAAGAGAGAGTGCCATTTG	CAAAUGGCACUCUCUCUUUAUUAAUGCCCA	0
NM_002649.3:3238-3267	NM_002649.3	NM_002649.3.fasta	3238	3267	+	30	GGGCATTAATAAAGAGAGAGTGCCATTTGT	ACAAAUGGCACUCUCUCUUUAUUAAUGCCC	0
NM_002649.3:3239-3268	NM_002649.3	NM_002649.3.fasta	3239	3268	+	30	GGCATTAATAAAGAGAGAGTGCCATTTGTG	CACAAAUGGCACUCUCUCUUUAUUAAUGCC	0
NM_002649.3:3240-3269	NM_002649.3	NM_002649.3.fasta	3240	3269	+	30	GCATTAATAAAGAGAGAGTGCCATTTGTGC	GCACAAAUGGCACUCUCUCUUUAUUAAUGC	0
NM_002649.3:3241-3270	NM_002649.3	NM_002649.3.fasta	3241	3270	+	30	CATTAATAAAGAGAGAGTGCCATTTGTGCT	AGCACAAAUGGCACUCUCUCUUUAUUAAUG	0
NM_002649.3:3242-3271	NM_002649.3	NM_002649.3.fasta	3242	3271	+	30	ATTAATAAAGAGAGAGTGCCATTTGTGCTA	UAGCACAAAUGGCACUCUCUCUUUAUUAAU	0
NM_002649.3:3243-3272	NM_002649.3	NM_002649.3.fasta	3243	3272	+	30	TTAATAAAGAGAGAGTGCCATTTGTGCTAA	UUAGCACAAAUGGCACUCUCUCUUUAUUAA	0
NM_002649.3:3244-3273	NM_002649.3	NM_002649.3.fasta	3244	3273	+	30	TAATAAAGAGAGAGTGCCATTTGTGCTAAC	GUUAGCACAAAUGGCACUCUCUCUUUAUUA	0
NM_002649.3:3245-3274	NM_002649.3	NM_002649.3.fasta	3245	3274	+	30	AATAAAGAGAGAGTGCCATTTGTGCTAACC	GGUUAGCACAAAUGGCACUCUCUCUUUAUU	0
NM_002649.3:3246-3275	NM_002649.3	NM_002649.3.fasta	3246	3275	+	30	ATAAAGAGAGAGTGCCATTTGTGCTAACCC	GGGUUAGCACAAAUGGCACUCUCUCUUUAU	0
NM_002649.3:3247-3276	NM_002649.3	NM_002649.3.fasta	3247	3276	+	30	TAAAGAGAGAGTGCCATTTGTGCTAACCCC	GGGGUUAGCACAAAUGGCACUCUCUCUUUA	0
NM_002649.3:3248-3277	NM_002649.3	NM_002649.3.fasta	3248	3277	+	30	AAAGAGAGAGTGCCATTTGTGCTAACCCCT	AGGGGUUAGCACAAAUGGCACUCUCUCUUU	0
NM_002649.3:3249-3278	NM_002649.3	NM_002649.3.fasta	3249	3278	+	30	AAGAGAGAGTGCCATTTGTGCTAACCCCTG	CAGGGGUUAGCACAAAUGGCACUCUCUCUU	0
NM_002649.3:3250-3279	NM_002649.3	NM_002649.3.fasta	3250	3279	+	30	AGAGAGAGTGCCATTTGTGCTAACCCCTGA	UCAGGGGUUAGCACAAAUGGCACUCUCUCU	0
NM_002649.3:3251-3280	NM_002649.3	NM_002649.3.fasta	3251	3280	+	30	GAGAGAGTGCCATTTGTGCTAACCCCTGAC	GUCAGGGGUUAGCACAAAUGGCACUCUCUC	0
NM_002649.3:3252-3281	NM_002649.3	NM_002649.3.fasta	3252	3281	+	30	AGAGAGTGCCATTTGTGCTAACCCCTGACT	AGUCAGGGGUUAGCACAAAUGGCACUCUCU	0
NM_002649.3:3253-3282	NM_002649.3	NM_002649.3.fasta	3253	3282	+	30	GAGAGTGCCATTTGTGCTAACCCCTGACTT	AAGUCAGGGGUUAGCACAAAUGGCACUCUC	0
NM_002649.3:3254-3283	NM_002649.3	NM_002649.3.fasta	3254	3283	+	30	AGAGTGCCATTTGTGCTAACCCCTGACTTC	GAAGUCAGGGGUUAGCACAAAUGGCACUCU	0
NM_002649.3:3255-3284	NM_002649.3	NM_002649.3.fasta	3255	3284	+	30	GAGTGCCATTTGTGCTAACCCCTGACTTCC	GGAAGUCAGGGGUUAGCACAAAUGGCACUC	0
NM_002649.3:3256-3285	NM_002649.3	NM_002649.3.fasta	3256	3285	+	30	AGTGCCATTTGTGCTAACCCCTGACTTCCT	AGGAAGUCAGGGGUUAGCACAAAUGGCACU	0
NM_002649.3:3257-3286	NM_002649.3	NM_002649.3.fasta	3257	3286	+	30	GTGCCATTTGTGCTAACCCCTGACTTCCTC	GAGGAAGUCAGGGGUUAGCACAAAUGGCAC	0
NM_002649.3:3258-3287	NM_002649.3	NM_002649.3.fasta	3258	3287	+	30	TGCCATTTGTGCTAACCCCTGACTTCCTCT	AGAGGAAGUCAGGGGUUAGCACAAAUGGCA	0
NM_002649.3:3259-3288	NM_002649.3	NM_002649.3.fasta	3259	3288	+	30	GCCATTTGTGCTAACCCCTGACTTCCTCTT	AAGAGGAAGUCAGGGGUUAGCACAAAUGGC	0
NM_002649.3:3260-3289	NM_002649.3	NM_002649.3.fasta	3260	3289	+	30	CCATTTGTGCTAACCCCTGACTTCCTCTTT	AAAGAGGAAGUCAGGGGUUAGCACAAAUGG	0
NM_002649.3:3261-3290	NM_002649.3	NM_002649.3.fasta	3261	3290	+	30	CATTTGTGCTAACCCCTGACTTCCTCTTTG	CAAAGAGGAAGUCAGGGGUUAGCACAAAUG	0
NM_002649.3:3262-3291	NM_002649.3	NM_002649.3.fasta	3262	3291	+	30	ATTTGTGCTAACCCCTGACTTCCTCTTTGT	ACAAAGAGGAAGUCAGGGGUUAGCACAAAU	0
NM_002649.3:3263-3292	NM_002649.3	NM_002649.3.fasta	3263	3292	+	30	TTTGTGCTAACCCCTGACTTCCTCTTTGTG	CACAAAGAGGAAGUCAGGGGUUAGCACAAA	0
NM_002649.3:3264-3293	NM_002649.3	NM_002649.3.fasta	3264	3293	+	30	TTGTGCTAACCCCTGACTTCCTCTTTGTGA	UCACAAAGAGGAAGUCAGGGGUUAGCACAA	0
NM_002649.3:3265-3294	NM_002649.3	NM_002649.3.fasta	3265	3294	+	30	TGTGCTAACCCCTGACTTCCTCTTTGTGAT	AUCACAAAGAGGAAGUCAGGGGUUAGCACA	0
NM_002649.3:3266-3295	NM_002649.3	NM_002649.3.fasta	3266	3295	+	30	GTGCTAACCCCTGACTTCCTCTTTGTGATG	CAUCACAAAGAGGAAGUCAGGGGUUAGCAC	0
NM_002649.3:3267-3296	NM_002649.3	NM_002649.3.fasta	3267	3296	+	30	TGCTAACCCCTGACTTCCTCTTTGTGATGG	CCAUCACAAAGAGGAAGUCAGGGGUUAGCA	0
NM_002649.3:3268-3297	NM_002649.3	NM_002649.3.fasta	3268	3297	+	30	GCTAACCCCTGACTTCCTCTTTGTGATGGG	CCCAUCACAAAGAGGAAGUCAGGGGUUAGC	0
NM_002649.3:3269-3298	NM_002649.3	NM_002649.3.fasta	3269	3298	+	30	CTAACCCCTGACTTCCTCTTTGTGATGGGA	UCCCAUCACAAAGAGGAAGUCAGGGGUUAG	0
NM_002649.3:3270-3299	NM_002649.3	NM_002649.3.fasta	3270	3299	+	30	TAACCCCTGACTTCCTCTTTGTGATGGGAA	UUCCCAUCACAAAGAGGAAGUCAGGGGUUA	0
NM_002649.3:3271-3300	NM_002649.3	NM_002649.3.fasta	3271	3300	+	30	AACCCCTGACTTCCTCTTTGTGATGGGAAC	GUUCCCAUCACAAAGAGGAAGUCAGGGGUU	0
NM_002649.3:3272-3301	NM_002649.3	NM_002649.3.fasta	3272	3301	+	30	ACCCCTGACTTCCTCTTTGTGATGGGAACT	AGUUCCCAUCACAAAGAGGAAGUCAGGGGU	0
NM_002649.3:3273-3302	NM_002649.3	NM_002649.3.fasta	3273	3302	+	30	CCCCTGACTTCCTCTTTGTGATGGGAACTT	AAGUUCCCAUCACAAAGAGGAAGUCAGGGG	0
NM_002649.3:3274-3303	NM_002649.3	NM_002649.3.fasta	3274	3303	+	30	CCCTGACTTCCTCTTTGTGATGGGAACTTC	GAAGUUCCCAUCACAAAGAGGAAGUCAGGG	0
NM_002649.3:3275-3304	NM_002649.3	NM_002649.3.fasta	3275	3304	+	30	CCTGACTTCCTCTTTGTGATGGGAACTTCT	AGAAGUUCCCAUCACAAAGAGGAAGUCAGG	0
NM_002649.3:3276-3305	NM_002649.3	NM_002649.3.fasta	3276	3305	+	30	CTGACTTCCTCTTTGTGATGGGAACTTCTG	CAGAAGUUCCCAUCACAAAGAGGAAGUCAG	0
NM_002649.3:3277-3306	NM_002649.3	NM_002649.3.fasta	3277	3306	+	30	TGACTTCCTCTTTGTGATGGGAACTTCTGG	CCAGAAGUUCCCAUCACAAAGAGGAAGUCA	0
NM_002649.3:3278-3307	NM_002649.3	NM_002649.3.fasta	3278	3307	+	30	GACTTCCTCTTTGTGATGGGAACTTCTGGA	UCCAGAAGUUCCCAUCACAAAGAGGAAGUC	0
NM_002649.3:3279-3308	NM_002649.3	NM_002649.3.fasta	3279	3308	+	30	ACTTCCTCTTTGTGATGGGAACTTCTGGAA	UUCCAGAAGUUCCCAUCACAAAGAGGAAGU	0
NM_002649.3:3280-3309	NM_002649.3	NM_002649.3.fasta	3280	3309	+	30	CTTCCTCTTTGTGATGGGAACTTCTGGAAA	UUUCCAGAAGUUCCCAUCACAAAGAGGAAG	0
NM_002649.3:3281-3310	NM_002649.3	NM_002649.3.fasta	3281	3310	+	30	TTCCTCTTTGTGATGGGAACTTCTGGAAAG	CUUUCCAGAAGUUCCCAUCACAAAGAGGAA	0
NM_002649.3:3282-3311	NM_002649.3	NM_002649.3.fasta	3282	3311	+	30	TCCTCTTTGTGATGGGAACTTCTGGAAAGA	UCUUUCCAGAAGUUCCCAUCACAAAGAGGA	0
NM_002649.3:3283-3312	NM_002649.3	NM_002649.3.fasta	3283	3312	+	30	CCTCTTTGTGATGGGAACTTCTGGAAAGAA	UUCUUUCCAGAAGUUCCCAUCACAAAGAGG	0
NM_002649.3:3284-3313	NM_002649.3	NM_002649.3.fasta	3284	3313	+	30	CTCTTTGTGATGGGAACTTCTGGAAAGAAG	CUUCUUUCCAGAAGUUCCCAUCACAAAGAG	0
NM_002649.3:3285-3314	NM_002649.3	NM_002649.3.fasta	3285	3314	+	30	TCTTTGTGATGGGAACTTCTGGAAAGAAGA	UCUUCUUUCCAGAAGUUCCCAUCACAAAGA	0
NM_002649.3:3286-3315	NM_002649.3	NM_002649.3.fasta	3286	3315	+	30	CTTTGTGATGGGAACTTCTGGAAAGAAGAC	GUCUUCUUUCCAGAAGUUCCCAUCACAAAG	0
NM_002649.3:3287-3316	NM_002649.3	NM_002649.3.fasta	3287	3316	+	30	TTTGTGATGGGAACTTCTGGAAAGAAGACA	UGUCUUCUUUCCAGAAGUUCCCAUCACAAA	0
NM_002649.3:3288-3317	NM_002649.3	NM_002649.3.fasta	3288	3317	+	30	TTGTGATGGGAACTTCTGGAAAGAAGACAA	UUGUCUUCUUUCCAGAAGUUCCCAUCACAA	0
NM_002649.3:3289-3318	NM_002649.3	NM_002649.3.fasta	3289	3318	+	30	TGTGATGGGAACTTCTGGAAAGAAGACAAG	CUUGUCUUCUUUCCAGAAGUUCCCAUCACA	0
NM_002649.3:3290-3319	NM_002649.3	NM_002649.3.fasta	3290	3319	+	30	GTGATGGGAACTTCTGGAAAGAAGACAAGC	GCUUGUCUUCUUUCCAGAAGUUCCCAUCAC	0
NM_002649.3:3291-3320	NM_002649.3	NM_002649.3.fasta	3291	3320	+	30	TGATGGGAACTTCTGGAAAGAAGACAAGCC	GGCUUGUCUUCUUUCCAGAAGUUCCCAUCA	0
NM_002649.3:3292-3321	NM_002649.3	NM_002649.3.fasta	3292	3321	+	30	GATGGGAACTTCTGGAAAGAAGACAAGCCC	GGGCUUGUCUUCUUUCCAGAAGUUCCCAUC	0
NM_002649.3:3293-3322	NM_002649.3	NM_002649.3.fasta	3293	3322	+	30	ATGGGAACTTCTGGAAAGAAGACAAGCCCA	UGGGCUUGUCUUCUUUCCAGAAGUUCCCAU	0
NM_002649.3:3294-3323	NM_002649.3	NM_002649.3.fasta	3294	3323	+	30	TGGGAACTTCTGGAAAGAAGACAAGCCCAC	GUGGGCUUGUCUUCUUUCCAGAAGUUCCCA	0
NM_002649.3:3295-3324	NM_002649.3	NM_002649.3.fasta	3295	3324	+	30	GGGAACTTCTGGAAAGAAGACAAGCCCACA	UGUGGGCUUGUCUUCUUUCCAGAAGUUCCC	0
NM_002649.3:3296-3325	NM_002649.3	NM_002649.3.fasta	3296	3325	+	30	GGAACTTCTGGAAAGAAGACAAGCCCACAC	GUGUGGGCUUGUCUUCUUUCCAGAAGUUCC	0
NM_002649.3:3297-3326	NM_002649.3	NM_002649.3.fasta	3297	3326	+	30	GAACTTCTGGAAAGAAGACAAGCCCACACT	AGUGUGGGCUUGUCUUCUUUCCAGAAGUUC	0
NM_002649.3:3298-3327	NM_002649.3	NM_002649.3.fasta	3298	3327	+	30	AACTTCTGGAAAGAAGACAAGCCCACACTT	AAGUGUGGGCUUGUCUUCUUUCCAGAAGUU	0
NM_002649.3:3299-3328	NM_002649.3	NM_002649.3.fasta	3299	3328	+	30	ACTTCTGGAAAGAAGACAAGCCCACACTTC	GAAGUGUGGGCUUGUCUUCUUUCCAGAAGU	0
NM_002649.3:3300-3329	NM_002649.3	NM_002649.3.fasta	3300	3329	+	30	CTTCTGGAAAGAAGACAAGCCCACACTTCC	GGAAGUGUGGGCUUGUCUUCUUUCCAGAAG	0
NM_002649.3:3301-3330	NM_002649.3	NM_002649.3.fasta	3301	3330	+	30	TTCTGGAAAGAAGACAAGCCCACACTTCCA	UGGAAGUGUGGGCUUGUCUUCUUUCCAGAA	0
NM_002649.3:3302-3331	NM_002649.3	NM_002649.3.fasta	3302	3331	+	30	TCTGGAAAGAAGACAAGCCCACACTTCCAG	CUGGAAGUGUGGGCUUGUCUUCUUUCCAGA	0
NM_002649.3:3303-3332	NM_002649.3	NM_002649.3.fasta	3303	3332	+	30	CTGGAAAGAAGACAAGCCCACACTTCCAGA	UCUGGAAGUGUGGGCUUGUCUUCUUUCCAG	0
NM_002649.3:3304-3333	NM_002649.3	NM_002649.3.fasta	3304	3333	+	30	TGGAAAGAAGACAAGCCCACACTTCCAGAA	UUCUGGAAGUGUGGGCUUGUCUUCUUUCCA	0
NM_002649.3:3305-3334	NM_002649.3	NM_002649.3.fasta	3305	3334	+	30	GGAAAGAAGACAAGCCCACACTTCCAGAAA	UUUCUGGAAGUGUGGGCUUGUCUUCUUUCC	0
NM_002649.3:3306-3335	NM_002649.3	NM_002649.3.fasta	3306	3335	+	30	GAAAGAAGACAAGCCCACACTTCCAGAAAT	AUUUCUGGAAGUGUGGGCUUGUCUUCUUUC	0
NM_002649.3:3307-3336	NM_002649.3	NM_002649.3.fasta	3307	3336	+	30	AAAGAAGACAAGCCCACACTTCCAGAAATT	AAUUUCUGGAAGUGUGGGCUUGUCUUCUUU	0
NM_002649.3:3308-3337	NM_002649.3	NM_002649.3.fasta	3308	3337	+	30	AAGAAGACAAGCCCACACTTCCAGAAATTT	AAAUUUCUGGAAGUGUGGGCUUGUCUUCUU	0
NM_002649.3:3309-3338	NM_002649.3	NM_002649.3.fasta	3309	3338	+	30	AGAAGACAAGCCCACACTTCCAGAAATTTC	GAAAUUUCUGGAAGUGUGGGCUUGUCUUCU	0
NM_002649.3:3310-3339	NM_002649.3	NM_002649.3.fasta	3310	3339	+	30	GAAGACAAGCCCACACTTCCAGAAATTTCA	UGAAAUUUCUGGAAGUGUGGGCUUGUCUUC	0
NM_002649.3:3311-3340	NM_002649.3	NM_002649.3.fasta	3311	3340	+	30	AAGACAAGCCCACACTTCCAGAAATTTCAG	CUGAAAUUUCUGGAAGUGUGGGCUUGUCUU	0
NM_002649.3:3312-3341	NM_002649.3	NM_002649.3.fasta	3312	3341	+	30	AGACAAGCCCACACTTCCAGAAATTTCAGG	CCUGAAAUUUCUGGAAGUGUGGGCUUGUCU	0
NM_002649.3:3313-3342	NM_002649.3	NM_002649.3.fasta	3313	3342	+	30	GACAAGCCCACACTTCCAGAAATTTCAGGA	UCCUGAAAUUUCUGGAAGUGUGGGCUUGUC	0
NM_002649.3:3314-3343	NM_002649.3	NM_002649.3.fasta	3314	3343	+	30	ACAAGCCCACACTTCCAGAAATTTCAGGAC	GUCCUGAAAUUUCUGGAAGUGUGGGCUUGU	0
NM_002649.3:3315-3344	NM_002649.3	NM_002649.3.fasta	3315	3344	+	30	CAAGCCCACACTTCCAGAAATTTCAGGACA	UGUCCUGAAAUUUCUGGAAGUGUGGGCUUG	0
NM_002649.3:3316-3345	NM_002649.3	NM_002649.3.fasta	3316	3345	+	30	AAGCCCACACTTCCAGAAATTTCAGGACAT	AUGUCCUGAAAUUUCUGGAAGUGUGGGCUU	0
NM_002649.3:3317-3346	NM_002649.3	NM_002649.3.fasta	3317	3346	+	30	AGCCCACACTTCCAGAAATTTCAGGACATC	GAUGUCCUGAAAUUUCUGGAAGUGUGGGCU	0
NM_002649.3:3318-3347	NM_002649.3	NM_002649.3.fasta	3318	3347	+	30	GCCCACACTTCCAGAAATTTCAGGACATCT	AGAUGUCCUGAAAUUUCUGGAAGUGUGGGC	0
NM_002649.3:3319-3348	NM_002649.3	NM_002649.3.fasta	3319	3348	+	30	CCCACACTTCCAGAAATTTCAGGACATCTG	CAGAUGUCCUGAAAUUUCUGGAAGUGUGGG	0
NM_002649.3:3320-3349	NM_002649.3	NM_002649.3.fasta	3320	3349	+	30	CCACACTTCCAGAAATTTCAGGACATCTGT	ACAGAUGUCCUGAAAUUUCUGGAAGUGUGG	0
NM_002649.3:3321-3350	NM_002649.3	NM_002649.3.fasta	3321	3350	+	30	CACACTTCCAGAAATTTCAGGACATCTGTG	CACAGAUGUCCUGAAAUUUCUGGAAGUGUG	0
NM_002649.3:3322-3351	NM_002649.3	NM_002649.3.fasta	3322	3351	+	30	ACACTTCCAGAAATTTCAGGACATCTGTGT	ACACAGAUGUCCUGAAAUUUCUGGAAGUGU	0
NM_002649.3:3323-3352	NM_002649.3	NM_002649.3.fasta	3323	3352	+	30	CACTTCCAGAAATTTCAGGACATCTGTGTT	AACACAGAUGUCCUGAAAUUUCUGGAAGUG	0
NM_002649.3:3324-3353	NM_002649.3	NM_002649.3.fasta	3324	3353	+	30	ACTTCCAGAAATTTCAGGACATCTGTGTTA	UAACACAGAUGUCCUGAAAUUUCUGGAAGU	0
NM_002649.3:3325-3354	NM_002649.3	NM_002649.3.fasta	3325	3354	+	30	CTTCCAGAAATTTCAGGACATCTGTGTTAA	UUAACACAGAUGUCCUGAAAUUUCUGGAAG	0
NM_002649.3:3326-3355	NM_002649.3	NM_002649.3.fasta	3326	3355	+	30	TTCCAGAAATTTCAGGACATCTGTGTTAAG	CUUAACACAGAUGUCCUGAAAUUUCUGGAA	0
NM_002649.3:3327-3356	NM_002649.3	NM_002649.3.fasta	3327	3356	+	30	TCCAGAAATTTCAGGACATCTGTGTTAAGG	CCUUAACACAGAUGUCCUGAAAUUUCUGGA	0
NM_002649.3:3328-3357	NM_002649.3	NM_002649.3.fasta	3328	3357	+	30	CCAGAAATTTCAGGACATCTGTGTTAAGGC	GCCUUAACACAGAUGUCCUGAAAUUUCUGG	0
NM_002649.3:3329-3358	NM_002649.3	NM_002649.3.fasta	3329	3358	+	30	CAGAAATTTCAGGACATCTGTGTTAAGGCT	AGCCUUAACACAGAUGUCCUGAAAUUUCUG	0
NM_002649.3:3330-3359	NM_002649.3	NM_002649.3.fasta	3330	3359	+	30	AGAAATTTCAGGACATCTGTGTTAAGGCTT	AAGCCUUAACACAGAUGUCCUGAAAUUUCU	0
NM_002649.3:3331-3360	NM_002649.3	NM_002649.3.fasta	3331	3360	+	30	GAAATTTCAGGACATCTGTGTTAAGGCTTA	UAAGCCUUAACACAGAUGUCCUGAAAUUUC	0
NM_002649.3:3332-3361	NM_002649.3	NM_002649.3.fasta	3332	3361	+	30	AAATTTCAGGACATCTGTGTTAAGGCTTAT	AUAAGCCUUAACACAGAUGUCCUGAAAUUU	0
NM_002649.3:3333-3362	NM_002649.3	NM_002649.3.fasta	3333	3362	+	30	AATTTCAGGACATCTGTGTTAAGGCTTATC	GAUAAGCCUUAACACAGAUGUCCUGAAAUU	0
NM_002649.3:3334-3363	NM_002649.3	NM_002649.3.fasta	3334	3363	+	30	ATTTCAGGACATCTGTGTTAAGGCTTATCT	AGAUAAGCCUUAACACAGAUGUCCUGAAAU	0
NM_002649.3:3335-3364	NM_002649.3	NM_002649.3.fasta	3335	3364	+	30	TTTCAGGACATCTGTGTTAAGGCTTATCTA	UAGAUAAGCCUUAACACAGAUGUCCUGAAA	0
NM_002649.3:3336-3365	NM_002649.3	NM_002649.3.fasta	3336	3365	+	30	TTCAGGACATCTGTGTTAAGGCTTATCTAG	CUAGAUAAGCCUUAACACAGAUGUCCUGAA	0
NM_002649.3:3337-3366	NM_002649.3	NM_002649.3.fasta	3337	3366	+	30	TCAGGACATCTGTGTTAAGGCTTATCTAGC	GCUAGAUAAGCCUUAACACAGAUGUCCUGA	0
NM_002649.3:3338-3367	NM_002649.3	NM_002649.3.fasta	3338	3367	+	30	CAGGACATCTGTGTTAAGGCTTATCTAGCC	GGCUAGAUAAGCCUUAACACAGAUGUCCUG	0
NM_002649.3:3339-3368	NM_002649.3	NM_002649.3.fasta	3339	3368	+	30	AGGACATCTGTGTTAAGGCTTATCTAGCCC	GGGCUAGAUAAGCCUUAACACAGAUGUCCU	0
NM_002649.3:3340-3369	NM_002649.3	NM_002649.3.fasta	3340	3369	+	30	GGACATCTGTGTTAAGGCTTATCTAGCCCT	AGGGCUAGAUAAGCCUUAACACAGAUGUCC	0
NM_002649.3:3341-3370	NM_002649.3	NM_002649.3.fasta	3341	3370	+	30	GACATCTGTGTTAAGGCTTATCTAGCCCTT	AAGGGCUAGAUAAGCCUUAACACAGAUGUC	0
NM_002649.3:3342-3371	NM_002649.3	NM_002649.3.fasta	3342	3371	+	30	ACATCTGTGTTAAGGCTTATCTAGCCCTTC	GAAGGGCUAGAUAAGCCUUAACACAGAUGU	0
NM_002649.3:3343-3372	NM_002649.3	NM_002649.3.fasta	3343	3372	+	30	CATCTGTGTTAAGGCTTATCTAGCCCTTCG	CGAAGGGCUAGAUAAGCCUUAACACAGAUG	0
NM_002649.3:3344-3373	NM_002649.3	NM_002649.3.fasta	3344	3373	+	30	ATCTGTGTTAAGGCTTATCTAGCCCTTCGT	ACGAAGGGCUAGAUAAGCCUUAACACAGAU	0
NM_002649.3:3345-3374	NM_002649.3	NM_002649.3.fasta	3345	3374	+	30	TCTGTGTTAAGGCTTATCTAGCCCTTCGTC	GACGAAGGGCUAGAUAAGCCUUAACACAGA	0
NM_002649.3:3346-3375	NM_002649.3	NM_002649.3.fasta	3346	3375	+	30	CTGTGTTAAGGCTTATCTAGCCCTTCGTCA	UGACGAAGGGCUAGAUAAGCCUUAACACAG	0
NM_002649.3:3347-3376	NM_002649.3	NM_002649.3.fasta	3347	3376	+	30	TGTGTTAAGGCTTATCTAGCCCTTCGTCAT	AUGACGAAGGGCUAGAUAAGCCUUAACACA	0
NM_002649.3:3348-3377	NM_002649.3	NM_002649.3.fasta	3348	3377	+	30	GTGTTAAGGCTTATCTAGCCCTTCGTCATC	GAUGACGAAGGGCUAGAUAAGCCUUAACAC	0
NM_002649.3:3349-3378	NM_002649.3	NM_002649.3.fasta	3349	3378	+	30	TGTTAAGGCTTATCTAGCCCTTCGTCATCA	UGAUGACGAAGGGCUAGAUAAGCCUUAACA	0
NM_002649.3:3350-3379	NM_002649.3	NM_002649.3.fasta	3350	3379	+	30	GTTAAGGCTTATCTAGCCCTTCGTCATCAC	GUGAUGACGAAGGGCUAGAUAAGCCUUAAC	0
NM_002649.3:3351-3380	NM_002649.3	NM_002649.3.fasta	3351	3380	+	30	TTAAGGCTTATCTAGCCCTTCGTCATCACA	UGUGAUGACGAAGGGCUAGAUAAGCCUUAA	0
NM_002649.3:3352-3381	NM_002649.3	NM_002649.3.fasta	3352	3381	+	30	TAAGGCTTATCTAGCCCTTCGTCATCACAC	GUGUGAUGACGAAGGGCUAGAUAAGCCUUA	0
NM_002649.3:3353-3382	NM_002649.3	NM_002649.3.fasta	3353	3382	+	30	AAGGCTTATCTAGCCCTTCGTCATCACACA	UGUGUGAUGACGAAGGGCUAGAUAAGCCUU	0
NM_002649.3:3354-3383	NM_002649.3	NM_002649.3.fasta	3354	3383	+	30	AGGCTTATCTAGCCCTTCGTCATCACACAA	UUGUGUGAUGACGAAGGGCUAGAUAAGCCU	0
NM_002649.3:3355-3384	NM_002649.3	NM_002649.3.fasta	3355	3384	+	30	GGCTTATCTAGCCCTTCGTCATCACACAAA	UUUGUGUGAUGACGAAGGGCUAGAUAAGCC	0
NM_002649.3:3356-3385	NM_002649.3	NM_002649.3.fasta	3356	3385	+	30	GCTTATCTAGCCCTTCGTCATCACACAAAC	GUUUGUGUGAUGACGAAGGGCUAGAUAAGC	0
NM_002649.3:3357-3386	NM_002649.3	NM_002649.3.fasta	3357	3386	+	30	CTTATCTAGCCCTTCGTCATCACACAAACC	GGUUUGUGUGAUGACGAAGGGCUAGAUAAG	0
NM_002649.3:3358-3387	NM_002649.3	NM_002649.3.fasta	3358	3387	+	30	TTATCTAGCCCTTCGTCATCACACAAACCT	AGGUUUGUGUGAUGACGAAGGGCUAGAUAA	0
NM_002649.3:3359-3388	NM_002649.3	NM_002649.3.fasta	3359	3388	+	30	TATCTAGCCCTTCGTCATCACACAAACCTA	UAGGUUUGUGUGAUGACGAAGGGCUAGAUA	0
NM_002649.3:3360-3389	NM_002649.3	NM_002649.3.fasta	3360	3389	+	30	ATCTAGCCCTTCGTCATCACACAAACCTAC	GUAGGUUUGUGUGAUGACGAAGGGCUAGAU	0
NM_002649.3:3361-3390	NM_002649.3	NM_002649.3.fasta	3361	3390	+	30	TCTAGCCCTTCGTCATCACACAAACCTACT	AGUAGGUUUGUGUGAUGACGAAGGGCUAGA	0
NM_002649.3:3362-3391	NM_002649.3	NM_002649.3.fasta	3362	3391	+	30	CTAGCCCTTCGTCATCACACAAACCTACTG	CAGUAGGUUUGUGUGAUGACGAAGGGCUAG	0
NM_002649.3:3363-3392	NM_002649.3	NM_002649.3.fasta	3363	3392	+	30	TAGCCCTTCGTCATCACACAAACCTACTGA	UCAGUAGGUUUGUGUGAUGACGAAGGGCUA	0
NM_002649.3:3364-3393	NM_002649.3	NM_002649.3.fasta	3364	3393	+	30	AGCCCTTCGTCATCACACAAACCTACTGAT	AUCAGUAGGUUUGUGUGAUGACGAAGGGCU	0
NM_002649.3:3365-3394	NM_002649.3	NM_002649.3.fasta	3365	3394	+	30	GCCCTTCGTCATCACACAAACCTACTGATC	GAUCAGUAGGUUUGUGUGAUGACGAAGGGC	0
NM_002649.3:3366-3395	NM_002649.3	NM_002649.3.fasta	3366	3395	+	30	CCCTTCGTCATCACACAAACCTACTGATCA	UGAUCAGUAGGUUUGUGUGAUGACGAAGGG	0
NM_002649.3:3367-3396	NM_002649.3	NM_002649.3.fasta	3367	3396	+	30	CCTTCGTCATCACACAAACCTACTGATCAT	AUGAUCAGUAGGUUUGUGUGAUGACGAAGG	0
NM_002649.3:3368-3397	NM_002649.3	NM_002649.3.fasta	3368	3397	+	30	CTTCGTCATCACACAAACCTACTGATCATC	GAUGAUCAGUAGGUUUGUGUGAUGACGAAG	0
NM_002649.3:3369-3398	NM_002649.3	NM_002649.3.fasta	3369	3398	+	30	TTCGTCATCACACAAACCTACTGATCATCC	GGAUGAUCAGUAGGUUUGUGUGAUGACGAA	0
NM_002649.3:3370-3399	NM_002649.3	NM_002649.3.fasta	3370	3399	+	30	TCGTCATCACACAAACCTACTGATCATCCT	AGGAUGAUCAGUAGGUUUGUGUGAUGACGA	0
NM_002649.3:3371-3400	NM_002649.3	NM_002649.3.fasta	3371	3400	+	30	CGTCATCACACAAACCTACTGATCATCCTG	CAGGAUGAUCAGUAGGUUUGUGUGAUGACG	0
NM_002649.3:3372-3401	NM_002649.3	NM_002649.3.fasta	3372	3401	+	30	GTCATCACACAAACCTACTGATCATCCTGT	ACAGGAUGAUCAGUAGGUUUGUGUGAUGAC	0
NM_002649.3:3373-3402	NM_002649.3	NM_002649.3.fasta	3373	3402	+	30	TCATCACACAAACCTACTGATCATCCTGTT	AACAGGAUGAUCAGUAGGUUUGUGUGAUGA	0
NM_002649.3:3374-3403	NM_002649.3	NM_002649.3.fasta	3374	3403	+	30	CATCACACAAACCTACTGATCATCCTGTTC	GAACAGGAUGAUCAGUAGGUUUGUGUGAUG	0
NM_002649.3:3375-3404	NM_002649.3	NM_002649.3.fasta	3375	3404	+	30	ATCACACAAACCTACTGATCATCCTGTTCT	AGAACAGGAUGAUCAGUAGGUUUGUGUGAU	0
NM_002649.3:3376-3405	NM_002649.3	NM_002649.3.fasta	3376	3405	+	30	TCACACAAACCTACTGATCATCCTGTTCTC	GAGAACAGGAUGAUCAGUAGGUUUGUGUGA	0
NM_002649.3:3377-3406	NM_002649.3	NM_002649.3.fasta	3377	3406	+	30	CACACAAACCTACTGATCATCCTGTTCTCC	GGAGAACAGGAUGAUCAGUAGGUUUGUGUG	0
NM_002649.3:3378-3407	NM_002649.3	NM_002649.3.fasta	3378	3407	+	30	ACACAAACCTACTGATCATCCTGTTCTCCA	UGGAGAACAGGAUGAUCAGUAGGUUUGUGU	0
NM_002649.3:3379-3408	NM_002649.3	NM_002649.3.fasta	3379	3408	+	30	CACAAACCTACTGATCATCCTGTTCTCCAT	AUGGAGAACAGGAUGAUCAGUAGGUUUGUG	0
NM_002649.3:3380-3409	NM_002649.3	NM_002649.3.fasta	3380	3409	+	30	ACAAACCTACTGATCATCCTGTTCTCCATG	CAUGGAGAACAGGAUGAUCAGUAGGUUUGU	0
NM_002649.3:3381-3410	NM_002649.3	NM_002649.3.fasta	3381	3410	+	30	CAAACCTACTGATCATCCTGTTCTCCATGA	UCAUGGAGAACAGGAUGAUCAGUAGGUUUG	0
NM_002649.3:3382-3411	NM_002649.3	NM_002649.3.fasta	3382	3411	+	30	AAACCTACTGATCATCCTGTTCTCCATGAT	AUCAUGGAGAACAGGAUGAUCAGUAGGUUU	0
NM_002649.3:3383-3412	NM_002649.3	NM_002649.3.fasta	3383	3412	+	30	AACCTACTGATCATCCTGTTCTCCATGATG	CAUCAUGGAGAACAGGAUGAUCAGUAGGUU	0
NM_002649.3:3384-3413	NM_002649.3	NM_002649.3.fasta	3384	3413	+	30	ACCTACTGATCATCCTGTTCTCCATGATGC	GCAUCAUGGAGAACAGGAUGAUCAGUAGGU	0
NM_002649.3:3385-3414	NM_002649.3	NM_002649.3.fasta	3385	3414	+	30	CCTACTGATCATCCTGTTCTCCATGATGCT	AGCAUCAUGGAGAACAGGAUGAUCAGUAGG	0
NM_002649.3:3386-3415	NM_002649.3	NM_002649.3.fasta	3386	3415	+	30	CTACTGATCATCCTGTTCTCCATGATGCTG	CAGCAUCAUGGAGAACAGGAUGAUCAGUAG	0
NM_002649.3:3387-3416	NM_002649.3	NM_002649.3.fasta	3387	3416	+	30	TACTGATCATCCTGTTCTCCATGATGCTGA	UCAGCAUCAUGGAGAACAGGAUGAUCAGUA	0
NM_002649.3:3388-3417	NM_002649.3	NM_002649.3.fasta	3388	3417	+	30	ACTGATCATCCTGTTCTCCATGATGCTGAT	AUCAGCAUCAUGGAGAACAGGAUGAUCAGU	0
NM_002649.3:3389-3418	NM_002649.3	NM_002649.3.fasta	3389	3418	+	30	CTGATCATCCTGTTCTCCATGATGCTGATG	CAUCAGCAUCAUGGAGAACAGGAUGAUCAG	0
NM_002649.3:3390-3419	NM_002649.3	NM_002649.3.fasta	3390	3419	+	30	TGATCATCCTGTTCTCCATGATGCTGATGA	UCAUCAGCAUCAUGGAGAACAGGAUGAUCA	0
NM_002649.3:3391-3420	NM_002649.3	NM_002649.3.fasta	3391	3420	+	30	GATCATCCTGTTCTCCATGATGCTGATGAC	GUCAUCAGCAUCAUGGAGAACAGGAUGAUC	0
NM_002649.3:3392-3421	NM_002649.3	NM_002649.3.fasta	3392	3421	+	30	ATCATCCTGTTCTCCATGATGCTGATGACA	UGUCAUCAGCAUCAUGGAGAACAGGAUGAU	0
NM_002649.3:3393-3422	NM_002649.3	NM_002649.3.fasta	3393	3422	+	30	TCATCCTGTTCTCCATGATGCTGATGACAG	CUGUCAUCAGCAUCAUGGAGAACAGGAUGA	0
NM_002649.3:3394-3423	NM_002649.3	NM_002649.3.fasta	3394	3423	+	30	CATCCTGTTCTCCATGATGCTGATGACAGG	CCUGUCAUCAGCAUCAUGGAGAACAGGAUG	0
NM_002649.3:3395-3424	NM_002649.3	NM_002649.3.fasta	3395	3424	+	30	ATCCTGTTCTCCATGATGCTGATGACAGGA	UCCUGUCAUCAGCAUCAUGGAGAACAGGAU	0
NM_002649.3:3396-3425	NM_002649.3	NM_002649.3.fasta	3396	3425	+	30	TCCTGTTCTCCATGATGCTGATGACAGGAA	UUCCUGUCAUCAGCAUCAUGGAGAACAGGA	0
NM_002649.3:3397-3426	NM_002649.3	NM_002649.3.fasta	3397	3426	+	30	CCTGTTCTCCATGATGCTGATGACAGGAAT	AUUCCUGUCAUCAGCAUCAUGGAGAACAGG	0
NM_002649.3:3398-3427	NM_002649.3	NM_002649.3.fasta	3398	3427	+	30	CTGTTCTCCATGATGCTGATGACAGGAATG	CAUUCCUGUCAUCAGCAUCAUGGAGAACAG	0
NM_002649.3:3399-3428	NM_002649.3	NM_002649.3.fasta	3399	3428	+	30	TGTTCTCCATGATGCTGATGACAGGAATGC	GCAUUCCUGUCAUCAGCAUCAUGGAGAACA	0
NM_002649.3:3400-3429	NM_002649.3	NM_002649.3.fasta	3400	3429	+	30	GTTCTCCATGATGCTGATGACAGGAATGCC	GGCAUUCCUGUCAUCAGCAUCAUGGAGAAC	0
NM_002649.3:3401-3430	NM_002649.3	NM_002649.3.fasta	3401	3430	+	30	TTCTCCATGATGCTGATGACAGGAATGCCC	GGGCAUUCCUGUCAUCAGCAUCAUGGAGAA	0
NM_002649.3:3402-3431	NM_002649.3	NM_002649.3.fasta	3402	3431	+	30	TCTCCATGATGCTGATGACAGGAATGCCCC	GGGGCAUUCCUGUCAUCAGCAUCAUGGAGA	0
NM_002649.3:3403-3432	NM_002649.3	NM_002649.3.fasta	3403	3432	+	30	CTCCATGATGCTGATGACAGGAATGCCCCA	UGGGGCAUUCCUGUCAUCAGCAUCAUGGAG	0
NM_002649.3:3404-3433	NM_002649.3	NM_002649.3.fasta	3404	3433	+	30	TCCATGATGCTGATGACAGGAATGCCCCAG	CUGGGGCAUUCCUGUCAUCAGCAUCAUGGA	0
NM_002649.3:3405-3434	NM_002649.3	NM_002649.3.fasta	3405	3434	+	30	CCATGATGCTGATGACAGGAATGCCCCAGT	ACUGGGGCAUUCCUGUCAUCAGCAUCAUGG	0
NM_002649.3:3406-3435	NM_002649.3	NM_002649.3.fasta	3406	3435	+	30	CATGATGCTGATGACAGGAATGCCCCAGTT	AACUGGGGCAUUCCUGUCAUCAGCAUCAUG	0
NM_002649.3:3407-3436	NM_002649.3	NM_002649.3.fasta	3407	3436	+	30	ATGATGCTGATGACAGGAATGCCCCAGTTA	UAACUGGGGCAUUCCUGUCAUCAGCAUCAU	0
NM_002649.3:3408-3437	NM_002649.3	NM_002649.3.fasta	3408	3437	+	30	TGATGCTGATGACAGGAATGCCCCAGTTAA	UUAACUGGGGCAUUCCUGUCAUCAGCAUCA	0
NM_002649.3:3409-3438	NM_002649.3	NM_002649.3.fasta	3409	3438	+	30	GATGCTGATGACAGGAATGCCCCAGTTAAC	GUUAACUGGGGCAUUCCUGUCAUCAGCAUC	0
NM_002649.3:3410-3439	NM_002649.3	NM_002649.3.fasta	3410	3439	+	30	ATGCTGATGACAGGAATGCCCCAGTTAACA	UGUUAACUGGGGCAUUCCUGUCAUCAGCAU	0
NM_002649.3:3411-3440	NM_002649.3	NM_002649.3.fasta	3411	3440	+	30	TGCTGATGACAGGAATGCCCCAGTTAACAA	UUGUUAACUGGGGCAUUCCUGUCAUCAGCA	0
NM_002649.3:3412-3441	NM_002649.3	NM_002649.3.fasta	3412	3441	+	30	GCTGATGACAGGAATGCCCCAGTTAACAAG	CUUGUUAACUGGGGCAUUCCUGUCAUCAGC	0
NM_002649.3:3413-3442	NM_002649.3	NM_002649.3.fasta	3413	3442	+	30	CTGATGACAGGAATGCCCCAGTTAACAAGC	GCUUGUUAACUGGGGCAUUCCUGUCAUCAG	0
NM_002649.3:3414-3443	NM_002649.3	NM_002649.3.fasta	3414	3443	+	30	TGATGACAGGAATGCCCCAGTTAACAAGCA	UGCUUGUUAACUGGGGCAUUCCUGUCAUCA	0
NM_002649.3:3415-3444	NM_002649.3	NM_002649.3.fasta	3415	3444	+	30	GATGACAGGAATGCCCCAGTTAACAAGCAA	UUGCUUGUUAACUGGGGCAUUCCUGUCAUC	0
NM_002649.3:3416-3445	NM_002649.3	NM_002649.3.fasta	3416	3445	+	30	ATGACAGGAATGCCCCAGTTAACAAGCAAA	UUUGCUUGUUAACUGGGGCAUUCCUGUCAU	0
NM_002649.3:3417-3446	NM_002649.3	NM_002649.3.fasta	3417	3446	+	30	TGACAGGAATGCCCCAGTTAACAAGCAAAG	CUUUGCUUGUUAACUGGGGCAUUCCUGUCA	0
NM_002649.3:3418-3447	NM_002649.3	NM_002649.3.fasta	3418	3447	+	30	GACAGGAATGCCCCAGTTAACAAGCAAAGA	UCUUUGCUUGUUAACUGGGGCAUUCCUGUC	0
NM_002649.3:3419-3448	NM_002649.3	NM_002649.3.fasta	3419	3448	+	30	ACAGGAATGCCCCAGTTAACAAGCAAAGAA	UUCUUUGCUUGUUAACUGGGGCAUUCCUGU	0
NM_002649.3:3420-3449	NM_002649.3	NM_002649.3.fasta	3420	3449	+	30	CAGGAATGCCCCAGTTAACAAGCAAAGAAG	CUUCUUUGCUUGUUAACUGGGGCAUUCCUG	0
NM_002649.3:3421-3450	NM_002649.3	NM_002649.3.fasta	3421	3450	+	30	AGGAATGCCCCAGTTAACAAGCAAAGAAGA	UCUUCUUUGCUUGUUAACUGGGGCAUUCCU	0
NM_002649.3:3422-3451	NM_002649.3	NM_002649.3.fasta	3422	3451	+	30	GGAATGCCCCAGTTAACAAGCAAAGAAGAC	GUCUUCUUUGCUUGUUAACUGGGGCAUUCC	0
NM_002649.3:3423-3452	NM_002649.3	NM_002649.3.fasta	3423	3452	+	30	GAATGCCCCAGTTAACAAGCAAAGAAGACA	UGUCUUCUUUGCUUGUUAACUGGGGCAUUC	0
NM_002649.3:3424-3453	NM_002649.3	NM_002649.3.fasta	3424	3453	+	30	AATGCCCCAGTTAACAAGCAAAGAAGACAT	AUGUCUUCUUUGCUUGUUAACUGGGGCAUU	0
NM_002649.3:3425-3454	NM_002649.3	NM_002649.3.fasta	3425	3454	+	30	ATGCCCCAGTTAACAAGCAAAGAAGACATT	AAUGUCUUCUUUGCUUGUUAACUGGGGCAU	0
NM_002649.3:3426-3455	NM_002649.3	NM_002649.3.fasta	3426	3455	+	30	TGCCCCAGTTAACAAGCAAAGAAGACATTG	CAAUGUCUUCUUUGCUUGUUAACUGGGGCA	0
NM_002649.3:3427-3456	NM_002649.3	NM_002649.3.fasta	3427	3456	+	30	GCCCCAGTTAACAAGCAAAGAAGACATTGA	UCAAUGUCUUCUUUGCUUGUUAACUGGGGC	0
NM_002649.3:3428-3457	NM_002649.3	NM_002649.3.fasta	3428	3457	+	30	CCCCAGTTAACAAGCAAAGAAGACATTGAA	UUCAAUGUCUUCUUUGCUUGUUAACUGGGG	0
NM_002649.3:3429-3458	NM_002649.3	NM_002649.3.fasta	3429	3458	+	30	CCCAGTTAACAAGCAAAGAAGACATTGAAT	AUUCAAUGUCUUCUUUGCUUGUUAACUGGG	0
NM_002649.3:3430-3459	NM_002649.3	NM_002649.3.fasta	3430	3459	+	30	CCAGTTAACAAGCAAAGAAGACATTGAATA	UAUUCAAUGUCUUCUUUGCUUGUUAACUGG	0
NM_002649.3:3431-3460	NM_002649.3	NM_002649.3.fasta	3431	3460	+	30	CAGTTAACAAGCAAAGAAGACATTGAATAT	AUAUUCAAUGUCUUCUUUGCUUGUUAACUG	0
NM_002649.3:3432-3461	NM_002649.3	NM_002649.3.fasta	3432	3461	+	30	AGTTAACAAGCAAAGAAGACATTGAATATA	UAUAUUCAAUGUCUUCUUUGCUUGUUAACU	0
NM_002649.3:3433-3462	NM_002649.3	NM_002649.3.fasta	3433	3462	+	30	GTTAACAAGCAAAGAAGACATTGAATATAT	AUAUAUUCAAUGUCUUCUUUGCUUGUUAAC	0
NM_002649.3:3434-3463	NM_002649.3	NM_002649.3.fasta	3434	3463	+	30	TTAACAAGCAAAGAAGACATTGAATATATC	GAUAUAUUCAAUGUCUUCUUUGCUUGUUAA	0
NM_002649.3:3435-3464	NM_002649.3	NM_002649.3.fasta	3435	3464	+	30	TAACAAGCAAAGAAGACATTGAATATATCC	GGAUAUAUUCAAUGUCUUCUUUGCUUGUUA	0
NM_002649.3:3436-3465	NM_002649.3	NM_002649.3.fasta	3436	3465	+	30	AACAAGCAAAGAAGACATTGAATATATCCG	CGGAUAUAUUCAAUGUCUUCUUUGCUUGUU	0
NM_002649.3:3437-3466	NM_002649.3	NM_002649.3.fasta	3437	3466	+	30	ACAAGCAAAGAAGACATTGAATATATCCGG	CCGGAUAUAUUCAAUGUCUUCUUUGCUUGU	0
NM_002649.3:3438-3467	NM_002649.3	NM_002649.3.fasta	3438	3467	+	30	CAAGCAAAGAAGACATTGAATATATCCGGG	CCCGGAUAUAUUCAAUGUCUUCUUUGCUUG	0
NM_002649.3:3439-3468	NM_002649.3	NM_002649.3.fasta	3439	3468	+	30	AAGCAAAGAAGACATTGAATATATCCGGGA	UCCCGGAUAUAUUCAAUGUCUUCUUUGCUU	0
NM_002649.3:3440-3469	NM_002649.3	NM_002649.3.fasta	3440	3469	+	30	AGCAAAGAAGACATTGAATATATCCGGGAT	AUCCCGGAUAUAUUCAAUGUCUUCUUUGCU	0
NM_002649.3:3441-3470	NM_002649.3	NM_002649.3.fasta	3441	3470	+	30	GCAAAGAAGACATTGAATATATCCGGGATG	CAUCCCGGAUAUAUUCAAUGUCUUCUUUGC	0
NM_002649.3:3442-3471	NM_002649.3	NM_002649.3.fasta	3442	3471	+	30	CAAAGAAGACATTGAATATATCCGGGATGC	GCAUCCCGGAUAUAUUCAAUGUCUUCUUUG	0
NM_002649.3:3443-3472	NM_002649.3	NM_002649.3.fasta	3443	3472	+	30	AAAGAAGACATTGAATATATCCGGGATGCC	GGCAUCCCGGAUAUAUUCAAUGUCUUCUUU	0
NM_002649.3:3444-3473	NM_002649.3	NM_002649.3.fasta	3444	3473	+	30	AAGAAGACATTGAATATATCCGGGATGCCC	GGGCAUCCCGGAUAUAUUCAAUGUCUUCUU	0
NM_002649.3:3445-3474	NM_002649.3	NM_002649.3.fasta	3445	3474	+	30	AGAAGACATTGAATATATCCGGGATGCCCT	AGGGCAUCCCGGAUAUAUUCAAUGUCUUCU	0
NM_002649.3:3446-3475	NM_002649.3	NM_002649.3.fasta	3446	3475	+	30	GAAGACATTGAATATATCCGGGATGCCCTC	GAGGGCAUCCCGGAUAUAUUCAAUGUCUUC	0
NM_002649.3:3447-3476	NM_002649.3	NM_002649.3.fasta	3447	3476	+	30	AAGACATTGAATATATCCGGGATGCCCTCA	UGAGGGCAUCCCGGAUAUAUUCAAUGUCUU	0
NM_002649.3:3448-3477	NM_002649.3	NM_002649.3.fasta	3448	3477	+	30	AGACATTGAATATATCCGGGATGCCCTCAC	GUGAGGGCAUCCCGGAUAUAUUCAAUGUCU	0
NM_002649.3:3449-3478	NM_002649.3	NM_002649.3.fasta	3449	3478	+	30	GACATTGAATATATCCGGGATGCCCTCACA	UGUGAGGGCAUCCCGGAUAUAUUCAAUGUC	0
NM_002649.3:3450-3479	NM_002649.3	NM_002649.3.fasta	3450	3479	+	30	ACATTGAATATATCCGGGATGCCCTCACAG	CUGUGAGGGCAUCCCGGAUAUAUUCAAUGU	0
NM_002649.3:3451-3480	NM_002649.3	NM_002649.3.fasta	3451	3480	+	30	CATTGAATATATCCGGGATGCCCTCACAGT	ACUGUGAGGGCAUCCCGGAUAUAUUCAAUG	0
NM_002649.3:3452-3481	NM_002649.3	NM_002649.3.fasta	3452	3481	+	30	ATTGAATATATCCGGGATGCCCTCACAGTG	CACUGUGAGGGCAUCCCGGAUAUAUUCAAU	0
NM_002649.3:3453-3482	NM_002649.3	NM_002649.3.fasta	3453	3482	+	30	TTGAATATATCCGGGATGCCCTCACAGTGG	CCACUGUGAGGGCAUCCCGGAUAUAUUCAA	0
NM_002649.3:3454-3483	NM_002649.3	NM_002649.3.fasta	3454	3483	+	30	TGAATATATCCGGGATGCCCTCACAGTGGG	CCCACUGUGAGGGCAUCCCGGAUAUAUUCA	0
NM_002649.3:3455-3484	NM_002649.3	NM_002649.3.fasta	3455	3484	+	30	GAATATATCCGGGATGCCCTCACAGTGGGG	CCCCACUGUGAGGGCAUCCCGGAUAUAUUC	0
NM_002649.3:3456-3485	NM_002649.3	NM_002649.3.fasta	3456	3485	+	30	AATATATCCGGGATGCCCTCACAGTGGGGA	UCCCCACUGUGAGGGCAUCCCGGAUAUAUU	0
NM_002649.3:3457-3486	NM_002649.3	NM_002649.3.fasta	3457	3486	+	30	ATATATCCGGGATGCCCTCACAGTGGGGAA	UUCCCCACUGUGAGGGCAUCCCGGAUAUAU	0
NM_002649.3:3458-3487	NM_002649.3	NM_002649.3.fasta	3458	3487	+	30	TATATCCGGGATGCCCTCACAGTGGGGAAA	UUUCCCCACUGUGAGGGCAUCCCGGAUAUA	0
NM_002649.3:3459-3488	NM_002649.3	NM_002649.3.fasta	3459	3488	+	30	ATATCCGGGATGCCCTCACAGTGGGGAAAA	UUUUCCCCACUGUGAGGGCAUCCCGGAUAU	0
NM_002649.3:3460-3489	NM_002649.3	NM_002649.3.fasta	3460	3489	+	30	TATCCGGGATGCCCTCACAGTGGGGAAAAA	UUUUUCCCCACUGUGAGGGCAUCCCGGAUA	0
NM_002649.3:3461-3490	NM_002649.3	NM_002649.3.fasta	3461	3490	+	30	ATCCGGGATGCCCTCACAGTGGGGAAAAAT	AUUUUUCCCCACUGUGAGGGCAUCCCGGAU	0
NM_002649.3:3462-3491	NM_002649.3	NM_002649.3.fasta	3462	3491	+	30	TCCGGGATGCCCTCACAGTGGGGAAAAATG	CAUUUUUCCCCACUGUGAGGGCAUCCCGGA	0
NM_002649.3:3463-3492	NM_002649.3	NM_002649.3.fasta	3463	3492	+	30	CCGGGATGCCCTCACAGTGGGGAAAAATGA	UCAUUUUUCCCCACUGUGAGGGCAUCCCGG	0
NM_002649.3:3464-3493	NM_002649.3	NM_002649.3.fasta	3464	3493	+	30	CGGGATGCCCTCACAGTGGGGAAAAATGAG	CUCAUUUUUCCCCACUGUGAGGGCAUCCCG	0
NM_002649.3:3465-3494	NM_002649.3	NM_002649.3.fasta	3465	3494	+	30	GGGATGCCCTCACAGTGGGGAAAAATGAGG	CCUCAUUUUUCCCCACUGUGAGGGCAUCCC	0
NM_002649.3:3466-3495	NM_002649.3	NM_002649.3.fasta	3466	3495	+	30	GGATGCCCTCACAGTGGGGAAAAATGAGGA	UCCUCAUUUUUCCCCACUGUGAGGGCAUCC	0
NM_002649.3:3467-3496	NM_002649.3	NM_002649.3.fasta	3467	3496	+	30	GATGCCCTCACAGTGGGGAAAAATGAGGAG	CUCCUCAUUUUUCCCCACUGUGAGGGCAUC	0
NM_002649.3:3468-3497	NM_002649.3	NM_002649.3.fasta	3468	3497	+	30	ATGCCCTCACAGTGGGGAAAAATGAGGAGG	CCUCCUCAUUUUUCCCCACUGUGAGGGCAU	0
NM_002649.3:3469-3498	NM_002649.3	NM_002649.3.fasta	3469	3498	+	30	TGCCCTCACAGTGGGGAAAAATGAGGAGGA	UCCUCCUCAUUUUUCCCCACUGUGAGGGCA	0
NM_002649.3:3470-3499	NM_002649.3	NM_002649.3.fasta	3470	3499	+	30	GCCCTCACAGTGGGGAAAAATGAGGAGGAT	AUCCUCCUCAUUUUUCCCCACUGUGAGGGC	0
NM_002649.3:3471-3500	NM_002649.3	NM_002649.3.fasta	3471	3500	+	30	CCCTCACAGTGGGGAAAAATGAGGAGGATG	CAUCCUCCUCAUUUUUCCCCACUGUGAGGG	0
NM_002649.3:3472-3501	NM_002649.3	NM_002649.3.fasta	3472	3501	+	30	CCTCACAGTGGGGAAAAATGAGGAGGATGC	GCAUCCUCCUCAUUUUUCCCCACUGUGAGG	0
NM_002649.3:3473-3502	NM_002649.3	NM_002649.3.fasta	3473	3502	+	30	CTCACAGTGGGGAAAAATGAGGAGGATGCT	AGCAUCCUCCUCAUUUUUCCCCACUGUGAG	0
NM_002649.3:3474-3503	NM_002649.3	NM_002649.3.fasta	3474	3503	+	30	TCACAGTGGGGAAAAATGAGGAGGATGCTA	UAGCAUCCUCCUCAUUUUUCCCCACUGUGA	0
NM_002649.3:3475-3504	NM_002649.3	NM_002649.3.fasta	3475	3504	+	30	CACAGTGGGGAAAAATGAGGAGGATGCTAA	UUAGCAUCCUCCUCAUUUUUCCCCACUGUG	0
NM_002649.3:3476-3505	NM_002649.3	NM_002649.3.fasta	3476	3505	+	30	ACAGTGGGGAAAAATGAGGAGGATGCTAAA	UUUAGCAUCCUCCUCAUUUUUCCCCACUGU	0
NM_002649.3:3477-3506	NM_002649.3	NM_002649.3.fasta	3477	3506	+	30	CAGTGGGGAAAAATGAGGAGGATGCTAAAA	UUUUAGCAUCCUCCUCAUUUUUCCCCACUG	0
NM_002649.3:3478-3507	NM_002649.3	NM_002649.3.fasta	3478	3507	+	30	AGTGGGGAAAAATGAGGAGGATGCTAAAAA	UUUUUAGCAUCCUCCUCAUUUUUCCCCACU	0
NM_002649.3:3479-3508	NM_002649.3	NM_002649.3.fasta	3479	3508	+	30	GTGGGGAAAAATGAGGAGGATGCTAAAAAG	CUUUUUAGCAUCCUCCUCAUUUUUCCCCAC	0
NM_002649.3:3480-3509	NM_002649.3	NM_002649.3.fasta	3480	3509	+	30	TGGGGAAAAATGAGGAGGATGCTAAAAAGT	ACUUUUUAGCAUCCUCCUCAUUUUUCCCCA	0
NM_002649.3:3481-3510	NM_002649.3	NM_002649.3.fasta	3481	3510	+	30	GGGGAAAAATGAGGAGGATGCTAAAAAGTA	UACUUUUUAGCAUCCUCCUCAUUUUUCCCC	0
NM_002649.3:3482-3511	NM_002649.3	NM_002649.3.fasta	3482	3511	+	30	GGGAAAAATGAGGAGGATGCTAAAAAGTAT	AUACUUUUUAGCAUCCUCCUCAUUUUUCCC	0
NM_002649.3:3483-3512	NM_002649.3	NM_002649.3.fasta	3483	3512	+	30	GGAAAAATGAGGAGGATGCTAAAAAGTATT	AAUACUUUUUAGCAUCCUCCUCAUUUUUCC	0
NM_002649.3:3484-3513	NM_002649.3	NM_002649.3.fasta	3484	3513	+	30	GAAAAATGAGGAGGATGCTAAAAAGTATTT	AAAUACUUUUUAGCAUCCUCCUCAUUUUUC	0
NM_002649.3:3485-3514	NM_002649.3	NM_002649.3.fasta	3485	3514	+	30	AAAAATGAGGAGGATGCTAAAAAGTATTTT	AAAAUACUUUUUAGCAUCCUCCUCAUUUUU	0
NM_002649.3:3486-3515	NM_002649.3	NM_002649.3.fasta	3486	3515	+	30	AAAATGAGGAGGATGCTAAAAAGTATTTTC	GAAAAUACUUUUUAGCAUCCUCCUCAUUUU	0
NM_002649.3:3487-3516	NM_002649.3	NM_002649.3.fasta	3487	3516	+	30	AAATGAGGAGGATGCTAAAAAGTATTTTCT	AGAAAAUACUUUUUAGCAUCCUCCUCAUUU	0
NM_002649.3:3488-3517	NM_002649.3	NM_002649.3.fasta	3488	3517	+	30	AATGAGGAGGATGCTAAAAAGTATTTTCTT	AAGAAAAUACUUUUUAGCAUCCUCCUCAUU	0
NM_002649.3:3489-3518	NM_002649.3	NM_002649.3.fasta	3489	3518	+	30	ATGAGGAGGATGCTAAAAAGTATTTTCTTG	CAAGAAAAUACUUUUUAGCAUCCUCCUCAU	0
NM_002649.3:3490-3519	NM_002649.3	NM_002649.3.fasta	3490	3519	+	30	TGAGGAGGATGCTAAAAAGTATTTTCTTGA	UCAAGAAAAUACUUUUUAGCAUCCUCCUCA	0
NM_002649.3:3491-3520	NM_002649.3	NM_002649.3.fasta	3491	3520	+	30	GAGGAGGATGCTAAAAAGTATTTTCTTGAT	AUCAAGAAAAUACUUUUUAGCAUCCUCCUC	0
NM_002649.3:3492-3521	NM_002649.3	NM_002649.3.fasta	3492	3521	+	30	AGGAGGATGCTAAAAAGTATTTTCTTGATC	GAUCAAGAAAAUACUUUUUAGCAUCCUCCU	0
NM_002649.3:3493-3522	NM_002649.3	NM_002649.3.fasta	3493	3522	+	30	GGAGGATGCTAAAAAGTATTTTCTTGATCA	UGAUCAAGAAAAUACUUUUUAGCAUCCUCC	0
NM_002649.3:3494-3523	NM_002649.3	NM_002649.3.fasta	3494	3523	+	30	GAGGATGCTAAAAAGTATTTTCTTGATCAG	CUGAUCAAGAAAAUACUUUUUAGCAUCCUC	0
NM_002649.3:3495-3524	NM_002649.3	NM_002649.3.fasta	3495	3524	+	30	AGGATGCTAAAAAGTATTTTCTTGATCAGA	UCUGAUCAAGAAAAUACUUUUUAGCAUCCU	0
NM_002649.3:3496-3525	NM_002649.3	NM_002649.3.fasta	3496	3525	+	30	GGATGCTAAAAAGTATTTTCTTGATCAGAT	AUCUGAUCAAGAAAAUACUUUUUAGCAUCC	0
NM_002649.3:3497-3526	NM_002649.3	NM_002649.3.fasta	3497	3526	+	30	GATGCTAAAAAGTATTTTCTTGATCAGATC	GAUCUGAUCAAGAAAAUACUUUUUAGCAUC	0
NM_002649.3:3498-3527	NM_002649.3	NM_002649.3.fasta	3498	3527	+	30	ATGCTAAAAAGTATTTTCTTGATCAGATCG	CGAUCUGAUCAAGAAAAUACUUUUUAGCAU	0
NM_002649.3:3499-3528	NM_002649.3	NM_002649.3.fasta	3499	3528	+	30	TGCTAAAAAGTATTTTCTTGATCAGATCGA	UCGAUCUGAUCAAGAAAAUACUUUUUAGCA	0
NM_002649.3:3500-3529	NM_002649.3	NM_002649.3.fasta	3500	3529	+	30	GCTAAAAAGTATTTTCTTGATCAGATCGAA	UUCGAUCUGAUCAAGAAAAUACUUUUUAGC	0
NM_002649.3:3501-3530	NM_002649.3	NM_002649.3.fasta	3501	3530	+	30	CTAAAAAGTATTTTCTTGATCAGATCGAAG	CUUCGAUCUGAUCAAGAAAAUACUUUUUAG	0
NM_002649.3:3502-3531	NM_002649.3	NM_002649.3.fasta	3502	3531	+	30	TAAAAAGTATTTTCTTGATCAGATCGAAGT	ACUUCGAUCUGAUCAAGAAAAUACUUUUUA	0
NM_002649.3:3503-3532	NM_002649.3	NM_002649.3.fasta	3503	3532	+	30	AAAAAGTATTTTCTTGATCAGATCGAAGTT	AACUUCGAUCUGAUCAAGAAAAUACUUUUU	0
NM_002649.3:3504-3533	NM_002649.3	NM_002649.3.fasta	3504	3533	+	30	AAAAGTATTTTCTTGATCAGATCGAAGTTT	AAACUUCGAUCUGAUCAAGAAAAUACUUUU	0
NM_002649.3:3505-3534	NM_002649.3	NM_002649.3.fasta	3505	3534	+	30	AAAGTATTTTCTTGATCAGATCGAAGTTTG	CAAACUUCGAUCUGAUCAAGAAAAUACUUU	0
NM_002649.3:3506-3535	NM_002649.3	NM_002649.3.fasta	3506	3535	+	30	AAGTATTTTCTTGATCAGATCGAAGTTTGC	GCAAACUUCGAUCUGAUCAAGAAAAUACUU	0
NM_002649.3:3507-3536	NM_002649.3	NM_002649.3.fasta	3507	3536	+	30	AGTATTTTCTTGATCAGATCGAAGTTTGCA	UGCAAACUUCGAUCUGAUCAAGAAAAUACU	0
NM_002649.3:3508-3537	NM_002649.3	NM_002649.3.fasta	3508	3537	+	30	GTATTTTCTTGATCAGATCGAAGTTTGCAG	CUGCAAACUUCGAUCUGAUCAAGAAAAUAC	0
NM_002649.3:3509-3538	NM_002649.3	NM_002649.3.fasta	3509	3538	+	30	TATTTTCTTGATCAGATCGAAGTTTGCAGA	UCUGCAAACUUCGAUCUGAUCAAGAAAAUA	0
NM_002649.3:3510-3539	NM_002649.3	NM_002649.3.fasta	3510	3539	+	30	ATTTTCTTGATCAGATCGAAGTTTGCAGAG	CUCUGCAAACUUCGAUCUGAUCAAGAAAAU	0
NM_002649.3:3511-3540	NM_002649.3	NM_002649.3.fasta	3511	3540	+	30	TTTTCTTGATCAGATCGAAGTTTGCAGAGA	UCUCUGCAAACUUCGAUCUGAUCAAGAAAA	0
NM_002649.3:3512-3541	NM_002649.3	NM_002649.3.fasta	3512	3541	+	30	TTTCTTGATCAGATCGAAGTTTGCAGAGAC	GUCUCUGCAAACUUCGAUCUGAUCAAGAAA	0
NM_002649.3:3513-3542	NM_002649.3	NM_002649.3.fasta	3513	3542	+	30	TTCTTGATCAGATCGAAGTTTGCAGAGACA	UGUCUCUGCAAACUUCGAUCUGAUCAAGAA	0
NM_002649.3:3514-3543	NM_002649.3	NM_002649.3.fasta	3514	3543	+	30	TCTTGATCAGATCGAAGTTTGCAGAGACAA	UUGUCUCUGCAAACUUCGAUCUGAUCAAGA	0
NM_002649.3:3515-3544	NM_002649.3	NM_002649.3.fasta	3515	3544	+	30	CTTGATCAGATCGAAGTTTGCAGAGACAAA	UUUGUCUCUGCAAACUUCGAUCUGAUCAAG	0
NM_002649.3:3516-3545	NM_002649.3	NM_002649.3.fasta	3516	3545	+	30	TTGATCAGATCGAAGTTTGCAGAGACAAAG	CUUUGUCUCUGCAAACUUCGAUCUGAUCAA	0
NM_002649.3:3517-3546	NM_002649.3	NM_002649.3.fasta	3517	3546	+	30	TGATCAGATCGAAGTTTGCAGAGACAAAGG	CCUUUGUCUCUGCAAACUUCGAUCUGAUCA	0
NM_002649.3:3518-3547	NM_002649.3	NM_002649.3.fasta	3518	3547	+	30	GATCAGATCGAAGTTTGCAGAGACAAAGGA	UCCUUUGUCUCUGCAAACUUCGAUCUGAUC	0
NM_002649.3:3519-3548	NM_002649.3	NM_002649.3.fasta	3519	3548	+	30	ATCAGATCGAAGTTTGCAGAGACAAAGGAT	AUCCUUUGUCUCUGCAAACUUCGAUCUGAU	0
NM_002649.3:3520-3549	NM_002649.3	NM_002649.3.fasta	3520	3549	+	30	TCAGATCGAAGTTTGCAGAGACAAAGGATG	CAUCCUUUGUCUCUGCAAACUUCGAUCUGA	0
NM_002649.3:3521-3550	NM_002649.3	NM_002649.3.fasta	3521	3550	+	30	CAGATCGAAGTTTGCAGAGACAAAGGATGG	CCAUCCUUUGUCUCUGCAAACUUCGAUCUG	0
NM_002649.3:3522-3551	NM_002649.3	NM_002649.3.fasta	3522	3551	+	30	AGATCGAAGTTTGCAGAGACAAAGGATGGA	UCCAUCCUUUGUCUCUGCAAACUUCGAUCU	0
NM_002649.3:3523-3552	NM_002649.3	NM_002649.3.fasta	3523	3552	+	30	GATCGAAGTTTGCAGAGACAAAGGATGGAC	GUCCAUCCUUUGUCUCUGCAAACUUCGAUC	0
NM_002649.3:3524-3553	NM_002649.3	NM_002649.3.fasta	3524	3553	+	30	ATCGAAGTTTGCAGAGACAAAGGATGGACT	AGUCCAUCCUUUGUCUCUGCAAACUUCGAU	0
NM_002649.3:3525-3554	NM_002649.3	NM_002649.3.fasta	3525	3554	+	30	TCGAAGTTTGCAGAGACAAAGGATGGACTG	CAGUCCAUCCUUUGUCUCUGCAAACUUCGA	0
NM_002649.3:3526-3555	NM_002649.3	NM_002649.3.fasta	3526	3555	+	30	CGAAGTTTGCAGAGACAAAGGATGGACTGT	ACAGUCCAUCCUUUGUCUCUGCAAACUUCG	0
NM_002649.3:3527-3556	NM_002649.3	NM_002649.3.fasta	3527	3556	+	30	GAAGTTTGCAGAGACAAAGGATGGACTGTG	CACAGUCCAUCCUUUGUCUCUGCAAACUUC	0
NM_002649.3:3528-3557	NM_002649.3	NM_002649.3.fasta	3528	3557	+	30	AAGTTTGCAGAGACAAAGGATGGACTGTGC	GCACAGUCCAUCCUUUGUCUCUGCAAACUU	0
NM_002649.3:3529-3558	NM_002649.3	NM_002649.3.fasta	3529	3558	+	30	AGTTTGCAGAGACAAAGGATGGACTGTGCA	UGCACAGUCCAUCCUUUGUCUCUGCAAACU	0
NM_002649.3:3530-3559	NM_002649.3	NM_002649.3.fasta	3530	3559	+	30	GTTTGCAGAGACAAAGGATGGACTGTGCAG	CUGCACAGUCCAUCCUUUGUCUCUGCAAAC	0
NM_002649.3:3531-3560	NM_002649.3	NM_002649.3.fasta	3531	3560	+	30	TTTGCAGAGACAAAGGATGGACTGTGCAGT	ACUGCACAGUCCAUCCUUUGUCUCUGCAAA	0
NM_002649.3:3532-3561	NM_002649.3	NM_002649.3.fasta	3532	3561	+	30	TTGCAGAGACAAAGGATGGACTGTGCAGTT	AACUGCACAGUCCAUCCUUUGUCUCUGCAA	0
NM_002649.3:3533-3562	NM_002649.3	NM_002649.3.fasta	3533	3562	+	30	TGCAGAGACAAAGGATGGACTGTGCAGTTT	AAACUGCACAGUCCAUCCUUUGUCUCUGCA	0
NM_002649.3:3534-3563	NM_002649.3	NM_002649.3.fasta	3534	3563	+	30	GCAGAGACAAAGGATGGACTGTGCAGTTTA	UAAACUGCACAGUCCAUCCUUUGUCUCUGC	0
NM_002649.3:3535-3564	NM_002649.3	NM_002649.3.fasta	3535	3564	+	30	CAGAGACAAAGGATGGACTGTGCAGTTTAA	UUAAACUGCACAGUCCAUCCUUUGUCUCUG	0
NM_002649.3:3536-3565	NM_002649.3	NM_002649.3.fasta	3536	3565	+	30	AGAGACAAAGGATGGACTGTGCAGTTTAAT	AUUAAACUGCACAGUCCAUCCUUUGUCUCU	0
NM_002649.3:3537-3566	NM_002649.3	NM_002649.3.fasta	3537	3566	+	30	GAGACAAAGGATGGACTGTGCAGTTTAATT	AAUUAAACUGCACAGUCCAUCCUUUGUCUC	0
NM_002649.3:3538-3567	NM_002649.3	NM_002649.3.fasta	3538	3567	+	30	AGACAAAGGATGGACTGTGCAGTTTAATTG	CAAUUAAACUGCACAGUCCAUCCUUUGUCU	0
NM_002649.3:3539-3568	NM_002649.3	NM_002649.3.fasta	3539	3568	+	30	GACAAAGGATGGACTGTGCAGTTTAATTGG	CCAAUUAAACUGCACAGUCCAUCCUUUGUC	0
NM_002649.3:3540-3569	NM_002649.3	NM_002649.3.fasta	3540	3569	+	30	ACAAAGGATGGACTGTGCAGTTTAATTGGT	ACCAAUUAAACUGCACAGUCCAUCCUUUGU	0
NM_002649.3:3541-3570	NM_002649.3	NM_002649.3.fasta	3541	3570	+	30	CAAAGGATGGACTGTGCAGTTTAATTGGTT	AACCAAUUAAACUGCACAGUCCAUCCUUUG	0
NM_002649.3:3542-3571	NM_002649.3	NM_002649.3.fasta	3542	3571	+	30	AAAGGATGGACTGTGCAGTTTAATTGGTTT	AAACCAAUUAAACUGCACAGUCCAUCCUUU	0
NM_002649.3:3543-3572	NM_002649.3	NM_002649.3.fasta	3543	3572	+	30	AAGGATGGACTGTGCAGTTTAATTGGTTTC	GAAACCAAUUAAACUGCACAGUCCAUCCUU	0
NM_002649.3:3544-3573	NM_002649.3	NM_002649.3.fasta	3544	3573	+	30	AGGATGGACTGTGCAGTTTAATTGGTTTCT	AGAAACCAAUUAAACUGCACAGUCCAUCCU	0
NM_002649.3:3545-3574	NM_002649.3	NM_002649.3.fasta	3545	3574	+	30	GGATGGACTGTGCAGTTTAATTGGTTTCTA	UAGAAACCAAUUAAACUGCACAGUCCAUCC	0
NM_002649.3:3546-3575	NM_002649.3	NM_002649.3.fasta	3546	3575	+	30	GATGGACTGTGCAGTTTAATTGGTTTCTAC	GUAGAAACCAAUUAAACUGCACAGUCCAUC	0
NM_002649.3:3547-3576	NM_002649.3	NM_002649.3.fasta	3547	3576	+	30	ATGGACTGTGCAGTTTAATTGGTTTCTACA	UGUAGAAACCAAUUAAACUGCACAGUCCAU	0
NM_002649.3:3548-3577	NM_002649.3	NM_002649.3.fasta	3548	3577	+	30	TGGACTGTGCAGTTTAATTGGTTTCTACAT	AUGUAGAAACCAAUUAAACUGCACAGUCCA	0
NM_002649.3:3549-3578	NM_002649.3	NM_002649.3.fasta	3549	3578	+	30	GGACTGTGCAGTTTAATTGGTTTCTACATC	GAUGUAGAAACCAAUUAAACUGCACAGUCC	0
NM_002649.3:3550-3579	NM_002649.3	NM_002649.3.fasta	3550	3579	+	30	GACTGTGCAGTTTAATTGGTTTCTACATCT	AGAUGUAGAAACCAAUUAAACUGCACAGUC	0
NM_002649.3:3551-3580	NM_002649.3	NM_002649.3.fasta	3551	3580	+	30	ACTGTGCAGTTTAATTGGTTTCTACATCTT	AAGAUGUAGAAACCAAUUAAACUGCACAGU	0
NM_002649.3:3552-3581	NM_002649.3	NM_002649.3.fasta	3552	3581	+	30	CTGTGCAGTTTAATTGGTTTCTACATCTTG	CAAGAUGUAGAAACCAAUUAAACUGCACAG	0
NM_002649.3:3553-3582	NM_002649.3	NM_002649.3.fasta	3553	3582	+	30	TGTGCAGTTTAATTGGTTTCTACATCTTGT	ACAAGAUGUAGAAACCAAUUAAACUGCACA	0
NM_002649.3:3554-3583	NM_002649.3	NM_002649.3.fasta	3554	3583	+	30	GTGCAGTTTAATTGGTTTCTACATCTTGTT	AACAAGAUGUAGAAACCAAUUAAACUGCAC	0
NM_002649.3:3555-3584	NM_002649.3	NM_002649.3.fasta	3555	3584	+	30	TGCAGTTTAATTGGTTTCTACATCTTGTTC	GAACAAGAUGUAGAAACCAAUUAAACUGCA	0
NM_002649.3:3556-3585	NM_002649.3	NM_002649.3.fasta	3556	3585	+	30	GCAGTTTAATTGGTTTCTACATCTTGTTCT	AGAACAAGAUGUAGAAACCAAUUAAACUGC	0
NM_002649.3:3557-3586	NM_002649.3	NM_002649.3.fasta	3557	3586	+	30	CAGTTTAATTGGTTTCTACATCTTGTTCTT	AAGAACAAGAUGUAGAAACCAAUUAAACUG	0
NM_002649.3:3558-3587	NM_002649.3	NM_002649.3.fasta	3558	3587	+	30	AGTTTAATTGGTTTCTACATCTTGTTCTTG	CAAGAACAAGAUGUAGAAACCAAUUAAACU	0
NM_002649.3:3559-3588	NM_002649.3	NM_002649.3.fasta	3559	3588	+	30	GTTTAATTGGTTTCTACATCTTGTTCTTGG	CCAAGAACAAGAUGUAGAAACCAAUUAAAC	0
NM_002649.3:3560-3589	NM_002649.3	NM_002649.3.fasta	3560	3589	+	30	TTTAATTGGTTTCTACATCTTGTTCTTGGC	GCCAAGAACAAGAUGUAGAAACCAAUUAAA	0
NM_002649.3:3561-3590	NM_002649.3	NM_002649.3.fasta	3561	3590	+	30	TTAATTGGTTTCTACATCTTGTTCTTGGCA	UGCCAAGAACAAGAUGUAGAAACCAAUUAA	0
NM_002649.3:3562-3591	NM_002649.3	NM_002649.3.fasta	3562	3591	+	30	TAATTGGTTTCTACATCTTGTTCTTGGCAT	AUGCCAAGAACAAGAUGUAGAAACCAAUUA	0
NM_002649.3:3563-3592	NM_002649.3	NM_002649.3.fasta	3563	3592	+	30	AATTGGTTTCTACATCTTGTTCTTGGCATC	GAUGCCAAGAACAAGAUGUAGAAACCAAUU	0
NM_002649.3:3564-3593	NM_002649.3	NM_002649.3.fasta	3564	3593	+	30	ATTGGTTTCTACATCTTGTTCTTGGCATCA	UGAUGCCAAGAACAAGAUGUAGAAACCAAU	0
NM_002649.3:3565-3594	NM_002649.3	NM_002649.3.fasta	3565	3594	+	30	TTGGTTTCTACATCTTGTTCTTGGCATCAA	UUGAUGCCAAGAACAAGAUGUAGAAACCAA	0
NM_002649.3:3566-3595	NM_002649.3	NM_002649.3.fasta	3566	3595	+	30	TGGTTTCTACATCTTGTTCTTGGCATCAAA	UUUGAUGCCAAGAACAAGAUGUAGAAACCA	0
NM_002649.3:3567-3596	NM_002649.3	NM_002649.3.fasta	3567	3596	+	30	GGTTTCTACATCTTGTTCTTGGCATCAAAC	GUUUGAUGCCAAGAACAAGAUGUAGAAACC	0
NM_002649.3:3568-3597	NM_002649.3	NM_002649.3.fasta	3568	3597	+	30	GTTTCTACATCTTGTTCTTGGCATCAAACA	UGUUUGAUGCCAAGAACAAGAUGUAGAAAC	0
NM_002649.3:3569-3598	NM_002649.3	NM_002649.3.fasta	3569	3598	+	30	TTTCTACATCTTGTTCTTGGCATCAAACAA	UUGUUUGAUGCCAAGAACAAGAUGUAGAAA	0
NM_002649.3:3570-3599	NM_002649.3	NM_002649.3.fasta	3570	3599	+	30	TTCTACATCTTGTTCTTGGCATCAAACAAG	CUUGUUUGAUGCCAAGAACAAGAUGUAGAA	0
NM_002649.3:3571-3600	NM_002649.3	NM_002649.3.fasta	3571	3600	+	30	TCTACATCTTGTTCTTGGCATCAAACAAGG	CCUUGUUUGAUGCCAAGAACAAGAUGUAGA	0
NM_002649.3:3572-3601	NM_002649.3	NM_002649.3.fasta	3572	3601	+	30	CTACATCTTGTTCTTGGCATCAAACAAGGA	UCCUUGUUUGAUGCCAAGAACAAGAUGUAG	0
NM_002649.3:3573-3602	NM_002649.3	NM_002649.3.fasta	3573	3602	+	30	TACATCTTGTTCTTGGCATCAAACAAGGAG	CUCCUUGUUUGAUGCCAAGAACAAGAUGUA	0
NM_002649.3:3574-3603	NM_002649.3	NM_002649.3.fasta	3574	3603	+	30	ACATCTTGTTCTTGGCATCAAACAAGGAGA	UCUCCUUGUUUGAUGCCAAGAACAAGAUGU	0
NM_002649.3:3575-3604	NM_002649.3	NM_002649.3.fasta	3575	3604	+	30	CATCTTGTTCTTGGCATCAAACAAGGAGAG	CUCUCCUUGUUUGAUGCCAAGAACAAGAUG	0
NM_002649.3:3576-3605	NM_002649.3	NM_002649.3.fasta	3576	3605	+	30	ATCTTGTTCTTGGCATCAAACAAGGAGAGA	UCUCUCCUUGUUUGAUGCCAAGAACAAGAU	0
NM_002649.3:3577-3606	NM_002649.3	NM_002649.3.fasta	3577	3606	+	30	TCTTGTTCTTGGCATCAAACAAGGAGAGAA	UUCUCUCCUUGUUUGAUGCCAAGAACAAGA	0
NM_002649.3:3578-3607	NM_002649.3	NM_002649.3.fasta	3578	3607	+	30	CTTGTTCTTGGCATCAAACAAGGAGAGAAA	UUUCUCUCCUUGUUUGAUGCCAAGAACAAG	0
NM_002649.3:3579-3608	NM_002649.3	NM_002649.3.fasta	3579	3608	+	30	TTGTTCTTGGCATCAAACAAGGAGAGAAAC	GUUUCUCUCCUUGUUUGAUGCCAAGAACAA	0
NM_002649.3:3580-3609	NM_002649.3	NM_002649.3.fasta	3580	3609	+	30	TGTTCTTGGCATCAAACAAGGAGAGAAACA	UGUUUCUCUCCUUGUUUGAUGCCAAGAACA	0
NM_002649.3:3581-3610	NM_002649.3	NM_002649.3.fasta	3581	3610	+	30	GTTCTTGGCATCAAACAAGGAGAGAAACAT	AUGUUUCUCUCCUUGUUUGAUGCCAAGAAC	0
NM_002649.3:3582-3611	NM_002649.3	NM_002649.3.fasta	3582	3611	+	30	TTCTTGGCATCAAACAAGGAGAGAAACATT	AAUGUUUCUCUCCUUGUUUGAUGCCAAGAA	0
NM_002649.3:3583-3612	NM_002649.3	NM_002649.3.fasta	3583	3612	+	30	TCTTGGCATCAAACAAGGAGAGAAACATTC	GAAUGUUUCUCUCCUUGUUUGAUGCCAAGA	0
NM_002649.3:3584-3613	NM_002649.3	NM_002649.3.fasta	3584	3613	+	30	CTTGGCATCAAACAAGGAGAGAAACATTCA	UGAAUGUUUCUCUCCUUGUUUGAUGCCAAG	0
NM_002649.3:3585-3614	NM_002649.3	NM_002649.3.fasta	3585	3614	+	30	TTGGCATCAAACAAGGAGAGAAACATTCAG	CUGAAUGUUUCUCUCCUUGUUUGAUGCCAA	0
NM_002649.3:3586-3615	NM_002649.3	NM_002649.3.fasta	3586	3615	+	30	TGGCATCAAACAAGGAGAGAAACATTCAGC	GCUGAAUGUUUCUCUCCUUGUUUGAUGCCA	0
NM_002649.3:3587-3616	NM_002649.3	NM_002649.3.fasta	3587	3616	+	30	GGCATCAAACAAGGAGAGAAACATTCAGCC	GGCUGAAUGUUUCUCUCCUUGUUUGAUGCC	0
NM_002649.3:3588-3617	NM_002649.3	NM_002649.3.fasta	3588	3617	+	30	GCATCAAACAAGGAGAGAAACATTCAGCCT	AGGCUGAAUGUUUCUCUCCUUGUUUGAUGC	0
NM_002649.3:3589-3618	NM_002649.3	NM_002649.3.fasta	3589	3618	+	30	CATCAAACAAGGAGAGAAACATTCAGCCTA	UAGGCUGAAUGUUUCUCUCCUUGUUUGAUG	0
NM_002649.3:3590-3619	NM_002649.3	NM_002649.3.fasta	3590	3619	+	30	ATCAAACAAGGAGAGAAACATTCAGCCTAA	UUAGGCUGAAUGUUUCUCUCCUUGUUUGAU	0
NM_002649.3:3591-3620	NM_002649.3	NM_002649.3.fasta	3591	3620	+	30	TCAAACAAGGAGAGAAACATTCAGCCTAAT	AUUAGGCUGAAUGUUUCUCUCCUUGUUUGA	0
NM_002649.3:3592-3621	NM_002649.3	NM_002649.3.fasta	3592	3621	+	30	CAAACAAGGAGAGAAACATTCAGCCTAATA	UAUUAGGCUGAAUGUUUCUCUCCUUGUUUG	0
NM_002649.3:3593-3622	NM_002649.3	NM_002649.3.fasta	3593	3622	+	30	AAACAAGGAGAGAAACATTCAGCCTAATAC	GUAUUAGGCUGAAUGUUUCUCUCCUUGUUU	0
NM_002649.3:3594-3623	NM_002649.3	NM_002649.3.fasta	3594	3623	+	30	AACAAGGAGAGAAACATTCAGCCTAATACT	AGUAUUAGGCUGAAUGUUUCUCUCCUUGUU	0
NM_002649.3:3595-3624	NM_002649.3	NM_002649.3.fasta	3595	3624	+	30	ACAAGGAGAGAAACATTCAGCCTAATACTT	AAGUAUUAGGCUGAAUGUUUCUCUCCUUGU	0
NM_002649.3:3596-3625	NM_002649.3	NM_002649.3.fasta	3596	3625	+	30	CAAGGAGAGAAACATTCAGCCTAATACTTT	AAAGUAUUAGGCUGAAUGUUUCUCUCCUUG	0
NM_002649.3:3597-3626	NM_002649.3	NM_002649.3.fasta	3597	3626	+	30	AAGGAGAGAAACATTCAGCCTAATACTTTA	UAAAGUAUUAGGCUGAAUGUUUCUCUCCUU	0
NM_002649.3:3598-3627	NM_002649.3	NM_002649.3.fasta	3598	3627	+	30	AGGAGAGAAACATTCAGCCTAATACTTTAG	CUAAAGUAUUAGGCUGAAUGUUUCUCUCCU	0
NM_002649.3:3599-3628	NM_002649.3	NM_002649.3.fasta	3599	3628	+	30	GGAGAGAAACATTCAGCCTAATACTTTAGG	CCUAAAGUAUUAGGCUGAAUGUUUCUCUCC	0
NM_002649.3:3600-3629	NM_002649.3	NM_002649.3.fasta	3600	3629	+	30	GAGAGAAACATTCAGCCTAATACTTTAGGC	GCCUAAAGUAUUAGGCUGAAUGUUUCUCUC	0
NM_002649.3:3601-3630	NM_002649.3	NM_002649.3.fasta	3601	3630	+	30	AGAGAAACATTCAGCCTAATACTTTAGGCT	AGCCUAAAGUAUUAGGCUGAAUGUUUCUCU	0
NM_002649.3:3602-3631	NM_002649.3	NM_002649.3.fasta	3602	3631	+	30	GAGAAACATTCAGCCTAATACTTTAGGCTA	UAGCCUAAAGUAUUAGGCUGAAUGUUUCUC	0
NM_002649.3:3603-3632	NM_002649.3	NM_002649.3.fasta	3603	3632	+	30	AGAAACATTCAGCCTAATACTTTAGGCTAG	CUAGCCUAAAGUAUUAGGCUGAAUGUUUCU	0
NM_002649.3:3604-3633	NM_002649.3	NM_002649.3.fasta	3604	3633	+	30	GAAACATTCAGCCTAATACTTTAGGCTAGA	UCUAGCCUAAAGUAUUAGGCUGAAUGUUUC	0
NM_002649.3:3605-3634	NM_002649.3	NM_002649.3.fasta	3605	3634	+	30	AAACATTCAGCCTAATACTTTAGGCTAGAA	UUCUAGCCUAAAGUAUUAGGCUGAAUGUUU	0
NM_002649.3:3606-3635	NM_002649.3	NM_002649.3.fasta	3606	3635	+	30	AACATTCAGCCTAATACTTTAGGCTAGAAT	AUUCUAGCCUAAAGUAUUAGGCUGAAUGUU	0
NM_002649.3:3607-3636	NM_002649.3	NM_002649.3.fasta	3607	3636	+	30	ACATTCAGCCTAATACTTTAGGCTAGAATC	GAUUCUAGCCUAAAGUAUUAGGCUGAAUGU	0
NM_002649.3:3608-3637	NM_002649.3	NM_002649.3.fasta	3608	3637	+	30	CATTCAGCCTAATACTTTAGGCTAGAATCA	UGAUUCUAGCCUAAAGUAUUAGGCUGAAUG	0
NM_002649.3:3609-3638	NM_002649.3	NM_002649.3.fasta	3609	3638	+	30	ATTCAGCCTAATACTTTAGGCTAGAATCAA	UUGAUUCUAGCCUAAAGUAUUAGGCUGAAU	0
NM_002649.3:3610-3639	NM_002649.3	NM_002649.3.fasta	3610	3639	+	30	TTCAGCCTAATACTTTAGGCTAGAATCAAA	UUUGAUUCUAGCCUAAAGUAUUAGGCUGAA	0
NM_002649.3:3611-3640	NM_002649.3	NM_002649.3.fasta	3611	3640	+	30	TCAGCCTAATACTTTAGGCTAGAATCAAAA	UUUUGAUUCUAGCCUAAAGUAUUAGGCUGA	0
NM_002649.3:3612-3641	NM_002649.3	NM_002649.3.fasta	3612	3641	+	30	CAGCCTAATACTTTAGGCTAGAATCAAAAA	UUUUUGAUUCUAGCCUAAAGUAUUAGGCUG	0
NM_002649.3:3613-3642	NM_002649.3	NM_002649.3.fasta	3613	3642	+	30	AGCCTAATACTTTAGGCTAGAATCAAAAAC	GUUUUUGAUUCUAGCCUAAAGUAUUAGGCU	0
NM_002649.3:3614-3643	NM_002649.3	NM_002649.3.fasta	3614	3643	+	30	GCCTAATACTTTAGGCTAGAATCAAAAACA	UGUUUUUGAUUCUAGCCUAAAGUAUUAGGC	0
NM_002649.3:3615-3644	NM_002649.3	NM_002649.3.fasta	3615	3644	+	30	CCTAATACTTTAGGCTAGAATCAAAAACAA	UUGUUUUUGAUUCUAGCCUAAAGUAUUAGG	0
NM_002649.3:3616-3645	NM_002649.3	NM_002649.3.fasta	3616	3645	+	30	CTAATACTTTAGGCTAGAATCAAAAACAAG	CUUGUUUUUGAUUCUAGCCUAAAGUAUUAG	0
NM_002649.3:3617-3646	NM_002649.3	NM_002649.3.fasta	3617	3646	+	30	TAATACTTTAGGCTAGAATCAAAAACAAGT	ACUUGUUUUUGAUUCUAGCCUAAAGUAUUA	0
NM_002649.3:3618-3647	NM_002649.3	NM_002649.3.fasta	3618	3647	+	30	AATACTTTAGGCTAGAATCAAAAACAAGTT	AACUUGUUUUUGAUUCUAGCCUAAAGUAUU	0
NM_002649.3:3619-3648	NM_002649.3	NM_002649.3.fasta	3619	3648	+	30	ATACTTTAGGCTAGAATCAAAAACAAGTTA	UAACUUGUUUUUGAUUCUAGCCUAAAGUAU	0
NM_002649.3:3620-3649	NM_002649.3	NM_002649.3.fasta	3620	3649	+	30	TACTTTAGGCTAGAATCAAAAACAAGTTAG	CUAACUUGUUUUUGAUUCUAGCCUAAAGUA	0
NM_002649.3:3621-3650	NM_002649.3	NM_002649.3.fasta	3621	3650	+	30	ACTTTAGGCTAGAATCAAAAACAAGTTAGT	ACUAACUUGUUUUUGAUUCUAGCCUAAAGU	0
NM_002649.3:3622-3651	NM_002649.3	NM_002649.3.fasta	3622	3651	+	30	CTTTAGGCTAGAATCAAAAACAAGTTAGTG	CACUAACUUGUUUUUGAUUCUAGCCUAAAG	0
NM_002649.3:3623-3652	NM_002649.3	NM_002649.3.fasta	3623	3652	+	30	TTTAGGCTAGAATCAAAAACAAGTTAGTGT	ACACUAACUUGUUUUUGAUUCUAGCCUAAA	0
NM_002649.3:3624-3653	NM_002649.3	NM_002649.3.fasta	3624	3653	+	30	TTAGGCTAGAATCAAAAACAAGTTAGTGTT	AACACUAACUUGUUUUUGAUUCUAGCCUAA	0
NM_002649.3:3625-3654	NM_002649.3	NM_002649.3.fasta	3625	3654	+	30	TAGGCTAGAATCAAAAACAAGTTAGTGTTC	GAACACUAACUUGUUUUUGAUUCUAGCCUA	0
NM_002649.3:3626-3655	NM_002649.3	NM_002649.3.fasta	3626	3655	+	30	AGGCTAGAATCAAAAACAAGTTAGTGTTCT	AGAACACUAACUUGUUUUUGAUUCUAGCCU	0
NM_002649.3:3627-3656	NM_002649.3	NM_002649.3.fasta	3627	3656	+	30	GGCTAGAATCAAAAACAAGTTAGTGTTCTA	UAGAACACUAACUUGUUUUUGAUUCUAGCC	0
NM_002649.3:3628-3657	NM_002649.3	NM_002649.3.fasta	3628	3657	+	30	GCTAGAATCAAAAACAAGTTAGTGTTCTAT	AUAGAACACUAACUUGUUUUUGAUUCUAGC	0
NM_002649.3:3629-3658	NM_002649.3	NM_002649.3.fasta	3629	3658	+	30	CTAGAATCAAAAACAAGTTAGTGTTCTATG	CAUAGAACACUAACUUGUUUUUGAUUCUAG	0
NM_002649.3:3630-3659	NM_002649.3	NM_002649.3.fasta	3630	3659	+	30	TAGAATCAAAAACAAGTTAGTGTTCTATGG	CCAUAGAACACUAACUUGUUUUUGAUUCUA	0
NM_002649.3:3631-3660	NM_002649.3	NM_002649.3.fasta	3631	3660	+	30	AGAATCAAAAACAAGTTAGTGTTCTATGGT	ACCAUAGAACACUAACUUGUUUUUGAUUCU	0
NM_002649.3:3632-3661	NM_002649.3	NM_002649.3.fasta	3632	3661	+	30	GAATCAAAAACAAGTTAGTGTTCTATGGTT	AACCAUAGAACACUAACUUGUUUUUGAUUC	0
NM_002649.3:3633-3662	NM_002649.3	NM_002649.3.fasta	3633	3662	+	30	AATCAAAAACAAGTTAGTGTTCTATGGTTT	AAACCAUAGAACACUAACUUGUUUUUGAUU	0
NM_002649.3:3634-3663	NM_002649.3	NM_002649.3.fasta	3634	3663	+	30	ATCAAAAACAAGTTAGTGTTCTATGGTTTA	UAAACCAUAGAACACUAACUUGUUUUUGAU	0
NM_002649.3:3635-3664	NM_002649.3	NM_002649.3.fasta	3635	3664	+	30	TCAAAAACAAGTTAGTGTTCTATGGTTTAA	UUAAACCAUAGAACACUAACUUGUUUUUGA	0
NM_002649.3:3636-3665	NM_002649.3	NM_002649.3.fasta	3636	3665	+	30	CAAAAACAAGTTAGTGTTCTATGGTTTAAA	UUUAAACCAUAGAACACUAACUUGUUUUUG	0
NM_002649.3:3637-3666	NM_002649.3	NM_002649.3.fasta	3637	3666	+	30	AAAAACAAGTTAGTGTTCTATGGTTTAAAT	AUUUAAACCAUAGAACACUAACUUGUUUUU	0
NM_002649.3:3638-3667	NM_002649.3	NM_002649.3.fasta	3638	3667	+	30	AAAACAAGTTAGTGTTCTATGGTTTAAATT	AAUUUAAACCAUAGAACACUAACUUGUUUU	0
NM_002649.3:3639-3668	NM_002649.3	NM_002649.3.fasta	3639	3668	+	30	AAACAAGTTAGTGTTCTATGGTTTAAATTA	UAAUUUAAACCAUAGAACACUAACUUGUUU	0
NM_002649.3:3640-3669	NM_002649.3	NM_002649.3.fasta	3640	3669	+	30	AACAAGTTAGTGTTCTATGGTTTAAATTAG	CUAAUUUAAACCAUAGAACACUAACUUGUU	0
NM_002649.3:3641-3670	NM_002649.3	NM_002649.3.fasta	3641	3670	+	30	ACAAGTTAGTGTTCTATGGTTTAAATTAGC	GCUAAUUUAAACCAUAGAACACUAACUUGU	0
NM_002649.3:3642-3671	NM_002649.3	NM_002649.3.fasta	3642	3671	+	30	CAAGTTAGTGTTCTATGGTTTAAATTAGCA	UGCUAAUUUAAACCAUAGAACACUAACUUG	0
NM_002649.3:3643-3672	NM_002649.3	NM_002649.3.fasta	3643	3672	+	30	AAGTTAGTGTTCTATGGTTTAAATTAGCAT	AUGCUAAUUUAAACCAUAGAACACUAACUU	0
NM_002649.3:3644-3673	NM_002649.3	NM_002649.3.fasta	3644	3673	+	30	AGTTAGTGTTCTATGGTTTAAATTAGCATA	UAUGCUAAUUUAAACCAUAGAACACUAACU	0
NM_002649.3:3645-3674	NM_002649.3	NM_002649.3.fasta	3645	3674	+	30	GTTAGTGTTCTATGGTTTAAATTAGCATAG	CUAUGCUAAUUUAAACCAUAGAACACUAAC	0
NM_002649.3:3646-3675	NM_002649.3	NM_002649.3.fasta	3646	3675	+	30	TTAGTGTTCTATGGTTTAAATTAGCATAGC	GCUAUGCUAAUUUAAACCAUAGAACACUAA	0
NM_002649.3:3647-3676	NM_002649.3	NM_002649.3.fasta	3647	3676	+	30	TAGTGTTCTATGGTTTAAATTAGCATAGCA	UGCUAUGCUAAUUUAAACCAUAGAACACUA	0
NM_002649.3:3648-3677	NM_002649.3	NM_002649.3.fasta	3648	3677	+	30	AGTGTTCTATGGTTTAAATTAGCATAGCAA	UUGCUAUGCUAAUUUAAACCAUAGAACACU	0
NM_002649.3:3649-3678	NM_002649.3	NM_002649.3.fasta	3649	3678	+	30	GTGTTCTATGGTTTAAATTAGCATAGCAAT	AUUGCUAUGCUAAUUUAAACCAUAGAACAC	0
NM_002649.3:3650-3679	NM_002649.3	NM_002649.3.fasta	3650	3679	+	30	TGTTCTATGGTTTAAATTAGCATAGCAATC	GAUUGCUAUGCUAAUUUAAACCAUAGAACA	0
NM_002649.3:3651-3680	NM_002649.3	NM_002649.3.fasta	3651	3680	+	30	GTTCTATGGTTTAAATTAGCATAGCAATCA	UGAUUGCUAUGCUAAUUUAAACCAUAGAAC	0
NM_002649.3:3652-3681	NM_002649.3	NM_002649.3.fasta	3652	3681	+	30	TTCTATGGTTTAAATTAGCATAGCAATCAT	AUGAUUGCUAUGCUAAUUUAAACCAUAGAA	0
NM_002649.3:3653-3682	NM_002649.3	NM_002649.3.fasta	3653	3682	+	30	TCTATGGTTTAAATTAGCATAGCAATCATC	GAUGAUUGCUAUGCUAAUUUAAACCAUAGA	0
NM_002649.3:3654-3683	NM_002649.3	NM_002649.3.fasta	3654	3683	+	30	CTATGGTTTAAATTAGCATAGCAATCATCG	CGAUGAUUGCUAUGCUAAUUUAAACCAUAG	0
NM_002649.3:3655-3684	NM_002649.3	NM_002649.3.fasta	3655	3684	+	30	TATGGTTTAAATTAGCATAGCAATCATCGA	UCGAUGAUUGCUAUGCUAAUUUAAACCAUA	0
NM_002649.3:3656-3685	NM_002649.3	NM_002649.3.fasta	3656	3685	+	30	ATGGTTTAAATTAGCATAGCAATCATCGAA	UUCGAUGAUUGCUAUGCUAAUUUAAACCAU	0
NM_002649.3:3657-3686	NM_002649.3	NM_002649.3.fasta	3657	3686	+	30	TGGTTTAAATTAGCATAGCAATCATCGAAC	GUUCGAUGAUUGCUAUGCUAAUUUAAACCA	0
NM_002649.3:3658-3687	NM_002649.3	NM_002649.3.fasta	3658	3687	+	30	GGTTTAAATTAGCATAGCAATCATCGAACT	AGUUCGAUGAUUGCUAUGCUAAUUUAAACC	0
NM_002649.3:3659-3688	NM_002649.3	NM_002649.3.fasta	3659	3688	+	30	GTTTAAATTAGCATAGCAATCATCGAACTT	AAGUUCGAUGAUUGCUAUGCUAAUUUAAAC	0
NM_002649.3:3660-3689	NM_002649.3	NM_002649.3.fasta	3660	3689	+	30	TTTAAATTAGCATAGCAATCATCGAACTTG	CAAGUUCGAUGAUUGCUAUGCUAAUUUAAA	0
NM_002649.3:3661-3690	NM_002649.3	NM_002649.3.fasta	3661	3690	+	30	TTAAATTAGCATAGCAATCATCGAACTTGG	CCAAGUUCGAUGAUUGCUAUGCUAAUUUAA	0
NM_002649.3:3662-3691	NM_002649.3	NM_002649.3.fasta	3662	3691	+	30	TAAATTAGCATAGCAATCATCGAACTTGGA	UCCAAGUUCGAUGAUUGCUAUGCUAAUUUA	0
NM_002649.3:3663-3692	NM_002649.3	NM_002649.3.fasta	3663	3692	+	30	AAATTAGCATAGCAATCATCGAACTTGGAT	AUCCAAGUUCGAUGAUUGCUAUGCUAAUUU	0
NM_002649.3:3664-3693	NM_002649.3	NM_002649.3.fasta	3664	3693	+	30	AATTAGCATAGCAATCATCGAACTTGGATT	AAUCCAAGUUCGAUGAUUGCUAUGCUAAUU	0
NM_002649.3:3665-3694	NM_002649.3	NM_002649.3.fasta	3665	3694	+	30	ATTAGCATAGCAATCATCGAACTTGGATTT	AAAUCCAAGUUCGAUGAUUGCUAUGCUAAU	0
NM_002649.3:3666-3695	NM_002649.3	NM_002649.3.fasta	3666	3695	+	30	TTAGCATAGCAATCATCGAACTTGGATTTC	GAAAUCCAAGUUCGAUGAUUGCUAUGCUAA	0
NM_002649.3:3667-3696	NM_002649.3	NM_002649.3.fasta	3667	3696	+	30	TAGCATAGCAATCATCGAACTTGGATTTCA	UGAAAUCCAAGUUCGAUGAUUGCUAUGCUA	0
NM_002649.3:3668-3697	NM_002649.3	NM_002649.3.fasta	3668	3697	+	30	AGCATAGCAATCATCGAACTTGGATTTCAA	UUGAAAUCCAAGUUCGAUGAUUGCUAUGCU	0
NM_002649.3:3669-3698	NM_002649.3	NM_002649.3.fasta	3669	3698	+	30	GCATAGCAATCATCGAACTTGGATTTCAAA	UUUGAAAUCCAAGUUCGAUGAUUGCUAUGC	0
NM_002649.3:3670-3699	NM_002649.3	NM_002649.3.fasta	3670	3699	+	30	CATAGCAATCATCGAACTTGGATTTCAAAT	AUUUGAAAUCCAAGUUCGAUGAUUGCUAUG	0
NM_002649.3:3671-3700	NM_002649.3	NM_002649.3.fasta	3671	3700	+	30	ATAGCAATCATCGAACTTGGATTTCAAATG	CAUUUGAAAUCCAAGUUCGAUGAUUGCUAU	0
NM_002649.3:3672-3701	NM_002649.3	NM_002649.3.fasta	3672	3701	+	30	TAGCAATCATCGAACTTGGATTTCAAATGC	GCAUUUGAAAUCCAAGUUCGAUGAUUGCUA	0
NM_002649.3:3673-3702	NM_002649.3	NM_002649.3.fasta	3673	3702	+	30	AGCAATCATCGAACTTGGATTTCAAATGCA	UGCAUUUGAAAUCCAAGUUCGAUGAUUGCU	0
NM_002649.3:3674-3703	NM_002649.3	NM_002649.3.fasta	3674	3703	+	30	GCAATCATCGAACTTGGATTTCAAATGCAA	UUGCAUUUGAAAUCCAAGUUCGAUGAUUGC	0
NM_002649.3:3675-3704	NM_002649.3	NM_002649.3.fasta	3675	3704	+	30	CAATCATCGAACTTGGATTTCAAATGCAAT	AUUGCAUUUGAAAUCCAAGUUCGAUGAUUG	0
NM_002649.3:3676-3705	NM_002649.3	NM_002649.3.fasta	3676	3705	+	30	AATCATCGAACTTGGATTTCAAATGCAATA	UAUUGCAUUUGAAAUCCAAGUUCGAUGAUU	0
NM_002649.3:3677-3706	NM_002649.3	NM_002649.3.fasta	3677	3706	+	30	ATCATCGAACTTGGATTTCAAATGCAATAG	CUAUUGCAUUUGAAAUCCAAGUUCGAUGAU	0
NM_002649.3:3678-3707	NM_002649.3	NM_002649.3.fasta	3678	3707	+	30	TCATCGAACTTGGATTTCAAATGCAATAGA	UCUAUUGCAUUUGAAAUCCAAGUUCGAUGA	0
NM_002649.3:3679-3708	NM_002649.3	NM_002649.3.fasta	3679	3708	+	30	CATCGAACTTGGATTTCAAATGCAATAGAC	GUCUAUUGCAUUUGAAAUCCAAGUUCGAUG	0
NM_002649.3:3680-3709	NM_002649.3	NM_002649.3.fasta	3680	3709	+	30	ATCGAACTTGGATTTCAAATGCAATAGACA	UGUCUAUUGCAUUUGAAAUCCAAGUUCGAU	0
NM_002649.3:3681-3710	NM_002649.3	NM_002649.3.fasta	3681	3710	+	30	TCGAACTTGGATTTCAAATGCAATAGACAT	AUGUCUAUUGCAUUUGAAAUCCAAGUUCGA	0
NM_002649.3:3682-3711	NM_002649.3	NM_002649.3.fasta	3682	3711	+	30	CGAACTTGGATTTCAAATGCAATAGACATT	AAUGUCUAUUGCAUUUGAAAUCCAAGUUCG	0
NM_002649.3:3683-3712	NM_002649.3	NM_002649.3.fasta	3683	3712	+	30	GAACTTGGATTTCAAATGCAATAGACATTG	CAAUGUCUAUUGCAUUUGAAAUCCAAGUUC	0
NM_002649.3:3684-3713	NM_002649.3	NM_002649.3.fasta	3684	3713	+	30	AACTTGGATTTCAAATGCAATAGACATTGT	ACAAUGUCUAUUGCAUUUGAAAUCCAAGUU	0
NM_002649.3:3685-3714	NM_002649.3	NM_002649.3.fasta	3685	3714	+	30	ACTTGGATTTCAAATGCAATAGACATTGTG	CACAAUGUCUAUUGCAUUUGAAAUCCAAGU	0
NM_002649.3:3686-3715	NM_002649.3	NM_002649.3.fasta	3686	3715	+	30	CTTGGATTTCAAATGCAATAGACATTGTGA	UCACAAUGUCUAUUGCAUUUGAAAUCCAAG	0
NM_002649.3:3687-3716	NM_002649.3	NM_002649.3.fasta	3687	3716	+	30	TTGGATTTCAAATGCAATAGACATTGTGAA	UUCACAAUGUCUAUUGCAUUUGAAAUCCAA	0
NM_002649.3:3688-3717	NM_002649.3	NM_002649.3.fasta	3688	3717	+	30	TGGATTTCAAATGCAATAGACATTGTGAAA	UUUCACAAUGUCUAUUGCAUUUGAAAUCCA	0
NM_002649.3:3689-3718	NM_002649.3	NM_002649.3.fasta	3689	3718	+	30	GGATTTCAAATGCAATAGACATTGTGAAAG	CUUUCACAAUGUCUAUUGCAUUUGAAAUCC	0
NM_002649.3:3690-3719	NM_002649.3	NM_002649.3.fasta	3690	3719	+	30	GATTTCAAATGCAATAGACATTGTGAAAGC	GCUUUCACAAUGUCUAUUGCAUUUGAAAUC	0
NM_002649.3:3691-3720	NM_002649.3	NM_002649.3.fasta	3691	3720	+	30	ATTTCAAATGCAATAGACATTGTGAAAGCT	AGCUUUCACAAUGUCUAUUGCAUUUGAAAU	0
NM_002649.3:3692-3721	NM_002649.3	NM_002649.3.fasta	3692	3721	+	30	TTTCAAATGCAATAGACATTGTGAAAGCTG	CAGCUUUCACAAUGUCUAUUGCAUUUGAAA	0
NM_002649.3:3693-3722	NM_002649.3	NM_002649.3.fasta	3693	3722	+	30	TTCAAATGCAATAGACATTGTGAAAGCTGG	CCAGCUUUCACAAUGUCUAUUGCAUUUGAA	0
NM_002649.3:3694-3723	NM_002649.3	NM_002649.3.fasta	3694	3723	+	30	TCAAATGCAATAGACATTGTGAAAGCTGGC	GCCAGCUUUCACAAUGUCUAUUGCAUUUGA	0
NM_002649.3:3695-3724	NM_002649.3	NM_002649.3.fasta	3695	3724	+	30	CAAATGCAATAGACATTGTGAAAGCTGGCA	UGCCAGCUUUCACAAUGUCUAUUGCAUUUG	0
NM_002649.3:3696-3725	NM_002649.3	NM_002649.3.fasta	3696	3725	+	30	AAATGCAATAGACATTGTGAAAGCTGGCAT	AUGCCAGCUUUCACAAUGUCUAUUGCAUUU	0
NM_002649.3:3697-3726	NM_002649.3	NM_002649.3.fasta	3697	3726	+	30	AATGCAATAGACATTGTGAAAGCTGGCATT	AAUGCCAGCUUUCACAAUGUCUAUUGCAUU	0
NM_002649.3:3698-3727	NM_002649.3	NM_002649.3.fasta	3698	3727	+	30	ATGCAATAGACATTGTGAAAGCTGGCATTT	AAAUGCCAGCUUUCACAAUGUCUAUUGCAU	0
NM_002649.3:3699-3728	NM_002649.3	NM_002649.3.fasta	3699	3728	+	30	TGCAATAGACATTGTGAAAGCTGGCATTTC	GAAAUGCCAGCUUUCACAAUGUCUAUUGCA	0
NM_002649.3:3700-3729	NM_002649.3	NM_002649.3.fasta	3700	3729	+	30	GCAATAGACATTGTGAAAGCTGGCATTTCA	UGAAAUGCCAGCUUUCACAAUGUCUAUUGC	0
NM_002649.3:3701-3730	NM_002649.3	NM_002649.3.fasta	3701	3730	+	30	CAATAGACATTGTGAAAGCTGGCATTTCAG	CUGAAAUGCCAGCUUUCACAAUGUCUAUUG	0
NM_002649.3:3702-3731	NM_002649.3	NM_002649.3.fasta	3702	3731	+	30	AATAGACATTGTGAAAGCTGGCATTTCAGA	UCUGAAAUGCCAGCUUUCACAAUGUCUAUU	0
NM_002649.3:3703-3732	NM_002649.3	NM_002649.3.fasta	3703	3732	+	30	ATAGACATTGTGAAAGCTGGCATTTCAGAA	UUCUGAAAUGCCAGCUUUCACAAUGUCUAU	0
NM_002649.3:3704-3733	NM_002649.3	NM_002649.3.fasta	3704	3733	+	30	TAGACATTGTGAAAGCTGGCATTTCAGAAG	CUUCUGAAAUGCCAGCUUUCACAAUGUCUA	0
NM_002649.3:3705-3734	NM_002649.3	NM_002649.3.fasta	3705	3734	+	30	AGACATTGTGAAAGCTGGCATTTCAGAAGT	ACUUCUGAAAUGCCAGCUUUCACAAUGUCU	0
NM_002649.3:3706-3735	NM_002649.3	NM_002649.3.fasta	3706	3735	+	30	GACATTGTGAAAGCTGGCATTTCAGAAGTA	UACUUCUGAAAUGCCAGCUUUCACAAUGUC	0
NM_002649.3:3707-3736	NM_002649.3	NM_002649.3.fasta	3707	3736	+	30	ACATTGTGAAAGCTGGCATTTCAGAAGTAT	AUACUUCUGAAAUGCCAGCUUUCACAAUGU	0
NM_002649.3:3708-3737	NM_002649.3	NM_002649.3.fasta	3708	3737	+	30	CATTGTGAAAGCTGGCATTTCAGAAGTATA	UAUACUUCUGAAAUGCCAGCUUUCACAAUG	0
NM_002649.3:3709-3738	NM_002649.3	NM_002649.3.fasta	3709	3738	+	30	ATTGTGAAAGCTGGCATTTCAGAAGTATAG	CUAUACUUCUGAAAUGCCAGCUUUCACAAU	0
NM_002649.3:3710-3739	NM_002649.3	NM_002649.3.fasta	3710	3739	+	30	TTGTGAAAGCTGGCATTTCAGAAGTATAGC	GCUAUACUUCUGAAAUGCCAGCUUUCACAA	0
NM_002649.3:3711-3740	NM_002649.3	NM_002649.3.fasta	3711	3740	+	30	TGTGAAAGCTGGCATTTCAGAAGTATAGCT	AGCUAUACUUCUGAAAUGCCAGCUUUCACA	0
NM_002649.3:3712-3741	NM_002649.3	NM_002649.3.fasta	3712	3741	+	30	GTGAAAGCTGGCATTTCAGAAGTATAGCTC	GAGCUAUACUUCUGAAAUGCCAGCUUUCAC	0
NM_002649.3:3713-3742	NM_002649.3	NM_002649.3.fasta	3713	3742	+	30	TGAAAGCTGGCATTTCAGAAGTATAGCTCT	AGAGCUAUACUUCUGAAAUGCCAGCUUUCA	0
NM_002649.3:3714-3743	NM_002649.3	NM_002649.3.fasta	3714	3743	+	30	GAAAGCTGGCATTTCAGAAGTATAGCTCTT	AAGAGCUAUACUUCUGAAAUGCCAGCUUUC	0
NM_002649.3:3715-3744	NM_002649.3	NM_002649.3.fasta	3715	3744	+	30	AAAGCTGGCATTTCAGAAGTATAGCTCTTT	AAAGAGCUAUACUUCUGAAAUGCCAGCUUU	0
NM_002649.3:3716-3745	NM_002649.3	NM_002649.3.fasta	3716	3745	+	30	AAGCTGGCATTTCAGAAGTATAGCTCTTTT	AAAAGAGCUAUACUUCUGAAAUGCCAGCUU	0
NM_002649.3:3717-3746	NM_002649.3	NM_002649.3.fasta	3717	3746	+	30	AGCTGGCATTTCAGAAGTATAGCTCTTTTC	GAAAAGAGCUAUACUUCUGAAAUGCCAGCU	0
NM_002649.3:3718-3747	NM_002649.3	NM_002649.3.fasta	3718	3747	+	30	GCTGGCATTTCAGAAGTATAGCTCTTTTCC	GGAAAAGAGCUAUACUUCUGAAAUGCCAGC	0
NM_002649.3:3719-3748	NM_002649.3	NM_002649.3.fasta	3719	3748	+	30	CTGGCATTTCAGAAGTATAGCTCTTTTCCT	AGGAAAAGAGCUAUACUUCUGAAAUGCCAG	0
NM_002649.3:3720-3749	NM_002649.3	NM_002649.3.fasta	3720	3749	+	30	TGGCATTTCAGAAGTATAGCTCTTTTCCTA	UAGGAAAAGAGCUAUACUUCUGAAAUGCCA	0
NM_002649.3:3721-3750	NM_002649.3	NM_002649.3.fasta	3721	3750	+	30	GGCATTTCAGAAGTATAGCTCTTTTCCTAC	GUAGGAAAAGAGCUAUACUUCUGAAAUGCC	0
NM_002649.3:3722-3751	NM_002649.3	NM_002649.3.fasta	3722	3751	+	30	GCATTTCAGAAGTATAGCTCTTTTCCTACC	GGUAGGAAAAGAGCUAUACUUCUGAAAUGC	0
NM_002649.3:3723-3752	NM_002649.3	NM_002649.3.fasta	3723	3752	+	30	CATTTCAGAAGTATAGCTCTTTTCCTACCT	AGGUAGGAAAAGAGCUAUACUUCUGAAAUG	0
NM_002649.3:3724-3753	NM_002649.3	NM_002649.3.fasta	3724	3753	+	30	ATTTCAGAAGTATAGCTCTTTTCCTACCTG	CAGGUAGGAAAAGAGCUAUACUUCUGAAAU	0
NM_002649.3:3725-3754	NM_002649.3	NM_002649.3.fasta	3725	3754	+	30	TTTCAGAAGTATAGCTCTTTTCCTACCTGA	UCAGGUAGGAAAAGAGCUAUACUUCUGAAA	0
NM_002649.3:3726-3755	NM_002649.3	NM_002649.3.fasta	3726	3755	+	30	TTCAGAAGTATAGCTCTTTTCCTACCTGAA	UUCAGGUAGGAAAAGAGCUAUACUUCUGAA	0
NM_002649.3:3727-3756	NM_002649.3	NM_002649.3.fasta	3727	3756	+	30	TCAGAAGTATAGCTCTTTTCCTACCTGAAC	GUUCAGGUAGGAAAAGAGCUAUACUUCUGA	0
NM_002649.3:3728-3757	NM_002649.3	NM_002649.3.fasta	3728	3757	+	30	CAGAAGTATAGCTCTTTTCCTACCTGAACT	AGUUCAGGUAGGAAAAGAGCUAUACUUCUG	0
NM_002649.3:3729-3758	NM_002649.3	NM_002649.3.fasta	3729	3758	+	30	AGAAGTATAGCTCTTTTCCTACCTGAACTC	GAGUUCAGGUAGGAAAAGAGCUAUACUUCU	0
NM_002649.3:3730-3759	NM_002649.3	NM_002649.3.fasta	3730	3759	+	30	GAAGTATAGCTCTTTTCCTACCTGAACTCT	AGAGUUCAGGUAGGAAAAGAGCUAUACUUC	0
NM_002649.3:3731-3760	NM_002649.3	NM_002649.3.fasta	3731	3760	+	30	AAGTATAGCTCTTTTCCTACCTGAACTCTT	AAGAGUUCAGGUAGGAAAAGAGCUAUACUU	0
NM_002649.3:3732-3761	NM_002649.3	NM_002649.3.fasta	3732	3761	+	30	AGTATAGCTCTTTTCCTACCTGAACTCTTC	GAAGAGUUCAGGUAGGAAAAGAGCUAUACU	0
NM_002649.3:3733-3762	NM_002649.3	NM_002649.3.fasta	3733	3762	+	30	GTATAGCTCTTTTCCTACCTGAACTCTTCC	GGAAGAGUUCAGGUAGGAAAAGAGCUAUAC	0
NM_002649.3:3734-3763	NM_002649.3	NM_002649.3.fasta	3734	3763	+	30	TATAGCTCTTTTCCTACCTGAACTCTTCCC	GGGAAGAGUUCAGGUAGGAAAAGAGCUAUA	0
NM_002649.3:3735-3764	NM_002649.3	NM_002649.3.fasta	3735	3764	+	30	ATAGCTCTTTTCCTACCTGAACTCTTCCCT	AGGGAAGAGUUCAGGUAGGAAAAGAGCUAU	0
NM_002649.3:3736-3765	NM_002649.3	NM_002649.3.fasta	3736	3765	+	30	TAGCTCTTTTCCTACCTGAACTCTTCCCTG	CAGGGAAGAGUUCAGGUAGGAAAAGAGCUA	0
NM_002649.3:3737-3766	NM_002649.3	NM_002649.3.fasta	3737	3766	+	30	AGCTCTTTTCCTACCTGAACTCTTCCCTGG	CCAGGGAAGAGUUCAGGUAGGAAAAGAGCU	0
NM_002649.3:3738-3767	NM_002649.3	NM_002649.3.fasta	3738	3767	+	30	GCTCTTTTCCTACCTGAACTCTTCCCTGGA	UCCAGGGAAGAGUUCAGGUAGGAAAAGAGC	0
NM_002649.3:3739-3768	NM_002649.3	NM_002649.3.fasta	3739	3768	+	30	CTCTTTTCCTACCTGAACTCTTCCCTGGAG	CUCCAGGGAAGAGUUCAGGUAGGAAAAGAG	0
NM_002649.3:3740-3769	NM_002649.3	NM_002649.3.fasta	3740	3769	+	30	TCTTTTCCTACCTGAACTCTTCCCTGGAGA	UCUCCAGGGAAGAGUUCAGGUAGGAAAAGA	0
NM_002649.3:3741-3770	NM_002649.3	NM_002649.3.fasta	3741	3770	+	30	CTTTTCCTACCTGAACTCTTCCCTGGAGAA	UUCUCCAGGGAAGAGUUCAGGUAGGAAAAG	0
NM_002649.3:3742-3771	NM_002649.3	NM_002649.3.fasta	3742	3771	+	30	TTTTCCTACCTGAACTCTTCCCTGGAGAAA	UUUCUCCAGGGAAGAGUUCAGGUAGGAAAA	0
NM_002649.3:3743-3772	NM_002649.3	NM_002649.3.fasta	3743	3772	+	30	TTTCCTACCTGAACTCTTCCCTGGAGAAAA	UUUUCUCCAGGGAAGAGUUCAGGUAGGAAA	0
NM_002649.3:3744-3773	NM_002649.3	NM_002649.3.fasta	3744	3773	+	30	TTCCTACCTGAACTCTTCCCTGGAGAAAAG	CUUUUCUCCAGGGAAGAGUUCAGGUAGGAA	0
NM_002649.3:3745-3774	NM_002649.3	NM_002649.3.fasta	3745	3774	+	30	TCCTACCTGAACTCTTCCCTGGAGAAAAGA	UCUUUUCUCCAGGGAAGAGUUCAGGUAGGA	0
NM_002649.3:3746-3775	NM_002649.3	NM_002649.3.fasta	3746	3775	+	30	CCTACCTGAACTCTTCCCTGGAGAAAAGAT	AUCUUUUCUCCAGGGAAGAGUUCAGGUAGG	0
NM_002649.3:3747-3776	NM_002649.3	NM_002649.3.fasta	3747	3776	+	30	CTACCTGAACTCTTCCCTGGAGAAAAGATG	CAUCUUUUCUCCAGGGAAGAGUUCAGGUAG	0
NM_002649.3:3748-3777	NM_002649.3	NM_002649.3.fasta	3748	3777	+	30	TACCTGAACTCTTCCCTGGAGAAAAGATGT	ACAUCUUUUCUCCAGGGAAGAGUUCAGGUA	0
NM_002649.3:3749-3778	NM_002649.3	NM_002649.3.fasta	3749	3778	+	30	ACCTGAACTCTTCCCTGGAGAAAAGATGTT	AACAUCUUUUCUCCAGGGAAGAGUUCAGGU	0
NM_002649.3:3750-3779	NM_002649.3	NM_002649.3.fasta	3750	3779	+	30	CCTGAACTCTTCCCTGGAGAAAAGATGTTG	CAACAUCUUUUCUCCAGGGAAGAGUUCAGG	0
NM_002649.3:3751-3780	NM_002649.3	NM_002649.3.fasta	3751	3780	+	30	CTGAACTCTTCCCTGGAGAAAAGATGTTGG	CCAACAUCUUUUCUCCAGGGAAGAGUUCAG	0
NM_002649.3:3752-3781	NM_002649.3	NM_002649.3.fasta	3752	3781	+	30	TGAACTCTTCCCTGGAGAAAAGATGTTGGC	GCCAACAUCUUUUCUCCAGGGAAGAGUUCA	0
NM_002649.3:3753-3782	NM_002649.3	NM_002649.3.fasta	3753	3782	+	30	GAACTCTTCCCTGGAGAAAAGATGTTGGCA	UGCCAACAUCUUUUCUCCAGGGAAGAGUUC	0
NM_002649.3:3754-3783	NM_002649.3	NM_002649.3.fasta	3754	3783	+	30	AACTCTTCCCTGGAGAAAAGATGTTGGCAT	AUGCCAACAUCUUUUCUCCAGGGAAGAGUU	0
NM_002649.3:3755-3784	NM_002649.3	NM_002649.3.fasta	3755	3784	+	30	ACTCTTCCCTGGAGAAAAGATGTTGGCATT	AAUGCCAACAUCUUUUCUCCAGGGAAGAGU	0
NM_002649.3:3756-3785	NM_002649.3	NM_002649.3.fasta	3756	3785	+	30	CTCTTCCCTGGAGAAAAGATGTTGGCATTG	CAAUGCCAACAUCUUUUCUCCAGGGAAGAG	0
NM_002649.3:3757-3786	NM_002649.3	NM_002649.3.fasta	3757	3786	+	30	TCTTCCCTGGAGAAAAGATGTTGGCATTGC	GCAAUGCCAACAUCUUUUCUCCAGGGAAGA	0
NM_002649.3:3758-3787	NM_002649.3	NM_002649.3.fasta	3758	3787	+	30	CTTCCCTGGAGAAAAGATGTTGGCATTGCT	AGCAAUGCCAACAUCUUUUCUCCAGGGAAG	0
NM_002649.3:3759-3788	NM_002649.3	NM_002649.3.fasta	3759	3788	+	30	TTCCCTGGAGAAAAGATGTTGGCATTGCTG	CAGCAAUGCCAACAUCUUUUCUCCAGGGAA	0
NM_002649.3:3760-3789	NM_002649.3	NM_002649.3.fasta	3760	3789	+	30	TCCCTGGAGAAAAGATGTTGGCATTGCTGA	UCAGCAAUGCCAACAUCUUUUCUCCAGGGA	0
NM_002649.3:3761-3790	NM_002649.3	NM_002649.3.fasta	3761	3790	+	30	CCCTGGAGAAAAGATGTTGGCATTGCTGAT	AUCAGCAAUGCCAACAUCUUUUCUCCAGGG	0
NM_002649.3:3762-3791	NM_002649.3	NM_002649.3.fasta	3762	3791	+	30	CCTGGAGAAAAGATGTTGGCATTGCTGATT	AAUCAGCAAUGCCAACAUCUUUUCUCCAGG	0
NM_002649.3:3763-3792	NM_002649.3	NM_002649.3.fasta	3763	3792	+	30	CTGGAGAAAAGATGTTGGCATTGCTGATTG	CAAUCAGCAAUGCCAACAUCUUUUCUCCAG	0
NM_002649.3:3764-3793	NM_002649.3	NM_002649.3.fasta	3764	3793	+	30	TGGAGAAAAGATGTTGGCATTGCTGATTGT	ACAAUCAGCAAUGCCAACAUCUUUUCUCCA	0
NM_002649.3:3765-3794	NM_002649.3	NM_002649.3.fasta	3765	3794	+	30	GGAGAAAAGATGTTGGCATTGCTGATTGTT	AACAAUCAGCAAUGCCAACAUCUUUUCUCC	0
NM_002649.3:3766-3795	NM_002649.3	NM_002649.3.fasta	3766	3795	+	30	GAGAAAAGATGTTGGCATTGCTGATTGTTT	AAACAAUCAGCAAUGCCAACAUCUUUUCUC	0
NM_002649.3:3767-3796	NM_002649.3	NM_002649.3.fasta	3767	3796	+	30	AGAAAAGATGTTGGCATTGCTGATTGTTTG	CAAACAAUCAGCAAUGCCAACAUCUUUUCU	0
NM_002649.3:3768-3797	NM_002649.3	NM_002649.3.fasta	3768	3797	+	30	GAAAAGATGTTGGCATTGCTGATTGTTTGG	CCAAACAAUCAGCAAUGCCAACAUCUUUUC	0
NM_002649.3:3769-3798	NM_002649.3	NM_002649.3.fasta	3769	3798	+	30	AAAAGATGTTGGCATTGCTGATTGTTTGGT	ACCAAACAAUCAGCAAUGCCAACAUCUUUU	0
NM_002649.3:3770-3799	NM_002649.3	NM_002649.3.fasta	3770	3799	+	30	AAAGATGTTGGCATTGCTGATTGTTTGGTT	AACCAAACAAUCAGCAAUGCCAACAUCUUU	0
NM_002649.3:3771-3800	NM_002649.3	NM_002649.3.fasta	3771	3800	+	30	AAGATGTTGGCATTGCTGATTGTTTGGTTA	UAACCAAACAAUCAGCAAUGCCAACAUCUU	0
NM_002649.3:3772-3801	NM_002649.3	NM_002649.3.fasta	3772	3801	+	30	AGATGTTGGCATTGCTGATTGTTTGGTTAA	UUAACCAAACAAUCAGCAAUGCCAACAUCU	0
NM_002649.3:3773-3802	NM_002649.3	NM_002649.3.fasta	3773	3802	+	30	GATGTTGGCATTGCTGATTGTTTGGTTAAG	CUUAACCAAACAAUCAGCAAUGCCAACAUC	0
NM_002649.3:3774-3803	NM_002649.3	NM_002649.3.fasta	3774	3803	+	30	ATGTTGGCATTGCTGATTGTTTGGTTAAGC	GCUUAACCAAACAAUCAGCAAUGCCAACAU	0
NM_002649.3:3775-3804	NM_002649.3	NM_002649.3.fasta	3775	3804	+	30	TGTTGGCATTGCTGATTGTTTGGTTAAGCA	UGCUUAACCAAACAAUCAGCAAUGCCAACA	0
NM_002649.3:3776-3805	NM_002649.3	NM_002649.3.fasta	3776	3805	+	30	GTTGGCATTGCTGATTGTTTGGTTAAGCAA	UUGCUUAACCAAACAAUCAGCAAUGCCAAC	0
NM_002649.3:3777-3806	NM_002649.3	NM_002649.3.fasta	3777	3806	+	30	TTGGCATTGCTGATTGTTTGGTTAAGCAAT	AUUGCUUAACCAAACAAUCAGCAAUGCCAA	0
NM_002649.3:3778-3807	NM_002649.3	NM_002649.3.fasta	3778	3807	+	30	TGGCATTGCTGATTGTTTGGTTAAGCAATG	CAUUGCUUAACCAAACAAUCAGCAAUGCCA	0
NM_002649.3:3779-3808	NM_002649.3	NM_002649.3.fasta	3779	3808	+	30	GGCATTGCTGATTGTTTGGTTAAGCAATGT	ACAUUGCUUAACCAAACAAUCAGCAAUGCC	0
NM_002649.3:3780-3809	NM_002649.3	NM_002649.3.fasta	3780	3809	+	30	GCATTGCTGATTGTTTGGTTAAGCAATGTC	GACAUUGCUUAACCAAACAAUCAGCAAUGC	0
NM_002649.3:3781-3810	NM_002649.3	NM_002649.3.fasta	3781	3810	+	30	CATTGCTGATTGTTTGGTTAAGCAATGTCC	GGACAUUGCUUAACCAAACAAUCAGCAAUG	0
NM_002649.3:3782-3811	NM_002649.3	NM_002649.3.fasta	3782	3811	+	30	ATTGCTGATTGTTTGGTTAAGCAATGTCCA	UGGACAUUGCUUAACCAAACAAUCAGCAAU	0
NM_002649.3:3783-3812	NM_002649.3	NM_002649.3.fasta	3783	3812	+	30	TTGCTGATTGTTTGGTTAAGCAATGTCCAG	CUGGACAUUGCUUAACCAAACAAUCAGCAA	0
NM_002649.3:3784-3813	NM_002649.3	NM_002649.3.fasta	3784	3813	+	30	TGCTGATTGTTTGGTTAAGCAATGTCCAGT	ACUGGACAUUGCUUAACCAAACAAUCAGCA	0
NM_002649.3:3785-3814	NM_002649.3	NM_002649.3.fasta	3785	3814	+	30	GCTGATTGTTTGGTTAAGCAATGTCCAGTG	CACUGGACAUUGCUUAACCAAACAAUCAGC	0
NM_002649.3:3786-3815	NM_002649.3	NM_002649.3.fasta	3786	3815	+	30	CTGATTGTTTGGTTAAGCAATGTCCAGTGC	GCACUGGACAUUGCUUAACCAAACAAUCAG	0
NM_002649.3:3787-3816	NM_002649.3	NM_002649.3.fasta	3787	3816	+	30	TGATTGTTTGGTTAAGCAATGTCCAGTGCT	AGCACUGGACAUUGCUUAACCAAACAAUCA	0
NM_002649.3:3788-3817	NM_002649.3	NM_002649.3.fasta	3788	3817	+	30	GATTGTTTGGTTAAGCAATGTCCAGTGCTA	UAGCACUGGACAUUGCUUAACCAAACAAUC	0
NM_002649.3:3789-3818	NM_002649.3	NM_002649.3.fasta	3789	3818	+	30	ATTGTTTGGTTAAGCAATGTCCAGTGCTAG	CUAGCACUGGACAUUGCUUAACCAAACAAU	0
NM_002649.3:3790-3819	NM_002649.3	NM_002649.3.fasta	3790	3819	+	30	TTGTTTGGTTAAGCAATGTCCAGTGCTAGG	CCUAGCACUGGACAUUGCUUAACCAAACAA	0
NM_002649.3:3791-3820	NM_002649.3	NM_002649.3.fasta	3791	3820	+	30	TGTTTGGTTAAGCAATGTCCAGTGCTAGGA	UCCUAGCACUGGACAUUGCUUAACCAAACA	0
NM_002649.3:3792-3821	NM_002649.3	NM_002649.3.fasta	3792	3821	+	30	GTTTGGTTAAGCAATGTCCAGTGCTAGGAT	AUCCUAGCACUGGACAUUGCUUAACCAAAC	0
NM_002649.3:3793-3822	NM_002649.3	NM_002649.3.fasta	3793	3822	+	30	TTTGGTTAAGCAATGTCCAGTGCTAGGATT	AAUCCUAGCACUGGACAUUGCUUAACCAAA	0
NM_002649.3:3794-3823	NM_002649.3	NM_002649.3.fasta	3794	3823	+	30	TTGGTTAAGCAATGTCCAGTGCTAGGATTA	UAAUCCUAGCACUGGACAUUGCUUAACCAA	0
NM_002649.3:3795-3824	NM_002649.3	NM_002649.3.fasta	3795	3824	+	30	TGGTTAAGCAATGTCCAGTGCTAGGATTAT	AUAAUCCUAGCACUGGACAUUGCUUAACCA	0
NM_002649.3:3796-3825	NM_002649.3	NM_002649.3.fasta	3796	3825	+	30	GGTTAAGCAATGTCCAGTGCTAGGATTATT	AAUAAUCCUAGCACUGGACAUUGCUUAACC	0
NM_002649.3:3797-3826	NM_002649.3	NM_002649.3.fasta	3797	3826	+	30	GTTAAGCAATGTCCAGTGCTAGGATTATTT	AAAUAAUCCUAGCACUGGACAUUGCUUAAC	0
NM_002649.3:3798-3827	NM_002649.3	NM_002649.3.fasta	3798	3827	+	30	TTAAGCAATGTCCAGTGCTAGGATTATTTG	CAAAUAAUCCUAGCACUGGACAUUGCUUAA	0
NM_002649.3:3799-3828	NM_002649.3	NM_002649.3.fasta	3799	3828	+	30	TAAGCAATGTCCAGTGCTAGGATTATTTGC	GCAAAUAAUCCUAGCACUGGACAUUGCUUA	0
NM_002649.3:3800-3829	NM_002649.3	NM_002649.3.fasta	3800	3829	+	30	AAGCAATGTCCAGTGCTAGGATTATTTGCA	UGCAAAUAAUCCUAGCACUGGACAUUGCUU	0
NM_002649.3:3801-3830	NM_002649.3	NM_002649.3.fasta	3801	3830	+	30	AGCAATGTCCAGTGCTAGGATTATTTGCAG	CUGCAAAUAAUCCUAGCACUGGACAUUGCU	0
NM_002649.3:3802-3831	NM_002649.3	NM_002649.3.fasta	3802	3831	+	30	GCAATGTCCAGTGCTAGGATTATTTGCAGG	CCUGCAAAUAAUCCUAGCACUGGACAUUGC	0
NM_002649.3:3803-3832	NM_002649.3	NM_002649.3.fasta	3803	3832	+	30	CAATGTCCAGTGCTAGGATTATTTGCAGGT	ACCUGCAAAUAAUCCUAGCACUGGACAUUG	0
NM_002649.3:3804-3833	NM_002649.3	NM_002649.3.fasta	3804	3833	+	30	AATGTCCAGTGCTAGGATTATTTGCAGGTT	AACCUGCAAAUAAUCCUAGCACUGGACAUU	0
NM_002649.3:3805-3834	NM_002649.3	NM_002649.3.fasta	3805	3834	+	30	ATGTCCAGTGCTAGGATTATTTGCAGGTTT	AAACCUGCAAAUAAUCCUAGCACUGGACAU	0
NM_002649.3:3806-3835	NM_002649.3	NM_002649.3.fasta	3806	3835	+	30	TGTCCAGTGCTAGGATTATTTGCAGGTTTG	CAAACCUGCAAAUAAUCCUAGCACUGGACA	0
NM_002649.3:3807-3836	NM_002649.3	NM_002649.3.fasta	3807	3836	+	30	GTCCAGTGCTAGGATTATTTGCAGGTTTGG	CCAAACCUGCAAAUAAUCCUAGCACUGGAC	0
NM_002649.3:3808-3837	NM_002649.3	NM_002649.3.fasta	3808	3837	+	30	TCCAGTGCTAGGATTATTTGCAGGTTTGGT	ACCAAACCUGCAAAUAAUCCUAGCACUGGA	0
NM_002649.3:3809-3838	NM_002649.3	NM_002649.3.fasta	3809	3838	+	30	CCAGTGCTAGGATTATTTGCAGGTTTGGTT	AACCAAACCUGCAAAUAAUCCUAGCACUGG	0
NM_002649.3:3810-3839	NM_002649.3	NM_002649.3.fasta	3810	3839	+	30	CAGTGCTAGGATTATTTGCAGGTTTGGTTT	AAACCAAACCUGCAAAUAAUCCUAGCACUG	0
NM_002649.3:3811-3840	NM_002649.3	NM_002649.3.fasta	3811	3840	+	30	AGTGCTAGGATTATTTGCAGGTTTGGTTTT	AAAACCAAACCUGCAAAUAAUCCUAGCACU	0
NM_002649.3:3812-3841	NM_002649.3	NM_002649.3.fasta	3812	3841	+	30	GTGCTAGGATTATTTGCAGGTTTGGTTTTT	AAAAACCAAACCUGCAAAUAAUCCUAGCAC	0
NM_002649.3:3813-3842	NM_002649.3	NM_002649.3.fasta	3813	3842	+	30	TGCTAGGATTATTTGCAGGTTTGGTTTTTT	AAAAAACCAAACCUGCAAAUAAUCCUAGCA	0
NM_002649.3:3814-3843	NM_002649.3	NM_002649.3.fasta	3814	3843	+	30	GCTAGGATTATTTGCAGGTTTGGTTTTTTC	GAAAAAACCAAACCUGCAAAUAAUCCUAGC	0
NM_002649.3:3815-3844	NM_002649.3	NM_002649.3.fasta	3815	3844	+	30	CTAGGATTATTTGCAGGTTTGGTTTTTTCT	AGAAAAAACCAAACCUGCAAAUAAUCCUAG	0
NM_002649.3:3816-3845	NM_002649.3	NM_002649.3.fasta	3816	3845	+	30	TAGGATTATTTGCAGGTTTGGTTTTTTCTC	GAGAAAAAACCAAACCUGCAAAUAAUCCUA	0
NM_002649.3:3817-3846	NM_002649.3	NM_002649.3.fasta	3817	3846	+	30	AGGATTATTTGCAGGTTTGGTTTTTTCTCA	UGAGAAAAAACCAAACCUGCAAAUAAUCCU	0
NM_002649.3:3818-3847	NM_002649.3	NM_002649.3.fasta	3818	3847	+	30	GGATTATTTGCAGGTTTGGTTTTTTCTCAT	AUGAGAAAAAACCAAACCUGCAAAUAAUCC	0
NM_002649.3:3819-3848	NM_002649.3	NM_002649.3.fasta	3819	3848	+	30	GATTATTTGCAGGTTTGGTTTTTTCTCATT	AAUGAGAAAAAACCAAACCUGCAAAUAAUC	0
NM_002649.3:3820-3849	NM_002649.3	NM_002649.3.fasta	3820	3849	+	30	ATTATTTGCAGGTTTGGTTTTTTCTCATTT	AAAUGAGAAAAAACCAAACCUGCAAAUAAU	0
NM_002649.3:3821-3850	NM_002649.3	NM_002649.3.fasta	3821	3850	+	30	TTATTTGCAGGTTTGGTTTTTTCTCATTTG	CAAAUGAGAAAAAACCAAACCUGCAAAUAA	0
NM_002649.3:3822-3851	NM_002649.3	NM_002649.3.fasta	3822	3851	+	30	TATTTGCAGGTTTGGTTTTTTCTCATTTGT	ACAAAUGAGAAAAAACCAAACCUGCAAAUA	0
NM_002649.3:3823-3852	NM_002649.3	NM_002649.3.fasta	3823	3852	+	30	ATTTGCAGGTTTGGTTTTTTCTCATTTGTC	GACAAAUGAGAAAAAACCAAACCUGCAAAU	0
NM_002649.3:3824-3853	NM_002649.3	NM_002649.3.fasta	3824	3853	+	30	TTTGCAGGTTTGGTTTTTTCTCATTTGTCT	AGACAAAUGAGAAAAAACCAAACCUGCAAA	0
NM_002649.3:3825-3854	NM_002649.3	NM_002649.3.fasta	3825	3854	+	30	TTGCAGGTTTGGTTTTTTCTCATTTGTCTG	CAGACAAAUGAGAAAAAACCAAACCUGCAA	0
NM_002649.3:3826-3855	NM_002649.3	NM_002649.3.fasta	3826	3855	+	30	TGCAGGTTTGGTTTTTTCTCATTTGTCTGT	ACAGACAAAUGAGAAAAAACCAAACCUGCA	0
NM_002649.3:3827-3856	NM_002649.3	NM_002649.3.fasta	3827	3856	+	30	GCAGGTTTGGTTTTTTCTCATTTGTCTGTG	CACAGACAAAUGAGAAAAAACCAAACCUGC	0
NM_002649.3:3828-3857	NM_002649.3	NM_002649.3.fasta	3828	3857	+	30	CAGGTTTGGTTTTTTCTCATTTGTCTGTGG	CCACAGACAAAUGAGAAAAAACCAAACCUG	0
NM_002649.3:3829-3858	NM_002649.3	NM_002649.3.fasta	3829	3858	+	30	AGGTTTGGTTTTTTCTCATTTGTCTGTGGC	GCCACAGACAAAUGAGAAAAAACCAAACCU	0
NM_002649.3:3830-3859	NM_002649.3	NM_002649.3.fasta	3830	3859	+	30	GGTTTGGTTTTTTCTCATTTGTCTGTGGCA	UGCCACAGACAAAUGAGAAAAAACCAAACC	0
NM_002649.3:3831-3860	NM_002649.3	NM_002649.3.fasta	3831	3860	+	30	GTTTGGTTTTTTCTCATTTGTCTGTGGCAT	AUGCCACAGACAAAUGAGAAAAAACCAAAC	0
NM_002649.3:3832-3861	NM_002649.3	NM_002649.3.fasta	3832	3861	+	30	TTTGGTTTTTTCTCATTTGTCTGTGGCATT	AAUGCCACAGACAAAUGAGAAAAAACCAAA	0
NM_002649.3:3833-3862	NM_002649.3	NM_002649.3.fasta	3833	3862	+	30	TTGGTTTTTTCTCATTTGTCTGTGGCATTG	CAAUGCCACAGACAAAUGAGAAAAAACCAA	0
NM_002649.3:3834-3863	NM_002649.3	NM_002649.3.fasta	3834	3863	+	30	TGGTTTTTTCTCATTTGTCTGTGGCATTGG	CCAAUGCCACAGACAAAUGAGAAAAAACCA	0
NM_002649.3:3835-3864	NM_002649.3	NM_002649.3.fasta	3835	3864	+	30	GGTTTTTTCTCATTTGTCTGTGGCATTGGA	UCCAAUGCCACAGACAAAUGAGAAAAAACC	0
NM_002649.3:3836-3865	NM_002649.3	NM_002649.3.fasta	3836	3865	+	30	GTTTTTTCTCATTTGTCTGTGGCATTGGAG	CUCCAAUGCCACAGACAAAUGAGAAAAAAC	0
NM_002649.3:3837-3866	NM_002649.3	NM_002649.3.fasta	3837	3866	+	30	TTTTTTCTCATTTGTCTGTGGCATTGGAGA	UCUCCAAUGCCACAGACAAAUGAGAAAAAA	0
NM_002649.3:3838-3867	NM_002649.3	NM_002649.3.fasta	3838	3867	+	30	TTTTTCTCATTTGTCTGTGGCATTGGAGAA	UUCUCCAAUGCCACAGACAAAUGAGAAAAA	0
NM_002649.3:3839-3868	NM_002649.3	NM_002649.3.fasta	3839	3868	+	30	TTTTCTCATTTGTCTGTGGCATTGGAGAAT	AUUCUCCAAUGCCACAGACAAAUGAGAAAA	0
NM_002649.3:3840-3869	NM_002649.3	NM_002649.3.fasta	3840	3869	+	30	TTTCTCATTTGTCTGTGGCATTGGAGAATA	UAUUCUCCAAUGCCACAGACAAAUGAGAAA	0
NM_002649.3:3841-3870	NM_002649.3	NM_002649.3.fasta	3841	3870	+	30	TTCTCATTTGTCTGTGGCATTGGAGAATAT	AUAUUCUCCAAUGCCACAGACAAAUGAGAA	0
NM_002649.3:3842-3871	NM_002649.3	NM_002649.3.fasta	3842	3871	+	30	TCTCATTTGTCTGTGGCATTGGAGAATATT	AAUAUUCUCCAAUGCCACAGACAAAUGAGA	0
NM_002649.3:3843-3872	NM_002649.3	NM_002649.3.fasta	3843	3872	+	30	CTCATTTGTCTGTGGCATTGGAGAATATTC	GAAUAUUCUCCAAUGCCACAGACAAAUGAG	0
NM_002649.3:3844-3873	NM_002649.3	NM_002649.3.fasta	3844	3873	+	30	TCATTTGTCTGTGGCATTGGAGAATATTCT	AGAAUAUUCUCCAAUGCCACAGACAAAUGA	0
NM_002649.3:3845-3874	NM_002649.3	NM_002649.3.fasta	3845	3874	+	30	CATTTGTCTGTGGCATTGGAGAATATTCTC	GAGAAUAUUCUCCAAUGCCACAGACAAAUG	0
NM_002649.3:3846-3875	NM_002649.3	NM_002649.3.fasta	3846	3875	+	30	ATTTGTCTGTGGCATTGGAGAATATTCTCG	CGAGAAUAUUCUCCAAUGCCACAGACAAAU	0
NM_002649.3:3847-3876	NM_002649.3	NM_002649.3.fasta	3847	3876	+	30	TTTGTCTGTGGCATTGGAGAATATTCTCGG	CCGAGAAUAUUCUCCAAUGCCACAGACAAA	0
NM_002649.3:3848-3877	NM_002649.3	NM_002649.3.fasta	3848	3877	+	30	TTGTCTGTGGCATTGGAGAATATTCTCGGT	ACCGAGAAUAUUCUCCAAUGCCACAGACAA	0
NM_002649.3:3849-3878	NM_002649.3	NM_002649.3.fasta	3849	3878	+	30	TGTCTGTGGCATTGGAGAATATTCTCGGTT	AACCGAGAAUAUUCUCCAAUGCCACAGACA	0
NM_002649.3:3850-3879	NM_002649.3	NM_002649.3.fasta	3850	3879	+	30	GTCTGTGGCATTGGAGAATATTCTCGGTTT	AAACCGAGAAUAUUCUCCAAUGCCACAGAC	0
NM_002649.3:3851-3880	NM_002649.3	NM_002649.3.fasta	3851	3880	+	30	TCTGTGGCATTGGAGAATATTCTCGGTTTA	UAAACCGAGAAUAUUCUCCAAUGCCACAGA	0
NM_002649.3:3852-3881	NM_002649.3	NM_002649.3.fasta	3852	3881	+	30	CTGTGGCATTGGAGAATATTCTCGGTTTAA	UUAAACCGAGAAUAUUCUCCAAUGCCACAG	0
NM_002649.3:3853-3882	NM_002649.3	NM_002649.3.fasta	3853	3882	+	30	TGTGGCATTGGAGAATATTCTCGGTTTAAA	UUUAAACCGAGAAUAUUCUCCAAUGCCACA	0
NM_002649.3:3854-3883	NM_002649.3	NM_002649.3.fasta	3854	3883	+	30	GTGGCATTGGAGAATATTCTCGGTTTAAAC	GUUUAAACCGAGAAUAUUCUCCAAUGCCAC	0
NM_002649.3:3855-3884	NM_002649.3	NM_002649.3.fasta	3855	3884	+	30	TGGCATTGGAGAATATTCTCGGTTTAAACA	UGUUUAAACCGAGAAUAUUCUCCAAUGCCA	0
NM_002649.3:3856-3885	NM_002649.3	NM_002649.3.fasta	3856	3885	+	30	GGCATTGGAGAATATTCTCGGTTTAAACAG	CUGUUUAAACCGAGAAUAUUCUCCAAUGCC	0
NM_002649.3:3857-3886	NM_002649.3	NM_002649.3.fasta	3857	3886	+	30	GCATTGGAGAATATTCTCGGTTTAAACAGA	UCUGUUUAAACCGAGAAUAUUCUCCAAUGC	0
NM_002649.3:3858-3887	NM_002649.3	NM_002649.3.fasta	3858	3887	+	30	CATTGGAGAATATTCTCGGTTTAAACAGAC	GUCUGUUUAAACCGAGAAUAUUCUCCAAUG	0
NM_002649.3:3859-3888	NM_002649.3	NM_002649.3.fasta	3859	3888	+	30	ATTGGAGAATATTCTCGGTTTAAACAGACT	AGUCUGUUUAAACCGAGAAUAUUCUCCAAU	0
NM_002649.3:3860-3889	NM_002649.3	NM_002649.3.fasta	3860	3889	+	30	TTGGAGAATATTCTCGGTTTAAACAGACTA	UAGUCUGUUUAAACCGAGAAUAUUCUCCAA	0
NM_002649.3:3861-3890	NM_002649.3	NM_002649.3.fasta	3861	3890	+	30	TGGAGAATATTCTCGGTTTAAACAGACTAA	UUAGUCUGUUUAAACCGAGAAUAUUCUCCA	0
NM_002649.3:3862-3891	NM_002649.3	NM_002649.3.fasta	3862	3891	+	30	GGAGAATATTCTCGGTTTAAACAGACTAAT	AUUAGUCUGUUUAAACCGAGAAUAUUCUCC	0
NM_002649.3:3863-3892	NM_002649.3	NM_002649.3.fasta	3863	3892	+	30	GAGAATATTCTCGGTTTAAACAGACTAATG	CAUUAGUCUGUUUAAACCGAGAAUAUUCUC	0
NM_002649.3:3864-3893	NM_002649.3	NM_002649.3.fasta	3864	3893	+	30	AGAATATTCTCGGTTTAAACAGACTAATGA	UCAUUAGUCUGUUUAAACCGAGAAUAUUCU	0
NM_002649.3:3865-3894	NM_002649.3	NM_002649.3.fasta	3865	3894	+	30	GAATATTCTCGGTTTAAACAGACTAATGAC	GUCAUUAGUCUGUUUAAACCGAGAAUAUUC	0
NM_002649.3:3866-3895	NM_002649.3	NM_002649.3.fasta	3866	3895	+	30	AATATTCTCGGTTTAAACAGACTAATGACT	AGUCAUUAGUCUGUUUAAACCGAGAAUAUU	0
NM_002649.3:3867-3896	NM_002649.3	NM_002649.3.fasta	3867	3896	+	30	ATATTCTCGGTTTAAACAGACTAATGACTT	AAGUCAUUAGUCUGUUUAAACCGAGAAUAU	0
NM_002649.3:3868-3897	NM_002649.3	NM_002649.3.fasta	3868	3897	+	30	TATTCTCGGTTTAAACAGACTAATGACTTC	GAAGUCAUUAGUCUGUUUAAACCGAGAAUA	0
NM_002649.3:3869-3898	NM_002649.3	NM_002649.3.fasta	3869	3898	+	30	ATTCTCGGTTTAAACAGACTAATGACTTCC	GGAAGUCAUUAGUCUGUUUAAACCGAGAAU	0
NM_002649.3:3870-3899	NM_002649.3	NM_002649.3.fasta	3870	3899	+	30	TTCTCGGTTTAAACAGACTAATGACTTCCT	AGGAAGUCAUUAGUCUGUUUAAACCGAGAA	0
NM_002649.3:3871-3900	NM_002649.3	NM_002649.3.fasta	3871	3900	+	30	TCTCGGTTTAAACAGACTAATGACTTCCTT	AAGGAAGUCAUUAGUCUGUUUAAACCGAGA	0
NM_002649.3:3872-3901	NM_002649.3	NM_002649.3.fasta	3872	3901	+	30	CTCGGTTTAAACAGACTAATGACTTCCTTA	UAAGGAAGUCAUUAGUCUGUUUAAACCGAG	0
NM_002649.3:3873-3902	NM_002649.3	NM_002649.3.fasta	3873	3902	+	30	TCGGTTTAAACAGACTAATGACTTCCTTAT	AUAAGGAAGUCAUUAGUCUGUUUAAACCGA	0
NM_002649.3:3874-3903	NM_002649.3	NM_002649.3.fasta	3874	3903	+	30	CGGTTTAAACAGACTAATGACTTCCTTATT	AAUAAGGAAGUCAUUAGUCUGUUUAAACCG	0
NM_002649.3:3875-3904	NM_002649.3	NM_002649.3.fasta	3875	3904	+	30	GGTTTAAACAGACTAATGACTTCCTTATTG	CAAUAAGGAAGUCAUUAGUCUGUUUAAACC	0
NM_002649.3:3876-3905	NM_002649.3	NM_002649.3.fasta	3876	3905	+	30	GTTTAAACAGACTAATGACTTCCTTATTGT	ACAAUAAGGAAGUCAUUAGUCUGUUUAAAC	0
NM_002649.3:3877-3906	NM_002649.3	NM_002649.3.fasta	3877	3906	+	30	TTTAAACAGACTAATGACTTCCTTATTGTC	GACAAUAAGGAAGUCAUUAGUCUGUUUAAA	0
NM_002649.3:3878-3907	NM_002649.3	NM_002649.3.fasta	3878	3907	+	30	TTAAACAGACTAATGACTTCCTTATTGTCC	GGACAAUAAGGAAGUCAUUAGUCUGUUUAA	0
NM_002649.3:3879-3908	NM_002649.3	NM_002649.3.fasta	3879	3908	+	30	TAAACAGACTAATGACTTCCTTATTGTCCC	GGGACAAUAAGGAAGUCAUUAGUCUGUUUA	0
NM_002649.3:3880-3909	NM_002649.3	NM_002649.3.fasta	3880	3909	+	30	AAACAGACTAATGACTTCCTTATTGTCCCT	AGGGACAAUAAGGAAGUCAUUAGUCUGUUU	0
NM_002649.3:3881-3910	NM_002649.3	NM_002649.3.fasta	3881	3910	+	30	AACAGACTAATGACTTCCTTATTGTCCCTG	CAGGGACAAUAAGGAAGUCAUUAGUCUGUU	0
NM_002649.3:3882-3911	NM_002649.3	NM_002649.3.fasta	3882	3911	+	30	ACAGACTAATGACTTCCTTATTGTCCCTGA	UCAGGGACAAUAAGGAAGUCAUUAGUCUGU	0
NM_002649.3:3883-3912	NM_002649.3	NM_002649.3.fasta	3883	3912	+	30	CAGACTAATGACTTCCTTATTGTCCCTGAT	AUCAGGGACAAUAAGGAAGUCAUUAGUCUG	0
NM_002649.3:3884-3913	NM_002649.3	NM_002649.3.fasta	3884	3913	+	30	AGACTAATGACTTCCTTATTGTCCCTGATA	UAUCAGGGACAAUAAGGAAGUCAUUAGUCU	0
NM_002649.3:3885-3914	NM_002649.3	NM_002649.3.fasta	3885	3914	+	30	GACTAATGACTTCCTTATTGTCCCTGATAT	AUAUCAGGGACAAUAAGGAAGUCAUUAGUC	0
NM_002649.3:3886-3915	NM_002649.3	NM_002649.3.fasta	3886	3915	+	30	ACTAATGACTTCCTTATTGTCCCTGATATT	AAUAUCAGGGACAAUAAGGAAGUCAUUAGU	0
NM_002649.3:3887-3916	NM_002649.3	NM_002649.3.fasta	3887	3916	+	30	CTAATGACTTCCTTATTGTCCCTGATATTT	AAAUAUCAGGGACAAUAAGGAAGUCAUUAG	0
NM_002649.3:3888-3917	NM_002649.3	NM_002649.3.fasta	3888	3917	+	30	TAATGACTTCCTTATTGTCCCTGATATTTT	AAAAUAUCAGGGACAAUAAGGAAGUCAUUA	0
NM_002649.3:3889-3918	NM_002649.3	NM_002649.3.fasta	3889	3918	+	30	AATGACTTCCTTATTGTCCCTGATATTTTG	CAAAAUAUCAGGGACAAUAAGGAAGUCAUU	0
NM_002649.3:3890-3919	NM_002649.3	NM_002649.3.fasta	3890	3919	+	30	ATGACTTCCTTATTGTCCCTGATATTTTGA	UCAAAAUAUCAGGGACAAUAAGGAAGUCAU	0
NM_002649.3:3891-3920	NM_002649.3	NM_002649.3.fasta	3891	3920	+	30	TGACTTCCTTATTGTCCCTGATATTTTGAC	GUCAAAAUAUCAGGGACAAUAAGGAAGUCA	0
NM_002649.3:3892-3921	NM_002649.3	NM_002649.3.fasta	3892	3921	+	30	GACTTCCTTATTGTCCCTGATATTTTGACT	AGUCAAAAUAUCAGGGACAAUAAGGAAGUC	0
NM_002649.3:3893-3922	NM_002649.3	NM_002649.3.fasta	3893	3922	+	30	ACTTCCTTATTGTCCCTGATATTTTGACTA	UAGUCAAAAUAUCAGGGACAAUAAGGAAGU	0
NM_002649.3:3894-3923	NM_002649.3	NM_002649.3.fasta	3894	3923	+	30	CTTCCTTATTGTCCCTGATATTTTGACTAT	AUAGUCAAAAUAUCAGGGACAAUAAGGAAG	0
NM_002649.3:3895-3924	NM_002649.3	NM_002649.3.fasta	3895	3924	+	30	TTCCTTATTGTCCCTGATATTTTGACTATC	GAUAGUCAAAAUAUCAGGGACAAUAAGGAA	0
NM_002649.3:3896-3925	NM_002649.3	NM_002649.3.fasta	3896	3925	+	30	TCCTTATTGTCCCTGATATTTTGACTATCT	AGAUAGUCAAAAUAUCAGGGACAAUAAGGA	0
NM_002649.3:3897-3926	NM_002649.3	NM_002649.3.fasta	3897	3926	+	30	CCTTATTGTCCCTGATATTTTGACTATCTT	AAGAUAGUCAAAAUAUCAGGGACAAUAAGG	0
NM_002649.3:3898-3927	NM_002649.3	NM_002649.3.fasta	3898	3927	+	30	CTTATTGTCCCTGATATTTTGACTATCTTA	UAAGAUAGUCAAAAUAUCAGGGACAAUAAG	0
NM_002649.3:3899-3928	NM_002649.3	NM_002649.3.fasta	3899	3928	+	30	TTATTGTCCCTGATATTTTGACTATCTTAC	GUAAGAUAGUCAAAAUAUCAGGGACAAUAA	0
NM_002649.3:3900-3929	NM_002649.3	NM_002649.3.fasta	3900	3929	+	30	TATTGTCCCTGATATTTTGACTATCTTACT	AGUAAGAUAGUCAAAAUAUCAGGGACAAUA	0
NM_002649.3:3901-3930	NM_002649.3	NM_002649.3.fasta	3901	3930	+	30	ATTGTCCCTGATATTTTGACTATCTTACTA	UAGUAAGAUAGUCAAAAUAUCAGGGACAAU	0
NM_002649.3:3902-3931	NM_002649.3	NM_002649.3.fasta	3902	3931	+	30	TTGTCCCTGATATTTTGACTATCTTACTAT	AUAGUAAGAUAGUCAAAAUAUCAGGGACAA	0
NM_002649.3:3903-3932	NM_002649.3	NM_002649.3.fasta	3903	3932	+	30	TGTCCCTGATATTTTGACTATCTTACTATT	AAUAGUAAGAUAGUCAAAAUAUCAGGGACA	0
NM_002649.3:3904-3933	NM_002649.3	NM_002649.3.fasta	3904	3933	+	30	GTCCCTGATATTTTGACTATCTTACTATTG	CAAUAGUAAGAUAGUCAAAAUAUCAGGGAC	0
NM_002649.3:3905-3934	NM_002649.3	NM_002649.3.fasta	3905	3934	+	30	TCCCTGATATTTTGACTATCTTACTATTGA	UCAAUAGUAAGAUAGUCAAAAUAUCAGGGA	0
NM_002649.3:3906-3935	NM_002649.3	NM_002649.3.fasta	3906	3935	+	30	CCCTGATATTTTGACTATCTTACTATTGAG	CUCAAUAGUAAGAUAGUCAAAAUAUCAGGG	0
NM_002649.3:3907-3936	NM_002649.3	NM_002649.3.fasta	3907	3936	+	30	CCTGATATTTTGACTATCTTACTATTGAGT	ACUCAAUAGUAAGAUAGUCAAAAUAUCAGG	0
NM_002649.3:3908-3937	NM_002649.3	NM_002649.3.fasta	3908	3937	+	30	CTGATATTTTGACTATCTTACTATTGAGTG	CACUCAAUAGUAAGAUAGUCAAAAUAUCAG	0
NM_002649.3:3909-3938	NM_002649.3	NM_002649.3.fasta	3909	3938	+	30	TGATATTTTGACTATCTTACTATTGAGTGC	GCACUCAAUAGUAAGAUAGUCAAAAUAUCA	0
NM_002649.3:3910-3939	NM_002649.3	NM_002649.3.fasta	3910	3939	+	30	GATATTTTGACTATCTTACTATTGAGTGCT	AGCACUCAAUAGUAAGAUAGUCAAAAUAUC	0
NM_002649.3:3911-3940	NM_002649.3	NM_002649.3.fasta	3911	3940	+	30	ATATTTTGACTATCTTACTATTGAGTGCTT	AAGCACUCAAUAGUAAGAUAGUCAAAAUAU	0
NM_002649.3:3912-3941	NM_002649.3	NM_002649.3.fasta	3912	3941	+	30	TATTTTGACTATCTTACTATTGAGTGCTTC	GAAGCACUCAAUAGUAAGAUAGUCAAAAUA	0
NM_002649.3:3913-3942	NM_002649.3	NM_002649.3.fasta	3913	3942	+	30	ATTTTGACTATCTTACTATTGAGTGCTTCT	AGAAGCACUCAAUAGUAAGAUAGUCAAAAU	0
NM_002649.3:3914-3943	NM_002649.3	NM_002649.3.fasta	3914	3943	+	30	TTTTGACTATCTTACTATTGAGTGCTTCTG	CAGAAGCACUCAAUAGUAAGAUAGUCAAAA	0
NM_002649.3:3915-3944	NM_002649.3	NM_002649.3.fasta	3915	3944	+	30	TTTGACTATCTTACTATTGAGTGCTTCTGG	CCAGAAGCACUCAAUAGUAAGAUAGUCAAA	0
NM_002649.3:3916-3945	NM_002649.3	NM_002649.3.fasta	3916	3945	+	30	TTGACTATCTTACTATTGAGTGCTTCTGGA	UCCAGAAGCACUCAAUAGUAAGAUAGUCAA	0
NM_002649.3:3917-3946	NM_002649.3	NM_002649.3.fasta	3917	3946	+	30	TGACTATCTTACTATTGAGTGCTTCTGGAA	UUCCAGAAGCACUCAAUAGUAAGAUAGUCA	0
NM_002649.3:3918-3947	NM_002649.3	NM_002649.3.fasta	3918	3947	+	30	GACTATCTTACTATTGAGTGCTTCTGGAAA	UUUCCAGAAGCACUCAAUAGUAAGAUAGUC	0
NM_002649.3:3919-3948	NM_002649.3	NM_002649.3.fasta	3919	3948	+	30	ACTATCTTACTATTGAGTGCTTCTGGAAAT	AUUUCCAGAAGCACUCAAUAGUAAGAUAGU	0
NM_002649.3:3920-3949	NM_002649.3	NM_002649.3.fasta	3920	3949	+	30	CTATCTTACTATTGAGTGCTTCTGGAAATT	AAUUUCCAGAAGCACUCAAUAGUAAGAUAG	0
NM_002649.3:3921-3950	NM_002649.3	NM_002649.3.fasta	3921	3950	+	30	TATCTTACTATTGAGTGCTTCTGGAAATTC	GAAUUUCCAGAAGCACUCAAUAGUAAGAUA	0
NM_002649.3:3922-3951	NM_002649.3	NM_002649.3.fasta	3922	3951	+	30	ATCTTACTATTGAGTGCTTCTGGAAATTCT	AGAAUUUCCAGAAGCACUCAAUAGUAAGAU	0
NM_002649.3:3923-3952	NM_002649.3	NM_002649.3.fasta	3923	3952	+	30	TCTTACTATTGAGTGCTTCTGGAAATTCTT	AAGAAUUUCCAGAAGCACUCAAUAGUAAGA	0
NM_002649.3:3924-3953	NM_002649.3	NM_002649.3.fasta	3924	3953	+	30	CTTACTATTGAGTGCTTCTGGAAATTCTTT	AAAGAAUUUCCAGAAGCACUCAAUAGUAAG	0
NM_002649.3:3925-3954	NM_002649.3	NM_002649.3.fasta	3925	3954	+	30	TTACTATTGAGTGCTTCTGGAAATTCTTTG	CAAAGAAUUUCCAGAAGCACUCAAUAGUAA	0
NM_002649.3:3926-3955	NM_002649.3	NM_002649.3.fasta	3926	3955	+	30	TACTATTGAGTGCTTCTGGAAATTCTTTGG	CCAAAGAAUUUCCAGAAGCACUCAAUAGUA	0
NM_002649.3:3927-3956	NM_002649.3	NM_002649.3.fasta	3927	3956	+	30	ACTATTGAGTGCTTCTGGAAATTCTTTGGA	UCCAAAGAAUUUCCAGAAGCACUCAAUAGU	0
NM_002649.3:3928-3957	NM_002649.3	NM_002649.3.fasta	3928	3957	+	30	CTATTGAGTGCTTCTGGAAATTCTTTGGAA	UUCCAAAGAAUUUCCAGAAGCACUCAAUAG	0
NM_002649.3:3929-3958	NM_002649.3	NM_002649.3.fasta	3929	3958	+	30	TATTGAGTGCTTCTGGAAATTCTTTGGAAT	AUUCCAAAGAAUUUCCAGAAGCACUCAAUA	0
NM_002649.3:3930-3959	NM_002649.3	NM_002649.3.fasta	3930	3959	+	30	ATTGAGTGCTTCTGGAAATTCTTTGGAATA	UAUUCCAAAGAAUUUCCAGAAGCACUCAAU	0
NM_002649.3:3931-3960	NM_002649.3	NM_002649.3.fasta	3931	3960	+	30	TTGAGTGCTTCTGGAAATTCTTTGGAATAA	UUAUUCCAAAGAAUUUCCAGAAGCACUCAA	0
NM_002649.3:3932-3961	NM_002649.3	NM_002649.3.fasta	3932	3961	+	30	TGAGTGCTTCTGGAAATTCTTTGGAATAAT	AUUAUUCCAAAGAAUUUCCAGAAGCACUCA	0
NM_002649.3:3933-3962	NM_002649.3	NM_002649.3.fasta	3933	3962	+	30	GAGTGCTTCTGGAAATTCTTTGGAATAATT	AAUUAUUCCAAAGAAUUUCCAGAAGCACUC	0
NM_002649.3:3934-3963	NM_002649.3	NM_002649.3.fasta	3934	3963	+	30	AGTGCTTCTGGAAATTCTTTGGAATAATTG	CAAUUAUUCCAAAGAAUUUCCAGAAGCACU	0
NM_002649.3:3935-3964	NM_002649.3	NM_002649.3.fasta	3935	3964	+	30	GTGCTTCTGGAAATTCTTTGGAATAATTGA	UCAAUUAUUCCAAAGAAUUUCCAGAAGCAC	0
NM_002649.3:3936-3965	NM_002649.3	NM_002649.3.fasta	3936	3965	+	30	TGCTTCTGGAAATTCTTTGGAATAATTGAT	AUCAAUUAUUCCAAAGAAUUUCCAGAAGCA	0
NM_002649.3:3937-3966	NM_002649.3	NM_002649.3.fasta	3937	3966	+	30	GCTTCTGGAAATTCTTTGGAATAATTGATG	CAUCAAUUAUUCCAAAGAAUUUCCAGAAGC	0
NM_002649.3:3938-3967	NM_002649.3	NM_002649.3.fasta	3938	3967	+	30	CTTCTGGAAATTCTTTGGAATAATTGATGA	UCAUCAAUUAUUCCAAAGAAUUUCCAGAAG	0
NM_002649.3:3939-3968	NM_002649.3	NM_002649.3.fasta	3939	3968	+	30	TTCTGGAAATTCTTTGGAATAATTGATGAC	GUCAUCAAUUAUUCCAAAGAAUUUCCAGAA	0
NM_002649.3:3940-3969	NM_002649.3	NM_002649.3.fasta	3940	3969	+	30	TCTGGAAATTCTTTGGAATAATTGATGACA	UGUCAUCAAUUAUUCCAAAGAAUUUCCAGA	0
NM_002649.3:3941-3970	NM_002649.3	NM_002649.3.fasta	3941	3970	+	30	CTGGAAATTCTTTGGAATAATTGATGACAT	AUGUCAUCAAUUAUUCCAAAGAAUUUCCAG	0
NM_002649.3:3942-3971	NM_002649.3	NM_002649.3.fasta	3942	3971	+	30	TGGAAATTCTTTGGAATAATTGATGACATC	GAUGUCAUCAAUUAUUCCAAAGAAUUUCCA	0
NM_002649.3:3943-3972	NM_002649.3	NM_002649.3.fasta	3943	3972	+	30	GGAAATTCTTTGGAATAATTGATGACATCT	AGAUGUCAUCAAUUAUUCCAAAGAAUUUCC	0
NM_002649.3:3944-3973	NM_002649.3	NM_002649.3.fasta	3944	3973	+	30	GAAATTCTTTGGAATAATTGATGACATCTA	UAGAUGUCAUCAAUUAUUCCAAAGAAUUUC	0
NM_002649.3:3945-3974	NM_002649.3	NM_002649.3.fasta	3945	3974	+	30	AAATTCTTTGGAATAATTGATGACATCTAT	AUAGAUGUCAUCAAUUAUUCCAAAGAAUUU	0
NM_002649.3:3946-3975	NM_002649.3	NM_002649.3.fasta	3946	3975	+	30	AATTCTTTGGAATAATTGATGACATCTATT	AAUAGAUGUCAUCAAUUAUUCCAAAGAAUU	0
NM_002649.3:3947-3976	NM_002649.3	NM_002649.3.fasta	3947	3976	+	30	ATTCTTTGGAATAATTGATGACATCTATTT	AAAUAGAUGUCAUCAAUUAUUCCAAAGAAU	0
NM_002649.3:3948-3977	NM_002649.3	NM_002649.3.fasta	3948	3977	+	30	TTCTTTGGAATAATTGATGACATCTATTTT	AAAAUAGAUGUCAUCAAUUAUUCCAAAGAA	0
NM_002649.3:3949-3978	NM_002649.3	NM_002649.3.fasta	3949	3978	+	30	TCTTTGGAATAATTGATGACATCTATTTTC	GAAAAUAGAUGUCAUCAAUUAUUCCAAAGA	0
NM_002649.3:3950-3979	NM_002649.3	NM_002649.3.fasta	3950	3979	+	30	CTTTGGAATAATTGATGACATCTATTTTCA	UGAAAAUAGAUGUCAUCAAUUAUUCCAAAG	0
NM_002649.3:3951-3980	NM_002649.3	NM_002649.3.fasta	3951	3980	+	30	TTTGGAATAATTGATGACATCTATTTTCAT	AUGAAAAUAGAUGUCAUCAAUUAUUCCAAA	0
NM_002649.3:3952-3981	NM_002649.3	NM_002649.3.fasta	3952	3981	+	30	TTGGAATAATTGATGACATCTATTTTCATC	GAUGAAAAUAGAUGUCAUCAAUUAUUCCAA	0
NM_002649.3:3953-3982	NM_002649.3	NM_002649.3.fasta	3953	3982	+	30	TGGAATAATTGATGACATCTATTTTCATCT	AGAUGAAAAUAGAUGUCAUCAAUUAUUCCA	0
NM_002649.3:3954-3983	NM_002649.3	NM_002649.3.fasta	3954	3983	+	30	GGAATAATTGATGACATCTATTTTCATCTG	CAGAUGAAAAUAGAUGUCAUCAAUUAUUCC	0
NM_002649.3:3955-3984	NM_002649.3	NM_002649.3.fasta	3955	3984	+	30	GAATAATTGATGACATCTATTTTCATCTGG	CCAGAUGAAAAUAGAUGUCAUCAAUUAUUC	0
NM_002649.3:3956-3985	NM_002649.3	NM_002649.3.fasta	3956	3985	+	30	AATAATTGATGACATCTATTTTCATCTGGG	CCCAGAUGAAAAUAGAUGUCAUCAAUUAUU	0
NM_002649.3:3957-3986	NM_002649.3	NM_002649.3.fasta	3957	3986	+	30	ATAATTGATGACATCTATTTTCATCTGGGT	ACCCAGAUGAAAAUAGAUGUCAUCAAUUAU	0
NM_002649.3:3958-3987	NM_002649.3	NM_002649.3.fasta	3958	3987	+	30	TAATTGATGACATCTATTTTCATCTGGGTT	AACCCAGAUGAAAAUAGAUGUCAUCAAUUA	0
NM_002649.3:3959-3988	NM_002649.3	NM_002649.3.fasta	3959	3988	+	30	AATTGATGACATCTATTTTCATCTGGGTTT	AAACCCAGAUGAAAAUAGAUGUCAUCAAUU	0
NM_002649.3:3960-3989	NM_002649.3	NM_002649.3.fasta	3960	3989	+	30	ATTGATGACATCTATTTTCATCTGGGTTTA	UAAACCCAGAUGAAAAUAGAUGUCAUCAAU	0
NM_002649.3:3961-3990	NM_002649.3	NM_002649.3.fasta	3961	3990	+	30	TTGATGACATCTATTTTCATCTGGGTTTAG	CUAAACCCAGAUGAAAAUAGAUGUCAUCAA	0
NM_002649.3:3962-3991	NM_002649.3	NM_002649.3.fasta	3962	3991	+	30	TGATGACATCTATTTTCATCTGGGTTTAGT	ACUAAACCCAGAUGAAAAUAGAUGUCAUCA	0
NM_002649.3:3963-3992	NM_002649.3	NM_002649.3.fasta	3963	3992	+	30	GATGACATCTATTTTCATCTGGGTTTAGTC	GACUAAACCCAGAUGAAAAUAGAUGUCAUC	0
NM_002649.3:3964-3993	NM_002649.3	NM_002649.3.fasta	3964	3993	+	30	ATGACATCTATTTTCATCTGGGTTTAGTCT	AGACUAAACCCAGAUGAAAAUAGAUGUCAU	0
NM_002649.3:3965-3994	NM_002649.3	NM_002649.3.fasta	3965	3994	+	30	TGACATCTATTTTCATCTGGGTTTAGTCTC	GAGACUAAACCCAGAUGAAAAUAGAUGUCA	0
NM_002649.3:3966-3995	NM_002649.3	NM_002649.3.fasta	3966	3995	+	30	GACATCTATTTTCATCTGGGTTTAGTCTCA	UGAGACUAAACCCAGAUGAAAAUAGAUGUC	0
NM_002649.3:3967-3996	NM_002649.3	NM_002649.3.fasta	3967	3996	+	30	ACATCTATTTTCATCTGGGTTTAGTCTCAA	UUGAGACUAAACCCAGAUGAAAAUAGAUGU	0
NM_002649.3:3968-3997	NM_002649.3	NM_002649.3.fasta	3968	3997	+	30	CATCTATTTTCATCTGGGTTTAGTCTCAAT	AUUGAGACUAAACCCAGAUGAAAAUAGAUG	0
NM_002649.3:3969-3998	NM_002649.3	NM_002649.3.fasta	3969	3998	+	30	ATCTATTTTCATCTGGGTTTAGTCTCAATT	AAUUGAGACUAAACCCAGAUGAAAAUAGAU	0
NM_002649.3:3970-3999	NM_002649.3	NM_002649.3.fasta	3970	3999	+	30	TCTATTTTCATCTGGGTTTAGTCTCAATTT	AAAUUGAGACUAAACCCAGAUGAAAAUAGA	0
NM_002649.3:3971-4000	NM_002649.3	NM_002649.3.fasta	3971	4000	+	30	CTATTTTCATCTGGGTTTAGTCTCAATTTT	AAAAUUGAGACUAAACCCAGAUGAAAAUAG	0
NM_002649.3:3972-4001	NM_002649.3	NM_002649.3.fasta	3972	4001	+	30	TATTTTCATCTGGGTTTAGTCTCAATTTTG	CAAAAUUGAGACUAAACCCAGAUGAAAAUA	0
NM_002649.3:3973-4002	NM_002649.3	NM_002649.3.fasta	3973	4002	+	30	ATTTTCATCTGGGTTTAGTCTCAATTTTGG	CCAAAAUUGAGACUAAACCCAGAUGAAAAU	0
NM_002649.3:3974-4003	NM_002649.3	NM_002649.3.fasta	3974	4003	+	30	TTTTCATCTGGGTTTAGTCTCAATTTTGGT	ACCAAAAUUGAGACUAAACCCAGAUGAAAA	0
NM_002649.3:3975-4004	NM_002649.3	NM_002649.3.fasta	3975	4004	+	30	TTTCATCTGGGTTTAGTCTCAATTTTGGTT	AACCAAAAUUGAGACUAAACCCAGAUGAAA	0
NM_002649.3:3976-4005	NM_002649.3	NM_002649.3.fasta	3976	4005	+	30	TTCATCTGGGTTTAGTCTCAATTTTGGTTA	UAACCAAAAUUGAGACUAAACCCAGAUGAA	0
NM_002649.3:3977-4006	NM_002649.3	NM_002649.3.fasta	3977	4006	+	30	TCATCTGGGTTTAGTCTCAATTTTGGTTAT	AUAACCAAAAUUGAGACUAAACCCAGAUGA	0
NM_002649.3:3978-4007	NM_002649.3	NM_002649.3.fasta	3978	4007	+	30	CATCTGGGTTTAGTCTCAATTTTGGTTATC	GAUAACCAAAAUUGAGACUAAACCCAGAUG	0
NM_002649.3:3979-4008	NM_002649.3	NM_002649.3.fasta	3979	4008	+	30	ATCTGGGTTTAGTCTCAATTTTGGTTATCT	AGAUAACCAAAAUUGAGACUAAACCCAGAU	0
NM_002649.3:3980-4009	NM_002649.3	NM_002649.3.fasta	3980	4009	+	30	TCTGGGTTTAGTCTCAATTTTGGTTATCTT	AAGAUAACCAAAAUUGAGACUAAACCCAGA	0
NM_002649.3:3981-4010	NM_002649.3	NM_002649.3.fasta	3981	4010	+	30	CTGGGTTTAGTCTCAATTTTGGTTATCTTT	AAAGAUAACCAAAAUUGAGACUAAACCCAG	0
NM_002649.3:3982-4011	NM_002649.3	NM_002649.3.fasta	3982	4011	+	30	TGGGTTTAGTCTCAATTTTGGTTATCTTTG	CAAAGAUAACCAAAAUUGAGACUAAACCCA	0
NM_002649.3:3983-4012	NM_002649.3	NM_002649.3.fasta	3983	4012	+	30	GGGTTTAGTCTCAATTTTGGTTATCTTTGT	ACAAAGAUAACCAAAAUUGAGACUAAACCC	0
NM_002649.3:3984-4013	NM_002649.3	NM_002649.3.fasta	3984	4013	+	30	GGTTTAGTCTCAATTTTGGTTATCTTTGTG	CACAAAGAUAACCAAAAUUGAGACUAAACC	0
NM_002649.3:3985-4014	NM_002649.3	NM_002649.3.fasta	3985	4014	+	30	GTTTAGTCTCAATTTTGGTTATCTTTGTGT	ACACAAAGAUAACCAAAAUUGAGACUAAAC	0
NM_002649.3:3986-4015	NM_002649.3	NM_002649.3.fasta	3986	4015	+	30	TTTAGTCTCAATTTTGGTTATCTTTGTGTT	AACACAAAGAUAACCAAAAUUGAGACUAAA	0
NM_002649.3:3987-4016	NM_002649.3	NM_002649.3.fasta	3987	4016	+	30	TTAGTCTCAATTTTGGTTATCTTTGTGTTC	GAACACAAAGAUAACCAAAAUUGAGACUAA	0
NM_002649.3:3988-4017	NM_002649.3	NM_002649.3.fasta	3988	4017	+	30	TAGTCTCAATTTTGGTTATCTTTGTGTTCC	GGAACACAAAGAUAACCAAAAUUGAGACUA	0
NM_002649.3:3989-4018	NM_002649.3	NM_002649.3.fasta	3989	4018	+	30	AGTCTCAATTTTGGTTATCTTTGTGTTCCT	AGGAACACAAAGAUAACCAAAAUUGAGACU	0
NM_002649.3:3990-4019	NM_002649.3	NM_002649.3.fasta	3990	4019	+	30	GTCTCAATTTTGGTTATCTTTGTGTTCCTC	GAGGAACACAAAGAUAACCAAAAUUGAGAC	0
NM_002649.3:3991-4020	NM_002649.3	NM_002649.3.fasta	3991	4020	+	30	TCTCAATTTTGGTTATCTTTGTGTTCCTCA	UGAGGAACACAAAGAUAACCAAAAUUGAGA	0
NM_002649.3:3992-4021	NM_002649.3	NM_002649.3.fasta	3992	4021	+	30	CTCAATTTTGGTTATCTTTGTGTTCCTCAA	UUGAGGAACACAAAGAUAACCAAAAUUGAG	0
NM_002649.3:3993-4022	NM_002649.3	NM_002649.3.fasta	3993	4022	+	30	TCAATTTTGGTTATCTTTGTGTTCCTCAAG	CUUGAGGAACACAAAGAUAACCAAAAUUGA	0
NM_002649.3:3994-4023	NM_002649.3	NM_002649.3.fasta	3994	4023	+	30	CAATTTTGGTTATCTTTGTGTTCCTCAAGC	GCUUGAGGAACACAAAGAUAACCAAAAUUG	0
NM_002649.3:3995-4024	NM_002649.3	NM_002649.3.fasta	3995	4024	+	30	AATTTTGGTTATCTTTGTGTTCCTCAAGCT	AGCUUGAGGAACACAAAGAUAACCAAAAUU	0
NM_002649.3:3996-4025	NM_002649.3	NM_002649.3.fasta	3996	4025	+	30	ATTTTGGTTATCTTTGTGTTCCTCAAGCTC	GAGCUUGAGGAACACAAAGAUAACCAAAAU	0
NM_002649.3:3997-4026	NM_002649.3	NM_002649.3.fasta	3997	4026	+	30	TTTTGGTTATCTTTGTGTTCCTCAAGCTCT	AGAGCUUGAGGAACACAAAGAUAACCAAAA	0
NM_002649.3:3998-4027	NM_002649.3	NM_002649.3.fasta	3998	4027	+	30	TTTGGTTATCTTTGTGTTCCTCAAGCTCTT	AAGAGCUUGAGGAACACAAAGAUAACCAAA	0
NM_002649.3:3999-4028	NM_002649.3	NM_002649.3.fasta	3999	4028	+	30	TTGGTTATCTTTGTGTTCCTCAAGCTCTTT	AAAGAGCUUGAGGAACACAAAGAUAACCAA	0
NM_002649.3:4000-4029	NM_002649.3	NM_002649.3.fasta	4000	4029	+	30	TGGTTATCTTTGTGTTCCTCAAGCTCTTTA	UAAAGAGCUUGAGGAACACAAAGAUAACCA	0
NM_002649.3:4001-4030	NM_002649.3	NM_002649.3.fasta	4001	4030	+	30	GGTTATCTTTGTGTTCCTCAAGCTCTTTAA	UUAAAGAGCUUGAGGAACACAAAGAUAACC	0
NM_002649.3:4002-4031	NM_002649.3	NM_002649.3.fasta	4002	4031	+	30	GTTATCTTTGTGTTCCTCAAGCTCTTTAAA	UUUAAAGAGCUUGAGGAACACAAAGAUAAC	0
NM_002649.3:4003-4032	NM_002649.3	NM_002649.3.fasta	4003	4032	+	30	TTATCTTTGTGTTCCTCAAGCTCTTTAAAG	CUUUAAAGAGCUUGAGGAACACAAAGAUAA	0
NM_002649.3:4004-4033	NM_002649.3	NM_002649.3.fasta	4004	4033	+	30	TATCTTTGTGTTCCTCAAGCTCTTTAAAGA	UCUUUAAAGAGCUUGAGGAACACAAAGAUA	0
NM_002649.3:4005-4034	NM_002649.3	NM_002649.3.fasta	4005	4034	+	30	ATCTTTGTGTTCCTCAAGCTCTTTAAAGAA	UUCUUUAAAGAGCUUGAGGAACACAAAGAU	0
NM_002649.3:4006-4035	NM_002649.3	NM_002649.3.fasta	4006	4035	+	30	TCTTTGTGTTCCTCAAGCTCTTTAAAGAAA	UUUCUUUAAAGAGCUUGAGGAACACAAAGA	0
NM_002649.3:4007-4036	NM_002649.3	NM_002649.3.fasta	4007	4036	+	30	CTTTGTGTTCCTCAAGCTCTTTAAAGAAAA	UUUUCUUUAAAGAGCUUGAGGAACACAAAG	0
NM_002649.3:4008-4037	NM_002649.3	NM_002649.3.fasta	4008	4037	+	30	TTTGTGTTCCTCAAGCTCTTTAAAGAAAAA	UUUUUCUUUAAAGAGCUUGAGGAACACAAA	0
NM_002649.3:4009-4038	NM_002649.3	NM_002649.3.fasta	4009	4038	+	30	TTGTGTTCCTCAAGCTCTTTAAAGAAAAAG	CUUUUUCUUUAAAGAGCUUGAGGAACACAA	0
NM_002649.3:4010-4039	NM_002649.3	NM_002649.3.fasta	4010	4039	+	30	TGTGTTCCTCAAGCTCTTTAAAGAAAAAGA	UCUUUUUCUUUAAAGAGCUUGAGGAACACA	0
NM_002649.3:4011-4040	NM_002649.3	NM_002649.3.fasta	4011	4040	+	30	GTGTTCCTCAAGCTCTTTAAAGAAAAAGAT	AUCUUUUUCUUUAAAGAGCUUGAGGAACAC	0
NM_002649.3:4012-4041	NM_002649.3	NM_002649.3.fasta	4012	4041	+	30	TGTTCCTCAAGCTCTTTAAAGAAAAAGATG	CAUCUUUUUCUUUAAAGAGCUUGAGGAACA	0
NM_002649.3:4013-4042	NM_002649.3	NM_002649.3.fasta	4013	4042	+	30	GTTCCTCAAGCTCTTTAAAGAAAAAGATGT	ACAUCUUUUUCUUUAAAGAGCUUGAGGAAC	0
NM_002649.3:4014-4043	NM_002649.3	NM_002649.3.fasta	4014	4043	+	30	TTCCTCAAGCTCTTTAAAGAAAAAGATGTA	UACAUCUUUUUCUUUAAAGAGCUUGAGGAA	0
NM_002649.3:4015-4044	NM_002649.3	NM_002649.3.fasta	4015	4044	+	30	TCCTCAAGCTCTTTAAAGAAAAAGATGTAA	UUACAUCUUUUUCUUUAAAGAGCUUGAGGA	0
NM_002649.3:4016-4045	NM_002649.3	NM_002649.3.fasta	4016	4045	+	30	CCTCAAGCTCTTTAAAGAAAAAGATGTAAT	AUUACAUCUUUUUCUUUAAAGAGCUUGAGG	0
NM_002649.3:4017-4046	NM_002649.3	NM_002649.3.fasta	4017	4046	+	30	CTCAAGCTCTTTAAAGAAAAAGATGTAATC	GAUUACAUCUUUUUCUUUAAAGAGCUUGAG	0
NM_002649.3:4018-4047	NM_002649.3	NM_002649.3.fasta	4018	4047	+	30	TCAAGCTCTTTAAAGAAAAAGATGTAATCG	CGAUUACAUCUUUUUCUUUAAAGAGCUUGA	0
NM_002649.3:4019-4048	NM_002649.3	NM_002649.3.fasta	4019	4048	+	30	CAAGCTCTTTAAAGAAAAAGATGTAATCGT	ACGAUUACAUCUUUUUCUUUAAAGAGCUUG	0
NM_002649.3:4020-4049	NM_002649.3	NM_002649.3.fasta	4020	4049	+	30	AAGCTCTTTAAAGAAAAAGATGTAATCGTT	AACGAUUACAUCUUUUUCUUUAAAGAGCUU	0
NM_002649.3:4021-4050	NM_002649.3	NM_002649.3.fasta	4021	4050	+	30	AGCTCTTTAAAGAAAAAGATGTAATCGTTG	CAACGAUUACAUCUUUUUCUUUAAAGAGCU	0
NM_002649.3:4022-4051	NM_002649.3	NM_002649.3.fasta	4022	4051	+	30	GCTCTTTAAAGAAAAAGATGTAATCGTTGT	ACAACGAUUACAUCUUUUUCUUUAAAGAGC	0
NM_002649.3:4023-4052	NM_002649.3	NM_002649.3.fasta	4023	4052	+	30	CTCTTTAAAGAAAAAGATGTAATCGTTGTA	UACAACGAUUACAUCUUUUUCUUUAAAGAG	0
NM_002649.3:4024-4053	NM_002649.3	NM_002649.3.fasta	4024	4053	+	30	TCTTTAAAGAAAAAGATGTAATCGTTGTAA	UUACAACGAUUACAUCUUUUUCUUUAAAGA	0
NM_002649.3:4025-4054	NM_002649.3	NM_002649.3.fasta	4025	4054	+	30	CTTTAAAGAAAAAGATGTAATCGTTGTAAC	GUUACAACGAUUACAUCUUUUUCUUUAAAG	0
NM_002649.3:4026-4055	NM_002649.3	NM_002649.3.fasta	4026	4055	+	30	TTTAAAGAAAAAGATGTAATCGTTGTAACC	GGUUACAACGAUUACAUCUUUUUCUUUAAA	0
NM_002649.3:4027-4056	NM_002649.3	NM_002649.3.fasta	4027	4056	+	30	TTAAAGAAAAAGATGTAATCGTTGTAACCT	AGGUUACAACGAUUACAUCUUUUUCUUUAA	0
NM_002649.3:4028-4057	NM_002649.3	NM_002649.3.fasta	4028	4057	+	30	TAAAGAAAAAGATGTAATCGTTGTAACCTT	AAGGUUACAACGAUUACAUCUUUUUCUUUA	0
NM_002649.3:4029-4058	NM_002649.3	NM_002649.3.fasta	4029	4058	+	30	AAAGAAAAAGATGTAATCGTTGTAACCTTT	AAAGGUUACAACGAUUACAUCUUUUUCUUU	0
NM_002649.3:4030-4059	NM_002649.3	NM_002649.3.fasta	4030	4059	+	30	AAGAAAAAGATGTAATCGTTGTAACCTTTG	CAAAGGUUACAACGAUUACAUCUUUUUCUU	0
NM_002649.3:4031-4060	NM_002649.3	NM_002649.3.fasta	4031	4060	+	30	AGAAAAAGATGTAATCGTTGTAACCTTTGT	ACAAAGGUUACAACGAUUACAUCUUUUUCU	0
NM_002649.3:4032-4061	NM_002649.3	NM_002649.3.fasta	4032	4061	+	30	GAAAAAGATGTAATCGTTGTAACCTTTGTC	GACAAAGGUUACAACGAUUACAUCUUUUUC	0
NM_002649.3:4033-4062	NM_002649.3	NM_002649.3.fasta	4033	4062	+	30	AAAAAGATGTAATCGTTGTAACCTTTGTCT	AGACAAAGGUUACAACGAUUACAUCUUUUU	0
NM_002649.3:4034-4063	NM_002649.3	NM_002649.3.fasta	4034	4063	+	30	AAAAGATGTAATCGTTGTAACCTTTGTCTC	GAGACAAAGGUUACAACGAUUACAUCUUUU	0
NM_002649.3:4035-4064	NM_002649.3	NM_002649.3.fasta	4035	4064	+	30	AAAGATGTAATCGTTGTAACCTTTGTCTCA	UGAGACAAAGGUUACAACGAUUACAUCUUU	0
NM_002649.3:4036-4065	NM_002649.3	NM_002649.3.fasta	4036	4065	+	30	AAGATGTAATCGTTGTAACCTTTGTCTCAT	AUGAGACAAAGGUUACAACGAUUACAUCUU	0
NM_002649.3:4037-4066	NM_002649.3	NM_002649.3.fasta	4037	4066	+	30	AGATGTAATCGTTGTAACCTTTGTCTCATT	AAUGAGACAAAGGUUACAACGAUUACAUCU	0
NM_002649.3:4038-4067	NM_002649.3	NM_002649.3.fasta	4038	4067	+	30	GATGTAATCGTTGTAACCTTTGTCTCATTC	GAAUGAGACAAAGGUUACAACGAUUACAUC	0
NM_002649.3:4039-4068	NM_002649.3	NM_002649.3.fasta	4039	4068	+	30	ATGTAATCGTTGTAACCTTTGTCTCATTCC	GGAAUGAGACAAAGGUUACAACGAUUACAU	0
NM_002649.3:4040-4069	NM_002649.3	NM_002649.3.fasta	4040	4069	+	30	TGTAATCGTTGTAACCTTTGTCTCATTCCT	AGGAAUGAGACAAAGGUUACAACGAUUACA	0
NM_002649.3:4041-4070	NM_002649.3	NM_002649.3.fasta	4041	4070	+	30	GTAATCGTTGTAACCTTTGTCTCATTCCTT	AAGGAAUGAGACAAAGGUUACAACGAUUAC	0
NM_002649.3:4042-4071	NM_002649.3	NM_002649.3.fasta	4042	4071	+	30	TAATCGTTGTAACCTTTGTCTCATTCCTTA	UAAGGAAUGAGACAAAGGUUACAACGAUUA	0
NM_002649.3:4043-4072	NM_002649.3	NM_002649.3.fasta	4043	4072	+	30	AATCGTTGTAACCTTTGTCTCATTCCTTAA	UUAAGGAAUGAGACAAAGGUUACAACGAUU	0
NM_002649.3:4044-4073	NM_002649.3	NM_002649.3.fasta	4044	4073	+	30	ATCGTTGTAACCTTTGTCTCATTCCTTAAA	UUUAAGGAAUGAGACAAAGGUUACAACGAU	0
NM_002649.3:4045-4074	NM_002649.3	NM_002649.3.fasta	4045	4074	+	30	TCGTTGTAACCTTTGTCTCATTCCTTAAAT	AUUUAAGGAAUGAGACAAAGGUUACAACGA	0
NM_002649.3:4046-4075	NM_002649.3	NM_002649.3.fasta	4046	4075	+	30	CGTTGTAACCTTTGTCTCATTCCTTAAATG	CAUUUAAGGAAUGAGACAAAGGUUACAACG	0
NM_002649.3:4047-4076	NM_002649.3	NM_002649.3.fasta	4047	4076	+	30	GTTGTAACCTTTGTCTCATTCCTTAAATGA	UCAUUUAAGGAAUGAGACAAAGGUUACAAC	0
NM_002649.3:4048-4077	NM_002649.3	NM_002649.3.fasta	4048	4077	+	30	TTGTAACCTTTGTCTCATTCCTTAAATGAT	AUCAUUUAAGGAAUGAGACAAAGGUUACAA	0
NM_002649.3:4049-4078	NM_002649.3	NM_002649.3.fasta	4049	4078	+	30	TGTAACCTTTGTCTCATTCCTTAAATGATG	CAUCAUUUAAGGAAUGAGACAAAGGUUACA	0
NM_002649.3:4050-4079	NM_002649.3	NM_002649.3.fasta	4050	4079	+	30	GTAACCTTTGTCTCATTCCTTAAATGATGC	GCAUCAUUUAAGGAAUGAGACAAAGGUUAC	0
NM_002649.3:4051-4080	NM_002649.3	NM_002649.3.fasta	4051	4080	+	30	TAACCTTTGTCTCATTCCTTAAATGATGCT	AGCAUCAUUUAAGGAAUGAGACAAAGGUUA	0
NM_002649.3:4052-4081	NM_002649.3	NM_002649.3.fasta	4052	4081	+	30	AACCTTTGTCTCATTCCTTAAATGATGCTT	AAGCAUCAUUUAAGGAAUGAGACAAAGGUU	0
NM_002649.3:4053-4082	NM_002649.3	NM_002649.3.fasta	4053	4082	+	30	ACCTTTGTCTCATTCCTTAAATGATGCTTC	GAAGCAUCAUUUAAGGAAUGAGACAAAGGU	0
NM_002649.3:4054-4083	NM_002649.3	NM_002649.3.fasta	4054	4083	+	30	CCTTTGTCTCATTCCTTAAATGATGCTTCC	GGAAGCAUCAUUUAAGGAAUGAGACAAAGG	0
NM_002649.3:4055-4084	NM_002649.3	NM_002649.3.fasta	4055	4084	+	30	CTTTGTCTCATTCCTTAAATGATGCTTCCA	UGGAAGCAUCAUUUAAGGAAUGAGACAAAG	0
NM_002649.3:4056-4085	NM_002649.3	NM_002649.3.fasta	4056	4085	+	30	TTTGTCTCATTCCTTAAATGATGCTTCCAA	UUGGAAGCAUCAUUUAAGGAAUGAGACAAA	0
NM_002649.3:4057-4086	NM_002649.3	NM_002649.3.fasta	4057	4086	+	30	TTGTCTCATTCCTTAAATGATGCTTCCAAA	UUUGGAAGCAUCAUUUAAGGAAUGAGACAA	0
NM_002649.3:4058-4087	NM_002649.3	NM_002649.3.fasta	4058	4087	+	30	TGTCTCATTCCTTAAATGATGCTTCCAAAC	GUUUGGAAGCAUCAUUUAAGGAAUGAGACA	0
NM_002649.3:4059-4088	NM_002649.3	NM_002649.3.fasta	4059	4088	+	30	GTCTCATTCCTTAAATGATGCTTCCAAACA	UGUUUGGAAGCAUCAUUUAAGGAAUGAGAC	0
NM_002649.3:4060-4089	NM_002649.3	NM_002649.3.fasta	4060	4089	+	30	TCTCATTCCTTAAATGATGCTTCCAAACAT	AUGUUUGGAAGCAUCAUUUAAGGAAUGAGA	0
NM_002649.3:4061-4090	NM_002649.3	NM_002649.3.fasta	4061	4090	+	30	CTCATTCCTTAAATGATGCTTCCAAACATC	GAUGUUUGGAAGCAUCAUUUAAGGAAUGAG	0
NM_002649.3:4062-4091	NM_002649.3	NM_002649.3.fasta	4062	4091	+	30	TCATTCCTTAAATGATGCTTCCAAACATCT	AGAUGUUUGGAAGCAUCAUUUAAGGAAUGA	0
NM_002649.3:4063-4092	NM_002649.3	NM_002649.3.fasta	4063	4092	+	30	CATTCCTTAAATGATGCTTCCAAACATCTC	GAGAUGUUUGGAAGCAUCAUUUAAGGAAUG	0
NM_002649.3:4064-4093	NM_002649.3	NM_002649.3.fasta	4064	4093	+	30	ATTCCTTAAATGATGCTTCCAAACATCTCC	GGAGAUGUUUGGAAGCAUCAUUUAAGGAAU	0
NM_002649.3:4065-4094	NM_002649.3	NM_002649.3.fasta	4065	4094	+	30	TTCCTTAAATGATGCTTCCAAACATCTCCT	AGGAGAUGUUUGGAAGCAUCAUUUAAGGAA	0
NM_002649.3:4066-4095	NM_002649.3	NM_002649.3.fasta	4066	4095	+	30	TCCTTAAATGATGCTTCCAAACATCTCCTT	AAGGAGAUGUUUGGAAGCAUCAUUUAAGGA	0
NM_002649.3:4067-4096	NM_002649.3	NM_002649.3.fasta	4067	4096	+	30	CCTTAAATGATGCTTCCAAACATCTCCTTA	UAAGGAGAUGUUUGGAAGCAUCAUUUAAGG	0
NM_002649.3:4068-4097	NM_002649.3	NM_002649.3.fasta	4068	4097	+	30	CTTAAATGATGCTTCCAAACATCTCCTTAG	CUAAGGAGAUGUUUGGAAGCAUCAUUUAAG	0
NM_002649.3:4069-4098	NM_002649.3	NM_002649.3.fasta	4069	4098	+	30	TTAAATGATGCTTCCAAACATCTCCTTAGT	ACUAAGGAGAUGUUUGGAAGCAUCAUUUAA	0
NM_002649.3:4070-4099	NM_002649.3	NM_002649.3.fasta	4070	4099	+	30	TAAATGATGCTTCCAAACATCTCCTTAGTG	CACUAAGGAGAUGUUUGGAAGCAUCAUUUA	0
NM_002649.3:4071-4100	NM_002649.3	NM_002649.3.fasta	4071	4100	+	30	AAATGATGCTTCCAAACATCTCCTTAGTGT	ACACUAAGGAGAUGUUUGGAAGCAUCAUUU	0
NM_002649.3:4072-4101	NM_002649.3	NM_002649.3.fasta	4072	4101	+	30	AATGATGCTTCCAAACATCTCCTTAGTGTC	GACACUAAGGAGAUGUUUGGAAGCAUCAUU	0
NM_002649.3:4073-4102	NM_002649.3	NM_002649.3.fasta	4073	4102	+	30	ATGATGCTTCCAAACATCTCCTTAGTGTCT	AGACACUAAGGAGAUGUUUGGAAGCAUCAU	0
NM_002649.3:4074-4103	NM_002649.3	NM_002649.3.fasta	4074	4103	+	30	TGATGCTTCCAAACATCTCCTTAGTGTCTG	CAGACACUAAGGAGAUGUUUGGAAGCAUCA	0
NM_002649.3:4075-4104	NM_002649.3	NM_002649.3.fasta	4075	4104	+	30	GATGCTTCCAAACATCTCCTTAGTGTCTGC	GCAGACACUAAGGAGAUGUUUGGAAGCAUC	0
NM_002649.3:4076-4105	NM_002649.3	NM_002649.3.fasta	4076	4105	+	30	ATGCTTCCAAACATCTCCTTAGTGTCTGCA	UGCAGACACUAAGGAGAUGUUUGGAAGCAU	0
NM_002649.3:4077-4106	NM_002649.3	NM_002649.3.fasta	4077	4106	+	30	TGCTTCCAAACATCTCCTTAGTGTCTGCAG	CUGCAGACACUAAGGAGAUGUUUGGAAGCA	0
NM_002649.3:4078-4107	NM_002649.3	NM_002649.3.fasta	4078	4107	+	30	GCTTCCAAACATCTCCTTAGTGTCTGCAGG	CCUGCAGACACUAAGGAGAUGUUUGGAAGC	0
NM_002649.3:4079-4108	NM_002649.3	NM_002649.3.fasta	4079	4108	+	30	CTTCCAAACATCTCCTTAGTGTCTGCAGGT	ACCUGCAGACACUAAGGAGAUGUUUGGAAG	0
NM_002649.3:4080-4109	NM_002649.3	NM_002649.3.fasta	4080	4109	+	30	TTCCAAACATCTCCTTAGTGTCTGCAGGTG	CACCUGCAGACACUAAGGAGAUGUUUGGAA	0
NM_002649.3:4081-4110	NM_002649.3	NM_002649.3.fasta	4081	4110	+	30	TCCAAACATCTCCTTAGTGTCTGCAGGTGT	ACACCUGCAGACACUAAGGAGAUGUUUGGA	0
NM_002649.3:4082-4111	NM_002649.3	NM_002649.3.fasta	4082	4111	+	30	CCAAACATCTCCTTAGTGTCTGCAGGTGTT	AACACCUGCAGACACUAAGGAGAUGUUUGG	0
NM_002649.3:4083-4112	NM_002649.3	NM_002649.3.fasta	4083	4112	+	30	CAAACATCTCCTTAGTGTCTGCAGGTGTTA	UAACACCUGCAGACACUAAGGAGAUGUUUG	0
NM_002649.3:4084-4113	NM_002649.3	NM_002649.3.fasta	4084	4113	+	30	AAACATCTCCTTAGTGTCTGCAGGTGTTAG	CUAACACCUGCAGACACUAAGGAGAUGUUU	0
NM_002649.3:4085-4114	NM_002649.3	NM_002649.3.fasta	4085	4114	+	30	AACATCTCCTTAGTGTCTGCAGGTGTTAGT	ACUAACACCUGCAGACACUAAGGAGAUGUU	0
NM_002649.3:4086-4115	NM_002649.3	NM_002649.3.fasta	4086	4115	+	30	ACATCTCCTTAGTGTCTGCAGGTGTTAGTG	CACUAACACCUGCAGACACUAAGGAGAUGU	0
NM_002649.3:4087-4116	NM_002649.3	NM_002649.3.fasta	4087	4116	+	30	CATCTCCTTAGTGTCTGCAGGTGTTAGTGG	CCACUAACACCUGCAGACACUAAGGAGAUG	0
NM_002649.3:4088-4117	NM_002649.3	NM_002649.3.fasta	4088	4117	+	30	ATCTCCTTAGTGTCTGCAGGTGTTAGTGGT	ACCACUAACACCUGCAGACACUAAGGAGAU	0
NM_002649.3:4089-4118	NM_002649.3	NM_002649.3.fasta	4089	4118	+	30	TCTCCTTAGTGTCTGCAGGTGTTAGTGGTG	CACCACUAACACCUGCAGACACUAAGGAGA	0
NM_002649.3:4090-4119	NM_002649.3	NM_002649.3.fasta	4090	4119	+	30	CTCCTTAGTGTCTGCAGGTGTTAGTGGTGT	ACACCACUAACACCUGCAGACACUAAGGAG	0
NM_002649.3:4091-4120	NM_002649.3	NM_002649.3.fasta	4091	4120	+	30	TCCTTAGTGTCTGCAGGTGTTAGTGGTGTG	CACACCACUAACACCUGCAGACACUAAGGA	0
NM_002649.3:4092-4121	NM_002649.3	NM_002649.3.fasta	4092	4121	+	30	CCTTAGTGTCTGCAGGTGTTAGTGGTGTGC	GCACACCACUAACACCUGCAGACACUAAGG	0
NM_002649.3:4093-4122	NM_002649.3	NM_002649.3.fasta	4093	4122	+	30	CTTAGTGTCTGCAGGTGTTAGTGGTGTGCT	AGCACACCACUAACACCUGCAGACACUAAG	0
NM_002649.3:4094-4123	NM_002649.3	NM_002649.3.fasta	4094	4123	+	30	TTAGTGTCTGCAGGTGTTAGTGGTGTGCTA	UAGCACACCACUAACACCUGCAGACACUAA	0
NM_002649.3:4095-4124	NM_002649.3	NM_002649.3.fasta	4095	4124	+	30	TAGTGTCTGCAGGTGTTAGTGGTGTGCTAA	UUAGCACACCACUAACACCUGCAGACACUA	0
NM_002649.3:4096-4125	NM_002649.3	NM_002649.3.fasta	4096	4125	+	30	AGTGTCTGCAGGTGTTAGTGGTGTGCTAAA	UUUAGCACACCACUAACACCUGCAGACACU	0
NM_002649.3:4097-4126	NM_002649.3	NM_002649.3.fasta	4097	4126	+	30	GTGTCTGCAGGTGTTAGTGGTGTGCTAAAA	UUUUAGCACACCACUAACACCUGCAGACAC	0
NM_002649.3:4098-4127	NM_002649.3	NM_002649.3.fasta	4098	4127	+	30	TGTCTGCAGGTGTTAGTGGTGTGCTAAAAG	CUUUUAGCACACCACUAACACCUGCAGACA	0
NM_002649.3:4099-4128	NM_002649.3	NM_002649.3.fasta	4099	4128	+	30	GTCTGCAGGTGTTAGTGGTGTGCTAAAAGC	GCUUUUAGCACACCACUAACACCUGCAGAC	0
NM_002649.3:4100-4129	NM_002649.3	NM_002649.3.fasta	4100	4129	+	30	TCTGCAGGTGTTAGTGGTGTGCTAAAAGCA	UGCUUUUAGCACACCACUAACACCUGCAGA	0
NM_002649.3:4101-4130	NM_002649.3	NM_002649.3.fasta	4101	4130	+	30	CTGCAGGTGTTAGTGGTGTGCTAAAAGCAA	UUGCUUUUAGCACACCACUAACACCUGCAG	0
NM_002649.3:4102-4131	NM_002649.3	NM_002649.3.fasta	4102	4131	+	30	TGCAGGTGTTAGTGGTGTGCTAAAAGCAAG	CUUGCUUUUAGCACACCACUAACACCUGCA	0
NM_002649.3:4103-4132	NM_002649.3	NM_002649.3.fasta	4103	4132	+	30	GCAGGTGTTAGTGGTGTGCTAAAAGCAAGG	CCUUGCUUUUAGCACACCACUAACACCUGC	0
NM_002649.3:4104-4133	NM_002649.3	NM_002649.3.fasta	4104	4133	+	30	CAGGTGTTAGTGGTGTGCTAAAAGCAAGGA	UCCUUGCUUUUAGCACACCACUAACACCUG	0
NM_002649.3:4105-4134	NM_002649.3	NM_002649.3.fasta	4105	4134	+	30	AGGTGTTAGTGGTGTGCTAAAAGCAAGGAA	UUCCUUGCUUUUAGCACACCACUAACACCU	0
NM_002649.3:4106-4135	NM_002649.3	NM_002649.3.fasta	4106	4135	+	30	GGTGTTAGTGGTGTGCTAAAAGCAAGGAAA	UUUCCUUGCUUUUAGCACACCACUAACACC	0
NM_002649.3:4107-4136	NM_002649.3	NM_002649.3.fasta	4107	4136	+	30	GTGTTAGTGGTGTGCTAAAAGCAAGGAAAG	CUUUCCUUGCUUUUAGCACACCACUAACAC	0
NM_002649.3:4108-4137	NM_002649.3	NM_002649.3.fasta	4108	4137	+	30	TGTTAGTGGTGTGCTAAAAGCAAGGAAAGC	GCUUUCCUUGCUUUUAGCACACCACUAACA	0
NM_002649.3:4109-4138	NM_002649.3	NM_002649.3.fasta	4109	4138	+	30	GTTAGTGGTGTGCTAAAAGCAAGGAAAGCG	CGCUUUCCUUGCUUUUAGCACACCACUAAC	0
NM_002649.3:4110-4139	NM_002649.3	NM_002649.3.fasta	4110	4139	+	30	TTAGTGGTGTGCTAAAAGCAAGGAAAGCGA	UCGCUUUCCUUGCUUUUAGCACACCACUAA	0
NM_002649.3:4111-4140	NM_002649.3	NM_002649.3.fasta	4111	4140	+	30	TAGTGGTGTGCTAAAAGCAAGGAAAGCGAG	CUCGCUUUCCUUGCUUUUAGCACACCACUA	0
NM_002649.3:4112-4141	NM_002649.3	NM_002649.3.fasta	4112	4141	+	30	AGTGGTGTGCTAAAAGCAAGGAAAGCGAGT	ACUCGCUUUCCUUGCUUUUAGCACACCACU	0
NM_002649.3:4113-4142	NM_002649.3	NM_002649.3.fasta	4113	4142	+	30	GTGGTGTGCTAAAAGCAAGGAAAGCGAGTT	AACUCGCUUUCCUUGCUUUUAGCACACCAC	0
NM_002649.3:4114-4143	NM_002649.3	NM_002649.3.fasta	4114	4143	+	30	TGGTGTGCTAAAAGCAAGGAAAGCGAGTTA	UAACUCGCUUUCCUUGCUUUUAGCACACCA	0
NM_002649.3:4115-4144	NM_002649.3	NM_002649.3.fasta	4115	4144	+	30	GGTGTGCTAAAAGCAAGGAAAGCGAGTTAG	CUAACUCGCUUUCCUUGCUUUUAGCACACC	0
NM_002649.3:4116-4145	NM_002649.3	NM_002649.3.fasta	4116	4145	+	30	GTGTGCTAAAAGCAAGGAAAGCGAGTTAGT	ACUAACUCGCUUUCCUUGCUUUUAGCACAC	0
NM_002649.3:4117-4146	NM_002649.3	NM_002649.3.fasta	4117	4146	+	30	TGTGCTAAAAGCAAGGAAAGCGAGTTAGTC	GACUAACUCGCUUUCCUUGCUUUUAGCACA	0
NM_002649.3:4118-4147	NM_002649.3	NM_002649.3.fasta	4118	4147	+	30	GTGCTAAAAGCAAGGAAAGCGAGTTAGTCT	AGACUAACUCGCUUUCCUUGCUUUUAGCAC	0
NM_002649.3:4119-4148	NM_002649.3	NM_002649.3.fasta	4119	4148	+	30	TGCTAAAAGCAAGGAAAGCGAGTTAGTCTT	AAGACUAACUCGCUUUCCUUGCUUUUAGCA	0
NM_002649.3:4120-4149	NM_002649.3	NM_002649.3.fasta	4120	4149	+	30	GCTAAAAGCAAGGAAAGCGAGTTAGTCTTT	AAAGACUAACUCGCUUUCCUUGCUUUUAGC	0
NM_002649.3:4121-4150	NM_002649.3	NM_002649.3.fasta	4121	4150	+	30	CTAAAAGCAAGGAAAGCGAGTTAGTCTTTT	AAAAGACUAACUCGCUUUCCUUGCUUUUAG	0
NM_002649.3:4122-4151	NM_002649.3	NM_002649.3.fasta	4122	4151	+	30	TAAAAGCAAGGAAAGCGAGTTAGTCTTTTC	GAAAAGACUAACUCGCUUUCCUUGCUUUUA	0
NM_002649.3:4123-4152	NM_002649.3	NM_002649.3.fasta	4123	4152	+	30	AAAAGCAAGGAAAGCGAGTTAGTCTTTTCA	UGAAAAGACUAACUCGCUUUCCUUGCUUUU	0
NM_002649.3:4124-4153	NM_002649.3	NM_002649.3.fasta	4124	4153	+	30	AAAGCAAGGAAAGCGAGTTAGTCTTTTCAG	CUGAAAAGACUAACUCGCUUUCCUUGCUUU	0
NM_002649.3:4125-4154	NM_002649.3	NM_002649.3.fasta	4125	4154	+	30	AAGCAAGGAAAGCGAGTTAGTCTTTTCAGT	ACUGAAAAGACUAACUCGCUUUCCUUGCUU	0
NM_002649.3:4126-4155	NM_002649.3	NM_002649.3.fasta	4126	4155	+	30	AGCAAGGAAAGCGAGTTAGTCTTTTCAGTG	CACUGAAAAGACUAACUCGCUUUCCUUGCU	0
NM_002649.3:4127-4156	NM_002649.3	NM_002649.3.fasta	4127	4156	+	30	GCAAGGAAAGCGAGTTAGTCTTTTCAGTGT	ACACUGAAAAGACUAACUCGCUUUCCUUGC	0
NM_002649.3:4128-4157	NM_002649.3	NM_002649.3.fasta	4128	4157	+	30	CAAGGAAAGCGAGTTAGTCTTTTCAGTGTC	GACACUGAAAAGACUAACUCGCUUUCCUUG	0
NM_002649.3:4129-4158	NM_002649.3	NM_002649.3.fasta	4129	4158	+	30	AAGGAAAGCGAGTTAGTCTTTTCAGTGTCT	AGACACUGAAAAGACUAACUCGCUUUCCUU	0
NM_002649.3:4130-4159	NM_002649.3	NM_002649.3.fasta	4130	4159	+	30	AGGAAAGCGAGTTAGTCTTTTCAGTGTCTT	AAGACACUGAAAAGACUAACUCGCUUUCCU	0
NM_002649.3:4131-4160	NM_002649.3	NM_002649.3.fasta	4131	4160	+	30	GGAAAGCGAGTTAGTCTTTTCAGTGTCTTT	AAAGACACUGAAAAGACUAACUCGCUUUCC	0
NM_002649.3:4132-4161	NM_002649.3	NM_002649.3.fasta	4132	4161	+	30	GAAAGCGAGTTAGTCTTTTCAGTGTCTTTT	AAAAGACACUGAAAAGACUAACUCGCUUUC	0
NM_002649.3:4133-4162	NM_002649.3	NM_002649.3.fasta	4133	4162	+	30	AAAGCGAGTTAGTCTTTTCAGTGTCTTTTG	CAAAAGACACUGAAAAGACUAACUCGCUUU	0
NM_002649.3:4134-4163	NM_002649.3	NM_002649.3.fasta	4134	4163	+	30	AAGCGAGTTAGTCTTTTCAGTGTCTTTTGC	GCAAAAGACACUGAAAAGACUAACUCGCUU	0
NM_002649.3:4135-4164	NM_002649.3	NM_002649.3.fasta	4135	4164	+	30	AGCGAGTTAGTCTTTTCAGTGTCTTTTGCA	UGCAAAAGACACUGAAAAGACUAACUCGCU	0
NM_002649.3:4136-4165	NM_002649.3	NM_002649.3.fasta	4136	4165	+	30	GCGAGTTAGTCTTTTCAGTGTCTTTTGCAA	UUGCAAAAGACACUGAAAAGACUAACUCGC	0
NM_002649.3:4137-4166	NM_002649.3	NM_002649.3.fasta	4137	4166	+	30	CGAGTTAGTCTTTTCAGTGTCTTTTGCAAT	AUUGCAAAAGACACUGAAAAGACUAACUCG	0
NM_002649.3:4138-4167	NM_002649.3	NM_002649.3.fasta	4138	4167	+	30	GAGTTAGTCTTTTCAGTGTCTTTTGCAATT	AAUUGCAAAAGACACUGAAAAGACUAACUC	0
NM_002649.3:4139-4168	NM_002649.3	NM_002649.3.fasta	4139	4168	+	30	AGTTAGTCTTTTCAGTGTCTTTTGCAATTC	GAAUUGCAAAAGACACUGAAAAGACUAACU	0
NM_002649.3:4140-4169	NM_002649.3	NM_002649.3.fasta	4140	4169	+	30	GTTAGTCTTTTCAGTGTCTTTTGCAATTCA	UGAAUUGCAAAAGACACUGAAAAGACUAAC	0
NM_002649.3:4141-4170	NM_002649.3	NM_002649.3.fasta	4141	4170	+	30	TTAGTCTTTTCAGTGTCTTTTGCAATTCAA	UUGAAUUGCAAAAGACACUGAAAAGACUAA	0
NM_002649.3:4142-4171	NM_002649.3	NM_002649.3.fasta	4142	4171	+	30	TAGTCTTTTCAGTGTCTTTTGCAATTCAAT	AUUGAAUUGCAAAAGACACUGAAAAGACUA	0
NM_002649.3:4143-4172	NM_002649.3	NM_002649.3.fasta	4143	4172	+	30	AGTCTTTTCAGTGTCTTTTGCAATTCAATT	AAUUGAAUUGCAAAAGACACUGAAAAGACU	0
NM_002649.3:4144-4173	NM_002649.3	NM_002649.3.fasta	4144	4173	+	30	GTCTTTTCAGTGTCTTTTGCAATTCAATTC	GAAUUGAAUUGCAAAAGACACUGAAAAGAC	0
NM_002649.3:4145-4174	NM_002649.3	NM_002649.3.fasta	4145	4174	+	30	TCTTTTCAGTGTCTTTTGCAATTCAATTCT	AGAAUUGAAUUGCAAAAGACACUGAAAAGA	0
NM_002649.3:4146-4175	NM_002649.3	NM_002649.3.fasta	4146	4175	+	30	CTTTTCAGTGTCTTTTGCAATTCAATTCTT	AAGAAUUGAAUUGCAAAAGACACUGAAAAG	0
NM_002649.3:4147-4176	NM_002649.3	NM_002649.3.fasta	4147	4176	+	30	TTTTCAGTGTCTTTTGCAATTCAATTCTTT	AAAGAAUUGAAUUGCAAAAGACACUGAAAA	0
NM_002649.3:4148-4177	NM_002649.3	NM_002649.3.fasta	4148	4177	+	30	TTTCAGTGTCTTTTGCAATTCAATTCTTTT	AAAAGAAUUGAAUUGCAAAAGACACUGAAA	0
NM_002649.3:4149-4178	NM_002649.3	NM_002649.3.fasta	4149	4178	+	30	TTCAGTGTCTTTTGCAATTCAATTCTTTTG	CAAAAGAAUUGAAUUGCAAAAGACACUGAA	0
NM_002649.3:4150-4179	NM_002649.3	NM_002649.3.fasta	4150	4179	+	30	TCAGTGTCTTTTGCAATTCAATTCTTTTGT	ACAAAAGAAUUGAAUUGCAAAAGACACUGA	0
NM_002649.3:4151-4180	NM_002649.3	NM_002649.3.fasta	4151	4180	+	30	CAGTGTCTTTTGCAATTCAATTCTTTTGTC	GACAAAAGAAUUGAAUUGCAAAAGACACUG	0
NM_002649.3:4152-4181	NM_002649.3	NM_002649.3.fasta	4152	4181	+	30	AGTGTCTTTTGCAATTCAATTCTTTTGTCA	UGACAAAAGAAUUGAAUUGCAAAAGACACU	0
NM_002649.3:4153-4182	NM_002649.3	NM_002649.3.fasta	4153	4182	+	30	GTGTCTTTTGCAATTCAATTCTTTTGTCAT	AUGACAAAAGAAUUGAAUUGCAAAAGACAC	0
NM_002649.3:4154-4183	NM_002649.3	NM_002649.3.fasta	4154	4183	+	30	TGTCTTTTGCAATTCAATTCTTTTGTCATG	CAUGACAAAAGAAUUGAAUUGCAAAAGACA	0
NM_002649.3:4155-4184	NM_002649.3	NM_002649.3.fasta	4155	4184	+	30	GTCTTTTGCAATTCAATTCTTTTGTCATGT	ACAUGACAAAAGAAUUGAAUUGCAAAAGAC	0
NM_002649.3:4156-4185	NM_002649.3	NM_002649.3.fasta	4156	4185	+	30	TCTTTTGCAATTCAATTCTTTTGTCATGTA	UACAUGACAAAAGAAUUGAAUUGCAAAAGA	0
NM_002649.3:4157-4186	NM_002649.3	NM_002649.3.fasta	4157	4186	+	30	CTTTTGCAATTCAATTCTTTTGTCATGTAT	AUACAUGACAAAAGAAUUGAAUUGCAAAAG	0
NM_002649.3:4158-4187	NM_002649.3	NM_002649.3.fasta	4158	4187	+	30	TTTTGCAATTCAATTCTTTTGTCATGTATA	UAUACAUGACAAAAGAAUUGAAUUGCAAAA	0
NM_002649.3:4159-4188	NM_002649.3	NM_002649.3.fasta	4159	4188	+	30	TTTGCAATTCAATTCTTTTGTCATGTATAA	UUAUACAUGACAAAAGAAUUGAAUUGCAAA	0
NM_002649.3:4160-4189	NM_002649.3	NM_002649.3.fasta	4160	4189	+	30	TTGCAATTCAATTCTTTTGTCATGTATAAC	GUUAUACAUGACAAAAGAAUUGAAUUGCAA	0
NM_002649.3:4161-4190	NM_002649.3	NM_002649.3.fasta	4161	4190	+	30	TGCAATTCAATTCTTTTGTCATGTATAACT	AGUUAUACAUGACAAAAGAAUUGAAUUGCA	0
NM_002649.3:4162-4191	NM_002649.3	NM_002649.3.fasta	4162	4191	+	30	GCAATTCAATTCTTTTGTCATGTATAACTG	CAGUUAUACAUGACAAAAGAAUUGAAUUGC	0
NM_002649.3:4163-4192	NM_002649.3	NM_002649.3.fasta	4163	4192	+	30	CAATTCAATTCTTTTGTCATGTATAACTGA	UCAGUUAUACAUGACAAAAGAAUUGAAUUG	0
NM_002649.3:4164-4193	NM_002649.3	NM_002649.3.fasta	4164	4193	+	30	AATTCAATTCTTTTGTCATGTATAACTGAG	CUCAGUUAUACAUGACAAAAGAAUUGAAUU	0
NM_002649.3:4165-4194	NM_002649.3	NM_002649.3.fasta	4165	4194	+	30	ATTCAATTCTTTTGTCATGTATAACTGAGA	UCUCAGUUAUACAUGACAAAAGAAUUGAAU	0
NM_002649.3:4166-4195	NM_002649.3	NM_002649.3.fasta	4166	4195	+	30	TTCAATTCTTTTGTCATGTATAACTGAGAC	GUCUCAGUUAUACAUGACAAAAGAAUUGAA	0
NM_002649.3:4167-4196	NM_002649.3	NM_002649.3.fasta	4167	4196	+	30	TCAATTCTTTTGTCATGTATAACTGAGACA	UGUCUCAGUUAUACAUGACAAAAGAAUUGA	0
NM_002649.3:4168-4197	NM_002649.3	NM_002649.3.fasta	4168	4197	+	30	CAATTCTTTTGTCATGTATAACTGAGACAC	GUGUCUCAGUUAUACAUGACAAAAGAAUUG	0
NM_002649.3:4169-4198	NM_002649.3	NM_002649.3.fasta	4169	4198	+	30	AATTCTTTTGTCATGTATAACTGAGACACA	UGUGUCUCAGUUAUACAUGACAAAAGAAUU	0
NM_002649.3:4170-4199	NM_002649.3	NM_002649.3.fasta	4170	4199	+	30	ATTCTTTTGTCATGTATAACTGAGACACAC	GUGUGUCUCAGUUAUACAUGACAAAAGAAU	0
NM_002649.3:4171-4200	NM_002649.3	NM_002649.3.fasta	4171	4200	+	30	TTCTTTTGTCATGTATAACTGAGACACACA	UGUGUGUCUCAGUUAUACAUGACAAAAGAA	0
NM_002649.3:4172-4201	NM_002649.3	NM_002649.3.fasta	4172	4201	+	30	TCTTTTGTCATGTATAACTGAGACACACAA	UUGUGUGUCUCAGUUAUACAUGACAAAAGA	0
NM_002649.3:4173-4202	NM_002649.3	NM_002649.3.fasta	4173	4202	+	30	CTTTTGTCATGTATAACTGAGACACACAAA	UUUGUGUGUCUCAGUUAUACAUGACAAAAG	0
NM_002649.3:4174-4203	NM_002649.3	NM_002649.3.fasta	4174	4203	+	30	TTTTGTCATGTATAACTGAGACACACAAAC	GUUUGUGUGUCUCAGUUAUACAUGACAAAA	0
NM_002649.3:4175-4204	NM_002649.3	NM_002649.3.fasta	4175	4204	+	30	TTTGTCATGTATAACTGAGACACACAAACA	UGUUUGUGUGUCUCAGUUAUACAUGACAAA	0
NM_002649.3:4176-4205	NM_002649.3	NM_002649.3.fasta	4176	4205	+	30	TTGTCATGTATAACTGAGACACACAAACAC	GUGUUUGUGUGUCUCAGUUAUACAUGACAA	0
NM_002649.3:4177-4206	NM_002649.3	NM_002649.3.fasta	4177	4206	+	30	TGTCATGTATAACTGAGACACACAAACACA	UGUGUUUGUGUGUCUCAGUUAUACAUGACA	0
NM_002649.3:4178-4207	NM_002649.3	NM_002649.3.fasta	4178	4207	+	30	GTCATGTATAACTGAGACACACAAACACAG	CUGUGUUUGUGUGUCUCAGUUAUACAUGAC	0
NM_002649.3:4179-4208	NM_002649.3	NM_002649.3.fasta	4179	4208	+	30	TCATGTATAACTGAGACACACAAACACAGC	GCUGUGUUUGUGUGUCUCAGUUAUACAUGA	0
NM_002649.3:4180-4209	NM_002649.3	NM_002649.3.fasta	4180	4209	+	30	CATGTATAACTGAGACACACAAACACAGCA	UGCUGUGUUUGUGUGUCUCAGUUAUACAUG	0
NM_002649.3:4181-4210	NM_002649.3	NM_002649.3.fasta	4181	4210	+	30	ATGTATAACTGAGACACACAAACACAGCAG	CUGCUGUGUUUGUGUGUCUCAGUUAUACAU	0
NM_002649.3:4182-4211	NM_002649.3	NM_002649.3.fasta	4182	4211	+	30	TGTATAACTGAGACACACAAACACAGCAGG	CCUGCUGUGUUUGUGUGUCUCAGUUAUACA	0
NM_002649.3:4183-4212	NM_002649.3	NM_002649.3.fasta	4183	4212	+	30	GTATAACTGAGACACACAAACACAGCAGGA	UCCUGCUGUGUUUGUGUGUCUCAGUUAUAC	0
NM_002649.3:4184-4213	NM_002649.3	NM_002649.3.fasta	4184	4213	+	30	TATAACTGAGACACACAAACACAGCAGGAG	CUCCUGCUGUGUUUGUGUGUCUCAGUUAUA	0
NM_002649.3:4185-4214	NM_002649.3	NM_002649.3.fasta	4185	4214	+	30	ATAACTGAGACACACAAACACAGCAGGAGA	UCUCCUGCUGUGUUUGUGUGUCUCAGUUAU	0
NM_002649.3:4186-4215	NM_002649.3	NM_002649.3.fasta	4186	4215	+	30	TAACTGAGACACACAAACACAGCAGGAGAA	UUCUCCUGCUGUGUUUGUGUGUCUCAGUUA	0
NM_002649.3:4187-4216	NM_002649.3	NM_002649.3.fasta	4187	4216	+	30	AACTGAGACACACAAACACAGCAGGAGAAA	UUUCUCCUGCUGUGUUUGUGUGUCUCAGUU	0
NM_002649.3:4188-4217	NM_002649.3	NM_002649.3.fasta	4188	4217	+	30	ACTGAGACACACAAACACAGCAGGAGAAAT	AUUUCUCCUGCUGUGUUUGUGUGUCUCAGU	0
NM_002649.3:4189-4218	NM_002649.3	NM_002649.3.fasta	4189	4218	+	30	CTGAGACACACAAACACAGCAGGAGAAATC	GAUUUCUCCUGCUGUGUUUGUGUGUCUCAG	0
NM_002649.3:4190-4219	NM_002649.3	NM_002649.3.fasta	4190	4219	+	30	TGAGACACACAAACACAGCAGGAGAAATCT	AGAUUUCUCCUGCUGUGUUUGUGUGUCUCA	0
NM_002649.3:4191-4220	NM_002649.3	NM_002649.3.fasta	4191	4220	+	30	GAGACACACAAACACAGCAGGAGAAATCTA	UAGAUUUCUCCUGCUGUGUUUGUGUGUCUC	0
NM_002649.3:4192-4221	NM_002649.3	NM_002649.3.fasta	4192	4221	+	30	AGACACACAAACACAGCAGGAGAAATCTAA	UUAGAUUUCUCCUGCUGUGUUUGUGUGUCU	0
NM_002649.3:4193-4222	NM_002649.3	NM_002649.3.fasta	4193	4222	+	30	GACACACAAACACAGCAGGAGAAATCTAAA	UUUAGAUUUCUCCUGCUGUGUUUGUGUGUC	0
NM_002649.3:4194-4223	NM_002649.3	NM_002649.3.fasta	4194	4223	+	30	ACACACAAACACAGCAGGAGAAATCTAAAC	GUUUAGAUUUCUCCUGCUGUGUUUGUGUGU	0
NM_002649.3:4195-4224	NM_002649.3	NM_002649.3.fasta	4195	4224	+	30	CACACAAACACAGCAGGAGAAATCTAAACC	GGUUUAGAUUUCUCCUGCUGUGUUUGUGUG	0
NM_002649.3:4196-4225	NM_002649.3	NM_002649.3.fasta	4196	4225	+	30	ACACAAACACAGCAGGAGAAATCTAAACCG	CGGUUUAGAUUUCUCCUGCUGUGUUUGUGU	0
NM_002649.3:4197-4226	NM_002649.3	NM_002649.3.fasta	4197	4226	+	30	CACAAACACAGCAGGAGAAATCTAAACCGT	ACGGUUUAGAUUUCUCCUGCUGUGUUUGUG	0
NM_002649.3:4198-4227	NM_002649.3	NM_002649.3.fasta	4198	4227	+	30	ACAAACACAGCAGGAGAAATCTAAACCGTT	AACGGUUUAGAUUUCUCCUGCUGUGUUUGU	0
NM_002649.3:4199-4228	NM_002649.3	NM_002649.3.fasta	4199	4228	+	30	CAAACACAGCAGGAGAAATCTAAACCGTTG	CAACGGUUUAGAUUUCUCCUGCUGUGUUUG	0
NM_002649.3:4200-4229	NM_002649.3	NM_002649.3.fasta	4200	4229	+	30	AAACACAGCAGGAGAAATCTAAACCGTTGT	ACAACGGUUUAGAUUUCUCCUGCUGUGUUU	0
NM_002649.3:4201-4230	NM_002649.3	NM_002649.3.fasta	4201	4230	+	30	AACACAGCAGGAGAAATCTAAACCGTTGTG	CACAACGGUUUAGAUUUCUCCUGCUGUGUU	0
NM_002649.3:4202-4231	NM_002649.3	NM_002649.3.fasta	4202	4231	+	30	ACACAGCAGGAGAAATCTAAACCGTTGTGC	GCACAACGGUUUAGAUUUCUCCUGCUGUGU	0
NM_002649.3:4203-4232	NM_002649.3	NM_002649.3.fasta	4203	4232	+	30	CACAGCAGGAGAAATCTAAACCGTTGTGCC	GGCACAACGGUUUAGAUUUCUCCUGCUGUG	0
NM_002649.3:4204-4233	NM_002649.3	NM_002649.3.fasta	4204	4233	+	30	ACAGCAGGAGAAATCTAAACCGTTGTGCCT	AGGCACAACGGUUUAGAUUUCUCCUGCUGU	0
NM_002649.3:4205-4234	NM_002649.3	NM_002649.3.fasta	4205	4234	+	30	CAGCAGGAGAAATCTAAACCGTTGTGCCTT	AAGGCACAACGGUUUAGAUUUCUCCUGCUG	0
NM_002649.3:4206-4235	NM_002649.3	NM_002649.3.fasta	4206	4235	+	30	AGCAGGAGAAATCTAAACCGTTGTGCCTTG	CAAGGCACAACGGUUUAGAUUUCUCCUGCU	0
NM_002649.3:4207-4236	NM_002649.3	NM_002649.3.fasta	4207	4236	+	30	GCAGGAGAAATCTAAACCGTTGTGCCTTGA	UCAAGGCACAACGGUUUAGAUUUCUCCUGC	0
NM_002649.3:4208-4237	NM_002649.3	NM_002649.3.fasta	4208	4237	+	30	CAGGAGAAATCTAAACCGTTGTGCCTTGAC	GUCAAGGCACAACGGUUUAGAUUUCUCCUG	0
NM_002649.3:4209-4238	NM_002649.3	NM_002649.3.fasta	4209	4238	+	30	AGGAGAAATCTAAACCGTTGTGCCTTGACC	GGUCAAGGCACAACGGUUUAGAUUUCUCCU	0
NM_002649.3:4210-4239	NM_002649.3	NM_002649.3.fasta	4210	4239	+	30	GGAGAAATCTAAACCGTTGTGCCTTGACCT	AGGUCAAGGCACAACGGUUUAGAUUUCUCC	0
NM_002649.3:4211-4240	NM_002649.3	NM_002649.3.fasta	4211	4240	+	30	GAGAAATCTAAACCGTTGTGCCTTGACCTT	AAGGUCAAGGCACAACGGUUUAGAUUUCUC	0
NM_002649.3:4212-4241	NM_002649.3	NM_002649.3.fasta	4212	4241	+	30	AGAAATCTAAACCGTTGTGCCTTGACCTTC	GAAGGUCAAGGCACAACGGUUUAGAUUUCU	0
NM_002649.3:4213-4242	NM_002649.3	NM_002649.3.fasta	4213	4242	+	30	GAAATCTAAACCGTTGTGCCTTGACCTTCC	GGAAGGUCAAGGCACAACGGUUUAGAUUUC	0
NM_002649.3:4214-4243	NM_002649.3	NM_002649.3.fasta	4214	4243	+	30	AAATCTAAACCGTTGTGCCTTGACCTTCCT	AGGAAGGUCAAGGCACAACGGUUUAGAUUU	0
NM_002649.3:4215-4244	NM_002649.3	NM_002649.3.fasta	4215	4244	+	30	AATCTAAACCGTTGTGCCTTGACCTTCCTC	GAGGAAGGUCAAGGCACAACGGUUUAGAUU	0
NM_002649.3:4216-4245	NM_002649.3	NM_002649.3.fasta	4216	4245	+	30	ATCTAAACCGTTGTGCCTTGACCTTCCTCT	AGAGGAAGGUCAAGGCACAACGGUUUAGAU	0
NM_002649.3:4217-4246	NM_002649.3	NM_002649.3.fasta	4217	4246	+	30	TCTAAACCGTTGTGCCTTGACCTTCCTCTG	CAGAGGAAGGUCAAGGCACAACGGUUUAGA	0
NM_002649.3:4218-4247	NM_002649.3	NM_002649.3.fasta	4218	4247	+	30	CTAAACCGTTGTGCCTTGACCTTCCTCTGC	GCAGAGGAAGGUCAAGGCACAACGGUUUAG	0
NM_002649.3:4219-4248	NM_002649.3	NM_002649.3.fasta	4219	4248	+	30	TAAACCGTTGTGCCTTGACCTTCCTCTGCT	AGCAGAGGAAGGUCAAGGCACAACGGUUUA	0
NM_002649.3:4220-4249	NM_002649.3	NM_002649.3.fasta	4220	4249	+	30	AAACCGTTGTGCCTTGACCTTCCTCTGCTG	CAGCAGAGGAAGGUCAAGGCACAACGGUUU	0
NM_002649.3:4221-4250	NM_002649.3	NM_002649.3.fasta	4221	4250	+	30	AACCGTTGTGCCTTGACCTTCCTCTGCTGG	CCAGCAGAGGAAGGUCAAGGCACAACGGUU	0
NM_002649.3:4222-4251	NM_002649.3	NM_002649.3.fasta	4222	4251	+	30	ACCGTTGTGCCTTGACCTTCCTCTGCTGGT	ACCAGCAGAGGAAGGUCAAGGCACAACGGU	0
NM_002649.3:4223-4252	NM_002649.3	NM_002649.3.fasta	4223	4252	+	30	CCGTTGTGCCTTGACCTTCCTCTGCTGGTC	GACCAGCAGAGGAAGGUCAAGGCACAACGG	0
NM_002649.3:4224-4253	NM_002649.3	NM_002649.3.fasta	4224	4253	+	30	CGTTGTGCCTTGACCTTCCTCTGCTGGTCT	AGACCAGCAGAGGAAGGUCAAGGCACAACG	0
NM_002649.3:4225-4254	NM_002649.3	NM_002649.3.fasta	4225	4254	+	30	GTTGTGCCTTGACCTTCCTCTGCTGGTCTT	AAGACCAGCAGAGGAAGGUCAAGGCACAAC	0
NM_002649.3:4226-4255	NM_002649.3	NM_002649.3.fasta	4226	4255	+	30	TTGTGCCTTGACCTTCCTCTGCTGGTCTTG	CAAGACCAGCAGAGGAAGGUCAAGGCACAA	0
NM_002649.3:4227-4256	NM_002649.3	NM_002649.3.fasta	4227	4256	+	30	TGTGCCTTGACCTTCCTCTGCTGGTCTTGT	ACAAGACCAGCAGAGGAAGGUCAAGGCACA	0
NM_002649.3:4228-4257	NM_002649.3	NM_002649.3.fasta	4228	4257	+	30	GTGCCTTGACCTTCCTCTGCTGGTCTTGTT	AACAAGACCAGCAGAGGAAGGUCAAGGCAC	0
NM_002649.3:4229-4258	NM_002649.3	NM_002649.3.fasta	4229	4258	+	30	TGCCTTGACCTTCCTCTGCTGGTCTTGTTC	GAACAAGACCAGCAGAGGAAGGUCAAGGCA	0
NM_002649.3:4230-4259	NM_002649.3	NM_002649.3.fasta	4230	4259	+	30	GCCTTGACCTTCCTCTGCTGGTCTTGTTCC	GGAACAAGACCAGCAGAGGAAGGUCAAGGC	0
NM_002649.3:4231-4260	NM_002649.3	NM_002649.3.fasta	4231	4260	+	30	CCTTGACCTTCCTCTGCTGGTCTTGTTCCA	UGGAACAAGACCAGCAGAGGAAGGUCAAGG	0
NM_002649.3:4232-4261	NM_002649.3	NM_002649.3.fasta	4232	4261	+	30	CTTGACCTTCCTCTGCTGGTCTTGTTCCAG	CUGGAACAAGACCAGCAGAGGAAGGUCAAG	0
NM_002649.3:4233-4262	NM_002649.3	NM_002649.3.fasta	4233	4262	+	30	TTGACCTTCCTCTGCTGGTCTTGTTCCAGG	CCUGGAACAAGACCAGCAGAGGAAGGUCAA	0
NM_002649.3:4234-4263	NM_002649.3	NM_002649.3.fasta	4234	4263	+	30	TGACCTTCCTCTGCTGGTCTTGTTCCAGGG	CCCUGGAACAAGACCAGCAGAGGAAGGUCA	0
NM_002649.3:4235-4264	NM_002649.3	NM_002649.3.fasta	4235	4264	+	30	GACCTTCCTCTGCTGGTCTTGTTCCAGGGT	ACCCUGGAACAAGACCAGCAGAGGAAGGUC	0
NM_002649.3:4236-4265	NM_002649.3	NM_002649.3.fasta	4236	4265	+	30	ACCTTCCTCTGCTGGTCTTGTTCCAGGGTT	AACCCUGGAACAAGACCAGCAGAGGAAGGU	0
NM_002649.3:4237-4266	NM_002649.3	NM_002649.3.fasta	4237	4266	+	30	CCTTCCTCTGCTGGTCTTGTTCCAGGGTTA	UAACCCUGGAACAAGACCAGCAGAGGAAGG	0
NM_002649.3:4238-4267	NM_002649.3	NM_002649.3.fasta	4238	4267	+	30	CTTCCTCTGCTGGTCTTGTTCCAGGGTTAT	AUAACCCUGGAACAAGACCAGCAGAGGAAG	0
NM_002649.3:4239-4268	NM_002649.3	NM_002649.3.fasta	4239	4268	+	30	TTCCTCTGCTGGTCTTGTTCCAGGGTTATG	CAUAACCCUGGAACAAGACCAGCAGAGGAA	0
NM_002649.3:4240-4269	NM_002649.3	NM_002649.3.fasta	4240	4269	+	30	TCCTCTGCTGGTCTTGTTCCAGGGTTATGA	UCAUAACCCUGGAACAAGACCAGCAGAGGA	0
NM_002649.3:4241-4270	NM_002649.3	NM_002649.3.fasta	4241	4270	+	30	CCTCTGCTGGTCTTGTTCCAGGGTTATGAA	UUCAUAACCCUGGAACAAGACCAGCAGAGG	0
NM_002649.3:4242-4271	NM_002649.3	NM_002649.3.fasta	4242	4271	+	30	CTCTGCTGGTCTTGTTCCAGGGTTATGAAT	AUUCAUAACCCUGGAACAAGACCAGCAGAG	0
NM_002649.3:4243-4272	NM_002649.3	NM_002649.3.fasta	4243	4272	+	30	TCTGCTGGTCTTGTTCCAGGGTTATGAATA	UAUUCAUAACCCUGGAACAAGACCAGCAGA	0
NM_002649.3:4244-4273	NM_002649.3	NM_002649.3.fasta	4244	4273	+	30	CTGCTGGTCTTGTTCCAGGGTTATGAATAT	AUAUUCAUAACCCUGGAACAAGACCAGCAG	0
NM_002649.3:4245-4274	NM_002649.3	NM_002649.3.fasta	4245	4274	+	30	TGCTGGTCTTGTTCCAGGGTTATGAATATG	CAUAUUCAUAACCCUGGAACAAGACCAGCA	0
NM_002649.3:4246-4275	NM_002649.3	NM_002649.3.fasta	4246	4275	+	30	GCTGGTCTTGTTCCAGGGTTATGAATATGA	UCAUAUUCAUAACCCUGGAACAAGACCAGC	0
NM_002649.3:4247-4276	NM_002649.3	NM_002649.3.fasta	4247	4276	+	30	CTGGTCTTGTTCCAGGGTTATGAATATGAA	UUCAUAUUCAUAACCCUGGAACAAGACCAG	0
NM_002649.3:4248-4277	NM_002649.3	NM_002649.3.fasta	4248	4277	+	30	TGGTCTTGTTCCAGGGTTATGAATATGAAA	UUUCAUAUUCAUAACCCUGGAACAAGACCA	0
NM_002649.3:4249-4278	NM_002649.3	NM_002649.3.fasta	4249	4278	+	30	GGTCTTGTTCCAGGGTTATGAATATGAAAA	UUUUCAUAUUCAUAACCCUGGAACAAGACC	0
NM_002649.3:4250-4279	NM_002649.3	NM_002649.3.fasta	4250	4279	+	30	GTCTTGTTCCAGGGTTATGAATATGAAAAA	UUUUUCAUAUUCAUAACCCUGGAACAAGAC	0
NM_002649.3:4251-4280	NM_002649.3	NM_002649.3.fasta	4251	4280	+	30	TCTTGTTCCAGGGTTATGAATATGAAAAAA	UUUUUUCAUAUUCAUAACCCUGGAACAAGA	0
NM_002649.3:4252-4281	NM_002649.3	NM_002649.3.fasta	4252	4281	+	30	CTTGTTCCAGGGTTATGAATATGAAAAAAT	AUUUUUUCAUAUUCAUAACCCUGGAACAAG	0
NM_002649.3:4253-4282	NM_002649.3	NM_002649.3.fasta	4253	4282	+	30	TTGTTCCAGGGTTATGAATATGAAAAAATA	UAUUUUUUCAUAUUCAUAACCCUGGAACAA	0
NM_002649.3:4254-4283	NM_002649.3	NM_002649.3.fasta	4254	4283	+	30	TGTTCCAGGGTTATGAATATGAAAAAATAG	CUAUUUUUUCAUAUUCAUAACCCUGGAACA	0
NM_002649.3:4255-4284	NM_002649.3	NM_002649.3.fasta	4255	4284	+	30	GTTCCAGGGTTATGAATATGAAAAAATAGA	UCUAUUUUUUCAUAUUCAUAACCCUGGAAC	0
NM_002649.3:4256-4285	NM_002649.3	NM_002649.3.fasta	4256	4285	+	30	TTCCAGGGTTATGAATATGAAAAAATAGAG	CUCUAUUUUUUCAUAUUCAUAACCCUGGAA	0
NM_002649.3:4257-4286	NM_002649.3	NM_002649.3.fasta	4257	4286	+	30	TCCAGGGTTATGAATATGAAAAAATAGAGA	UCUCUAUUUUUUCAUAUUCAUAACCCUGGA	0
NM_002649.3:4258-4287	NM_002649.3	NM_002649.3.fasta	4258	4287	+	30	CCAGGGTTATGAATATGAAAAAATAGAGAT	AUCUCUAUUUUUUCAUAUUCAUAACCCUGG	0
NM_002649.3:4259-4288	NM_002649.3	NM_002649.3.fasta	4259	4288	+	30	CAGGGTTATGAATATGAAAAAATAGAGATG	CAUCUCUAUUUUUUCAUAUUCAUAACCCUG	0
NM_002649.3:4260-4289	NM_002649.3	NM_002649.3.fasta	4260	4289	+	30	AGGGTTATGAATATGAAAAAATAGAGATGA	UCAUCUCUAUUUUUUCAUAUUCAUAACCCU	0
NM_002649.3:4261-4290	NM_002649.3	NM_002649.3.fasta	4261	4290	+	30	GGGTTATGAATATGAAAAAATAGAGATGAG	CUCAUCUCUAUUUUUUCAUAUUCAUAACCC	0
NM_002649.3:4262-4291	NM_002649.3	NM_002649.3.fasta	4262	4291	+	30	GGTTATGAATATGAAAAAATAGAGATGAGA	UCUCAUCUCUAUUUUUUCAUAUUCAUAACC	0
NM_002649.3:4263-4292	NM_002649.3	NM_002649.3.fasta	4263	4292	+	30	GTTATGAATATGAAAAAATAGAGATGAGAC	GUCUCAUCUCUAUUUUUUCAUAUUCAUAAC	0
NM_002649.3:4264-4293	NM_002649.3	NM_002649.3.fasta	4264	4293	+	30	TTATGAATATGAAAAAATAGAGATGAGACT	AGUCUCAUCUCUAUUUUUUCAUAUUCAUAA	0
NM_002649.3:4265-4294	NM_002649.3	NM_002649.3.fasta	4265	4294	+	30	TATGAATATGAAAAAATAGAGATGAGACTT	AAGUCUCAUCUCUAUUUUUUCAUAUUCAUA	0
NM_002649.3:4266-4295	NM_002649.3	NM_002649.3.fasta	4266	4295	+	30	ATGAATATGAAAAAATAGAGATGAGACTTT	AAAGUCUCAUCUCUAUUUUUUCAUAUUCAU	0
NM_002649.3:4267-4296	NM_002649.3	NM_002649.3.fasta	4267	4296	+	30	TGAATATGAAAAAATAGAGATGAGACTTTT	AAAAGUCUCAUCUCUAUUUUUUCAUAUUCA	0
NM_002649.3:4268-4297	NM_002649.3	NM_002649.3.fasta	4268	4297	+	30	GAATATGAAAAAATAGAGATGAGACTTTTT	AAAAAGUCUCAUCUCUAUUUUUUCAUAUUC	0
NM_002649.3:4269-4298	NM_002649.3	NM_002649.3.fasta	4269	4298	+	30	AATATGAAAAAATAGAGATGAGACTTTTTG	CAAAAAGUCUCAUCUCUAUUUUUUCAUAUU	0
NM_002649.3:4270-4299	NM_002649.3	NM_002649.3.fasta	4270	4299	+	30	ATATGAAAAAATAGAGATGAGACTTTTTGT	ACAAAAAGUCUCAUCUCUAUUUUUUCAUAU	0
NM_002649.3:4271-4300	NM_002649.3	NM_002649.3.fasta	4271	4300	+	30	TATGAAAAAATAGAGATGAGACTTTTTGTG	CACAAAAAGUCUCAUCUCUAUUUUUUCAUA	0
NM_002649.3:4272-4301	NM_002649.3	NM_002649.3.fasta	4272	4301	+	30	ATGAAAAAATAGAGATGAGACTTTTTGTGT	ACACAAAAAGUCUCAUCUCUAUUUUUUCAU	0
NM_002649.3:4273-4302	NM_002649.3	NM_002649.3.fasta	4273	4302	+	30	TGAAAAAATAGAGATGAGACTTTTTGTGTC	GACACAAAAAGUCUCAUCUCUAUUUUUUCA	0
NM_002649.3:4274-4303	NM_002649.3	NM_002649.3.fasta	4274	4303	+	30	GAAAAAATAGAGATGAGACTTTTTGTGTCA	UGACACAAAAAGUCUCAUCUCUAUUUUUUC	0
NM_002649.3:4275-4304	NM_002649.3	NM_002649.3.fasta	4275	4304	+	30	AAAAAATAGAGATGAGACTTTTTGTGTCAA	UUGACACAAAAAGUCUCAUCUCUAUUUUUU	0
NM_002649.3:4276-4305	NM_002649.3	NM_002649.3.fasta	4276	4305	+	30	AAAAATAGAGATGAGACTTTTTGTGTCAAC	GUUGACACAAAAAGUCUCAUCUCUAUUUUU	0
NM_002649.3:4277-4306	NM_002649.3	NM_002649.3.fasta	4277	4306	+	30	AAAATAGAGATGAGACTTTTTGTGTCAACT	AGUUGACACAAAAAGUCUCAUCUCUAUUUU	0
NM_002649.3:4278-4307	NM_002649.3	NM_002649.3.fasta	4278	4307	+	30	AAATAGAGATGAGACTTTTTGTGTCAACTC	GAGUUGACACAAAAAGUCUCAUCUCUAUUU	0
NM_002649.3:4279-4308	NM_002649.3	NM_002649.3.fasta	4279	4308	+	30	AATAGAGATGAGACTTTTTGTGTCAACTCT	AGAGUUGACACAAAAAGUCUCAUCUCUAUU	0
NM_002649.3:4280-4309	NM_002649.3	NM_002649.3.fasta	4280	4309	+	30	ATAGAGATGAGACTTTTTGTGTCAACTCTG	CAGAGUUGACACAAAAAGUCUCAUCUCUAU	0
NM_002649.3:4281-4310	NM_002649.3	NM_002649.3.fasta	4281	4310	+	30	TAGAGATGAGACTTTTTGTGTCAACTCTGT	ACAGAGUUGACACAAAAAGUCUCAUCUCUA	0
NM_002649.3:4282-4311	NM_002649.3	NM_002649.3.fasta	4282	4311	+	30	AGAGATGAGACTTTTTGTGTCAACTCTGTC	GACAGAGUUGACACAAAAAGUCUCAUCUCU	0
NM_002649.3:4283-4312	NM_002649.3	NM_002649.3.fasta	4283	4312	+	30	GAGATGAGACTTTTTGTGTCAACTCTGTCC	GGACAGAGUUGACACAAAAAGUCUCAUCUC	0
NM_002649.3:4284-4313	NM_002649.3	NM_002649.3.fasta	4284	4313	+	30	AGATGAGACTTTTTGTGTCAACTCTGTCCA	UGGACAGAGUUGACACAAAAAGUCUCAUCU	0
NM_002649.3:4285-4314	NM_002649.3	NM_002649.3.fasta	4285	4314	+	30	GATGAGACTTTTTGTGTCAACTCTGTCCAC	GUGGACAGAGUUGACACAAAAAGUCUCAUC	0
NM_002649.3:4286-4315	NM_002649.3	NM_002649.3.fasta	4286	4315	+	30	ATGAGACTTTTTGTGTCAACTCTGTCCACA	UGUGGACAGAGUUGACACAAAAAGUCUCAU	0
NM_002649.3:4287-4316	NM_002649.3	NM_002649.3.fasta	4287	4316	+	30	TGAGACTTTTTGTGTCAACTCTGTCCACAA	UUGUGGACAGAGUUGACACAAAAAGUCUCA	0
NM_002649.3:4288-4317	NM_002649.3	NM_002649.3.fasta	4288	4317	+	30	GAGACTTTTTGTGTCAACTCTGTCCACAAG	CUUGUGGACAGAGUUGACACAAAAAGUCUC	0
NM_002649.3:4289-4318	NM_002649.3	NM_002649.3.fasta	4289	4318	+	30	AGACTTTTTGTGTCAACTCTGTCCACAAGA	UCUUGUGGACAGAGUUGACACAAAAAGUCU	0
NM_002649.3:4290-4319	NM_002649.3	NM_002649.3.fasta	4290	4319	+	30	GACTTTTTGTGTCAACTCTGTCCACAAGAG	CUCUUGUGGACAGAGUUGACACAAAAAGUC	0
NM_002649.3:4291-4320	NM_002649.3	NM_002649.3.fasta	4291	4320	+	30	ACTTTTTGTGTCAACTCTGTCCACAAGAGT	ACUCUUGUGGACAGAGUUGACACAAAAAGU	0
NM_002649.3:4292-4321	NM_002649.3	NM_002649.3.fasta	4292	4321	+	30	CTTTTTGTGTCAACTCTGTCCACAAGAGTG	CACUCUUGUGGACAGAGUUGACACAAAAAG	0
NM_002649.3:4293-4322	NM_002649.3	NM_002649.3.fasta	4293	4322	+	30	TTTTTGTGTCAACTCTGTCCACAAGAGTGA	UCACUCUUGUGGACAGAGUUGACACAAAAA	0
NM_002649.3:4294-4323	NM_002649.3	NM_002649.3.fasta	4294	4323	+	30	TTTTGTGTCAACTCTGTCCACAAGAGTGAG	CUCACUCUUGUGGACAGAGUUGACACAAAA	0
NM_002649.3:4295-4324	NM_002649.3	NM_002649.3.fasta	4295	4324	+	30	TTTGTGTCAACTCTGTCCACAAGAGTGAGT	ACUCACUCUUGUGGACAGAGUUGACACAAA	0
NM_002649.3:4296-4325	NM_002649.3	NM_002649.3.fasta	4296	4325	+	30	TTGTGTCAACTCTGTCCACAAGAGTGAGTT	AACUCACUCUUGUGGACAGAGUUGACACAA	0
NM_002649.3:4297-4326	NM_002649.3	NM_002649.3.fasta	4297	4326	+	30	TGTGTCAACTCTGTCCACAAGAGTGAGTTA	UAACUCACUCUUGUGGACAGAGUUGACACA	0
NM_002649.3:4298-4327	NM_002649.3	NM_002649.3.fasta	4298	4327	+	30	GTGTCAACTCTGTCCACAAGAGTGAGTTAT	AUAACUCACUCUUGUGGACAGAGUUGACAC	0
NM_002649.3:4299-4328	NM_002649.3	NM_002649.3.fasta	4299	4328	+	30	TGTCAACTCTGTCCACAAGAGTGAGTTATC	GAUAACUCACUCUUGUGGACAGAGUUGACA	0
NM_002649.3:4300-4329	NM_002649.3	NM_002649.3.fasta	4300	4329	+	30	GTCAACTCTGTCCACAAGAGTGAGTTATCT	AGAUAACUCACUCUUGUGGACAGAGUUGAC	0
NM_002649.3:4301-4330	NM_002649.3	NM_002649.3.fasta	4301	4330	+	30	TCAACTCTGTCCACAAGAGTGAGTTATCTA	UAGAUAACUCACUCUUGUGGACAGAGUUGA	0
NM_002649.3:4302-4331	NM_002649.3	NM_002649.3.fasta	4302	4331	+	30	CAACTCTGTCCACAAGAGTGAGTTATCTAG	CUAGAUAACUCACUCUUGUGGACAGAGUUG	0
NM_002649.3:4303-4332	NM_002649.3	NM_002649.3.fasta	4303	4332	+	30	AACTCTGTCCACAAGAGTGAGTTATCTAGT	ACUAGAUAACUCACUCUUGUGGACAGAGUU	0
NM_002649.3:4304-4333	NM_002649.3	NM_002649.3.fasta	4304	4333	+	30	ACTCTGTCCACAAGAGTGAGTTATCTAGTA	UACUAGAUAACUCACUCUUGUGGACAGAGU	0
NM_002649.3:4305-4334	NM_002649.3	NM_002649.3.fasta	4305	4334	+	30	CTCTGTCCACAAGAGTGAGTTATCTAGTAT	AUACUAGAUAACUCACUCUUGUGGACAGAG	0
NM_002649.3:4306-4335	NM_002649.3	NM_002649.3.fasta	4306	4335	+	30	TCTGTCCACAAGAGTGAGTTATCTAGTATG	CAUACUAGAUAACUCACUCUUGUGGACAGA	0
NM_002649.3:4307-4336	NM_002649.3	NM_002649.3.fasta	4307	4336	+	30	CTGTCCACAAGAGTGAGTTATCTAGTATGA	UCAUACUAGAUAACUCACUCUUGUGGACAG	0
NM_002649.3:4308-4337	NM_002649.3	NM_002649.3.fasta	4308	4337	+	30	TGTCCACAAGAGTGAGTTATCTAGTATGAT	AUCAUACUAGAUAACUCACUCUUGUGGACA	0
NM_002649.3:4309-4338	NM_002649.3	NM_002649.3.fasta	4309	4338	+	30	GTCCACAAGAGTGAGTTATCTAGTATGATT	AAUCAUACUAGAUAACUCACUCUUGUGGAC	0
NM_002649.3:4310-4339	NM_002649.3	NM_002649.3.fasta	4310	4339	+	30	TCCACAAGAGTGAGTTATCTAGTATGATTA	UAAUCAUACUAGAUAACUCACUCUUGUGGA	0
NM_002649.3:4311-4340	NM_002649.3	NM_002649.3.fasta	4311	4340	+	30	CCACAAGAGTGAGTTATCTAGTATGATTAG	CUAAUCAUACUAGAUAACUCACUCUUGUGG	0
NM_002649.3:4312-4341	NM_002649.3	NM_002649.3.fasta	4312	4341	+	30	CACAAGAGTGAGTTATCTAGTATGATTAGT	ACUAAUCAUACUAGAUAACUCACUCUUGUG	0
NM_002649.3:4313-4342	NM_002649.3	NM_002649.3.fasta	4313	4342	+	30	ACAAGAGTGAGTTATCTAGTATGATTAGTA	UACUAAUCAUACUAGAUAACUCACUCUUGU	0
NM_002649.3:4314-4343	NM_002649.3	NM_002649.3.fasta	4314	4343	+	30	CAAGAGTGAGTTATCTAGTATGATTAGTAT	AUACUAAUCAUACUAGAUAACUCACUCUUG	0
NM_002649.3:4315-4344	NM_002649.3	NM_002649.3.fasta	4315	4344	+	30	AAGAGTGAGTTATCTAGTATGATTAGTATA	UAUACUAAUCAUACUAGAUAACUCACUCUU	0
NM_002649.3:4316-4345	NM_002649.3	NM_002649.3.fasta	4316	4345	+	30	AGAGTGAGTTATCTAGTATGATTAGTATAG	CUAUACUAAUCAUACUAGAUAACUCACUCU	0
NM_002649.3:4317-4346	NM_002649.3	NM_002649.3.fasta	4317	4346	+	30	GAGTGAGTTATCTAGTATGATTAGTATAGC	GCUAUACUAAUCAUACUAGAUAACUCACUC	0
NM_002649.3:4318-4347	NM_002649.3	NM_002649.3.fasta	4318	4347	+	30	AGTGAGTTATCTAGTATGATTAGTATAGCT	AGCUAUACUAAUCAUACUAGAUAACUCACU	0
NM_002649.3:4319-4348	NM_002649.3	NM_002649.3.fasta	4319	4348	+	30	GTGAGTTATCTAGTATGATTAGTATAGCTT	AAGCUAUACUAAUCAUACUAGAUAACUCAC	0
NM_002649.3:4320-4349	NM_002649.3	NM_002649.3.fasta	4320	4349	+	30	TGAGTTATCTAGTATGATTAGTATAGCTTT	AAAGCUAUACUAAUCAUACUAGAUAACUCA	0
NM_002649.3:4321-4350	NM_002649.3	NM_002649.3.fasta	4321	4350	+	30	GAGTTATCTAGTATGATTAGTATAGCTTTC	GAAAGCUAUACUAAUCAUACUAGAUAACUC	0
NM_002649.3:4322-4351	NM_002649.3	NM_002649.3.fasta	4322	4351	+	30	AGTTATCTAGTATGATTAGTATAGCTTTCT	AGAAAGCUAUACUAAUCAUACUAGAUAACU	0
NM_002649.3:4323-4352	NM_002649.3	NM_002649.3.fasta	4323	4352	+	30	GTTATCTAGTATGATTAGTATAGCTTTCTC	GAGAAAGCUAUACUAAUCAUACUAGAUAAC	0
NM_002649.3:4324-4353	NM_002649.3	NM_002649.3.fasta	4324	4353	+	30	TTATCTAGTATGATTAGTATAGCTTTCTCC	GGAGAAAGCUAUACUAAUCAUACUAGAUAA	0
NM_002649.3:4325-4354	NM_002649.3	NM_002649.3.fasta	4325	4354	+	30	TATCTAGTATGATTAGTATAGCTTTCTCCA	UGGAGAAAGCUAUACUAAUCAUACUAGAUA	0
NM_002649.3:4326-4355	NM_002649.3	NM_002649.3.fasta	4326	4355	+	30	ATCTAGTATGATTAGTATAGCTTTCTCCAG	CUGGAGAAAGCUAUACUAAUCAUACUAGAU	0
NM_002649.3:4327-4356	NM_002649.3	NM_002649.3.fasta	4327	4356	+	30	TCTAGTATGATTAGTATAGCTTTCTCCAGC	GCUGGAGAAAGCUAUACUAAUCAUACUAGA	0
NM_002649.3:4328-4357	NM_002649.3	NM_002649.3.fasta	4328	4357	+	30	CTAGTATGATTAGTATAGCTTTCTCCAGCA	UGCUGGAGAAAGCUAUACUAAUCAUACUAG	0
NM_002649.3:4329-4358	NM_002649.3	NM_002649.3.fasta	4329	4358	+	30	TAGTATGATTAGTATAGCTTTCTCCAGCAT	AUGCUGGAGAAAGCUAUACUAAUCAUACUA	0
NM_002649.3:4330-4359	NM_002649.3	NM_002649.3.fasta	4330	4359	+	30	AGTATGATTAGTATAGCTTTCTCCAGCATG	CAUGCUGGAGAAAGCUAUACUAAUCAUACU	0
NM_002649.3:4331-4360	NM_002649.3	NM_002649.3.fasta	4331	4360	+	30	GTATGATTAGTATAGCTTTCTCCAGCATGG	CCAUGCUGGAGAAAGCUAUACUAAUCAUAC	0
NM_002649.3:4332-4361	NM_002649.3	NM_002649.3.fasta	4332	4361	+	30	TATGATTAGTATAGCTTTCTCCAGCATGGC	GCCAUGCUGGAGAAAGCUAUACUAAUCAUA	0
NM_002649.3:4333-4362	NM_002649.3	NM_002649.3.fasta	4333	4362	+	30	ATGATTAGTATAGCTTTCTCCAGCATGGCA	UGCCAUGCUGGAGAAAGCUAUACUAAUCAU	0
NM_002649.3:4334-4363	NM_002649.3	NM_002649.3.fasta	4334	4363	+	30	TGATTAGTATAGCTTTCTCCAGCATGGCAG	CUGCCAUGCUGGAGAAAGCUAUACUAAUCA	0
NM_002649.3:4335-4364	NM_002649.3	NM_002649.3.fasta	4335	4364	+	30	GATTAGTATAGCTTTCTCCAGCATGGCAGC	GCUGCCAUGCUGGAGAAAGCUAUACUAAUC	0
NM_002649.3:4336-4365	NM_002649.3	NM_002649.3.fasta	4336	4365	+	30	ATTAGTATAGCTTTCTCCAGCATGGCAGCA	UGCUGCCAUGCUGGAGAAAGCUAUACUAAU	0
NM_002649.3:4337-4366	NM_002649.3	NM_002649.3.fasta	4337	4366	+	30	TTAGTATAGCTTTCTCCAGCATGGCAGCAG	CUGCUGCCAUGCUGGAGAAAGCUAUACUAA	0
NM_002649.3:4338-4367	NM_002649.3	NM_002649.3.fasta	4338	4367	+	30	TAGTATAGCTTTCTCCAGCATGGCAGCAGG	CCUGCUGCCAUGCUGGAGAAAGCUAUACUA	0
NM_002649.3:4339-4368	NM_002649.3	NM_002649.3.fasta	4339	4368	+	30	AGTATAGCTTTCTCCAGCATGGCAGCAGGA	UCCUGCUGCCAUGCUGGAGAAAGCUAUACU	0
NM_002649.3:4340-4369	NM_002649.3	NM_002649.3.fasta	4340	4369	+	30	GTATAGCTTTCTCCAGCATGGCAGCAGGAA	UUCCUGCUGCCAUGCUGGAGAAAGCUAUAC	0
NM_002649.3:4341-4370	NM_002649.3	NM_002649.3.fasta	4341	4370	+	30	TATAGCTTTCTCCAGCATGGCAGCAGGAAG	CUUCCUGCUGCCAUGCUGGAGAAAGCUAUA	0
NM_002649.3:4342-4371	NM_002649.3	NM_002649.3.fasta	4342	4371	+	30	ATAGCTTTCTCCAGCATGGCAGCAGGAAGT	ACUUCCUGCUGCCAUGCUGGAGAAAGCUAU	0
NM_002649.3:4343-4372	NM_002649.3	NM_002649.3.fasta	4343	4372	+	30	TAGCTTTCTCCAGCATGGCAGCAGGAAGTA	UACUUCCUGCUGCCAUGCUGGAGAAAGCUA	0
NM_002649.3:4344-4373	NM_002649.3	NM_002649.3.fasta	4344	4373	+	30	AGCTTTCTCCAGCATGGCAGCAGGAAGTAA	UUACUUCCUGCUGCCAUGCUGGAGAAAGCU	0
NM_002649.3:4345-4374	NM_002649.3	NM_002649.3.fasta	4345	4374	+	30	GCTTTCTCCAGCATGGCAGCAGGAAGTAAC	GUUACUUCCUGCUGCCAUGCUGGAGAAAGC	0
NM_002649.3:4346-4375	NM_002649.3	NM_002649.3.fasta	4346	4375	+	30	CTTTCTCCAGCATGGCAGCAGGAAGTAACT	AGUUACUUCCUGCUGCCAUGCUGGAGAAAG	0
NM_002649.3:4347-4376	NM_002649.3	NM_002649.3.fasta	4347	4376	+	30	TTTCTCCAGCATGGCAGCAGGAAGTAACTA	UAGUUACUUCCUGCUGCCAUGCUGGAGAAA	0
NM_002649.3:4348-4377	NM_002649.3	NM_002649.3.fasta	4348	4377	+	30	TTCTCCAGCATGGCAGCAGGAAGTAACTAC	GUAGUUACUUCCUGCUGCCAUGCUGGAGAA	0
NM_002649.3:4349-4378	NM_002649.3	NM_002649.3.fasta	4349	4378	+	30	TCTCCAGCATGGCAGCAGGAAGTAACTACA	UGUAGUUACUUCCUGCUGCCAUGCUGGAGA	0
NM_002649.3:4350-4379	NM_002649.3	NM_002649.3.fasta	4350	4379	+	30	CTCCAGCATGGCAGCAGGAAGTAACTACAG	CUGUAGUUACUUCCUGCUGCCAUGCUGGAG	0
NM_002649.3:4351-4380	NM_002649.3	NM_002649.3.fasta	4351	4380	+	30	TCCAGCATGGCAGCAGGAAGTAACTACAGG	CCUGUAGUUACUUCCUGCUGCCAUGCUGGA	0
NM_002649.3:4352-4381	NM_002649.3	NM_002649.3.fasta	4352	4381	+	30	CCAGCATGGCAGCAGGAAGTAACTACAGGG	CCCUGUAGUUACUUCCUGCUGCCAUGCUGG	0
NM_002649.3:4353-4382	NM_002649.3	NM_002649.3.fasta	4353	4382	+	30	CAGCATGGCAGCAGGAAGTAACTACAGGGC	GCCCUGUAGUUACUUCCUGCUGCCAUGCUG	0
NM_002649.3:4354-4383	NM_002649.3	NM_002649.3.fasta	4354	4383	+	30	AGCATGGCAGCAGGAAGTAACTACAGGGCC	GGCCCUGUAGUUACUUCCUGCUGCCAUGCU	0
NM_002649.3:4355-4384	NM_002649.3	NM_002649.3.fasta	4355	4384	+	30	GCATGGCAGCAGGAAGTAACTACAGGGCCT	AGGCCCUGUAGUUACUUCCUGCUGCCAUGC	0
NM_002649.3:4356-4385	NM_002649.3	NM_002649.3.fasta	4356	4385	+	30	CATGGCAGCAGGAAGTAACTACAGGGCCTC	GAGGCCCUGUAGUUACUUCCUGCUGCCAUG	0
NM_002649.3:4357-4386	NM_002649.3	NM_002649.3.fasta	4357	4386	+	30	ATGGCAGCAGGAAGTAACTACAGGGCCTCT	AGAGGCCCUGUAGUUACUUCCUGCUGCCAU	0
NM_002649.3:4358-4387	NM_002649.3	NM_002649.3.fasta	4358	4387	+	30	TGGCAGCAGGAAGTAACTACAGGGCCTCTT	AAGAGGCCCUGUAGUUACUUCCUGCUGCCA	0
NM_002649.3:4359-4388	NM_002649.3	NM_002649.3.fasta	4359	4388	+	30	GGCAGCAGGAAGTAACTACAGGGCCTCTTT	AAAGAGGCCCUGUAGUUACUUCCUGCUGCC	0
NM_002649.3:4360-4389	NM_002649.3	NM_002649.3.fasta	4360	4389	+	30	GCAGCAGGAAGTAACTACAGGGCCTCTTTT	AAAAGAGGCCCUGUAGUUACUUCCUGCUGC	0
NM_002649.3:4361-4390	NM_002649.3	NM_002649.3.fasta	4361	4390	+	30	CAGCAGGAAGTAACTACAGGGCCTCTTTTA	UAAAAGAGGCCCUGUAGUUACUUCCUGCUG	0
NM_002649.3:4362-4391	NM_002649.3	NM_002649.3.fasta	4362	4391	+	30	AGCAGGAAGTAACTACAGGGCCTCTTTTAT	AUAAAAGAGGCCCUGUAGUUACUUCCUGCU	0
NM_002649.3:4363-4392	NM_002649.3	NM_002649.3.fasta	4363	4392	+	30	GCAGGAAGTAACTACAGGGCCTCTTTTATG	CAUAAAAGAGGCCCUGUAGUUACUUCCUGC	0
NM_002649.3:4364-4393	NM_002649.3	NM_002649.3.fasta	4364	4393	+	30	CAGGAAGTAACTACAGGGCCTCTTTTATGC	GCAUAAAAGAGGCCCUGUAGUUACUUCCUG	0
NM_002649.3:4365-4394	NM_002649.3	NM_002649.3.fasta	4365	4394	+	30	AGGAAGTAACTACAGGGCCTCTTTTATGCC	GGCAUAAAAGAGGCCCUGUAGUUACUUCCU	0
NM_002649.3:4366-4395	NM_002649.3	NM_002649.3.fasta	4366	4395	+	30	GGAAGTAACTACAGGGCCTCTTTTATGCCT	AGGCAUAAAAGAGGCCCUGUAGUUACUUCC	0
NM_002649.3:4367-4396	NM_002649.3	NM_002649.3.fasta	4367	4396	+	30	GAAGTAACTACAGGGCCTCTTTTATGCCTG	CAGGCAUAAAAGAGGCCCUGUAGUUACUUC	0
NM_002649.3:4368-4397	NM_002649.3	NM_002649.3.fasta	4368	4397	+	30	AAGTAACTACAGGGCCTCTTTTATGCCTGA	UCAGGCAUAAAAGAGGCCCUGUAGUUACUU	0
NM_002649.3:4369-4398	NM_002649.3	NM_002649.3.fasta	4369	4398	+	30	AGTAACTACAGGGCCTCTTTTATGCCTGAC	GUCAGGCAUAAAAGAGGCCCUGUAGUUACU	0
NM_002649.3:4370-4399	NM_002649.3	NM_002649.3.fasta	4370	4399	+	30	GTAACTACAGGGCCTCTTTTATGCCTGACA	UGUCAGGCAUAAAAGAGGCCCUGUAGUUAC	0
NM_002649.3:4371-4400	NM_002649.3	NM_002649.3.fasta	4371	4400	+	30	TAACTACAGGGCCTCTTTTATGCCTGACAT	AUGUCAGGCAUAAAAGAGGCCCUGUAGUUA	0
NM_002649.3:4372-4401	NM_002649.3	NM_002649.3.fasta	4372	4401	+	30	AACTACAGGGCCTCTTTTATGCCTGACATT	AAUGUCAGGCAUAAAAGAGGCCCUGUAGUU	0
NM_002649.3:4373-4402	NM_002649.3	NM_002649.3.fasta	4373	4402	+	30	ACTACAGGGCCTCTTTTATGCCTGACATTT	AAAUGUCAGGCAUAAAAGAGGCCCUGUAGU	0
NM_002649.3:4374-4403	NM_002649.3	NM_002649.3.fasta	4374	4403	+	30	CTACAGGGCCTCTTTTATGCCTGACATTTC	GAAAUGUCAGGCAUAAAAGAGGCCCUGUAG	0
NM_002649.3:4375-4404	NM_002649.3	NM_002649.3.fasta	4375	4404	+	30	TACAGGGCCTCTTTTATGCCTGACATTTCT	AGAAAUGUCAGGCAUAAAAGAGGCCCUGUA	0
NM_002649.3:4376-4405	NM_002649.3	NM_002649.3.fasta	4376	4405	+	30	ACAGGGCCTCTTTTATGCCTGACATTTCTT	AAGAAAUGUCAGGCAUAAAAGAGGCCCUGU	0
NM_002649.3:4377-4406	NM_002649.3	NM_002649.3.fasta	4377	4406	+	30	CAGGGCCTCTTTTATGCCTGACATTTCTTC	GAAGAAAUGUCAGGCAUAAAAGAGGCCCUG	0
NM_002649.3:4378-4407	NM_002649.3	NM_002649.3.fasta	4378	4407	+	30	AGGGCCTCTTTTATGCCTGACATTTCTTCC	GGAAGAAAUGUCAGGCAUAAAAGAGGCCCU	0
NM_002649.3:4379-4408	NM_002649.3	NM_002649.3.fasta	4379	4408	+	30	GGGCCTCTTTTATGCCTGACATTTCTTCCC	GGGAAGAAAUGUCAGGCAUAAAAGAGGCCC	0
NM_002649.3:4380-4409	NM_002649.3	NM_002649.3.fasta	4380	4409	+	30	GGCCTCTTTTATGCCTGACATTTCTTCCCT	AGGGAAGAAAUGUCAGGCAUAAAAGAGGCC	0
NM_002649.3:4381-4410	NM_002649.3	NM_002649.3.fasta	4381	4410	+	30	GCCTCTTTTATGCCTGACATTTCTTCCCTT	AAGGGAAGAAAUGUCAGGCAUAAAAGAGGC	0
NM_002649.3:4382-4411	NM_002649.3	NM_002649.3.fasta	4382	4411	+	30	CCTCTTTTATGCCTGACATTTCTTCCCTTC	GAAGGGAAGAAAUGUCAGGCAUAAAAGAGG	0
NM_002649.3:4383-4412	NM_002649.3	NM_002649.3.fasta	4383	4412	+	30	CTCTTTTATGCCTGACATTTCTTCCCTTCC	GGAAGGGAAGAAAUGUCAGGCAUAAAAGAG	0
NM_002649.3:4384-4413	NM_002649.3	NM_002649.3.fasta	4384	4413	+	30	TCTTTTATGCCTGACATTTCTTCCCTTCCT	AGGAAGGGAAGAAAUGUCAGGCAUAAAAGA	0
NM_002649.3:4385-4414	NM_002649.3	NM_002649.3.fasta	4385	4414	+	30	CTTTTATGCCTGACATTTCTTCCCTTCCTT	AAGGAAGGGAAGAAAUGUCAGGCAUAAAAG	0
NM_002649.3:4386-4415	NM_002649.3	NM_002649.3.fasta	4386	4415	+	30	TTTTATGCCTGACATTTCTTCCCTTCCTTT	AAAGGAAGGGAAGAAAUGUCAGGCAUAAAA	0
NM_002649.3:4387-4416	NM_002649.3	NM_002649.3.fasta	4387	4416	+	30	TTTATGCCTGACATTTCTTCCCTTCCTTTT	AAAAGGAAGGGAAGAAAUGUCAGGCAUAAA	0
NM_002649.3:4388-4417	NM_002649.3	NM_002649.3.fasta	4388	4417	+	30	TTATGCCTGACATTTCTTCCCTTCCTTTTT	AAAAAGGAAGGGAAGAAAUGUCAGGCAUAA	0
NM_002649.3:4389-4418	NM_002649.3	NM_002649.3.fasta	4389	4418	+	30	TATGCCTGACATTTCTTCCCTTCCTTTTTC	GAAAAAGGAAGGGAAGAAAUGUCAGGCAUA	0
NM_002649.3:4390-4419	NM_002649.3	NM_002649.3.fasta	4390	4419	+	30	ATGCCTGACATTTCTTCCCTTCCTTTTTCC	GGAAAAAGGAAGGGAAGAAAUGUCAGGCAU	0
NM_002649.3:4391-4420	NM_002649.3	NM_002649.3.fasta	4391	4420	+	30	TGCCTGACATTTCTTCCCTTCCTTTTTCCC	GGGAAAAAGGAAGGGAAGAAAUGUCAGGCA	0
NM_002649.3:4392-4421	NM_002649.3	NM_002649.3.fasta	4392	4421	+	30	GCCTGACATTTCTTCCCTTCCTTTTTCCCT	AGGGAAAAAGGAAGGGAAGAAAUGUCAGGC	0
NM_002649.3:4393-4422	NM_002649.3	NM_002649.3.fasta	4393	4422	+	30	CCTGACATTTCTTCCCTTCCTTTTTCCCTG	CAGGGAAAAAGGAAGGGAAGAAAUGUCAGG	0
NM_002649.3:4394-4423	NM_002649.3	NM_002649.3.fasta	4394	4423	+	30	CTGACATTTCTTCCCTTCCTTTTTCCCTGC	GCAGGGAAAAAGGAAGGGAAGAAAUGUCAG	0
NM_002649.3:4395-4424	NM_002649.3	NM_002649.3.fasta	4395	4424	+	30	TGACATTTCTTCCCTTCCTTTTTCCCTGCC	GGCAGGGAAAAAGGAAGGGAAGAAAUGUCA	0
NM_002649.3:4396-4425	NM_002649.3	NM_002649.3.fasta	4396	4425	+	30	GACATTTCTTCCCTTCCTTTTTCCCTGCCT	AGGCAGGGAAAAAGGAAGGGAAGAAAUGUC	0
NM_002649.3:4397-4426	NM_002649.3	NM_002649.3.fasta	4397	4426	+	30	ACATTTCTTCCCTTCCTTTTTCCCTGCCTC	GAGGCAGGGAAAAAGGAAGGGAAGAAAUGU	0
NM_002649.3:4398-4427	NM_002649.3	NM_002649.3.fasta	4398	4427	+	30	CATTTCTTCCCTTCCTTTTTCCCTGCCTCC	GGAGGCAGGGAAAAAGGAAGGGAAGAAAUG	0
NM_002649.3:4399-4428	NM_002649.3	NM_002649.3.fasta	4399	4428	+	30	ATTTCTTCCCTTCCTTTTTCCCTGCCTCCC	GGGAGGCAGGGAAAAAGGAAGGGAAGAAAU	0
NM_002649.3:4400-4429	NM_002649.3	NM_002649.3.fasta	4400	4429	+	30	TTTCTTCCCTTCCTTTTTCCCTGCCTCCCT	AGGGAGGCAGGGAAAAAGGAAGGGAAGAAA	0
NM_002649.3:4401-4430	NM_002649.3	NM_002649.3.fasta	4401	4430	+	30	TTCTTCCCTTCCTTTTTCCCTGCCTCCCTT	AAGGGAGGCAGGGAAAAAGGAAGGGAAGAA	0
NM_002649.3:4402-4431	NM_002649.3	NM_002649.3.fasta	4402	4431	+	30	TCTTCCCTTCCTTTTTCCCTGCCTCCCTTT	AAAGGGAGGCAGGGAAAAAGGAAGGGAAGA	0
NM_002649.3:4403-4432	NM_002649.3	NM_002649.3.fasta	4403	4432	+	30	CTTCCCTTCCTTTTTCCCTGCCTCCCTTTT	AAAAGGGAGGCAGGGAAAAAGGAAGGGAAG	0
NM_002649.3:4404-4433	NM_002649.3	NM_002649.3.fasta	4404	4433	+	30	TTCCCTTCCTTTTTCCCTGCCTCCCTTTTT	AAAAAGGGAGGCAGGGAAAAAGGAAGGGAA	0
NM_002649.3:4405-4434	NM_002649.3	NM_002649.3.fasta	4405	4434	+	30	TCCCTTCCTTTTTCCCTGCCTCCCTTTTTC	GAAAAAGGGAGGCAGGGAAAAAGGAAGGGA	0
NM_002649.3:4406-4435	NM_002649.3	NM_002649.3.fasta	4406	4435	+	30	CCCTTCCTTTTTCCCTGCCTCCCTTTTTCA	UGAAAAAGGGAGGCAGGGAAAAAGGAAGGG	0
NM_002649.3:4407-4436	NM_002649.3	NM_002649.3.fasta	4407	4436	+	30	CCTTCCTTTTTCCCTGCCTCCCTTTTTCAT	AUGAAAAAGGGAGGCAGGGAAAAAGGAAGG	0
NM_002649.3:4408-4437	NM_002649.3	NM_002649.3.fasta	4408	4437	+	30	CTTCCTTTTTCCCTGCCTCCCTTTTTCATC	GAUGAAAAAGGGAGGCAGGGAAAAAGGAAG	0
NM_002649.3:4409-4438	NM_002649.3	NM_002649.3.fasta	4409	4438	+	30	TTCCTTTTTCCCTGCCTCCCTTTTTCATCA	UGAUGAAAAAGGGAGGCAGGGAAAAAGGAA	0
NM_002649.3:4410-4439	NM_002649.3	NM_002649.3.fasta	4410	4439	+	30	TCCTTTTTCCCTGCCTCCCTTTTTCATCAA	UUGAUGAAAAAGGGAGGCAGGGAAAAAGGA	0
NM_002649.3:4411-4440	NM_002649.3	NM_002649.3.fasta	4411	4440	+	30	CCTTTTTCCCTGCCTCCCTTTTTCATCAAT	AUUGAUGAAAAAGGGAGGCAGGGAAAAAGG	0
NM_002649.3:4412-4441	NM_002649.3	NM_002649.3.fasta	4412	4441	+	30	CTTTTTCCCTGCCTCCCTTTTTCATCAATT	AAUUGAUGAAAAAGGGAGGCAGGGAAAAAG	0
NM_002649.3:4413-4442	NM_002649.3	NM_002649.3.fasta	4413	4442	+	30	TTTTTCCCTGCCTCCCTTTTTCATCAATTG	CAAUUGAUGAAAAAGGGAGGCAGGGAAAAA	0
NM_002649.3:4414-4443	NM_002649.3	NM_002649.3.fasta	4414	4443	+	30	TTTTCCCTGCCTCCCTTTTTCATCAATTGC	GCAAUUGAUGAAAAAGGGAGGCAGGGAAAA	0
NM_002649.3:4415-4444	NM_002649.3	NM_002649.3.fasta	4415	4444	+	30	TTTCCCTGCCTCCCTTTTTCATCAATTGCG	CGCAAUUGAUGAAAAAGGGAGGCAGGGAAA	0
NM_002649.3:4416-4445	NM_002649.3	NM_002649.3.fasta	4416	4445	+	30	TTCCCTGCCTCCCTTTTTCATCAATTGCGA	UCGCAAUUGAUGAAAAAGGGAGGCAGGGAA	0
NM_002649.3:4417-4446	NM_002649.3	NM_002649.3.fasta	4417	4446	+	30	TCCCTGCCTCCCTTTTTCATCAATTGCGAT	AUCGCAAUUGAUGAAAAAGGGAGGCAGGGA	0
NM_002649.3:4418-4447	NM_002649.3	NM_002649.3.fasta	4418	4447	+	30	CCCTGCCTCCCTTTTTCATCAATTGCGATG	CAUCGCAAUUGAUGAAAAAGGGAGGCAGGG	0
NM_002649.3:4419-4448	NM_002649.3	NM_002649.3.fasta	4419	4448	+	30	CCTGCCTCCCTTTTTCATCAATTGCGATGC	GCAUCGCAAUUGAUGAAAAAGGGAGGCAGG	0
NM_002649.3:4420-4449	NM_002649.3	NM_002649.3.fasta	4420	4449	+	30	CTGCCTCCCTTTTTCATCAATTGCGATGCT	AGCAUCGCAAUUGAUGAAAAAGGGAGGCAG	0
NM_002649.3:4421-4450	NM_002649.3	NM_002649.3.fasta	4421	4450	+	30	TGCCTCCCTTTTTCATCAATTGCGATGCTC	GAGCAUCGCAAUUGAUGAAAAAGGGAGGCA	0
NM_002649.3:4422-4451	NM_002649.3	NM_002649.3.fasta	4422	4451	+	30	GCCTCCCTTTTTCATCAATTGCGATGCTCC	GGAGCAUCGCAAUUGAUGAAAAAGGGAGGC	0
NM_002649.3:4423-4452	NM_002649.3	NM_002649.3.fasta	4423	4452	+	30	CCTCCCTTTTTCATCAATTGCGATGCTCCC	GGGAGCAUCGCAAUUGAUGAAAAAGGGAGG	0
NM_002649.3:4424-4453	NM_002649.3	NM_002649.3.fasta	4424	4453	+	30	CTCCCTTTTTCATCAATTGCGATGCTCCCA	UGGGAGCAUCGCAAUUGAUGAAAAAGGGAG	0
NM_002649.3:4425-4454	NM_002649.3	NM_002649.3.fasta	4425	4454	+	30	TCCCTTTTTCATCAATTGCGATGCTCCCAC	GUGGGAGCAUCGCAAUUGAUGAAAAAGGGA	0
NM_002649.3:4426-4455	NM_002649.3	NM_002649.3.fasta	4426	4455	+	30	CCCTTTTTCATCAATTGCGATGCTCCCACA	UGUGGGAGCAUCGCAAUUGAUGAAAAAGGG	0
NM_002649.3:4427-4456	NM_002649.3	NM_002649.3.fasta	4427	4456	+	30	CCTTTTTCATCAATTGCGATGCTCCCACAA	UUGUGGGAGCAUCGCAAUUGAUGAAAAAGG	0
NM_002649.3:4428-4457	NM_002649.3	NM_002649.3.fasta	4428	4457	+	30	CTTTTTCATCAATTGCGATGCTCCCACAAC	GUUGUGGGAGCAUCGCAAUUGAUGAAAAAG	0
NM_002649.3:4429-4458	NM_002649.3	NM_002649.3.fasta	4429	4458	+	30	TTTTTCATCAATTGCGATGCTCCCACAACT	AGUUGUGGGAGCAUCGCAAUUGAUGAAAAA	0
NM_002649.3:4430-4459	NM_002649.3	NM_002649.3.fasta	4430	4459	+	30	TTTTCATCAATTGCGATGCTCCCACAACTC	GAGUUGUGGGAGCAUCGCAAUUGAUGAAAA	0
NM_002649.3:4431-4460	NM_002649.3	NM_002649.3.fasta	4431	4460	+	30	TTTCATCAATTGCGATGCTCCCACAACTCT	AGAGUUGUGGGAGCAUCGCAAUUGAUGAAA	0
NM_002649.3:4432-4461	NM_002649.3	NM_002649.3.fasta	4432	4461	+	30	TTCATCAATTGCGATGCTCCCACAACTCTT	AAGAGUUGUGGGAGCAUCGCAAUUGAUGAA	0
NM_002649.3:4433-4462	NM_002649.3	NM_002649.3.fasta	4433	4462	+	30	TCATCAATTGCGATGCTCCCACAACTCTTT	AAAGAGUUGUGGGAGCAUCGCAAUUGAUGA	0
NM_002649.3:4434-4463	NM_002649.3	NM_002649.3.fasta	4434	4463	+	30	CATCAATTGCGATGCTCCCACAACTCTTTA	UAAAGAGUUGUGGGAGCAUCGCAAUUGAUG	0
NM_002649.3:4435-4464	NM_002649.3	NM_002649.3.fasta	4435	4464	+	30	ATCAATTGCGATGCTCCCACAACTCTTTAC	GUAAAGAGUUGUGGGAGCAUCGCAAUUGAU	0
NM_002649.3:4436-4465	NM_002649.3	NM_002649.3.fasta	4436	4465	+	30	TCAATTGCGATGCTCCCACAACTCTTTACA	UGUAAAGAGUUGUGGGAGCAUCGCAAUUGA	0
NM_002649.3:4437-4466	NM_002649.3	NM_002649.3.fasta	4437	4466	+	30	CAATTGCGATGCTCCCACAACTCTTTACAG	CUGUAAAGAGUUGUGGGAGCAUCGCAAUUG	0
NM_002649.3:4438-4467	NM_002649.3	NM_002649.3.fasta	4438	4467	+	30	AATTGCGATGCTCCCACAACTCTTTACAGA	UCUGUAAAGAGUUGUGGGAGCAUCGCAAUU	0
NM_002649.3:4439-4468	NM_002649.3	NM_002649.3.fasta	4439	4468	+	30	ATTGCGATGCTCCCACAACTCTTTACAGAC	GUCUGUAAAGAGUUGUGGGAGCAUCGCAAU	0
NM_002649.3:4440-4469	NM_002649.3	NM_002649.3.fasta	4440	4469	+	30	TTGCGATGCTCCCACAACTCTTTACAGACT	AGUCUGUAAAGAGUUGUGGGAGCAUCGCAA	0
NM_002649.3:4441-4470	NM_002649.3	NM_002649.3.fasta	4441	4470	+	30	TGCGATGCTCCCACAACTCTTTACAGACTT	AAGUCUGUAAAGAGUUGUGGGAGCAUCGCA	0
NM_002649.3:4442-4471	NM_002649.3	NM_002649.3.fasta	4442	4471	+	30	GCGATGCTCCCACAACTCTTTACAGACTTG	CAAGUCUGUAAAGAGUUGUGGGAGCAUCGC	0
NM_002649.3:4443-4472	NM_002649.3	NM_002649.3.fasta	4443	4472	+	30	CGATGCTCCCACAACTCTTTACAGACTTGT	ACAAGUCUGUAAAGAGUUGUGGGAGCAUCG	0
NM_002649.3:4444-4473	NM_002649.3	NM_002649.3.fasta	4444	4473	+	30	GATGCTCCCACAACTCTTTACAGACTTGTG	CACAAGUCUGUAAAGAGUUGUGGGAGCAUC	0
NM_002649.3:4445-4474	NM_002649.3	NM_002649.3.fasta	4445	4474	+	30	ATGCTCCCACAACTCTTTACAGACTTGTGA	UCACAAGUCUGUAAAGAGUUGUGGGAGCAU	0
NM_002649.3:4446-4475	NM_002649.3	NM_002649.3.fasta	4446	4475	+	30	TGCTCCCACAACTCTTTACAGACTTGTGAA	UUCACAAGUCUGUAAAGAGUUGUGGGAGCA	0
NM_002649.3:4447-4476	NM_002649.3	NM_002649.3.fasta	4447	4476	+	30	GCTCCCACAACTCTTTACAGACTTGTGAAA	UUUCACAAGUCUGUAAAGAGUUGUGGGAGC	0
NM_002649.3:4448-4477	NM_002649.3	NM_002649.3.fasta	4448	4477	+	30	CTCCCACAACTCTTTACAGACTTGTGAAAT	AUUUCACAAGUCUGUAAAGAGUUGUGGGAG	0
NM_002649.3:4449-4478	NM_002649.3	NM_002649.3.fasta	4449	4478	+	30	TCCCACAACTCTTTACAGACTTGTGAAATC	GAUUUCACAAGUCUGUAAAGAGUUGUGGGA	0
NM_002649.3:4450-4479	NM_002649.3	NM_002649.3.fasta	4450	4479	+	30	CCCACAACTCTTTACAGACTTGTGAAATCT	AGAUUUCACAAGUCUGUAAAGAGUUGUGGG	0
NM_002649.3:4451-4480	NM_002649.3	NM_002649.3.fasta	4451	4480	+	30	CCACAACTCTTTACAGACTTGTGAAATCTT	AAGAUUUCACAAGUCUGUAAAGAGUUGUGG	0
NM_002649.3:4452-4481	NM_002649.3	NM_002649.3.fasta	4452	4481	+	30	CACAACTCTTTACAGACTTGTGAAATCTTC	GAAGAUUUCACAAGUCUGUAAAGAGUUGUG	0
NM_002649.3:4453-4482	NM_002649.3	NM_002649.3.fasta	4453	4482	+	30	ACAACTCTTTACAGACTTGTGAAATCTTCA	UGAAGAUUUCACAAGUCUGUAAAGAGUUGU	0
NM_002649.3:4454-4483	NM_002649.3	NM_002649.3.fasta	4454	4483	+	30	CAACTCTTTACAGACTTGTGAAATCTTCAA	UUGAAGAUUUCACAAGUCUGUAAAGAGUUG	0
NM_002649.3:4455-4484	NM_002649.3	NM_002649.3.fasta	4455	4484	+	30	AACTCTTTACAGACTTGTGAAATCTTCAAG	CUUGAAGAUUUCACAAGUCUGUAAAGAGUU	0
NM_002649.3:4456-4485	NM_002649.3	NM_002649.3.fasta	4456	4485	+	30	ACTCTTTACAGACTTGTGAAATCTTCAAGA	UCUUGAAGAUUUCACAAGUCUGUAAAGAGU	0
NM_002649.3:4457-4486	NM_002649.3	NM_002649.3.fasta	4457	4486	+	30	CTCTTTACAGACTTGTGAAATCTTCAAGAA	UUCUUGAAGAUUUCACAAGUCUGUAAAGAG	0
NM_002649.3:4458-4487	NM_002649.3	NM_002649.3.fasta	4458	4487	+	30	TCTTTACAGACTTGTGAAATCTTCAAGAAC	GUUCUUGAAGAUUUCACAAGUCUGUAAAGA	0
NM_002649.3:4459-4488	NM_002649.3	NM_002649.3.fasta	4459	4488	+	30	CTTTACAGACTTGTGAAATCTTCAAGAACA	UGUUCUUGAAGAUUUCACAAGUCUGUAAAG	0
NM_002649.3:4460-4489	NM_002649.3	NM_002649.3.fasta	4460	4489	+	30	TTTACAGACTTGTGAAATCTTCAAGAACAC	GUGUUCUUGAAGAUUUCACAAGUCUGUAAA	0
NM_002649.3:4461-4490	NM_002649.3	NM_002649.3.fasta	4461	4490	+	30	TTACAGACTTGTGAAATCTTCAAGAACACC	GGUGUUCUUGAAGAUUUCACAAGUCUGUAA	0
NM_002649.3:4462-4491	NM_002649.3	NM_002649.3.fasta	4462	4491	+	30	TACAGACTTGTGAAATCTTCAAGAACACCT	AGGUGUUCUUGAAGAUUUCACAAGUCUGUA	0
NM_002649.3:4463-4492	NM_002649.3	NM_002649.3.fasta	4463	4492	+	30	ACAGACTTGTGAAATCTTCAAGAACACCTT	AAGGUGUUCUUGAAGAUUUCACAAGUCUGU	0
NM_002649.3:4464-4493	NM_002649.3	NM_002649.3.fasta	4464	4493	+	30	CAGACTTGTGAAATCTTCAAGAACACCTTT	AAAGGUGUUCUUGAAGAUUUCACAAGUCUG	0
NM_002649.3:4465-4494	NM_002649.3	NM_002649.3.fasta	4465	4494	+	30	AGACTTGTGAAATCTTCAAGAACACCTTTA	UAAAGGUGUUCUUGAAGAUUUCACAAGUCU	0
NM_002649.3:4466-4495	NM_002649.3	NM_002649.3.fasta	4466	4495	+	30	GACTTGTGAAATCTTCAAGAACACCTTTAC	GUAAAGGUGUUCUUGAAGAUUUCACAAGUC	0
NM_002649.3:4467-4496	NM_002649.3	NM_002649.3.fasta	4467	4496	+	30	ACTTGTGAAATCTTCAAGAACACCTTTACT	AGUAAAGGUGUUCUUGAAGAUUUCACAAGU	0
NM_002649.3:4468-4497	NM_002649.3	NM_002649.3.fasta	4468	4497	+	30	CTTGTGAAATCTTCAAGAACACCTTTACTC	GAGUAAAGGUGUUCUUGAAGAUUUCACAAG	0
NM_002649.3:4469-4498	NM_002649.3	NM_002649.3.fasta	4469	4498	+	30	TTGTGAAATCTTCAAGAACACCTTTACTCT	AGAGUAAAGGUGUUCUUGAAGAUUUCACAA	0
NM_002649.3:4470-4499	NM_002649.3	NM_002649.3.fasta	4470	4499	+	30	TGTGAAATCTTCAAGAACACCTTTACTCTA	UAGAGUAAAGGUGUUCUUGAAGAUUUCACA	0
NM_002649.3:4471-4500	NM_002649.3	NM_002649.3.fasta	4471	4500	+	30	GTGAAATCTTCAAGAACACCTTTACTCTAT	AUAGAGUAAAGGUGUUCUUGAAGAUUUCAC	0
NM_002649.3:4472-4501	NM_002649.3	NM_002649.3.fasta	4472	4501	+	30	TGAAATCTTCAAGAACACCTTTACTCTATA	UAUAGAGUAAAGGUGUUCUUGAAGAUUUCA	0
NM_002649.3:4473-4502	NM_002649.3	NM_002649.3.fasta	4473	4502	+	30	GAAATCTTCAAGAACACCTTTACTCTATAA	UUAUAGAGUAAAGGUGUUCUUGAAGAUUUC	0
NM_002649.3:4474-4503	NM_002649.3	NM_002649.3.fasta	4474	4503	+	30	AAATCTTCAAGAACACCTTTACTCTATAAC	GUUAUAGAGUAAAGGUGUUCUUGAAGAUUU	0
NM_002649.3:4475-4504	NM_002649.3	NM_002649.3.fasta	4475	4504	+	30	AATCTTCAAGAACACCTTTACTCTATAACT	AGUUAUAGAGUAAAGGUGUUCUUGAAGAUU	0
NM_002649.3:4476-4505	NM_002649.3	NM_002649.3.fasta	4476	4505	+	30	ATCTTCAAGAACACCTTTACTCTATAACTC	GAGUUAUAGAGUAAAGGUGUUCUUGAAGAU	0
NM_002649.3:4477-4506	NM_002649.3	NM_002649.3.fasta	4477	4506	+	30	TCTTCAAGAACACCTTTACTCTATAACTCA	UGAGUUAUAGAGUAAAGGUGUUCUUGAAGA	0
NM_002649.3:4478-4507	NM_002649.3	NM_002649.3.fasta	4478	4507	+	30	CTTCAAGAACACCTTTACTCTATAACTCAA	UUGAGUUAUAGAGUAAAGGUGUUCUUGAAG	0
NM_002649.3:4479-4508	NM_002649.3	NM_002649.3.fasta	4479	4508	+	30	TTCAAGAACACCTTTACTCTATAACTCAAA	UUUGAGUUAUAGAGUAAAGGUGUUCUUGAA	0
NM_002649.3:4480-4509	NM_002649.3	NM_002649.3.fasta	4480	4509	+	30	TCAAGAACACCTTTACTCTATAACTCAAAA	UUUUGAGUUAUAGAGUAAAGGUGUUCUUGA	0
NM_002649.3:4481-4510	NM_002649.3	NM_002649.3.fasta	4481	4510	+	30	CAAGAACACCTTTACTCTATAACTCAAAAA	UUUUUGAGUUAUAGAGUAAAGGUGUUCUUG	0
NM_002649.3:4482-4511	NM_002649.3	NM_002649.3.fasta	4482	4511	+	30	AAGAACACCTTTACTCTATAACTCAAAAAT	AUUUUUGAGUUAUAGAGUAAAGGUGUUCUU	0
NM_002649.3:4483-4512	NM_002649.3	NM_002649.3.fasta	4483	4512	+	30	AGAACACCTTTACTCTATAACTCAAAAATT	AAUUUUUGAGUUAUAGAGUAAAGGUGUUCU	0
NM_002649.3:4484-4513	NM_002649.3	NM_002649.3.fasta	4484	4513	+	30	GAACACCTTTACTCTATAACTCAAAAATTA	UAAUUUUUGAGUUAUAGAGUAAAGGUGUUC	0
NM_002649.3:4485-4514	NM_002649.3	NM_002649.3.fasta	4485	4514	+	30	AACACCTTTACTCTATAACTCAAAAATTAG	CUAAUUUUUGAGUUAUAGAGUAAAGGUGUU	0
NM_002649.3:4486-4515	NM_002649.3	NM_002649.3.fasta	4486	4515	+	30	ACACCTTTACTCTATAACTCAAAAATTAGT	ACUAAUUUUUGAGUUAUAGAGUAAAGGUGU	0
NM_002649.3:4487-4516	NM_002649.3	NM_002649.3.fasta	4487	4516	+	30	CACCTTTACTCTATAACTCAAAAATTAGTT	AACUAAUUUUUGAGUUAUAGAGUAAAGGUG	0
NM_002649.3:4488-4517	NM_002649.3	NM_002649.3.fasta	4488	4517	+	30	ACCTTTACTCTATAACTCAAAAATTAGTTG	CAACUAAUUUUUGAGUUAUAGAGUAAAGGU	0
NM_002649.3:4489-4518	NM_002649.3	NM_002649.3.fasta	4489	4518	+	30	CCTTTACTCTATAACTCAAAAATTAGTTGA	UCAACUAAUUUUUGAGUUAUAGAGUAAAGG	0
NM_002649.3:4490-4519	NM_002649.3	NM_002649.3.fasta	4490	4519	+	30	CTTTACTCTATAACTCAAAAATTAGTTGAA	UUCAACUAAUUUUUGAGUUAUAGAGUAAAG	0
NM_002649.3:4491-4520	NM_002649.3	NM_002649.3.fasta	4491	4520	+	30	TTTACTCTATAACTCAAAAATTAGTTGAAA	UUUCAACUAAUUUUUGAGUUAUAGAGUAAA	0
NM_002649.3:4492-4521	NM_002649.3	NM_002649.3.fasta	4492	4521	+	30	TTACTCTATAACTCAAAAATTAGTTGAAAA	UUUUCAACUAAUUUUUGAGUUAUAGAGUAA	0
NM_002649.3:4493-4522	NM_002649.3	NM_002649.3.fasta	4493	4522	+	30	TACTCTATAACTCAAAAATTAGTTGAAAAA	UUUUUCAACUAAUUUUUGAGUUAUAGAGUA	0
NM_002649.3:4494-4523	NM_002649.3	NM_002649.3.fasta	4494	4523	+	30	ACTCTATAACTCAAAAATTAGTTGAAAAAT	AUUUUUCAACUAAUUUUUGAGUUAUAGAGU	0
NM_002649.3:4495-4524	NM_002649.3	NM_002649.3.fasta	4495	4524	+	30	CTCTATAACTCAAAAATTAGTTGAAAAATA	UAUUUUUCAACUAAUUUUUGAGUUAUAGAG	0
NM_002649.3:4496-4525	NM_002649.3	NM_002649.3.fasta	4496	4525	+	30	TCTATAACTCAAAAATTAGTTGAAAAATAA	UUAUUUUUCAACUAAUUUUUGAGUUAUAGA	0
NM_002649.3:4497-4526	NM_002649.3	NM_002649.3.fasta	4497	4526	+	30	CTATAACTCAAAAATTAGTTGAAAAATAAT	AUUAUUUUUCAACUAAUUUUUGAGUUAUAG	0
NM_002649.3:4498-4527	NM_002649.3	NM_002649.3.fasta	4498	4527	+	30	TATAACTCAAAAATTAGTTGAAAAATAATT	AAUUAUUUUUCAACUAAUUUUUGAGUUAUA	0
NM_002649.3:4499-4528	NM_002649.3	NM_002649.3.fasta	4499	4528	+	30	ATAACTCAAAAATTAGTTGAAAAATAATTA	UAAUUAUUUUUCAACUAAUUUUUGAGUUAU	0
NM_002649.3:4500-4529	NM_002649.3	NM_002649.3.fasta	4500	4529	+	30	TAACTCAAAAATTAGTTGAAAAATAATTAC	GUAAUUAUUUUUCAACUAAUUUUUGAGUUA	0
NM_002649.3:4501-4530	NM_002649.3	NM_002649.3.fasta	4501	4530	+	30	AACTCAAAAATTAGTTGAAAAATAATTACT	AGUAAUUAUUUUUCAACUAAUUUUUGAGUU	0
NM_002649.3:4502-4531	NM_002649.3	NM_002649.3.fasta	4502	4531	+	30	ACTCAAAAATTAGTTGAAAAATAATTACTT	AAGUAAUUAUUUUUCAACUAAUUUUUGAGU	0
NM_002649.3:4503-4532	NM_002649.3	NM_002649.3.fasta	4503	4532	+	30	CTCAAAAATTAGTTGAAAAATAATTACTTC	GAAGUAAUUAUUUUUCAACUAAUUUUUGAG	0
NM_002649.3:4504-4533	NM_002649.3	NM_002649.3.fasta	4504	4533	+	30	TCAAAAATTAGTTGAAAAATAATTACTTCT	AGAAGUAAUUAUUUUUCAACUAAUUUUUGA	0
NM_002649.3:4505-4534	NM_002649.3	NM_002649.3.fasta	4505	4534	+	30	CAAAAATTAGTTGAAAAATAATTACTTCTC	GAGAAGUAAUUAUUUUUCAACUAAUUUUUG	0
NM_002649.3:4506-4535	NM_002649.3	NM_002649.3.fasta	4506	4535	+	30	AAAAATTAGTTGAAAAATAATTACTTCTCA	UGAGAAGUAAUUAUUUUUCAACUAAUUUUU	0
NM_002649.3:4507-4536	NM_002649.3	NM_002649.3.fasta	4507	4536	+	30	AAAATTAGTTGAAAAATAATTACTTCTCAA	UUGAGAAGUAAUUAUUUUUCAACUAAUUUU	0
NM_002649.3:4508-4537	NM_002649.3	NM_002649.3.fasta	4508	4537	+	30	AAATTAGTTGAAAAATAATTACTTCTCAAG	CUUGAGAAGUAAUUAUUUUUCAACUAAUUU	0
NM_002649.3:4509-4538	NM_002649.3	NM_002649.3.fasta	4509	4538	+	30	AATTAGTTGAAAAATAATTACTTCTCAAGG	CCUUGAGAAGUAAUUAUUUUUCAACUAAUU	0
NM_002649.3:4510-4539	NM_002649.3	NM_002649.3.fasta	4510	4539	+	30	ATTAGTTGAAAAATAATTACTTCTCAAGGA	UCCUUGAGAAGUAAUUAUUUUUCAACUAAU	0
NM_002649.3:4511-4540	NM_002649.3	NM_002649.3.fasta	4511	4540	+	30	TTAGTTGAAAAATAATTACTTCTCAAGGAT	AUCCUUGAGAAGUAAUUAUUUUUCAACUAA	0
NM_002649.3:4512-4541	NM_002649.3	NM_002649.3.fasta	4512	4541	+	30	TAGTTGAAAAATAATTACTTCTCAAGGATT	AAUCCUUGAGAAGUAAUUAUUUUUCAACUA	0
NM_002649.3:4513-4542	NM_002649.3	NM_002649.3.fasta	4513	4542	+	30	AGTTGAAAAATAATTACTTCTCAAGGATTA	UAAUCCUUGAGAAGUAAUUAUUUUUCAACU	0
NM_002649.3:4514-4543	NM_002649.3	NM_002649.3.fasta	4514	4543	+	30	GTTGAAAAATAATTACTTCTCAAGGATTAT	AUAAUCCUUGAGAAGUAAUUAUUUUUCAAC	0
NM_002649.3:4515-4544	NM_002649.3	NM_002649.3.fasta	4515	4544	+	30	TTGAAAAATAATTACTTCTCAAGGATTATT	AAUAAUCCUUGAGAAGUAAUUAUUUUUCAA	0
NM_002649.3:4516-4545	NM_002649.3	NM_002649.3.fasta	4516	4545	+	30	TGAAAAATAATTACTTCTCAAGGATTATTA	UAAUAAUCCUUGAGAAGUAAUUAUUUUUCA	0
NM_002649.3:4517-4546	NM_002649.3	NM_002649.3.fasta	4517	4546	+	30	GAAAAATAATTACTTCTCAAGGATTATTAG	CUAAUAAUCCUUGAGAAGUAAUUAUUUUUC	0
NM_002649.3:4518-4547	NM_002649.3	NM_002649.3.fasta	4518	4547	+	30	AAAAATAATTACTTCTCAAGGATTATTAGA	UCUAAUAAUCCUUGAGAAGUAAUUAUUUUU	0
NM_002649.3:4519-4548	NM_002649.3	NM_002649.3.fasta	4519	4548	+	30	AAAATAATTACTTCTCAAGGATTATTAGAA	UUCUAAUAAUCCUUGAGAAGUAAUUAUUUU	0
NM_002649.3:4520-4549	NM_002649.3	NM_002649.3.fasta	4520	4549	+	30	AAATAATTACTTCTCAAGGATTATTAGAAT	AUUCUAAUAAUCCUUGAGAAGUAAUUAUUU	0
NM_002649.3:4521-4550	NM_002649.3	NM_002649.3.fasta	4521	4550	+	30	AATAATTACTTCTCAAGGATTATTAGAATC	GAUUCUAAUAAUCCUUGAGAAGUAAUUAUU	0
NM_002649.3:4522-4551	NM_002649.3	NM_002649.3.fasta	4522	4551	+	30	ATAATTACTTCTCAAGGATTATTAGAATCT	AGAUUCUAAUAAUCCUUGAGAAGUAAUUAU	0
NM_002649.3:4523-4552	NM_002649.3	NM_002649.3.fasta	4523	4552	+	30	TAATTACTTCTCAAGGATTATTAGAATCTT	AAGAUUCUAAUAAUCCUUGAGAAGUAAUUA	0
NM_002649.3:4524-4553	NM_002649.3	NM_002649.3.fasta	4524	4553	+	30	AATTACTTCTCAAGGATTATTAGAATCTTA	UAAGAUUCUAAUAAUCCUUGAGAAGUAAUU	0
NM_002649.3:4525-4554	NM_002649.3	NM_002649.3.fasta	4525	4554	+	30	ATTACTTCTCAAGGATTATTAGAATCTTAG	CUAAGAUUCUAAUAAUCCUUGAGAAGUAAU	0
NM_002649.3:4526-4555	NM_002649.3	NM_002649.3.fasta	4526	4555	+	30	TTACTTCTCAAGGATTATTAGAATCTTAGG	CCUAAGAUUCUAAUAAUCCUUGAGAAGUAA	0
NM_002649.3:4527-4556	NM_002649.3	NM_002649.3.fasta	4527	4556	+	30	TACTTCTCAAGGATTATTAGAATCTTAGGT	ACCUAAGAUUCUAAUAAUCCUUGAGAAGUA	0
NM_002649.3:4528-4557	NM_002649.3	NM_002649.3.fasta	4528	4557	+	30	ACTTCTCAAGGATTATTAGAATCTTAGGTA	UACCUAAGAUUCUAAUAAUCCUUGAGAAGU	0
NM_002649.3:4529-4558	NM_002649.3	NM_002649.3.fasta	4529	4558	+	30	CTTCTCAAGGATTATTAGAATCTTAGGTAC	GUACCUAAGAUUCUAAUAAUCCUUGAGAAG	0
NM_002649.3:4530-4559	NM_002649.3	NM_002649.3.fasta	4530	4559	+	30	TTCTCAAGGATTATTAGAATCTTAGGTACT	AGUACCUAAGAUUCUAAUAAUCCUUGAGAA	0
NM_002649.3:4531-4560	NM_002649.3	NM_002649.3.fasta	4531	4560	+	30	TCTCAAGGATTATTAGAATCTTAGGTACTT	AAGUACCUAAGAUUCUAAUAAUCCUUGAGA	0
NM_002649.3:4532-4561	NM_002649.3	NM_002649.3.fasta	4532	4561	+	30	CTCAAGGATTATTAGAATCTTAGGTACTTA	UAAGUACCUAAGAUUCUAAUAAUCCUUGAG	0
NM_002649.3:4533-4562	NM_002649.3	NM_002649.3.fasta	4533	4562	+	30	TCAAGGATTATTAGAATCTTAGGTACTTAT	AUAAGUACCUAAGAUUCUAAUAAUCCUUGA	0
NM_002649.3:4534-4563	NM_002649.3	NM_002649.3.fasta	4534	4563	+	30	CAAGGATTATTAGAATCTTAGGTACTTATT	AAUAAGUACCUAAGAUUCUAAUAAUCCUUG	0
NM_002649.3:4535-4564	NM_002649.3	NM_002649.3.fasta	4535	4564	+	30	AAGGATTATTAGAATCTTAGGTACTTATTT	AAAUAAGUACCUAAGAUUCUAAUAAUCCUU	0
NM_002649.3:4536-4565	NM_002649.3	NM_002649.3.fasta	4536	4565	+	30	AGGATTATTAGAATCTTAGGTACTTATTTG	CAAAUAAGUACCUAAGAUUCUAAUAAUCCU	0
NM_002649.3:4537-4566	NM_002649.3	NM_002649.3.fasta	4537	4566	+	30	GGATTATTAGAATCTTAGGTACTTATTTGT	ACAAAUAAGUACCUAAGAUUCUAAUAAUCC	0
NM_002649.3:4538-4567	NM_002649.3	NM_002649.3.fasta	4538	4567	+	30	GATTATTAGAATCTTAGGTACTTATTTGTA	UACAAAUAAGUACCUAAGAUUCUAAUAAUC	0
NM_002649.3:4539-4568	NM_002649.3	NM_002649.3.fasta	4539	4568	+	30	ATTATTAGAATCTTAGGTACTTATTTGTAA	UUACAAAUAAGUACCUAAGAUUCUAAUAAU	0
NM_002649.3:4540-4569	NM_002649.3	NM_002649.3.fasta	4540	4569	+	30	TTATTAGAATCTTAGGTACTTATTTGTAAA	UUUACAAAUAAGUACCUAAGAUUCUAAUAA	0
NM_002649.3:4541-4570	NM_002649.3	NM_002649.3.fasta	4541	4570	+	30	TATTAGAATCTTAGGTACTTATTTGTAAAG	CUUUACAAAUAAGUACCUAAGAUUCUAAUA	0
NM_002649.3:4542-4571	NM_002649.3	NM_002649.3.fasta	4542	4571	+	30	ATTAGAATCTTAGGTACTTATTTGTAAAGA	UCUUUACAAAUAAGUACCUAAGAUUCUAAU	0
NM_002649.3:4543-4572	NM_002649.3	NM_002649.3.fasta	4543	4572	+	30	TTAGAATCTTAGGTACTTATTTGTAAAGAT	AUCUUUACAAAUAAGUACCUAAGAUUCUAA	0
NM_002649.3:4544-4573	NM_002649.3	NM_002649.3.fasta	4544	4573	+	30	TAGAATCTTAGGTACTTATTTGTAAAGATG	CAUCUUUACAAAUAAGUACCUAAGAUUCUA	0
NM_002649.3:4545-4574	NM_002649.3	NM_002649.3.fasta	4545	4574	+	30	AGAATCTTAGGTACTTATTTGTAAAGATGT	ACAUCUUUACAAAUAAGUACCUAAGAUUCU	0
NM_002649.3:4546-4575	NM_002649.3	NM_002649.3.fasta	4546	4575	+	30	GAATCTTAGGTACTTATTTGTAAAGATGTT	AACAUCUUUACAAAUAAGUACCUAAGAUUC	0
NM_002649.3:4547-4576	NM_002649.3	NM_002649.3.fasta	4547	4576	+	30	AATCTTAGGTACTTATTTGTAAAGATGTTT	AAACAUCUUUACAAAUAAGUACCUAAGAUU	0
NM_002649.3:4548-4577	NM_002649.3	NM_002649.3.fasta	4548	4577	+	30	ATCTTAGGTACTTATTTGTAAAGATGTTTA	UAAACAUCUUUACAAAUAAGUACCUAAGAU	0
NM_002649.3:4549-4578	NM_002649.3	NM_002649.3.fasta	4549	4578	+	30	TCTTAGGTACTTATTTGTAAAGATGTTTAG	CUAAACAUCUUUACAAAUAAGUACCUAAGA	0
NM_002649.3:4550-4579	NM_002649.3	NM_002649.3.fasta	4550	4579	+	30	CTTAGGTACTTATTTGTAAAGATGTTTAGT	ACUAAACAUCUUUACAAAUAAGUACCUAAG	0
NM_002649.3:4551-4580	NM_002649.3	NM_002649.3.fasta	4551	4580	+	30	TTAGGTACTTATTTGTAAAGATGTTTAGTG	CACUAAACAUCUUUACAAAUAAGUACCUAA	0
NM_002649.3:4552-4581	NM_002649.3	NM_002649.3.fasta	4552	4581	+	30	TAGGTACTTATTTGTAAAGATGTTTAGTGA	UCACUAAACAUCUUUACAAAUAAGUACCUA	0
NM_002649.3:4553-4582	NM_002649.3	NM_002649.3.fasta	4553	4582	+	30	AGGTACTTATTTGTAAAGATGTTTAGTGAC	GUCACUAAACAUCUUUACAAAUAAGUACCU	0
NM_002649.3:4554-4583	NM_002649.3	NM_002649.3.fasta	4554	4583	+	30	GGTACTTATTTGTAAAGATGTTTAGTGACT	AGUCACUAAACAUCUUUACAAAUAAGUACC	0
NM_002649.3:4555-4584	NM_002649.3	NM_002649.3.fasta	4555	4584	+	30	GTACTTATTTGTAAAGATGTTTAGTGACTT	AAGUCACUAAACAUCUUUACAAAUAAGUAC	0
NM_002649.3:4556-4585	NM_002649.3	NM_002649.3.fasta	4556	4585	+	30	TACTTATTTGTAAAGATGTTTAGTGACTTT	AAAGUCACUAAACAUCUUUACAAAUAAGUA	0
NM_002649.3:4557-4586	NM_002649.3	NM_002649.3.fasta	4557	4586	+	30	ACTTATTTGTAAAGATGTTTAGTGACTTTT	AAAAGUCACUAAACAUCUUUACAAAUAAGU	0
NM_002649.3:4558-4587	NM_002649.3	NM_002649.3.fasta	4558	4587	+	30	CTTATTTGTAAAGATGTTTAGTGACTTTTT	AAAAAGUCACUAAACAUCUUUACAAAUAAG	0
NM_002649.3:4559-4588	NM_002649.3	NM_002649.3.fasta	4559	4588	+	30	TTATTTGTAAAGATGTTTAGTGACTTTTTT	AAAAAAGUCACUAAACAUCUUUACAAAUAA	0
NM_002649.3:4560-4589	NM_002649.3	NM_002649.3.fasta	4560	4589	+	30	TATTTGTAAAGATGTTTAGTGACTTTTTTT	AAAAAAAGUCACUAAACAUCUUUACAAAUA	0
NM_002649.3:4561-4590	NM_002649.3	NM_002649.3.fasta	4561	4590	+	30	ATTTGTAAAGATGTTTAGTGACTTTTTTTT	AAAAAAAAGUCACUAAACAUCUUUACAAAU	0
NM_002649.3:4562-4591	NM_002649.3	NM_002649.3.fasta	4562	4591	+	30	TTTGTAAAGATGTTTAGTGACTTTTTTTTC	GAAAAAAAAGUCACUAAACAUCUUUACAAA	0
NM_002649.3:4563-4592	NM_002649.3	NM_002649.3.fasta	4563	4592	+	30	TTGTAAAGATGTTTAGTGACTTTTTTTTCA	UGAAAAAAAAGUCACUAAACAUCUUUACAA	0
NM_002649.3:4564-4593	NM_002649.3	NM_002649.3.fasta	4564	4593	+	30	TGTAAAGATGTTTAGTGACTTTTTTTTCAA	UUGAAAAAAAAGUCACUAAACAUCUUUACA	0
NM_002649.3:4565-4594	NM_002649.3	NM_002649.3.fasta	4565	4594	+	30	GTAAAGATGTTTAGTGACTTTTTTTTCAAG	CUUGAAAAAAAAGUCACUAAACAUCUUUAC	0
NM_002649.3:4566-4595	NM_002649.3	NM_002649.3.fasta	4566	4595	+	30	TAAAGATGTTTAGTGACTTTTTTTTCAAGT	ACUUGAAAAAAAAGUCACUAAACAUCUUUA	0
NM_002649.3:4567-4596	NM_002649.3	NM_002649.3.fasta	4567	4596	+	30	AAAGATGTTTAGTGACTTTTTTTTCAAGTA	UACUUGAAAAAAAAGUCACUAAACAUCUUU	0
NM_002649.3:4568-4597	NM_002649.3	NM_002649.3.fasta	4568	4597	+	30	AAGATGTTTAGTGACTTTTTTTTCAAGTAT	AUACUUGAAAAAAAAGUCACUAAACAUCUU	0
NM_002649.3:4569-4598	NM_002649.3	NM_002649.3.fasta	4569	4598	+	30	AGATGTTTAGTGACTTTTTTTTCAAGTATC	GAUACUUGAAAAAAAAGUCACUAAACAUCU	0
NM_002649.3:4570-4599	NM_002649.3	NM_002649.3.fasta	4570	4599	+	30	GATGTTTAGTGACTTTTTTTTCAAGTATCT	AGAUACUUGAAAAAAAAGUCACUAAACAUC	0
NM_002649.3:4571-4600	NM_002649.3	NM_002649.3.fasta	4571	4600	+	30	ATGTTTAGTGACTTTTTTTTCAAGTATCTT	AAGAUACUUGAAAAAAAAGUCACUAAACAU	0
NM_002649.3:4572-4601	NM_002649.3	NM_002649.3.fasta	4572	4601	+	30	TGTTTAGTGACTTTTTTTTCAAGTATCTTA	UAAGAUACUUGAAAAAAAAGUCACUAAACA	0
NM_002649.3:4573-4602	NM_002649.3	NM_002649.3.fasta	4573	4602	+	30	GTTTAGTGACTTTTTTTTCAAGTATCTTAT	AUAAGAUACUUGAAAAAAAAGUCACUAAAC	0
NM_002649.3:4574-4603	NM_002649.3	NM_002649.3.fasta	4574	4603	+	30	TTTAGTGACTTTTTTTTCAAGTATCTTATT	AAUAAGAUACUUGAAAAAAAAGUCACUAAA	0
NM_002649.3:4575-4604	NM_002649.3	NM_002649.3.fasta	4575	4604	+	30	TTAGTGACTTTTTTTTCAAGTATCTTATTA	UAAUAAGAUACUUGAAAAAAAAGUCACUAA	0
NM_002649.3:4576-4605	NM_002649.3	NM_002649.3.fasta	4576	4605	+	30	TAGTGACTTTTTTTTCAAGTATCTTATTAA	UUAAUAAGAUACUUGAAAAAAAAGUCACUA	0
NM_002649.3:4577-4606	NM_002649.3	NM_002649.3.fasta	4577	4606	+	30	AGTGACTTTTTTTTCAAGTATCTTATTAAA	UUUAAUAAGAUACUUGAAAAAAAAGUCACU	0
NM_002649.3:4578-4607	NM_002649.3	NM_002649.3.fasta	4578	4607	+	30	GTGACTTTTTTTTCAAGTATCTTATTAAAG	CUUUAAUAAGAUACUUGAAAAAAAAGUCAC	0
NM_002649.3:4579-4608	NM_002649.3	NM_002649.3.fasta	4579	4608	+	30	TGACTTTTTTTTCAAGTATCTTATTAAAGG	CCUUUAAUAAGAUACUUGAAAAAAAAGUCA	0
NM_002649.3:4580-4609	NM_002649.3	NM_002649.3.fasta	4580	4609	+	30	GACTTTTTTTTCAAGTATCTTATTAAAGGA	UCCUUUAAUAAGAUACUUGAAAAAAAAGUC	0
NM_002649.3:4581-4610	NM_002649.3	NM_002649.3.fasta	4581	4610	+	30	ACTTTTTTTTCAAGTATCTTATTAAAGGAG	CUCCUUUAAUAAGAUACUUGAAAAAAAAGU	0
NM_002649.3:4582-4611	NM_002649.3	NM_002649.3.fasta	4582	4611	+	30	CTTTTTTTTCAAGTATCTTATTAAAGGAGG	CCUCCUUUAAUAAGAUACUUGAAAAAAAAG	0
NM_002649.3:4583-4612	NM_002649.3	NM_002649.3.fasta	4583	4612	+	30	TTTTTTTTCAAGTATCTTATTAAAGGAGGC	GCCUCCUUUAAUAAGAUACUUGAAAAAAAA	0
NM_002649.3:4584-4613	NM_002649.3	NM_002649.3.fasta	4584	4613	+	30	TTTTTTTCAAGTATCTTATTAAAGGAGGCA	UGCCUCCUUUAAUAAGAUACUUGAAAAAAA	0
NM_002649.3:4585-4614	NM_002649.3	NM_002649.3.fasta	4585	4614	+	30	TTTTTTCAAGTATCTTATTAAAGGAGGCAT	AUGCCUCCUUUAAUAAGAUACUUGAAAAAA	0
NM_002649.3:4586-4615	NM_002649.3	NM_002649.3.fasta	4586	4615	+	30	TTTTTCAAGTATCTTATTAAAGGAGGCATT	AAUGCCUCCUUUAAUAAGAUACUUGAAAAA	0
NM_002649.3:4587-4616	NM_002649.3	NM_002649.3.fasta	4587	4616	+	30	TTTTCAAGTATCTTATTAAAGGAGGCATTC	GAAUGCCUCCUUUAAUAAGAUACUUGAAAA	0
NM_002649.3:4588-4617	NM_002649.3	NM_002649.3.fasta	4588	4617	+	30	TTTCAAGTATCTTATTAAAGGAGGCATTCT	AGAAUGCCUCCUUUAAUAAGAUACUUGAAA	0
NM_002649.3:4589-4618	NM_002649.3	NM_002649.3.fasta	4589	4618	+	30	TTCAAGTATCTTATTAAAGGAGGCATTCTA	UAGAAUGCCUCCUUUAAUAAGAUACUUGAA	0
NM_002649.3:4590-4619	NM_002649.3	NM_002649.3.fasta	4590	4619	+	30	TCAAGTATCTTATTAAAGGAGGCATTCTAG	CUAGAAUGCCUCCUUUAAUAAGAUACUUGA	0
NM_002649.3:4591-4620	NM_002649.3	NM_002649.3.fasta	4591	4620	+	30	CAAGTATCTTATTAAAGGAGGCATTCTAGA	UCUAGAAUGCCUCCUUUAAUAAGAUACUUG	0
NM_002649.3:4592-4621	NM_002649.3	NM_002649.3.fasta	4592	4621	+	30	AAGTATCTTATTAAAGGAGGCATTCTAGAA	UUCUAGAAUGCCUCCUUUAAUAAGAUACUU	0
NM_002649.3:4593-4622	NM_002649.3	NM_002649.3.fasta	4593	4622	+	30	AGTATCTTATTAAAGGAGGCATTCTAGAAA	UUUCUAGAAUGCCUCCUUUAAUAAGAUACU	0
NM_002649.3:4594-4623	NM_002649.3	NM_002649.3.fasta	4594	4623	+	30	GTATCTTATTAAAGGAGGCATTCTAGAAAA	UUUUCUAGAAUGCCUCCUUUAAUAAGAUAC	0
NM_002649.3:4595-4624	NM_002649.3	NM_002649.3.fasta	4595	4624	+	30	TATCTTATTAAAGGAGGCATTCTAGAAAAT	AUUUUCUAGAAUGCCUCCUUUAAUAAGAUA	0
NM_002649.3:4596-4625	NM_002649.3	NM_002649.3.fasta	4596	4625	+	30	ATCTTATTAAAGGAGGCATTCTAGAAAATA	UAUUUUCUAGAAUGCCUCCUUUAAUAAGAU	0
NM_002649.3:4597-4626	NM_002649.3	NM_002649.3.fasta	4597	4626	+	30	TCTTATTAAAGGAGGCATTCTAGAAAATAT	AUAUUUUCUAGAAUGCCUCCUUUAAUAAGA	0
NM_002649.3:4598-4627	NM_002649.3	NM_002649.3.fasta	4598	4627	+	30	CTTATTAAAGGAGGCATTCTAGAAAATATG	CAUAUUUUCUAGAAUGCCUCCUUUAAUAAG	0
NM_002649.3:4599-4628	NM_002649.3	NM_002649.3.fasta	4599	4628	+	30	TTATTAAAGGAGGCATTCTAGAAAATATGA	UCAUAUUUUCUAGAAUGCCUCCUUUAAUAA	0
NM_002649.3:4600-4629	NM_002649.3	NM_002649.3.fasta	4600	4629	+	30	TATTAAAGGAGGCATTCTAGAAAATATGAA	UUCAUAUUUUCUAGAAUGCCUCCUUUAAUA	0
NM_002649.3:4601-4630	NM_002649.3	NM_002649.3.fasta	4601	4630	+	30	ATTAAAGGAGGCATTCTAGAAAATATGAAT	AUUCAUAUUUUCUAGAAUGCCUCCUUUAAU	0
NM_002649.3:4602-4631	NM_002649.3	NM_002649.3.fasta	4602	4631	+	30	TTAAAGGAGGCATTCTAGAAAATATGAATT	AAUUCAUAUUUUCUAGAAUGCCUCCUUUAA	0
NM_002649.3:4603-4632	NM_002649.3	NM_002649.3.fasta	4603	4632	+	30	TAAAGGAGGCATTCTAGAAAATATGAATTA	UAAUUCAUAUUUUCUAGAAUGCCUCCUUUA	0
NM_002649.3:4604-4633	NM_002649.3	NM_002649.3.fasta	4604	4633	+	30	AAAGGAGGCATTCTAGAAAATATGAATTAG	CUAAUUCAUAUUUUCUAGAAUGCCUCCUUU	0
NM_002649.3:4605-4634	NM_002649.3	NM_002649.3.fasta	4605	4634	+	30	AAGGAGGCATTCTAGAAAATATGAATTAGT	ACUAAUUCAUAUUUUCUAGAAUGCCUCCUU	0
NM_002649.3:4606-4635	NM_002649.3	NM_002649.3.fasta	4606	4635	+	30	AGGAGGCATTCTAGAAAATATGAATTAGTT	AACUAAUUCAUAUUUUCUAGAAUGCCUCCU	0
NM_002649.3:4607-4636	NM_002649.3	NM_002649.3.fasta	4607	4636	+	30	GGAGGCATTCTAGAAAATATGAATTAGTTT	AAACUAAUUCAUAUUUUCUAGAAUGCCUCC	0
NM_002649.3:4608-4637	NM_002649.3	NM_002649.3.fasta	4608	4637	+	30	GAGGCATTCTAGAAAATATGAATTAGTTTC	GAAACUAAUUCAUAUUUUCUAGAAUGCCUC	0
NM_002649.3:4609-4638	NM_002649.3	NM_002649.3.fasta	4609	4638	+	30	AGGCATTCTAGAAAATATGAATTAGTTTCC	GGAAACUAAUUCAUAUUUUCUAGAAUGCCU	0
NM_002649.3:4610-4639	NM_002649.3	NM_002649.3.fasta	4610	4639	+	30	GGCATTCTAGAAAATATGAATTAGTTTCCA	UGGAAACUAAUUCAUAUUUUCUAGAAUGCC	0
NM_002649.3:4611-4640	NM_002649.3	NM_002649.3.fasta	4611	4640	+	30	GCATTCTAGAAAATATGAATTAGTTTCCAA	UUGGAAACUAAUUCAUAUUUUCUAGAAUGC	0
NM_002649.3:4612-4641	NM_002649.3	NM_002649.3.fasta	4612	4641	+	30	CATTCTAGAAAATATGAATTAGTTTCCAAA	UUUGGAAACUAAUUCAUAUUUUCUAGAAUG	0
NM_002649.3:4613-4642	NM_002649.3	NM_002649.3.fasta	4613	4642	+	30	ATTCTAGAAAATATGAATTAGTTTCCAAAT	AUUUGGAAACUAAUUCAUAUUUUCUAGAAU	0
NM_002649.3:4614-4643	NM_002649.3	NM_002649.3.fasta	4614	4643	+	30	TTCTAGAAAATATGAATTAGTTTCCAAATG	CAUUUGGAAACUAAUUCAUAUUUUCUAGAA	0
NM_002649.3:4615-4644	NM_002649.3	NM_002649.3.fasta	4615	4644	+	30	TCTAGAAAATATGAATTAGTTTCCAAATGC	GCAUUUGGAAACUAAUUCAUAUUUUCUAGA	0
NM_002649.3:4616-4645	NM_002649.3	NM_002649.3.fasta	4616	4645	+	30	CTAGAAAATATGAATTAGTTTCCAAATGCC	GGCAUUUGGAAACUAAUUCAUAUUUUCUAG	0
NM_002649.3:4617-4646	NM_002649.3	NM_002649.3.fasta	4617	4646	+	30	TAGAAAATATGAATTAGTTTCCAAATGCCT	AGGCAUUUGGAAACUAAUUCAUAUUUUCUA	0
NM_002649.3:4618-4647	NM_002649.3	NM_002649.3.fasta	4618	4647	+	30	AGAAAATATGAATTAGTTTCCAAATGCCTT	AAGGCAUUUGGAAACUAAUUCAUAUUUUCU	0
NM_002649.3:4619-4648	NM_002649.3	NM_002649.3.fasta	4619	4648	+	30	GAAAATATGAATTAGTTTCCAAATGCCTTA	UAAGGCAUUUGGAAACUAAUUCAUAUUUUC	0
NM_002649.3:4620-4649	NM_002649.3	NM_002649.3.fasta	4620	4649	+	30	AAAATATGAATTAGTTTCCAAATGCCTTAA	UUAAGGCAUUUGGAAACUAAUUCAUAUUUU	0
NM_002649.3:4621-4650	NM_002649.3	NM_002649.3.fasta	4621	4650	+	30	AAATATGAATTAGTTTCCAAATGCCTTAAT	AUUAAGGCAUUUGGAAACUAAUUCAUAUUU	0
NM_002649.3:4622-4651	NM_002649.3	NM_002649.3.fasta	4622	4651	+	30	AATATGAATTAGTTTCCAAATGCCTTAATT	AAUUAAGGCAUUUGGAAACUAAUUCAUAUU	0
NM_002649.3:4623-4652	NM_002649.3	NM_002649.3.fasta	4623	4652	+	30	ATATGAATTAGTTTCCAAATGCCTTAATTT	AAAUUAAGGCAUUUGGAAACUAAUUCAUAU	0
NM_002649.3:4624-4653	NM_002649.3	NM_002649.3.fasta	4624	4653	+	30	TATGAATTAGTTTCCAAATGCCTTAATTTT	AAAAUUAAGGCAUUUGGAAACUAAUUCAUA	0
NM_002649.3:4625-4654	NM_002649.3	NM_002649.3.fasta	4625	4654	+	30	ATGAATTAGTTTCCAAATGCCTTAATTTTA	UAAAAUUAAGGCAUUUGGAAACUAAUUCAU	0
NM_002649.3:4626-4655	NM_002649.3	NM_002649.3.fasta	4626	4655	+	30	TGAATTAGTTTCCAAATGCCTTAATTTTAA	UUAAAAUUAAGGCAUUUGGAAACUAAUUCA	0
NM_002649.3:4627-4656	NM_002649.3	NM_002649.3.fasta	4627	4656	+	30	GAATTAGTTTCCAAATGCCTTAATTTTAAA	UUUAAAAUUAAGGCAUUUGGAAACUAAUUC	0
NM_002649.3:4628-4657	NM_002649.3	NM_002649.3.fasta	4628	4657	+	30	AATTAGTTTCCAAATGCCTTAATTTTAAAC	GUUUAAAAUUAAGGCAUUUGGAAACUAAUU	0
NM_002649.3:4629-4658	NM_002649.3	NM_002649.3.fasta	4629	4658	+	30	ATTAGTTTCCAAATGCCTTAATTTTAAACT	AGUUUAAAAUUAAGGCAUUUGGAAACUAAU	0
NM_002649.3:4630-4659	NM_002649.3	NM_002649.3.fasta	4630	4659	+	30	TTAGTTTCCAAATGCCTTAATTTTAAACTT	AAGUUUAAAAUUAAGGCAUUUGGAAACUAA	0
NM_002649.3:4631-4660	NM_002649.3	NM_002649.3.fasta	4631	4660	+	30	TAGTTTCCAAATGCCTTAATTTTAAACTTT	AAAGUUUAAAAUUAAGGCAUUUGGAAACUA	0
NM_002649.3:4632-4661	NM_002649.3	NM_002649.3.fasta	4632	4661	+	30	AGTTTCCAAATGCCTTAATTTTAAACTTTG	CAAAGUUUAAAAUUAAGGCAUUUGGAAACU	0
NM_002649.3:4633-4662	NM_002649.3	NM_002649.3.fasta	4633	4662	+	30	GTTTCCAAATGCCTTAATTTTAAACTTTGG	CCAAAGUUUAAAAUUAAGGCAUUUGGAAAC	0
NM_002649.3:4634-4663	NM_002649.3	NM_002649.3.fasta	4634	4663	+	30	TTTCCAAATGCCTTAATTTTAAACTTTGGC	GCCAAAGUUUAAAAUUAAGGCAUUUGGAAA	0
NM_002649.3:4635-4664	NM_002649.3	NM_002649.3.fasta	4635	4664	+	30	TTCCAAATGCCTTAATTTTAAACTTTGGCC	GGCCAAAGUUUAAAAUUAAGGCAUUUGGAA	0
NM_002649.3:4636-4665	NM_002649.3	NM_002649.3.fasta	4636	4665	+	30	TCCAAATGCCTTAATTTTAAACTTTGGCCT	AGGCCAAAGUUUAAAAUUAAGGCAUUUGGA	0
NM_002649.3:4637-4666	NM_002649.3	NM_002649.3.fasta	4637	4666	+	30	CCAAATGCCTTAATTTTAAACTTTGGCCTG	CAGGCCAAAGUUUAAAAUUAAGGCAUUUGG	0
NM_002649.3:4638-4667	NM_002649.3	NM_002649.3.fasta	4638	4667	+	30	CAAATGCCTTAATTTTAAACTTTGGCCTGA	UCAGGCCAAAGUUUAAAAUUAAGGCAUUUG	0
NM_002649.3:4639-4668	NM_002649.3	NM_002649.3.fasta	4639	4668	+	30	AAATGCCTTAATTTTAAACTTTGGCCTGAA	UUCAGGCCAAAGUUUAAAAUUAAGGCAUUU	0
NM_002649.3:4640-4669	NM_002649.3	NM_002649.3.fasta	4640	4669	+	30	AATGCCTTAATTTTAAACTTTGGCCTGAAC	GUUCAGGCCAAAGUUUAAAAUUAAGGCAUU	0
NM_002649.3:4641-4670	NM_002649.3	NM_002649.3.fasta	4641	4670	+	30	ATGCCTTAATTTTAAACTTTGGCCTGAACA	UGUUCAGGCCAAAGUUUAAAAUUAAGGCAU	0
NM_002649.3:4642-4671	NM_002649.3	NM_002649.3.fasta	4642	4671	+	30	TGCCTTAATTTTAAACTTTGGCCTGAACAG	CUGUUCAGGCCAAAGUUUAAAAUUAAGGCA	0
NM_002649.3:4643-4672	NM_002649.3	NM_002649.3.fasta	4643	4672	+	30	GCCTTAATTTTAAACTTTGGCCTGAACAGT	ACUGUUCAGGCCAAAGUUUAAAAUUAAGGC	0
NM_002649.3:4644-4673	NM_002649.3	NM_002649.3.fasta	4644	4673	+	30	CCTTAATTTTAAACTTTGGCCTGAACAGTT	AACUGUUCAGGCCAAAGUUUAAAAUUAAGG	0
NM_002649.3:4645-4674	NM_002649.3	NM_002649.3.fasta	4645	4674	+	30	CTTAATTTTAAACTTTGGCCTGAACAGTTT	AAACUGUUCAGGCCAAAGUUUAAAAUUAAG	0
NM_002649.3:4646-4675	NM_002649.3	NM_002649.3.fasta	4646	4675	+	30	TTAATTTTAAACTTTGGCCTGAACAGTTTT	AAAACUGUUCAGGCCAAAGUUUAAAAUUAA	0
NM_002649.3:4647-4676	NM_002649.3	NM_002649.3.fasta	4647	4676	+	30	TAATTTTAAACTTTGGCCTGAACAGTTTTT	AAAAACUGUUCAGGCCAAAGUUUAAAAUUA	0
NM_002649.3:4648-4677	NM_002649.3	NM_002649.3.fasta	4648	4677	+	30	AATTTTAAACTTTGGCCTGAACAGTTTTTT	AAAAAACUGUUCAGGCCAAAGUUUAAAAUU	0
NM_002649.3:4649-4678	NM_002649.3	NM_002649.3.fasta	4649	4678	+	30	ATTTTAAACTTTGGCCTGAACAGTTTTTTC	GAAAAAACUGUUCAGGCCAAAGUUUAAAAU	0
NM_002649.3:4650-4679	NM_002649.3	NM_002649.3.fasta	4650	4679	+	30	TTTTAAACTTTGGCCTGAACAGTTTTTTCT	AGAAAAAACUGUUCAGGCCAAAGUUUAAAA	0
NM_002649.3:4651-4680	NM_002649.3	NM_002649.3.fasta	4651	4680	+	30	TTTAAACTTTGGCCTGAACAGTTTTTTCTT	AAGAAAAAACUGUUCAGGCCAAAGUUUAAA	0
NM_002649.3:4652-4681	NM_002649.3	NM_002649.3.fasta	4652	4681	+	30	TTAAACTTTGGCCTGAACAGTTTTTTCTTT	AAAGAAAAAACUGUUCAGGCCAAAGUUUAA	0
NM_002649.3:4653-4682	NM_002649.3	NM_002649.3.fasta	4653	4682	+	30	TAAACTTTGGCCTGAACAGTTTTTTCTTTT	AAAAGAAAAAACUGUUCAGGCCAAAGUUUA	0
NM_002649.3:4654-4683	NM_002649.3	NM_002649.3.fasta	4654	4683	+	30	AAACTTTGGCCTGAACAGTTTTTTCTTTTT	AAAAAGAAAAAACUGUUCAGGCCAAAGUUU	0
NM_002649.3:4655-4684	NM_002649.3	NM_002649.3.fasta	4655	4684	+	30	AACTTTGGCCTGAACAGTTTTTTCTTTTTC	GAAAAAGAAAAAACUGUUCAGGCCAAAGUU	0
NM_002649.3:4656-4685	NM_002649.3	NM_002649.3.fasta	4656	4685	+	30	ACTTTGGCCTGAACAGTTTTTTCTTTTTCT	AGAAAAAGAAAAAACUGUUCAGGCCAAAGU	0
NM_002649.3:4657-4686	NM_002649.3	NM_002649.3.fasta	4657	4686	+	30	CTTTGGCCTGAACAGTTTTTTCTTTTTCTT	AAGAAAAAGAAAAAACUGUUCAGGCCAAAG	0
NM_002649.3:4658-4687	NM_002649.3	NM_002649.3.fasta	4658	4687	+	30	TTTGGCCTGAACAGTTTTTTCTTTTTCTTA	UAAGAAAAAGAAAAAACUGUUCAGGCCAAA	0
NM_002649.3:4659-4688	NM_002649.3	NM_002649.3.fasta	4659	4688	+	30	TTGGCCTGAACAGTTTTTTCTTTTTCTTAA	UUAAGAAAAAGAAAAAACUGUUCAGGCCAA	0
NM_002649.3:4660-4689	NM_002649.3	NM_002649.3.fasta	4660	4689	+	30	TGGCCTGAACAGTTTTTTCTTTTTCTTAAT	AUUAAGAAAAAGAAAAAACUGUUCAGGCCA	0
NM_002649.3:4661-4690	NM_002649.3	NM_002649.3.fasta	4661	4690	+	30	GGCCTGAACAGTTTTTTCTTTTTCTTAATG	CAUUAAGAAAAAGAAAAAACUGUUCAGGCC	0
NM_002649.3:4662-4691	NM_002649.3	NM_002649.3.fasta	4662	4691	+	30	GCCTGAACAGTTTTTTCTTTTTCTTAATGG	CCAUUAAGAAAAAGAAAAAACUGUUCAGGC	0
NM_002649.3:4663-4692	NM_002649.3	NM_002649.3.fasta	4663	4692	+	30	CCTGAACAGTTTTTTCTTTTTCTTAATGGA	UCCAUUAAGAAAAAGAAAAAACUGUUCAGG	0
NM_002649.3:4664-4693	NM_002649.3	NM_002649.3.fasta	4664	4693	+	30	CTGAACAGTTTTTTCTTTTTCTTAATGGAA	UUCCAUUAAGAAAAAGAAAAAACUGUUCAG	0
NM_002649.3:4665-4694	NM_002649.3	NM_002649.3.fasta	4665	4694	+	30	TGAACAGTTTTTTCTTTTTCTTAATGGAAG	CUUCCAUUAAGAAAAAGAAAAAACUGUUCA	0
NM_002649.3:4666-4695	NM_002649.3	NM_002649.3.fasta	4666	4695	+	30	GAACAGTTTTTTCTTTTTCTTAATGGAAGA	UCUUCCAUUAAGAAAAAGAAAAAACUGUUC	0
NM_002649.3:4667-4696	NM_002649.3	NM_002649.3.fasta	4667	4696	+	30	AACAGTTTTTTCTTTTTCTTAATGGAAGAA	UUCUUCCAUUAAGAAAAAGAAAAAACUGUU	0
NM_002649.3:4668-4697	NM_002649.3	NM_002649.3.fasta	4668	4697	+	30	ACAGTTTTTTCTTTTTCTTAATGGAAGAAG	CUUCUUCCAUUAAGAAAAAGAAAAAACUGU	0
NM_002649.3:4669-4698	NM_002649.3	NM_002649.3.fasta	4669	4698	+	30	CAGTTTTTTCTTTTTCTTAATGGAAGAAGA	UCUUCUUCCAUUAAGAAAAAGAAAAAACUG	0
NM_002649.3:4670-4699	NM_002649.3	NM_002649.3.fasta	4670	4699	+	30	AGTTTTTTCTTTTTCTTAATGGAAGAAGAT	AUCUUCUUCCAUUAAGAAAAAGAAAAAACU	0
NM_002649.3:4671-4700	NM_002649.3	NM_002649.3.fasta	4671	4700	+	30	GTTTTTTCTTTTTCTTAATGGAAGAAGATA	UAUCUUCUUCCAUUAAGAAAAAGAAAAAAC	0
NM_002649.3:4672-4701	NM_002649.3	NM_002649.3.fasta	4672	4701	+	30	TTTTTTCTTTTTCTTAATGGAAGAAGATAT	AUAUCUUCUUCCAUUAAGAAAAAGAAAAAA	0
NM_002649.3:4673-4702	NM_002649.3	NM_002649.3.fasta	4673	4702	+	30	TTTTTCTTTTTCTTAATGGAAGAAGATATT	AAUAUCUUCUUCCAUUAAGAAAAAGAAAAA	0
NM_002649.3:4674-4703	NM_002649.3	NM_002649.3.fasta	4674	4703	+	30	TTTTCTTTTTCTTAATGGAAGAAGATATTT	AAAUAUCUUCUUCCAUUAAGAAAAAGAAAA	0
NM_002649.3:4675-4704	NM_002649.3	NM_002649.3.fasta	4675	4704	+	30	TTTCTTTTTCTTAATGGAAGAAGATATTTA	UAAAUAUCUUCUUCCAUUAAGAAAAAGAAA	0
NM_002649.3:4676-4705	NM_002649.3	NM_002649.3.fasta	4676	4705	+	30	TTCTTTTTCTTAATGGAAGAAGATATTTAA	UUAAAUAUCUUCUUCCAUUAAGAAAAAGAA	0
NM_002649.3:4677-4706	NM_002649.3	NM_002649.3.fasta	4677	4706	+	30	TCTTTTTCTTAATGGAAGAAGATATTTAAT	AUUAAAUAUCUUCUUCCAUUAAGAAAAAGA	0
NM_002649.3:4678-4707	NM_002649.3	NM_002649.3.fasta	4678	4707	+	30	CTTTTTCTTAATGGAAGAAGATATTTAATA	UAUUAAAUAUCUUCUUCCAUUAAGAAAAAG	0
NM_002649.3:4679-4708	NM_002649.3	NM_002649.3.fasta	4679	4708	+	30	TTTTTCTTAATGGAAGAAGATATTTAATAT	AUAUUAAAUAUCUUCUUCCAUUAAGAAAAA	0
NM_002649.3:4680-4709	NM_002649.3	NM_002649.3.fasta	4680	4709	+	30	TTTTCTTAATGGAAGAAGATATTTAATATC	GAUAUUAAAUAUCUUCUUCCAUUAAGAAAA	0
NM_002649.3:4681-4710	NM_002649.3	NM_002649.3.fasta	4681	4710	+	30	TTTCTTAATGGAAGAAGATATTTAATATCT	AGAUAUUAAAUAUCUUCUUCCAUUAAGAAA	0
NM_002649.3:4682-4711	NM_002649.3	NM_002649.3.fasta	4682	4711	+	30	TTCTTAATGGAAGAAGATATTTAATATCTT	AAGAUAUUAAAUAUCUUCUUCCAUUAAGAA	0
NM_002649.3:4683-4712	NM_002649.3	NM_002649.3.fasta	4683	4712	+	30	TCTTAATGGAAGAAGATATTTAATATCTTA	UAAGAUAUUAAAUAUCUUCUUCCAUUAAGA	0
NM_002649.3:4684-4713	NM_002649.3	NM_002649.3.fasta	4684	4713	+	30	CTTAATGGAAGAAGATATTTAATATCTTAA	UUAAGAUAUUAAAUAUCUUCUUCCAUUAAG	0
NM_002649.3:4685-4714	NM_002649.3	NM_002649.3.fasta	4685	4714	+	30	TTAATGGAAGAAGATATTTAATATCTTAAA	UUUAAGAUAUUAAAUAUCUUCUUCCAUUAA	0
NM_002649.3:4686-4715	NM_002649.3	NM_002649.3.fasta	4686	4715	+	30	TAATGGAAGAAGATATTTAATATCTTAAAA	UUUUAAGAUAUUAAAUAUCUUCUUCCAUUA	0
NM_002649.3:4687-4716	NM_002649.3	NM_002649.3.fasta	4687	4716	+	30	AATGGAAGAAGATATTTAATATCTTAAAAA	UUUUUAAGAUAUUAAAUAUCUUCUUCCAUU	0
NM_002649.3:4688-4717	NM_002649.3	NM_002649.3.fasta	4688	4717	+	30	ATGGAAGAAGATATTTAATATCTTAAAAAT	AUUUUUAAGAUAUUAAAUAUCUUCUUCCAU	0
NM_002649.3:4689-4718	NM_002649.3	NM_002649.3.fasta	4689	4718	+	30	TGGAAGAAGATATTTAATATCTTAAAAATA	UAUUUUUAAGAUAUUAAAUAUCUUCUUCCA	0
NM_002649.3:4690-4719	NM_002649.3	NM_002649.3.fasta	4690	4719	+	30	GGAAGAAGATATTTAATATCTTAAAAATAT	AUAUUUUUAAGAUAUUAAAUAUCUUCUUCC	0
NM_002649.3:4691-4720	NM_002649.3	NM_002649.3.fasta	4691	4720	+	30	GAAGAAGATATTTAATATCTTAAAAATATT	AAUAUUUUUAAGAUAUUAAAUAUCUUCUUC	0
NM_002649.3:4692-4721	NM_002649.3	NM_002649.3.fasta	4692	4721	+	30	AAGAAGATATTTAATATCTTAAAAATATTC	GAAUAUUUUUAAGAUAUUAAAUAUCUUCUU	0
NM_002649.3:4693-4722	NM_002649.3	NM_002649.3.fasta	4693	4722	+	30	AGAAGATATTTAATATCTTAAAAATATTCC	GGAAUAUUUUUAAGAUAUUAAAUAUCUUCU	0
NM_002649.3:4694-4723	NM_002649.3	NM_002649.3.fasta	4694	4723	+	30	GAAGATATTTAATATCTTAAAAATATTCCA	UGGAAUAUUUUUAAGAUAUUAAAUAUCUUC	0
NM_002649.3:4695-4724	NM_002649.3	NM_002649.3.fasta	4695	4724	+	30	AAGATATTTAATATCTTAAAAATATTCCAA	UUGGAAUAUUUUUAAGAUAUUAAAUAUCUU	0
NM_002649.3:4696-4725	NM_002649.3	NM_002649.3.fasta	4696	4725	+	30	AGATATTTAATATCTTAAAAATATTCCAAG	CUUGGAAUAUUUUUAAGAUAUUAAAUAUCU	0
NM_002649.3:4697-4726	NM_002649.3	NM_002649.3.fasta	4697	4726	+	30	GATATTTAATATCTTAAAAATATTCCAAGT	ACUUGGAAUAUUUUUAAGAUAUUAAAUAUC	0
NM_002649.3:4698-4727	NM_002649.3	NM_002649.3.fasta	4698	4727	+	30	ATATTTAATATCTTAAAAATATTCCAAGTT	AACUUGGAAUAUUUUUAAGAUAUUAAAUAU	0
NM_002649.3:4699-4728	NM_002649.3	NM_002649.3.fasta	4699	4728	+	30	TATTTAATATCTTAAAAATATTCCAAGTTA	UAACUUGGAAUAUUUUUAAGAUAUUAAAUA	0
NM_002649.3:4700-4729	NM_002649.3	NM_002649.3.fasta	4700	4729	+	30	ATTTAATATCTTAAAAATATTCCAAGTTAG	CUAACUUGGAAUAUUUUUAAGAUAUUAAAU	0
NM_002649.3:4701-4730	NM_002649.3	NM_002649.3.fasta	4701	4730	+	30	TTTAATATCTTAAAAATATTCCAAGTTAGG	CCUAACUUGGAAUAUUUUUAAGAUAUUAAA	0
NM_002649.3:4702-4731	NM_002649.3	NM_002649.3.fasta	4702	4731	+	30	TTAATATCTTAAAAATATTCCAAGTTAGGA	UCCUAACUUGGAAUAUUUUUAAGAUAUUAA	0
NM_002649.3:4703-4732	NM_002649.3	NM_002649.3.fasta	4703	4732	+	30	TAATATCTTAAAAATATTCCAAGTTAGGAA	UUCCUAACUUGGAAUAUUUUUAAGAUAUUA	0
NM_002649.3:4704-4733	NM_002649.3	NM_002649.3.fasta	4704	4733	+	30	AATATCTTAAAAATATTCCAAGTTAGGAAG	CUUCCUAACUUGGAAUAUUUUUAAGAUAUU	0
NM_002649.3:4705-4734	NM_002649.3	NM_002649.3.fasta	4705	4734	+	30	ATATCTTAAAAATATTCCAAGTTAGGAAGA	UCUUCCUAACUUGGAAUAUUUUUAAGAUAU	0
NM_002649.3:4706-4735	NM_002649.3	NM_002649.3.fasta	4706	4735	+	30	TATCTTAAAAATATTCCAAGTTAGGAAGAA	UUCUUCCUAACUUGGAAUAUUUUUAAGAUA	0
NM_002649.3:4707-4736	NM_002649.3	NM_002649.3.fasta	4707	4736	+	30	ATCTTAAAAATATTCCAAGTTAGGAAGAAC	GUUCUUCCUAACUUGGAAUAUUUUUAAGAU	0
NM_002649.3:4708-4737	NM_002649.3	NM_002649.3.fasta	4708	4737	+	30	TCTTAAAAATATTCCAAGTTAGGAAGAACA	UGUUCUUCCUAACUUGGAAUAUUUUUAAGA	0
NM_002649.3:4709-4738	NM_002649.3	NM_002649.3.fasta	4709	4738	+	30	CTTAAAAATATTCCAAGTTAGGAAGAACAC	GUGUUCUUCCUAACUUGGAAUAUUUUUAAG	0
NM_002649.3:4710-4739	NM_002649.3	NM_002649.3.fasta	4710	4739	+	30	TTAAAAATATTCCAAGTTAGGAAGAACACT	AGUGUUCUUCCUAACUUGGAAUAUUUUUAA	0
NM_002649.3:4711-4740	NM_002649.3	NM_002649.3.fasta	4711	4740	+	30	TAAAAATATTCCAAGTTAGGAAGAACACTA	UAGUGUUCUUCCUAACUUGGAAUAUUUUUA	0
NM_002649.3:4712-4741	NM_002649.3	NM_002649.3.fasta	4712	4741	+	30	AAAAATATTCCAAGTTAGGAAGAACACTAC	GUAGUGUUCUUCCUAACUUGGAAUAUUUUU	0
NM_002649.3:4713-4742	NM_002649.3	NM_002649.3.fasta	4713	4742	+	30	AAAATATTCCAAGTTAGGAAGAACACTACT	AGUAGUGUUCUUCCUAACUUGGAAUAUUUU	0
NM_002649.3:4714-4743	NM_002649.3	NM_002649.3.fasta	4714	4743	+	30	AAATATTCCAAGTTAGGAAGAACACTACTT	AAGUAGUGUUCUUCCUAACUUGGAAUAUUU	0
NM_002649.3:4715-4744	NM_002649.3	NM_002649.3.fasta	4715	4744	+	30	AATATTCCAAGTTAGGAAGAACACTACTTG	CAAGUAGUGUUCUUCCUAACUUGGAAUAUU	0
NM_002649.3:4716-4745	NM_002649.3	NM_002649.3.fasta	4716	4745	+	30	ATATTCCAAGTTAGGAAGAACACTACTTGC	GCAAGUAGUGUUCUUCCUAACUUGGAAUAU	0
NM_002649.3:4717-4746	NM_002649.3	NM_002649.3.fasta	4717	4746	+	30	TATTCCAAGTTAGGAAGAACACTACTTGCC	GGCAAGUAGUGUUCUUCCUAACUUGGAAUA	0
NM_002649.3:4718-4747	NM_002649.3	NM_002649.3.fasta	4718	4747	+	30	ATTCCAAGTTAGGAAGAACACTACTTGCCT	AGGCAAGUAGUGUUCUUCCUAACUUGGAAU	0
NM_002649.3:4719-4748	NM_002649.3	NM_002649.3.fasta	4719	4748	+	30	TTCCAAGTTAGGAAGAACACTACTTGCCTT	AAGGCAAGUAGUGUUCUUCCUAACUUGGAA	0
NM_002649.3:4720-4749	NM_002649.3	NM_002649.3.fasta	4720	4749	+	30	TCCAAGTTAGGAAGAACACTACTTGCCTTA	UAAGGCAAGUAGUGUUCUUCCUAACUUGGA	0
NM_002649.3:4721-4750	NM_002649.3	NM_002649.3.fasta	4721	4750	+	30	CCAAGTTAGGAAGAACACTACTTGCCTTAT	AUAAGGCAAGUAGUGUUCUUCCUAACUUGG	0
NM_002649.3:4722-4751	NM_002649.3	NM_002649.3.fasta	4722	4751	+	30	CAAGTTAGGAAGAACACTACTTGCCTTATC	GAUAAGGCAAGUAGUGUUCUUCCUAACUUG	0
NM_002649.3:4723-4752	NM_002649.3	NM_002649.3.fasta	4723	4752	+	30	AAGTTAGGAAGAACACTACTTGCCTTATCC	GGAUAAGGCAAGUAGUGUUCUUCCUAACUU	0
NM_002649.3:4724-4753	NM_002649.3	NM_002649.3.fasta	4724	4753	+	30	AGTTAGGAAGAACACTACTTGCCTTATCCA	UGGAUAAGGCAAGUAGUGUUCUUCCUAACU	0
NM_002649.3:4725-4754	NM_002649.3	NM_002649.3.fasta	4725	4754	+	30	GTTAGGAAGAACACTACTTGCCTTATCCAT	AUGGAUAAGGCAAGUAGUGUUCUUCCUAAC	0
NM_002649.3:4726-4755	NM_002649.3	NM_002649.3.fasta	4726	4755	+	30	TTAGGAAGAACACTACTTGCCTTATCCATT	AAUGGAUAAGGCAAGUAGUGUUCUUCCUAA	0
NM_002649.3:4727-4756	NM_002649.3	NM_002649.3.fasta	4727	4756	+	30	TAGGAAGAACACTACTTGCCTTATCCATTT	AAAUGGAUAAGGCAAGUAGUGUUCUUCCUA	0
NM_002649.3:4728-4757	NM_002649.3	NM_002649.3.fasta	4728	4757	+	30	AGGAAGAACACTACTTGCCTTATCCATTTC	GAAAUGGAUAAGGCAAGUAGUGUUCUUCCU	0
NM_002649.3:4729-4758	NM_002649.3	NM_002649.3.fasta	4729	4758	+	30	GGAAGAACACTACTTGCCTTATCCATTTCC	GGAAAUGGAUAAGGCAAGUAGUGUUCUUCC	0
NM_002649.3:4730-4759	NM_002649.3	NM_002649.3.fasta	4730	4759	+	30	GAAGAACACTACTTGCCTTATCCATTTCCC	GGGAAAUGGAUAAGGCAAGUAGUGUUCUUC	0
NM_002649.3:4731-4760	NM_002649.3	NM_002649.3.fasta	4731	4760	+	30	AAGAACACTACTTGCCTTATCCATTTCCCA	UGGGAAAUGGAUAAGGCAAGUAGUGUUCUU	0
NM_002649.3:4732-4761	NM_002649.3	NM_002649.3.fasta	4732	4761	+	30	AGAACACTACTTGCCTTATCCATTTCCCAT	AUGGGAAAUGGAUAAGGCAAGUAGUGUUCU	0
NM_002649.3:4733-4762	NM_002649.3	NM_002649.3.fasta	4733	4762	+	30	GAACACTACTTGCCTTATCCATTTCCCATT	AAUGGGAAAUGGAUAAGGCAAGUAGUGUUC	0
NM_002649.3:4734-4763	NM_002649.3	NM_002649.3.fasta	4734	4763	+	30	AACACTACTTGCCTTATCCATTTCCCATTT	AAAUGGGAAAUGGAUAAGGCAAGUAGUGUU	0
NM_002649.3:4735-4764	NM_002649.3	NM_002649.3.fasta	4735	4764	+	30	ACACTACTTGCCTTATCCATTTCCCATTTA	UAAAUGGGAAAUGGAUAAGGCAAGUAGUGU	0
NM_002649.3:4736-4765	NM_002649.3	NM_002649.3.fasta	4736	4765	+	30	CACTACTTGCCTTATCCATTTCCCATTTAA	UUAAAUGGGAAAUGGAUAAGGCAAGUAGUG	0
NM_002649.3:4737-4766	NM_002649.3	NM_002649.3.fasta	4737	4766	+	30	ACTACTTGCCTTATCCATTTCCCATTTAAA	UUUAAAUGGGAAAUGGAUAAGGCAAGUAGU	0
NM_002649.3:4738-4767	NM_002649.3	NM_002649.3.fasta	4738	4767	+	30	CTACTTGCCTTATCCATTTCCCATTTAAAG	CUUUAAAUGGGAAAUGGAUAAGGCAAGUAG	0
NM_002649.3:4739-4768	NM_002649.3	NM_002649.3.fasta	4739	4768	+	30	TACTTGCCTTATCCATTTCCCATTTAAAGG	CCUUUAAAUGGGAAAUGGAUAAGGCAAGUA	0
NM_002649.3:4740-4769	NM_002649.3	NM_002649.3.fasta	4740	4769	+	30	ACTTGCCTTATCCATTTCCCATTTAAAGGA	UCCUUUAAAUGGGAAAUGGAUAAGGCAAGU	0
NM_002649.3:4741-4770	NM_002649.3	NM_002649.3.fasta	4741	4770	+	30	CTTGCCTTATCCATTTCCCATTTAAAGGAC	GUCCUUUAAAUGGGAAAUGGAUAAGGCAAG	0
NM_002649.3:4742-4771	NM_002649.3	NM_002649.3.fasta	4742	4771	+	30	TTGCCTTATCCATTTCCCATTTAAAGGACT	AGUCCUUUAAAUGGGAAAUGGAUAAGGCAA	0
NM_002649.3:4743-4772	NM_002649.3	NM_002649.3.fasta	4743	4772	+	30	TGCCTTATCCATTTCCCATTTAAAGGACTT	AAGUCCUUUAAAUGGGAAAUGGAUAAGGCA	0
NM_002649.3:4744-4773	NM_002649.3	NM_002649.3.fasta	4744	4773	+	30	GCCTTATCCATTTCCCATTTAAAGGACTTT	AAAGUCCUUUAAAUGGGAAAUGGAUAAGGC	0
NM_002649.3:4745-4774	NM_002649.3	NM_002649.3.fasta	4745	4774	+	30	CCTTATCCATTTCCCATTTAAAGGACTTTT	AAAAGUCCUUUAAAUGGGAAAUGGAUAAGG	0
NM_002649.3:4746-4775	NM_002649.3	NM_002649.3.fasta	4746	4775	+	30	CTTATCCATTTCCCATTTAAAGGACTTTTA	UAAAAGUCCUUUAAAUGGGAAAUGGAUAAG	0
NM_002649.3:4747-4776	NM_002649.3	NM_002649.3.fasta	4747	4776	+	30	TTATCCATTTCCCATTTAAAGGACTTTTAA	UUAAAAGUCCUUUAAAUGGGAAAUGGAUAA	0
NM_002649.3:4748-4777	NM_002649.3	NM_002649.3.fasta	4748	4777	+	30	TATCCATTTCCCATTTAAAGGACTTTTAAA	UUUAAAAGUCCUUUAAAUGGGAAAUGGAUA	0
NM_002649.3:4749-4778	NM_002649.3	NM_002649.3.fasta	4749	4778	+	30	ATCCATTTCCCATTTAAAGGACTTTTAAAC	GUUUAAAAGUCCUUUAAAUGGGAAAUGGAU	0
NM_002649.3:4750-4779	NM_002649.3	NM_002649.3.fasta	4750	4779	+	30	TCCATTTCCCATTTAAAGGACTTTTAAACT	AGUUUAAAAGUCCUUUAAAUGGGAAAUGGA	0
NM_002649.3:4751-4780	NM_002649.3	NM_002649.3.fasta	4751	4780	+	30	CCATTTCCCATTTAAAGGACTTTTAAACTT	AAGUUUAAAAGUCCUUUAAAUGGGAAAUGG	0
NM_002649.3:4752-4781	NM_002649.3	NM_002649.3.fasta	4752	4781	+	30	CATTTCCCATTTAAAGGACTTTTAAACTTT	AAAGUUUAAAAGUCCUUUAAAUGGGAAAUG	0
NM_002649.3:4753-4782	NM_002649.3	NM_002649.3.fasta	4753	4782	+	30	ATTTCCCATTTAAAGGACTTTTAAACTTTG	CAAAGUUUAAAAGUCCUUUAAAUGGGAAAU	0
NM_002649.3:4754-4783	NM_002649.3	NM_002649.3.fasta	4754	4783	+	30	TTTCCCATTTAAAGGACTTTTAAACTTTGA	UCAAAGUUUAAAAGUCCUUUAAAUGGGAAA	0
NM_002649.3:4755-4784	NM_002649.3	NM_002649.3.fasta	4755	4784	+	30	TTCCCATTTAAAGGACTTTTAAACTTTGAC	GUCAAAGUUUAAAAGUCCUUUAAAUGGGAA	0
NM_002649.3:4756-4785	NM_002649.3	NM_002649.3.fasta	4756	4785	+	30	TCCCATTTAAAGGACTTTTAAACTTTGACA	UGUCAAAGUUUAAAAGUCCUUUAAAUGGGA	0
NM_002649.3:4757-4786	NM_002649.3	NM_002649.3.fasta	4757	4786	+	30	CCCATTTAAAGGACTTTTAAACTTTGACAC	GUGUCAAAGUUUAAAAGUCCUUUAAAUGGG	0
NM_002649.3:4758-4787	NM_002649.3	NM_002649.3.fasta	4758	4787	+	30	CCATTTAAAGGACTTTTAAACTTTGACACA	UGUGUCAAAGUUUAAAAGUCCUUUAAAUGG	0
NM_002649.3:4759-4788	NM_002649.3	NM_002649.3.fasta	4759	4788	+	30	CATTTAAAGGACTTTTAAACTTTGACACAT	AUGUGUCAAAGUUUAAAAGUCCUUUAAAUG	0
NM_002649.3:4760-4789	NM_002649.3	NM_002649.3.fasta	4760	4789	+	30	ATTTAAAGGACTTTTAAACTTTGACACATC	GAUGUGUCAAAGUUUAAAAGUCCUUUAAAU	0
NM_002649.3:4761-4790	NM_002649.3	NM_002649.3.fasta	4761	4790	+	30	TTTAAAGGACTTTTAAACTTTGACACATCC	GGAUGUGUCAAAGUUUAAAAGUCCUUUAAA	0
NM_002649.3:4762-4791	NM_002649.3	NM_002649.3.fasta	4762	4791	+	30	TTAAAGGACTTTTAAACTTTGACACATCCT	AGGAUGUGUCAAAGUUUAAAAGUCCUUUAA	0
NM_002649.3:4763-4792	NM_002649.3	NM_002649.3.fasta	4763	4792	+	30	TAAAGGACTTTTAAACTTTGACACATCCTT	AAGGAUGUGUCAAAGUUUAAAAGUCCUUUA	0
NM_002649.3:4764-4793	NM_002649.3	NM_002649.3.fasta	4764	4793	+	30	AAAGGACTTTTAAACTTTGACACATCCTTC	GAAGGAUGUGUCAAAGUUUAAAAGUCCUUU	0
NM_002649.3:4765-4794	NM_002649.3	NM_002649.3.fasta	4765	4794	+	30	AAGGACTTTTAAACTTTGACACATCCTTCA	UGAAGGAUGUGUCAAAGUUUAAAAGUCCUU	0
NM_002649.3:4766-4795	NM_002649.3	NM_002649.3.fasta	4766	4795	+	30	AGGACTTTTAAACTTTGACACATCCTTCAG	CUGAAGGAUGUGUCAAAGUUUAAAAGUCCU	0
NM_002649.3:4767-4796	NM_002649.3	NM_002649.3.fasta	4767	4796	+	30	GGACTTTTAAACTTTGACACATCCTTCAGA	UCUGAAGGAUGUGUCAAAGUUUAAAAGUCC	0
NM_002649.3:4768-4797	NM_002649.3	NM_002649.3.fasta	4768	4797	+	30	GACTTTTAAACTTTGACACATCCTTCAGAT	AUCUGAAGGAUGUGUCAAAGUUUAAAAGUC	0
NM_002649.3:4769-4798	NM_002649.3	NM_002649.3.fasta	4769	4798	+	30	ACTTTTAAACTTTGACACATCCTTCAGATT	AAUCUGAAGGAUGUGUCAAAGUUUAAAAGU	0
NM_002649.3:4770-4799	NM_002649.3	NM_002649.3.fasta	4770	4799	+	30	CTTTTAAACTTTGACACATCCTTCAGATTT	AAAUCUGAAGGAUGUGUCAAAGUUUAAAAG	0
NM_002649.3:4771-4800	NM_002649.3	NM_002649.3.fasta	4771	4800	+	30	TTTTAAACTTTGACACATCCTTCAGATTTC	GAAAUCUGAAGGAUGUGUCAAAGUUUAAAA	0
NM_002649.3:4772-4801	NM_002649.3	NM_002649.3.fasta	4772	4801	+	30	TTTAAACTTTGACACATCCTTCAGATTTCC	GGAAAUCUGAAGGAUGUGUCAAAGUUUAAA	0
NM_002649.3:4773-4802	NM_002649.3	NM_002649.3.fasta	4773	4802	+	30	TTAAACTTTGACACATCCTTCAGATTTCCT	AGGAAAUCUGAAGGAUGUGUCAAAGUUUAA	0
NM_002649.3:4774-4803	NM_002649.3	NM_002649.3.fasta	4774	4803	+	30	TAAACTTTGACACATCCTTCAGATTTCCTG	CAGGAAAUCUGAAGGAUGUGUCAAAGUUUA	0
NM_002649.3:4775-4804	NM_002649.3	NM_002649.3.fasta	4775	4804	+	30	AAACTTTGACACATCCTTCAGATTTCCTGA	UCAGGAAAUCUGAAGGAUGUGUCAAAGUUU	0
NM_002649.3:4776-4805	NM_002649.3	NM_002649.3.fasta	4776	4805	+	30	AACTTTGACACATCCTTCAGATTTCCTGAA	UUCAGGAAAUCUGAAGGAUGUGUCAAAGUU	0
NM_002649.3:4777-4806	NM_002649.3	NM_002649.3.fasta	4777	4806	+	30	ACTTTGACACATCCTTCAGATTTCCTGAAA	UUUCAGGAAAUCUGAAGGAUGUGUCAAAGU	0
NM_002649.3:4778-4807	NM_002649.3	NM_002649.3.fasta	4778	4807	+	30	CTTTGACACATCCTTCAGATTTCCTGAAAA	UUUUCAGGAAAUCUGAAGGAUGUGUCAAAG	0
NM_002649.3:4779-4808	NM_002649.3	NM_002649.3.fasta	4779	4808	+	30	TTTGACACATCCTTCAGATTTCCTGAAAAT	AUUUUCAGGAAAUCUGAAGGAUGUGUCAAA	0
NM_002649.3:4780-4809	NM_002649.3	NM_002649.3.fasta	4780	4809	+	30	TTGACACATCCTTCAGATTTCCTGAAAATA	UAUUUUCAGGAAAUCUGAAGGAUGUGUCAA	0
NM_002649.3:4781-4810	NM_002649.3	NM_002649.3.fasta	4781	4810	+	30	TGACACATCCTTCAGATTTCCTGAAAATAA	UUAUUUUCAGGAAAUCUGAAGGAUGUGUCA	0
NM_002649.3:4782-4811	NM_002649.3	NM_002649.3.fasta	4782	4811	+	30	GACACATCCTTCAGATTTCCTGAAAATAAT	AUUAUUUUCAGGAAAUCUGAAGGAUGUGUC	0
NM_002649.3:4783-4812	NM_002649.3	NM_002649.3.fasta	4783	4812	+	30	ACACATCCTTCAGATTTCCTGAAAATAATT	AAUUAUUUUCAGGAAAUCUGAAGGAUGUGU	0
NM_002649.3:4784-4813	NM_002649.3	NM_002649.3.fasta	4784	4813	+	30	CACATCCTTCAGATTTCCTGAAAATAATTG	CAAUUAUUUUCAGGAAAUCUGAAGGAUGUG	0
NM_002649.3:4785-4814	NM_002649.3	NM_002649.3.fasta	4785	4814	+	30	ACATCCTTCAGATTTCCTGAAAATAATTGA	UCAAUUAUUUUCAGGAAAUCUGAAGGAUGU	0
NM_002649.3:4786-4815	NM_002649.3	NM_002649.3.fasta	4786	4815	+	30	CATCCTTCAGATTTCCTGAAAATAATTGAA	UUCAAUUAUUUUCAGGAAAUCUGAAGGAUG	0
NM_002649.3:4787-4816	NM_002649.3	NM_002649.3.fasta	4787	4816	+	30	ATCCTTCAGATTTCCTGAAAATAATTGAAA	UUUCAAUUAUUUUCAGGAAAUCUGAAGGAU	0
NM_002649.3:4788-4817	NM_002649.3	NM_002649.3.fasta	4788	4817	+	30	TCCTTCAGATTTCCTGAAAATAATTGAAAT	AUUUCAAUUAUUUUCAGGAAAUCUGAAGGA	0
NM_002649.3:4789-4818	NM_002649.3	NM_002649.3.fasta	4789	4818	+	30	CCTTCAGATTTCCTGAAAATAATTGAAATA	UAUUUCAAUUAUUUUCAGGAAAUCUGAAGG	0
NM_002649.3:4790-4819	NM_002649.3	NM_002649.3.fasta	4790	4819	+	30	CTTCAGATTTCCTGAAAATAATTGAAATAT	AUAUUUCAAUUAUUUUCAGGAAAUCUGAAG	0
NM_002649.3:4791-4820	NM_002649.3	NM_002649.3.fasta	4791	4820	+	30	TTCAGATTTCCTGAAAATAATTGAAATATC	GAUAUUUCAAUUAUUUUCAGGAAAUCUGAA	0
NM_002649.3:4792-4821	NM_002649.3	NM_002649.3.fasta	4792	4821	+	30	TCAGATTTCCTGAAAATAATTGAAATATCT	AGAUAUUUCAAUUAUUUUCAGGAAAUCUGA	0
NM_002649.3:4793-4822	NM_002649.3	NM_002649.3.fasta	4793	4822	+	30	CAGATTTCCTGAAAATAATTGAAATATCTT	AAGAUAUUUCAAUUAUUUUCAGGAAAUCUG	0
NM_002649.3:4794-4823	NM_002649.3	NM_002649.3.fasta	4794	4823	+	30	AGATTTCCTGAAAATAATTGAAATATCTTA	UAAGAUAUUUCAAUUAUUUUCAGGAAAUCU	0
NM_002649.3:4795-4824	NM_002649.3	NM_002649.3.fasta	4795	4824	+	30	GATTTCCTGAAAATAATTGAAATATCTTAC	GUAAGAUAUUUCAAUUAUUUUCAGGAAAUC	0
NM_002649.3:4796-4825	NM_002649.3	NM_002649.3.fasta	4796	4825	+	30	ATTTCCTGAAAATAATTGAAATATCTTACT	AGUAAGAUAUUUCAAUUAUUUUCAGGAAAU	0
NM_002649.3:4797-4826	NM_002649.3	NM_002649.3.fasta	4797	4826	+	30	TTTCCTGAAAATAATTGAAATATCTTACTT	AAGUAAGAUAUUUCAAUUAUUUUCAGGAAA	0
NM_002649.3:4798-4827	NM_002649.3	NM_002649.3.fasta	4798	4827	+	30	TTCCTGAAAATAATTGAAATATCTTACTTT	AAAGUAAGAUAUUUCAAUUAUUUUCAGGAA	0
NM_002649.3:4799-4828	NM_002649.3	NM_002649.3.fasta	4799	4828	+	30	TCCTGAAAATAATTGAAATATCTTACTTTA	UAAAGUAAGAUAUUUCAAUUAUUUUCAGGA	0
NM_002649.3:4800-4829	NM_002649.3	NM_002649.3.fasta	4800	4829	+	30	CCTGAAAATAATTGAAATATCTTACTTTAA	UUAAAGUAAGAUAUUUCAAUUAUUUUCAGG	0
NM_002649.3:4801-4830	NM_002649.3	NM_002649.3.fasta	4801	4830	+	30	CTGAAAATAATTGAAATATCTTACTTTAAA	UUUAAAGUAAGAUAUUUCAAUUAUUUUCAG	0
NM_002649.3:4802-4831	NM_002649.3	NM_002649.3.fasta	4802	4831	+	30	TGAAAATAATTGAAATATCTTACTTTAAAA	UUUUAAAGUAAGAUAUUUCAAUUAUUUUCA	0
NM_002649.3:4803-4832	NM_002649.3	NM_002649.3.fasta	4803	4832	+	30	GAAAATAATTGAAATATCTTACTTTAAAAA	UUUUUAAAGUAAGAUAUUUCAAUUAUUUUC	0
NM_002649.3:4804-4833	NM_002649.3	NM_002649.3.fasta	4804	4833	+	30	AAAATAATTGAAATATCTTACTTTAAAAAT	AUUUUUAAAGUAAGAUAUUUCAAUUAUUUU	0
NM_002649.3:4805-4834	NM_002649.3	NM_002649.3.fasta	4805	4834	+	30	AAATAATTGAAATATCTTACTTTAAAAATA	UAUUUUUAAAGUAAGAUAUUUCAAUUAUUU	0
NM_002649.3:4806-4835	NM_002649.3	NM_002649.3.fasta	4806	4835	+	30	AATAATTGAAATATCTTACTTTAAAAATAT	AUAUUUUUAAAGUAAGAUAUUUCAAUUAUU	0
NM_002649.3:4807-4836	NM_002649.3	NM_002649.3.fasta	4807	4836	+	30	ATAATTGAAATATCTTACTTTAAAAATATT	AAUAUUUUUAAAGUAAGAUAUUUCAAUUAU	0
NM_002649.3:4808-4837	NM_002649.3	NM_002649.3.fasta	4808	4837	+	30	TAATTGAAATATCTTACTTTAAAAATATTT	AAAUAUUUUUAAAGUAAGAUAUUUCAAUUA	0
NM_002649.3:4809-4838	NM_002649.3	NM_002649.3.fasta	4809	4838	+	30	AATTGAAATATCTTACTTTAAAAATATTTT	AAAAUAUUUUUAAAGUAAGAUAUUUCAAUU	0
NM_002649.3:4810-4839	NM_002649.3	NM_002649.3.fasta	4810	4839	+	30	ATTGAAATATCTTACTTTAAAAATATTTTC	GAAAAUAUUUUUAAAGUAAGAUAUUUCAAU	0
NM_002649.3:4811-4840	NM_002649.3	NM_002649.3.fasta	4811	4840	+	30	TTGAAATATCTTACTTTAAAAATATTTTCA	UGAAAAUAUUUUUAAAGUAAGAUAUUUCAA	0
NM_002649.3:4812-4841	NM_002649.3	NM_002649.3.fasta	4812	4841	+	30	TGAAATATCTTACTTTAAAAATATTTTCAT	AUGAAAAUAUUUUUAAAGUAAGAUAUUUCA	0
NM_002649.3:4813-4842	NM_002649.3	NM_002649.3.fasta	4813	4842	+	30	GAAATATCTTACTTTAAAAATATTTTCATC	GAUGAAAAUAUUUUUAAAGUAAGAUAUUUC	0
NM_002649.3:4814-4843	NM_002649.3	NM_002649.3.fasta	4814	4843	+	30	AAATATCTTACTTTAAAAATATTTTCATCT	AGAUGAAAAUAUUUUUAAAGUAAGAUAUUU	0
NM_002649.3:4815-4844	NM_002649.3	NM_002649.3.fasta	4815	4844	+	30	AATATCTTACTTTAAAAATATTTTCATCTC	GAGAUGAAAAUAUUUUUAAAGUAAGAUAUU	0
NM_002649.3:4816-4845	NM_002649.3	NM_002649.3.fasta	4816	4845	+	30	ATATCTTACTTTAAAAATATTTTCATCTCT	AGAGAUGAAAAUAUUUUUAAAGUAAGAUAU	0
NM_002649.3:4817-4846	NM_002649.3	NM_002649.3.fasta	4817	4846	+	30	TATCTTACTTTAAAAATATTTTCATCTCTG	CAGAGAUGAAAAUAUUUUUAAAGUAAGAUA	0
NM_002649.3:4818-4847	NM_002649.3	NM_002649.3.fasta	4818	4847	+	30	ATCTTACTTTAAAAATATTTTCATCTCTGA	UCAGAGAUGAAAAUAUUUUUAAAGUAAGAU	0
NM_002649.3:4819-4848	NM_002649.3	NM_002649.3.fasta	4819	4848	+	30	TCTTACTTTAAAAATATTTTCATCTCTGAA	UUCAGAGAUGAAAAUAUUUUUAAAGUAAGA	0
NM_002649.3:4820-4849	NM_002649.3	NM_002649.3.fasta	4820	4849	+	30	CTTACTTTAAAAATATTTTCATCTCTGAAA	UUUCAGAGAUGAAAAUAUUUUUAAAGUAAG	0
NM_002649.3:4821-4850	NM_002649.3	NM_002649.3.fasta	4821	4850	+	30	TTACTTTAAAAATATTTTCATCTCTGAAAT	AUUUCAGAGAUGAAAAUAUUUUUAAAGUAA	0
NM_002649.3:4822-4851	NM_002649.3	NM_002649.3.fasta	4822	4851	+	30	TACTTTAAAAATATTTTCATCTCTGAAATA	UAUUUCAGAGAUGAAAAUAUUUUUAAAGUA	0
NM_002649.3:4823-4852	NM_002649.3	NM_002649.3.fasta	4823	4852	+	30	ACTTTAAAAATATTTTCATCTCTGAAATAT	AUAUUUCAGAGAUGAAAAUAUUUUUAAAGU	0
NM_002649.3:4824-4853	NM_002649.3	NM_002649.3.fasta	4824	4853	+	30	CTTTAAAAATATTTTCATCTCTGAAATATC	GAUAUUUCAGAGAUGAAAAUAUUUUUAAAG	0
NM_002649.3:4825-4854	NM_002649.3	NM_002649.3.fasta	4825	4854	+	30	TTTAAAAATATTTTCATCTCTGAAATATCT	AGAUAUUUCAGAGAUGAAAAUAUUUUUAAA	0
NM_002649.3:4826-4855	NM_002649.3	NM_002649.3.fasta	4826	4855	+	30	TTAAAAATATTTTCATCTCTGAAATATCTC	GAGAUAUUUCAGAGAUGAAAAUAUUUUUAA	0
NM_002649.3:4827-4856	NM_002649.3	NM_002649.3.fasta	4827	4856	+	30	TAAAAATATTTTCATCTCTGAAATATCTCG	CGAGAUAUUUCAGAGAUGAAAAUAUUUUUA	0
NM_002649.3:4828-4857	NM_002649.3	NM_002649.3.fasta	4828	4857	+	30	AAAAATATTTTCATCTCTGAAATATCTCGT	ACGAGAUAUUUCAGAGAUGAAAAUAUUUUU	0
NM_002649.3:4829-4858	NM_002649.3	NM_002649.3.fasta	4829	4858	+	30	AAAATATTTTCATCTCTGAAATATCTCGTT	AACGAGAUAUUUCAGAGAUGAAAAUAUUUU	0
NM_002649.3:4830-4859	NM_002649.3	NM_002649.3.fasta	4830	4859	+	30	AAATATTTTCATCTCTGAAATATCTCGTTA	UAACGAGAUAUUUCAGAGAUGAAAAUAUUU	0
NM_002649.3:4831-4860	NM_002649.3	NM_002649.3.fasta	4831	4860	+	30	AATATTTTCATCTCTGAAATATCTCGTTAT	AUAACGAGAUAUUUCAGAGAUGAAAAUAUU	0
NM_002649.3:4832-4861	NM_002649.3	NM_002649.3.fasta	4832	4861	+	30	ATATTTTCATCTCTGAAATATCTCGTTATT	AAUAACGAGAUAUUUCAGAGAUGAAAAUAU	0
NM_002649.3:4833-4862	NM_002649.3	NM_002649.3.fasta	4833	4862	+	30	TATTTTCATCTCTGAAATATCTCGTTATTT	AAAUAACGAGAUAUUUCAGAGAUGAAAAUA	0
NM_002649.3:4834-4863	NM_002649.3	NM_002649.3.fasta	4834	4863	+	30	ATTTTCATCTCTGAAATATCTCGTTATTTA	UAAAUAACGAGAUAUUUCAGAGAUGAAAAU	0
NM_002649.3:4835-4864	NM_002649.3	NM_002649.3.fasta	4835	4864	+	30	TTTTCATCTCTGAAATATCTCGTTATTTAT	AUAAAUAACGAGAUAUUUCAGAGAUGAAAA	0
NM_002649.3:4836-4865	NM_002649.3	NM_002649.3.fasta	4836	4865	+	30	TTTCATCTCTGAAATATCTCGTTATTTATT	AAUAAAUAACGAGAUAUUUCAGAGAUGAAA	0
NM_002649.3:4837-4866	NM_002649.3	NM_002649.3.fasta	4837	4866	+	30	TTCATCTCTGAAATATCTCGTTATTTATTG	CAAUAAAUAACGAGAUAUUUCAGAGAUGAA	0
NM_002649.3:4838-4867	NM_002649.3	NM_002649.3.fasta	4838	4867	+	30	TCATCTCTGAAATATCTCGTTATTTATTGG	CCAAUAAAUAACGAGAUAUUUCAGAGAUGA	0
NM_002649.3:4839-4868	NM_002649.3	NM_002649.3.fasta	4839	4868	+	30	CATCTCTGAAATATCTCGTTATTTATTGGA	UCCAAUAAAUAACGAGAUAUUUCAGAGAUG	0
NM_002649.3:4840-4869	NM_002649.3	NM_002649.3.fasta	4840	4869	+	30	ATCTCTGAAATATCTCGTTATTTATTGGAG	CUCCAAUAAAUAACGAGAUAUUUCAGAGAU	0
NM_002649.3:4841-4870	NM_002649.3	NM_002649.3.fasta	4841	4870	+	30	TCTCTGAAATATCTCGTTATTTATTGGAGG	CCUCCAAUAAAUAACGAGAUAUUUCAGAGA	0
NM_002649.3:4842-4871	NM_002649.3	NM_002649.3.fasta	4842	4871	+	30	CTCTGAAATATCTCGTTATTTATTGGAGGT	ACCUCCAAUAAAUAACGAGAUAUUUCAGAG	0
NM_002649.3:4843-4872	NM_002649.3	NM_002649.3.fasta	4843	4872	+	30	TCTGAAATATCTCGTTATTTATTGGAGGTA	UACCUCCAAUAAAUAACGAGAUAUUUCAGA	0
NM_002649.3:4844-4873	NM_002649.3	NM_002649.3.fasta	4844	4873	+	30	CTGAAATATCTCGTTATTTATTGGAGGTAT	AUACCUCCAAUAAAUAACGAGAUAUUUCAG	0
NM_002649.3:4845-4874	NM_002649.3	NM_002649.3.fasta	4845	4874	+	30	TGAAATATCTCGTTATTTATTGGAGGTATT	AAUACCUCCAAUAAAUAACGAGAUAUUUCA	0
NM_002649.3:4846-4875	NM_002649.3	NM_002649.3.fasta	4846	4875	+	30	GAAATATCTCGTTATTTATTGGAGGTATTG	CAAUACCUCCAAUAAAUAACGAGAUAUUUC	0
NM_002649.3:4847-4876	NM_002649.3	NM_002649.3.fasta	4847	4876	+	30	AAATATCTCGTTATTTATTGGAGGTATTGT	ACAAUACCUCCAAUAAAUAACGAGAUAUUU	0
NM_002649.3:4848-4877	NM_002649.3	NM_002649.3.fasta	4848	4877	+	30	AATATCTCGTTATTTATTGGAGGTATTGTT	AACAAUACCUCCAAUAAAUAACGAGAUAUU	0
NM_002649.3:4849-4878	NM_002649.3	NM_002649.3.fasta	4849	4878	+	30	ATATCTCGTTATTTATTGGAGGTATTGTTT	AAACAAUACCUCCAAUAAAUAACGAGAUAU	0
NM_002649.3:4850-4879	NM_002649.3	NM_002649.3.fasta	4850	4879	+	30	TATCTCGTTATTTATTGGAGGTATTGTTTA	UAAACAAUACCUCCAAUAAAUAACGAGAUA	0
NM_002649.3:4851-4880	NM_002649.3	NM_002649.3.fasta	4851	4880	+	30	ATCTCGTTATTTATTGGAGGTATTGTTTAA	UUAAACAAUACCUCCAAUAAAUAACGAGAU	0
NM_002649.3:4852-4881	NM_002649.3	NM_002649.3.fasta	4852	4881	+	30	TCTCGTTATTTATTGGAGGTATTGTTTAAC	GUUAAACAAUACCUCCAAUAAAUAACGAGA	0
NM_002649.3:4853-4882	NM_002649.3	NM_002649.3.fasta	4853	4882	+	30	CTCGTTATTTATTGGAGGTATTGTTTAACC	GGUUAAACAAUACCUCCAAUAAAUAACGAG	0
NM_002649.3:4854-4883	NM_002649.3	NM_002649.3.fasta	4854	4883	+	30	TCGTTATTTATTGGAGGTATTGTTTAACCT	AGGUUAAACAAUACCUCCAAUAAAUAACGA	0
NM_002649.3:4855-4884	NM_002649.3	NM_002649.3.fasta	4855	4884	+	30	CGTTATTTATTGGAGGTATTGTTTAACCTT	AAGGUUAAACAAUACCUCCAAUAAAUAACG	0
NM_002649.3:4856-4885	NM_002649.3	NM_002649.3.fasta	4856	4885	+	30	GTTATTTATTGGAGGTATTGTTTAACCTTA	UAAGGUUAAACAAUACCUCCAAUAAAUAAC	0
NM_002649.3:4857-4886	NM_002649.3	NM_002649.3.fasta	4857	4886	+	30	TTATTTATTGGAGGTATTGTTTAACCTTAG	CUAAGGUUAAACAAUACCUCCAAUAAAUAA	0
NM_002649.3:4858-4887	NM_002649.3	NM_002649.3.fasta	4858	4887	+	30	TATTTATTGGAGGTATTGTTTAACCTTAGA	UCUAAGGUUAAACAAUACCUCCAAUAAAUA	0
NM_002649.3:4859-4888	NM_002649.3	NM_002649.3.fasta	4859	4888	+	30	ATTTATTGGAGGTATTGTTTAACCTTAGAG	CUCUAAGGUUAAACAAUACCUCCAAUAAAU	0
NM_002649.3:4860-4889	NM_002649.3	NM_002649.3.fasta	4860	4889	+	30	TTTATTGGAGGTATTGTTTAACCTTAGAGA	UCUCUAAGGUUAAACAAUACCUCCAAUAAA	0
NM_002649.3:4861-4890	NM_002649.3	NM_002649.3.fasta	4861	4890	+	30	TTATTGGAGGTATTGTTTAACCTTAGAGAG	CUCUCUAAGGUUAAACAAUACCUCCAAUAA	0
NM_002649.3:4862-4891	NM_002649.3	NM_002649.3.fasta	4862	4891	+	30	TATTGGAGGTATTGTTTAACCTTAGAGAGA	UCUCUCUAAGGUUAAACAAUACCUCCAAUA	0
NM_002649.3:4863-4892	NM_002649.3	NM_002649.3.fasta	4863	4892	+	30	ATTGGAGGTATTGTTTAACCTTAGAGAGAC	GUCUCUCUAAGGUUAAACAAUACCUCCAAU	0
NM_002649.3:4864-4893	NM_002649.3	NM_002649.3.fasta	4864	4893	+	30	TTGGAGGTATTGTTTAACCTTAGAGAGACC	GGUCUCUCUAAGGUUAAACAAUACCUCCAA	0
NM_002649.3:4865-4894	NM_002649.3	NM_002649.3.fasta	4865	4894	+	30	TGGAGGTATTGTTTAACCTTAGAGAGACCA	UGGUCUCUCUAAGGUUAAACAAUACCUCCA	0
NM_002649.3:4866-4895	NM_002649.3	NM_002649.3.fasta	4866	4895	+	30	GGAGGTATTGTTTAACCTTAGAGAGACCAT	AUGGUCUCUCUAAGGUUAAACAAUACCUCC	0
NM_002649.3:4867-4896	NM_002649.3	NM_002649.3.fasta	4867	4896	+	30	GAGGTATTGTTTAACCTTAGAGAGACCATT	AAUGGUCUCUCUAAGGUUAAACAAUACCUC	0
NM_002649.3:4868-4897	NM_002649.3	NM_002649.3.fasta	4868	4897	+	30	AGGTATTGTTTAACCTTAGAGAGACCATTA	UAAUGGUCUCUCUAAGGUUAAACAAUACCU	0
NM_002649.3:4869-4898	NM_002649.3	NM_002649.3.fasta	4869	4898	+	30	GGTATTGTTTAACCTTAGAGAGACCATTAA	UUAAUGGUCUCUCUAAGGUUAAACAAUACC	0
NM_002649.3:4870-4899	NM_002649.3	NM_002649.3.fasta	4870	4899	+	30	GTATTGTTTAACCTTAGAGAGACCATTAAA	UUUAAUGGUCUCUCUAAGGUUAAACAAUAC	0
NM_002649.3:4871-4900	NM_002649.3	NM_002649.3.fasta	4871	4900	+	30	TATTGTTTAACCTTAGAGAGACCATTAAAT	AUUUAAUGGUCUCUCUAAGGUUAAACAAUA	0
NM_002649.3:4872-4901	NM_002649.3	NM_002649.3.fasta	4872	4901	+	30	ATTGTTTAACCTTAGAGAGACCATTAAATT	AAUUUAAUGGUCUCUCUAAGGUUAAACAAU	0
NM_002649.3:4873-4902	NM_002649.3	NM_002649.3.fasta	4873	4902	+	30	TTGTTTAACCTTAGAGAGACCATTAAATTA	UAAUUUAAUGGUCUCUCUAAGGUUAAACAA	0
NM_002649.3:4874-4903	NM_002649.3	NM_002649.3.fasta	4874	4903	+	30	TGTTTAACCTTAGAGAGACCATTAAATTAT	AUAAUUUAAUGGUCUCUCUAAGGUUAAACA	0
NM_002649.3:4875-4904	NM_002649.3	NM_002649.3.fasta	4875	4904	+	30	GTTTAACCTTAGAGAGACCATTAAATTATT	AAUAAUUUAAUGGUCUCUCUAAGGUUAAAC	0
NM_002649.3:4876-4905	NM_002649.3	NM_002649.3.fasta	4876	4905	+	30	TTTAACCTTAGAGAGACCATTAAATTATTT	AAAUAAUUUAAUGGUCUCUCUAAGGUUAAA	0
NM_002649.3:4877-4906	NM_002649.3	NM_002649.3.fasta	4877	4906	+	30	TTAACCTTAGAGAGACCATTAAATTATTTA	UAAAUAAUUUAAUGGUCUCUCUAAGGUUAA	0
NM_002649.3:4878-4907	NM_002649.3	NM_002649.3.fasta	4878	4907	+	30	TAACCTTAGAGAGACCATTAAATTATTTAT	AUAAAUAAUUUAAUGGUCUCUCUAAGGUUA	0
NM_002649.3:4879-4908	NM_002649.3	NM_002649.3.fasta	4879	4908	+	30	AACCTTAGAGAGACCATTAAATTATTTATA	UAUAAAUAAUUUAAUGGUCUCUCUAAGGUU	0
NM_002649.3:4880-4909	NM_002649.3	NM_002649.3.fasta	4880	4909	+	30	ACCTTAGAGAGACCATTAAATTATTTATAA	UUAUAAAUAAUUUAAUGGUCUCUCUAAGGU	0
NM_002649.3:4881-4910	NM_002649.3	NM_002649.3.fasta	4881	4910	+	30	CCTTAGAGAGACCATTAAATTATTTATAAA	UUUAUAAAUAAUUUAAUGGUCUCUCUAAGG	0
NM_002649.3:4882-4911	NM_002649.3	NM_002649.3.fasta	4882	4911	+	30	CTTAGAGAGACCATTAAATTATTTATAAAA	UUUUAUAAAUAAUUUAAUGGUCUCUCUAAG	0
NM_002649.3:4883-4912	NM_002649.3	NM_002649.3.fasta	4883	4912	+	30	TTAGAGAGACCATTAAATTATTTATAAAAT	AUUUUAUAAAUAAUUUAAUGGUCUCUCUAA	0
NM_002649.3:4884-4913	NM_002649.3	NM_002649.3.fasta	4884	4913	+	30	TAGAGAGACCATTAAATTATTTATAAAATA	UAUUUUAUAAAUAAUUUAAUGGUCUCUCUA	0
NM_002649.3:4885-4914	NM_002649.3	NM_002649.3.fasta	4885	4914	+	30	AGAGAGACCATTAAATTATTTATAAAATAT	AUAUUUUAUAAAUAAUUUAAUGGUCUCUCU	0
NM_002649.3:4886-4915	NM_002649.3	NM_002649.3.fasta	4886	4915	+	30	GAGAGACCATTAAATTATTTATAAAATATT	AAUAUUUUAUAAAUAAUUUAAUGGUCUCUC	0
NM_002649.3:4887-4916	NM_002649.3	NM_002649.3.fasta	4887	4916	+	30	AGAGACCATTAAATTATTTATAAAATATTT	AAAUAUUUUAUAAAUAAUUUAAUGGUCUCU	0
NM_002649.3:4888-4917	NM_002649.3	NM_002649.3.fasta	4888	4917	+	30	GAGACCATTAAATTATTTATAAAATATTTT	AAAAUAUUUUAUAAAUAAUUUAAUGGUCUC	0
NM_002649.3:4889-4918	NM_002649.3	NM_002649.3.fasta	4889	4918	+	30	AGACCATTAAATTATTTATAAAATATTTTG	CAAAAUAUUUUAUAAAUAAUUUAAUGGUCU	0
NM_002649.3:4890-4919	NM_002649.3	NM_002649.3.fasta	4890	4919	+	30	GACCATTAAATTATTTATAAAATATTTTGT	ACAAAAUAUUUUAUAAAUAAUUUAAUGGUC	0
NM_002649.3:4891-4920	NM_002649.3	NM_002649.3.fasta	4891	4920	+	30	ACCATTAAATTATTTATAAAATATTTTGTA	UACAAAAUAUUUUAUAAAUAAUUUAAUGGU	0
NM_002649.3:4892-4921	NM_002649.3	NM_002649.3.fasta	4892	4921	+	30	CCATTAAATTATTTATAAAATATTTTGTAA	UUACAAAAUAUUUUAUAAAUAAUUUAAUGG	0
NM_002649.3:4893-4922	NM_002649.3	NM_002649.3.fasta	4893	4922	+	30	CATTAAATTATTTATAAAATATTTTGTAAT	AUUACAAAAUAUUUUAUAAAUAAUUUAAUG	0
NM_002649.3:4894-4923	NM_002649.3	NM_002649.3.fasta	4894	4923	+	30	ATTAAATTATTTATAAAATATTTTGTAATT	AAUUACAAAAUAUUUUAUAAAUAAUUUAAU	0
NM_002649.3:4895-4924	NM_002649.3	NM_002649.3.fasta	4895	4924	+	30	TTAAATTATTTATAAAATATTTTGTAATTA	UAAUUACAAAAUAUUUUAUAAAUAAUUUAA	0
NM_002649.3:4896-4925	NM_002649.3	NM_002649.3.fasta	4896	4925	+	30	TAAATTATTTATAAAATATTTTGTAATTAC	GUAAUUACAAAAUAUUUUAUAAAUAAUUUA	0
NM_002649.3:4897-4926	NM_002649.3	NM_002649.3.fasta	4897	4926	+	30	AAATTATTTATAAAATATTTTGTAATTACC	GGUAAUUACAAAAUAUUUUAUAAAUAAUUU	0
NM_002649.3:4898-4927	NM_002649.3	NM_002649.3.fasta	4898	4927	+	30	AATTATTTATAAAATATTTTGTAATTACCT	AGGUAAUUACAAAAUAUUUUAUAAAUAAUU	0
NM_002649.3:4899-4928	NM_002649.3	NM_002649.3.fasta	4899	4928	+	30	ATTATTTATAAAATATTTTGTAATTACCTG	CAGGUAAUUACAAAAUAUUUUAUAAAUAAU	0
NM_002649.3:4900-4929	NM_002649.3	NM_002649.3.fasta	4900	4929	+	30	TTATTTATAAAATATTTTGTAATTACCTGT	ACAGGUAAUUACAAAAUAUUUUAUAAAUAA	0
NM_002649.3:4901-4930	NM_002649.3	NM_002649.3.fasta	4901	4930	+	30	TATTTATAAAATATTTTGTAATTACCTGTA	UACAGGUAAUUACAAAAUAUUUUAUAAAUA	0
NM_002649.3:4902-4931	NM_002649.3	NM_002649.3.fasta	4902	4931	+	30	ATTTATAAAATATTTTGTAATTACCTGTAG	CUACAGGUAAUUACAAAAUAUUUUAUAAAU	0
NM_002649.3:4903-4932	NM_002649.3	NM_002649.3.fasta	4903	4932	+	30	TTTATAAAATATTTTGTAATTACCTGTAGC	GCUACAGGUAAUUACAAAAUAUUUUAUAAA	0
NM_002649.3:4904-4933	NM_002649.3	NM_002649.3.fasta	4904	4933	+	30	TTATAAAATATTTTGTAATTACCTGTAGCT	AGCUACAGGUAAUUACAAAAUAUUUUAUAA	0
NM_002649.3:4905-4934	NM_002649.3	NM_002649.3.fasta	4905	4934	+	30	TATAAAATATTTTGTAATTACCTGTAGCTA	UAGCUACAGGUAAUUACAAAAUAUUUUAUA	0
NM_002649.3:4906-4935	NM_002649.3	NM_002649.3.fasta	4906	4935	+	30	ATAAAATATTTTGTAATTACCTGTAGCTAA	UUAGCUACAGGUAAUUACAAAAUAUUUUAU	0
NM_002649.3:4907-4936	NM_002649.3	NM_002649.3.fasta	4907	4936	+	30	TAAAATATTTTGTAATTACCTGTAGCTAAT	AUUAGCUACAGGUAAUUACAAAAUAUUUUA	0
NM_002649.3:4908-4937	NM_002649.3	NM_002649.3.fasta	4908	4937	+	30	AAAATATTTTGTAATTACCTGTAGCTAATA	UAUUAGCUACAGGUAAUUACAAAAUAUUUU	0
NM_002649.3:4909-4938	NM_002649.3	NM_002649.3.fasta	4909	4938	+	30	AAATATTTTGTAATTACCTGTAGCTAATAC	GUAUUAGCUACAGGUAAUUACAAAAUAUUU	0
NM_002649.3:4910-4939	NM_002649.3	NM_002649.3.fasta	4910	4939	+	30	AATATTTTGTAATTACCTGTAGCTAATACA	UGUAUUAGCUACAGGUAAUUACAAAAUAUU	0
NM_002649.3:4911-4940	NM_002649.3	NM_002649.3.fasta	4911	4940	+	30	ATATTTTGTAATTACCTGTAGCTAATACAT	AUGUAUUAGCUACAGGUAAUUACAAAAUAU	0
NM_002649.3:4912-4941	NM_002649.3	NM_002649.3.fasta	4912	4941	+	30	TATTTTGTAATTACCTGTAGCTAATACATT	AAUGUAUUAGCUACAGGUAAUUACAAAAUA	0
NM_002649.3:4913-4942	NM_002649.3	NM_002649.3.fasta	4913	4942	+	30	ATTTTGTAATTACCTGTAGCTAATACATTA	UAAUGUAUUAGCUACAGGUAAUUACAAAAU	0
NM_002649.3:4914-4943	NM_002649.3	NM_002649.3.fasta	4914	4943	+	30	TTTTGTAATTACCTGTAGCTAATACATTAC	GUAAUGUAUUAGCUACAGGUAAUUACAAAA	0
NM_002649.3:4915-4944	NM_002649.3	NM_002649.3.fasta	4915	4944	+	30	TTTGTAATTACCTGTAGCTAATACATTACA	UGUAAUGUAUUAGCUACAGGUAAUUACAAA	0
NM_002649.3:4916-4945	NM_002649.3	NM_002649.3.fasta	4916	4945	+	30	TTGTAATTACCTGTAGCTAATACATTACAT	AUGUAAUGUAUUAGCUACAGGUAAUUACAA	0
NM_002649.3:4917-4946	NM_002649.3	NM_002649.3.fasta	4917	4946	+	30	TGTAATTACCTGTAGCTAATACATTACATA	UAUGUAAUGUAUUAGCUACAGGUAAUUACA	0
NM_002649.3:4918-4947	NM_002649.3	NM_002649.3.fasta	4918	4947	+	30	GTAATTACCTGTAGCTAATACATTACATAG	CUAUGUAAUGUAUUAGCUACAGGUAAUUAC	0
NM_002649.3:4919-4948	NM_002649.3	NM_002649.3.fasta	4919	4948	+	30	TAATTACCTGTAGCTAATACATTACATAGA	UCUAUGUAAUGUAUUAGCUACAGGUAAUUA	0
NM_002649.3:4920-4949	NM_002649.3	NM_002649.3.fasta	4920	4949	+	30	AATTACCTGTAGCTAATACATTACATAGAA	UUCUAUGUAAUGUAUUAGCUACAGGUAAUU	0
NM_002649.3:4921-4950	NM_002649.3	NM_002649.3.fasta	4921	4950	+	30	ATTACCTGTAGCTAATACATTACATAGAAA	UUUCUAUGUAAUGUAUUAGCUACAGGUAAU	0
NM_002649.3:4922-4951	NM_002649.3	NM_002649.3.fasta	4922	4951	+	30	TTACCTGTAGCTAATACATTACATAGAAAA	UUUUCUAUGUAAUGUAUUAGCUACAGGUAA	0
NM_002649.3:4923-4952	NM_002649.3	NM_002649.3.fasta	4923	4952	+	30	TACCTGTAGCTAATACATTACATAGAAAAA	UUUUUCUAUGUAAUGUAUUAGCUACAGGUA	0
NM_002649.3:4924-4953	NM_002649.3	NM_002649.3.fasta	4924	4953	+	30	ACCTGTAGCTAATACATTACATAGAAAAAA	UUUUUUCUAUGUAAUGUAUUAGCUACAGGU	0
NM_002649.3:4925-4954	NM_002649.3	NM_002649.3.fasta	4925	4954	+	30	CCTGTAGCTAATACATTACATAGAAAAAAA	UUUUUUUCUAUGUAAUGUAUUAGCUACAGG	0
NM_002649.3:4926-4955	NM_002649.3	NM_002649.3.fasta	4926	4955	+	30	CTGTAGCTAATACATTACATAGAAAAAAAC	GUUUUUUUCUAUGUAAUGUAUUAGCUACAG	0
NM_002649.3:4927-4956	NM_002649.3	NM_002649.3.fasta	4927	4956	+	30	TGTAGCTAATACATTACATAGAAAAAAACT	AGUUUUUUUCUAUGUAAUGUAUUAGCUACA	0
NM_002649.3:4928-4957	NM_002649.3	NM_002649.3.fasta	4928	4957	+	30	GTAGCTAATACATTACATAGAAAAAAACTA	UAGUUUUUUUCUAUGUAAUGUAUUAGCUAC	0
NM_002649.3:4929-4958	NM_002649.3	NM_002649.3.fasta	4929	4958	+	30	TAGCTAATACATTACATAGAAAAAAACTAT	AUAGUUUUUUUCUAUGUAAUGUAUUAGCUA	0
NM_002649.3:4930-4959	NM_002649.3	NM_002649.3.fasta	4930	4959	+	30	AGCTAATACATTACATAGAAAAAAACTATG	CAUAGUUUUUUUCUAUGUAAUGUAUUAGCU	0
NM_002649.3:4931-4960	NM_002649.3	NM_002649.3.fasta	4931	4960	+	30	GCTAATACATTACATAGAAAAAAACTATGT	ACAUAGUUUUUUUCUAUGUAAUGUAUUAGC	0
NM_002649.3:4932-4961	NM_002649.3	NM_002649.3.fasta	4932	4961	+	30	CTAATACATTACATAGAAAAAAACTATGTT	AACAUAGUUUUUUUCUAUGUAAUGUAUUAG	0
NM_002649.3:4933-4962	NM_002649.3	NM_002649.3.fasta	4933	4962	+	30	TAATACATTACATAGAAAAAAACTATGTTA	UAACAUAGUUUUUUUCUAUGUAAUGUAUUA	0
NM_002649.3:4934-4963	NM_002649.3	NM_002649.3.fasta	4934	4963	+	30	AATACATTACATAGAAAAAAACTATGTTAA	UUAACAUAGUUUUUUUCUAUGUAAUGUAUU	0
NM_002649.3:4935-4964	NM_002649.3	NM_002649.3.fasta	4935	4964	+	30	ATACATTACATAGAAAAAAACTATGTTAAC	GUUAACAUAGUUUUUUUCUAUGUAAUGUAU	0
NM_002649.3:4936-4965	NM_002649.3	NM_002649.3.fasta	4936	4965	+	30	TACATTACATAGAAAAAAACTATGTTAACA	UGUUAACAUAGUUUUUUUCUAUGUAAUGUA	0
NM_002649.3:4937-4966	NM_002649.3	NM_002649.3.fasta	4937	4966	+	30	ACATTACATAGAAAAAAACTATGTTAACAG	CUGUUAACAUAGUUUUUUUCUAUGUAAUGU	0
NM_002649.3:4938-4967	NM_002649.3	NM_002649.3.fasta	4938	4967	+	30	CATTACATAGAAAAAAACTATGTTAACAGT	ACUGUUAACAUAGUUUUUUUCUAUGUAAUG	0
NM_002649.3:4939-4968	NM_002649.3	NM_002649.3.fasta	4939	4968	+	30	ATTACATAGAAAAAAACTATGTTAACAGTG	CACUGUUAACAUAGUUUUUUUCUAUGUAAU	0
NM_002649.3:4940-4969	NM_002649.3	NM_002649.3.fasta	4940	4969	+	30	TTACATAGAAAAAAACTATGTTAACAGTGT	ACACUGUUAACAUAGUUUUUUUCUAUGUAA	0
NM_002649.3:4941-4970	NM_002649.3	NM_002649.3.fasta	4941	4970	+	30	TACATAGAAAAAAACTATGTTAACAGTGTC	GACACUGUUAACAUAGUUUUUUUCUAUGUA	0
NM_002649.3:4942-4971	NM_002649.3	NM_002649.3.fasta	4942	4971	+	30	ACATAGAAAAAAACTATGTTAACAGTGTCT	AGACACUGUUAACAUAGUUUUUUUCUAUGU	0
NM_002649.3:4943-4972	NM_002649.3	NM_002649.3.fasta	4943	4972	+	30	CATAGAAAAAAACTATGTTAACAGTGTCTC	GAGACACUGUUAACAUAGUUUUUUUCUAUG	0
NM_002649.3:4944-4973	NM_002649.3	NM_002649.3.fasta	4944	4973	+	30	ATAGAAAAAAACTATGTTAACAGTGTCTCT	AGAGACACUGUUAACAUAGUUUUUUUCUAU	0
NM_002649.3:4945-4974	NM_002649.3	NM_002649.3.fasta	4945	4974	+	30	TAGAAAAAAACTATGTTAACAGTGTCTCTG	CAGAGACACUGUUAACAUAGUUUUUUUCUA	0
NM_002649.3:4946-4975	NM_002649.3	NM_002649.3.fasta	4946	4975	+	30	AGAAAAAAACTATGTTAACAGTGTCTCTGT	ACAGAGACACUGUUAACAUAGUUUUUUUCU	0
NM_002649.3:4947-4976	NM_002649.3	NM_002649.3.fasta	4947	4976	+	30	GAAAAAAACTATGTTAACAGTGTCTCTGTT	AACAGAGACACUGUUAACAUAGUUUUUUUC	0
NM_002649.3:4948-4977	NM_002649.3	NM_002649.3.fasta	4948	4977	+	30	AAAAAAACTATGTTAACAGTGTCTCTGTTT	AAACAGAGACACUGUUAACAUAGUUUUUUU	0
NM_002649.3:4949-4978	NM_002649.3	NM_002649.3.fasta	4949	4978	+	30	AAAAAACTATGTTAACAGTGTCTCTGTTTA	UAAACAGAGACACUGUUAACAUAGUUUUUU	0
NM_002649.3:4950-4979	NM_002649.3	NM_002649.3.fasta	4950	4979	+	30	AAAAACTATGTTAACAGTGTCTCTGTTTAA	UUAAACAGAGACACUGUUAACAUAGUUUUU	0
NM_002649.3:4951-4980	NM_002649.3	NM_002649.3.fasta	4951	4980	+	30	AAAACTATGTTAACAGTGTCTCTGTTTAAG	CUUAAACAGAGACACUGUUAACAUAGUUUU	0
NM_002649.3:4952-4981	NM_002649.3	NM_002649.3.fasta	4952	4981	+	30	AAACTATGTTAACAGTGTCTCTGTTTAAGT	ACUUAAACAGAGACACUGUUAACAUAGUUU	0
NM_002649.3:4953-4982	NM_002649.3	NM_002649.3.fasta	4953	4982	+	30	AACTATGTTAACAGTGTCTCTGTTTAAGTA	UACUUAAACAGAGACACUGUUAACAUAGUU	0
NM_002649.3:4954-4983	NM_002649.3	NM_002649.3.fasta	4954	4983	+	30	ACTATGTTAACAGTGTCTCTGTTTAAGTAT	AUACUUAAACAGAGACACUGUUAACAUAGU	0
NM_002649.3:4955-4984	NM_002649.3	NM_002649.3.fasta	4955	4984	+	30	CTATGTTAACAGTGTCTCTGTTTAAGTATA	UAUACUUAAACAGAGACACUGUUAACAUAG	0
NM_002649.3:4956-4985	NM_002649.3	NM_002649.3.fasta	4956	4985	+	30	TATGTTAACAGTGTCTCTGTTTAAGTATAA	UUAUACUUAAACAGAGACACUGUUAACAUA	0
NM_002649.3:4957-4986	NM_002649.3	NM_002649.3.fasta	4957	4986	+	30	ATGTTAACAGTGTCTCTGTTTAAGTATAAT	AUUAUACUUAAACAGAGACACUGUUAACAU	0
NM_002649.3:4958-4987	NM_002649.3	NM_002649.3.fasta	4958	4987	+	30	TGTTAACAGTGTCTCTGTTTAAGTATAATC	GAUUAUACUUAAACAGAGACACUGUUAACA	0
NM_002649.3:4959-4988	NM_002649.3	NM_002649.3.fasta	4959	4988	+	30	GTTAACAGTGTCTCTGTTTAAGTATAATCA	UGAUUAUACUUAAACAGAGACACUGUUAAC	0
NM_002649.3:4960-4989	NM_002649.3	NM_002649.3.fasta	4960	4989	+	30	TTAACAGTGTCTCTGTTTAAGTATAATCAG	CUGAUUAUACUUAAACAGAGACACUGUUAA	0
NM_002649.3:4961-4990	NM_002649.3	NM_002649.3.fasta	4961	4990	+	30	TAACAGTGTCTCTGTTTAAGTATAATCAGA	UCUGAUUAUACUUAAACAGAGACACUGUUA	0
NM_002649.3:4962-4991	NM_002649.3	NM_002649.3.fasta	4962	4991	+	30	AACAGTGTCTCTGTTTAAGTATAATCAGAT	AUCUGAUUAUACUUAAACAGAGACACUGUU	0
NM_002649.3:4963-4992	NM_002649.3	NM_002649.3.fasta	4963	4992	+	30	ACAGTGTCTCTGTTTAAGTATAATCAGATA	UAUCUGAUUAUACUUAAACAGAGACACUGU	0
NM_002649.3:4964-4993	NM_002649.3	NM_002649.3.fasta	4964	4993	+	30	CAGTGTCTCTGTTTAAGTATAATCAGATAT	AUAUCUGAUUAUACUUAAACAGAGACACUG	0
NM_002649.3:4965-4994	NM_002649.3	NM_002649.3.fasta	4965	4994	+	30	AGTGTCTCTGTTTAAGTATAATCAGATATA	UAUAUCUGAUUAUACUUAAACAGAGACACU	0
NM_002649.3:4966-4995	NM_002649.3	NM_002649.3.fasta	4966	4995	+	30	GTGTCTCTGTTTAAGTATAATCAGATATAA	UUAUAUCUGAUUAUACUUAAACAGAGACAC	0
NM_002649.3:4967-4996	NM_002649.3	NM_002649.3.fasta	4967	4996	+	30	TGTCTCTGTTTAAGTATAATCAGATATAAA	UUUAUAUCUGAUUAUACUUAAACAGAGACA	0
NM_002649.3:4968-4997	NM_002649.3	NM_002649.3.fasta	4968	4997	+	30	GTCTCTGTTTAAGTATAATCAGATATAAAT	AUUUAUAUCUGAUUAUACUUAAACAGAGAC	0
NM_002649.3:4969-4998	NM_002649.3	NM_002649.3.fasta	4969	4998	+	30	TCTCTGTTTAAGTATAATCAGATATAAATA	UAUUUAUAUCUGAUUAUACUUAAACAGAGA	0
NM_002649.3:4970-4999	NM_002649.3	NM_002649.3.fasta	4970	4999	+	30	CTCTGTTTAAGTATAATCAGATATAAATAT	AUAUUUAUAUCUGAUUAUACUUAAACAGAG	0
NM_002649.3:4971-5000	NM_002649.3	NM_002649.3.fasta	4971	5000	+	30	TCTGTTTAAGTATAATCAGATATAAATATA	UAUAUUUAUAUCUGAUUAUACUUAAACAGA	0
NM_002649.3:4972-5001	NM_002649.3	NM_002649.3.fasta	4972	5001	+	30	CTGTTTAAGTATAATCAGATATAAATATAT	AUAUAUUUAUAUCUGAUUAUACUUAAACAG	0
NM_002649.3:4973-5002	NM_002649.3	NM_002649.3.fasta	4973	5002	+	30	TGTTTAAGTATAATCAGATATAAATATATA	UAUAUAUUUAUAUCUGAUUAUACUUAAACA	0
NM_002649.3:4974-5003	NM_002649.3	NM_002649.3.fasta	4974	5003	+	30	GTTTAAGTATAATCAGATATAAATATATAC	GUAUAUAUUUAUAUCUGAUUAUACUUAAAC	0
NM_002649.3:4975-5004	NM_002649.3	NM_002649.3.fasta	4975	5004	+	30	TTTAAGTATAATCAGATATAAATATATACT	AGUAUAUAUUUAUAUCUGAUUAUACUUAAA	0
NM_002649.3:4976-5005	NM_002649.3	NM_002649.3.fasta	4976	5005	+	30	TTAAGTATAATCAGATATAAATATATACTT	AAGUAUAUAUUUAUAUCUGAUUAUACUUAA	0
NM_002649.3:4977-5006	NM_002649.3	NM_002649.3.fasta	4977	5006	+	30	TAAGTATAATCAGATATAAATATATACTTA	UAAGUAUAUAUUUAUAUCUGAUUAUACUUA	0
NM_002649.3:4978-5007	NM_002649.3	NM_002649.3.fasta	4978	5007	+	30	AAGTATAATCAGATATAAATATATACTTAA	UUAAGUAUAUAUUUAUAUCUGAUUAUACUU	0
NM_002649.3:4979-5008	NM_002649.3	NM_002649.3.fasta	4979	5008	+	30	AGTATAATCAGATATAAATATATACTTAAT	AUUAAGUAUAUAUUUAUAUCUGAUUAUACU	0
NM_002649.3:4980-5009	NM_002649.3	NM_002649.3.fasta	4980	5009	+	30	GTATAATCAGATATAAATATATACTTAATT	AAUUAAGUAUAUAUUUAUAUCUGAUUAUAC	0
NM_002649.3:4981-5010	NM_002649.3	NM_002649.3.fasta	4981	5010	+	30	TATAATCAGATATAAATATATACTTAATTT	AAAUUAAGUAUAUAUUUAUAUCUGAUUAUA	0
NM_002649.3:4982-5011	NM_002649.3	NM_002649.3.fasta	4982	5011	+	30	ATAATCAGATATAAATATATACTTAATTTT	AAAAUUAAGUAUAUAUUUAUAUCUGAUUAU	0
NM_002649.3:4983-5012	NM_002649.3	NM_002649.3.fasta	4983	5012	+	30	TAATCAGATATAAATATATACTTAATTTTT	AAAAAUUAAGUAUAUAUUUAUAUCUGAUUA	0
NM_002649.3:4984-5013	NM_002649.3	NM_002649.3.fasta	4984	5013	+	30	AATCAGATATAAATATATACTTAATTTTTT	AAAAAAUUAAGUAUAUAUUUAUAUCUGAUU	0
NM_002649.3:4985-5014	NM_002649.3	NM_002649.3.fasta	4985	5014	+	30	ATCAGATATAAATATATACTTAATTTTTTA	UAAAAAAUUAAGUAUAUAUUUAUAUCUGAU	0
NM_002649.3:4986-5015	NM_002649.3	NM_002649.3.fasta	4986	5015	+	30	TCAGATATAAATATATACTTAATTTTTTAA	UUAAAAAAUUAAGUAUAUAUUUAUAUCUGA	0
NM_002649.3:4987-5016	NM_002649.3	NM_002649.3.fasta	4987	5016	+	30	CAGATATAAATATATACTTAATTTTTTAAT	AUUAAAAAAUUAAGUAUAUAUUUAUAUCUG	0
NM_002649.3:4988-5017	NM_002649.3	NM_002649.3.fasta	4988	5017	+	30	AGATATAAATATATACTTAATTTTTTAATT	AAUUAAAAAAUUAAGUAUAUAUUUAUAUCU	0
NM_002649.3:4989-5018	NM_002649.3	NM_002649.3.fasta	4989	5018	+	30	GATATAAATATATACTTAATTTTTTAATTT	AAAUUAAAAAAUUAAGUAUAUAUUUAUAUC	0
NM_002649.3:4990-5019	NM_002649.3	NM_002649.3.fasta	4990	5019	+	30	ATATAAATATATACTTAATTTTTTAATTTT	AAAAUUAAAAAAUUAAGUAUAUAUUUAUAU	0
NM_002649.3:4991-5020	NM_002649.3	NM_002649.3.fasta	4991	5020	+	30	TATAAATATATACTTAATTTTTTAATTTTA	UAAAAUUAAAAAAUUAAGUAUAUAUUUAUA	0
NM_002649.3:4992-5021	NM_002649.3	NM_002649.3.fasta	4992	5021	+	30	ATAAATATATACTTAATTTTTTAATTTTAA	UUAAAAUUAAAAAAUUAAGUAUAUAUUUAU	0
NM_002649.3:4993-5022	NM_002649.3	NM_002649.3.fasta	4993	5022	+	30	TAAATATATACTTAATTTTTTAATTTTAAA	UUUAAAAUUAAAAAAUUAAGUAUAUAUUUA	0
NM_002649.3:4994-5023	NM_002649.3	NM_002649.3.fasta	4994	5023	+	30	AAATATATACTTAATTTTTTAATTTTAAAA	UUUUAAAAUUAAAAAAUUAAGUAUAUAUUU	0
NM_002649.3:4995-5024	NM_002649.3	NM_002649.3.fasta	4995	5024	+	30	AATATATACTTAATTTTTTAATTTTAAAAA	UUUUUAAAAUUAAAAAAUUAAGUAUAUAUU	0
NM_002649.3:4996-5025	NM_002649.3	NM_002649.3.fasta	4996	5025	+	30	ATATATACTTAATTTTTTAATTTTAAAAAT	AUUUUUAAAAUUAAAAAAUUAAGUAUAUAU	0
NM_002649.3:4997-5026	NM_002649.3	NM_002649.3.fasta	4997	5026	+	30	TATATACTTAATTTTTTAATTTTAAAAATA	UAUUUUUAAAAUUAAAAAAUUAAGUAUAUA	0
NM_002649.3:4998-5027	NM_002649.3	NM_002649.3.fasta	4998	5027	+	30	ATATACTTAATTTTTTAATTTTAAAAATAG	CUAUUUUUAAAAUUAAAAAAUUAAGUAUAU	0
NM_002649.3:4999-5028	NM_002649.3	NM_002649.3.fasta	4999	5028	+	30	TATACTTAATTTTTTAATTTTAAAAATAGA	UCUAUUUUUAAAAUUAAAAAAUUAAGUAUA	0
NM_002649.3:5000-5029	NM_002649.3	NM_002649.3.fasta	5000	5029	+	30	ATACTTAATTTTTTAATTTTAAAAATAGAT	AUCUAUUUUUAAAAUUAAAAAAUUAAGUAU	0
NM_002649.3:5001-5030	NM_002649.3	NM_002649.3.fasta	5001	5030	+	30	TACTTAATTTTTTAATTTTAAAAATAGATA	UAUCUAUUUUUAAAAUUAAAAAAUUAAGUA	0
NM_002649.3:5002-5031	NM_002649.3	NM_002649.3.fasta	5002	5031	+	30	ACTTAATTTTTTAATTTTAAAAATAGATAC	GUAUCUAUUUUUAAAAUUAAAAAAUUAAGU	0
NM_002649.3:5003-5032	NM_002649.3	NM_002649.3.fasta	5003	5032	+	30	CTTAATTTTTTAATTTTAAAAATAGATACC	GGUAUCUAUUUUUAAAAUUAAAAAAUUAAG	0
NM_002649.3:5004-5033	NM_002649.3	NM_002649.3.fasta	5004	5033	+	30	TTAATTTTTTAATTTTAAAAATAGATACCT	AGGUAUCUAUUUUUAAAAUUAAAAAAUUAA	0
NM_002649.3:5005-5034	NM_002649.3	NM_002649.3.fasta	5005	5034	+	30	TAATTTTTTAATTTTAAAAATAGATACCTG	CAGGUAUCUAUUUUUAAAAUUAAAAAAUUA	0
NM_002649.3:5006-5035	NM_002649.3	NM_002649.3.fasta	5006	5035	+	30	AATTTTTTAATTTTAAAAATAGATACCTGT	ACAGGUAUCUAUUUUUAAAAUUAAAAAAUU	0
NM_002649.3:5007-5036	NM_002649.3	NM_002649.3.fasta	5007	5036	+	30	ATTTTTTAATTTTAAAAATAGATACCTGTT	AACAGGUAUCUAUUUUUAAAAUUAAAAAAU	0
NM_002649.3:5008-5037	NM_002649.3	NM_002649.3.fasta	5008	5037	+	30	TTTTTTAATTTTAAAAATAGATACCTGTTT	AAACAGGUAUCUAUUUUUAAAAUUAAAAAA	0
NM_002649.3:5009-5038	NM_002649.3	NM_002649.3.fasta	5009	5038	+	30	TTTTTAATTTTAAAAATAGATACCTGTTTG	CAAACAGGUAUCUAUUUUUAAAAUUAAAAA	0
NM_002649.3:5010-5039	NM_002649.3	NM_002649.3.fasta	5010	5039	+	30	TTTTAATTTTAAAAATAGATACCTGTTTGA	UCAAACAGGUAUCUAUUUUUAAAAUUAAAA	0
NM_002649.3:5011-5040	NM_002649.3	NM_002649.3.fasta	5011	5040	+	30	TTTAATTTTAAAAATAGATACCTGTTTGAC	GUCAAACAGGUAUCUAUUUUUAAAAUUAAA	0
NM_002649.3:5012-5041	NM_002649.3	NM_002649.3.fasta	5012	5041	+	30	TTAATTTTAAAAATAGATACCTGTTTGACT	AGUCAAACAGGUAUCUAUUUUUAAAAUUAA	0
NM_002649.3:5013-5042	NM_002649.3	NM_002649.3.fasta	5013	5042	+	30	TAATTTTAAAAATAGATACCTGTTTGACTT	AAGUCAAACAGGUAUCUAUUUUUAAAAUUA	0
NM_002649.3:5014-5043	NM_002649.3	NM_002649.3.fasta	5014	5043	+	30	AATTTTAAAAATAGATACCTGTTTGACTTT	AAAGUCAAACAGGUAUCUAUUUUUAAAAUU	0
NM_002649.3:5015-5044	NM_002649.3	NM_002649.3.fasta	5015	5044	+	30	ATTTTAAAAATAGATACCTGTTTGACTTTG	CAAAGUCAAACAGGUAUCUAUUUUUAAAAU	0
NM_002649.3:5016-5045	NM_002649.3	NM_002649.3.fasta	5016	5045	+	30	TTTTAAAAATAGATACCTGTTTGACTTTGA	UCAAAGUCAAACAGGUAUCUAUUUUUAAAA	0
NM_002649.3:5017-5046	NM_002649.3	NM_002649.3.fasta	5017	5046	+	30	TTTAAAAATAGATACCTGTTTGACTTTGAG	CUCAAAGUCAAACAGGUAUCUAUUUUUAAA	0
NM_002649.3:5018-5047	NM_002649.3	NM_002649.3.fasta	5018	5047	+	30	TTAAAAATAGATACCTGTTTGACTTTGAGG	CCUCAAAGUCAAACAGGUAUCUAUUUUUAA	0
NM_002649.3:5019-5048	NM_002649.3	NM_002649.3.fasta	5019	5048	+	30	TAAAAATAGATACCTGTTTGACTTTGAGGT	ACCUCAAAGUCAAACAGGUAUCUAUUUUUA	0
NM_002649.3:5020-5049	NM_002649.3	NM_002649.3.fasta	5020	5049	+	30	AAAAATAGATACCTGTTTGACTTTGAGGTA	UACCUCAAAGUCAAACAGGUAUCUAUUUUU	0
NM_002649.3:5021-5050	NM_002649.3	NM_002649.3.fasta	5021	5050	+	30	AAAATAGATACCTGTTTGACTTTGAGGTAG	CUACCUCAAAGUCAAACAGGUAUCUAUUUU	0
NM_002649.3:5022-5051	NM_002649.3	NM_002649.3.fasta	5022	5051	+	30	AAATAGATACCTGTTTGACTTTGAGGTAGT	ACUACCUCAAAGUCAAACAGGUAUCUAUUU	0
NM_002649.3:5023-5052	NM_002649.3	NM_002649.3.fasta	5023	5052	+	30	AATAGATACCTGTTTGACTTTGAGGTAGTC	GACUACCUCAAAGUCAAACAGGUAUCUAUU	0
NM_002649.3:5024-5053	NM_002649.3	NM_002649.3.fasta	5024	5053	+	30	ATAGATACCTGTTTGACTTTGAGGTAGTCC	GGACUACCUCAAAGUCAAACAGGUAUCUAU	0
NM_002649.3:5025-5054	NM_002649.3	NM_002649.3.fasta	5025	5054	+	30	TAGATACCTGTTTGACTTTGAGGTAGTCCA	UGGACUACCUCAAAGUCAAACAGGUAUCUA	0
NM_002649.3:5026-5055	NM_002649.3	NM_002649.3.fasta	5026	5055	+	30	AGATACCTGTTTGACTTTGAGGTAGTCCAG	CUGGACUACCUCAAAGUCAAACAGGUAUCU	0
NM_002649.3:5027-5056	NM_002649.3	NM_002649.3.fasta	5027	5056	+	30	GATACCTGTTTGACTTTGAGGTAGTCCAGA	UCUGGACUACCUCAAAGUCAAACAGGUAUC	0
NM_002649.3:5028-5057	NM_002649.3	NM_002649.3.fasta	5028	5057	+	30	ATACCTGTTTGACTTTGAGGTAGTCCAGAC	GUCUGGACUACCUCAAAGUCAAACAGGUAU	0
NM_002649.3:5029-5058	NM_002649.3	NM_002649.3.fasta	5029	5058	+	30	TACCTGTTTGACTTTGAGGTAGTCCAGACC	GGUCUGGACUACCUCAAAGUCAAACAGGUA	0
NM_002649.3:5030-5059	NM_002649.3	NM_002649.3.fasta	5030	5059	+	30	ACCTGTTTGACTTTGAGGTAGTCCAGACCT	AGGUCUGGACUACCUCAAAGUCAAACAGGU	0
NM_002649.3:5031-5060	NM_002649.3	NM_002649.3.fasta	5031	5060	+	30	CCTGTTTGACTTTGAGGTAGTCCAGACCTT	AAGGUCUGGACUACCUCAAAGUCAAACAGG	0
NM_002649.3:5032-5061	NM_002649.3	NM_002649.3.fasta	5032	5061	+	30	CTGTTTGACTTTGAGGTAGTCCAGACCTTT	AAAGGUCUGGACUACCUCAAAGUCAAACAG	0
NM_002649.3:5033-5062	NM_002649.3	NM_002649.3.fasta	5033	5062	+	30	TGTTTGACTTTGAGGTAGTCCAGACCTTTT	AAAAGGUCUGGACUACCUCAAAGUCAAACA	0
NM_002649.3:5034-5063	NM_002649.3	NM_002649.3.fasta	5034	5063	+	30	GTTTGACTTTGAGGTAGTCCAGACCTTTTC	GAAAAGGUCUGGACUACCUCAAAGUCAAAC	0
NM_002649.3:5035-5064	NM_002649.3	NM_002649.3.fasta	5035	5064	+	30	TTTGACTTTGAGGTAGTCCAGACCTTTTCT	AGAAAAGGUCUGGACUACCUCAAAGUCAAA	0
NM_002649.3:5036-5065	NM_002649.3	NM_002649.3.fasta	5036	5065	+	30	TTGACTTTGAGGTAGTCCAGACCTTTTCTT	AAGAAAAGGUCUGGACUACCUCAAAGUCAA	0
NM_002649.3:5037-5066	NM_002649.3	NM_002649.3.fasta	5037	5066	+	30	TGACTTTGAGGTAGTCCAGACCTTTTCTTT	AAAGAAAAGGUCUGGACUACCUCAAAGUCA	0
NM_002649.3:5038-5067	NM_002649.3	NM_002649.3.fasta	5038	5067	+	30	GACTTTGAGGTAGTCCAGACCTTTTCTTTT	AAAAGAAAAGGUCUGGACUACCUCAAAGUC	0
NM_002649.3:5039-5068	NM_002649.3	NM_002649.3.fasta	5039	5068	+	30	ACTTTGAGGTAGTCCAGACCTTTTCTTTTT	AAAAAGAAAAGGUCUGGACUACCUCAAAGU	0
NM_002649.3:5040-5069	NM_002649.3	NM_002649.3.fasta	5040	5069	+	30	CTTTGAGGTAGTCCAGACCTTTTCTTTTTT	AAAAAAGAAAAGGUCUGGACUACCUCAAAG	0
NM_002649.3:5041-5070	NM_002649.3	NM_002649.3.fasta	5041	5070	+	30	TTTGAGGTAGTCCAGACCTTTTCTTTTTTT	AAAAAAAGAAAAGGUCUGGACUACCUCAAA	0
NM_002649.3:5042-5071	NM_002649.3	NM_002649.3.fasta	5042	5071	+	30	TTGAGGTAGTCCAGACCTTTTCTTTTTTTT	AAAAAAAAGAAAAGGUCUGGACUACCUCAA	0
NM_002649.3:5043-5072	NM_002649.3	NM_002649.3.fasta	5043	5072	+	30	TGAGGTAGTCCAGACCTTTTCTTTTTTTTT	AAAAAAAAAGAAAAGGUCUGGACUACCUCA	0
NM_002649.3:5044-5073	NM_002649.3	NM_002649.3.fasta	5044	5073	+	30	GAGGTAGTCCAGACCTTTTCTTTTTTTTTT	AAAAAAAAAAGAAAAGGUCUGGACUACCUC	0
NM_002649.3:5045-5074	NM_002649.3	NM_002649.3.fasta	5045	5074	+	30	AGGTAGTCCAGACCTTTTCTTTTTTTTTTT	AAAAAAAAAAAGAAAAGGUCUGGACUACCU	0
NM_002649.3:5046-5075	NM_002649.3	NM_002649.3.fasta	5046	5075	+	30	GGTAGTCCAGACCTTTTCTTTTTTTTTTTT	AAAAAAAAAAAAGAAAAGGUCUGGACUACC	0
NM_002649.3:5047-5076	NM_002649.3	NM_002649.3.fasta	5047	5076	+	30	GTAGTCCAGACCTTTTCTTTTTTTTTTTTT	AAAAAAAAAAAAAGAAAAGGUCUGGACUAC	0
NM_002649.3:5048-5077	NM_002649.3	NM_002649.3.fasta	5048	5077	+	30	TAGTCCAGACCTTTTCTTTTTTTTTTTTTT	AAAAAAAAAAAAAAGAAAAGGUCUGGACUA	0
NM_002649.3:5049-5078	NM_002649.3	NM_002649.3.fasta	5049	5078	+	30	AGTCCAGACCTTTTCTTTTTTTTTTTTTTT	AAAAAAAAAAAAAAAGAAAAGGUCUGGACU	0
NM_002649.3:5050-5079	NM_002649.3	NM_002649.3.fasta	5050	5079	+	30	GTCCAGACCTTTTCTTTTTTTTTTTTTTTT	AAAAAAAAAAAAAAAAGAAAAGGUCUGGAC	0
NM_002649.3:5051-5080	NM_002649.3	NM_002649.3.fasta	5051	5080	+	30	TCCAGACCTTTTCTTTTTTTTTTTTTTTTT	AAAAAAAAAAAAAAAAAGAAAAGGUCUGGA	0
NM_002649.3:5052-5081	NM_002649.3	NM_002649.3.fasta	5052	5081	+	30	CCAGACCTTTTCTTTTTTTTTTTTTTTTTA	UAAAAAAAAAAAAAAAAAGAAAAGGUCUGG	0
NM_002649.3:5053-5082	NM_002649.3	NM_002649.3.fasta	5053	5082	+	30	CAGACCTTTTCTTTTTTTTTTTTTTTTTAA	UUAAAAAAAAAAAAAAAAAGAAAAGGUCUG	0
NM_002649.3:5054-5083	NM_002649.3	NM_002649.3.fasta	5054	5083	+	30	AGACCTTTTCTTTTTTTTTTTTTTTTTAAT	AUUAAAAAAAAAAAAAAAAAGAAAAGGUCU	0
NM_002649.3:5055-5084	NM_002649.3	NM_002649.3.fasta	5055	5084	+	30	GACCTTTTCTTTTTTTTTTTTTTTTTAATG	CAUUAAAAAAAAAAAAAAAAAGAAAAGGUC	0
NM_002649.3:5056-5085	NM_002649.3	NM_002649.3.fasta	5056	5085	+	30	ACCTTTTCTTTTTTTTTTTTTTTTTAATGT	ACAUUAAAAAAAAAAAAAAAAAGAAAAGGU	0
NM_002649.3:5057-5086	NM_002649.3	NM_002649.3.fasta	5057	5086	+	30	CCTTTTCTTTTTTTTTTTTTTTTTAATGTG	CACAUUAAAAAAAAAAAAAAAAAGAAAAGG	0
NM_002649.3:5058-5087	NM_002649.3	NM_002649.3.fasta	5058	5087	+	30	CTTTTCTTTTTTTTTTTTTTTTTAATGTGT	ACACAUUAAAAAAAAAAAAAAAAAGAAAAG	0
NM_002649.3:5059-5088	NM_002649.3	NM_002649.3.fasta	5059	5088	+	30	TTTTCTTTTTTTTTTTTTTTTTAATGTGTG	CACACAUUAAAAAAAAAAAAAAAAAGAAAA	0
NM_002649.3:5060-5089	NM_002649.3	NM_002649.3.fasta	5060	5089	+	30	TTTCTTTTTTTTTTTTTTTTTAATGTGTGC	GCACACAUUAAAAAAAAAAAAAAAAAGAAA	0
NM_002649.3:5061-5090	NM_002649.3	NM_002649.3.fasta	5061	5090	+	30	TTCTTTTTTTTTTTTTTTTTAATGTGTGCA	UGCACACAUUAAAAAAAAAAAAAAAAAGAA	0
NM_002649.3:5062-5091	NM_002649.3	NM_002649.3.fasta	5062	5091	+	30	TCTTTTTTTTTTTTTTTTTAATGTGTGCAA	UUGCACACAUUAAAAAAAAAAAAAAAAAGA	0
NM_002649.3:5063-5092	NM_002649.3	NM_002649.3.fasta	5063	5092	+	30	CTTTTTTTTTTTTTTTTTAATGTGTGCAAA	UUUGCACACAUUAAAAAAAAAAAAAAAAAG	0
NM_002649.3:5064-5093	NM_002649.3	NM_002649.3.fasta	5064	5093	+	30	TTTTTTTTTTTTTTTTTAATGTGTGCAAAA	UUUUGCACACAUUAAAAAAAAAAAAAAAAA	0
NM_002649.3:5065-5094	NM_002649.3	NM_002649.3.fasta	5065	5094	+	30	TTTTTTTTTTTTTTTTAATGTGTGCAAAAG	CUUUUGCACACAUUAAAAAAAAAAAAAAAA	0
NM_002649.3:5066-5095	NM_002649.3	NM_002649.3.fasta	5066	5095	+	30	TTTTTTTTTTTTTTTAATGTGTGCAAAAGC	GCUUUUGCACACAUUAAAAAAAAAAAAAAA	0
NM_002649.3:5067-5096	NM_002649.3	NM_002649.3.fasta	5067	5096	+	30	TTTTTTTTTTTTTTAATGTGTGCAAAAGCC	GGCUUUUGCACACAUUAAAAAAAAAAAAAA	0
NM_002649.3:5068-5097	NM_002649.3	NM_002649.3.fasta	5068	5097	+	30	TTTTTTTTTTTTTAATGTGTGCAAAAGCCC	GGGCUUUUGCACACAUUAAAAAAAAAAAAA	0
NM_002649.3:5069-5098	NM_002649.3	NM_002649.3.fasta	5069	5098	+	30	TTTTTTTTTTTTAATGTGTGCAAAAGCCCA	UGGGCUUUUGCACACAUUAAAAAAAAAAAA	0
NM_002649.3:5070-5099	NM_002649.3	NM_002649.3.fasta	5070	5099	+	30	TTTTTTTTTTTAATGTGTGCAAAAGCCCAA	UUGGGCUUUUGCACACAUUAAAAAAAAAAA	0
NM_002649.3:5071-5100	NM_002649.3	NM_002649.3.fasta	5071	5100	+	30	TTTTTTTTTTAATGTGTGCAAAAGCCCAAA	UUUGGGCUUUUGCACACAUUAAAAAAAAAA	0
NM_002649.3:5072-5101	NM_002649.3	NM_002649.3.fasta	5072	5101	+	30	TTTTTTTTTAATGTGTGCAAAAGCCCAAAG	CUUUGGGCUUUUGCACACAUUAAAAAAAAA	0
NM_002649.3:5073-5102	NM_002649.3	NM_002649.3.fasta	5073	5102	+	30	TTTTTTTTAATGTGTGCAAAAGCCCAAAGG	CCUUUGGGCUUUUGCACACAUUAAAAAAAA	0
NM_002649.3:5074-5103	NM_002649.3	NM_002649.3.fasta	5074	5103	+	30	TTTTTTTAATGTGTGCAAAAGCCCAAAGGT	ACCUUUGGGCUUUUGCACACAUUAAAAAAA	0
NM_002649.3:5075-5104	NM_002649.3	NM_002649.3.fasta	5075	5104	+	30	TTTTTTAATGTGTGCAAAAGCCCAAAGGTT	AACCUUUGGGCUUUUGCACACAUUAAAAAA	0
NM_002649.3:5076-5105	NM_002649.3	NM_002649.3.fasta	5076	5105	+	30	TTTTTAATGTGTGCAAAAGCCCAAAGGTTC	GAACCUUUGGGCUUUUGCACACAUUAAAAA	0
NM_002649.3:5077-5106	NM_002649.3	NM_002649.3.fasta	5077	5106	+	30	TTTTAATGTGTGCAAAAGCCCAAAGGTTCC	GGAACCUUUGGGCUUUUGCACACAUUAAAA	0
NM_002649.3:5078-5107	NM_002649.3	NM_002649.3.fasta	5078	5107	+	30	TTTAATGTGTGCAAAAGCCCAAAGGTTCCT	AGGAACCUUUGGGCUUUUGCACACAUUAAA	0
NM_002649.3:5079-5108	NM_002649.3	NM_002649.3.fasta	5079	5108	+	30	TTAATGTGTGCAAAAGCCCAAAGGTTCCTA	UAGGAACCUUUGGGCUUUUGCACACAUUAA	0
NM_002649.3:5080-5109	NM_002649.3	NM_002649.3.fasta	5080	5109	+	30	TAATGTGTGCAAAAGCCCAAAGGTTCCTAA	UUAGGAACCUUUGGGCUUUUGCACACAUUA	0
NM_002649.3:5081-5110	NM_002649.3	NM_002649.3.fasta	5081	5110	+	30	AATGTGTGCAAAAGCCCAAAGGTTCCTAAG	CUUAGGAACCUUUGGGCUUUUGCACACAUU	0
NM_002649.3:5082-5111	NM_002649.3	NM_002649.3.fasta	5082	5111	+	30	ATGTGTGCAAAAGCCCAAAGGTTCCTAAGC	GCUUAGGAACCUUUGGGCUUUUGCACACAU	0
NM_002649.3:5083-5112	NM_002649.3	NM_002649.3.fasta	5083	5112	+	30	TGTGTGCAAAAGCCCAAAGGTTCCTAAGCC	GGCUUAGGAACCUUUGGGCUUUUGCACACA	0
NM_002649.3:5084-5113	NM_002649.3	NM_002649.3.fasta	5084	5113	+	30	GTGTGCAAAAGCCCAAAGGTTCCTAAGCCT	AGGCUUAGGAACCUUUGGGCUUUUGCACAC	0
NM_002649.3:5085-5114	NM_002649.3	NM_002649.3.fasta	5085	5114	+	30	TGTGCAAAAGCCCAAAGGTTCCTAAGCCTG	CAGGCUUAGGAACCUUUGGGCUUUUGCACA	0
NM_002649.3:5086-5115	NM_002649.3	NM_002649.3.fasta	5086	5115	+	30	GTGCAAAAGCCCAAAGGTTCCTAAGCCTGG	CCAGGCUUAGGAACCUUUGGGCUUUUGCAC	0
NM_002649.3:5087-5116	NM_002649.3	NM_002649.3.fasta	5087	5116	+	30	TGCAAAAGCCCAAAGGTTCCTAAGCCTGGC	GCCAGGCUUAGGAACCUUUGGGCUUUUGCA	0
NM_002649.3:5088-5117	NM_002649.3	NM_002649.3.fasta	5088	5117	+	30	GCAAAAGCCCAAAGGTTCCTAAGCCTGGCT	AGCCAGGCUUAGGAACCUUUGGGCUUUUGC	0
NM_002649.3:5089-5118	NM_002649.3	NM_002649.3.fasta	5089	5118	+	30	CAAAAGCCCAAAGGTTCCTAAGCCTGGCTG	CAGCCAGGCUUAGGAACCUUUGGGCUUUUG	0
NM_002649.3:5090-5119	NM_002649.3	NM_002649.3.fasta	5090	5119	+	30	AAAAGCCCAAAGGTTCCTAAGCCTGGCTGC	GCAGCCAGGCUUAGGAACCUUUGGGCUUUU	0
NM_002649.3:5091-5120	NM_002649.3	NM_002649.3.fasta	5091	5120	+	30	AAAGCCCAAAGGTTCCTAAGCCTGGCTGCA	UGCAGCCAGGCUUAGGAACCUUUGGGCUUU	0
NM_002649.3:5092-5121	NM_002649.3	NM_002649.3.fasta	5092	5121	+	30	AAGCCCAAAGGTTCCTAAGCCTGGCTGCAA	UUGCAGCCAGGCUUAGGAACCUUUGGGCUU	0
NM_002649.3:5093-5122	NM_002649.3	NM_002649.3.fasta	5093	5122	+	30	AGCCCAAAGGTTCCTAAGCCTGGCTGCAAA	UUUGCAGCCAGGCUUAGGAACCUUUGGGCU	0
NM_002649.3:5094-5123	NM_002649.3	NM_002649.3.fasta	5094	5123	+	30	GCCCAAAGGTTCCTAAGCCTGGCTGCAAAG	CUUUGCAGCCAGGCUUAGGAACCUUUGGGC	0
NM_002649.3:5095-5124	NM_002649.3	NM_002649.3.fasta	5095	5124	+	30	CCCAAAGGTTCCTAAGCCTGGCTGCAAAGA	UCUUUGCAGCCAGGCUUAGGAACCUUUGGG	0
NM_002649.3:5096-5125	NM_002649.3	NM_002649.3.fasta	5096	5125	+	30	CCAAAGGTTCCTAAGCCTGGCTGCAAAGAA	UUCUUUGCAGCCAGGCUUAGGAACCUUUGG	0
NM_002649.3:5097-5126	NM_002649.3	NM_002649.3.fasta	5097	5126	+	30	CAAAGGTTCCTAAGCCTGGCTGCAAAGAAG	CUUCUUUGCAGCCAGGCUUAGGAACCUUUG	0
NM_002649.3:5098-5127	NM_002649.3	NM_002649.3.fasta	5098	5127	+	30	AAAGGTTCCTAAGCCTGGCTGCAAAGAAGA	UCUUCUUUGCAGCCAGGCUUAGGAACCUUU	0
NM_002649.3:5099-5128	NM_002649.3	NM_002649.3.fasta	5099	5128	+	30	AAGGTTCCTAAGCCTGGCTGCAAAGAAGAA	UUCUUCUUUGCAGCCAGGCUUAGGAACCUU	0
NM_002649.3:5100-5129	NM_002649.3	NM_002649.3.fasta	5100	5129	+	30	AGGTTCCTAAGCCTGGCTGCAAAGAAGAAT	AUUCUUCUUUGCAGCCAGGCUUAGGAACCU	0
NM_002649.3:5101-5130	NM_002649.3	NM_002649.3.fasta	5101	5130	+	30	GGTTCCTAAGCCTGGCTGCAAAGAAGAATC	GAUUCUUCUUUGCAGCCAGGCUUAGGAACC	0
NM_002649.3:5102-5131	NM_002649.3	NM_002649.3.fasta	5102	5131	+	30	GTTCCTAAGCCTGGCTGCAAAGAAGAATCA	UGAUUCUUCUUUGCAGCCAGGCUUAGGAAC	0
NM_002649.3:5103-5132	NM_002649.3	NM_002649.3.fasta	5103	5132	+	30	TTCCTAAGCCTGGCTGCAAAGAAGAATCAA	UUGAUUCUUCUUUGCAGCCAGGCUUAGGAA	0
NM_002649.3:5104-5133	NM_002649.3	NM_002649.3.fasta	5104	5133	+	30	TCCTAAGCCTGGCTGCAAAGAAGAATCAAC	GUUGAUUCUUCUUUGCAGCCAGGCUUAGGA	0
NM_002649.3:5105-5134	NM_002649.3	NM_002649.3.fasta	5105	5134	+	30	CCTAAGCCTGGCTGCAAAGAAGAATCAACA	UGUUGAUUCUUCUUUGCAGCCAGGCUUAGG	0
NM_002649.3:5106-5135	NM_002649.3	NM_002649.3.fasta	5106	5135	+	30	CTAAGCCTGGCTGCAAAGAAGAATCAACAG	CUGUUGAUUCUUCUUUGCAGCCAGGCUUAG	0
NM_002649.3:5107-5136	NM_002649.3	NM_002649.3.fasta	5107	5136	+	30	TAAGCCTGGCTGCAAAGAAGAATCAACAGG	CCUGUUGAUUCUUCUUUGCAGCCAGGCUUA	0
NM_002649.3:5108-5137	NM_002649.3	NM_002649.3.fasta	5108	5137	+	30	AAGCCTGGCTGCAAAGAAGAATCAACAGGG	CCCUGUUGAUUCUUCUUUGCAGCCAGGCUU	0
NM_002649.3:5109-5138	NM_002649.3	NM_002649.3.fasta	5109	5138	+	30	AGCCTGGCTGCAAAGAAGAATCAACAGGGA	UCCCUGUUGAUUCUUCUUUGCAGCCAGGCU	0
NM_002649.3:5110-5139	NM_002649.3	NM_002649.3.fasta	5110	5139	+	30	GCCTGGCTGCAAAGAAGAATCAACAGGGAC	GUCCCUGUUGAUUCUUCUUUGCAGCCAGGC	0
NM_002649.3:5111-5140	NM_002649.3	NM_002649.3.fasta	5111	5140	+	30	CCTGGCTGCAAAGAAGAATCAACAGGGACA	UGUCCCUGUUGAUUCUUCUUUGCAGCCAGG	0
NM_002649.3:5112-5141	NM_002649.3	NM_002649.3.fasta	5112	5141	+	30	CTGGCTGCAAAGAAGAATCAACAGGGACAC	GUGUCCCUGUUGAUUCUUCUUUGCAGCCAG	0
NM_002649.3:5113-5142	NM_002649.3	NM_002649.3.fasta	5113	5142	+	30	TGGCTGCAAAGAAGAATCAACAGGGACACT	AGUGUCCCUGUUGAUUCUUCUUUGCAGCCA	0
NM_002649.3:5114-5143	NM_002649.3	NM_002649.3.fasta	5114	5143	+	30	GGCTGCAAAGAAGAATCAACAGGGACACTT	AAGUGUCCCUGUUGAUUCUUCUUUGCAGCC	0
NM_002649.3:5115-5144	NM_002649.3	NM_002649.3.fasta	5115	5144	+	30	GCTGCAAAGAAGAATCAACAGGGACACTTT	AAAGUGUCCCUGUUGAUUCUUCUUUGCAGC	0
NM_002649.3:5116-5145	NM_002649.3	NM_002649.3.fasta	5116	5145	+	30	CTGCAAAGAAGAATCAACAGGGACACTTTT	AAAAGUGUCCCUGUUGAUUCUUCUUUGCAG	0
NM_002649.3:5117-5146	NM_002649.3	NM_002649.3.fasta	5117	5146	+	30	TGCAAAGAAGAATCAACAGGGACACTTTTT	AAAAAGUGUCCCUGUUGAUUCUUCUUUGCA	0
NM_002649.3:5118-5147	NM_002649.3	NM_002649.3.fasta	5118	5147	+	30	GCAAAGAAGAATCAACAGGGACACTTTTTA	UAAAAAGUGUCCCUGUUGAUUCUUCUUUGC	0
NM_002649.3:5119-5148	NM_002649.3	NM_002649.3.fasta	5119	5148	+	30	CAAAGAAGAATCAACAGGGACACTTTTTAA	UUAAAAAGUGUCCCUGUUGAUUCUUCUUUG	0
NM_002649.3:5120-5149	NM_002649.3	NM_002649.3.fasta	5120	5149	+	30	AAAGAAGAATCAACAGGGACACTTTTTAAA	UUUAAAAAGUGUCCCUGUUGAUUCUUCUUU	0
NM_002649.3:5121-5150	NM_002649.3	NM_002649.3.fasta	5121	5150	+	30	AAGAAGAATCAACAGGGACACTTTTTAAAA	UUUUAAAAAGUGUCCCUGUUGAUUCUUCUU	0
NM_002649.3:5122-5151	NM_002649.3	NM_002649.3.fasta	5122	5151	+	30	AGAAGAATCAACAGGGACACTTTTTAAAAA	UUUUUAAAAAGUGUCCCUGUUGAUUCUUCU	0
NM_002649.3:5123-5152	NM_002649.3	NM_002649.3.fasta	5123	5152	+	30	GAAGAATCAACAGGGACACTTTTTAAAAAC	GUUUUUAAAAAGUGUCCCUGUUGAUUCUUC	0
NM_002649.3:5124-5153	NM_002649.3	NM_002649.3.fasta	5124	5153	+	30	AAGAATCAACAGGGACACTTTTTAAAAACA	UGUUUUUAAAAAGUGUCCCUGUUGAUUCUU	0
NM_002649.3:5125-5154	NM_002649.3	NM_002649.3.fasta	5125	5154	+	30	AGAATCAACAGGGACACTTTTTAAAAACAC	GUGUUUUUAAAAAGUGUCCCUGUUGAUUCU	0
NM_002649.3:5126-5155	NM_002649.3	NM_002649.3.fasta	5126	5155	+	30	GAATCAACAGGGACACTTTTTAAAAACACT	AGUGUUUUUAAAAAGUGUCCCUGUUGAUUC	0
NM_002649.3:5127-5156	NM_002649.3	NM_002649.3.fasta	5127	5156	+	30	AATCAACAGGGACACTTTTTAAAAACACTC	GAGUGUUUUUAAAAAGUGUCCCUGUUGAUU	0
NM_002649.3:5128-5157	NM_002649.3	NM_002649.3.fasta	5128	5157	+	30	ATCAACAGGGACACTTTTTAAAAACACTCT	AGAGUGUUUUUAAAAAGUGUCCCUGUUGAU	0
NM_002649.3:5129-5158	NM_002649.3	NM_002649.3.fasta	5129	5158	+	30	TCAACAGGGACACTTTTTAAAAACACTCTT	AAGAGUGUUUUUAAAAAGUGUCCCUGUUGA	0
NM_002649.3:5130-5159	NM_002649.3	NM_002649.3.fasta	5130	5159	+	30	CAACAGGGACACTTTTTAAAAACACTCTTA	UAAGAGUGUUUUUAAAAAGUGUCCCUGUUG	0
NM_002649.3:5131-5160	NM_002649.3	NM_002649.3.fasta	5131	5160	+	30	AACAGGGACACTTTTTAAAAACACTCTTAT	AUAAGAGUGUUUUUAAAAAGUGUCCCUGUU	0
NM_002649.3:5132-5161	NM_002649.3	NM_002649.3.fasta	5132	5161	+	30	ACAGGGACACTTTTTAAAAACACTCTTATC	GAUAAGAGUGUUUUUAAAAAGUGUCCCUGU	0
NM_002649.3:5133-5162	NM_002649.3	NM_002649.3.fasta	5133	5162	+	30	CAGGGACACTTTTTAAAAACACTCTTATCA	UGAUAAGAGUGUUUUUAAAAAGUGUCCCUG	0
NM_002649.3:5134-5163	NM_002649.3	NM_002649.3.fasta	5134	5163	+	30	AGGGACACTTTTTAAAAACACTCTTATCAG	CUGAUAAGAGUGUUUUUAAAAAGUGUCCCU	0
NM_002649.3:5135-5164	NM_002649.3	NM_002649.3.fasta	5135	5164	+	30	GGGACACTTTTTAAAAACACTCTTATCAGC	GCUGAUAAGAGUGUUUUUAAAAAGUGUCCC	0
NM_002649.3:5136-5165	NM_002649.3	NM_002649.3.fasta	5136	5165	+	30	GGACACTTTTTAAAAACACTCTTATCAGCC	GGCUGAUAAGAGUGUUUUUAAAAAGUGUCC	0
NM_002649.3:5137-5166	NM_002649.3	NM_002649.3.fasta	5137	5166	+	30	GACACTTTTTAAAAACACTCTTATCAGCCT	AGGCUGAUAAGAGUGUUUUUAAAAAGUGUC	0
NM_002649.3:5138-5167	NM_002649.3	NM_002649.3.fasta	5138	5167	+	30	ACACTTTTTAAAAACACTCTTATCAGCCTG	CAGGCUGAUAAGAGUGUUUUUAAAAAGUGU	0
NM_002649.3:5139-5168	NM_002649.3	NM_002649.3.fasta	5139	5168	+	30	CACTTTTTAAAAACACTCTTATCAGCCTGG	CCAGGCUGAUAAGAGUGUUUUUAAAAAGUG	0
NM_002649.3:5140-5169	NM_002649.3	NM_002649.3.fasta	5140	5169	+	30	ACTTTTTAAAAACACTCTTATCAGCCTGGG	CCCAGGCUGAUAAGAGUGUUUUUAAAAAGU	0
NM_002649.3:5141-5170	NM_002649.3	NM_002649.3.fasta	5141	5170	+	30	CTTTTTAAAAACACTCTTATCAGCCTGGGC	GCCCAGGCUGAUAAGAGUGUUUUUAAAAAG	0
NM_002649.3:5142-5171	NM_002649.3	NM_002649.3.fasta	5142	5171	+	30	TTTTTAAAAACACTCTTATCAGCCTGGGCA	UGCCCAGGCUGAUAAGAGUGUUUUUAAAAA	0
NM_002649.3:5143-5172	NM_002649.3	NM_002649.3.fasta	5143	5172	+	30	TTTTAAAAACACTCTTATCAGCCTGGGCAA	UUGCCCAGGCUGAUAAGAGUGUUUUUAAAA	0
NM_002649.3:5144-5173	NM_002649.3	NM_002649.3.fasta	5144	5173	+	30	TTTAAAAACACTCTTATCAGCCTGGGCAAC	GUUGCCCAGGCUGAUAAGAGUGUUUUUAAA	0
NM_002649.3:5145-5174	NM_002649.3	NM_002649.3.fasta	5145	5174	+	30	TTAAAAACACTCTTATCAGCCTGGGCAACA	UGUUGCCCAGGCUGAUAAGAGUGUUUUUAA	0
NM_002649.3:5146-5175	NM_002649.3	NM_002649.3.fasta	5146	5175	+	30	TAAAAACACTCTTATCAGCCTGGGCAACAC	GUGUUGCCCAGGCUGAUAAGAGUGUUUUUA	0
NM_002649.3:5147-5176	NM_002649.3	NM_002649.3.fasta	5147	5176	+	30	AAAAACACTCTTATCAGCCTGGGCAACACA	UGUGUUGCCCAGGCUGAUAAGAGUGUUUUU	0
NM_002649.3:5148-5177	NM_002649.3	NM_002649.3.fasta	5148	5177	+	30	AAAACACTCTTATCAGCCTGGGCAACACAG	CUGUGUUGCCCAGGCUGAUAAGAGUGUUUU	0
NM_002649.3:5149-5178	NM_002649.3	NM_002649.3.fasta	5149	5178	+	30	AAACACTCTTATCAGCCTGGGCAACACAGT	ACUGUGUUGCCCAGGCUGAUAAGAGUGUUU	0
NM_002649.3:5150-5179	NM_002649.3	NM_002649.3.fasta	5150	5179	+	30	AACACTCTTATCAGCCTGGGCAACACAGTG	CACUGUGUUGCCCAGGCUGAUAAGAGUGUU	0
NM_002649.3:5151-5180	NM_002649.3	NM_002649.3.fasta	5151	5180	+	30	ACACTCTTATCAGCCTGGGCAACACAGTGA	UCACUGUGUUGCCCAGGCUGAUAAGAGUGU	0
NM_002649.3:5152-5181	NM_002649.3	NM_002649.3.fasta	5152	5181	+	30	CACTCTTATCAGCCTGGGCAACACAGTGAG	CUCACUGUGUUGCCCAGGCUGAUAAGAGUG	0
NM_002649.3:5153-5182	NM_002649.3	NM_002649.3.fasta	5153	5182	+	30	ACTCTTATCAGCCTGGGCAACACAGTGAGA	UCUCACUGUGUUGCCCAGGCUGAUAAGAGU	0
NM_002649.3:5154-5183	NM_002649.3	NM_002649.3.fasta	5154	5183	+	30	CTCTTATCAGCCTGGGCAACACAGTGAGAC	GUCUCACUGUGUUGCCCAGGCUGAUAAGAG	0
NM_002649.3:5155-5184	NM_002649.3	NM_002649.3.fasta	5155	5184	+	30	TCTTATCAGCCTGGGCAACACAGTGAGACT	AGUCUCACUGUGUUGCCCAGGCUGAUAAGA	0
NM_002649.3:5156-5185	NM_002649.3	NM_002649.3.fasta	5156	5185	+	30	CTTATCAGCCTGGGCAACACAGTGAGACTC	GAGUCUCACUGUGUUGCCCAGGCUGAUAAG	0
NM_002649.3:5157-5186	NM_002649.3	NM_002649.3.fasta	5157	5186	+	30	TTATCAGCCTGGGCAACACAGTGAGACTCC	GGAGUCUCACUGUGUUGCCCAGGCUGAUAA	0
NM_002649.3:5158-5187	NM_002649.3	NM_002649.3.fasta	5158	5187	+	30	TATCAGCCTGGGCAACACAGTGAGACTCCA	UGGAGUCUCACUGUGUUGCCCAGGCUGAUA	0
NM_002649.3:5159-5188	NM_002649.3	NM_002649.3.fasta	5159	5188	+	30	ATCAGCCTGGGCAACACAGTGAGACTCCAT	AUGGAGUCUCACUGUGUUGCCCAGGCUGAU	0
NM_002649.3:5160-5189	NM_002649.3	NM_002649.3.fasta	5160	5189	+	30	TCAGCCTGGGCAACACAGTGAGACTCCATC	GAUGGAGUCUCACUGUGUUGCCCAGGCUGA	0
NM_002649.3:5161-5190	NM_002649.3	NM_002649.3.fasta	5161	5190	+	30	CAGCCTGGGCAACACAGTGAGACTCCATCT	AGAUGGAGUCUCACUGUGUUGCCCAGGCUG	0
NM_002649.3:5162-5191	NM_002649.3	NM_002649.3.fasta	5162	5191	+	30	AGCCTGGGCAACACAGTGAGACTCCATCTC	GAGAUGGAGUCUCACUGUGUUGCCCAGGCU	0
NM_002649.3:5163-5192	NM_002649.3	NM_002649.3.fasta	5163	5192	+	30	GCCTGGGCAACACAGTGAGACTCCATCTCT	AGAGAUGGAGUCUCACUGUGUUGCCCAGGC	0
NM_002649.3:5164-5193	NM_002649.3	NM_002649.3.fasta	5164	5193	+	30	CCTGGGCAACACAGTGAGACTCCATCTCTT	AAGAGAUGGAGUCUCACUGUGUUGCCCAGG	0
NM_002649.3:5165-5194	NM_002649.3	NM_002649.3.fasta	5165	5194	+	30	CTGGGCAACACAGTGAGACTCCATCTCTTA	UAAGAGAUGGAGUCUCACUGUGUUGCCCAG	0
NM_002649.3:5166-5195	NM_002649.3	NM_002649.3.fasta	5166	5195	+	30	TGGGCAACACAGTGAGACTCCATCTCTTAA	UUAAGAGAUGGAGUCUCACUGUGUUGCCCA	0
NM_002649.3:5167-5196	NM_002649.3	NM_002649.3.fasta	5167	5196	+	30	GGGCAACACAGTGAGACTCCATCTCTTAAA	UUUAAGAGAUGGAGUCUCACUGUGUUGCCC	0
NM_002649.3:5168-5197	NM_002649.3	NM_002649.3.fasta	5168	5197	+	30	GGCAACACAGTGAGACTCCATCTCTTAAAA	UUUUAAGAGAUGGAGUCUCACUGUGUUGCC	0
NM_002649.3:5169-5198	NM_002649.3	NM_002649.3.fasta	5169	5198	+	30	GCAACACAGTGAGACTCCATCTCTTAAAAA	UUUUUAAGAGAUGGAGUCUCACUGUGUUGC	0
NM_002649.3:5170-5199	NM_002649.3	NM_002649.3.fasta	5170	5199	+	30	CAACACAGTGAGACTCCATCTCTTAAAAAA	UUUUUUAAGAGAUGGAGUCUCACUGUGUUG	0
NM_002649.3:5171-5200	NM_002649.3	NM_002649.3.fasta	5171	5200	+	30	AACACAGTGAGACTCCATCTCTTAAAAAAA	UUUUUUUAAGAGAUGGAGUCUCACUGUGUU	0
NM_002649.3:5172-5201	NM_002649.3	NM_002649.3.fasta	5172	5201	+	30	ACACAGTGAGACTCCATCTCTTAAAAAAAA	UUUUUUUUAAGAGAUGGAGUCUCACUGUGU	0
NM_002649.3:5173-5202	NM_002649.3	NM_002649.3.fasta	5173	5202	+	30	CACAGTGAGACTCCATCTCTTAAAAAAAAA	UUUUUUUUUAAGAGAUGGAGUCUCACUGUG	0
NM_002649.3:5174-5203	NM_002649.3	NM_002649.3.fasta	5174	5203	+	30	ACAGTGAGACTCCATCTCTTAAAAAAAAAA	UUUUUUUUUUAAGAGAUGGAGUCUCACUGU	0
NM_002649.3:5175-5204	NM_002649.3	NM_002649.3.fasta	5175	5204	+	30	CAGTGAGACTCCATCTCTTAAAAAAAAAAT	AUUUUUUUUUUAAGAGAUGGAGUCUCACUG	0
NM_002649.3:5176-5205	NM_002649.3	NM_002649.3.fasta	5176	5205	+	30	AGTGAGACTCCATCTCTTAAAAAAAAAATT	AAUUUUUUUUUUAAGAGAUGGAGUCUCACU	0
NM_002649.3:5177-5206	NM_002649.3	NM_002649.3.fasta	5177	5206	+	30	GTGAGACTCCATCTCTTAAAAAAAAAATTA	UAAUUUUUUUUUUAAGAGAUGGAGUCUCAC	0
NM_002649.3:5178-5207	NM_002649.3	NM_002649.3.fasta	5178	5207	+	30	TGAGACTCCATCTCTTAAAAAAAAAATTAG	CUAAUUUUUUUUUUAAGAGAUGGAGUCUCA	0
NM_002649.3:5179-5208	NM_002649.3	NM_002649.3.fasta	5179	5208	+	30	GAGACTCCATCTCTTAAAAAAAAAATTAGC	GCUAAUUUUUUUUUUAAGAGAUGGAGUCUC	0
NM_002649.3:5180-5209	NM_002649.3	NM_002649.3.fasta	5180	5209	+	30	AGACTCCATCTCTTAAAAAAAAAATTAGCT	AGCUAAUUUUUUUUUUAAGAGAUGGAGUCU	0
NM_002649.3:5181-5210	NM_002649.3	NM_002649.3.fasta	5181	5210	+	30	GACTCCATCTCTTAAAAAAAAAATTAGCTG	CAGCUAAUUUUUUUUUUAAGAGAUGGAGUC	0
NM_002649.3:5182-5211	NM_002649.3	NM_002649.3.fasta	5182	5211	+	30	ACTCCATCTCTTAAAAAAAAAATTAGCTGG	CCAGCUAAUUUUUUUUUUAAGAGAUGGAGU	0
NM_002649.3:5183-5212	NM_002649.3	NM_002649.3.fasta	5183	5212	+	30	CTCCATCTCTTAAAAAAAAAATTAGCTGGG	CCCAGCUAAUUUUUUUUUUAAGAGAUGGAG	0
NM_002649.3:5184-5213	NM_002649.3	NM_002649.3.fasta	5184	5213	+	30	TCCATCTCTTAAAAAAAAAATTAGCTGGGT	ACCCAGCUAAUUUUUUUUUUAAGAGAUGGA	0
NM_002649.3:5185-5214	NM_002649.3	NM_002649.3.fasta	5185	5214	+	30	CCATCTCTTAAAAAAAAAATTAGCTGGGTA	UACCCAGCUAAUUUUUUUUUUAAGAGAUGG	0
NM_002649.3:5186-5215	NM_002649.3	NM_002649.3.fasta	5186	5215	+	30	CATCTCTTAAAAAAAAAATTAGCTGGGTAT	AUACCCAGCUAAUUUUUUUUUUAAGAGAUG	0
NM_002649.3:5187-5216	NM_002649.3	NM_002649.3.fasta	5187	5216	+	30	ATCTCTTAAAAAAAAAATTAGCTGGGTATA	UAUACCCAGCUAAUUUUUUUUUUAAGAGAU	0
NM_002649.3:5188-5217	NM_002649.3	NM_002649.3.fasta	5188	5217	+	30	TCTCTTAAAAAAAAAATTAGCTGGGTATAG	CUAUACCCAGCUAAUUUUUUUUUUAAGAGA	0
NM_002649.3:5189-5218	NM_002649.3	NM_002649.3.fasta	5189	5218	+	30	CTCTTAAAAAAAAAATTAGCTGGGTATAGT	ACUAUACCCAGCUAAUUUUUUUUUUAAGAG	0
NM_002649.3:5190-5219	NM_002649.3	NM_002649.3.fasta	5190	5219	+	30	TCTTAAAAAAAAAATTAGCTGGGTATAGTG	CACUAUACCCAGCUAAUUUUUUUUUUAAGA	0
NM_002649.3:5191-5220	NM_002649.3	NM_002649.3.fasta	5191	5220	+	30	CTTAAAAAAAAAATTAGCTGGGTATAGTGG	CCACUAUACCCAGCUAAUUUUUUUUUUAAG	0
NM_002649.3:5192-5221	NM_002649.3	NM_002649.3.fasta	5192	5221	+	30	TTAAAAAAAAAATTAGCTGGGTATAGTGGT	ACCACUAUACCCAGCUAAUUUUUUUUUUAA	0
NM_002649.3:5193-5222	NM_002649.3	NM_002649.3.fasta	5193	5222	+	30	TAAAAAAAAAATTAGCTGGGTATAGTGGTA	UACCACUAUACCCAGCUAAUUUUUUUUUUA	0
NM_002649.3:5194-5223	NM_002649.3	NM_002649.3.fasta	5194	5223	+	30	AAAAAAAAAATTAGCTGGGTATAGTGGTAT	AUACCACUAUACCCAGCUAAUUUUUUUUUU	0
NM_002649.3:5195-5224	NM_002649.3	NM_002649.3.fasta	5195	5224	+	30	AAAAAAAAATTAGCTGGGTATAGTGGTATG	CAUACCACUAUACCCAGCUAAUUUUUUUUU	0
NM_002649.3:5196-5225	NM_002649.3	NM_002649.3.fasta	5196	5225	+	30	AAAAAAAATTAGCTGGGTATAGTGGTATGT	ACAUACCACUAUACCCAGCUAAUUUUUUUU	0
NM_002649.3:5197-5226	NM_002649.3	NM_002649.3.fasta	5197	5226	+	30	AAAAAAATTAGCTGGGTATAGTGGTATGTG	CACAUACCACUAUACCCAGCUAAUUUUUUU	0
NM_002649.3:5198-5227	NM_002649.3	NM_002649.3.fasta	5198	5227	+	30	AAAAAATTAGCTGGGTATAGTGGTATGTGC	GCACAUACCACUAUACCCAGCUAAUUUUUU	0
NM_002649.3:5199-5228	NM_002649.3	NM_002649.3.fasta	5199	5228	+	30	AAAAATTAGCTGGGTATAGTGGTATGTGCC	GGCACAUACCACUAUACCCAGCUAAUUUUU	0
NM_002649.3:5200-5229	NM_002649.3	NM_002649.3.fasta	5200	5229	+	30	AAAATTAGCTGGGTATAGTGGTATGTGCCT	AGGCACAUACCACUAUACCCAGCUAAUUUU	0
NM_002649.3:5201-5230	NM_002649.3	NM_002649.3.fasta	5201	5230	+	30	AAATTAGCTGGGTATAGTGGTATGTGCCTG	CAGGCACAUACCACUAUACCCAGCUAAUUU	0
NM_002649.3:5202-5231	NM_002649.3	NM_002649.3.fasta	5202	5231	+	30	AATTAGCTGGGTATAGTGGTATGTGCCTGT	ACAGGCACAUACCACUAUACCCAGCUAAUU	0
NM_002649.3:5203-5232	NM_002649.3	NM_002649.3.fasta	5203	5232	+	30	ATTAGCTGGGTATAGTGGTATGTGCCTGTA	UACAGGCACAUACCACUAUACCCAGCUAAU	0
NM_002649.3:5204-5233	NM_002649.3	NM_002649.3.fasta	5204	5233	+	30	TTAGCTGGGTATAGTGGTATGTGCCTGTAG	CUACAGGCACAUACCACUAUACCCAGCUAA	0
NM_002649.3:5205-5234	NM_002649.3	NM_002649.3.fasta	5205	5234	+	30	TAGCTGGGTATAGTGGTATGTGCCTGTAGT	ACUACAGGCACAUACCACUAUACCCAGCUA	0
NM_002649.3:5206-5235	NM_002649.3	NM_002649.3.fasta	5206	5235	+	30	AGCTGGGTATAGTGGTATGTGCCTGTAGTC	GACUACAGGCACAUACCACUAUACCCAGCU	0
NM_002649.3:5207-5236	NM_002649.3	NM_002649.3.fasta	5207	5236	+	30	GCTGGGTATAGTGGTATGTGCCTGTAGTCC	GGACUACAGGCACAUACCACUAUACCCAGC	0
NM_002649.3:5208-5237	NM_002649.3	NM_002649.3.fasta	5208	5237	+	30	CTGGGTATAGTGGTATGTGCCTGTAGTCCC	GGGACUACAGGCACAUACCACUAUACCCAG	0
NM_002649.3:5209-5238	NM_002649.3	NM_002649.3.fasta	5209	5238	+	30	TGGGTATAGTGGTATGTGCCTGTAGTCCCA	UGGGACUACAGGCACAUACCACUAUACCCA	0
NM_002649.3:5210-5239	NM_002649.3	NM_002649.3.fasta	5210	5239	+	30	GGGTATAGTGGTATGTGCCTGTAGTCCCAG	CUGGGACUACAGGCACAUACCACUAUACCC	0
NM_002649.3:5211-5240	NM_002649.3	NM_002649.3.fasta	5211	5240	+	30	GGTATAGTGGTATGTGCCTGTAGTCCCAGG	CCUGGGACUACAGGCACAUACCACUAUACC	0
NM_002649.3:5212-5241	NM_002649.3	NM_002649.3.fasta	5212	5241	+	30	GTATAGTGGTATGTGCCTGTAGTCCCAGGT	ACCUGGGACUACAGGCACAUACCACUAUAC	0
NM_002649.3:5213-5242	NM_002649.3	NM_002649.3.fasta	5213	5242	+	30	TATAGTGGTATGTGCCTGTAGTCCCAGGTA	UACCUGGGACUACAGGCACAUACCACUAUA	0
NM_002649.3:5214-5243	NM_002649.3	NM_002649.3.fasta	5214	5243	+	30	ATAGTGGTATGTGCCTGTAGTCCCAGGTAC	GUACCUGGGACUACAGGCACAUACCACUAU	0
NM_002649.3:5215-5244	NM_002649.3	NM_002649.3.fasta	5215	5244	+	30	TAGTGGTATGTGCCTGTAGTCCCAGGTACT	AGUACCUGGGACUACAGGCACAUACCACUA	0
NM_002649.3:5216-5245	NM_002649.3	NM_002649.3.fasta	5216	5245	+	30	AGTGGTATGTGCCTGTAGTCCCAGGTACTC	GAGUACCUGGGACUACAGGCACAUACCACU	0
NM_002649.3:5217-5246	NM_002649.3	NM_002649.3.fasta	5217	5246	+	30	GTGGTATGTGCCTGTAGTCCCAGGTACTCA	UGAGUACCUGGGACUACAGGCACAUACCAC	0
NM_002649.3:5218-5247	NM_002649.3	NM_002649.3.fasta	5218	5247	+	30	TGGTATGTGCCTGTAGTCCCAGGTACTCAG	CUGAGUACCUGGGACUACAGGCACAUACCA	0
NM_002649.3:5219-5248	NM_002649.3	NM_002649.3.fasta	5219	5248	+	30	GGTATGTGCCTGTAGTCCCAGGTACTCAGG	CCUGAGUACCUGGGACUACAGGCACAUACC	0
NM_002649.3:5220-5249	NM_002649.3	NM_002649.3.fasta	5220	5249	+	30	GTATGTGCCTGTAGTCCCAGGTACTCAGGA	UCCUGAGUACCUGGGACUACAGGCACAUAC	0
NM_002649.3:5221-5250	NM_002649.3	NM_002649.3.fasta	5221	5250	+	30	TATGTGCCTGTAGTCCCAGGTACTCAGGAG	CUCCUGAGUACCUGGGACUACAGGCACAUA	0
NM_002649.3:5222-5251	NM_002649.3	NM_002649.3.fasta	5222	5251	+	30	ATGTGCCTGTAGTCCCAGGTACTCAGGAGG	CCUCCUGAGUACCUGGGACUACAGGCACAU	0
NM_002649.3:5223-5252	NM_002649.3	NM_002649.3.fasta	5223	5252	+	30	TGTGCCTGTAGTCCCAGGTACTCAGGAGGC	GCCUCCUGAGUACCUGGGACUACAGGCACA	0
NM_002649.3:5224-5253	NM_002649.3	NM_002649.3.fasta	5224	5253	+	30	GTGCCTGTAGTCCCAGGTACTCAGGAGGCT	AGCCUCCUGAGUACCUGGGACUACAGGCAC	0
NM_002649.3:5225-5254	NM_002649.3	NM_002649.3.fasta	5225	5254	+	30	TGCCTGTAGTCCCAGGTACTCAGGAGGCTG	CAGCCUCCUGAGUACCUGGGACUACAGGCA	0
NM_002649.3:5226-5255	NM_002649.3	NM_002649.3.fasta	5226	5255	+	30	GCCTGTAGTCCCAGGTACTCAGGAGGCTGA	UCAGCCUCCUGAGUACCUGGGACUACAGGC	0
NM_002649.3:5227-5256	NM_002649.3	NM_002649.3.fasta	5227	5256	+	30	CCTGTAGTCCCAGGTACTCAGGAGGCTGAG	CUCAGCCUCCUGAGUACCUGGGACUACAGG	0
NM_002649.3:5228-5257	NM_002649.3	NM_002649.3.fasta	5228	5257	+	30	CTGTAGTCCCAGGTACTCAGGAGGCTGAGG	CCUCAGCCUCCUGAGUACCUGGGACUACAG	0
NM_002649.3:5229-5258	NM_002649.3	NM_002649.3.fasta	5229	5258	+	30	TGTAGTCCCAGGTACTCAGGAGGCTGAGGC	GCCUCAGCCUCCUGAGUACCUGGGACUACA	0
NM_002649.3:5230-5259	NM_002649.3	NM_002649.3.fasta	5230	5259	+	30	GTAGTCCCAGGTACTCAGGAGGCTGAGGCA	UGCCUCAGCCUCCUGAGUACCUGGGACUAC	0
NM_002649.3:5231-5260	NM_002649.3	NM_002649.3.fasta	5231	5260	+	30	TAGTCCCAGGTACTCAGGAGGCTGAGGCAG	CUGCCUCAGCCUCCUGAGUACCUGGGACUA	0
NM_002649.3:5232-5261	NM_002649.3	NM_002649.3.fasta	5232	5261	+	30	AGTCCCAGGTACTCAGGAGGCTGAGGCAGG	CCUGCCUCAGCCUCCUGAGUACCUGGGACU	0
NM_002649.3:5233-5262	NM_002649.3	NM_002649.3.fasta	5233	5262	+	30	GTCCCAGGTACTCAGGAGGCTGAGGCAGGA	UCCUGCCUCAGCCUCCUGAGUACCUGGGAC	0
NM_002649.3:5234-5263	NM_002649.3	NM_002649.3.fasta	5234	5263	+	30	TCCCAGGTACTCAGGAGGCTGAGGCAGGAG	CUCCUGCCUCAGCCUCCUGAGUACCUGGGA	0
NM_002649.3:5235-5264	NM_002649.3	NM_002649.3.fasta	5235	5264	+	30	CCCAGGTACTCAGGAGGCTGAGGCAGGAGG	CCUCCUGCCUCAGCCUCCUGAGUACCUGGG	0
NM_002649.3:5236-5265	NM_002649.3	NM_002649.3.fasta	5236	5265	+	30	CCAGGTACTCAGGAGGCTGAGGCAGGAGGA	UCCUCCUGCCUCAGCCUCCUGAGUACCUGG	0
NM_002649.3:5237-5266	NM_002649.3	NM_002649.3.fasta	5237	5266	+	30	CAGGTACTCAGGAGGCTGAGGCAGGAGGAT	AUCCUCCUGCCUCAGCCUCCUGAGUACCUG	0
NM_002649.3:5238-5267	NM_002649.3	NM_002649.3.fasta	5238	5267	+	30	AGGTACTCAGGAGGCTGAGGCAGGAGGATT	AAUCCUCCUGCCUCAGCCUCCUGAGUACCU	0
NM_002649.3:5239-5268	NM_002649.3	NM_002649.3.fasta	5239	5268	+	30	GGTACTCAGGAGGCTGAGGCAGGAGGATTG	CAAUCCUCCUGCCUCAGCCUCCUGAGUACC	0
NM_002649.3:5240-5269	NM_002649.3	NM_002649.3.fasta	5240	5269	+	30	GTACTCAGGAGGCTGAGGCAGGAGGATTGC	GCAAUCCUCCUGCCUCAGCCUCCUGAGUAC	0
NM_002649.3:5241-5270	NM_002649.3	NM_002649.3.fasta	5241	5270	+	30	TACTCAGGAGGCTGAGGCAGGAGGATTGCC	GGCAAUCCUCCUGCCUCAGCCUCCUGAGUA	0
NM_002649.3:5242-5271	NM_002649.3	NM_002649.3.fasta	5242	5271	+	30	ACTCAGGAGGCTGAGGCAGGAGGATTGCCT	AGGCAAUCCUCCUGCCUCAGCCUCCUGAGU	0
NM_002649.3:5243-5272	NM_002649.3	NM_002649.3.fasta	5243	5272	+	30	CTCAGGAGGCTGAGGCAGGAGGATTGCCTG	CAGGCAAUCCUCCUGCCUCAGCCUCCUGAG	0
NM_002649.3:5244-5273	NM_002649.3	NM_002649.3.fasta	5244	5273	+	30	TCAGGAGGCTGAGGCAGGAGGATTGCCTGA	UCAGGCAAUCCUCCUGCCUCAGCCUCCUGA	0
NM_002649.3:5245-5274	NM_002649.3	NM_002649.3.fasta	5245	5274	+	30	CAGGAGGCTGAGGCAGGAGGATTGCCTGAG	CUCAGGCAAUCCUCCUGCCUCAGCCUCCUG	0
NM_002649.3:5246-5275	NM_002649.3	NM_002649.3.fasta	5246	5275	+	30	AGGAGGCTGAGGCAGGAGGATTGCCTGAGC	GCUCAGGCAAUCCUCCUGCCUCAGCCUCCU	0
NM_002649.3:5247-5276	NM_002649.3	NM_002649.3.fasta	5247	5276	+	30	GGAGGCTGAGGCAGGAGGATTGCCTGAGCC	GGCUCAGGCAAUCCUCCUGCCUCAGCCUCC	0
NM_002649.3:5248-5277	NM_002649.3	NM_002649.3.fasta	5248	5277	+	30	GAGGCTGAGGCAGGAGGATTGCCTGAGCCC	GGGCUCAGGCAAUCCUCCUGCCUCAGCCUC	0
NM_002649.3:5249-5278	NM_002649.3	NM_002649.3.fasta	5249	5278	+	30	AGGCTGAGGCAGGAGGATTGCCTGAGCCCA	UGGGCUCAGGCAAUCCUCCUGCCUCAGCCU	0
NM_002649.3:5250-5279	NM_002649.3	NM_002649.3.fasta	5250	5279	+	30	GGCTGAGGCAGGAGGATTGCCTGAGCCCAG	CUGGGCUCAGGCAAUCCUCCUGCCUCAGCC	0
NM_002649.3:5251-5280	NM_002649.3	NM_002649.3.fasta	5251	5280	+	30	GCTGAGGCAGGAGGATTGCCTGAGCCCAGG	CCUGGGCUCAGGCAAUCCUCCUGCCUCAGC	0
NM_002649.3:5252-5281	NM_002649.3	NM_002649.3.fasta	5252	5281	+	30	CTGAGGCAGGAGGATTGCCTGAGCCCAGGA	UCCUGGGCUCAGGCAAUCCUCCUGCCUCAG	0
NM_002649.3:5253-5282	NM_002649.3	NM_002649.3.fasta	5253	5282	+	30	TGAGGCAGGAGGATTGCCTGAGCCCAGGAG	CUCCUGGGCUCAGGCAAUCCUCCUGCCUCA	0
NM_002649.3:5254-5283	NM_002649.3	NM_002649.3.fasta	5254	5283	+	30	GAGGCAGGAGGATTGCCTGAGCCCAGGAGG	CCUCCUGGGCUCAGGCAAUCCUCCUGCCUC	0
NM_002649.3:5255-5284	NM_002649.3	NM_002649.3.fasta	5255	5284	+	30	AGGCAGGAGGATTGCCTGAGCCCAGGAGGT	ACCUCCUGGGCUCAGGCAAUCCUCCUGCCU	0
NM_002649.3:5256-5285	NM_002649.3	NM_002649.3.fasta	5256	5285	+	30	GGCAGGAGGATTGCCTGAGCCCAGGAGGTG	CACCUCCUGGGCUCAGGCAAUCCUCCUGCC	0
NM_002649.3:5257-5286	NM_002649.3	NM_002649.3.fasta	5257	5286	+	30	GCAGGAGGATTGCCTGAGCCCAGGAGGTGG	CCACCUCCUGGGCUCAGGCAAUCCUCCUGC	0
NM_002649.3:5258-5287	NM_002649.3	NM_002649.3.fasta	5258	5287	+	30	CAGGAGGATTGCCTGAGCCCAGGAGGTGGA	UCCACCUCCUGGGCUCAGGCAAUCCUCCUG	0
NM_002649.3:5259-5288	NM_002649.3	NM_002649.3.fasta	5259	5288	+	30	AGGAGGATTGCCTGAGCCCAGGAGGTGGAA	UUCCACCUCCUGGGCUCAGGCAAUCCUCCU	0
NM_002649.3:5260-5289	NM_002649.3	NM_002649.3.fasta	5260	5289	+	30	GGAGGATTGCCTGAGCCCAGGAGGTGGAAA	UUUCCACCUCCUGGGCUCAGGCAAUCCUCC	0
NM_002649.3:5261-5290	NM_002649.3	NM_002649.3.fasta	5261	5290	+	30	GAGGATTGCCTGAGCCCAGGAGGTGGAAAC	GUUUCCACCUCCUGGGCUCAGGCAAUCCUC	0
NM_002649.3:5262-5291	NM_002649.3	NM_002649.3.fasta	5262	5291	+	30	AGGATTGCCTGAGCCCAGGAGGTGGAAACT	AGUUUCCACCUCCUGGGCUCAGGCAAUCCU	0
NM_002649.3:5263-5292	NM_002649.3	NM_002649.3.fasta	5263	5292	+	30	GGATTGCCTGAGCCCAGGAGGTGGAAACTG	CAGUUUCCACCUCCUGGGCUCAGGCAAUCC	0
NM_002649.3:5264-5293	NM_002649.3	NM_002649.3.fasta	5264	5293	+	30	GATTGCCTGAGCCCAGGAGGTGGAAACTGC	GCAGUUUCCACCUCCUGGGCUCAGGCAAUC	0
NM_002649.3:5265-5294	NM_002649.3	NM_002649.3.fasta	5265	5294	+	30	ATTGCCTGAGCCCAGGAGGTGGAAACTGCA	UGCAGUUUCCACCUCCUGGGCUCAGGCAAU	0
NM_002649.3:5266-5295	NM_002649.3	NM_002649.3.fasta	5266	5295	+	30	TTGCCTGAGCCCAGGAGGTGGAAACTGCAG	CUGCAGUUUCCACCUCCUGGGCUCAGGCAA	0
NM_002649.3:5267-5296	NM_002649.3	NM_002649.3.fasta	5267	5296	+	30	TGCCTGAGCCCAGGAGGTGGAAACTGCAGA	UCUGCAGUUUCCACCUCCUGGGCUCAGGCA	0
NM_002649.3:5268-5297	NM_002649.3	NM_002649.3.fasta	5268	5297	+	30	GCCTGAGCCCAGGAGGTGGAAACTGCAGAG	CUCUGCAGUUUCCACCUCCUGGGCUCAGGC	0
NM_002649.3:5269-5298	NM_002649.3	NM_002649.3.fasta	5269	5298	+	30	CCTGAGCCCAGGAGGTGGAAACTGCAGAGA	UCUCUGCAGUUUCCACCUCCUGGGCUCAGG	0
NM_002649.3:5270-5299	NM_002649.3	NM_002649.3.fasta	5270	5299	+	30	CTGAGCCCAGGAGGTGGAAACTGCAGAGAG	CUCUCUGCAGUUUCCACCUCCUGGGCUCAG	0
NM_002649.3:5271-5300	NM_002649.3	NM_002649.3.fasta	5271	5300	+	30	TGAGCCCAGGAGGTGGAAACTGCAGAGAGT	ACUCUCUGCAGUUUCCACCUCCUGGGCUCA	0
NM_002649.3:5272-5301	NM_002649.3	NM_002649.3.fasta	5272	5301	+	30	GAGCCCAGGAGGTGGAAACTGCAGAGAGTC	GACUCUCUGCAGUUUCCACCUCCUGGGCUC	0
NM_002649.3:5273-5302	NM_002649.3	NM_002649.3.fasta	5273	5302	+	30	AGCCCAGGAGGTGGAAACTGCAGAGAGTCA	UGACUCUCUGCAGUUUCCACCUCCUGGGCU	0
NM_002649.3:5274-5303	NM_002649.3	NM_002649.3.fasta	5274	5303	+	30	GCCCAGGAGGTGGAAACTGCAGAGAGTCAT	AUGACUCUCUGCAGUUUCCACCUCCUGGGC	0
NM_002649.3:5275-5304	NM_002649.3	NM_002649.3.fasta	5275	5304	+	30	CCCAGGAGGTGGAAACTGCAGAGAGTCATG	CAUGACUCUCUGCAGUUUCCACCUCCUGGG	0
NM_002649.3:5276-5305	NM_002649.3	NM_002649.3.fasta	5276	5305	+	30	CCAGGAGGTGGAAACTGCAGAGAGTCATGA	UCAUGACUCUCUGCAGUUUCCACCUCCUGG	0
NM_002649.3:5277-5306	NM_002649.3	NM_002649.3.fasta	5277	5306	+	30	CAGGAGGTGGAAACTGCAGAGAGTCATGAT	AUCAUGACUCUCUGCAGUUUCCACCUCCUG	0
NM_002649.3:5278-5307	NM_002649.3	NM_002649.3.fasta	5278	5307	+	30	AGGAGGTGGAAACTGCAGAGAGTCATGATC	GAUCAUGACUCUCUGCAGUUUCCACCUCCU	0
NM_002649.3:5279-5308	NM_002649.3	NM_002649.3.fasta	5279	5308	+	30	GGAGGTGGAAACTGCAGAGAGTCATGATCA	UGAUCAUGACUCUCUGCAGUUUCCACCUCC	0
NM_002649.3:5280-5309	NM_002649.3	NM_002649.3.fasta	5280	5309	+	30	GAGGTGGAAACTGCAGAGAGTCATGATCAT	AUGAUCAUGACUCUCUGCAGUUUCCACCUC	0
NM_002649.3:5281-5310	NM_002649.3	NM_002649.3.fasta	5281	5310	+	30	AGGTGGAAACTGCAGAGAGTCATGATCATG	CAUGAUCAUGACUCUCUGCAGUUUCCACCU	0
NM_002649.3:5282-5311	NM_002649.3	NM_002649.3.fasta	5282	5311	+	30	GGTGGAAACTGCAGAGAGTCATGATCATGT	ACAUGAUCAUGACUCUCUGCAGUUUCCACC	0
NM_002649.3:5283-5312	NM_002649.3	NM_002649.3.fasta	5283	5312	+	30	GTGGAAACTGCAGAGAGTCATGATCATGTC	GACAUGAUCAUGACUCUCUGCAGUUUCCAC	0
NM_002649.3:5284-5313	NM_002649.3	NM_002649.3.fasta	5284	5313	+	30	TGGAAACTGCAGAGAGTCATGATCATGTCC	GGACAUGAUCAUGACUCUCUGCAGUUUCCA	0
NM_002649.3:5285-5314	NM_002649.3	NM_002649.3.fasta	5285	5314	+	30	GGAAACTGCAGAGAGTCATGATCATGTCCT	AGGACAUGAUCAUGACUCUCUGCAGUUUCC	0
NM_002649.3:5286-5315	NM_002649.3	NM_002649.3.fasta	5286	5315	+	30	GAAACTGCAGAGAGTCATGATCATGTCCTT	AAGGACAUGAUCAUGACUCUCUGCAGUUUC	0
NM_002649.3:5287-5316	NM_002649.3	NM_002649.3.fasta	5287	5316	+	30	AAACTGCAGAGAGTCATGATCATGTCCTTA	UAAGGACAUGAUCAUGACUCUCUGCAGUUU	0
NM_002649.3:5288-5317	NM_002649.3	NM_002649.3.fasta	5288	5317	+	30	AACTGCAGAGAGTCATGATCATGTCCTTAC	GUAAGGACAUGAUCAUGACUCUCUGCAGUU	0
NM_002649.3:5289-5318	NM_002649.3	NM_002649.3.fasta	5289	5318	+	30	ACTGCAGAGAGTCATGATCATGTCCTTACA	UGUAAGGACAUGAUCAUGACUCUCUGCAGU	0
NM_002649.3:5290-5319	NM_002649.3	NM_002649.3.fasta	5290	5319	+	30	CTGCAGAGAGTCATGATCATGTCCTTACAC	GUGUAAGGACAUGAUCAUGACUCUCUGCAG	0
NM_002649.3:5291-5320	NM_002649.3	NM_002649.3.fasta	5291	5320	+	30	TGCAGAGAGTCATGATCATGTCCTTACACT	AGUGUAAGGACAUGAUCAUGACUCUCUGCA	0
NM_002649.3:5292-5321	NM_002649.3	NM_002649.3.fasta	5292	5321	+	30	GCAGAGAGTCATGATCATGTCCTTACACTC	GAGUGUAAGGACAUGAUCAUGACUCUCUGC	0
NM_002649.3:5293-5322	NM_002649.3	NM_002649.3.fasta	5293	5322	+	30	CAGAGAGTCATGATCATGTCCTTACACTCC	GGAGUGUAAGGACAUGAUCAUGACUCUCUG	0
NM_002649.3:5294-5323	NM_002649.3	NM_002649.3.fasta	5294	5323	+	30	AGAGAGTCATGATCATGTCCTTACACTCCA	UGGAGUGUAAGGACAUGAUCAUGACUCUCU	0
NM_002649.3:5295-5324	NM_002649.3	NM_002649.3.fasta	5295	5324	+	30	GAGAGTCATGATCATGTCCTTACACTCCAG	CUGGAGUGUAAGGACAUGAUCAUGACUCUC	0
NM_002649.3:5296-5325	NM_002649.3	NM_002649.3.fasta	5296	5325	+	30	AGAGTCATGATCATGTCCTTACACTCCAGC	GCUGGAGUGUAAGGACAUGAUCAUGACUCU	0
NM_002649.3:5297-5326	NM_002649.3	NM_002649.3.fasta	5297	5326	+	30	GAGTCATGATCATGTCCTTACACTCCAGCC	GGCUGGAGUGUAAGGACAUGAUCAUGACUC	0
NM_002649.3:5298-5327	NM_002649.3	NM_002649.3.fasta	5298	5327	+	30	AGTCATGATCATGTCCTTACACTCCAGCCT	AGGCUGGAGUGUAAGGACAUGAUCAUGACU	0
NM_002649.3:5299-5328	NM_002649.3	NM_002649.3.fasta	5299	5328	+	30	GTCATGATCATGTCCTTACACTCCAGCCTG	CAGGCUGGAGUGUAAGGACAUGAUCAUGAC	0
NM_002649.3:5300-5329	NM_002649.3	NM_002649.3.fasta	5300	5329	+	30	TCATGATCATGTCCTTACACTCCAGCCTGG	CCAGGCUGGAGUGUAAGGACAUGAUCAUGA	0
NM_002649.3:5301-5330	NM_002649.3	NM_002649.3.fasta	5301	5330	+	30	CATGATCATGTCCTTACACTCCAGCCTGGA	UCCAGGCUGGAGUGUAAGGACAUGAUCAUG	0
NM_002649.3:5302-5331	NM_002649.3	NM_002649.3.fasta	5302	5331	+	30	ATGATCATGTCCTTACACTCCAGCCTGGAT	AUCCAGGCUGGAGUGUAAGGACAUGAUCAU	0
NM_002649.3:5303-5332	NM_002649.3	NM_002649.3.fasta	5303	5332	+	30	TGATCATGTCCTTACACTCCAGCCTGGATA	UAUCCAGGCUGGAGUGUAAGGACAUGAUCA	0
NM_002649.3:5304-5333	NM_002649.3	NM_002649.3.fasta	5304	5333	+	30	GATCATGTCCTTACACTCCAGCCTGGATAA	UUAUCCAGGCUGGAGUGUAAGGACAUGAUC	0
NM_002649.3:5305-5334	NM_002649.3	NM_002649.3.fasta	5305	5334	+	30	ATCATGTCCTTACACTCCAGCCTGGATAAC	GUUAUCCAGGCUGGAGUGUAAGGACAUGAU	0
NM_002649.3:5306-5335	NM_002649.3	NM_002649.3.fasta	5306	5335	+	30	TCATGTCCTTACACTCCAGCCTGGATAACA	UGUUAUCCAGGCUGGAGUGUAAGGACAUGA	0
NM_002649.3:5307-5336	NM_002649.3	NM_002649.3.fasta	5307	5336	+	30	CATGTCCTTACACTCCAGCCTGGATAACAG	CUGUUAUCCAGGCUGGAGUGUAAGGACAUG	0
NM_002649.3:5308-5337	NM_002649.3	NM_002649.3.fasta	5308	5337	+	30	ATGTCCTTACACTCCAGCCTGGATAACAGA	UCUGUUAUCCAGGCUGGAGUGUAAGGACAU	0
NM_002649.3:5309-5338	NM_002649.3	NM_002649.3.fasta	5309	5338	+	30	TGTCCTTACACTCCAGCCTGGATAACAGAG	CUCUGUUAUCCAGGCUGGAGUGUAAGGACA	0
NM_002649.3:5310-5339	NM_002649.3	NM_002649.3.fasta	5310	5339	+	30	GTCCTTACACTCCAGCCTGGATAACAGAGC	GCUCUGUUAUCCAGGCUGGAGUGUAAGGAC	0
NM_002649.3:5311-5340	NM_002649.3	NM_002649.3.fasta	5311	5340	+	30	TCCTTACACTCCAGCCTGGATAACAGAGCG	CGCUCUGUUAUCCAGGCUGGAGUGUAAGGA	0
NM_002649.3:5312-5341	NM_002649.3	NM_002649.3.fasta	5312	5341	+	30	CCTTACACTCCAGCCTGGATAACAGAGCGA	UCGCUCUGUUAUCCAGGCUGGAGUGUAAGG	0
NM_002649.3:5313-5342	NM_002649.3	NM_002649.3.fasta	5313	5342	+	30	CTTACACTCCAGCCTGGATAACAGAGCGAG	CUCGCUCUGUUAUCCAGGCUGGAGUGUAAG	0
NM_002649.3:5314-5343	NM_002649.3	NM_002649.3.fasta	5314	5343	+	30	TTACACTCCAGCCTGGATAACAGAGCGAGA	UCUCGCUCUGUUAUCCAGGCUGGAGUGUAA	0
NM_002649.3:5315-5344	NM_002649.3	NM_002649.3.fasta	5315	5344	+	30	TACACTCCAGCCTGGATAACAGAGCGAGAC	GUCUCGCUCUGUUAUCCAGGCUGGAGUGUA	0
NM_002649.3:5316-5345	NM_002649.3	NM_002649.3.fasta	5316	5345	+	30	ACACTCCAGCCTGGATAACAGAGCGAGACC	GGUCUCGCUCUGUUAUCCAGGCUGGAGUGU	0
NM_002649.3:5317-5346	NM_002649.3	NM_002649.3.fasta	5317	5346	+	30	CACTCCAGCCTGGATAACAGAGCGAGACCC	GGGUCUCGCUCUGUUAUCCAGGCUGGAGUG	0
NM_002649.3:5318-5347	NM_002649.3	NM_002649.3.fasta	5318	5347	+	30	ACTCCAGCCTGGATAACAGAGCGAGACCCT	AGGGUCUCGCUCUGUUAUCCAGGCUGGAGU	0
NM_002649.3:5319-5348	NM_002649.3	NM_002649.3.fasta	5319	5348	+	30	CTCCAGCCTGGATAACAGAGCGAGACCCTG	CAGGGUCUCGCUCUGUUAUCCAGGCUGGAG	0
NM_002649.3:5320-5349	NM_002649.3	NM_002649.3.fasta	5320	5349	+	30	TCCAGCCTGGATAACAGAGCGAGACCCTGT	ACAGGGUCUCGCUCUGUUAUCCAGGCUGGA	0
NM_002649.3:5321-5350	NM_002649.3	NM_002649.3.fasta	5321	5350	+	30	CCAGCCTGGATAACAGAGCGAGACCCTGTC	GACAGGGUCUCGCUCUGUUAUCCAGGCUGG	0
NM_002649.3:5322-5351	NM_002649.3	NM_002649.3.fasta	5322	5351	+	30	CAGCCTGGATAACAGAGCGAGACCCTGTCT	AGACAGGGUCUCGCUCUGUUAUCCAGGCUG	0
NM_002649.3:5323-5352	NM_002649.3	NM_002649.3.fasta	5323	5352	+	30	AGCCTGGATAACAGAGCGAGACCCTGTCTC	GAGACAGGGUCUCGCUCUGUUAUCCAGGCU	0
NM_002649.3:5324-5353	NM_002649.3	NM_002649.3.fasta	5324	5353	+	30	GCCTGGATAACAGAGCGAGACCCTGTCTCA	UGAGACAGGGUCUCGCUCUGUUAUCCAGGC	0
NM_002649.3:5325-5354	NM_002649.3	NM_002649.3.fasta	5325	5354	+	30	CCTGGATAACAGAGCGAGACCCTGTCTCAA	UUGAGACAGGGUCUCGCUCUGUUAUCCAGG	0
NM_002649.3:5326-5355	NM_002649.3	NM_002649.3.fasta	5326	5355	+	30	CTGGATAACAGAGCGAGACCCTGTCTCAAA	UUUGAGACAGGGUCUCGCUCUGUUAUCCAG	0
NM_002649.3:5327-5356	NM_002649.3	NM_002649.3.fasta	5327	5356	+	30	TGGATAACAGAGCGAGACCCTGTCTCAAAA	UUUUGAGACAGGGUCUCGCUCUGUUAUCCA	0
NM_002649.3:5328-5357	NM_002649.3	NM_002649.3.fasta	5328	5357	+	30	GGATAACAGAGCGAGACCCTGTCTCAAAAA	UUUUUGAGACAGGGUCUCGCUCUGUUAUCC	0
NM_002649.3:5329-5358	NM_002649.3	NM_002649.3.fasta	5329	5358	+	30	GATAACAGAGCGAGACCCTGTCTCAAAAAA	UUUUUUGAGACAGGGUCUCGCUCUGUUAUC	0
NM_002649.3:5330-5359	NM_002649.3	NM_002649.3.fasta	5330	5359	+	30	ATAACAGAGCGAGACCCTGTCTCAAAAAAA	UUUUUUUGAGACAGGGUCUCGCUCUGUUAU	0
NM_002649.3:5331-5360	NM_002649.3	NM_002649.3.fasta	5331	5360	+	30	TAACAGAGCGAGACCCTGTCTCAAAAAAAT	AUUUUUUUGAGACAGGGUCUCGCUCUGUUA	0
NM_002649.3:5332-5361	NM_002649.3	NM_002649.3.fasta	5332	5361	+	30	AACAGAGCGAGACCCTGTCTCAAAAAAATA	UAUUUUUUUGAGACAGGGUCUCGCUCUGUU	0
NM_002649.3:5333-5362	NM_002649.3	NM_002649.3.fasta	5333	5362	+	30	ACAGAGCGAGACCCTGTCTCAAAAAAATAA	UUAUUUUUUUGAGACAGGGUCUCGCUCUGU	0
NM_002649.3:5334-5363	NM_002649.3	NM_002649.3.fasta	5334	5363	+	30	CAGAGCGAGACCCTGTCTCAAAAAAATAAA	UUUAUUUUUUUGAGACAGGGUCUCGCUCUG	0
NM_002649.3:5335-5364	NM_002649.3	NM_002649.3.fasta	5335	5364	+	30	AGAGCGAGACCCTGTCTCAAAAAAATAAAA	UUUUAUUUUUUUGAGACAGGGUCUCGCUCU	0
NM_002649.3:5336-5365	NM_002649.3	NM_002649.3.fasta	5336	5365	+	30	GAGCGAGACCCTGTCTCAAAAAAATAAAAT	AUUUUAUUUUUUUGAGACAGGGUCUCGCUC	0
NM_002649.3:5337-5366	NM_002649.3	NM_002649.3.fasta	5337	5366	+	30	AGCGAGACCCTGTCTCAAAAAAATAAAATA	UAUUUUAUUUUUUUGAGACAGGGUCUCGCU	0
NM_002649.3:5338-5367	NM_002649.3	NM_002649.3.fasta	5338	5367	+	30	GCGAGACCCTGTCTCAAAAAAATAAAATAA	UUAUUUUAUUUUUUUGAGACAGGGUCUCGC	0
NM_002649.3:5339-5368	NM_002649.3	NM_002649.3.fasta	5339	5368	+	30	CGAGACCCTGTCTCAAAAAAATAAAATAAA	UUUAUUUUAUUUUUUUGAGACAGGGUCUCG	0
NM_002649.3:5340-5369	NM_002649.3	NM_002649.3.fasta	5340	5369	+	30	GAGACCCTGTCTCAAAAAAATAAAATAAAA	UUUUAUUUUAUUUUUUUGAGACAGGGUCUC	0
NM_002649.3:5341-5370	NM_002649.3	NM_002649.3.fasta	5341	5370	+	30	AGACCCTGTCTCAAAAAAATAAAATAAAAA	UUUUUAUUUUAUUUUUUUGAGACAGGGUCU	0
NM_002649.3:5342-5371	NM_002649.3	NM_002649.3.fasta	5342	5371	+	30	GACCCTGTCTCAAAAAAATAAAATAAAAAA	UUUUUUAUUUUAUUUUUUUGAGACAGGGUC	0
NM_002649.3:5343-5372	NM_002649.3	NM_002649.3.fasta	5343	5372	+	30	ACCCTGTCTCAAAAAAATAAAATAAAAAAT	AUUUUUUAUUUUAUUUUUUUGAGACAGGGU	0
NM_002649.3:5344-5373	NM_002649.3	NM_002649.3.fasta	5344	5373	+	30	CCCTGTCTCAAAAAAATAAAATAAAAAATA	UAUUUUUUAUUUUAUUUUUUUGAGACAGGG	0
NM_002649.3:5345-5374	NM_002649.3	NM_002649.3.fasta	5345	5374	+	30	CCTGTCTCAAAAAAATAAAATAAAAAATAA	UUAUUUUUUAUUUUAUUUUUUUGAGACAGG	0
NM_002649.3:5346-5375	NM_002649.3	NM_002649.3.fasta	5346	5375	+	30	CTGTCTCAAAAAAATAAAATAAAAAATAAA	UUUAUUUUUUAUUUUAUUUUUUUGAGACAG	0
NM_002649.3:5347-5376	NM_002649.3	NM_002649.3.fasta	5347	5376	+	30	TGTCTCAAAAAAATAAAATAAAAAATAAAA	UUUUAUUUUUUAUUUUAUUUUUUUGAGACA	0
NM_002649.3:5348-5377	NM_002649.3	NM_002649.3.fasta	5348	5377	+	30	GTCTCAAAAAAATAAAATAAAAAATAAAAA	UUUUUAUUUUUUAUUUUAUUUUUUUGAGAC	0
NM_002649.3:5349-5378	NM_002649.3	NM_002649.3.fasta	5349	5378	+	30	TCTCAAAAAAATAAAATAAAAAATAAAAAC	GUUUUUAUUUUUUAUUUUAUUUUUUUGAGA	0
NM_002649.3:5350-5379	NM_002649.3	NM_002649.3.fasta	5350	5379	+	30	CTCAAAAAAATAAAATAAAAAATAAAAACA	UGUUUUUAUUUUUUAUUUUAUUUUUUUGAG	0
NM_002649.3:5351-5380	NM_002649.3	NM_002649.3.fasta	5351	5380	+	30	TCAAAAAAATAAAATAAAAAATAAAAACAC	GUGUUUUUAUUUUUUAUUUUAUUUUUUUGA	0
NM_002649.3:5352-5381	NM_002649.3	NM_002649.3.fasta	5352	5381	+	30	CAAAAAAATAAAATAAAAAATAAAAACACC	GGUGUUUUUAUUUUUUAUUUUAUUUUUUUG	0
NM_002649.3:5353-5382	NM_002649.3	NM_002649.3.fasta	5353	5382	+	30	AAAAAAATAAAATAAAAAATAAAAACACCC	GGGUGUUUUUAUUUUUUAUUUUAUUUUUUU	0
NM_002649.3:5354-5383	NM_002649.3	NM_002649.3.fasta	5354	5383	+	30	AAAAAATAAAATAAAAAATAAAAACACCCT	AGGGUGUUUUUAUUUUUUAUUUUAUUUUUU	0
NM_002649.3:5355-5384	NM_002649.3	NM_002649.3.fasta	5355	5384	+	30	AAAAATAAAATAAAAAATAAAAACACCCTT	AAGGGUGUUUUUAUUUUUUAUUUUAUUUUU	0
NM_002649.3:5356-5385	NM_002649.3	NM_002649.3.fasta	5356	5385	+	30	AAAATAAAATAAAAAATAAAAACACCCTTG	CAAGGGUGUUUUUAUUUUUUAUUUUAUUUU	0
NM_002649.3:5357-5386	NM_002649.3	NM_002649.3.fasta	5357	5386	+	30	AAATAAAATAAAAAATAAAAACACCCTTGC	GCAAGGGUGUUUUUAUUUUUUAUUUUAUUU	0
NM_002649.3:5358-5387	NM_002649.3	NM_002649.3.fasta	5358	5387	+	30	AATAAAATAAAAAATAAAAACACCCTTGCC	GGCAAGGGUGUUUUUAUUUUUUAUUUUAUU	0
NM_002649.3:5359-5388	NM_002649.3	NM_002649.3.fasta	5359	5388	+	30	ATAAAATAAAAAATAAAAACACCCTTGCCT	AGGCAAGGGUGUUUUUAUUUUUUAUUUUAU	0
NM_002649.3:5360-5389	NM_002649.3	NM_002649.3.fasta	5360	5389	+	30	TAAAATAAAAAATAAAAACACCCTTGCCTG	CAGGCAAGGGUGUUUUUAUUUUUUAUUUUA	0
NM_002649.3:5361-5390	NM_002649.3	NM_002649.3.fasta	5361	5390	+	30	AAAATAAAAAATAAAAACACCCTTGCCTGC	GCAGGCAAGGGUGUUUUUAUUUUUUAUUUU	0
NM_002649.3:5362-5391	NM_002649.3	NM_002649.3.fasta	5362	5391	+	30	AAATAAAAAATAAAAACACCCTTGCCTGCG	CGCAGGCAAGGGUGUUUUUAUUUUUUAUUU	0
NM_002649.3:5363-5392	NM_002649.3	NM_002649.3.fasta	5363	5392	+	30	AATAAAAAATAAAAACACCCTTGCCTGCGC	GCGCAGGCAAGGGUGUUUUUAUUUUUUAUU	0
NM_002649.3:5364-5393	NM_002649.3	NM_002649.3.fasta	5364	5393	+	30	ATAAAAAATAAAAACACCCTTGCCTGCGCT	AGCGCAGGCAAGGGUGUUUUUAUUUUUUAU	0
NM_002649.3:5365-5394	NM_002649.3	NM_002649.3.fasta	5365	5394	+	30	TAAAAAATAAAAACACCCTTGCCTGCGCTC	GAGCGCAGGCAAGGGUGUUUUUAUUUUUUA	0
NM_002649.3:5366-5395	NM_002649.3	NM_002649.3.fasta	5366	5395	+	30	AAAAAATAAAAACACCCTTGCCTGCGCTCC	GGAGCGCAGGCAAGGGUGUUUUUAUUUUUU	0
NM_002649.3:5367-5396	NM_002649.3	NM_002649.3.fasta	5367	5396	+	30	AAAAATAAAAACACCCTTGCCTGCGCTCCA	UGGAGCGCAGGCAAGGGUGUUUUUAUUUUU	0
NM_002649.3:5368-5397	NM_002649.3	NM_002649.3.fasta	5368	5397	+	30	AAAATAAAAACACCCTTGCCTGCGCTCCAT	AUGGAGCGCAGGCAAGGGUGUUUUUAUUUU	0
NM_002649.3:5369-5398	NM_002649.3	NM_002649.3.fasta	5369	5398	+	30	AAATAAAAACACCCTTGCCTGCGCTCCATT	AAUGGAGCGCAGGCAAGGGUGUUUUUAUUU	0
NM_002649.3:5370-5399	NM_002649.3	NM_002649.3.fasta	5370	5399	+	30	AATAAAAACACCCTTGCCTGCGCTCCATTC	GAAUGGAGCGCAGGCAAGGGUGUUUUUAUU	0
NM_002649.3:5371-5400	NM_002649.3	NM_002649.3.fasta	5371	5400	+	30	ATAAAAACACCCTTGCCTGCGCTCCATTCC	GGAAUGGAGCGCAGGCAAGGGUGUUUUUAU	0
NM_002649.3:5372-5401	NM_002649.3	NM_002649.3.fasta	5372	5401	+	30	TAAAAACACCCTTGCCTGCGCTCCATTCCC	GGGAAUGGAGCGCAGGCAAGGGUGUUUUUA	0
NM_002649.3:5373-5402	NM_002649.3	NM_002649.3.fasta	5373	5402	+	30	AAAAACACCCTTGCCTGCGCTCCATTCCCA	UGGGAAUGGAGCGCAGGCAAGGGUGUUUUU	0
NM_002649.3:5374-5403	NM_002649.3	NM_002649.3.fasta	5374	5403	+	30	AAAACACCCTTGCCTGCGCTCCATTCCCAG	CUGGGAAUGGAGCGCAGGCAAGGGUGUUUU	0
NM_002649.3:5375-5404	NM_002649.3	NM_002649.3.fasta	5375	5404	+	30	AAACACCCTTGCCTGCGCTCCATTCCCAGG	CCUGGGAAUGGAGCGCAGGCAAGGGUGUUU	0
NM_002649.3:5376-5405	NM_002649.3	NM_002649.3.fasta	5376	5405	+	30	AACACCCTTGCCTGCGCTCCATTCCCAGGT	ACCUGGGAAUGGAGCGCAGGCAAGGGUGUU	0
NM_002649.3:5377-5406	NM_002649.3	NM_002649.3.fasta	5377	5406	+	30	ACACCCTTGCCTGCGCTCCATTCCCAGGTT	AACCUGGGAAUGGAGCGCAGGCAAGGGUGU	0
NM_002649.3:5378-5407	NM_002649.3	NM_002649.3.fasta	5378	5407	+	30	CACCCTTGCCTGCGCTCCATTCCCAGGTTA	UAACCUGGGAAUGGAGCGCAGGCAAGGGUG	0
NM_002649.3:5379-5408	NM_002649.3	NM_002649.3.fasta	5379	5408	+	30	ACCCTTGCCTGCGCTCCATTCCCAGGTTAT	AUAACCUGGGAAUGGAGCGCAGGCAAGGGU	0
NM_002649.3:5380-5409	NM_002649.3	NM_002649.3.fasta	5380	5409	+	30	CCCTTGCCTGCGCTCCATTCCCAGGTTATA	UAUAACCUGGGAAUGGAGCGCAGGCAAGGG	0
NM_002649.3:5381-5410	NM_002649.3	NM_002649.3.fasta	5381	5410	+	30	CCTTGCCTGCGCTCCATTCCCAGGTTATAA	UUAUAACCUGGGAAUGGAGCGCAGGCAAGG	0
NM_002649.3:5382-5411	NM_002649.3	NM_002649.3.fasta	5382	5411	+	30	CTTGCCTGCGCTCCATTCCCAGGTTATAAT	AUUAUAACCUGGGAAUGGAGCGCAGGCAAG	0
NM_002649.3:5383-5412	NM_002649.3	NM_002649.3.fasta	5383	5412	+	30	TTGCCTGCGCTCCATTCCCAGGTTATAATT	AAUUAUAACCUGGGAAUGGAGCGCAGGCAA	0
NM_002649.3:5384-5413	NM_002649.3	NM_002649.3.fasta	5384	5413	+	30	TGCCTGCGCTCCATTCCCAGGTTATAATTT	AAAUUAUAACCUGGGAAUGGAGCGCAGGCA	0
NM_002649.3:5385-5414	NM_002649.3	NM_002649.3.fasta	5385	5414	+	30	GCCTGCGCTCCATTCCCAGGTTATAATTTA	UAAAUUAUAACCUGGGAAUGGAGCGCAGGC	0
NM_002649.3:5386-5415	NM_002649.3	NM_002649.3.fasta	5386	5415	+	30	CCTGCGCTCCATTCCCAGGTTATAATTTAA	UUAAAUUAUAACCUGGGAAUGGAGCGCAGG	0
NM_002649.3:5387-5416	NM_002649.3	NM_002649.3.fasta	5387	5416	+	30	CTGCGCTCCATTCCCAGGTTATAATTTAAT	AUUAAAUUAUAACCUGGGAAUGGAGCGCAG	0
NM_002649.3:5388-5417	NM_002649.3	NM_002649.3.fasta	5388	5417	+	30	TGCGCTCCATTCCCAGGTTATAATTTAATT	AAUUAAAUUAUAACCUGGGAAUGGAGCGCA	0
NM_002649.3:5389-5418	NM_002649.3	NM_002649.3.fasta	5389	5418	+	30	GCGCTCCATTCCCAGGTTATAATTTAATTA	UAAUUAAAUUAUAACCUGGGAAUGGAGCGC	0
NM_002649.3:5390-5419	NM_002649.3	NM_002649.3.fasta	5390	5419	+	30	CGCTCCATTCCCAGGTTATAATTTAATTAC	GUAAUUAAAUUAUAACCUGGGAAUGGAGCG	0
NM_002649.3:5391-5420	NM_002649.3	NM_002649.3.fasta	5391	5420	+	30	GCTCCATTCCCAGGTTATAATTTAATTACT	AGUAAUUAAAUUAUAACCUGGGAAUGGAGC	0
NM_002649.3:5392-5421	NM_002649.3	NM_002649.3.fasta	5392	5421	+	30	CTCCATTCCCAGGTTATAATTTAATTACTG	CAGUAAUUAAAUUAUAACCUGGGAAUGGAG	0
NM_002649.3:5393-5422	NM_002649.3	NM_002649.3.fasta	5393	5422	+	30	TCCATTCCCAGGTTATAATTTAATTACTGT	ACAGUAAUUAAAUUAUAACCUGGGAAUGGA	0
NM_002649.3:5394-5423	NM_002649.3	NM_002649.3.fasta	5394	5423	+	30	CCATTCCCAGGTTATAATTTAATTACTGTG	CACAGUAAUUAAAUUAUAACCUGGGAAUGG	0
NM_002649.3:5395-5424	NM_002649.3	NM_002649.3.fasta	5395	5424	+	30	CATTCCCAGGTTATAATTTAATTACTGTGG	CCACAGUAAUUAAAUUAUAACCUGGGAAUG	0
NM_002649.3:5396-5425	NM_002649.3	NM_002649.3.fasta	5396	5425	+	30	ATTCCCAGGTTATAATTTAATTACTGTGGG	CCCACAGUAAUUAAAUUAUAACCUGGGAAU	0
NM_002649.3:5397-5426	NM_002649.3	NM_002649.3.fasta	5397	5426	+	30	TTCCCAGGTTATAATTTAATTACTGTGGGA	UCCCACAGUAAUUAAAUUAUAACCUGGGAA	0
NM_002649.3:5398-5427	NM_002649.3	NM_002649.3.fasta	5398	5427	+	30	TCCCAGGTTATAATTTAATTACTGTGGGAT	AUCCCACAGUAAUUAAAUUAUAACCUGGGA	0
NM_002649.3:5399-5428	NM_002649.3	NM_002649.3.fasta	5399	5428	+	30	CCCAGGTTATAATTTAATTACTGTGGGATG	CAUCCCACAGUAAUUAAAUUAUAACCUGGG	0
NM_002649.3:5400-5429	NM_002649.3	NM_002649.3.fasta	5400	5429	+	30	CCAGGTTATAATTTAATTACTGTGGGATGA	UCAUCCCACAGUAAUUAAAUUAUAACCUGG	0
NM_002649.3:5401-5430	NM_002649.3	NM_002649.3.fasta	5401	5430	+	30	CAGGTTATAATTTAATTACTGTGGGATGAG	CUCAUCCCACAGUAAUUAAAUUAUAACCUG	0
NM_002649.3:5402-5431	NM_002649.3	NM_002649.3.fasta	5402	5431	+	30	AGGTTATAATTTAATTACTGTGGGATGAGA	UCUCAUCCCACAGUAAUUAAAUUAUAACCU	0
NM_002649.3:5403-5432	NM_002649.3	NM_002649.3.fasta	5403	5432	+	30	GGTTATAATTTAATTACTGTGGGATGAGAC	GUCUCAUCCCACAGUAAUUAAAUUAUAACC	0
NM_002649.3:5404-5433	NM_002649.3	NM_002649.3.fasta	5404	5433	+	30	GTTATAATTTAATTACTGTGGGATGAGACC	GGUCUCAUCCCACAGUAAUUAAAUUAUAAC	0
NM_002649.3:5405-5434	NM_002649.3	NM_002649.3.fasta	5405	5434	+	30	TTATAATTTAATTACTGTGGGATGAGACCC	GGGUCUCAUCCCACAGUAAUUAAAUUAUAA	0
NM_002649.3:5406-5435	NM_002649.3	NM_002649.3.fasta	5406	5435	+	30	TATAATTTAATTACTGTGGGATGAGACCCA	UGGGUCUCAUCCCACAGUAAUUAAAUUAUA	0
NM_002649.3:5407-5436	NM_002649.3	NM_002649.3.fasta	5407	5436	+	30	ATAATTTAATTACTGTGGGATGAGACCCAG	CUGGGUCUCAUCCCACAGUAAUUAAAUUAU	0
NM_002649.3:5408-5437	NM_002649.3	NM_002649.3.fasta	5408	5437	+	30	TAATTTAATTACTGTGGGATGAGACCCAGA	UCUGGGUCUCAUCCCACAGUAAUUAAAUUA	0
NM_002649.3:5409-5438	NM_002649.3	NM_002649.3.fasta	5409	5438	+	30	AATTTAATTACTGTGGGATGAGACCCAGAC	GUCUGGGUCUCAUCCCACAGUAAUUAAAUU	0
NM_002649.3:5410-5439	NM_002649.3	NM_002649.3.fasta	5410	5439	+	30	ATTTAATTACTGTGGGATGAGACCCAGACA	UGUCUGGGUCUCAUCCCACAGUAAUUAAAU	0
NM_002649.3:5411-5440	NM_002649.3	NM_002649.3.fasta	5411	5440	+	30	TTTAATTACTGTGGGATGAGACCCAGACAT	AUGUCUGGGUCUCAUCCCACAGUAAUUAAA	0
NM_002649.3:5412-5441	NM_002649.3	NM_002649.3.fasta	5412	5441	+	30	TTAATTACTGTGGGATGAGACCCAGACATC	GAUGUCUGGGUCUCAUCCCACAGUAAUUAA	0
NM_002649.3:5413-5442	NM_002649.3	NM_002649.3.fasta	5413	5442	+	30	TAATTACTGTGGGATGAGACCCAGACATCA	UGAUGUCUGGGUCUCAUCCCACAGUAAUUA	0
NM_002649.3:5414-5443	NM_002649.3	NM_002649.3.fasta	5414	5443	+	30	AATTACTGTGGGATGAGACCCAGACATCAA	UUGAUGUCUGGGUCUCAUCCCACAGUAAUU	0
NM_002649.3:5415-5444	NM_002649.3	NM_002649.3.fasta	5415	5444	+	30	ATTACTGTGGGATGAGACCCAGACATCAAT	AUUGAUGUCUGGGUCUCAUCCCACAGUAAU	0
NM_002649.3:5416-5445	NM_002649.3	NM_002649.3.fasta	5416	5445	+	30	TTACTGTGGGATGAGACCCAGACATCAATA	UAUUGAUGUCUGGGUCUCAUCCCACAGUAA	0
NM_002649.3:5417-5446	NM_002649.3	NM_002649.3.fasta	5417	5446	+	30	TACTGTGGGATGAGACCCAGACATCAATAT	AUAUUGAUGUCUGGGUCUCAUCCCACAGUA	0
NM_002649.3:5418-5447	NM_002649.3	NM_002649.3.fasta	5418	5447	+	30	ACTGTGGGATGAGACCCAGACATCAATATT	AAUAUUGAUGUCUGGGUCUCAUCCCACAGU	0
NM_002649.3:5419-5448	NM_002649.3	NM_002649.3.fasta	5419	5448	+	30	CTGTGGGATGAGACCCAGACATCAATATTT	AAAUAUUGAUGUCUGGGUCUCAUCCCACAG	0
NM_002649.3:5420-5449	NM_002649.3	NM_002649.3.fasta	5420	5449	+	30	TGTGGGATGAGACCCAGACATCAATATTTT	AAAAUAUUGAUGUCUGGGUCUCAUCCCACA	0
NM_002649.3:5421-5450	NM_002649.3	NM_002649.3.fasta	5421	5450	+	30	GTGGGATGAGACCCAGACATCAATATTTTT	AAAAAUAUUGAUGUCUGGGUCUCAUCCCAC	0
NM_002649.3:5422-5451	NM_002649.3	NM_002649.3.fasta	5422	5451	+	30	TGGGATGAGACCCAGACATCAATATTTTTC	GAAAAAUAUUGAUGUCUGGGUCUCAUCCCA	0
NM_002649.3:5423-5452	NM_002649.3	NM_002649.3.fasta	5423	5452	+	30	GGGATGAGACCCAGACATCAATATTTTTCT	AGAAAAAUAUUGAUGUCUGGGUCUCAUCCC	0
NM_002649.3:5424-5453	NM_002649.3	NM_002649.3.fasta	5424	5453	+	30	GGATGAGACCCAGACATCAATATTTTTCTA	UAGAAAAAUAUUGAUGUCUGGGUCUCAUCC	0
NM_002649.3:5425-5454	NM_002649.3	NM_002649.3.fasta	5425	5454	+	30	GATGAGACCCAGACATCAATATTTTTCTAG	CUAGAAAAAUAUUGAUGUCUGGGUCUCAUC	0
NM_002649.3:5426-5455	NM_002649.3	NM_002649.3.fasta	5426	5455	+	30	ATGAGACCCAGACATCAATATTTTTCTAGA	UCUAGAAAAAUAUUGAUGUCUGGGUCUCAU	0
NM_002649.3:5427-5456	NM_002649.3	NM_002649.3.fasta	5427	5456	+	30	TGAGACCCAGACATCAATATTTTTCTAGAT	AUCUAGAAAAAUAUUGAUGUCUGGGUCUCA	0
NM_002649.3:5428-5457	NM_002649.3	NM_002649.3.fasta	5428	5457	+	30	GAGACCCAGACATCAATATTTTTCTAGATT	AAUCUAGAAAAAUAUUGAUGUCUGGGUCUC	0
NM_002649.3:5429-5458	NM_002649.3	NM_002649.3.fasta	5429	5458	+	30	AGACCCAGACATCAATATTTTTCTAGATTC	GAAUCUAGAAAAAUAUUGAUGUCUGGGUCU	0
NM_002649.3:5430-5459	NM_002649.3	NM_002649.3.fasta	5430	5459	+	30	GACCCAGACATCAATATTTTTCTAGATTCT	AGAAUCUAGAAAAAUAUUGAUGUCUGGGUC	0
NM_002649.3:5431-5460	NM_002649.3	NM_002649.3.fasta	5431	5460	+	30	ACCCAGACATCAATATTTTTCTAGATTCTT	AAGAAUCUAGAAAAAUAUUGAUGUCUGGGU	0
NM_002649.3:5432-5461	NM_002649.3	NM_002649.3.fasta	5432	5461	+	30	CCCAGACATCAATATTTTTCTAGATTCTTC	GAAGAAUCUAGAAAAAUAUUGAUGUCUGGG	0
NM_002649.3:5433-5462	NM_002649.3	NM_002649.3.fasta	5433	5462	+	30	CCAGACATCAATATTTTTCTAGATTCTTCA	UGAAGAAUCUAGAAAAAUAUUGAUGUCUGG	0
NM_002649.3:5434-5463	NM_002649.3	NM_002649.3.fasta	5434	5463	+	30	CAGACATCAATATTTTTCTAGATTCTTCAG	CUGAAGAAUCUAGAAAAAUAUUGAUGUCUG	0
NM_002649.3:5435-5464	NM_002649.3	NM_002649.3.fasta	5435	5464	+	30	AGACATCAATATTTTTCTAGATTCTTCAGG	CCUGAAGAAUCUAGAAAAAUAUUGAUGUCU	0
NM_002649.3:5436-5465	NM_002649.3	NM_002649.3.fasta	5436	5465	+	30	GACATCAATATTTTTCTAGATTCTTCAGGT	ACCUGAAGAAUCUAGAAAAAUAUUGAUGUC	0
NM_002649.3:5437-5466	NM_002649.3	NM_002649.3.fasta	5437	5466	+	30	ACATCAATATTTTTCTAGATTCTTCAGGTG	CACCUGAAGAAUCUAGAAAAAUAUUGAUGU	0
NM_002649.3:5438-5467	NM_002649.3	NM_002649.3.fasta	5438	5467	+	30	CATCAATATTTTTCTAGATTCTTCAGGTGA	UCACCUGAAGAAUCUAGAAAAAUAUUGAUG	0
NM_002649.3:5439-5468	NM_002649.3	NM_002649.3.fasta	5439	5468	+	30	ATCAATATTTTTCTAGATTCTTCAGGTGAT	AUCACCUGAAGAAUCUAGAAAAAUAUUGAU	0
NM_002649.3:5440-5469	NM_002649.3	NM_002649.3.fasta	5440	5469	+	30	TCAATATTTTTCTAGATTCTTCAGGTGATT	AAUCACCUGAAGAAUCUAGAAAAAUAUUGA	0
NM_002649.3:5441-5470	NM_002649.3	NM_002649.3.fasta	5441	5470	+	30	CAATATTTTTCTAGATTCTTCAGGTGATTC	GAAUCACCUGAAGAAUCUAGAAAAAUAUUG	0
NM_002649.3:5442-5471	NM_002649.3	NM_002649.3.fasta	5442	5471	+	30	AATATTTTTCTAGATTCTTCAGGTGATTCT	AGAAUCACCUGAAGAAUCUAGAAAAAUAUU	0
NM_002649.3:5443-5472	NM_002649.3	NM_002649.3.fasta	5443	5472	+	30	ATATTTTTCTAGATTCTTCAGGTGATTCTA	UAGAAUCACCUGAAGAAUCUAGAAAAAUAU	0
NM_002649.3:5444-5473	NM_002649.3	NM_002649.3.fasta	5444	5473	+	30	TATTTTTCTAGATTCTTCAGGTGATTCTAA	UUAGAAUCACCUGAAGAAUCUAGAAAAAUA	0
NM_002649.3:5445-5474	NM_002649.3	NM_002649.3.fasta	5445	5474	+	30	ATTTTTCTAGATTCTTCAGGTGATTCTAAT	AUUAGAAUCACCUGAAGAAUCUAGAAAAAU	0
NM_002649.3:5446-5475	NM_002649.3	NM_002649.3.fasta	5446	5475	+	30	TTTTTCTAGATTCTTCAGGTGATTCTAATT	AAUUAGAAUCACCUGAAGAAUCUAGAAAAA	0
NM_002649.3:5447-5476	NM_002649.3	NM_002649.3.fasta	5447	5476	+	30	TTTTCTAGATTCTTCAGGTGATTCTAATTC	GAAUUAGAAUCACCUGAAGAAUCUAGAAAA	0
NM_002649.3:5448-5477	NM_002649.3	NM_002649.3.fasta	5448	5477	+	30	TTTCTAGATTCTTCAGGTGATTCTAATTCA	UGAAUUAGAAUCACCUGAAGAAUCUAGAAA	0
NM_002649.3:5449-5478	NM_002649.3	NM_002649.3.fasta	5449	5478	+	30	TTCTAGATTCTTCAGGTGATTCTAATTCAC	GUGAAUUAGAAUCACCUGAAGAAUCUAGAA	0
NM_002649.3:5450-5479	NM_002649.3	NM_002649.3.fasta	5450	5479	+	30	TCTAGATTCTTCAGGTGATTCTAATTCACA	UGUGAAUUAGAAUCACCUGAAGAAUCUAGA	0
NM_002649.3:5451-5480	NM_002649.3	NM_002649.3.fasta	5451	5480	+	30	CTAGATTCTTCAGGTGATTCTAATTCACAG	CUGUGAAUUAGAAUCACCUGAAGAAUCUAG	0
NM_002649.3:5452-5481	NM_002649.3	NM_002649.3.fasta	5452	5481	+	30	TAGATTCTTCAGGTGATTCTAATTCACAGC	GCUGUGAAUUAGAAUCACCUGAAGAAUCUA	0
NM_002649.3:5453-5482	NM_002649.3	NM_002649.3.fasta	5453	5482	+	30	AGATTCTTCAGGTGATTCTAATTCACAGCC	GGCUGUGAAUUAGAAUCACCUGAAGAAUCU	0
NM_002649.3:5454-5483	NM_002649.3	NM_002649.3.fasta	5454	5483	+	30	GATTCTTCAGGTGATTCTAATTCACAGCCA	UGGCUGUGAAUUAGAAUCACCUGAAGAAUC	0
NM_002649.3:5455-5484	NM_002649.3	NM_002649.3.fasta	5455	5484	+	30	ATTCTTCAGGTGATTCTAATTCACAGCCAG	CUGGCUGUGAAUUAGAAUCACCUGAAGAAU	0
NM_002649.3:5456-5485	NM_002649.3	NM_002649.3.fasta	5456	5485	+	30	TTCTTCAGGTGATTCTAATTCACAGCCAGA	UCUGGCUGUGAAUUAGAAUCACCUGAAGAA	0
NM_002649.3:5457-5486	NM_002649.3	NM_002649.3.fasta	5457	5486	+	30	TCTTCAGGTGATTCTAATTCACAGCCAGAG	CUCUGGCUGUGAAUUAGAAUCACCUGAAGA	0
NM_002649.3:5458-5487	NM_002649.3	NM_002649.3.fasta	5458	5487	+	30	CTTCAGGTGATTCTAATTCACAGCCAGAGT	ACUCUGGCUGUGAAUUAGAAUCACCUGAAG	0
NM_002649.3:5459-5488	NM_002649.3	NM_002649.3.fasta	5459	5488	+	30	TTCAGGTGATTCTAATTCACAGCCAGAGTT	AACUCUGGCUGUGAAUUAGAAUCACCUGAA	0
NM_002649.3:5460-5489	NM_002649.3	NM_002649.3.fasta	5460	5489	+	30	TCAGGTGATTCTAATTCACAGCCAGAGTTG	CAACUCUGGCUGUGAAUUAGAAUCACCUGA	0
NM_002649.3:5461-5490	NM_002649.3	NM_002649.3.fasta	5461	5490	+	30	CAGGTGATTCTAATTCACAGCCAGAGTTGG	CCAACUCUGGCUGUGAAUUAGAAUCACCUG	0
NM_002649.3:5462-5491	NM_002649.3	NM_002649.3.fasta	5462	5491	+	30	AGGTGATTCTAATTCACAGCCAGAGTTGGA	UCCAACUCUGGCUGUGAAUUAGAAUCACCU	0
NM_002649.3:5463-5492	NM_002649.3	NM_002649.3.fasta	5463	5492	+	30	GGTGATTCTAATTCACAGCCAGAGTTGGAA	UUCCAACUCUGGCUGUGAAUUAGAAUCACC	0
NM_002649.3:5464-5493	NM_002649.3	NM_002649.3.fasta	5464	5493	+	30	GTGATTCTAATTCACAGCCAGAGTTGGAAG	CUUCCAACUCUGGCUGUGAAUUAGAAUCAC	0
NM_002649.3:5465-5494	NM_002649.3	NM_002649.3.fasta	5465	5494	+	30	TGATTCTAATTCACAGCCAGAGTTGGAAGC	GCUUCCAACUCUGGCUGUGAAUUAGAAUCA	0
NM_002649.3:5466-5495	NM_002649.3	NM_002649.3.fasta	5466	5495	+	30	GATTCTAATTCACAGCCAGAGTTGGAAGCC	GGCUUCCAACUCUGGCUGUGAAUUAGAAUC	0
NM_002649.3:5467-5496	NM_002649.3	NM_002649.3.fasta	5467	5496	+	30	ATTCTAATTCACAGCCAGAGTTGGAAGCCC	GGGCUUCCAACUCUGGCUGUGAAUUAGAAU	0
NM_002649.3:5468-5497	NM_002649.3	NM_002649.3.fasta	5468	5497	+	30	TTCTAATTCACAGCCAGAGTTGGAAGCCCT	AGGGCUUCCAACUCUGGCUGUGAAUUAGAA	0
NM_002649.3:5469-5498	NM_002649.3	NM_002649.3.fasta	5469	5498	+	30	TCTAATTCACAGCCAGAGTTGGAAGCCCTG	CAGGGCUUCCAACUCUGGCUGUGAAUUAGA	0
NM_002649.3:5470-5499	NM_002649.3	NM_002649.3.fasta	5470	5499	+	30	CTAATTCACAGCCAGAGTTGGAAGCCCTGC	GCAGGGCUUCCAACUCUGGCUGUGAAUUAG	0
NM_002649.3:5471-5500	NM_002649.3	NM_002649.3.fasta	5471	5500	+	30	TAATTCACAGCCAGAGTTGGAAGCCCTGCG	CGCAGGGCUUCCAACUCUGGCUGUGAAUUA	0
NM_002649.3:5472-5501	NM_002649.3	NM_002649.3.fasta	5472	5501	+	30	AATTCACAGCCAGAGTTGGAAGCCCTGCGT	ACGCAGGGCUUCCAACUCUGGCUGUGAAUU	0
NM_002649.3:5473-5502	NM_002649.3	NM_002649.3.fasta	5473	5502	+	30	ATTCACAGCCAGAGTTGGAAGCCCTGCGTG	CACGCAGGGCUUCCAACUCUGGCUGUGAAU	0
NM_002649.3:5474-5503	NM_002649.3	NM_002649.3.fasta	5474	5503	+	30	TTCACAGCCAGAGTTGGAAGCCCTGCGTGG	CCACGCAGGGCUUCCAACUCUGGCUGUGAA	0
NM_002649.3:5475-5504	NM_002649.3	NM_002649.3.fasta	5475	5504	+	30	TCACAGCCAGAGTTGGAAGCCCTGCGTGGC	GCCACGCAGGGCUUCCAACUCUGGCUGUGA	0
NM_002649.3:5476-5505	NM_002649.3	NM_002649.3.fasta	5476	5505	+	30	CACAGCCAGAGTTGGAAGCCCTGCGTGGCC	GGCCACGCAGGGCUUCCAACUCUGGCUGUG	0
NM_002649.3:5477-5506	NM_002649.3	NM_002649.3.fasta	5477	5506	+	30	ACAGCCAGAGTTGGAAGCCCTGCGTGGCCT	AGGCCACGCAGGGCUUCCAACUCUGGCUGU	0
NM_002649.3:5478-5507	NM_002649.3	NM_002649.3.fasta	5478	5507	+	30	CAGCCAGAGTTGGAAGCCCTGCGTGGCCTT	AAGGCCACGCAGGGCUUCCAACUCUGGCUG	0
NM_002649.3:5479-5508	NM_002649.3	NM_002649.3.fasta	5479	5508	+	30	AGCCAGAGTTGGAAGCCCTGCGTGGCCTTT	AAAGGCCACGCAGGGCUUCCAACUCUGGCU	0
NM_002649.3:5480-5509	NM_002649.3	NM_002649.3.fasta	5480	5509	+	30	GCCAGAGTTGGAAGCCCTGCGTGGCCTTTG	CAAAGGCCACGCAGGGCUUCCAACUCUGGC	0
NM_002649.3:5481-5510	NM_002649.3	NM_002649.3.fasta	5481	5510	+	30	CCAGAGTTGGAAGCCCTGCGTGGCCTTTGA	UCAAAGGCCACGCAGGGCUUCCAACUCUGG	0
NM_002649.3:5482-5511	NM_002649.3	NM_002649.3.fasta	5482	5511	+	30	CAGAGTTGGAAGCCCTGCGTGGCCTTTGAA	UUCAAAGGCCACGCAGGGCUUCCAACUCUG	0
NM_002649.3:5483-5512	NM_002649.3	NM_002649.3.fasta	5483	5512	+	30	AGAGTTGGAAGCCCTGCGTGGCCTTTGAAG	CUUCAAAGGCCACGCAGGGCUUCCAACUCU	0
NM_002649.3:5484-5513	NM_002649.3	NM_002649.3.fasta	5484	5513	+	30	GAGTTGGAAGCCCTGCGTGGCCTTTGAAGG	CCUUCAAAGGCCACGCAGGGCUUCCAACUC	0
NM_002649.3:5485-5514	NM_002649.3	NM_002649.3.fasta	5485	5514	+	30	AGTTGGAAGCCCTGCGTGGCCTTTGAAGGT	ACCUUCAAAGGCCACGCAGGGCUUCCAACU	0
NM_002649.3:5486-5515	NM_002649.3	NM_002649.3.fasta	5486	5515	+	30	GTTGGAAGCCCTGCGTGGCCTTTGAAGGTC	GACCUUCAAAGGCCACGCAGGGCUUCCAAC	0
NM_002649.3:5487-5516	NM_002649.3	NM_002649.3.fasta	5487	5516	+	30	TTGGAAGCCCTGCGTGGCCTTTGAAGGTCT	AGACCUUCAAAGGCCACGCAGGGCUUCCAA	0
NM_002649.3:5488-5517	NM_002649.3	NM_002649.3.fasta	5488	5517	+	30	TGGAAGCCCTGCGTGGCCTTTGAAGGTCTA	UAGACCUUCAAAGGCCACGCAGGGCUUCCA	0
NM_002649.3:5489-5518	NM_002649.3	NM_002649.3.fasta	5489	5518	+	30	GGAAGCCCTGCGTGGCCTTTGAAGGTCTAG	CUAGACCUUCAAAGGCCACGCAGGGCUUCC	0
NM_002649.3:5490-5519	NM_002649.3	NM_002649.3.fasta	5490	5519	+	30	GAAGCCCTGCGTGGCCTTTGAAGGTCTAGA	UCUAGACCUUCAAAGGCCACGCAGGGCUUC	0
NM_002649.3:5491-5520	NM_002649.3	NM_002649.3.fasta	5491	5520	+	30	AAGCCCTGCGTGGCCTTTGAAGGTCTAGAT	AUCUAGACCUUCAAAGGCCACGCAGGGCUU	0
NM_002649.3:5492-5521	NM_002649.3	NM_002649.3.fasta	5492	5521	+	30	AGCCCTGCGTGGCCTTTGAAGGTCTAGATG	CAUCUAGACCUUCAAAGGCCACGCAGGGCU	0
NM_002649.3:5493-5522	NM_002649.3	NM_002649.3.fasta	5493	5522	+	30	GCCCTGCGTGGCCTTTGAAGGTCTAGATGA	UCAUCUAGACCUUCAAAGGCCACGCAGGGC	0
NM_002649.3:5494-5523	NM_002649.3	NM_002649.3.fasta	5494	5523	+	30	CCCTGCGTGGCCTTTGAAGGTCTAGATGAT	AUCAUCUAGACCUUCAAAGGCCACGCAGGG	0
NM_002649.3:5495-5524	NM_002649.3	NM_002649.3.fasta	5495	5524	+	30	CCTGCGTGGCCTTTGAAGGTCTAGATGATT	AAUCAUCUAGACCUUCAAAGGCCACGCAGG	0
NM_002649.3:5496-5525	NM_002649.3	NM_002649.3.fasta	5496	5525	+	30	CTGCGTGGCCTTTGAAGGTCTAGATGATTC	GAAUCAUCUAGACCUUCAAAGGCCACGCAG	0
NM_002649.3:5497-5526	NM_002649.3	NM_002649.3.fasta	5497	5526	+	30	TGCGTGGCCTTTGAAGGTCTAGATGATTCT	AGAAUCAUCUAGACCUUCAAAGGCCACGCA	0
NM_002649.3:5498-5527	NM_002649.3	NM_002649.3.fasta	5498	5527	+	30	GCGTGGCCTTTGAAGGTCTAGATGATTCTT	AAGAAUCAUCUAGACCUUCAAAGGCCACGC	0
NM_002649.3:5499-5528	NM_002649.3	NM_002649.3.fasta	5499	5528	+	30	CGTGGCCTTTGAAGGTCTAGATGATTCTTC	GAAGAAUCAUCUAGACCUUCAAAGGCCACG	0
NM_002649.3:5500-5529	NM_002649.3	NM_002649.3.fasta	5500	5529	+	30	GTGGCCTTTGAAGGTCTAGATGATTCTTCT	AGAAGAAUCAUCUAGACCUUCAAAGGCCAC	0
NM_002649.3:5501-5530	NM_002649.3	NM_002649.3.fasta	5501	5530	+	30	TGGCCTTTGAAGGTCTAGATGATTCTTCTT	AAGAAGAAUCAUCUAGACCUUCAAAGGCCA	0
NM_002649.3:5502-5531	NM_002649.3	NM_002649.3.fasta	5502	5531	+	30	GGCCTTTGAAGGTCTAGATGATTCTTCTTC	GAAGAAGAAUCAUCUAGACCUUCAAAGGCC	0
NM_002649.3:5503-5532	NM_002649.3	NM_002649.3.fasta	5503	5532	+	30	GCCTTTGAAGGTCTAGATGATTCTTCTTCC	GGAAGAAGAAUCAUCUAGACCUUCAAAGGC	0
NM_002649.3:5504-5533	NM_002649.3	NM_002649.3.fasta	5504	5533	+	30	CCTTTGAAGGTCTAGATGATTCTTCTTCCT	AGGAAGAAGAAUCAUCUAGACCUUCAAAGG	0
NM_002649.3:5505-5534	NM_002649.3	NM_002649.3.fasta	5505	5534	+	30	CTTTGAAGGTCTAGATGATTCTTCTTCCTT	AAGGAAGAAGAAUCAUCUAGACCUUCAAAG	0
NM_002649.3:5506-5535	NM_002649.3	NM_002649.3.fasta	5506	5535	+	30	TTTGAAGGTCTAGATGATTCTTCTTCCTTG	CAAGGAAGAAGAAUCAUCUAGACCUUCAAA	0
NM_002649.3:5507-5536	NM_002649.3	NM_002649.3.fasta	5507	5536	+	30	TTGAAGGTCTAGATGATTCTTCTTCCTTGC	GCAAGGAAGAAGAAUCAUCUAGACCUUCAA	0
NM_002649.3:5508-5537	NM_002649.3	NM_002649.3.fasta	5508	5537	+	30	TGAAGGTCTAGATGATTCTTCTTCCTTGCC	GGCAAGGAAGAAGAAUCAUCUAGACCUUCA	0
NM_002649.3:5509-5538	NM_002649.3	NM_002649.3.fasta	5509	5538	+	30	GAAGGTCTAGATGATTCTTCTTCCTTGCCC	GGGCAAGGAAGAAGAAUCAUCUAGACCUUC	0
NM_002649.3:5510-5539	NM_002649.3	NM_002649.3.fasta	5510	5539	+	30	AAGGTCTAGATGATTCTTCTTCCTTGCCCT	AGGGCAAGGAAGAAGAAUCAUCUAGACCUU	0
NM_002649.3:5511-5540	NM_002649.3	NM_002649.3.fasta	5511	5540	+	30	AGGTCTAGATGATTCTTCTTCCTTGCCCTT	AAGGGCAAGGAAGAAGAAUCAUCUAGACCU	0
NM_002649.3:5512-5541	NM_002649.3	NM_002649.3.fasta	5512	5541	+	30	GGTCTAGATGATTCTTCTTCCTTGCCCTTT	AAAGGGCAAGGAAGAAGAAUCAUCUAGACC	0
NM_002649.3:5513-5542	NM_002649.3	NM_002649.3.fasta	5513	5542	+	30	GTCTAGATGATTCTTCTTCCTTGCCCTTTG	CAAAGGGCAAGGAAGAAGAAUCAUCUAGAC	0
NM_002649.3:5514-5543	NM_002649.3	NM_002649.3.fasta	5514	5543	+	30	TCTAGATGATTCTTCTTCCTTGCCCTTTGA	UCAAAGGGCAAGGAAGAAGAAUCAUCUAGA	0
NM_002649.3:5515-5544	NM_002649.3	NM_002649.3.fasta	5515	5544	+	30	CTAGATGATTCTTCTTCCTTGCCCTTTGAG	CUCAAAGGGCAAGGAAGAAGAAUCAUCUAG	0
NM_002649.3:5516-5545	NM_002649.3	NM_002649.3.fasta	5516	5545	+	30	TAGATGATTCTTCTTCCTTGCCCTTTGAGC	GCUCAAAGGGCAAGGAAGAAGAAUCAUCUA	0
NM_002649.3:5517-5546	NM_002649.3	NM_002649.3.fasta	5517	5546	+	30	AGATGATTCTTCTTCCTTGCCCTTTGAGCT	AGCUCAAAGGGCAAGGAAGAAGAAUCAUCU	0
NM_002649.3:5518-5547	NM_002649.3	NM_002649.3.fasta	5518	5547	+	30	GATGATTCTTCTTCCTTGCCCTTTGAGCTT	AAGCUCAAAGGGCAAGGAAGAAGAAUCAUC	0
NM_002649.3:5519-5548	NM_002649.3	NM_002649.3.fasta	5519	5548	+	30	ATGATTCTTCTTCCTTGCCCTTTGAGCTTT	AAAGCUCAAAGGGCAAGGAAGAAGAAUCAU	0
NM_002649.3:5520-5549	NM_002649.3	NM_002649.3.fasta	5520	5549	+	30	TGATTCTTCTTCCTTGCCCTTTGAGCTTTT	AAAAGCUCAAAGGGCAAGGAAGAAGAAUCA	0
NM_002649.3:5521-5550	NM_002649.3	NM_002649.3.fasta	5521	5550	+	30	GATTCTTCTTCCTTGCCCTTTGAGCTTTTC	GAAAAGCUCAAAGGGCAAGGAAGAAGAAUC	0
NM_002649.3:5522-5551	NM_002649.3	NM_002649.3.fasta	5522	5551	+	30	ATTCTTCTTCCTTGCCCTTTGAGCTTTTCC	GGAAAAGCUCAAAGGGCAAGGAAGAAGAAU	0
NM_002649.3:5523-5552	NM_002649.3	NM_002649.3.fasta	5523	5552	+	30	TTCTTCTTCCTTGCCCTTTGAGCTTTTCCC	GGGAAAAGCUCAAAGGGCAAGGAAGAAGAA	0
NM_002649.3:5524-5553	NM_002649.3	NM_002649.3.fasta	5524	5553	+	30	TCTTCTTCCTTGCCCTTTGAGCTTTTCCCC	GGGGAAAAGCUCAAAGGGCAAGGAAGAAGA	0
NM_002649.3:5525-5554	NM_002649.3	NM_002649.3.fasta	5525	5554	+	30	CTTCTTCCTTGCCCTTTGAGCTTTTCCCCA	UGGGGAAAAGCUCAAAGGGCAAGGAAGAAG	0
NM_002649.3:5526-5555	NM_002649.3	NM_002649.3.fasta	5526	5555	+	30	TTCTTCCTTGCCCTTTGAGCTTTTCCCCAT	AUGGGGAAAAGCUCAAAGGGCAAGGAAGAA	0
NM_002649.3:5527-5556	NM_002649.3	NM_002649.3.fasta	5527	5556	+	30	TCTTCCTTGCCCTTTGAGCTTTTCCCCATC	GAUGGGGAAAAGCUCAAAGGGCAAGGAAGA	0
NM_002649.3:5528-5557	NM_002649.3	NM_002649.3.fasta	5528	5557	+	30	CTTCCTTGCCCTTTGAGCTTTTCCCCATCT	AGAUGGGGAAAAGCUCAAAGGGCAAGGAAG	0
NM_002649.3:5529-5558	NM_002649.3	NM_002649.3.fasta	5529	5558	+	30	TTCCTTGCCCTTTGAGCTTTTCCCCATCTC	GAGAUGGGGAAAAGCUCAAAGGGCAAGGAA	0
NM_002649.3:5530-5559	NM_002649.3	NM_002649.3.fasta	5530	5559	+	30	TCCTTGCCCTTTGAGCTTTTCCCCATCTCA	UGAGAUGGGGAAAAGCUCAAAGGGCAAGGA	0
NM_002649.3:5531-5560	NM_002649.3	NM_002649.3.fasta	5531	5560	+	30	CCTTGCCCTTTGAGCTTTTCCCCATCTCAC	GUGAGAUGGGGAAAAGCUCAAAGGGCAAGG	0
NM_002649.3:5532-5561	NM_002649.3	NM_002649.3.fasta	5532	5561	+	30	CTTGCCCTTTGAGCTTTTCCCCATCTCACA	UGUGAGAUGGGGAAAAGCUCAAAGGGCAAG	0
NM_002649.3:5533-5562	NM_002649.3	NM_002649.3.fasta	5533	5562	+	30	TTGCCCTTTGAGCTTTTCCCCATCTCACAG	CUGUGAGAUGGGGAAAAGCUCAAAGGGCAA	0
NM_002649.3:5534-5563	NM_002649.3	NM_002649.3.fasta	5534	5563	+	30	TGCCCTTTGAGCTTTTCCCCATCTCACAGG	CCUGUGAGAUGGGGAAAAGCUCAAAGGGCA	0
NM_002649.3:5535-5564	NM_002649.3	NM_002649.3.fasta	5535	5564	+	30	GCCCTTTGAGCTTTTCCCCATCTCACAGGT	ACCUGUGAGAUGGGGAAAAGCUCAAAGGGC	0
NM_002649.3:5536-5565	NM_002649.3	NM_002649.3.fasta	5536	5565	+	30	CCCTTTGAGCTTTTCCCCATCTCACAGGTA	UACCUGUGAGAUGGGGAAAAGCUCAAAGGG	0
NM_002649.3:5537-5566	NM_002649.3	NM_002649.3.fasta	5537	5566	+	30	CCTTTGAGCTTTTCCCCATCTCACAGGTAT	AUACCUGUGAGAUGGGGAAAAGCUCAAAGG	0
NM_002649.3:5538-5567	NM_002649.3	NM_002649.3.fasta	5538	5567	+	30	CTTTGAGCTTTTCCCCATCTCACAGGTATC	GAUACCUGUGAGAUGGGGAAAAGCUCAAAG	0
NM_002649.3:5539-5568	NM_002649.3	NM_002649.3.fasta	5539	5568	+	30	TTTGAGCTTTTCCCCATCTCACAGGTATCT	AGAUACCUGUGAGAUGGGGAAAAGCUCAAA	0
NM_002649.3:5540-5569	NM_002649.3	NM_002649.3.fasta	5540	5569	+	30	TTGAGCTTTTCCCCATCTCACAGGTATCTA	UAGAUACCUGUGAGAUGGGGAAAAGCUCAA	0
NM_002649.3:5541-5570	NM_002649.3	NM_002649.3.fasta	5541	5570	+	30	TGAGCTTTTCCCCATCTCACAGGTATCTAG	CUAGAUACCUGUGAGAUGGGGAAAAGCUCA	0
NM_002649.3:5542-5571	NM_002649.3	NM_002649.3.fasta	5542	5571	+	30	GAGCTTTTCCCCATCTCACAGGTATCTAGA	UCUAGAUACCUGUGAGAUGGGGAAAAGCUC	0
NM_002649.3:5543-5572	NM_002649.3	NM_002649.3.fasta	5543	5572	+	30	AGCTTTTCCCCATCTCACAGGTATCTAGAA	UUCUAGAUACCUGUGAGAUGGGGAAAAGCU	0
NM_002649.3:5544-5573	NM_002649.3	NM_002649.3.fasta	5544	5573	+	30	GCTTTTCCCCATCTCACAGGTATCTAGAAA	UUUCUAGAUACCUGUGAGAUGGGGAAAAGC	0
NM_002649.3:5545-5574	NM_002649.3	NM_002649.3.fasta	5545	5574	+	30	CTTTTCCCCATCTCACAGGTATCTAGAAAA	UUUUCUAGAUACCUGUGAGAUGGGGAAAAG	0
NM_002649.3:5546-5575	NM_002649.3	NM_002649.3.fasta	5546	5575	+	30	TTTTCCCCATCTCACAGGTATCTAGAAAAA	UUUUUCUAGAUACCUGUGAGAUGGGGAAAA	0
NM_002649.3:5547-5576	NM_002649.3	NM_002649.3.fasta	5547	5576	+	30	TTTCCCCATCTCACAGGTATCTAGAAAAAA	UUUUUUCUAGAUACCUGUGAGAUGGGGAAA	0
NM_002649.3:5548-5577	NM_002649.3	NM_002649.3.fasta	5548	5577	+	30	TTCCCCATCTCACAGGTATCTAGAAAAAAA	UUUUUUUCUAGAUACCUGUGAGAUGGGGAA	0
NM_002649.3:5549-5578	NM_002649.3	NM_002649.3.fasta	5549	5578	+	30	TCCCCATCTCACAGGTATCTAGAAAAAAAC	GUUUUUUUCUAGAUACCUGUGAGAUGGGGA	0
NM_002649.3:5550-5579	NM_002649.3	NM_002649.3.fasta	5550	5579	+	30	CCCCATCTCACAGGTATCTAGAAAAAAACT	AGUUUUUUUCUAGAUACCUGUGAGAUGGGG	0
NM_002649.3:5551-5580	NM_002649.3	NM_002649.3.fasta	5551	5580	+	30	CCCATCTCACAGGTATCTAGAAAAAAACTC	GAGUUUUUUUCUAGAUACCUGUGAGAUGGG	0
NM_002649.3:5552-5581	NM_002649.3	NM_002649.3.fasta	5552	5581	+	30	CCATCTCACAGGTATCTAGAAAAAAACTCC	GGAGUUUUUUUCUAGAUACCUGUGAGAUGG	0
NM_002649.3:5553-5582	NM_002649.3	NM_002649.3.fasta	5553	5582	+	30	CATCTCACAGGTATCTAGAAAAAAACTCCT	AGGAGUUUUUUUCUAGAUACCUGUGAGAUG	0
NM_002649.3:5554-5583	NM_002649.3	NM_002649.3.fasta	5554	5583	+	30	ATCTCACAGGTATCTAGAAAAAAACTCCTC	GAGGAGUUUUUUUCUAGAUACCUGUGAGAU	0
NM_002649.3:5555-5584	NM_002649.3	NM_002649.3.fasta	5555	5584	+	30	TCTCACAGGTATCTAGAAAAAAACTCCTCT	AGAGGAGUUUUUUUCUAGAUACCUGUGAGA	0
NM_002649.3:5556-5585	NM_002649.3	NM_002649.3.fasta	5556	5585	+	30	CTCACAGGTATCTAGAAAAAAACTCCTCTT	AAGAGGAGUUUUUUUCUAGAUACCUGUGAG	0
NM_002649.3:5557-5586	NM_002649.3	NM_002649.3.fasta	5557	5586	+	30	TCACAGGTATCTAGAAAAAAACTCCTCTTC	GAAGAGGAGUUUUUUUCUAGAUACCUGUGA	0
NM_002649.3:5558-5587	NM_002649.3	NM_002649.3.fasta	5558	5587	+	30	CACAGGTATCTAGAAAAAAACTCCTCTTCT	AGAAGAGGAGUUUUUUUCUAGAUACCUGUG	0
NM_002649.3:5559-5588	NM_002649.3	NM_002649.3.fasta	5559	5588	+	30	ACAGGTATCTAGAAAAAAACTCCTCTTCTT	AAGAAGAGGAGUUUUUUUCUAGAUACCUGU	0
NM_002649.3:5560-5589	NM_002649.3	NM_002649.3.fasta	5560	5589	+	30	CAGGTATCTAGAAAAAAACTCCTCTTCTTT	AAAGAAGAGGAGUUUUUUUCUAGAUACCUG	0
NM_002649.3:5561-5590	NM_002649.3	NM_002649.3.fasta	5561	5590	+	30	AGGTATCTAGAAAAAAACTCCTCTTCTTTG	CAAAGAAGAGGAGUUUUUUUCUAGAUACCU	0
NM_002649.3:5562-5591	NM_002649.3	NM_002649.3.fasta	5562	5591	+	30	GGTATCTAGAAAAAAACTCCTCTTCTTTGG	CCAAAGAAGAGGAGUUUUUUUCUAGAUACC	0
NM_002649.3:5563-5592	NM_002649.3	NM_002649.3.fasta	5563	5592	+	30	GTATCTAGAAAAAAACTCCTCTTCTTTGGC	GCCAAAGAAGAGGAGUUUUUUUCUAGAUAC	0
NM_002649.3:5564-5593	NM_002649.3	NM_002649.3.fasta	5564	5593	+	30	TATCTAGAAAAAAACTCCTCTTCTTTGGCA	UGCCAAAGAAGAGGAGUUUUUUUCUAGAUA	0
NM_002649.3:5565-5594	NM_002649.3	NM_002649.3.fasta	5565	5594	+	30	ATCTAGAAAAAAACTCCTCTTCTTTGGCAA	UUGCCAAAGAAGAGGAGUUUUUUUCUAGAU	0
NM_002649.3:5566-5595	NM_002649.3	NM_002649.3.fasta	5566	5595	+	30	TCTAGAAAAAAACTCCTCTTCTTTGGCAAC	GUUGCCAAAGAAGAGGAGUUUUUUUCUAGA	0
NM_002649.3:5567-5596	NM_002649.3	NM_002649.3.fasta	5567	5596	+	30	CTAGAAAAAAACTCCTCTTCTTTGGCAACC	GGUUGCCAAAGAAGAGGAGUUUUUUUCUAG	0
NM_002649.3:5568-5597	NM_002649.3	NM_002649.3.fasta	5568	5597	+	30	TAGAAAAAAACTCCTCTTCTTTGGCAACCT	AGGUUGCCAAAGAAGAGGAGUUUUUUUCUA	0
NM_002649.3:5569-5598	NM_002649.3	NM_002649.3.fasta	5569	5598	+	30	AGAAAAAAACTCCTCTTCTTTGGCAACCTG	CAGGUUGCCAAAGAAGAGGAGUUUUUUUCU	0
NM_002649.3:5570-5599	NM_002649.3	NM_002649.3.fasta	5570	5599	+	30	GAAAAAAACTCCTCTTCTTTGGCAACCTGT	ACAGGUUGCCAAAGAAGAGGAGUUUUUUUC	0
NM_002649.3:5571-5600	NM_002649.3	NM_002649.3.fasta	5571	5600	+	30	AAAAAAACTCCTCTTCTTTGGCAACCTGTC	GACAGGUUGCCAAAGAAGAGGAGUUUUUUU	0
NM_002649.3:5572-5601	NM_002649.3	NM_002649.3.fasta	5572	5601	+	30	AAAAAACTCCTCTTCTTTGGCAACCTGTCC	GGACAGGUUGCCAAAGAAGAGGAGUUUUUU	0
NM_002649.3:5573-5602	NM_002649.3	NM_002649.3.fasta	5573	5602	+	30	AAAAACTCCTCTTCTTTGGCAACCTGTCCT	AGGACAGGUUGCCAAAGAAGAGGAGUUUUU	0
NM_002649.3:5574-5603	NM_002649.3	NM_002649.3.fasta	5574	5603	+	30	AAAACTCCTCTTCTTTGGCAACCTGTCCTT	AAGGACAGGUUGCCAAAGAAGAGGAGUUUU	0
NM_002649.3:5575-5604	NM_002649.3	NM_002649.3.fasta	5575	5604	+	30	AAACTCCTCTTCTTTGGCAACCTGTCCTTT	AAAGGACAGGUUGCCAAAGAAGAGGAGUUU	0
NM_002649.3:5576-5605	NM_002649.3	NM_002649.3.fasta	5576	5605	+	30	AACTCCTCTTCTTTGGCAACCTGTCCTTTT	AAAAGGACAGGUUGCCAAAGAAGAGGAGUU	0
NM_002649.3:5577-5606	NM_002649.3	NM_002649.3.fasta	5577	5606	+	30	ACTCCTCTTCTTTGGCAACCTGTCCTTTTA	UAAAAGGACAGGUUGCCAAAGAAGAGGAGU	0
NM_002649.3:5578-5607	NM_002649.3	NM_002649.3.fasta	5578	5607	+	30	CTCCTCTTCTTTGGCAACCTGTCCTTTTAA	UUAAAAGGACAGGUUGCCAAAGAAGAGGAG	0
NM_002649.3:5579-5608	NM_002649.3	NM_002649.3.fasta	5579	5608	+	30	TCCTCTTCTTTGGCAACCTGTCCTTTTAAA	UUUAAAAGGACAGGUUGCCAAAGAAGAGGA	0
NM_002649.3:5580-5609	NM_002649.3	NM_002649.3.fasta	5580	5609	+	30	CCTCTTCTTTGGCAACCTGTCCTTTTAAAA	UUUUAAAAGGACAGGUUGCCAAAGAAGAGG	0
NM_002649.3:5581-5610	NM_002649.3	NM_002649.3.fasta	5581	5610	+	30	CTCTTCTTTGGCAACCTGTCCTTTTAAAAT	AUUUUAAAAGGACAGGUUGCCAAAGAAGAG	0
NM_002649.3:5582-5611	NM_002649.3	NM_002649.3.fasta	5582	5611	+	30	TCTTCTTTGGCAACCTGTCCTTTTAAAATC	GAUUUUAAAAGGACAGGUUGCCAAAGAAGA	0
NM_002649.3:5583-5612	NM_002649.3	NM_002649.3.fasta	5583	5612	+	30	CTTCTTTGGCAACCTGTCCTTTTAAAATCA	UGAUUUUAAAAGGACAGGUUGCCAAAGAAG	0
NM_002649.3:5584-5613	NM_002649.3	NM_002649.3.fasta	5584	5613	+	30	TTCTTTGGCAACCTGTCCTTTTAAAATCAC	GUGAUUUUAAAAGGACAGGUUGCCAAAGAA	0
NM_002649.3:5585-5614	NM_002649.3	NM_002649.3.fasta	5585	5614	+	30	TCTTTGGCAACCTGTCCTTTTAAAATCACA	UGUGAUUUUAAAAGGACAGGUUGCCAAAGA	0
NM_002649.3:5586-5615	NM_002649.3	NM_002649.3.fasta	5586	5615	+	30	CTTTGGCAACCTGTCCTTTTAAAATCACAC	GUGUGAUUUUAAAAGGACAGGUUGCCAAAG	0
NM_002649.3:5587-5616	NM_002649.3	NM_002649.3.fasta	5587	5616	+	30	TTTGGCAACCTGTCCTTTTAAAATCACACT	AGUGUGAUUUUAAAAGGACAGGUUGCCAAA	0
NM_002649.3:5588-5617	NM_002649.3	NM_002649.3.fasta	5588	5617	+	30	TTGGCAACCTGTCCTTTTAAAATCACACTC	GAGUGUGAUUUUAAAAGGACAGGUUGCCAA	0
NM_002649.3:5589-5618	NM_002649.3	NM_002649.3.fasta	5589	5618	+	30	TGGCAACCTGTCCTTTTAAAATCACACTCT	AGAGUGUGAUUUUAAAAGGACAGGUUGCCA	0
NM_002649.3:5590-5619	NM_002649.3	NM_002649.3.fasta	5590	5619	+	30	GGCAACCTGTCCTTTTAAAATCACACTCTA	UAGAGUGUGAUUUUAAAAGGACAGGUUGCC	0
NM_002649.3:5591-5620	NM_002649.3	NM_002649.3.fasta	5591	5620	+	30	GCAACCTGTCCTTTTAAAATCACACTCTAC	GUAGAGUGUGAUUUUAAAAGGACAGGUUGC	0
NM_002649.3:5592-5621	NM_002649.3	NM_002649.3.fasta	5592	5621	+	30	CAACCTGTCCTTTTAAAATCACACTCTACC	GGUAGAGUGUGAUUUUAAAAGGACAGGUUG	0
NM_002649.3:5593-5622	NM_002649.3	NM_002649.3.fasta	5593	5622	+	30	AACCTGTCCTTTTAAAATCACACTCTACCC	GGGUAGAGUGUGAUUUUAAAAGGACAGGUU	0
NM_002649.3:5594-5623	NM_002649.3	NM_002649.3.fasta	5594	5623	+	30	ACCTGTCCTTTTAAAATCACACTCTACCCA	UGGGUAGAGUGUGAUUUUAAAAGGACAGGU	0
NM_002649.3:5595-5624	NM_002649.3	NM_002649.3.fasta	5595	5624	+	30	CCTGTCCTTTTAAAATCACACTCTACCCAC	GUGGGUAGAGUGUGAUUUUAAAAGGACAGG	0
NM_002649.3:5596-5625	NM_002649.3	NM_002649.3.fasta	5596	5625	+	30	CTGTCCTTTTAAAATCACACTCTACCCACC	GGUGGGUAGAGUGUGAUUUUAAAAGGACAG	0
NM_002649.3:5597-5626	NM_002649.3	NM_002649.3.fasta	5597	5626	+	30	TGTCCTTTTAAAATCACACTCTACCCACCT	AGGUGGGUAGAGUGUGAUUUUAAAAGGACA	0
NM_002649.3:5598-5627	NM_002649.3	NM_002649.3.fasta	5598	5627	+	30	GTCCTTTTAAAATCACACTCTACCCACCTG	CAGGUGGGUAGAGUGUGAUUUUAAAAGGAC	0
NM_002649.3:5599-5628	NM_002649.3	NM_002649.3.fasta	5599	5628	+	30	TCCTTTTAAAATCACACTCTACCCACCTGT	ACAGGUGGGUAGAGUGUGAUUUUAAAAGGA	0
NM_002649.3:5600-5629	NM_002649.3	NM_002649.3.fasta	5600	5629	+	30	CCTTTTAAAATCACACTCTACCCACCTGTA	UACAGGUGGGUAGAGUGUGAUUUUAAAAGG	0
NM_002649.3:5601-5630	NM_002649.3	NM_002649.3.fasta	5601	5630	+	30	CTTTTAAAATCACACTCTACCCACCTGTAC	GUACAGGUGGGUAGAGUGUGAUUUUAAAAG	0
NM_002649.3:5602-5631	NM_002649.3	NM_002649.3.fasta	5602	5631	+	30	TTTTAAAATCACACTCTACCCACCTGTACA	UGUACAGGUGGGUAGAGUGUGAUUUUAAAA	0
NM_002649.3:5603-5632	NM_002649.3	NM_002649.3.fasta	5603	5632	+	30	TTTAAAATCACACTCTACCCACCTGTACAG	CUGUACAGGUGGGUAGAGUGUGAUUUUAAA	0
NM_002649.3:5604-5633	NM_002649.3	NM_002649.3.fasta	5604	5633	+	30	TTAAAATCACACTCTACCCACCTGTACAGA	UCUGUACAGGUGGGUAGAGUGUGAUUUUAA	0
NM_002649.3:5605-5634	NM_002649.3	NM_002649.3.fasta	5605	5634	+	30	TAAAATCACACTCTACCCACCTGTACAGAA	UUCUGUACAGGUGGGUAGAGUGUGAUUUUA	0
NM_002649.3:5606-5635	NM_002649.3	NM_002649.3.fasta	5606	5635	+	30	AAAATCACACTCTACCCACCTGTACAGAAG	CUUCUGUACAGGUGGGUAGAGUGUGAUUUU	0
NM_002649.3:5607-5636	NM_002649.3	NM_002649.3.fasta	5607	5636	+	30	AAATCACACTCTACCCACCTGTACAGAAGA	UCUUCUGUACAGGUGGGUAGAGUGUGAUUU	0
NM_002649.3:5608-5637	NM_002649.3	NM_002649.3.fasta	5608	5637	+	30	AATCACACTCTACCCACCTGTACAGAAGAC	GUCUUCUGUACAGGUGGGUAGAGUGUGAUU	0
NM_002649.3:5609-5638	NM_002649.3	NM_002649.3.fasta	5609	5638	+	30	ATCACACTCTACCCACCTGTACAGAAGACC	GGUCUUCUGUACAGGUGGGUAGAGUGUGAU	0
NM_002649.3:5610-5639	NM_002649.3	NM_002649.3.fasta	5610	5639	+	30	TCACACTCTACCCACCTGTACAGAAGACCA	UGGUCUUCUGUACAGGUGGGUAGAGUGUGA	0
NM_002649.3:5611-5640	NM_002649.3	NM_002649.3.fasta	5611	5640	+	30	CACACTCTACCCACCTGTACAGAAGACCAT	AUGGUCUUCUGUACAGGUGGGUAGAGUGUG	0
NM_002649.3:5612-5641	NM_002649.3	NM_002649.3.fasta	5612	5641	+	30	ACACTCTACCCACCTGTACAGAAGACCATG	CAUGGUCUUCUGUACAGGUGGGUAGAGUGU	0
NM_002649.3:5613-5642	NM_002649.3	NM_002649.3.fasta	5613	5642	+	30	CACTCTACCCACCTGTACAGAAGACCATGC	GCAUGGUCUUCUGUACAGGUGGGUAGAGUG	0
NM_002649.3:5614-5643	NM_002649.3	NM_002649.3.fasta	5614	5643	+	30	ACTCTACCCACCTGTACAGAAGACCATGCC	GGCAUGGUCUUCUGUACAGGUGGGUAGAGU	0
NM_002649.3:5615-5644	NM_002649.3	NM_002649.3.fasta	5615	5644	+	30	CTCTACCCACCTGTACAGAAGACCATGCCC	GGGCAUGGUCUUCUGUACAGGUGGGUAGAG	0
NM_002649.3:5616-5645	NM_002649.3	NM_002649.3.fasta	5616	5645	+	30	TCTACCCACCTGTACAGAAGACCATGCCCT	AGGGCAUGGUCUUCUGUACAGGUGGGUAGA	0
NM_002649.3:5617-5646	NM_002649.3	NM_002649.3.fasta	5617	5646	+	30	CTACCCACCTGTACAGAAGACCATGCCCTA	UAGGGCAUGGUCUUCUGUACAGGUGGGUAG	0
NM_002649.3:5618-5647	NM_002649.3	NM_002649.3.fasta	5618	5647	+	30	TACCCACCTGTACAGAAGACCATGCCCTAT	AUAGGGCAUGGUCUUCUGUACAGGUGGGUA	0
NM_002649.3:5619-5648	NM_002649.3	NM_002649.3.fasta	5619	5648	+	30	ACCCACCTGTACAGAAGACCATGCCCTATA	UAUAGGGCAUGGUCUUCUGUACAGGUGGGU	0
NM_002649.3:5620-5649	NM_002649.3	NM_002649.3.fasta	5620	5649	+	30	CCCACCTGTACAGAAGACCATGCCCTATAA	UUAUAGGGCAUGGUCUUCUGUACAGGUGGG	0
NM_002649.3:5621-5650	NM_002649.3	NM_002649.3.fasta	5621	5650	+	30	CCACCTGTACAGAAGACCATGCCCTATAAT	AUUAUAGGGCAUGGUCUUCUGUACAGGUGG	0
NM_002649.3:5622-5651	NM_002649.3	NM_002649.3.fasta	5622	5651	+	30	CACCTGTACAGAAGACCATGCCCTATAATG	CAUUAUAGGGCAUGGUCUUCUGUACAGGUG	0
NM_002649.3:5623-5652	NM_002649.3	NM_002649.3.fasta	5623	5652	+	30	ACCTGTACAGAAGACCATGCCCTATAATGA	UCAUUAUAGGGCAUGGUCUUCUGUACAGGU	0
NM_002649.3:5624-5653	NM_002649.3	NM_002649.3.fasta	5624	5653	+	30	CCTGTACAGAAGACCATGCCCTATAATGAA	UUCAUUAUAGGGCAUGGUCUUCUGUACAGG	0
NM_002649.3:5625-5654	NM_002649.3	NM_002649.3.fasta	5625	5654	+	30	CTGTACAGAAGACCATGCCCTATAATGAAA	UUUCAUUAUAGGGCAUGGUCUUCUGUACAG	0
NM_002649.3:5626-5655	NM_002649.3	NM_002649.3.fasta	5626	5655	+	30	TGTACAGAAGACCATGCCCTATAATGAAAT	AUUUCAUUAUAGGGCAUGGUCUUCUGUACA	0
NM_002649.3:5627-5656	NM_002649.3	NM_002649.3.fasta	5627	5656	+	30	GTACAGAAGACCATGCCCTATAATGAAATG	CAUUUCAUUAUAGGGCAUGGUCUUCUGUAC	0
NM_002649.3:5628-5657	NM_002649.3	NM_002649.3.fasta	5628	5657	+	30	TACAGAAGACCATGCCCTATAATGAAATGT	ACAUUUCAUUAUAGGGCAUGGUCUUCUGUA	0
NM_002649.3:5629-5658	NM_002649.3	NM_002649.3.fasta	5629	5658	+	30	ACAGAAGACCATGCCCTATAATGAAATGTT	AACAUUUCAUUAUAGGGCAUGGUCUUCUGU	0
NM_002649.3:5630-5659	NM_002649.3	NM_002649.3.fasta	5630	5659	+	30	CAGAAGACCATGCCCTATAATGAAATGTTT	AAACAUUUCAUUAUAGGGCAUGGUCUUCUG	0
NM_002649.3:5631-5660	NM_002649.3	NM_002649.3.fasta	5631	5660	+	30	AGAAGACCATGCCCTATAATGAAATGTTTA	UAAACAUUUCAUUAUAGGGCAUGGUCUUCU	0
NM_002649.3:5632-5661	NM_002649.3	NM_002649.3.fasta	5632	5661	+	30	GAAGACCATGCCCTATAATGAAATGTTTAT	AUAAACAUUUCAUUAUAGGGCAUGGUCUUC	0
NM_002649.3:5633-5662	NM_002649.3	NM_002649.3.fasta	5633	5662	+	30	AAGACCATGCCCTATAATGAAATGTTTATT	AAUAAACAUUUCAUUAUAGGGCAUGGUCUU	0
NM_002649.3:5634-5663	NM_002649.3	NM_002649.3.fasta	5634	5663	+	30	AGACCATGCCCTATAATGAAATGTTTATTC	GAAUAAACAUUUCAUUAUAGGGCAUGGUCU	0
NM_002649.3:5635-5664	NM_002649.3	NM_002649.3.fasta	5635	5664	+	30	GACCATGCCCTATAATGAAATGTTTATTCC	GGAAUAAACAUUUCAUUAUAGGGCAUGGUC	0
NM_002649.3:5636-5665	NM_002649.3	NM_002649.3.fasta	5636	5665	+	30	ACCATGCCCTATAATGAAATGTTTATTCCT	AGGAAUAAACAUUUCAUUAUAGGGCAUGGU	0
NM_002649.3:5637-5666	NM_002649.3	NM_002649.3.fasta	5637	5666	+	30	CCATGCCCTATAATGAAATGTTTATTCCTA	UAGGAAUAAACAUUUCAUUAUAGGGCAUGG	0
NM_002649.3:5638-5667	NM_002649.3	NM_002649.3.fasta	5638	5667	+	30	CATGCCCTATAATGAAATGTTTATTCCTAT	AUAGGAAUAAACAUUUCAUUAUAGGGCAUG	0
NM_002649.3:5639-5668	NM_002649.3	NM_002649.3.fasta	5639	5668	+	30	ATGCCCTATAATGAAATGTTTATTCCTATC	GAUAGGAAUAAACAUUUCAUUAUAGGGCAU	0
NM_002649.3:5640-5669	NM_002649.3	NM_002649.3.fasta	5640	5669	+	30	TGCCCTATAATGAAATGTTTATTCCTATCT	AGAUAGGAAUAAACAUUUCAUUAUAGGGCA	0
NM_002649.3:5641-5670	NM_002649.3	NM_002649.3.fasta	5641	5670	+	30	GCCCTATAATGAAATGTTTATTCCTATCTA	UAGAUAGGAAUAAACAUUUCAUUAUAGGGC	0
NM_002649.3:5642-5671	NM_002649.3	NM_002649.3.fasta	5642	5671	+	30	CCCTATAATGAAATGTTTATTCCTATCTAT	AUAGAUAGGAAUAAACAUUUCAUUAUAGGG	0
NM_002649.3:5643-5672	NM_002649.3	NM_002649.3.fasta	5643	5672	+	30	CCTATAATGAAATGTTTATTCCTATCTATA	UAUAGAUAGGAAUAAACAUUUCAUUAUAGG	0
NM_002649.3:5644-5673	NM_002649.3	NM_002649.3.fasta	5644	5673	+	30	CTATAATGAAATGTTTATTCCTATCTATAA	UUAUAGAUAGGAAUAAACAUUUCAUUAUAG	0
NM_002649.3:5645-5674	NM_002649.3	NM_002649.3.fasta	5645	5674	+	30	TATAATGAAATGTTTATTCCTATCTATAAA	UUUAUAGAUAGGAAUAAACAUUUCAUUAUA	0
NM_002649.3:5646-5675	NM_002649.3	NM_002649.3.fasta	5646	5675	+	30	ATAATGAAATGTTTATTCCTATCTATAAAT	AUUUAUAGAUAGGAAUAAACAUUUCAUUAU	0
NM_002649.3:5647-5676	NM_002649.3	NM_002649.3.fasta	5647	5676	+	30	TAATGAAATGTTTATTCCTATCTATAAATG	CAUUUAUAGAUAGGAAUAAACAUUUCAUUA	0
NM_002649.3:5648-5677	NM_002649.3	NM_002649.3.fasta	5648	5677	+	30	AATGAAATGTTTATTCCTATCTATAAATGG	CCAUUUAUAGAUAGGAAUAAACAUUUCAUU	0
NM_002649.3:5649-5678	NM_002649.3	NM_002649.3.fasta	5649	5678	+	30	ATGAAATGTTTATTCCTATCTATAAATGGA	UCCAUUUAUAGAUAGGAAUAAACAUUUCAU	0
NM_002649.3:5650-5679	NM_002649.3	NM_002649.3.fasta	5650	5679	+	30	TGAAATGTTTATTCCTATCTATAAATGGAG	CUCCAUUUAUAGAUAGGAAUAAACAUUUCA	0
NM_002649.3:5651-5680	NM_002649.3	NM_002649.3.fasta	5651	5680	+	30	GAAATGTTTATTCCTATCTATAAATGGAGG	CCUCCAUUUAUAGAUAGGAAUAAACAUUUC	0
NM_002649.3:5652-5681	NM_002649.3	NM_002649.3.fasta	5652	5681	+	30	AAATGTTTATTCCTATCTATAAATGGAGGA	UCCUCCAUUUAUAGAUAGGAAUAAACAUUU	0
NM_002649.3:5653-5682	NM_002649.3	NM_002649.3.fasta	5653	5682	+	30	AATGTTTATTCCTATCTATAAATGGAGGAT	AUCCUCCAUUUAUAGAUAGGAAUAAACAUU	0
NM_002649.3:5654-5683	NM_002649.3	NM_002649.3.fasta	5654	5683	+	30	ATGTTTATTCCTATCTATAAATGGAGGATA	UAUCCUCCAUUUAUAGAUAGGAAUAAACAU	0
NM_002649.3:5655-5684	NM_002649.3	NM_002649.3.fasta	5655	5684	+	30	TGTTTATTCCTATCTATAAATGGAGGATAA	UUAUCCUCCAUUUAUAGAUAGGAAUAAACA	0
NM_002649.3:5656-5685	NM_002649.3	NM_002649.3.fasta	5656	5685	+	30	GTTTATTCCTATCTATAAATGGAGGATAAA	UUUAUCCUCCAUUUAUAGAUAGGAAUAAAC	0
NM_002649.3:5657-5686	NM_002649.3	NM_002649.3.fasta	5657	5686	+	30	TTTATTCCTATCTATAAATGGAGGATAAAC	GUUUAUCCUCCAUUUAUAGAUAGGAAUAAA	0
NM_002649.3:5658-5687	NM_002649.3	NM_002649.3.fasta	5658	5687	+	30	TTATTCCTATCTATAAATGGAGGATAAACA	UGUUUAUCCUCCAUUUAUAGAUAGGAAUAA	0
NM_002649.3:5659-5688	NM_002649.3	NM_002649.3.fasta	5659	5688	+	30	TATTCCTATCTATAAATGGAGGATAAACAT	AUGUUUAUCCUCCAUUUAUAGAUAGGAAUA	0
NM_002649.3:5660-5689	NM_002649.3	NM_002649.3.fasta	5660	5689	+	30	ATTCCTATCTATAAATGGAGGATAAACATT	AAUGUUUAUCCUCCAUUUAUAGAUAGGAAU	0
NM_002649.3:5661-5690	NM_002649.3	NM_002649.3.fasta	5661	5690	+	30	TTCCTATCTATAAATGGAGGATAAACATTT	AAAUGUUUAUCCUCCAUUUAUAGAUAGGAA	0
NM_002649.3:5662-5691	NM_002649.3	NM_002649.3.fasta	5662	5691	+	30	TCCTATCTATAAATGGAGGATAAACATTTT	AAAAUGUUUAUCCUCCAUUUAUAGAUAGGA	0
NM_002649.3:5663-5692	NM_002649.3	NM_002649.3.fasta	5663	5692	+	30	CCTATCTATAAATGGAGGATAAACATTTTG	CAAAAUGUUUAUCCUCCAUUUAUAGAUAGG	0
NM_002649.3:5664-5693	NM_002649.3	NM_002649.3.fasta	5664	5693	+	30	CTATCTATAAATGGAGGATAAACATTTTGT	ACAAAAUGUUUAUCCUCCAUUUAUAGAUAG	0
NM_002649.3:5665-5694	NM_002649.3	NM_002649.3.fasta	5665	5694	+	30	TATCTATAAATGGAGGATAAACATTTTGTG	CACAAAAUGUUUAUCCUCCAUUUAUAGAUA	0
NM_002649.3:5666-5695	NM_002649.3	NM_002649.3.fasta	5666	5695	+	30	ATCTATAAATGGAGGATAAACATTTTGTGG	CCACAAAAUGUUUAUCCUCCAUUUAUAGAU	0
NM_002649.3:5667-5696	NM_002649.3	NM_002649.3.fasta	5667	5696	+	30	TCTATAAATGGAGGATAAACATTTTGTGGC	GCCACAAAAUGUUUAUCCUCCAUUUAUAGA	0
NM_002649.3:5668-5697	NM_002649.3	NM_002649.3.fasta	5668	5697	+	30	CTATAAATGGAGGATAAACATTTTGTGGCA	UGCCACAAAAUGUUUAUCCUCCAUUUAUAG	0
NM_002649.3:5669-5698	NM_002649.3	NM_002649.3.fasta	5669	5698	+	30	TATAAATGGAGGATAAACATTTTGTGGCAC	GUGCCACAAAAUGUUUAUCCUCCAUUUAUA	0
NM_002649.3:5670-5699	NM_002649.3	NM_002649.3.fasta	5670	5699	+	30	ATAAATGGAGGATAAACATTTTGTGGCACT	AGUGCCACAAAAUGUUUAUCCUCCAUUUAU	0
NM_002649.3:5671-5700	NM_002649.3	NM_002649.3.fasta	5671	5700	+	30	TAAATGGAGGATAAACATTTTGTGGCACTT	AAGUGCCACAAAAUGUUUAUCCUCCAUUUA	0
NM_002649.3:5672-5701	NM_002649.3	NM_002649.3.fasta	5672	5701	+	30	AAATGGAGGATAAACATTTTGTGGCACTTC	GAAGUGCCACAAAAUGUUUAUCCUCCAUUU	0
NM_002649.3:5673-5702	NM_002649.3	NM_002649.3.fasta	5673	5702	+	30	AATGGAGGATAAACATTTTGTGGCACTTCT	AGAAGUGCCACAAAAUGUUUAUCCUCCAUU	0
NM_002649.3:5674-5703	NM_002649.3	NM_002649.3.fasta	5674	5703	+	30	ATGGAGGATAAACATTTTGTGGCACTTCTG	CAGAAGUGCCACAAAAUGUUUAUCCUCCAU	0
NM_002649.3:5675-5704	NM_002649.3	NM_002649.3.fasta	5675	5704	+	30	TGGAGGATAAACATTTTGTGGCACTTCTGG	CCAGAAGUGCCACAAAAUGUUUAUCCUCCA	0
NM_002649.3:5676-5705	NM_002649.3	NM_002649.3.fasta	5676	5705	+	30	GGAGGATAAACATTTTGTGGCACTTCTGGA	UCCAGAAGUGCCACAAAAUGUUUAUCCUCC	0
NM_002649.3:5677-5706	NM_002649.3	NM_002649.3.fasta	5677	5706	+	30	GAGGATAAACATTTTGTGGCACTTCTGGAC	GUCCAGAAGUGCCACAAAAUGUUUAUCCUC	0
NM_002649.3:5678-5707	NM_002649.3	NM_002649.3.fasta	5678	5707	+	30	AGGATAAACATTTTGTGGCACTTCTGGACC	GGUCCAGAAGUGCCACAAAAUGUUUAUCCU	0
NM_002649.3:5679-5708	NM_002649.3	NM_002649.3.fasta	5679	5708	+	30	GGATAAACATTTTGTGGCACTTCTGGACCA	UGGUCCAGAAGUGCCACAAAAUGUUUAUCC	0
NM_002649.3:5680-5709	NM_002649.3	NM_002649.3.fasta	5680	5709	+	30	GATAAACATTTTGTGGCACTTCTGGACCAA	UUGGUCCAGAAGUGCCACAAAAUGUUUAUC	0
NM_002649.3:5681-5710	NM_002649.3	NM_002649.3.fasta	5681	5710	+	30	ATAAACATTTTGTGGCACTTCTGGACCAAC	GUUGGUCCAGAAGUGCCACAAAAUGUUUAU	0
NM_002649.3:5682-5711	NM_002649.3	NM_002649.3.fasta	5682	5711	+	30	TAAACATTTTGTGGCACTTCTGGACCAACT	AGUUGGUCCAGAAGUGCCACAAAAUGUUUA	0
NM_002649.3:5683-5712	NM_002649.3	NM_002649.3.fasta	5683	5712	+	30	AAACATTTTGTGGCACTTCTGGACCAACTA	UAGUUGGUCCAGAAGUGCCACAAAAUGUUU	0
NM_002649.3:5684-5713	NM_002649.3	NM_002649.3.fasta	5684	5713	+	30	AACATTTTGTGGCACTTCTGGACCAACTAT	AUAGUUGGUCCAGAAGUGCCACAAAAUGUU	0
NM_002649.3:5685-5714	NM_002649.3	NM_002649.3.fasta	5685	5714	+	30	ACATTTTGTGGCACTTCTGGACCAACTATT	AAUAGUUGGUCCAGAAGUGCCACAAAAUGU	0
NM_002649.3:5686-5715	NM_002649.3	NM_002649.3.fasta	5686	5715	+	30	CATTTTGTGGCACTTCTGGACCAACTATTC	GAAUAGUUGGUCCAGAAGUGCCACAAAAUG	0
NM_002649.3:5687-5716	NM_002649.3	NM_002649.3.fasta	5687	5716	+	30	ATTTTGTGGCACTTCTGGACCAACTATTCC	GGAAUAGUUGGUCCAGAAGUGCCACAAAAU	0
NM_002649.3:5688-5717	NM_002649.3	NM_002649.3.fasta	5688	5717	+	30	TTTTGTGGCACTTCTGGACCAACTATTCCC	GGGAAUAGUUGGUCCAGAAGUGCCACAAAA	0
NM_002649.3:5689-5718	NM_002649.3	NM_002649.3.fasta	5689	5718	+	30	TTTGTGGCACTTCTGGACCAACTATTCCCT	AGGGAAUAGUUGGUCCAGAAGUGCCACAAA	0
NM_002649.3:5690-5719	NM_002649.3	NM_002649.3.fasta	5690	5719	+	30	TTGTGGCACTTCTGGACCAACTATTCCCTA	UAGGGAAUAGUUGGUCCAGAAGUGCCACAA	0
NM_002649.3:5691-5720	NM_002649.3	NM_002649.3.fasta	5691	5720	+	30	TGTGGCACTTCTGGACCAACTATTCCCTAC	GUAGGGAAUAGUUGGUCCAGAAGUGCCACA	0
NM_002649.3:5692-5721	NM_002649.3	NM_002649.3.fasta	5692	5721	+	30	GTGGCACTTCTGGACCAACTATTCCCTACT	AGUAGGGAAUAGUUGGUCCAGAAGUGCCAC	0
NM_002649.3:5693-5722	NM_002649.3	NM_002649.3.fasta	5693	5722	+	30	TGGCACTTCTGGACCAACTATTCCCTACTA	UAGUAGGGAAUAGUUGGUCCAGAAGUGCCA	0
NM_002649.3:5694-5723	NM_002649.3	NM_002649.3.fasta	5694	5723	+	30	GGCACTTCTGGACCAACTATTCCCTACTAT	AUAGUAGGGAAUAGUUGGUCCAGAAGUGCC	0
NM_002649.3:5695-5724	NM_002649.3	NM_002649.3.fasta	5695	5724	+	30	GCACTTCTGGACCAACTATTCCCTACTATT	AAUAGUAGGGAAUAGUUGGUCCAGAAGUGC	0
NM_002649.3:5696-5725	NM_002649.3	NM_002649.3.fasta	5696	5725	+	30	CACTTCTGGACCAACTATTCCCTACTATTC	GAAUAGUAGGGAAUAGUUGGUCCAGAAGUG	0
NM_002649.3:5697-5726	NM_002649.3	NM_002649.3.fasta	5697	5726	+	30	ACTTCTGGACCAACTATTCCCTACTATTCT	AGAAUAGUAGGGAAUAGUUGGUCCAGAAGU	0
NM_002649.3:5698-5727	NM_002649.3	NM_002649.3.fasta	5698	5727	+	30	CTTCTGGACCAACTATTCCCTACTATTCTT	AAGAAUAGUAGGGAAUAGUUGGUCCAGAAG	0
NM_002649.3:5699-5728	NM_002649.3	NM_002649.3.fasta	5699	5728	+	30	TTCTGGACCAACTATTCCCTACTATTCTTT	AAAGAAUAGUAGGGAAUAGUUGGUCCAGAA	0
NM_002649.3:5700-5729	NM_002649.3	NM_002649.3.fasta	5700	5729	+	30	TCTGGACCAACTATTCCCTACTATTCTTTT	AAAAGAAUAGUAGGGAAUAGUUGGUCCAGA	0
NM_002649.3:5701-5730	NM_002649.3	NM_002649.3.fasta	5701	5730	+	30	CTGGACCAACTATTCCCTACTATTCTTTTG	CAAAAGAAUAGUAGGGAAUAGUUGGUCCAG	0
NM_002649.3:5702-5731	NM_002649.3	NM_002649.3.fasta	5702	5731	+	30	TGGACCAACTATTCCCTACTATTCTTTTGA	UCAAAAGAAUAGUAGGGAAUAGUUGGUCCA	0
NM_002649.3:5703-5732	NM_002649.3	NM_002649.3.fasta	5703	5732	+	30	GGACCAACTATTCCCTACTATTCTTTTGAA	UUCAAAAGAAUAGUAGGGAAUAGUUGGUCC	0
NM_002649.3:5704-5733	NM_002649.3	NM_002649.3.fasta	5704	5733	+	30	GACCAACTATTCCCTACTATTCTTTTGAAG	CUUCAAAAGAAUAGUAGGGAAUAGUUGGUC	0
NM_002649.3:5705-5734	NM_002649.3	NM_002649.3.fasta	5705	5734	+	30	ACCAACTATTCCCTACTATTCTTTTGAAGA	UCUUCAAAAGAAUAGUAGGGAAUAGUUGGU	0
NM_002649.3:5706-5735	NM_002649.3	NM_002649.3.fasta	5706	5735	+	30	CCAACTATTCCCTACTATTCTTTTGAAGAA	UUCUUCAAAAGAAUAGUAGGGAAUAGUUGG	0
NM_002649.3:5707-5736	NM_002649.3	NM_002649.3.fasta	5707	5736	+	30	CAACTATTCCCTACTATTCTTTTGAAGAAA	UUUCUUCAAAAGAAUAGUAGGGAAUAGUUG	0
NM_002649.3:5708-5737	NM_002649.3	NM_002649.3.fasta	5708	5737	+	30	AACTATTCCCTACTATTCTTTTGAAGAAAG	CUUUCUUCAAAAGAAUAGUAGGGAAUAGUU	0
NM_002649.3:5709-5738	NM_002649.3	NM_002649.3.fasta	5709	5738	+	30	ACTATTCCCTACTATTCTTTTGAAGAAAGG	CCUUUCUUCAAAAGAAUAGUAGGGAAUAGU	0
NM_002649.3:5710-5739	NM_002649.3	NM_002649.3.fasta	5710	5739	+	30	CTATTCCCTACTATTCTTTTGAAGAAAGGC	GCCUUUCUUCAAAAGAAUAGUAGGGAAUAG	0
NM_002649.3:5711-5740	NM_002649.3	NM_002649.3.fasta	5711	5740	+	30	TATTCCCTACTATTCTTTTGAAGAAAGGCA	UGCCUUUCUUCAAAAGAAUAGUAGGGAAUA	0
NM_002649.3:5712-5741	NM_002649.3	NM_002649.3.fasta	5712	5741	+	30	ATTCCCTACTATTCTTTTGAAGAAAGGCAG	CUGCCUUUCUUCAAAAGAAUAGUAGGGAAU	0
NM_002649.3:5713-5742	NM_002649.3	NM_002649.3.fasta	5713	5742	+	30	TTCCCTACTATTCTTTTGAAGAAAGGCAGG	CCUGCCUUUCUUCAAAAGAAUAGUAGGGAA	0
NM_002649.3:5714-5743	NM_002649.3	NM_002649.3.fasta	5714	5743	+	30	TCCCTACTATTCTTTTGAAGAAAGGCAGGA	UCCUGCCUUUCUUCAAAAGAAUAGUAGGGA	0
NM_002649.3:5715-5744	NM_002649.3	NM_002649.3.fasta	5715	5744	+	30	CCCTACTATTCTTTTGAAGAAAGGCAGGAA	UUCCUGCCUUUCUUCAAAAGAAUAGUAGGG	0
NM_002649.3:5716-5745	NM_002649.3	NM_002649.3.fasta	5716	5745	+	30	CCTACTATTCTTTTGAAGAAAGGCAGGAAG	CUUCCUGCCUUUCUUCAAAAGAAUAGUAGG	0
NM_002649.3:5717-5746	NM_002649.3	NM_002649.3.fasta	5717	5746	+	30	CTACTATTCTTTTGAAGAAAGGCAGGAAGA	UCUUCCUGCCUUUCUUCAAAAGAAUAGUAG	0
NM_002649.3:5718-5747	NM_002649.3	NM_002649.3.fasta	5718	5747	+	30	TACTATTCTTTTGAAGAAAGGCAGGAAGAG	CUCUUCCUGCCUUUCUUCAAAAGAAUAGUA	0
NM_002649.3:5719-5748	NM_002649.3	NM_002649.3.fasta	5719	5748	+	30	ACTATTCTTTTGAAGAAAGGCAGGAAGAGT	ACUCUUCCUGCCUUUCUUCAAAAGAAUAGU	0
NM_002649.3:5720-5749	NM_002649.3	NM_002649.3.fasta	5720	5749	+	30	CTATTCTTTTGAAGAAAGGCAGGAAGAGTA	UACUCUUCCUGCCUUUCUUCAAAAGAAUAG	0
NM_002649.3:5721-5750	NM_002649.3	NM_002649.3.fasta	5721	5750	+	30	TATTCTTTTGAAGAAAGGCAGGAAGAGTAC	GUACUCUUCCUGCCUUUCUUCAAAAGAAUA	0
NM_002649.3:5722-5751	NM_002649.3	NM_002649.3.fasta	5722	5751	+	30	ATTCTTTTGAAGAAAGGCAGGAAGAGTACT	AGUACUCUUCCUGCCUUUCUUCAAAAGAAU	0
NM_002649.3:5723-5752	NM_002649.3	NM_002649.3.fasta	5723	5752	+	30	TTCTTTTGAAGAAAGGCAGGAAGAGTACTT	AAGUACUCUUCCUGCCUUUCUUCAAAAGAA	0
NM_002649.3:5724-5753	NM_002649.3	NM_002649.3.fasta	5724	5753	+	30	TCTTTTGAAGAAAGGCAGGAAGAGTACTTT	AAAGUACUCUUCCUGCCUUUCUUCAAAAGA	0
NM_002649.3:5725-5754	NM_002649.3	NM_002649.3.fasta	5725	5754	+	30	CTTTTGAAGAAAGGCAGGAAGAGTACTTTC	GAAAGUACUCUUCCUGCCUUUCUUCAAAAG	0
NM_002649.3:5726-5755	NM_002649.3	NM_002649.3.fasta	5726	5755	+	30	TTTTGAAGAAAGGCAGGAAGAGTACTTTCT	AGAAAGUACUCUUCCUGCCUUUCUUCAAAA	0
NM_002649.3:5727-5756	NM_002649.3	NM_002649.3.fasta	5727	5756	+	30	TTTGAAGAAAGGCAGGAAGAGTACTTTCTA	UAGAAAGUACUCUUCCUGCCUUUCUUCAAA	0
NM_002649.3:5728-5757	NM_002649.3	NM_002649.3.fasta	5728	5757	+	30	TTGAAGAAAGGCAGGAAGAGTACTTTCTAA	UUAGAAAGUACUCUUCCUGCCUUUCUUCAA	0
NM_002649.3:5729-5758	NM_002649.3	NM_002649.3.fasta	5729	5758	+	30	TGAAGAAAGGCAGGAAGAGTACTTTCTAAT	AUUAGAAAGUACUCUUCCUGCCUUUCUUCA	0
NM_002649.3:5730-5759	NM_002649.3	NM_002649.3.fasta	5730	5759	+	30	GAAGAAAGGCAGGAAGAGTACTTTCTAATT	AAUUAGAAAGUACUCUUCCUGCCUUUCUUC	0
NM_002649.3:5731-5760	NM_002649.3	NM_002649.3.fasta	5731	5760	+	30	AAGAAAGGCAGGAAGAGTACTTTCTAATTC	GAAUUAGAAAGUACUCUUCCUGCCUUUCUU	0
NM_002649.3:5732-5761	NM_002649.3	NM_002649.3.fasta	5732	5761	+	30	AGAAAGGCAGGAAGAGTACTTTCTAATTCA	UGAAUUAGAAAGUACUCUUCCUGCCUUUCU	0
NM_002649.3:5733-5762	NM_002649.3	NM_002649.3.fasta	5733	5762	+	30	GAAAGGCAGGAAGAGTACTTTCTAATTCAG	CUGAAUUAGAAAGUACUCUUCCUGCCUUUC	0
NM_002649.3:5734-5763	NM_002649.3	NM_002649.3.fasta	5734	5763	+	30	AAAGGCAGGAAGAGTACTTTCTAATTCAGA	UCUGAAUUAGAAAGUACUCUUCCUGCCUUU	0
NM_002649.3:5735-5764	NM_002649.3	NM_002649.3.fasta	5735	5764	+	30	AAGGCAGGAAGAGTACTTTCTAATTCAGAA	UUCUGAAUUAGAAAGUACUCUUCCUGCCUU	0
NM_002649.3:5736-5765	NM_002649.3	NM_002649.3.fasta	5736	5765	+	30	AGGCAGGAAGAGTACTTTCTAATTCAGAAG	CUUCUGAAUUAGAAAGUACUCUUCCUGCCU	0
NM_002649.3:5737-5766	NM_002649.3	NM_002649.3.fasta	5737	5766	+	30	GGCAGGAAGAGTACTTTCTAATTCAGAAGA	UCUUCUGAAUUAGAAAGUACUCUUCCUGCC	0
NM_002649.3:5738-5767	NM_002649.3	NM_002649.3.fasta	5738	5767	+	30	GCAGGAAGAGTACTTTCTAATTCAGAAGAG	CUCUUCUGAAUUAGAAAGUACUCUUCCUGC	0
NM_002649.3:5739-5768	NM_002649.3	NM_002649.3.fasta	5739	5768	+	30	CAGGAAGAGTACTTTCTAATTCAGAAGAGG	CCUCUUCUGAAUUAGAAAGUACUCUUCCUG	0
NM_002649.3:5740-5769	NM_002649.3	NM_002649.3.fasta	5740	5769	+	30	AGGAAGAGTACTTTCTAATTCAGAAGAGGA	UCCUCUUCUGAAUUAGAAAGUACUCUUCCU	0
NM_002649.3:5741-5770	NM_002649.3	NM_002649.3.fasta	5741	5770	+	30	GGAAGAGTACTTTCTAATTCAGAAGAGGAT	AUCCUCUUCUGAAUUAGAAAGUACUCUUCC	0
NM_002649.3:5742-5771	NM_002649.3	NM_002649.3.fasta	5742	5771	+	30	GAAGAGTACTTTCTAATTCAGAAGAGGATG	CAUCCUCUUCUGAAUUAGAAAGUACUCUUC	0
NM_002649.3:5743-5772	NM_002649.3	NM_002649.3.fasta	5743	5772	+	30	AAGAGTACTTTCTAATTCAGAAGAGGATGT	ACAUCCUCUUCUGAAUUAGAAAGUACUCUU	0
NM_002649.3:5744-5773	NM_002649.3	NM_002649.3.fasta	5744	5773	+	30	AGAGTACTTTCTAATTCAGAAGAGGATGTT	AACAUCCUCUUCUGAAUUAGAAAGUACUCU	0
NM_002649.3:5745-5774	NM_002649.3	NM_002649.3.fasta	5745	5774	+	30	GAGTACTTTCTAATTCAGAAGAGGATGTTT	AAACAUCCUCUUCUGAAUUAGAAAGUACUC	0
NM_002649.3:5746-5775	NM_002649.3	NM_002649.3.fasta	5746	5775	+	30	AGTACTTTCTAATTCAGAAGAGGATGTTTT	AAAACAUCCUCUUCUGAAUUAGAAAGUACU	0
NM_002649.3:5747-5776	NM_002649.3	NM_002649.3.fasta	5747	5776	+	30	GTACTTTCTAATTCAGAAGAGGATGTTTTC	GAAAACAUCCUCUUCUGAAUUAGAAAGUAC	0
NM_002649.3:5748-5777	NM_002649.3	NM_002649.3.fasta	5748	5777	+	30	TACTTTCTAATTCAGAAGAGGATGTTTTCA	UGAAAACAUCCUCUUCUGAAUUAGAAAGUA	0
NM_002649.3:5749-5778	NM_002649.3	NM_002649.3.fasta	5749	5778	+	30	ACTTTCTAATTCAGAAGAGGATGTTTTCAC	GUGAAAACAUCCUCUUCUGAAUUAGAAAGU	0
NM_002649.3:5750-5779	NM_002649.3	NM_002649.3.fasta	5750	5779	+	30	CTTTCTAATTCAGAAGAGGATGTTTTCACT	AGUGAAAACAUCCUCUUCUGAAUUAGAAAG	0
NM_002649.3:5751-5780	NM_002649.3	NM_002649.3.fasta	5751	5780	+	30	TTTCTAATTCAGAAGAGGATGTTTTCACTA	UAGUGAAAACAUCCUCUUCUGAAUUAGAAA	0
NM_002649.3:5752-5781	NM_002649.3	NM_002649.3.fasta	5752	5781	+	30	TTCTAATTCAGAAGAGGATGTTTTCACTAT	AUAGUGAAAACAUCCUCUUCUGAAUUAGAA	0
NM_002649.3:5753-5782	NM_002649.3	NM_002649.3.fasta	5753	5782	+	30	TCTAATTCAGAAGAGGATGTTTTCACTATT	AAUAGUGAAAACAUCCUCUUCUGAAUUAGA	0
NM_002649.3:5754-5783	NM_002649.3	NM_002649.3.fasta	5754	5783	+	30	CTAATTCAGAAGAGGATGTTTTCACTATTC	GAAUAGUGAAAACAUCCUCUUCUGAAUUAG	0
NM_002649.3:5755-5784	NM_002649.3	NM_002649.3.fasta	5755	5784	+	30	TAATTCAGAAGAGGATGTTTTCACTATTCT	AGAAUAGUGAAAACAUCCUCUUCUGAAUUA	0
NM_002649.3:5756-5785	NM_002649.3	NM_002649.3.fasta	5756	5785	+	30	AATTCAGAAGAGGATGTTTTCACTATTCTG	CAGAAUAGUGAAAACAUCCUCUUCUGAAUU	0
NM_002649.3:5757-5786	NM_002649.3	NM_002649.3.fasta	5757	5786	+	30	ATTCAGAAGAGGATGTTTTCACTATTCTGA	UCAGAAUAGUGAAAACAUCCUCUUCUGAAU	0
NM_002649.3:5758-5787	NM_002649.3	NM_002649.3.fasta	5758	5787	+	30	TTCAGAAGAGGATGTTTTCACTATTCTGAT	AUCAGAAUAGUGAAAACAUCCUCUUCUGAA	0
NM_002649.3:5759-5788	NM_002649.3	NM_002649.3.fasta	5759	5788	+	30	TCAGAAGAGGATGTTTTCACTATTCTGATA	UAUCAGAAUAGUGAAAACAUCCUCUUCUGA	0
NM_002649.3:5760-5789	NM_002649.3	NM_002649.3.fasta	5760	5789	+	30	CAGAAGAGGATGTTTTCACTATTCTGATAA	UUAUCAGAAUAGUGAAAACAUCCUCUUCUG	0
NM_002649.3:5761-5790	NM_002649.3	NM_002649.3.fasta	5761	5790	+	30	AGAAGAGGATGTTTTCACTATTCTGATAAA	UUUAUCAGAAUAGUGAAAACAUCCUCUUCU	0
NM_002649.3:5762-5791	NM_002649.3	NM_002649.3.fasta	5762	5791	+	30	GAAGAGGATGTTTTCACTATTCTGATAAAC	GUUUAUCAGAAUAGUGAAAACAUCCUCUUC	0
NM_002649.3:5763-5792	NM_002649.3	NM_002649.3.fasta	5763	5792	+	30	AAGAGGATGTTTTCACTATTCTGATAAACA	UGUUUAUCAGAAUAGUGAAAACAUCCUCUU	0
NM_002649.3:5764-5793	NM_002649.3	NM_002649.3.fasta	5764	5793	+	30	AGAGGATGTTTTCACTATTCTGATAAACAA	UUGUUUAUCAGAAUAGUGAAAACAUCCUCU	0
NM_002649.3:5765-5794	NM_002649.3	NM_002649.3.fasta	5765	5794	+	30	GAGGATGTTTTCACTATTCTGATAAACAAT	AUUGUUUAUCAGAAUAGUGAAAACAUCCUC	0
NM_002649.3:5766-5795	NM_002649.3	NM_002649.3.fasta	5766	5795	+	30	AGGATGTTTTCACTATTCTGATAAACAATA	UAUUGUUUAUCAGAAUAGUGAAAACAUCCU	0
NM_002649.3:5767-5796	NM_002649.3	NM_002649.3.fasta	5767	5796	+	30	GGATGTTTTCACTATTCTGATAAACAATAG	CUAUUGUUUAUCAGAAUAGUGAAAACAUCC	0
NM_002649.3:5768-5797	NM_002649.3	NM_002649.3.fasta	5768	5797	+	30	GATGTTTTCACTATTCTGATAAACAATAGC	GCUAUUGUUUAUCAGAAUAGUGAAAACAUC	0
NM_002649.3:5769-5798	NM_002649.3	NM_002649.3.fasta	5769	5798	+	30	ATGTTTTCACTATTCTGATAAACAATAGCC	GGCUAUUGUUUAUCAGAAUAGUGAAAACAU	0
NM_002649.3:5770-5799	NM_002649.3	NM_002649.3.fasta	5770	5799	+	30	TGTTTTCACTATTCTGATAAACAATAGCCA	UGGCUAUUGUUUAUCAGAAUAGUGAAAACA	0
NM_002649.3:5771-5800	NM_002649.3	NM_002649.3.fasta	5771	5800	+	30	GTTTTCACTATTCTGATAAACAATAGCCAA	UUGGCUAUUGUUUAUCAGAAUAGUGAAAAC	0
NM_002649.3:5772-5801	NM_002649.3	NM_002649.3.fasta	5772	5801	+	30	TTTTCACTATTCTGATAAACAATAGCCAAG	CUUGGCUAUUGUUUAUCAGAAUAGUGAAAA	0
NM_002649.3:5773-5802	NM_002649.3	NM_002649.3.fasta	5773	5802	+	30	TTTCACTATTCTGATAAACAATAGCCAAGT	ACUUGGCUAUUGUUUAUCAGAAUAGUGAAA	0
NM_002649.3:5774-5803	NM_002649.3	NM_002649.3.fasta	5774	5803	+	30	TTCACTATTCTGATAAACAATAGCCAAGTT	AACUUGGCUAUUGUUUAUCAGAAUAGUGAA	0
NM_002649.3:5775-5804	NM_002649.3	NM_002649.3.fasta	5775	5804	+	30	TCACTATTCTGATAAACAATAGCCAAGTTC	GAACUUGGCUAUUGUUUAUCAGAAUAGUGA	0
NM_002649.3:5776-5805	NM_002649.3	NM_002649.3.fasta	5776	5805	+	30	CACTATTCTGATAAACAATAGCCAAGTTCA	UGAACUUGGCUAUUGUUUAUCAGAAUAGUG	0
NM_002649.3:5777-5806	NM_002649.3	NM_002649.3.fasta	5777	5806	+	30	ACTATTCTGATAAACAATAGCCAAGTTCAG	CUGAACUUGGCUAUUGUUUAUCAGAAUAGU	0
NM_002649.3:5778-5807	NM_002649.3	NM_002649.3.fasta	5778	5807	+	30	CTATTCTGATAAACAATAGCCAAGTTCAGA	UCUGAACUUGGCUAUUGUUUAUCAGAAUAG	0
NM_002649.3:5779-5808	NM_002649.3	NM_002649.3.fasta	5779	5808	+	30	TATTCTGATAAACAATAGCCAAGTTCAGAC	GUCUGAACUUGGCUAUUGUUUAUCAGAAUA	0
NM_002649.3:5780-5809	NM_002649.3	NM_002649.3.fasta	5780	5809	+	30	ATTCTGATAAACAATAGCCAAGTTCAGACC	GGUCUGAACUUGGCUAUUGUUUAUCAGAAU	0
NM_002649.3:5781-5810	NM_002649.3	NM_002649.3.fasta	5781	5810	+	30	TTCTGATAAACAATAGCCAAGTTCAGACCT	AGGUCUGAACUUGGCUAUUGUUUAUCAGAA	0
NM_002649.3:5782-5811	NM_002649.3	NM_002649.3.fasta	5782	5811	+	30	TCTGATAAACAATAGCCAAGTTCAGACCTT	AAGGUCUGAACUUGGCUAUUGUUUAUCAGA	0
NM_002649.3:5783-5812	NM_002649.3	NM_002649.3.fasta	5783	5812	+	30	CTGATAAACAATAGCCAAGTTCAGACCTTG	CAAGGUCUGAACUUGGCUAUUGUUUAUCAG	0
NM_002649.3:5784-5813	NM_002649.3	NM_002649.3.fasta	5784	5813	+	30	TGATAAACAATAGCCAAGTTCAGACCTTGT	ACAAGGUCUGAACUUGGCUAUUGUUUAUCA	0
NM_002649.3:5785-5814	NM_002649.3	NM_002649.3.fasta	5785	5814	+	30	GATAAACAATAGCCAAGTTCAGACCTTGTA	UACAAGGUCUGAACUUGGCUAUUGUUUAUC	0
NM_002649.3:5786-5815	NM_002649.3	NM_002649.3.fasta	5786	5815	+	30	ATAAACAATAGCCAAGTTCAGACCTTGTAC	GUACAAGGUCUGAACUUGGCUAUUGUUUAU	0
NM_002649.3:5787-5816	NM_002649.3	NM_002649.3.fasta	5787	5816	+	30	TAAACAATAGCCAAGTTCAGACCTTGTACA	UGUACAAGGUCUGAACUUGGCUAUUGUUUA	0
NM_002649.3:5788-5817	NM_002649.3	NM_002649.3.fasta	5788	5817	+	30	AAACAATAGCCAAGTTCAGACCTTGTACAG	CUGUACAAGGUCUGAACUUGGCUAUUGUUU	0
NM_002649.3:5789-5818	NM_002649.3	NM_002649.3.fasta	5789	5818	+	30	AACAATAGCCAAGTTCAGACCTTGTACAGA	UCUGUACAAGGUCUGAACUUGGCUAUUGUU	0
NM_002649.3:5790-5819	NM_002649.3	NM_002649.3.fasta	5790	5819	+	30	ACAATAGCCAAGTTCAGACCTTGTACAGAT	AUCUGUACAAGGUCUGAACUUGGCUAUUGU	0
NM_002649.3:5791-5820	NM_002649.3	NM_002649.3.fasta	5791	5820	+	30	CAATAGCCAAGTTCAGACCTTGTACAGATT	AAUCUGUACAAGGUCUGAACUUGGCUAUUG	0
NM_002649.3:5792-5821	NM_002649.3	NM_002649.3.fasta	5792	5821	+	30	AATAGCCAAGTTCAGACCTTGTACAGATTC	GAAUCUGUACAAGGUCUGAACUUGGCUAUU	0
NM_002649.3:5793-5822	NM_002649.3	NM_002649.3.fasta	5793	5822	+	30	ATAGCCAAGTTCAGACCTTGTACAGATTCT	AGAAUCUGUACAAGGUCUGAACUUGGCUAU	0
NM_002649.3:5794-5823	NM_002649.3	NM_002649.3.fasta	5794	5823	+	30	TAGCCAAGTTCAGACCTTGTACAGATTCTT	AAGAAUCUGUACAAGGUCUGAACUUGGCUA	0
NM_002649.3:5795-5824	NM_002649.3	NM_002649.3.fasta	5795	5824	+	30	AGCCAAGTTCAGACCTTGTACAGATTCTTT	AAAGAAUCUGUACAAGGUCUGAACUUGGCU	0
NM_002649.3:5796-5825	NM_002649.3	NM_002649.3.fasta	5796	5825	+	30	GCCAAGTTCAGACCTTGTACAGATTCTTTT	AAAAGAAUCUGUACAAGGUCUGAACUUGGC	0
NM_002649.3:5797-5826	NM_002649.3	NM_002649.3.fasta	5797	5826	+	30	CCAAGTTCAGACCTTGTACAGATTCTTTTT	AAAAAGAAUCUGUACAAGGUCUGAACUUGG	0
NM_002649.3:5798-5827	NM_002649.3	NM_002649.3.fasta	5798	5827	+	30	CAAGTTCAGACCTTGTACAGATTCTTTTTA	UAAAAAGAAUCUGUACAAGGUCUGAACUUG	0
NM_002649.3:5799-5828	NM_002649.3	NM_002649.3.fasta	5799	5828	+	30	AAGTTCAGACCTTGTACAGATTCTTTTTAT	AUAAAAAGAAUCUGUACAAGGUCUGAACUU	0
NM_002649.3:5800-5829	NM_002649.3	NM_002649.3.fasta	5800	5829	+	30	AGTTCAGACCTTGTACAGATTCTTTTTATT	AAUAAAAAGAAUCUGUACAAGGUCUGAACU	0
NM_002649.3:5801-5830	NM_002649.3	NM_002649.3.fasta	5801	5830	+	30	GTTCAGACCTTGTACAGATTCTTTTTATTT	AAAUAAAAAGAAUCUGUACAAGGUCUGAAC	0
NM_002649.3:5802-5831	NM_002649.3	NM_002649.3.fasta	5802	5831	+	30	TTCAGACCTTGTACAGATTCTTTTTATTTG	CAAAUAAAAAGAAUCUGUACAAGGUCUGAA	0
NM_002649.3:5803-5832	NM_002649.3	NM_002649.3.fasta	5803	5832	+	30	TCAGACCTTGTACAGATTCTTTTTATTTGA	UCAAAUAAAAAGAAUCUGUACAAGGUCUGA	0
NM_002649.3:5804-5833	NM_002649.3	NM_002649.3.fasta	5804	5833	+	30	CAGACCTTGTACAGATTCTTTTTATTTGAA	UUCAAAUAAAAAGAAUCUGUACAAGGUCUG	0
NM_002649.3:5805-5834	NM_002649.3	NM_002649.3.fasta	5805	5834	+	30	AGACCTTGTACAGATTCTTTTTATTTGAAT	AUUCAAAUAAAAAGAAUCUGUACAAGGUCU	0
NM_002649.3:5806-5835	NM_002649.3	NM_002649.3.fasta	5806	5835	+	30	GACCTTGTACAGATTCTTTTTATTTGAATT	AAUUCAAAUAAAAAGAAUCUGUACAAGGUC	0
NM_002649.3:5807-5836	NM_002649.3	NM_002649.3.fasta	5807	5836	+	30	ACCTTGTACAGATTCTTTTTATTTGAATTG	CAAUUCAAAUAAAAAGAAUCUGUACAAGGU	0
NM_002649.3:5808-5837	NM_002649.3	NM_002649.3.fasta	5808	5837	+	30	CCTTGTACAGATTCTTTTTATTTGAATTGC	GCAAUUCAAAUAAAAAGAAUCUGUACAAGG	0
NM_002649.3:5809-5838	NM_002649.3	NM_002649.3.fasta	5809	5838	+	30	CTTGTACAGATTCTTTTTATTTGAATTGCT	AGCAAUUCAAAUAAAAAGAAUCUGUACAAG	0
NM_002649.3:5810-5839	NM_002649.3	NM_002649.3.fasta	5810	5839	+	30	TTGTACAGATTCTTTTTATTTGAATTGCTG	CAGCAAUUCAAAUAAAAAGAAUCUGUACAA	0
NM_002649.3:5811-5840	NM_002649.3	NM_002649.3.fasta	5811	5840	+	30	TGTACAGATTCTTTTTATTTGAATTGCTGA	UCAGCAAUUCAAAUAAAAAGAAUCUGUACA	0
NM_002649.3:5812-5841	NM_002649.3	NM_002649.3.fasta	5812	5841	+	30	GTACAGATTCTTTTTATTTGAATTGCTGAA	UUCAGCAAUUCAAAUAAAAAGAAUCUGUAC	0
NM_002649.3:5813-5842	NM_002649.3	NM_002649.3.fasta	5813	5842	+	30	TACAGATTCTTTTTATTTGAATTGCTGAAA	UUUCAGCAAUUCAAAUAAAAAGAAUCUGUA	0
NM_002649.3:5814-5843	NM_002649.3	NM_002649.3.fasta	5814	5843	+	30	ACAGATTCTTTTTATTTGAATTGCTGAAAT	AUUUCAGCAAUUCAAAUAAAAAGAAUCUGU	0
NM_002649.3:5815-5844	NM_002649.3	NM_002649.3.fasta	5815	5844	+	30	CAGATTCTTTTTATTTGAATTGCTGAAATA	UAUUUCAGCAAUUCAAAUAAAAAGAAUCUG	0
NM_002649.3:5816-5845	NM_002649.3	NM_002649.3.fasta	5816	5845	+	30	AGATTCTTTTTATTTGAATTGCTGAAATAA	UUAUUUCAGCAAUUCAAAUAAAAAGAAUCU	0
NM_002649.3:5817-5846	NM_002649.3	NM_002649.3.fasta	5817	5846	+	30	GATTCTTTTTATTTGAATTGCTGAAATAAT	AUUAUUUCAGCAAUUCAAAUAAAAAGAAUC	0
NM_002649.3:5818-5847	NM_002649.3	NM_002649.3.fasta	5818	5847	+	30	ATTCTTTTTATTTGAATTGCTGAAATAATT	AAUUAUUUCAGCAAUUCAAAUAAAAAGAAU	0
NM_002649.3:5819-5848	NM_002649.3	NM_002649.3.fasta	5819	5848	+	30	TTCTTTTTATTTGAATTGCTGAAATAATTT	AAAUUAUUUCAGCAAUUCAAAUAAAAAGAA	0
NM_002649.3:5820-5849	NM_002649.3	NM_002649.3.fasta	5820	5849	+	30	TCTTTTTATTTGAATTGCTGAAATAATTTA	UAAAUUAUUUCAGCAAUUCAAAUAAAAAGA	0
NM_002649.3:5821-5850	NM_002649.3	NM_002649.3.fasta	5821	5850	+	30	CTTTTTATTTGAATTGCTGAAATAATTTAT	AUAAAUUAUUUCAGCAAUUCAAAUAAAAAG	0
NM_002649.3:5822-5851	NM_002649.3	NM_002649.3.fasta	5822	5851	+	30	TTTTTATTTGAATTGCTGAAATAATTTATT	AAUAAAUUAUUUCAGCAAUUCAAAUAAAAA	0
NM_002649.3:5823-5852	NM_002649.3	NM_002649.3.fasta	5823	5852	+	30	TTTTATTTGAATTGCTGAAATAATTTATTG	CAAUAAAUUAUUUCAGCAAUUCAAAUAAAA	0
NM_002649.3:5824-5853	NM_002649.3	NM_002649.3.fasta	5824	5853	+	30	TTTATTTGAATTGCTGAAATAATTTATTGA	UCAAUAAAUUAUUUCAGCAAUUCAAAUAAA	0
NM_002649.3:5825-5854	NM_002649.3	NM_002649.3.fasta	5825	5854	+	30	TTATTTGAATTGCTGAAATAATTTATTGAT	AUCAAUAAAUUAUUUCAGCAAUUCAAAUAA	0
NM_002649.3:5826-5855	NM_002649.3	NM_002649.3.fasta	5826	5855	+	30	TATTTGAATTGCTGAAATAATTTATTGATG	CAUCAAUAAAUUAUUUCAGCAAUUCAAAUA	0
NM_002649.3:5827-5856	NM_002649.3	NM_002649.3.fasta	5827	5856	+	30	ATTTGAATTGCTGAAATAATTTATTGATGA	UCAUCAAUAAAUUAUUUCAGCAAUUCAAAU	0
NM_002649.3:5828-5857	NM_002649.3	NM_002649.3.fasta	5828	5857	+	30	TTTGAATTGCTGAAATAATTTATTGATGAT	AUCAUCAAUAAAUUAUUUCAGCAAUUCAAA	0
NM_002649.3:5829-5858	NM_002649.3	NM_002649.3.fasta	5829	5858	+	30	TTGAATTGCTGAAATAATTTATTGATGATG	CAUCAUCAAUAAAUUAUUUCAGCAAUUCAA	0
NM_002649.3:5830-5859	NM_002649.3	NM_002649.3.fasta	5830	5859	+	30	TGAATTGCTGAAATAATTTATTGATGATGA	UCAUCAUCAAUAAAUUAUUUCAGCAAUUCA	0
NM_002649.3:5831-5860	NM_002649.3	NM_002649.3.fasta	5831	5860	+	30	GAATTGCTGAAATAATTTATTGATGATGAA	UUCAUCAUCAAUAAAUUAUUUCAGCAAUUC	0
NM_002649.3:5832-5861	NM_002649.3	NM_002649.3.fasta	5832	5861	+	30	AATTGCTGAAATAATTTATTGATGATGAAA	UUUCAUCAUCAAUAAAUUAUUUCAGCAAUU	0
NM_002649.3:5833-5862	NM_002649.3	NM_002649.3.fasta	5833	5862	+	30	ATTGCTGAAATAATTTATTGATGATGAAAA	UUUUCAUCAUCAAUAAAUUAUUUCAGCAAU	0
NM_002649.3:5834-5863	NM_002649.3	NM_002649.3.fasta	5834	5863	+	30	TTGCTGAAATAATTTATTGATGATGAAAAA	UUUUUCAUCAUCAAUAAAUUAUUUCAGCAA	0
NM_002649.3:5835-5864	NM_002649.3	NM_002649.3.fasta	5835	5864	+	30	TGCTGAAATAATTTATTGATGATGAAAAAA	UUUUUUCAUCAUCAAUAAAUUAUUUCAGCA	0
NM_002649.3:5836-5865	NM_002649.3	NM_002649.3.fasta	5836	5865	+	30	GCTGAAATAATTTATTGATGATGAAAAAAA	UUUUUUUCAUCAUCAAUAAAUUAUUUCAGC	0
NM_002649.3:5837-5866	NM_002649.3	NM_002649.3.fasta	5837	5866	+	30	CTGAAATAATTTATTGATGATGAAAAAAAG	CUUUUUUUCAUCAUCAAUAAAUUAUUUCAG	0
NM_002649.3:5838-5867	NM_002649.3	NM_002649.3.fasta	5838	5867	+	30	TGAAATAATTTATTGATGATGAAAAAAAGA	UCUUUUUUUCAUCAUCAAUAAAUUAUUUCA	0
NM_002649.3:5839-5868	NM_002649.3	NM_002649.3.fasta	5839	5868	+	30	GAAATAATTTATTGATGATGAAAAAAAGAT	AUCUUUUUUUCAUCAUCAAUAAAUUAUUUC	0
NM_002649.3:5840-5869	NM_002649.3	NM_002649.3.fasta	5840	5869	+	30	AAATAATTTATTGATGATGAAAAAAAGATT	AAUCUUUUUUUCAUCAUCAAUAAAUUAUUU	0
NM_002649.3:5841-5870	NM_002649.3	NM_002649.3.fasta	5841	5870	+	30	AATAATTTATTGATGATGAAAAAAAGATTA	UAAUCUUUUUUUCAUCAUCAAUAAAUUAUU	0
NM_002649.3:5842-5871	NM_002649.3	NM_002649.3.fasta	5842	5871	+	30	ATAATTTATTGATGATGAAAAAAAGATTAG	CUAAUCUUUUUUUCAUCAUCAAUAAAUUAU	0
NM_002649.3:5843-5872	NM_002649.3	NM_002649.3.fasta	5843	5872	+	30	TAATTTATTGATGATGAAAAAAAGATTAGA	UCUAAUCUUUUUUUCAUCAUCAAUAAAUUA	0
NM_002649.3:5844-5873	NM_002649.3	NM_002649.3.fasta	5844	5873	+	30	AATTTATTGATGATGAAAAAAAGATTAGAG	CUCUAAUCUUUUUUUCAUCAUCAAUAAAUU	0
NM_002649.3:5845-5874	NM_002649.3	NM_002649.3.fasta	5845	5874	+	30	ATTTATTGATGATGAAAAAAAGATTAGAGA	UCUCUAAUCUUUUUUUCAUCAUCAAUAAAU	0
NM_002649.3:5846-5875	NM_002649.3	NM_002649.3.fasta	5846	5875	+	30	TTTATTGATGATGAAAAAAAGATTAGAGAG	CUCUCUAAUCUUUUUUUCAUCAUCAAUAAA	0
NM_002649.3:5847-5876	NM_002649.3	NM_002649.3.fasta	5847	5876	+	30	TTATTGATGATGAAAAAAAGATTAGAGAGG	CCUCUCUAAUCUUUUUUUCAUCAUCAAUAA	0
NM_002649.3:5848-5877	NM_002649.3	NM_002649.3.fasta	5848	5877	+	30	TATTGATGATGAAAAAAAGATTAGAGAGGA	UCCUCUCUAAUCUUUUUUUCAUCAUCAAUA	0
NM_002649.3:5849-5878	NM_002649.3	NM_002649.3.fasta	5849	5878	+	30	ATTGATGATGAAAAAAAGATTAGAGAGGAA	UUCCUCUCUAAUCUUUUUUUCAUCAUCAAU	0
NM_002649.3:5850-5879	NM_002649.3	NM_002649.3.fasta	5850	5879	+	30	TTGATGATGAAAAAAAGATTAGAGAGGAAT	AUUCCUCUCUAAUCUUUUUUUCAUCAUCAA	0
NM_002649.3:5851-5880	NM_002649.3	NM_002649.3.fasta	5851	5880	+	30	TGATGATGAAAAAAAGATTAGAGAGGAATA	UAUUCCUCUCUAAUCUUUUUUUCAUCAUCA	0
NM_002649.3:5852-5881	NM_002649.3	NM_002649.3.fasta	5852	5881	+	30	GATGATGAAAAAAAGATTAGAGAGGAATAC	GUAUUCCUCUCUAAUCUUUUUUUCAUCAUC	0
NM_002649.3:5853-5882	NM_002649.3	NM_002649.3.fasta	5853	5882	+	30	ATGATGAAAAAAAGATTAGAGAGGAATACA	UGUAUUCCUCUCUAAUCUUUUUUUCAUCAU	0
NM_002649.3:5854-5883	NM_002649.3	NM_002649.3.fasta	5854	5883	+	30	TGATGAAAAAAAGATTAGAGAGGAATACAT	AUGUAUUCCUCUCUAAUCUUUUUUUCAUCA	0
NM_002649.3:5855-5884	NM_002649.3	NM_002649.3.fasta	5855	5884	+	30	GATGAAAAAAAGATTAGAGAGGAATACATT	AAUGUAUUCCUCUCUAAUCUUUUUUUCAUC	0
NM_002649.3:5856-5885	NM_002649.3	NM_002649.3.fasta	5856	5885	+	30	ATGAAAAAAAGATTAGAGAGGAATACATTT	AAAUGUAUUCCUCUCUAAUCUUUUUUUCAU	0
NM_002649.3:5857-5886	NM_002649.3	NM_002649.3.fasta	5857	5886	+	30	TGAAAAAAAGATTAGAGAGGAATACATTTA	UAAAUGUAUUCCUCUCUAAUCUUUUUUUCA	0
NM_002649.3:5858-5887	NM_002649.3	NM_002649.3.fasta	5858	5887	+	30	GAAAAAAAGATTAGAGAGGAATACATTTAT	AUAAAUGUAUUCCUCUCUAAUCUUUUUUUC	0
NM_002649.3:5859-5888	NM_002649.3	NM_002649.3.fasta	5859	5888	+	30	AAAAAAAGATTAGAGAGGAATACATTTATA	UAUAAAUGUAUUCCUCUCUAAUCUUUUUUU	0
NM_002649.3:5860-5889	NM_002649.3	NM_002649.3.fasta	5860	5889	+	30	AAAAAAGATTAGAGAGGAATACATTTATAT	AUAUAAAUGUAUUCCUCUCUAAUCUUUUUU	0
NM_002649.3:5861-5890	NM_002649.3	NM_002649.3.fasta	5861	5890	+	30	AAAAAGATTAGAGAGGAATACATTTATATT	AAUAUAAAUGUAUUCCUCUCUAAUCUUUUU	0
NM_002649.3:5862-5891	NM_002649.3	NM_002649.3.fasta	5862	5891	+	30	AAAAGATTAGAGAGGAATACATTTATATTT	AAAUAUAAAUGUAUUCCUCUCUAAUCUUUU	0
NM_002649.3:5863-5892	NM_002649.3	NM_002649.3.fasta	5863	5892	+	30	AAAGATTAGAGAGGAATACATTTATATTTA	UAAAUAUAAAUGUAUUCCUCUCUAAUCUUU	0
NM_002649.3:5864-5893	NM_002649.3	NM_002649.3.fasta	5864	5893	+	30	AAGATTAGAGAGGAATACATTTATATTTAG	CUAAAUAUAAAUGUAUUCCUCUCUAAUCUU	0
NM_002649.3:5865-5894	NM_002649.3	NM_002649.3.fasta	5865	5894	+	30	AGATTAGAGAGGAATACATTTATATTTAGC	GCUAAAUAUAAAUGUAUUCCUCUCUAAUCU	0
NM_002649.3:5866-5895	NM_002649.3	NM_002649.3.fasta	5866	5895	+	30	GATTAGAGAGGAATACATTTATATTTAGCT	AGCUAAAUAUAAAUGUAUUCCUCUCUAAUC	0
NM_002649.3:5867-5896	NM_002649.3	NM_002649.3.fasta	5867	5896	+	30	ATTAGAGAGGAATACATTTATATTTAGCTT	AAGCUAAAUAUAAAUGUAUUCCUCUCUAAU	0
NM_002649.3:5868-5897	NM_002649.3	NM_002649.3.fasta	5868	5897	+	30	TTAGAGAGGAATACATTTATATTTAGCTTA	UAAGCUAAAUAUAAAUGUAUUCCUCUCUAA	0
NM_002649.3:5869-5898	NM_002649.3	NM_002649.3.fasta	5869	5898	+	30	TAGAGAGGAATACATTTATATTTAGCTTAT	AUAAGCUAAAUAUAAAUGUAUUCCUCUCUA	0
NM_002649.3:5870-5899	NM_002649.3	NM_002649.3.fasta	5870	5899	+	30	AGAGAGGAATACATTTATATTTAGCTTATT	AAUAAGCUAAAUAUAAAUGUAUUCCUCUCU	0
NM_002649.3:5871-5900	NM_002649.3	NM_002649.3.fasta	5871	5900	+	30	GAGAGGAATACATTTATATTTAGCTTATTG	CAAUAAGCUAAAUAUAAAUGUAUUCCUCUC	0
NM_002649.3:5872-5901	NM_002649.3	NM_002649.3.fasta	5872	5901	+	30	AGAGGAATACATTTATATTTAGCTTATTGG	CCAAUAAGCUAAAUAUAAAUGUAUUCCUCU	0
NM_002649.3:5873-5902	NM_002649.3	NM_002649.3.fasta	5873	5902	+	30	GAGGAATACATTTATATTTAGCTTATTGGC	GCCAAUAAGCUAAAUAUAAAUGUAUUCCUC	0
NM_002649.3:5874-5903	NM_002649.3	NM_002649.3.fasta	5874	5903	+	30	AGGAATACATTTATATTTAGCTTATTGGCA	UGCCAAUAAGCUAAAUAUAAAUGUAUUCCU	0
NM_002649.3:5875-5904	NM_002649.3	NM_002649.3.fasta	5875	5904	+	30	GGAATACATTTATATTTAGCTTATTGGCAC	GUGCCAAUAAGCUAAAUAUAAAUGUAUUCC	0
NM_002649.3:5876-5905	NM_002649.3	NM_002649.3.fasta	5876	5905	+	30	GAATACATTTATATTTAGCTTATTGGCACA	UGUGCCAAUAAGCUAAAUAUAAAUGUAUUC	0
NM_002649.3:5877-5906	NM_002649.3	NM_002649.3.fasta	5877	5906	+	30	AATACATTTATATTTAGCTTATTGGCACAT	AUGUGCCAAUAAGCUAAAUAUAAAUGUAUU	0
NM_002649.3:5878-5907	NM_002649.3	NM_002649.3.fasta	5878	5907	+	30	ATACATTTATATTTAGCTTATTGGCACATG	CAUGUGCCAAUAAGCUAAAUAUAAAUGUAU	0
NM_002649.3:5879-5908	NM_002649.3	NM_002649.3.fasta	5879	5908	+	30	TACATTTATATTTAGCTTATTGGCACATGT	ACAUGUGCCAAUAAGCUAAAUAUAAAUGUA	0
NM_002649.3:5880-5909	NM_002649.3	NM_002649.3.fasta	5880	5909	+	30	ACATTTATATTTAGCTTATTGGCACATGTG	CACAUGUGCCAAUAAGCUAAAUAUAAAUGU	0
NM_002649.3:5881-5910	NM_002649.3	NM_002649.3.fasta	5881	5910	+	30	CATTTATATTTAGCTTATTGGCACATGTGC	GCACAUGUGCCAAUAAGCUAAAUAUAAAUG	0
NM_002649.3:5882-5911	NM_002649.3	NM_002649.3.fasta	5882	5911	+	30	ATTTATATTTAGCTTATTGGCACATGTGCA	UGCACAUGUGCCAAUAAGCUAAAUAUAAAU	0
NM_002649.3:5883-5912	NM_002649.3	NM_002649.3.fasta	5883	5912	+	30	TTTATATTTAGCTTATTGGCACATGTGCAT	AUGCACAUGUGCCAAUAAGCUAAAUAUAAA	0
NM_002649.3:5884-5913	NM_002649.3	NM_002649.3.fasta	5884	5913	+	30	TTATATTTAGCTTATTGGCACATGTGCATA	UAUGCACAUGUGCCAAUAAGCUAAAUAUAA	0
NM_002649.3:5885-5914	NM_002649.3	NM_002649.3.fasta	5885	5914	+	30	TATATTTAGCTTATTGGCACATGTGCATAC	GUAUGCACAUGUGCCAAUAAGCUAAAUAUA	0
NM_002649.3:5886-5915	NM_002649.3	NM_002649.3.fasta	5886	5915	+	30	ATATTTAGCTTATTGGCACATGTGCATACA	UGUAUGCACAUGUGCCAAUAAGCUAAAUAU	0
NM_002649.3:5887-5916	NM_002649.3	NM_002649.3.fasta	5887	5916	+	30	TATTTAGCTTATTGGCACATGTGCATACAT	AUGUAUGCACAUGUGCCAAUAAGCUAAAUA	0
NM_002649.3:5888-5917	NM_002649.3	NM_002649.3.fasta	5888	5917	+	30	ATTTAGCTTATTGGCACATGTGCATACATA	UAUGUAUGCACAUGUGCCAAUAAGCUAAAU	0
NM_002649.3:5889-5918	NM_002649.3	NM_002649.3.fasta	5889	5918	+	30	TTTAGCTTATTGGCACATGTGCATACATAT	AUAUGUAUGCACAUGUGCCAAUAAGCUAAA	0
NM_002649.3:5890-5919	NM_002649.3	NM_002649.3.fasta	5890	5919	+	30	TTAGCTTATTGGCACATGTGCATACATATT	AAUAUGUAUGCACAUGUGCCAAUAAGCUAA	0
NM_002649.3:5891-5920	NM_002649.3	NM_002649.3.fasta	5891	5920	+	30	TAGCTTATTGGCACATGTGCATACATATTT	AAAUAUGUAUGCACAUGUGCCAAUAAGCUA	0
NM_002649.3:5892-5921	NM_002649.3	NM_002649.3.fasta	5892	5921	+	30	AGCTTATTGGCACATGTGCATACATATTTC	GAAAUAUGUAUGCACAUGUGCCAAUAAGCU	0
NM_002649.3:5893-5922	NM_002649.3	NM_002649.3.fasta	5893	5922	+	30	GCTTATTGGCACATGTGCATACATATTTCC	GGAAAUAUGUAUGCACAUGUGCCAAUAAGC	0
NM_002649.3:5894-5923	NM_002649.3	NM_002649.3.fasta	5894	5923	+	30	CTTATTGGCACATGTGCATACATATTTCCT	AGGAAAUAUGUAUGCACAUGUGCCAAUAAG	0
NM_002649.3:5895-5924	NM_002649.3	NM_002649.3.fasta	5895	5924	+	30	TTATTGGCACATGTGCATACATATTTCCTC	GAGGAAAUAUGUAUGCACAUGUGCCAAUAA	0
NM_002649.3:5896-5925	NM_002649.3	NM_002649.3.fasta	5896	5925	+	30	TATTGGCACATGTGCATACATATTTCCTCT	AGAGGAAAUAUGUAUGCACAUGUGCCAAUA	0
NM_002649.3:5897-5926	NM_002649.3	NM_002649.3.fasta	5897	5926	+	30	ATTGGCACATGTGCATACATATTTCCTCTT	AAGAGGAAAUAUGUAUGCACAUGUGCCAAU	0
NM_002649.3:5898-5927	NM_002649.3	NM_002649.3.fasta	5898	5927	+	30	TTGGCACATGTGCATACATATTTCCTCTTC	GAAGAGGAAAUAUGUAUGCACAUGUGCCAA	0
NM_002649.3:5899-5928	NM_002649.3	NM_002649.3.fasta	5899	5928	+	30	TGGCACATGTGCATACATATTTCCTCTTCA	UGAAGAGGAAAUAUGUAUGCACAUGUGCCA	0
NM_002649.3:5900-5929	NM_002649.3	NM_002649.3.fasta	5900	5929	+	30	GGCACATGTGCATACATATTTCCTCTTCAA	UUGAAGAGGAAAUAUGUAUGCACAUGUGCC	0
NM_002649.3:5901-5930	NM_002649.3	NM_002649.3.fasta	5901	5930	+	30	GCACATGTGCATACATATTTCCTCTTCAAA	UUUGAAGAGGAAAUAUGUAUGCACAUGUGC	0
NM_002649.3:5902-5931	NM_002649.3	NM_002649.3.fasta	5902	5931	+	30	CACATGTGCATACATATTTCCTCTTCAAAT	AUUUGAAGAGGAAAUAUGUAUGCACAUGUG	0
NM_002649.3:5903-5932	NM_002649.3	NM_002649.3.fasta	5903	5932	+	30	ACATGTGCATACATATTTCCTCTTCAAATG	CAUUUGAAGAGGAAAUAUGUAUGCACAUGU	0
NM_002649.3:5904-5933	NM_002649.3	NM_002649.3.fasta	5904	5933	+	30	CATGTGCATACATATTTCCTCTTCAAATGA	UCAUUUGAAGAGGAAAUAUGUAUGCACAUG	0
NM_002649.3:5905-5934	NM_002649.3	NM_002649.3.fasta	5905	5934	+	30	ATGTGCATACATATTTCCTCTTCAAATGAA	UUCAUUUGAAGAGGAAAUAUGUAUGCACAU	0
NM_002649.3:5906-5935	NM_002649.3	NM_002649.3.fasta	5906	5935	+	30	TGTGCATACATATTTCCTCTTCAAATGAAC	GUUCAUUUGAAGAGGAAAUAUGUAUGCACA	0
NM_002649.3:5907-5936	NM_002649.3	NM_002649.3.fasta	5907	5936	+	30	GTGCATACATATTTCCTCTTCAAATGAACC	GGUUCAUUUGAAGAGGAAAUAUGUAUGCAC	0
NM_002649.3:5908-5937	NM_002649.3	NM_002649.3.fasta	5908	5937	+	30	TGCATACATATTTCCTCTTCAAATGAACCA	UGGUUCAUUUGAAGAGGAAAUAUGUAUGCA	0
NM_002649.3:5909-5938	NM_002649.3	NM_002649.3.fasta	5909	5938	+	30	GCATACATATTTCCTCTTCAAATGAACCAG	CUGGUUCAUUUGAAGAGGAAAUAUGUAUGC	0
NM_002649.3:5910-5939	NM_002649.3	NM_002649.3.fasta	5910	5939	+	30	CATACATATTTCCTCTTCAAATGAACCAGT	ACUGGUUCAUUUGAAGAGGAAAUAUGUAUG	0
NM_002649.3:5911-5940	NM_002649.3	NM_002649.3.fasta	5911	5940	+	30	ATACATATTTCCTCTTCAAATGAACCAGTT	AACUGGUUCAUUUGAAGAGGAAAUAUGUAU	0
NM_002649.3:5912-5941	NM_002649.3	NM_002649.3.fasta	5912	5941	+	30	TACATATTTCCTCTTCAAATGAACCAGTTC	GAACUGGUUCAUUUGAAGAGGAAAUAUGUA	0
NM_002649.3:5913-5942	NM_002649.3	NM_002649.3.fasta	5913	5942	+	30	ACATATTTCCTCTTCAAATGAACCAGTTCT	AGAACUGGUUCAUUUGAAGAGGAAAUAUGU	0
NM_002649.3:5914-5943	NM_002649.3	NM_002649.3.fasta	5914	5943	+	30	CATATTTCCTCTTCAAATGAACCAGTTCTT	AAGAACUGGUUCAUUUGAAGAGGAAAUAUG	0
NM_002649.3:5915-5944	NM_002649.3	NM_002649.3.fasta	5915	5944	+	30	ATATTTCCTCTTCAAATGAACCAGTTCTTT	AAAGAACUGGUUCAUUUGAAGAGGAAAUAU	0
NM_002649.3:5916-5945	NM_002649.3	NM_002649.3.fasta	5916	5945	+	30	TATTTCCTCTTCAAATGAACCAGTTCTTTC	GAAAGAACUGGUUCAUUUGAAGAGGAAAUA	0
NM_002649.3:5917-5946	NM_002649.3	NM_002649.3.fasta	5917	5946	+	30	ATTTCCTCTTCAAATGAACCAGTTCTTTCA	UGAAAGAACUGGUUCAUUUGAAGAGGAAAU	0
NM_002649.3:5918-5947	NM_002649.3	NM_002649.3.fasta	5918	5947	+	30	TTTCCTCTTCAAATGAACCAGTTCTTTCAT	AUGAAAGAACUGGUUCAUUUGAAGAGGAAA	0
NM_002649.3:5919-5948	NM_002649.3	NM_002649.3.fasta	5919	5948	+	30	TTCCTCTTCAAATGAACCAGTTCTTTCATT	AAUGAAAGAACUGGUUCAUUUGAAGAGGAA	0
NM_002649.3:5920-5949	NM_002649.3	NM_002649.3.fasta	5920	5949	+	30	TCCTCTTCAAATGAACCAGTTCTTTCATTT	AAAUGAAAGAACUGGUUCAUUUGAAGAGGA	0
NM_002649.3:5921-5950	NM_002649.3	NM_002649.3.fasta	5921	5950	+	30	CCTCTTCAAATGAACCAGTTCTTTCATTTC	GAAAUGAAAGAACUGGUUCAUUUGAAGAGG	0
NM_002649.3:5922-5951	NM_002649.3	NM_002649.3.fasta	5922	5951	+	30	CTCTTCAAATGAACCAGTTCTTTCATTTCA	UGAAAUGAAAGAACUGGUUCAUUUGAAGAG	0
NM_002649.3:5923-5952	NM_002649.3	NM_002649.3.fasta	5923	5952	+	30	TCTTCAAATGAACCAGTTCTTTCATTTCAT	AUGAAAUGAAAGAACUGGUUCAUUUGAAGA	0
NM_002649.3:5924-5953	NM_002649.3	NM_002649.3.fasta	5924	5953	+	30	CTTCAAATGAACCAGTTCTTTCATTTCATT	AAUGAAAUGAAAGAACUGGUUCAUUUGAAG	0
NM_002649.3:5925-5954	NM_002649.3	NM_002649.3.fasta	5925	5954	+	30	TTCAAATGAACCAGTTCTTTCATTTCATTA	UAAUGAAAUGAAAGAACUGGUUCAUUUGAA	0
NM_002649.3:5926-5955	NM_002649.3	NM_002649.3.fasta	5926	5955	+	30	TCAAATGAACCAGTTCTTTCATTTCATTAT	AUAAUGAAAUGAAAGAACUGGUUCAUUUGA	0
NM_002649.3:5927-5956	NM_002649.3	NM_002649.3.fasta	5927	5956	+	30	CAAATGAACCAGTTCTTTCATTTCATTATG	CAUAAUGAAAUGAAAGAACUGGUUCAUUUG	0
NM_002649.3:5928-5957	NM_002649.3	NM_002649.3.fasta	5928	5957	+	30	AAATGAACCAGTTCTTTCATTTCATTATGC	GCAUAAUGAAAUGAAAGAACUGGUUCAUUU	0
NM_002649.3:5929-5958	NM_002649.3	NM_002649.3.fasta	5929	5958	+	30	AATGAACCAGTTCTTTCATTTCATTATGCT	AGCAUAAUGAAAUGAAAGAACUGGUUCAUU	0
NM_002649.3:5930-5959	NM_002649.3	NM_002649.3.fasta	5930	5959	+	30	ATGAACCAGTTCTTTCATTTCATTATGCTA	UAGCAUAAUGAAAUGAAAGAACUGGUUCAU	0
NM_002649.3:5931-5960	NM_002649.3	NM_002649.3.fasta	5931	5960	+	30	TGAACCAGTTCTTTCATTTCATTATGCTAA	UUAGCAUAAUGAAAUGAAAGAACUGGUUCA	0
NM_002649.3:5932-5961	NM_002649.3	NM_002649.3.fasta	5932	5961	+	30	GAACCAGTTCTTTCATTTCATTATGCTAAT	AUUAGCAUAAUGAAAUGAAAGAACUGGUUC	0
NM_002649.3:5933-5962	NM_002649.3	NM_002649.3.fasta	5933	5962	+	30	AACCAGTTCTTTCATTTCATTATGCTAATA	UAUUAGCAUAAUGAAAUGAAAGAACUGGUU	0
NM_002649.3:5934-5963	NM_002649.3	NM_002649.3.fasta	5934	5963	+	30	ACCAGTTCTTTCATTTCATTATGCTAATAT	AUAUUAGCAUAAUGAAAUGAAAGAACUGGU	0
NM_002649.3:5935-5964	NM_002649.3	NM_002649.3.fasta	5935	5964	+	30	CCAGTTCTTTCATTTCATTATGCTAATATA	UAUAUUAGCAUAAUGAAAUGAAAGAACUGG	0
NM_002649.3:5936-5965	NM_002649.3	NM_002649.3.fasta	5936	5965	+	30	CAGTTCTTTCATTTCATTATGCTAATATAT	AUAUAUUAGCAUAAUGAAAUGAAAGAACUG	0
NM_002649.3:5937-5966	NM_002649.3	NM_002649.3.fasta	5937	5966	+	30	AGTTCTTTCATTTCATTATGCTAATATATA	UAUAUAUUAGCAUAAUGAAAUGAAAGAACU	0
NM_002649.3:5938-5967	NM_002649.3	NM_002649.3.fasta	5938	5967	+	30	GTTCTTTCATTTCATTATGCTAATATATAT	AUAUAUAUUAGCAUAAUGAAAUGAAAGAAC	0
NM_002649.3:5939-5968	NM_002649.3	NM_002649.3.fasta	5939	5968	+	30	TTCTTTCATTTCATTATGCTAATATATATA	UAUAUAUAUUAGCAUAAUGAAAUGAAAGAA	0
NM_002649.3:5940-5969	NM_002649.3	NM_002649.3.fasta	5940	5969	+	30	TCTTTCATTTCATTATGCTAATATATATAT	AUAUAUAUAUUAGCAUAAUGAAAUGAAAGA	0
NM_002649.3:5941-5970	NM_002649.3	NM_002649.3.fasta	5941	5970	+	30	CTTTCATTTCATTATGCTAATATATATATA	UAUAUAUAUAUUAGCAUAAUGAAAUGAAAG	0
NM_002649.3:5942-5971	NM_002649.3	NM_002649.3.fasta	5942	5971	+	30	TTTCATTTCATTATGCTAATATATATATAT	AUAUAUAUAUAUUAGCAUAAUGAAAUGAAA	0
NM_002649.3:5943-5972	NM_002649.3	NM_002649.3.fasta	5943	5972	+	30	TTCATTTCATTATGCTAATATATATATATA	UAUAUAUAUAUAUUAGCAUAAUGAAAUGAA	0
NM_002649.3:5944-5973	NM_002649.3	NM_002649.3.fasta	5944	5973	+	30	TCATTTCATTATGCTAATATATATATATAA	UUAUAUAUAUAUAUUAGCAUAAUGAAAUGA	0
NM_002649.3:5945-5974	NM_002649.3	NM_002649.3.fasta	5945	5974	+	30	CATTTCATTATGCTAATATATATATATAAC	GUUAUAUAUAUAUAUUAGCAUAAUGAAAUG	0
NM_002649.3:5946-5975	NM_002649.3	NM_002649.3.fasta	5946	5975	+	30	ATTTCATTATGCTAATATATATATATAACA	UGUUAUAUAUAUAUAUUAGCAUAAUGAAAU	0
NM_002649.3:5947-5976	NM_002649.3	NM_002649.3.fasta	5947	5976	+	30	TTTCATTATGCTAATATATATATATAACAT	AUGUUAUAUAUAUAUAUUAGCAUAAUGAAA	0
NM_002649.3:5948-5977	NM_002649.3	NM_002649.3.fasta	5948	5977	+	30	TTCATTATGCTAATATATATATATAACATA	UAUGUUAUAUAUAUAUAUUAGCAUAAUGAA	0
NM_002649.3:5949-5978	NM_002649.3	NM_002649.3.fasta	5949	5978	+	30	TCATTATGCTAATATATATATATAACATAT	AUAUGUUAUAUAUAUAUAUUAGCAUAAUGA	0
NM_002649.3:5950-5979	NM_002649.3	NM_002649.3.fasta	5950	5979	+	30	CATTATGCTAATATATATATATAACATATA	UAUAUGUUAUAUAUAUAUAUUAGCAUAAUG	0
NM_002649.3:5951-5980	NM_002649.3	NM_002649.3.fasta	5951	5980	+	30	ATTATGCTAATATATATATATAACATATAT	AUAUAUGUUAUAUAUAUAUAUUAGCAUAAU	0
NM_002649.3:5952-5981	NM_002649.3	NM_002649.3.fasta	5952	5981	+	30	TTATGCTAATATATATATATAACATATATA	UAUAUAUGUUAUAUAUAUAUAUUAGCAUAA	0
NM_002649.3:5953-5982	NM_002649.3	NM_002649.3.fasta	5953	5982	+	30	TATGCTAATATATATATATAACATATATAT	AUAUAUAUGUUAUAUAUAUAUAUUAGCAUA	0
NM_002649.3:5954-5983	NM_002649.3	NM_002649.3.fasta	5954	5983	+	30	ATGCTAATATATATATATAACATATATATG	CAUAUAUAUGUUAUAUAUAUAUAUUAGCAU	0
NM_002649.3:5955-5984	NM_002649.3	NM_002649.3.fasta	5955	5984	+	30	TGCTAATATATATATATAACATATATATGC	GCAUAUAUAUGUUAUAUAUAUAUAUUAGCA	0
NM_002649.3:5956-5985	NM_002649.3	NM_002649.3.fasta	5956	5985	+	30	GCTAATATATATATATAACATATATATGCT	AGCAUAUAUAUGUUAUAUAUAUAUAUUAGC	0
NM_002649.3:5957-5986	NM_002649.3	NM_002649.3.fasta	5957	5986	+	30	CTAATATATATATATAACATATATATGCTA	UAGCAUAUAUAUGUUAUAUAUAUAUAUUAG	0
NM_002649.3:5958-5987	NM_002649.3	NM_002649.3.fasta	5958	5987	+	30	TAATATATATATATAACATATATATGCTAA	UUAGCAUAUAUAUGUUAUAUAUAUAUAUUA	0
NM_002649.3:5959-5988	NM_002649.3	NM_002649.3.fasta	5959	5988	+	30	AATATATATATATAACATATATATGCTAAT	AUUAGCAUAUAUAUGUUAUAUAUAUAUAUU	0
NM_002649.3:5960-5989	NM_002649.3	NM_002649.3.fasta	5960	5989	+	30	ATATATATATATAACATATATATGCTAATA	UAUUAGCAUAUAUAUGUUAUAUAUAUAUAU	0
NM_002649.3:5961-5990	NM_002649.3	NM_002649.3.fasta	5961	5990	+	30	TATATATATATAACATATATATGCTAATAT	AUAUUAGCAUAUAUAUGUUAUAUAUAUAUA	0
NM_002649.3:5962-5991	NM_002649.3	NM_002649.3.fasta	5962	5991	+	30	ATATATATATAACATATATATGCTAATATA	UAUAUUAGCAUAUAUAUGUUAUAUAUAUAU	0
NM_002649.3:5963-5992	NM_002649.3	NM_002649.3.fasta	5963	5992	+	30	TATATATATAACATATATATGCTAATATAT	AUAUAUUAGCAUAUAUAUGUUAUAUAUAUA	0
NM_002649.3:5964-5993	NM_002649.3	NM_002649.3.fasta	5964	5993	+	30	ATATATATAACATATATATGCTAATATATA	UAUAUAUUAGCAUAUAUAUGUUAUAUAUAU	0
NM_002649.3:5965-5994	NM_002649.3	NM_002649.3.fasta	5965	5994	+	30	TATATATAACATATATATGCTAATATATAT	AUAUAUAUUAGCAUAUAUAUGUUAUAUAUA	0
NM_002649.3:5966-5995	NM_002649.3	NM_002649.3.fasta	5966	5995	+	30	ATATATAACATATATATGCTAATATATATA	UAUAUAUAUUAGCAUAUAUAUGUUAUAUAU	0
NM_002649.3:5967-5996	NM_002649.3	NM_002649.3.fasta	5967	5996	+	30	TATATAACATATATATGCTAATATATATAT	AUAUAUAUAUUAGCAUAUAUAUGUUAUAUA	0
NM_002649.3:5968-5997	NM_002649.3	NM_002649.3.fasta	5968	5997	+	30	ATATAACATATATATGCTAATATATATATA	UAUAUAUAUAUUAGCAUAUAUAUGUUAUAU	0
NM_002649.3:5969-5998	NM_002649.3	NM_002649.3.fasta	5969	5998	+	30	TATAACATATATATGCTAATATATATATAA	UUAUAUAUAUAUUAGCAUAUAUAUGUUAUA	0
NM_002649.3:5970-5999	NM_002649.3	NM_002649.3.fasta	5970	5999	+	30	ATAACATATATATGCTAATATATATATAAC	GUUAUAUAUAUAUUAGCAUAUAUAUGUUAU	0
NM_002649.3:5971-6000	NM_002649.3	NM_002649.3.fasta	5971	6000	+	30	TAACATATATATGCTAATATATATATAACA	UGUUAUAUAUAUAUUAGCAUAUAUAUGUUA	0
NM_002649.3:5972-6001	NM_002649.3	NM_002649.3.fasta	5972	6001	+	30	AACATATATATGCTAATATATATATAACAT	AUGUUAUAUAUAUAUUAGCAUAUAUAUGUU	0
NM_002649.3:5973-6002	NM_002649.3	NM_002649.3.fasta	5973	6002	+	30	ACATATATATGCTAATATATATATAACATA	UAUGUUAUAUAUAUAUUAGCAUAUAUAUGU	0
NM_002649.3:5974-6003	NM_002649.3	NM_002649.3.fasta	5974	6003	+	30	CATATATATGCTAATATATATATAACATAT	AUAUGUUAUAUAUAUAUUAGCAUAUAUAUG	0
NM_002649.3:5975-6004	NM_002649.3	NM_002649.3.fasta	5975	6004	+	30	ATATATATGCTAATATATATATAACATATA	UAUAUGUUAUAUAUAUAUUAGCAUAUAUAU	0
NM_002649.3:5976-6005	NM_002649.3	NM_002649.3.fasta	5976	6005	+	30	TATATATGCTAATATATATATAACATATAT	AUAUAUGUUAUAUAUAUAUUAGCAUAUAUA	0
NM_002649.3:5977-6006	NM_002649.3	NM_002649.3.fasta	5977	6006	+	30	ATATATGCTAATATATATATAACATATATA	UAUAUAUGUUAUAUAUAUAUUAGCAUAUAU	0
NM_002649.3:5978-6007	NM_002649.3	NM_002649.3.fasta	5978	6007	+	30	TATATGCTAATATATATATAACATATATAT	AUAUAUAUGUUAUAUAUAUAUUAGCAUAUA	0
NM_002649.3:5979-6008	NM_002649.3	NM_002649.3.fasta	5979	6008	+	30	ATATGCTAATATATATATAACATATATATG	CAUAUAUAUGUUAUAUAUAUAUUAGCAUAU	0
NM_002649.3:5980-6009	NM_002649.3	NM_002649.3.fasta	5980	6009	+	30	TATGCTAATATATATATAACATATATATGC	GCAUAUAUAUGUUAUAUAUAUAUUAGCAUA	0
NM_002649.3:5981-6010	NM_002649.3	NM_002649.3.fasta	5981	6010	+	30	ATGCTAATATATATATAACATATATATGCT	AGCAUAUAUAUGUUAUAUAUAUAUUAGCAU	0
NM_002649.3:5982-6011	NM_002649.3	NM_002649.3.fasta	5982	6011	+	30	TGCTAATATATATATAACATATATATGCTA	UAGCAUAUAUAUGUUAUAUAUAUAUUAGCA	0
NM_002649.3:5983-6012	NM_002649.3	NM_002649.3.fasta	5983	6012	+	30	GCTAATATATATATAACATATATATGCTAA	UUAGCAUAUAUAUGUUAUAUAUAUAUUAGC	0
NM_002649.3:5984-6013	NM_002649.3	NM_002649.3.fasta	5984	6013	+	30	CTAATATATATATAACATATATATGCTAAT	AUUAGCAUAUAUAUGUUAUAUAUAUAUUAG	0
NM_002649.3:5985-6014	NM_002649.3	NM_002649.3.fasta	5985	6014	+	30	TAATATATATATAACATATATATGCTAATA	UAUUAGCAUAUAUAUGUUAUAUAUAUAUUA	0
NM_002649.3:5986-6015	NM_002649.3	NM_002649.3.fasta	5986	6015	+	30	AATATATATATAACATATATATGCTAATAT	AUAUUAGCAUAUAUAUGUUAUAUAUAUAUU	0
NM_002649.3:5987-6016	NM_002649.3	NM_002649.3.fasta	5987	6016	+	30	ATATATATATAACATATATATGCTAATATA	UAUAUUAGCAUAUAUAUGUUAUAUAUAUAU	0
NM_002649.3:5988-6017	NM_002649.3	NM_002649.3.fasta	5988	6017	+	30	TATATATATAACATATATATGCTAATATAT	AUAUAUUAGCAUAUAUAUGUUAUAUAUAUA	0
NM_002649.3:5989-6018	NM_002649.3	NM_002649.3.fasta	5989	6018	+	30	ATATATATAACATATATATGCTAATATATA	UAUAUAUUAGCAUAUAUAUGUUAUAUAUAU	0
NM_002649.3:5990-6019	NM_002649.3	NM_002649.3.fasta	5990	6019	+	30	TATATATAACATATATATGCTAATATATAT	AUAUAUAUUAGCAUAUAUAUGUUAUAUAUA	0
NM_002649.3:5991-6020	NM_002649.3	NM_002649.3.fasta	5991	6020	+	30	ATATATAACATATATATGCTAATATATATA	UAUAUAUAUUAGCAUAUAUAUGUUAUAUAU	0
NM_002649.3:5992-6021	NM_002649.3	NM_002649.3.fasta	5992	6021	+	30	TATATAACATATATATGCTAATATATATAT	AUAUAUAUAUUAGCAUAUAUAUGUUAUAUA	0
NM_002649.3:5993-6022	NM_002649.3	NM_002649.3.fasta	5993	6022	+	30	ATATAACATATATATGCTAATATATATATA	UAUAUAUAUAUUAGCAUAUAUAUGUUAUAU	0
NM_002649.3:5994-6023	NM_002649.3	NM_002649.3.fasta	5994	6023	+	30	TATAACATATATATGCTAATATATATATAT	AUAUAUAUAUAUUAGCAUAUAUAUGUUAUA	0
NM_002649.3:5995-6024	NM_002649.3	NM_002649.3.fasta	5995	6024	+	30	ATAACATATATATGCTAATATATATATATC	GAUAUAUAUAUAUUAGCAUAUAUAUGUUAU	0
NM_002649.3:5996-6025	NM_002649.3	NM_002649.3.fasta	5996	6025	+	30	TAACATATATATGCTAATATATATATATCA	UGAUAUAUAUAUAUUAGCAUAUAUAUGUUA	0
NM_002649.3:5997-6026	NM_002649.3	NM_002649.3.fasta	5997	6026	+	30	AACATATATATGCTAATATATATATATCAC	GUGAUAUAUAUAUAUUAGCAUAUAUAUGUU	0
NM_002649.3:5998-6027	NM_002649.3	NM_002649.3.fasta	5998	6027	+	30	ACATATATATGCTAATATATATATATCACA	UGUGAUAUAUAUAUAUUAGCAUAUAUAUGU	0
NM_002649.3:5999-6028	NM_002649.3	NM_002649.3.fasta	5999	6028	+	30	CATATATATGCTAATATATATATATCACAC	GUGUGAUAUAUAUAUAUUAGCAUAUAUAUG	0
NM_002649.3:6000-6029	NM_002649.3	NM_002649.3.fasta	6000	6029	+	30	ATATATATGCTAATATATATATATCACACA	UGUGUGAUAUAUAUAUAUUAGCAUAUAUAU	0
NM_002649.3:6001-6030	NM_002649.3	NM_002649.3.fasta	6001	6030	+	30	TATATATGCTAATATATATATATCACACAT	AUGUGUGAUAUAUAUAUAUUAGCAUAUAUA	0
NM_002649.3:6002-6031	NM_002649.3	NM_002649.3.fasta	6002	6031	+	30	ATATATGCTAATATATATATATCACACATA	UAUGUGUGAUAUAUAUAUAUUAGCAUAUAU	0
NM_002649.3:6003-6032	NM_002649.3	NM_002649.3.fasta	6003	6032	+	30	TATATGCTAATATATATATATCACACATAT	AUAUGUGUGAUAUAUAUAUAUUAGCAUAUA	0
NM_002649.3:6004-6033	NM_002649.3	NM_002649.3.fasta	6004	6033	+	30	ATATGCTAATATATATATATCACACATATA	UAUAUGUGUGAUAUAUAUAUAUUAGCAUAU	0
NM_002649.3:6005-6034	NM_002649.3	NM_002649.3.fasta	6005	6034	+	30	TATGCTAATATATATATATCACACATATAT	AUAUAUGUGUGAUAUAUAUAUAUUAGCAUA	0
NM_002649.3:6006-6035	NM_002649.3	NM_002649.3.fasta	6006	6035	+	30	ATGCTAATATATATATATCACACATATATA	UAUAUAUGUGUGAUAUAUAUAUAUUAGCAU	0
NM_002649.3:6007-6036	NM_002649.3	NM_002649.3.fasta	6007	6036	+	30	TGCTAATATATATATATCACACATATATAT	AUAUAUAUGUGUGAUAUAUAUAUAUUAGCA	0
NM_002649.3:6008-6037	NM_002649.3	NM_002649.3.fasta	6008	6037	+	30	GCTAATATATATATATCACACATATATATC	GAUAUAUAUGUGUGAUAUAUAUAUAUUAGC	0
NM_002649.3:6009-6038	NM_002649.3	NM_002649.3.fasta	6009	6038	+	30	CTAATATATATATATCACACATATATATCA	UGAUAUAUAUGUGUGAUAUAUAUAUAUUAG	0
NM_002649.3:6010-6039	NM_002649.3	NM_002649.3.fasta	6010	6039	+	30	TAATATATATATATCACACATATATATCAC	GUGAUAUAUAUGUGUGAUAUAUAUAUAUUA	0
NM_002649.3:6011-6040	NM_002649.3	NM_002649.3.fasta	6011	6040	+	30	AATATATATATATCACACATATATATCACA	UGUGAUAUAUAUGUGUGAUAUAUAUAUAUU	0
NM_002649.3:6012-6041	NM_002649.3	NM_002649.3.fasta	6012	6041	+	30	ATATATATATATCACACATATATATCACAG	CUGUGAUAUAUAUGUGUGAUAUAUAUAUAU	0
NM_002649.3:6013-6042	NM_002649.3	NM_002649.3.fasta	6013	6042	+	30	TATATATATATCACACATATATATCACAGT	ACUGUGAUAUAUAUGUGUGAUAUAUAUAUA	0
NM_002649.3:6014-6043	NM_002649.3	NM_002649.3.fasta	6014	6043	+	30	ATATATATATCACACATATATATCACAGTT	AACUGUGAUAUAUAUGUGUGAUAUAUAUAU	0
NM_002649.3:6015-6044	NM_002649.3	NM_002649.3.fasta	6015	6044	+	30	TATATATATCACACATATATATCACAGTTT	AAACUGUGAUAUAUAUGUGUGAUAUAUAUA	0
NM_002649.3:6016-6045	NM_002649.3	NM_002649.3.fasta	6016	6045	+	30	ATATATATCACACATATATATCACAGTTTT	AAAACUGUGAUAUAUAUGUGUGAUAUAUAU	0
NM_002649.3:6017-6046	NM_002649.3	NM_002649.3.fasta	6017	6046	+	30	TATATATCACACATATATATCACAGTTTTA	UAAAACUGUGAUAUAUAUGUGUGAUAUAUA	0
NM_002649.3:6018-6047	NM_002649.3	NM_002649.3.fasta	6018	6047	+	30	ATATATCACACATATATATCACAGTTTTAT	AUAAAACUGUGAUAUAUAUGUGUGAUAUAU	0
NM_002649.3:6019-6048	NM_002649.3	NM_002649.3.fasta	6019	6048	+	30	TATATCACACATATATATCACAGTTTTATA	UAUAAAACUGUGAUAUAUAUGUGUGAUAUA	0
NM_002649.3:6020-6049	NM_002649.3	NM_002649.3.fasta	6020	6049	+	30	ATATCACACATATATATCACAGTTTTATAT	AUAUAAAACUGUGAUAUAUAUGUGUGAUAU	0
NM_002649.3:6021-6050	NM_002649.3	NM_002649.3.fasta	6021	6050	+	30	TATCACACATATATATCACAGTTTTATATA	UAUAUAAAACUGUGAUAUAUAUGUGUGAUA	0
NM_002649.3:6022-6051	NM_002649.3	NM_002649.3.fasta	6022	6051	+	30	ATCACACATATATATCACAGTTTTATATAT	AUAUAUAAAACUGUGAUAUAUAUGUGUGAU	0
NM_002649.3:6023-6052	NM_002649.3	NM_002649.3.fasta	6023	6052	+	30	TCACACATATATATCACAGTTTTATATATA	UAUAUAUAAAACUGUGAUAUAUAUGUGUGA	0
NM_002649.3:6024-6053	NM_002649.3	NM_002649.3.fasta	6024	6053	+	30	CACACATATATATCACAGTTTTATATATAT	AUAUAUAUAAAACUGUGAUAUAUAUGUGUG	0
NM_002649.3:6025-6054	NM_002649.3	NM_002649.3.fasta	6025	6054	+	30	ACACATATATATCACAGTTTTATATATATA	UAUAUAUAUAAAACUGUGAUAUAUAUGUGU	0
NM_002649.3:6026-6055	NM_002649.3	NM_002649.3.fasta	6026	6055	+	30	CACATATATATCACAGTTTTATATATATAT	AUAUAUAUAUAAAACUGUGAUAUAUAUGUG	0
NM_002649.3:6027-6056	NM_002649.3	NM_002649.3.fasta	6027	6056	+	30	ACATATATATCACAGTTTTATATATATATA	UAUAUAUAUAUAAAACUGUGAUAUAUAUGU	0
NM_002649.3:6028-6057	NM_002649.3	NM_002649.3.fasta	6028	6057	+	30	CATATATATCACAGTTTTATATATATATAT	AUAUAUAUAUAUAAAACUGUGAUAUAUAUG	0
NM_002649.3:6029-6058	NM_002649.3	NM_002649.3.fasta	6029	6058	+	30	ATATATATCACAGTTTTATATATATATATG	CAUAUAUAUAUAUAAAACUGUGAUAUAUAU	0
NM_002649.3:6030-6059	NM_002649.3	NM_002649.3.fasta	6030	6059	+	30	TATATATCACAGTTTTATATATATATATGT	ACAUAUAUAUAUAUAAAACUGUGAUAUAUA	0
NM_002649.3:6031-6060	NM_002649.3	NM_002649.3.fasta	6031	6060	+	30	ATATATCACAGTTTTATATATATATATGTA	UACAUAUAUAUAUAUAAAACUGUGAUAUAU	0
NM_002649.3:6032-6061	NM_002649.3	NM_002649.3.fasta	6032	6061	+	30	TATATCACAGTTTTATATATATATATGTAT	AUACAUAUAUAUAUAUAAAACUGUGAUAUA	0
NM_002649.3:6033-6062	NM_002649.3	NM_002649.3.fasta	6033	6062	+	30	ATATCACAGTTTTATATATATATATGTATG	CAUACAUAUAUAUAUAUAAAACUGUGAUAU	0
NM_002649.3:6034-6063	NM_002649.3	NM_002649.3.fasta	6034	6063	+	30	TATCACAGTTTTATATATATATATGTATGT	ACAUACAUAUAUAUAUAUAAAACUGUGAUA	0
NM_002649.3:6035-6064	NM_002649.3	NM_002649.3.fasta	6035	6064	+	30	ATCACAGTTTTATATATATATATGTATGTG	CACAUACAUAUAUAUAUAUAAAACUGUGAU	0
NM_002649.3:6036-6065	NM_002649.3	NM_002649.3.fasta	6036	6065	+	30	TCACAGTTTTATATATATATATGTATGTGT	ACACAUACAUAUAUAUAUAUAAAACUGUGA	0
NM_002649.3:6037-6066	NM_002649.3	NM_002649.3.fasta	6037	6066	+	30	CACAGTTTTATATATATATATGTATGTGTG	CACACAUACAUAUAUAUAUAUAAAACUGUG	0
NM_002649.3:6038-6067	NM_002649.3	NM_002649.3.fasta	6038	6067	+	30	ACAGTTTTATATATATATATGTATGTGTGT	ACACACAUACAUAUAUAUAUAUAAAACUGU	0
NM_002649.3:6039-6068	NM_002649.3	NM_002649.3.fasta	6039	6068	+	30	CAGTTTTATATATATATATGTATGTGTGTG	CACACACAUACAUAUAUAUAUAUAAAACUG	0
NM_002649.3:6040-6069	NM_002649.3	NM_002649.3.fasta	6040	6069	+	30	AGTTTTATATATATATATGTATGTGTGTGT	ACACACACAUACAUAUAUAUAUAUAAAACU	0
NM_002649.3:6041-6070	NM_002649.3	NM_002649.3.fasta	6041	6070	+	30	GTTTTATATATATATATGTATGTGTGTGTG	CACACACACAUACAUAUAUAUAUAUAAAAC	0
NM_002649.3:6042-6071	NM_002649.3	NM_002649.3.fasta	6042	6071	+	30	TTTTATATATATATATGTATGTGTGTGTGT	ACACACACACAUACAUAUAUAUAUAUAAAA	0
NM_002649.3:6043-6072	NM_002649.3	NM_002649.3.fasta	6043	6072	+	30	TTTATATATATATATGTATGTGTGTGTGTA	UACACACACACAUACAUAUAUAUAUAUAAA	0
NM_002649.3:6044-6073	NM_002649.3	NM_002649.3.fasta	6044	6073	+	30	TTATATATATATATGTATGTGTGTGTGTAT	AUACACACACACAUACAUAUAUAUAUAUAA	0
NM_002649.3:6045-6074	NM_002649.3	NM_002649.3.fasta	6045	6074	+	30	TATATATATATATGTATGTGTGTGTGTATA	UAUACACACACACAUACAUAUAUAUAUAUA	0
NM_002649.3:6046-6075	NM_002649.3	NM_002649.3.fasta	6046	6075	+	30	ATATATATATATGTATGTGTGTGTGTATAT	AUAUACACACACACAUACAUAUAUAUAUAU	0
NM_002649.3:6047-6076	NM_002649.3	NM_002649.3.fasta	6047	6076	+	30	TATATATATATGTATGTGTGTGTGTATATA	UAUAUACACACACACAUACAUAUAUAUAUA	0
NM_002649.3:6048-6077	NM_002649.3	NM_002649.3.fasta	6048	6077	+	30	ATATATATATGTATGTGTGTGTGTATATAT	AUAUAUACACACACACAUACAUAUAUAUAU	0
NM_002649.3:6049-6078	NM_002649.3	NM_002649.3.fasta	6049	6078	+	30	TATATATATGTATGTGTGTGTGTATATATA	UAUAUAUACACACACACAUACAUAUAUAUA	0
NM_002649.3:6050-6079	NM_002649.3	NM_002649.3.fasta	6050	6079	+	30	ATATATATGTATGTGTGTGTGTATATATAT	AUAUAUAUACACACACACAUACAUAUAUAU	0
NM_002649.3:6051-6080	NM_002649.3	NM_002649.3.fasta	6051	6080	+	30	TATATATGTATGTGTGTGTGTATATATATA	UAUAUAUAUACACACACACAUACAUAUAUA	0
NM_002649.3:6052-6081	NM_002649.3	NM_002649.3.fasta	6052	6081	+	30	ATATATGTATGTGTGTGTGTATATATATAT	AUAUAUAUAUACACACACACAUACAUAUAU	0
NM_002649.3:6053-6082	NM_002649.3	NM_002649.3.fasta	6053	6082	+	30	TATATGTATGTGTGTGTGTATATATATATA	UAUAUAUAUAUACACACACACAUACAUAUA	0
NM_002649.3:6054-6083	NM_002649.3	NM_002649.3.fasta	6054	6083	+	30	ATATGTATGTGTGTGTGTATATATATATAT	AUAUAUAUAUAUACACACACACAUACAUAU	0
NM_002649.3:6055-6084	NM_002649.3	NM_002649.3.fasta	6055	6084	+	30	TATGTATGTGTGTGTGTATATATATATATA	UAUAUAUAUAUAUACACACACACAUACAUA	0
NM_002649.3:6056-6085	NM_002649.3	NM_002649.3.fasta	6056	6085	+	30	ATGTATGTGTGTGTGTATATATATATATAT	AUAUAUAUAUAUAUACACACACACAUACAU	0
NM_002649.3:6057-6086	NM_002649.3	NM_002649.3.fasta	6057	6086	+	30	TGTATGTGTGTGTGTATATATATATATATA	UAUAUAUAUAUAUAUACACACACACAUACA	0
NM_002649.3:6058-6087	NM_002649.3	NM_002649.3.fasta	6058	6087	+	30	GTATGTGTGTGTGTATATATATATATATAT	AUAUAUAUAUAUAUAUACACACACACAUAC	0
NM_002649.3:6059-6088	NM_002649.3	NM_002649.3.fasta	6059	6088	+	30	TATGTGTGTGTGTATATATATATATATATA	UAUAUAUAUAUAUAUAUACACACACACAUA	0
NM_002649.3:6060-6089	NM_002649.3	NM_002649.3.fasta	6060	6089	+	30	ATGTGTGTGTGTATATATATATATATATAT	AUAUAUAUAUAUAUAUAUACACACACACAU	0
NM_002649.3:6061-6090	NM_002649.3	NM_002649.3.fasta	6061	6090	+	30	TGTGTGTGTGTATATATATATATATATATC	GAUAUAUAUAUAUAUAUAUACACACACACA	0
NM_002649.3:6062-6091	NM_002649.3	NM_002649.3.fasta	6062	6091	+	30	GTGTGTGTGTATATATATATATATATATCA	UGAUAUAUAUAUAUAUAUAUACACACACAC	0
NM_002649.3:6063-6092	NM_002649.3	NM_002649.3.fasta	6063	6092	+	30	TGTGTGTGTATATATATATATATATATCAC	GUGAUAUAUAUAUAUAUAUAUACACACACA	0
NM_002649.3:6064-6093	NM_002649.3	NM_002649.3.fasta	6064	6093	+	30	GTGTGTGTATATATATATATATATATCACA	UGUGAUAUAUAUAUAUAUAUAUACACACAC	0
NM_002649.3:6065-6094	NM_002649.3	NM_002649.3.fasta	6065	6094	+	30	TGTGTGTATATATATATATATATATCACAG	CUGUGAUAUAUAUAUAUAUAUAUACACACA	0
NM_002649.3:6066-6095	NM_002649.3	NM_002649.3.fasta	6066	6095	+	30	GTGTGTATATATATATATATATATCACAGT	ACUGUGAUAUAUAUAUAUAUAUAUACACAC	0
NM_002649.3:6067-6096	NM_002649.3	NM_002649.3.fasta	6067	6096	+	30	TGTGTATATATATATATATATATCACAGTT	AACUGUGAUAUAUAUAUAUAUAUAUACACA	0
NM_002649.3:6068-6097	NM_002649.3	NM_002649.3.fasta	6068	6097	+	30	GTGTATATATATATATATATATCACAGTTG	CAACUGUGAUAUAUAUAUAUAUAUAUACAC	0
NM_002649.3:6069-6098	NM_002649.3	NM_002649.3.fasta	6069	6098	+	30	TGTATATATATATATATATATCACAGTTGG	CCAACUGUGAUAUAUAUAUAUAUAUAUACA	0
NM_002649.3:6070-6099	NM_002649.3	NM_002649.3.fasta	6070	6099	+	30	GTATATATATATATATATATCACAGTTGGG	CCCAACUGUGAUAUAUAUAUAUAUAUAUAC	0
NM_002649.3:6071-6100	NM_002649.3	NM_002649.3.fasta	6071	6100	+	30	TATATATATATATATATATCACAGTTGGGC	GCCCAACUGUGAUAUAUAUAUAUAUAUAUA	0
NM_002649.3:6072-6101	NM_002649.3	NM_002649.3.fasta	6072	6101	+	30	ATATATATATATATATATCACAGTTGGGCT	AGCCCAACUGUGAUAUAUAUAUAUAUAUAU	0
NM_002649.3:6073-6102	NM_002649.3	NM_002649.3.fasta	6073	6102	+	30	TATATATATATATATATCACAGTTGGGCTT	AAGCCCAACUGUGAUAUAUAUAUAUAUAUA	0
NM_002649.3:6074-6103	NM_002649.3	NM_002649.3.fasta	6074	6103	+	30	ATATATATATATATATCACAGTTGGGCTTG	CAAGCCCAACUGUGAUAUAUAUAUAUAUAU	0
NM_002649.3:6075-6104	NM_002649.3	NM_002649.3.fasta	6075	6104	+	30	TATATATATATATATCACAGTTGGGCTTGA	UCAAGCCCAACUGUGAUAUAUAUAUAUAUA	0
NM_002649.3:6076-6105	NM_002649.3	NM_002649.3.fasta	6076	6105	+	30	ATATATATATATATCACAGTTGGGCTTGAT	AUCAAGCCCAACUGUGAUAUAUAUAUAUAU	0
NM_002649.3:6077-6106	NM_002649.3	NM_002649.3.fasta	6077	6106	+	30	TATATATATATATCACAGTTGGGCTTGATT	AAUCAAGCCCAACUGUGAUAUAUAUAUAUA	0
NM_002649.3:6078-6107	NM_002649.3	NM_002649.3.fasta	6078	6107	+	30	ATATATATATATCACAGTTGGGCTTGATTC	GAAUCAAGCCCAACUGUGAUAUAUAUAUAU	0
NM_002649.3:6079-6108	NM_002649.3	NM_002649.3.fasta	6079	6108	+	30	TATATATATATCACAGTTGGGCTTGATTCT	AGAAUCAAGCCCAACUGUGAUAUAUAUAUA	0
NM_002649.3:6080-6109	NM_002649.3	NM_002649.3.fasta	6080	6109	+	30	ATATATATATCACAGTTGGGCTTGATTCTT	AAGAAUCAAGCCCAACUGUGAUAUAUAUAU	0
NM_002649.3:6081-6110	NM_002649.3	NM_002649.3.fasta	6081	6110	+	30	TATATATATCACAGTTGGGCTTGATTCTTC	GAAGAAUCAAGCCCAACUGUGAUAUAUAUA	0
NM_002649.3:6082-6111	NM_002649.3	NM_002649.3.fasta	6082	6111	+	30	ATATATATCACAGTTGGGCTTGATTCTTCC	GGAAGAAUCAAGCCCAACUGUGAUAUAUAU	0
NM_002649.3:6083-6112	NM_002649.3	NM_002649.3.fasta	6083	6112	+	30	TATATATCACAGTTGGGCTTGATTCTTCCG	CGGAAGAAUCAAGCCCAACUGUGAUAUAUA	0
NM_002649.3:6084-6113	NM_002649.3	NM_002649.3.fasta	6084	6113	+	30	ATATATCACAGTTGGGCTTGATTCTTCCGT	ACGGAAGAAUCAAGCCCAACUGUGAUAUAU	0
NM_002649.3:6085-6114	NM_002649.3	NM_002649.3.fasta	6085	6114	+	30	TATATCACAGTTGGGCTTGATTCTTCCGTA	UACGGAAGAAUCAAGCCCAACUGUGAUAUA	0
NM_002649.3:6086-6115	NM_002649.3	NM_002649.3.fasta	6086	6115	+	30	ATATCACAGTTGGGCTTGATTCTTCCGTAT	AUACGGAAGAAUCAAGCCCAACUGUGAUAU	0
NM_002649.3:6087-6116	NM_002649.3	NM_002649.3.fasta	6087	6116	+	30	TATCACAGTTGGGCTTGATTCTTCCGTATT	AAUACGGAAGAAUCAAGCCCAACUGUGAUA	0
NM_002649.3:6088-6117	NM_002649.3	NM_002649.3.fasta	6088	6117	+	30	ATCACAGTTGGGCTTGATTCTTCCGTATTC	GAAUACGGAAGAAUCAAGCCCAACUGUGAU	0
NM_002649.3:6089-6118	NM_002649.3	NM_002649.3.fasta	6089	6118	+	30	TCACAGTTGGGCTTGATTCTTCCGTATTCC	GGAAUACGGAAGAAUCAAGCCCAACUGUGA	0
NM_002649.3:6090-6119	NM_002649.3	NM_002649.3.fasta	6090	6119	+	30	CACAGTTGGGCTTGATTCTTCCGTATTCCA	UGGAAUACGGAAGAAUCAAGCCCAACUGUG	0
NM_002649.3:6091-6120	NM_002649.3	NM_002649.3.fasta	6091	6120	+	30	ACAGTTGGGCTTGATTCTTCCGTATTCCAA	UUGGAAUACGGAAGAAUCAAGCCCAACUGU	0
NM_002649.3:6092-6121	NM_002649.3	NM_002649.3.fasta	6092	6121	+	30	CAGTTGGGCTTGATTCTTCCGTATTCCAAA	UUUGGAAUACGGAAGAAUCAAGCCCAACUG	0
NM_002649.3:6093-6122	NM_002649.3	NM_002649.3.fasta	6093	6122	+	30	AGTTGGGCTTGATTCTTCCGTATTCCAAAG	CUUUGGAAUACGGAAGAAUCAAGCCCAACU	0
NM_002649.3:6094-6123	NM_002649.3	NM_002649.3.fasta	6094	6123	+	30	GTTGGGCTTGATTCTTCCGTATTCCAAAGA	UCUUUGGAAUACGGAAGAAUCAAGCCCAAC	0
NM_002649.3:6095-6124	NM_002649.3	NM_002649.3.fasta	6095	6124	+	30	TTGGGCTTGATTCTTCCGTATTCCAAAGAG	CUCUUUGGAAUACGGAAGAAUCAAGCCCAA	0
NM_002649.3:6096-6125	NM_002649.3	NM_002649.3.fasta	6096	6125	+	30	TGGGCTTGATTCTTCCGTATTCCAAAGAGC	GCUCUUUGGAAUACGGAAGAAUCAAGCCCA	0
NM_002649.3:6097-6126	NM_002649.3	NM_002649.3.fasta	6097	6126	+	30	GGGCTTGATTCTTCCGTATTCCAAAGAGCA	UGCUCUUUGGAAUACGGAAGAAUCAAGCCC	0
NM_002649.3:6098-6127	NM_002649.3	NM_002649.3.fasta	6098	6127	+	30	GGCTTGATTCTTCCGTATTCCAAAGAGCAT	AUGCUCUUUGGAAUACGGAAGAAUCAAGCC	0
NM_002649.3:6099-6128	NM_002649.3	NM_002649.3.fasta	6099	6128	+	30	GCTTGATTCTTCCGTATTCCAAAGAGCATA	UAUGCUCUUUGGAAUACGGAAGAAUCAAGC	0
NM_002649.3:6100-6129	NM_002649.3	NM_002649.3.fasta	6100	6129	+	30	CTTGATTCTTCCGTATTCCAAAGAGCATAA	UUAUGCUCUUUGGAAUACGGAAGAAUCAAG	0
NM_002649.3:6101-6130	NM_002649.3	NM_002649.3.fasta	6101	6130	+	30	TTGATTCTTCCGTATTCCAAAGAGCATAAT	AUUAUGCUCUUUGGAAUACGGAAGAAUCAA	0
NM_002649.3:6102-6131	NM_002649.3	NM_002649.3.fasta	6102	6131	+	30	TGATTCTTCCGTATTCCAAAGAGCATAATT	AAUUAUGCUCUUUGGAAUACGGAAGAAUCA	0
NM_002649.3:6103-6132	NM_002649.3	NM_002649.3.fasta	6103	6132	+	30	GATTCTTCCGTATTCCAAAGAGCATAATTT	AAAUUAUGCUCUUUGGAAUACGGAAGAAUC	0
NM_002649.3:6104-6133	NM_002649.3	NM_002649.3.fasta	6104	6133	+	30	ATTCTTCCGTATTCCAAAGAGCATAATTTC	GAAAUUAUGCUCUUUGGAAUACGGAAGAAU	0
NM_002649.3:6105-6134	NM_002649.3	NM_002649.3.fasta	6105	6134	+	30	TTCTTCCGTATTCCAAAGAGCATAATTTCA	UGAAAUUAUGCUCUUUGGAAUACGGAAGAA	0
NM_002649.3:6106-6135	NM_002649.3	NM_002649.3.fasta	6106	6135	+	30	TCTTCCGTATTCCAAAGAGCATAATTTCAG	CUGAAAUUAUGCUCUUUGGAAUACGGAAGA	0
NM_002649.3:6107-6136	NM_002649.3	NM_002649.3.fasta	6107	6136	+	30	CTTCCGTATTCCAAAGAGCATAATTTCAGT	ACUGAAAUUAUGCUCUUUGGAAUACGGAAG	0
NM_002649.3:6108-6137	NM_002649.3	NM_002649.3.fasta	6108	6137	+	30	TTCCGTATTCCAAAGAGCATAATTTCAGTT	AACUGAAAUUAUGCUCUUUGGAAUACGGAA	0
NM_002649.3:6109-6138	NM_002649.3	NM_002649.3.fasta	6109	6138	+	30	TCCGTATTCCAAAGAGCATAATTTCAGTTC	GAACUGAAAUUAUGCUCUUUGGAAUACGGA	0
NM_002649.3:6110-6139	NM_002649.3	NM_002649.3.fasta	6110	6139	+	30	CCGTATTCCAAAGAGCATAATTTCAGTTCT	AGAACUGAAAUUAUGCUCUUUGGAAUACGG	0
NM_002649.3:6111-6140	NM_002649.3	NM_002649.3.fasta	6111	6140	+	30	CGTATTCCAAAGAGCATAATTTCAGTTCTA	UAGAACUGAAAUUAUGCUCUUUGGAAUACG	0
NM_002649.3:6112-6141	NM_002649.3	NM_002649.3.fasta	6112	6141	+	30	GTATTCCAAAGAGCATAATTTCAGTTCTAT	AUAGAACUGAAAUUAUGCUCUUUGGAAUAC	0
NM_002649.3:6113-6142	NM_002649.3	NM_002649.3.fasta	6113	6142	+	30	TATTCCAAAGAGCATAATTTCAGTTCTATA	UAUAGAACUGAAAUUAUGCUCUUUGGAAUA	0
NM_002649.3:6114-6143	NM_002649.3	NM_002649.3.fasta	6114	6143	+	30	ATTCCAAAGAGCATAATTTCAGTTCTATAG	CUAUAGAACUGAAAUUAUGCUCUUUGGAAU	0
NM_002649.3:6115-6144	NM_002649.3	NM_002649.3.fasta	6115	6144	+	30	TTCCAAAGAGCATAATTTCAGTTCTATAGA	UCUAUAGAACUGAAAUUAUGCUCUUUGGAA	0
NM_002649.3:6116-6145	NM_002649.3	NM_002649.3.fasta	6116	6145	+	30	TCCAAAGAGCATAATTTCAGTTCTATAGAC	GUCUAUAGAACUGAAAUUAUGCUCUUUGGA	0
NM_002649.3:6117-6146	NM_002649.3	NM_002649.3.fasta	6117	6146	+	30	CCAAAGAGCATAATTTCAGTTCTATAGACT	AGUCUAUAGAACUGAAAUUAUGCUCUUUGG	0
NM_002649.3:6118-6147	NM_002649.3	NM_002649.3.fasta	6118	6147	+	30	CAAAGAGCATAATTTCAGTTCTATAGACTT	AAGUCUAUAGAACUGAAAUUAUGCUCUUUG	0
NM_002649.3:6119-6148	NM_002649.3	NM_002649.3.fasta	6119	6148	+	30	AAAGAGCATAATTTCAGTTCTATAGACTTA	UAAGUCUAUAGAACUGAAAUUAUGCUCUUU	0
NM_002649.3:6120-6149	NM_002649.3	NM_002649.3.fasta	6120	6149	+	30	AAGAGCATAATTTCAGTTCTATAGACTTAT	AUAAGUCUAUAGAACUGAAAUUAUGCUCUU	0
NM_002649.3:6121-6150	NM_002649.3	NM_002649.3.fasta	6121	6150	+	30	AGAGCATAATTTCAGTTCTATAGACTTATA	UAUAAGUCUAUAGAACUGAAAUUAUGCUCU	0
NM_002649.3:6122-6151	NM_002649.3	NM_002649.3.fasta	6122	6151	+	30	GAGCATAATTTCAGTTCTATAGACTTATAG	CUAUAAGUCUAUAGAACUGAAAUUAUGCUC	0
NM_002649.3:6123-6152	NM_002649.3	NM_002649.3.fasta	6123	6152	+	30	AGCATAATTTCAGTTCTATAGACTTATAGA	UCUAUAAGUCUAUAGAACUGAAAUUAUGCU	0
NM_002649.3:6124-6153	NM_002649.3	NM_002649.3.fasta	6124	6153	+	30	GCATAATTTCAGTTCTATAGACTTATAGAT	AUCUAUAAGUCUAUAGAACUGAAAUUAUGC	0
NM_002649.3:6125-6154	NM_002649.3	NM_002649.3.fasta	6125	6154	+	30	CATAATTTCAGTTCTATAGACTTATAGATA	UAUCUAUAAGUCUAUAGAACUGAAAUUAUG	0
NM_002649.3:6126-6155	NM_002649.3	NM_002649.3.fasta	6126	6155	+	30	ATAATTTCAGTTCTATAGACTTATAGATAA	UUAUCUAUAAGUCUAUAGAACUGAAAUUAU	0
NM_002649.3:6127-6156	NM_002649.3	NM_002649.3.fasta	6127	6156	+	30	TAATTTCAGTTCTATAGACTTATAGATAAA	UUUAUCUAUAAGUCUAUAGAACUGAAAUUA	0
NM_002649.3:6128-6157	NM_002649.3	NM_002649.3.fasta	6128	6157	+	30	AATTTCAGTTCTATAGACTTATAGATAAAT	AUUUAUCUAUAAGUCUAUAGAACUGAAAUU	0
NM_002649.3:6129-6158	NM_002649.3	NM_002649.3.fasta	6129	6158	+	30	ATTTCAGTTCTATAGACTTATAGATAAATA	UAUUUAUCUAUAAGUCUAUAGAACUGAAAU	0
NM_002649.3:6130-6159	NM_002649.3	NM_002649.3.fasta	6130	6159	+	30	TTTCAGTTCTATAGACTTATAGATAAATAA	UUAUUUAUCUAUAAGUCUAUAGAACUGAAA	0
NM_002649.3:6131-6160	NM_002649.3	NM_002649.3.fasta	6131	6160	+	30	TTCAGTTCTATAGACTTATAGATAAATAAA	UUUAUUUAUCUAUAAGUCUAUAGAACUGAA	0
NM_002649.3:6132-6161	NM_002649.3	NM_002649.3.fasta	6132	6161	+	30	TCAGTTCTATAGACTTATAGATAAATAAAA	UUUUAUUUAUCUAUAAGUCUAUAGAACUGA	0
NM_002649.3:6133-6162	NM_002649.3	NM_002649.3.fasta	6133	6162	+	30	CAGTTCTATAGACTTATAGATAAATAAAAA	UUUUUAUUUAUCUAUAAGUCUAUAGAACUG	0
NM_002649.3:6134-6163	NM_002649.3	NM_002649.3.fasta	6134	6163	+	30	AGTTCTATAGACTTATAGATAAATAAAAAT	AUUUUUAUUUAUCUAUAAGUCUAUAGAACU	0
NM_002649.3:6135-6164	NM_002649.3	NM_002649.3.fasta	6135	6164	+	30	GTTCTATAGACTTATAGATAAATAAAAATC	GAUUUUUAUUUAUCUAUAAGUCUAUAGAAC	0
NM_002649.3:6136-6165	NM_002649.3	NM_002649.3.fasta	6136	6165	+	30	TTCTATAGACTTATAGATAAATAAAAATCA	UGAUUUUUAUUUAUCUAUAAGUCUAUAGAA	0
NM_002649.3:6137-6166	NM_002649.3	NM_002649.3.fasta	6137	6166	+	30	TCTATAGACTTATAGATAAATAAAAATCAT	AUGAUUUUUAUUUAUCUAUAAGUCUAUAGA	0
NM_002649.3:6138-6167	NM_002649.3	NM_002649.3.fasta	6138	6167	+	30	CTATAGACTTATAGATAAATAAAAATCATC	GAUGAUUUUUAUUUAUCUAUAAGUCUAUAG	0
NM_002649.3:6139-6168	NM_002649.3	NM_002649.3.fasta	6139	6168	+	30	TATAGACTTATAGATAAATAAAAATCATCT	AGAUGAUUUUUAUUUAUCUAUAAGUCUAUA	0
NM_002649.3:6140-6169	NM_002649.3	NM_002649.3.fasta	6140	6169	+	30	ATAGACTTATAGATAAATAAAAATCATCTT	AAGAUGAUUUUUAUUUAUCUAUAAGUCUAU	0
NM_002649.3:6141-6170	NM_002649.3	NM_002649.3.fasta	6141	6170	+	30	TAGACTTATAGATAAATAAAAATCATCTTT	AAAGAUGAUUUUUAUUUAUCUAUAAGUCUA	0
NM_002649.3:6142-6171	NM_002649.3	NM_002649.3.fasta	6142	6171	+	30	AGACTTATAGATAAATAAAAATCATCTTTG	CAAAGAUGAUUUUUAUUUAUCUAUAAGUCU	0
NM_002649.3:6143-6172	NM_002649.3	NM_002649.3.fasta	6143	6172	+	30	GACTTATAGATAAATAAAAATCATCTTTGT	ACAAAGAUGAUUUUUAUUUAUCUAUAAGUC	0
NM_002649.3:6144-6173	NM_002649.3	NM_002649.3.fasta	6144	6173	+	30	ACTTATAGATAAATAAAAATCATCTTTGTG	CACAAAGAUGAUUUUUAUUUAUCUAUAAGU	0
NM_002649.3:6145-6174	NM_002649.3	NM_002649.3.fasta	6145	6174	+	30	CTTATAGATAAATAAAAATCATCTTTGTGG	CCACAAAGAUGAUUUUUAUUUAUCUAUAAG	0
NM_002649.3:6146-6175	NM_002649.3	NM_002649.3.fasta	6146	6175	+	30	TTATAGATAAATAAAAATCATCTTTGTGGG	CCCACAAAGAUGAUUUUUAUUUAUCUAUAA	0
NM_002649.3:6147-6176	NM_002649.3	NM_002649.3.fasta	6147	6176	+	30	TATAGATAAATAAAAATCATCTTTGTGGGC	GCCCACAAAGAUGAUUUUUAUUUAUCUAUA	0
NM_002649.3:6148-6177	NM_002649.3	NM_002649.3.fasta	6148	6177	+	30	ATAGATAAATAAAAATCATCTTTGTGGGCT	AGCCCACAAAGAUGAUUUUUAUUUAUCUAU	0
NM_002649.3:6149-6178	NM_002649.3	NM_002649.3.fasta	6149	6178	+	30	TAGATAAATAAAAATCATCTTTGTGGGCTT	AAGCCCACAAAGAUGAUUUUUAUUUAUCUA	0
NM_002649.3:6150-6179	NM_002649.3	NM_002649.3.fasta	6150	6179	+	30	AGATAAATAAAAATCATCTTTGTGGGCTTC	GAAGCCCACAAAGAUGAUUUUUAUUUAUCU	0
NM_002649.3:6151-6180	NM_002649.3	NM_002649.3.fasta	6151	6180	+	30	GATAAATAAAAATCATCTTTGTGGGCTTCC	GGAAGCCCACAAAGAUGAUUUUUAUUUAUC	0
NM_002649.3:6152-6181	NM_002649.3	NM_002649.3.fasta	6152	6181	+	30	ATAAATAAAAATCATCTTTGTGGGCTTCCT	AGGAAGCCCACAAAGAUGAUUUUUAUUUAU	0
NM_002649.3:6153-6182	NM_002649.3	NM_002649.3.fasta	6153	6182	+	30	TAAATAAAAATCATCTTTGTGGGCTTCCTT	AAGGAAGCCCACAAAGAUGAUUUUUAUUUA	0
NM_002649.3:6154-6183	NM_002649.3	NM_002649.3.fasta	6154	6183	+	30	AAATAAAAATCATCTTTGTGGGCTTCCTTC	GAAGGAAGCCCACAAAGAUGAUUUUUAUUU	0
NM_002649.3:6155-6184	NM_002649.3	NM_002649.3.fasta	6155	6184	+	30	AATAAAAATCATCTTTGTGGGCTTCCTTCC	GGAAGGAAGCCCACAAAGAUGAUUUUUAUU	0
NM_002649.3:6156-6185	NM_002649.3	NM_002649.3.fasta	6156	6185	+	30	ATAAAAATCATCTTTGTGGGCTTCCTTCCT	AGGAAGGAAGCCCACAAAGAUGAUUUUUAU	0
NM_002649.3:6157-6186	NM_002649.3	NM_002649.3.fasta	6157	6186	+	30	TAAAAATCATCTTTGTGGGCTTCCTTCCTT	AAGGAAGGAAGCCCACAAAGAUGAUUUUUA	0
NM_002649.3:6158-6187	NM_002649.3	NM_002649.3.fasta	6158	6187	+	30	AAAAATCATCTTTGTGGGCTTCCTTCCTTT	AAAGGAAGGAAGCCCACAAAGAUGAUUUUU	0
NM_002649.3:6159-6188	NM_002649.3	NM_002649.3.fasta	6159	6188	+	30	AAAATCATCTTTGTGGGCTTCCTTCCTTTA	UAAAGGAAGGAAGCCCACAAAGAUGAUUUU	0
NM_002649.3:6160-6189	NM_002649.3	NM_002649.3.fasta	6160	6189	+	30	AAATCATCTTTGTGGGCTTCCTTCCTTTAC	GUAAAGGAAGGAAGCCCACAAAGAUGAUUU	0
NM_002649.3:6161-6190	NM_002649.3	NM_002649.3.fasta	6161	6190	+	30	AATCATCTTTGTGGGCTTCCTTCCTTTACT	AGUAAAGGAAGGAAGCCCACAAAGAUGAUU	0
NM_002649.3:6162-6191	NM_002649.3	NM_002649.3.fasta	6162	6191	+	30	ATCATCTTTGTGGGCTTCCTTCCTTTACTG	CAGUAAAGGAAGGAAGCCCACAAAGAUGAU	0
NM_002649.3:6163-6192	NM_002649.3	NM_002649.3.fasta	6163	6192	+	30	TCATCTTTGTGGGCTTCCTTCCTTTACTGT	ACAGUAAAGGAAGGAAGCCCACAAAGAUGA	0
NM_002649.3:6164-6193	NM_002649.3	NM_002649.3.fasta	6164	6193	+	30	CATCTTTGTGGGCTTCCTTCCTTTACTGTT	AACAGUAAAGGAAGGAAGCCCACAAAGAUG	0
NM_002649.3:6165-6194	NM_002649.3	NM_002649.3.fasta	6165	6194	+	30	ATCTTTGTGGGCTTCCTTCCTTTACTGTTC	GAACAGUAAAGGAAGGAAGCCCACAAAGAU	0
NM_002649.3:6166-6195	NM_002649.3	NM_002649.3.fasta	6166	6195	+	30	TCTTTGTGGGCTTCCTTCCTTTACTGTTCG	CGAACAGUAAAGGAAGGAAGCCCACAAAGA	0
NM_002649.3:6167-6196	NM_002649.3	NM_002649.3.fasta	6167	6196	+	30	CTTTGTGGGCTTCCTTCCTTTACTGTTCGC	GCGAACAGUAAAGGAAGGAAGCCCACAAAG	0
NM_002649.3:6168-6197	NM_002649.3	NM_002649.3.fasta	6168	6197	+	30	TTTGTGGGCTTCCTTCCTTTACTGTTCGCA	UGCGAACAGUAAAGGAAGGAAGCCCACAAA	0
NM_002649.3:6169-6198	NM_002649.3	NM_002649.3.fasta	6169	6198	+	30	TTGTGGGCTTCCTTCCTTTACTGTTCGCAG	CUGCGAACAGUAAAGGAAGGAAGCCCACAA	0
NM_002649.3:6170-6199	NM_002649.3	NM_002649.3.fasta	6170	6199	+	30	TGTGGGCTTCCTTCCTTTACTGTTCGCAGT	ACUGCGAACAGUAAAGGAAGGAAGCCCACA	0
NM_002649.3:6171-6200	NM_002649.3	NM_002649.3.fasta	6171	6200	+	30	GTGGGCTTCCTTCCTTTACTGTTCGCAGTG	CACUGCGAACAGUAAAGGAAGGAAGCCCAC	0
NM_002649.3:6172-6201	NM_002649.3	NM_002649.3.fasta	6172	6201	+	30	TGGGCTTCCTTCCTTTACTGTTCGCAGTGA	UCACUGCGAACAGUAAAGGAAGGAAGCCCA	0
NM_002649.3:6173-6202	NM_002649.3	NM_002649.3.fasta	6173	6202	+	30	GGGCTTCCTTCCTTTACTGTTCGCAGTGAA	UUCACUGCGAACAGUAAAGGAAGGAAGCCC	0
NM_002649.3:6174-6203	NM_002649.3	NM_002649.3.fasta	6174	6203	+	30	GGCTTCCTTCCTTTACTGTTCGCAGTGAAT	AUUCACUGCGAACAGUAAAGGAAGGAAGCC	0
NM_002649.3:6175-6204	NM_002649.3	NM_002649.3.fasta	6175	6204	+	30	GCTTCCTTCCTTTACTGTTCGCAGTGAATT	AAUUCACUGCGAACAGUAAAGGAAGGAAGC	0
NM_002649.3:6176-6205	NM_002649.3	NM_002649.3.fasta	6176	6205	+	30	CTTCCTTCCTTTACTGTTCGCAGTGAATTA	UAAUUCACUGCGAACAGUAAAGGAAGGAAG	0
NM_002649.3:6177-6206	NM_002649.3	NM_002649.3.fasta	6177	6206	+	30	TTCCTTCCTTTACTGTTCGCAGTGAATTAC	GUAAUUCACUGCGAACAGUAAAGGAAGGAA	0
NM_002649.3:6178-6207	NM_002649.3	NM_002649.3.fasta	6178	6207	+	30	TCCTTCCTTTACTGTTCGCAGTGAATTACA	UGUAAUUCACUGCGAACAGUAAAGGAAGGA	0
NM_002649.3:6179-6208	NM_002649.3	NM_002649.3.fasta	6179	6208	+	30	CCTTCCTTTACTGTTCGCAGTGAATTACAT	AUGUAAUUCACUGCGAACAGUAAAGGAAGG	0
NM_002649.3:6180-6209	NM_002649.3	NM_002649.3.fasta	6180	6209	+	30	CTTCCTTTACTGTTCGCAGTGAATTACATG	CAUGUAAUUCACUGCGAACAGUAAAGGAAG	0
NM_002649.3:6181-6210	NM_002649.3	NM_002649.3.fasta	6181	6210	+	30	TTCCTTTACTGTTCGCAGTGAATTACATGA	UCAUGUAAUUCACUGCGAACAGUAAAGGAA	0
NM_002649.3:6182-6211	NM_002649.3	NM_002649.3.fasta	6182	6211	+	30	TCCTTTACTGTTCGCAGTGAATTACATGAC	GUCAUGUAAUUCACUGCGAACAGUAAAGGA	0
NM_002649.3:6183-6212	NM_002649.3	NM_002649.3.fasta	6183	6212	+	30	CCTTTACTGTTCGCAGTGAATTACATGACG	CGUCAUGUAAUUCACUGCGAACAGUAAAGG	0
NM_002649.3:6184-6213	NM_002649.3	NM_002649.3.fasta	6184	6213	+	30	CTTTACTGTTCGCAGTGAATTACATGACGA	UCGUCAUGUAAUUCACUGCGAACAGUAAAG	0
NM_002649.3:6185-6214	NM_002649.3	NM_002649.3.fasta	6185	6214	+	30	TTTACTGTTCGCAGTGAATTACATGACGAA	UUCGUCAUGUAAUUCACUGCGAACAGUAAA	0
NM_002649.3:6186-6215	NM_002649.3	NM_002649.3.fasta	6186	6215	+	30	TTACTGTTCGCAGTGAATTACATGACGAAC	GUUCGUCAUGUAAUUCACUGCGAACAGUAA	0
NM_002649.3:6187-6216	NM_002649.3	NM_002649.3.fasta	6187	6216	+	30	TACTGTTCGCAGTGAATTACATGACGAACA	UGUUCGUCAUGUAAUUCACUGCGAACAGUA	0
NM_002649.3:6188-6217	NM_002649.3	NM_002649.3.fasta	6188	6217	+	30	ACTGTTCGCAGTGAATTACATGACGAACAA	UUGUUCGUCAUGUAAUUCACUGCGAACAGU	0
NM_002649.3:6189-6218	NM_002649.3	NM_002649.3.fasta	6189	6218	+	30	CTGTTCGCAGTGAATTACATGACGAACAAC	GUUGUUCGUCAUGUAAUUCACUGCGAACAG	0
NM_002649.3:6190-6219	NM_002649.3	NM_002649.3.fasta	6190	6219	+	30	TGTTCGCAGTGAATTACATGACGAACAACT	AGUUGUUCGUCAUGUAAUUCACUGCGAACA	0
NM_002649.3:6191-6220	NM_002649.3	NM_002649.3.fasta	6191	6220	+	30	GTTCGCAGTGAATTACATGACGAACAACTT	AAGUUGUUCGUCAUGUAAUUCACUGCGAAC	0
NM_002649.3:6192-6221	NM_002649.3	NM_002649.3.fasta	6192	6221	+	30	TTCGCAGTGAATTACATGACGAACAACTTC	GAAGUUGUUCGUCAUGUAAUUCACUGCGAA	0
NM_002649.3:6193-6222	NM_002649.3	NM_002649.3.fasta	6193	6222	+	30	TCGCAGTGAATTACATGACGAACAACTTCT	AGAAGUUGUUCGUCAUGUAAUUCACUGCGA	0
NM_002649.3:6194-6223	NM_002649.3	NM_002649.3.fasta	6194	6223	+	30	CGCAGTGAATTACATGACGAACAACTTCTA	UAGAAGUUGUUCGUCAUGUAAUUCACUGCG	0
NM_002649.3:6195-6224	NM_002649.3	NM_002649.3.fasta	6195	6224	+	30	GCAGTGAATTACATGACGAACAACTTCTAT	AUAGAAGUUGUUCGUCAUGUAAUUCACUGC	0
NM_002649.3:6196-6225	NM_002649.3	NM_002649.3.fasta	6196	6225	+	30	CAGTGAATTACATGACGAACAACTTCTATA	UAUAGAAGUUGUUCGUCAUGUAAUUCACUG	0
NM_002649.3:6197-6226	NM_002649.3	NM_002649.3.fasta	6197	6226	+	30	AGTGAATTACATGACGAACAACTTCTATAC	GUAUAGAAGUUGUUCGUCAUGUAAUUCACU	0
NM_002649.3:6198-6227	NM_002649.3	NM_002649.3.fasta	6198	6227	+	30	GTGAATTACATGACGAACAACTTCTATACC	GGUAUAGAAGUUGUUCGUCAUGUAAUUCAC	0
NM_002649.3:6199-6228	NM_002649.3	NM_002649.3.fasta	6199	6228	+	30	TGAATTACATGACGAACAACTTCTATACCT	AGGUAUAGAAGUUGUUCGUCAUGUAAUUCA	0
NM_002649.3:6200-6229	NM_002649.3	NM_002649.3.fasta	6200	6229	+	30	GAATTACATGACGAACAACTTCTATACCTT	AAGGUAUAGAAGUUGUUCGUCAUGUAAUUC	0
NM_002649.3:6201-6230	NM_002649.3	NM_002649.3.fasta	6201	6230	+	30	AATTACATGACGAACAACTTCTATACCTTT	AAAGGUAUAGAAGUUGUUCGUCAUGUAAUU	0
NM_002649.3:6202-6231	NM_002649.3	NM_002649.3.fasta	6202	6231	+	30	ATTACATGACGAACAACTTCTATACCTTTG	CAAAGGUAUAGAAGUUGUUCGUCAUGUAAU	0
NM_002649.3:6203-6232	NM_002649.3	NM_002649.3.fasta	6203	6232	+	30	TTACATGACGAACAACTTCTATACCTTTGA	UCAAAGGUAUAGAAGUUGUUCGUCAUGUAA	0
NM_002649.3:6204-6233	NM_002649.3	NM_002649.3.fasta	6204	6233	+	30	TACATGACGAACAACTTCTATACCTTTGAA	UUCAAAGGUAUAGAAGUUGUUCGUCAUGUA	0
NM_002649.3:6205-6234	NM_002649.3	NM_002649.3.fasta	6205	6234	+	30	ACATGACGAACAACTTCTATACCTTTGAAA	UUUCAAAGGUAUAGAAGUUGUUCGUCAUGU	0
NM_002649.3:6206-6235	NM_002649.3	NM_002649.3.fasta	6206	6235	+	30	CATGACGAACAACTTCTATACCTTTGAAAA	UUUUCAAAGGUAUAGAAGUUGUUCGUCAUG	0
NM_002649.3:6207-6236	NM_002649.3	NM_002649.3.fasta	6207	6236	+	30	ATGACGAACAACTTCTATACCTTTGAAAAT	AUUUUCAAAGGUAUAGAAGUUGUUCGUCAU	0
NM_002649.3:6208-6237	NM_002649.3	NM_002649.3.fasta	6208	6237	+	30	TGACGAACAACTTCTATACCTTTGAAAATG	CAUUUUCAAAGGUAUAGAAGUUGUUCGUCA	0
NM_002649.3:6209-6238	NM_002649.3	NM_002649.3.fasta	6209	6238	+	30	GACGAACAACTTCTATACCTTTGAAAATGT	ACAUUUUCAAAGGUAUAGAAGUUGUUCGUC	0
NM_002649.3:6210-6239	NM_002649.3	NM_002649.3.fasta	6210	6239	+	30	ACGAACAACTTCTATACCTTTGAAAATGTT	AACAUUUUCAAAGGUAUAGAAGUUGUUCGU	0
NM_002649.3:6211-6240	NM_002649.3	NM_002649.3.fasta	6211	6240	+	30	CGAACAACTTCTATACCTTTGAAAATGTTC	GAACAUUUUCAAAGGUAUAGAAGUUGUUCG	0
NM_002649.3:6212-6241	NM_002649.3	NM_002649.3.fasta	6212	6241	+	30	GAACAACTTCTATACCTTTGAAAATGTTCT	AGAACAUUUUCAAAGGUAUAGAAGUUGUUC	0
NM_002649.3:6213-6242	NM_002649.3	NM_002649.3.fasta	6213	6242	+	30	AACAACTTCTATACCTTTGAAAATGTTCTA	UAGAACAUUUUCAAAGGUAUAGAAGUUGUU	0
NM_002649.3:6214-6243	NM_002649.3	NM_002649.3.fasta	6214	6243	+	30	ACAACTTCTATACCTTTGAAAATGTTCTAG	CUAGAACAUUUUCAAAGGUAUAGAAGUUGU	0
NM_002649.3:6215-6244	NM_002649.3	NM_002649.3.fasta	6215	6244	+	30	CAACTTCTATACCTTTGAAAATGTTCTAGA	UCUAGAACAUUUUCAAAGGUAUAGAAGUUG	0
NM_002649.3:6216-6245	NM_002649.3	NM_002649.3.fasta	6216	6245	+	30	AACTTCTATACCTTTGAAAATGTTCTAGAA	UUCUAGAACAUUUUCAAAGGUAUAGAAGUU	0
NM_002649.3:6217-6246	NM_002649.3	NM_002649.3.fasta	6217	6246	+	30	ACTTCTATACCTTTGAAAATGTTCTAGAAC	GUUCUAGAACAUUUUCAAAGGUAUAGAAGU	0
NM_002649.3:6218-6247	NM_002649.3	NM_002649.3.fasta	6218	6247	+	30	CTTCTATACCTTTGAAAATGTTCTAGAACT	AGUUCUAGAACAUUUUCAAAGGUAUAGAAG	0
NM_002649.3:6219-6248	NM_002649.3	NM_002649.3.fasta	6219	6248	+	30	TTCTATACCTTTGAAAATGTTCTAGAACTA	UAGUUCUAGAACAUUUUCAAAGGUAUAGAA	0
NM_002649.3:6220-6249	NM_002649.3	NM_002649.3.fasta	6220	6249	+	30	TCTATACCTTTGAAAATGTTCTAGAACTAG	CUAGUUCUAGAACAUUUUCAAAGGUAUAGA	0
NM_002649.3:6221-6250	NM_002649.3	NM_002649.3.fasta	6221	6250	+	30	CTATACCTTTGAAAATGTTCTAGAACTAGA	UCUAGUUCUAGAACAUUUUCAAAGGUAUAG	0
NM_002649.3:6222-6251	NM_002649.3	NM_002649.3.fasta	6222	6251	+	30	TATACCTTTGAAAATGTTCTAGAACTAGAA	UUCUAGUUCUAGAACAUUUUCAAAGGUAUA	0
NM_002649.3:6223-6252	NM_002649.3	NM_002649.3.fasta	6223	6252	+	30	ATACCTTTGAAAATGTTCTAGAACTAGAAT	AUUCUAGUUCUAGAACAUUUUCAAAGGUAU	0
NM_002649.3:6224-6253	NM_002649.3	NM_002649.3.fasta	6224	6253	+	30	TACCTTTGAAAATGTTCTAGAACTAGAATC	GAUUCUAGUUCUAGAACAUUUUCAAAGGUA	0
NM_002649.3:6225-6254	NM_002649.3	NM_002649.3.fasta	6225	6254	+	30	ACCTTTGAAAATGTTCTAGAACTAGAATCA	UGAUUCUAGUUCUAGAACAUUUUCAAAGGU	0
NM_002649.3:6226-6255	NM_002649.3	NM_002649.3.fasta	6226	6255	+	30	CCTTTGAAAATGTTCTAGAACTAGAATCAT	AUGAUUCUAGUUCUAGAACAUUUUCAAAGG	0
NM_002649.3:6227-6256	NM_002649.3	NM_002649.3.fasta	6227	6256	+	30	CTTTGAAAATGTTCTAGAACTAGAATCATC	GAUGAUUCUAGUUCUAGAACAUUUUCAAAG	0
NM_002649.3:6228-6257	NM_002649.3	NM_002649.3.fasta	6228	6257	+	30	TTTGAAAATGTTCTAGAACTAGAATCATCC	GGAUGAUUCUAGUUCUAGAACAUUUUCAAA	0
NM_002649.3:6229-6258	NM_002649.3	NM_002649.3.fasta	6229	6258	+	30	TTGAAAATGTTCTAGAACTAGAATCATCCT	AGGAUGAUUCUAGUUCUAGAACAUUUUCAA	0
NM_002649.3:6230-6259	NM_002649.3	NM_002649.3.fasta	6230	6259	+	30	TGAAAATGTTCTAGAACTAGAATCATCCTG	CAGGAUGAUUCUAGUUCUAGAACAUUUUCA	0
NM_002649.3:6231-6260	NM_002649.3	NM_002649.3.fasta	6231	6260	+	30	GAAAATGTTCTAGAACTAGAATCATCCTGC	GCAGGAUGAUUCUAGUUCUAGAACAUUUUC	0
NM_002649.3:6232-6261	NM_002649.3	NM_002649.3.fasta	6232	6261	+	30	AAAATGTTCTAGAACTAGAATCATCCTGCT	AGCAGGAUGAUUCUAGUUCUAGAACAUUUU	0
NM_002649.3:6233-6262	NM_002649.3	NM_002649.3.fasta	6233	6262	+	30	AAATGTTCTAGAACTAGAATCATCCTGCTA	UAGCAGGAUGAUUCUAGUUCUAGAACAUUU	0
NM_002649.3:6234-6263	NM_002649.3	NM_002649.3.fasta	6234	6263	+	30	AATGTTCTAGAACTAGAATCATCCTGCTAC	GUAGCAGGAUGAUUCUAGUUCUAGAACAUU	0
NM_002649.3:6235-6264	NM_002649.3	NM_002649.3.fasta	6235	6264	+	30	ATGTTCTAGAACTAGAATCATCCTGCTACT	AGUAGCAGGAUGAUUCUAGUUCUAGAACAU	0
NM_002649.3:6236-6265	NM_002649.3	NM_002649.3.fasta	6236	6265	+	30	TGTTCTAGAACTAGAATCATCCTGCTACTG	CAGUAGCAGGAUGAUUCUAGUUCUAGAACA	0
NM_002649.3:6237-6266	NM_002649.3	NM_002649.3.fasta	6237	6266	+	30	GTTCTAGAACTAGAATCATCCTGCTACTGG	CCAGUAGCAGGAUGAUUCUAGUUCUAGAAC	0
NM_002649.3:6238-6267	NM_002649.3	NM_002649.3.fasta	6238	6267	+	30	TTCTAGAACTAGAATCATCCTGCTACTGGG	CCCAGUAGCAGGAUGAUUCUAGUUCUAGAA	0
NM_002649.3:6239-6268	NM_002649.3	NM_002649.3.fasta	6239	6268	+	30	TCTAGAACTAGAATCATCCTGCTACTGGGA	UCCCAGUAGCAGGAUGAUUCUAGUUCUAGA	0
NM_002649.3:6240-6269	NM_002649.3	NM_002649.3.fasta	6240	6269	+	30	CTAGAACTAGAATCATCCTGCTACTGGGAA	UUCCCAGUAGCAGGAUGAUUCUAGUUCUAG	0
NM_002649.3:6241-6270	NM_002649.3	NM_002649.3.fasta	6241	6270	+	30	TAGAACTAGAATCATCCTGCTACTGGGAAC	GUUCCCAGUAGCAGGAUGAUUCUAGUUCUA	0
NM_002649.3:6242-6271	NM_002649.3	NM_002649.3.fasta	6242	6271	+	30	AGAACTAGAATCATCCTGCTACTGGGAACT	AGUUCCCAGUAGCAGGAUGAUUCUAGUUCU	0
NM_002649.3:6243-6272	NM_002649.3	NM_002649.3.fasta	6243	6272	+	30	GAACTAGAATCATCCTGCTACTGGGAACTA	UAGUUCCCAGUAGCAGGAUGAUUCUAGUUC	0
NM_002649.3:6244-6273	NM_002649.3	NM_002649.3.fasta	6244	6273	+	30	AACTAGAATCATCCTGCTACTGGGAACTAC	GUAGUUCCCAGUAGCAGGAUGAUUCUAGUU	0
NM_002649.3:6245-6274	NM_002649.3	NM_002649.3.fasta	6245	6274	+	30	ACTAGAATCATCCTGCTACTGGGAACTACC	GGUAGUUCCCAGUAGCAGGAUGAUUCUAGU	0
NM_002649.3:6246-6275	NM_002649.3	NM_002649.3.fasta	6246	6275	+	30	CTAGAATCATCCTGCTACTGGGAACTACCC	GGGUAGUUCCCAGUAGCAGGAUGAUUCUAG	0
NM_002649.3:6247-6276	NM_002649.3	NM_002649.3.fasta	6247	6276	+	30	TAGAATCATCCTGCTACTGGGAACTACCCA	UGGGUAGUUCCCAGUAGCAGGAUGAUUCUA	0
NM_002649.3:6248-6277	NM_002649.3	NM_002649.3.fasta	6248	6277	+	30	AGAATCATCCTGCTACTGGGAACTACCCAC	GUGGGUAGUUCCCAGUAGCAGGAUGAUUCU	0
NM_002649.3:6249-6278	NM_002649.3	NM_002649.3.fasta	6249	6278	+	30	GAATCATCCTGCTACTGGGAACTACCCACA	UGUGGGUAGUUCCCAGUAGCAGGAUGAUUC	0
NM_002649.3:6250-6279	NM_002649.3	NM_002649.3.fasta	6250	6279	+	30	AATCATCCTGCTACTGGGAACTACCCACAG	CUGUGGGUAGUUCCCAGUAGCAGGAUGAUU	0
NM_002649.3:6251-6280	NM_002649.3	NM_002649.3.fasta	6251	6280	+	30	ATCATCCTGCTACTGGGAACTACCCACAGC	GCUGUGGGUAGUUCCCAGUAGCAGGAUGAU	0
NM_002649.3:6252-6281	NM_002649.3	NM_002649.3.fasta	6252	6281	+	30	TCATCCTGCTACTGGGAACTACCCACAGCT	AGCUGUGGGUAGUUCCCAGUAGCAGGAUGA	0
NM_002649.3:6253-6282	NM_002649.3	NM_002649.3.fasta	6253	6282	+	30	CATCCTGCTACTGGGAACTACCCACAGCTC	GAGCUGUGGGUAGUUCCCAGUAGCAGGAUG	0
NM_002649.3:6254-6283	NM_002649.3	NM_002649.3.fasta	6254	6283	+	30	ATCCTGCTACTGGGAACTACCCACAGCTCT	AGAGCUGUGGGUAGUUCCCAGUAGCAGGAU	0
NM_002649.3:6255-6284	NM_002649.3	NM_002649.3.fasta	6255	6284	+	30	TCCTGCTACTGGGAACTACCCACAGCTCTA	UAGAGCUGUGGGUAGUUCCCAGUAGCAGGA	0
NM_002649.3:6256-6285	NM_002649.3	NM_002649.3.fasta	6256	6285	+	30	CCTGCTACTGGGAACTACCCACAGCTCTAT	AUAGAGCUGUGGGUAGUUCCCAGUAGCAGG	0
NM_002649.3:6257-6286	NM_002649.3	NM_002649.3.fasta	6257	6286	+	30	CTGCTACTGGGAACTACCCACAGCTCTATC	GAUAGAGCUGUGGGUAGUUCCCAGUAGCAG	0
NM_002649.3:6258-6287	NM_002649.3	NM_002649.3.fasta	6258	6287	+	30	TGCTACTGGGAACTACCCACAGCTCTATCT	AGAUAGAGCUGUGGGUAGUUCCCAGUAGCA	0
NM_002649.3:6259-6288	NM_002649.3	NM_002649.3.fasta	6259	6288	+	30	GCTACTGGGAACTACCCACAGCTCTATCTT	AAGAUAGAGCUGUGGGUAGUUCCCAGUAGC	0
NM_002649.3:6260-6289	NM_002649.3	NM_002649.3.fasta	6260	6289	+	30	CTACTGGGAACTACCCACAGCTCTATCTTC	GAAGAUAGAGCUGUGGGUAGUUCCCAGUAG	0
NM_002649.3:6261-6290	NM_002649.3	NM_002649.3.fasta	6261	6290	+	30	TACTGGGAACTACCCACAGCTCTATCTTCA	UGAAGAUAGAGCUGUGGGUAGUUCCCAGUA	0
NM_002649.3:6262-6291	NM_002649.3	NM_002649.3.fasta	6262	6291	+	30	ACTGGGAACTACCCACAGCTCTATCTTCAA	UUGAAGAUAGAGCUGUGGGUAGUUCCCAGU	0
NM_002649.3:6263-6292	NM_002649.3	NM_002649.3.fasta	6263	6292	+	30	CTGGGAACTACCCACAGCTCTATCTTCAAT	AUUGAAGAUAGAGCUGUGGGUAGUUCCCAG	0
NM_002649.3:6264-6293	NM_002649.3	NM_002649.3.fasta	6264	6293	+	30	TGGGAACTACCCACAGCTCTATCTTCAATG	CAUUGAAGAUAGAGCUGUGGGUAGUUCCCA	0
NM_002649.3:6265-6294	NM_002649.3	NM_002649.3.fasta	6265	6294	+	30	GGGAACTACCCACAGCTCTATCTTCAATGC	GCAUUGAAGAUAGAGCUGUGGGUAGUUCCC	0
NM_002649.3:6266-6295	NM_002649.3	NM_002649.3.fasta	6266	6295	+	30	GGAACTACCCACAGCTCTATCTTCAATGCC	GGCAUUGAAGAUAGAGCUGUGGGUAGUUCC	0
NM_002649.3:6267-6296	NM_002649.3	NM_002649.3.fasta	6267	6296	+	30	GAACTACCCACAGCTCTATCTTCAATGCCA	UGGCAUUGAAGAUAGAGCUGUGGGUAGUUC	0
NM_002649.3:6268-6297	NM_002649.3	NM_002649.3.fasta	6268	6297	+	30	AACTACCCACAGCTCTATCTTCAATGCCAG	CUGGCAUUGAAGAUAGAGCUGUGGGUAGUU	0
NM_002649.3:6269-6298	NM_002649.3	NM_002649.3.fasta	6269	6298	+	30	ACTACCCACAGCTCTATCTTCAATGCCAGG	CCUGGCAUUGAAGAUAGAGCUGUGGGUAGU	0
NM_002649.3:6270-6299	NM_002649.3	NM_002649.3.fasta	6270	6299	+	30	CTACCCACAGCTCTATCTTCAATGCCAGGT	ACCUGGCAUUGAAGAUAGAGCUGUGGGUAG	0
NM_002649.3:6271-6300	NM_002649.3	NM_002649.3.fasta	6271	6300	+	30	TACCCACAGCTCTATCTTCAATGCCAGGTG	CACCUGGCAUUGAAGAUAGAGCUGUGGGUA	0
NM_002649.3:6272-6301	NM_002649.3	NM_002649.3.fasta	6272	6301	+	30	ACCCACAGCTCTATCTTCAATGCCAGGTGA	UCACCUGGCAUUGAAGAUAGAGCUGUGGGU	0
NM_002649.3:6273-6302	NM_002649.3	NM_002649.3.fasta	6273	6302	+	30	CCCACAGCTCTATCTTCAATGCCAGGTGAA	UUCACCUGGCAUUGAAGAUAGAGCUGUGGG	0
NM_002649.3:6274-6303	NM_002649.3	NM_002649.3.fasta	6274	6303	+	30	CCACAGCTCTATCTTCAATGCCAGGTGAAA	UUUCACCUGGCAUUGAAGAUAGAGCUGUGG	0
NM_002649.3:6275-6304	NM_002649.3	NM_002649.3.fasta	6275	6304	+	30	CACAGCTCTATCTTCAATGCCAGGTGAAAA	UUUUCACCUGGCAUUGAAGAUAGAGCUGUG	0
NM_002649.3:6276-6305	NM_002649.3	NM_002649.3.fasta	6276	6305	+	30	ACAGCTCTATCTTCAATGCCAGGTGAAAAC	GUUUUCACCUGGCAUUGAAGAUAGAGCUGU	0
NM_002649.3:6277-6306	NM_002649.3	NM_002649.3.fasta	6277	6306	+	30	CAGCTCTATCTTCAATGCCAGGTGAAAACA	UGUUUUCACCUGGCAUUGAAGAUAGAGCUG	0
NM_002649.3:6278-6307	NM_002649.3	NM_002649.3.fasta	6278	6307	+	30	AGCTCTATCTTCAATGCCAGGTGAAAACAC	GUGUUUUCACCUGGCAUUGAAGAUAGAGCU	0
NM_002649.3:6279-6308	NM_002649.3	NM_002649.3.fasta	6279	6308	+	30	GCTCTATCTTCAATGCCAGGTGAAAACACA	UGUGUUUUCACCUGGCAUUGAAGAUAGAGC	0
NM_002649.3:6280-6309	NM_002649.3	NM_002649.3.fasta	6280	6309	+	30	CTCTATCTTCAATGCCAGGTGAAAACACAG	CUGUGUUUUCACCUGGCAUUGAAGAUAGAG	0
NM_002649.3:6281-6310	NM_002649.3	NM_002649.3.fasta	6281	6310	+	30	TCTATCTTCAATGCCAGGTGAAAACACAGA	UCUGUGUUUUCACCUGGCAUUGAAGAUAGA	0
NM_002649.3:6282-6311	NM_002649.3	NM_002649.3.fasta	6282	6311	+	30	CTATCTTCAATGCCAGGTGAAAACACAGAT	AUCUGUGUUUUCACCUGGCAUUGAAGAUAG	0
NM_002649.3:6283-6312	NM_002649.3	NM_002649.3.fasta	6283	6312	+	30	TATCTTCAATGCCAGGTGAAAACACAGATC	GAUCUGUGUUUUCACCUGGCAUUGAAGAUA	0
NM_002649.3:6284-6313	NM_002649.3	NM_002649.3.fasta	6284	6313	+	30	ATCTTCAATGCCAGGTGAAAACACAGATCA	UGAUCUGUGUUUUCACCUGGCAUUGAAGAU	0
NM_002649.3:6285-6314	NM_002649.3	NM_002649.3.fasta	6285	6314	+	30	TCTTCAATGCCAGGTGAAAACACAGATCAC	GUGAUCUGUGUUUUCACCUGGCAUUGAAGA	0
NM_002649.3:6286-6315	NM_002649.3	NM_002649.3.fasta	6286	6315	+	30	CTTCAATGCCAGGTGAAAACACAGATCACA	UGUGAUCUGUGUUUUCACCUGGCAUUGAAG	0
NM_002649.3:6287-6316	NM_002649.3	NM_002649.3.fasta	6287	6316	+	30	TTCAATGCCAGGTGAAAACACAGATCACAA	UUGUGAUCUGUGUUUUCACCUGGCAUUGAA	0
NM_002649.3:6288-6317	NM_002649.3	NM_002649.3.fasta	6288	6317	+	30	TCAATGCCAGGTGAAAACACAGATCACAAG	CUUGUGAUCUGUGUUUUCACCUGGCAUUGA	0
NM_002649.3:6289-6318	NM_002649.3	NM_002649.3.fasta	6289	6318	+	30	CAATGCCAGGTGAAAACACAGATCACAAGT	ACUUGUGAUCUGUGUUUUCACCUGGCAUUG	0
NM_002649.3:6290-6319	NM_002649.3	NM_002649.3.fasta	6290	6319	+	30	AATGCCAGGTGAAAACACAGATCACAAGTC	GACUUGUGAUCUGUGUUUUCACCUGGCAUU	0
NM_002649.3:6291-6320	NM_002649.3	NM_002649.3.fasta	6291	6320	+	30	ATGCCAGGTGAAAACACAGATCACAAGTCA	UGACUUGUGAUCUGUGUUUUCACCUGGCAU	0
NM_002649.3:6292-6321	NM_002649.3	NM_002649.3.fasta	6292	6321	+	30	TGCCAGGTGAAAACACAGATCACAAGTCAG	CUGACUUGUGAUCUGUGUUUUCACCUGGCA	0
NM_002649.3:6293-6322	NM_002649.3	NM_002649.3.fasta	6293	6322	+	30	GCCAGGTGAAAACACAGATCACAAGTCAGA	UCUGACUUGUGAUCUGUGUUUUCACCUGGC	0
NM_002649.3:6294-6323	NM_002649.3	NM_002649.3.fasta	6294	6323	+	30	CCAGGTGAAAACACAGATCACAAGTCAGAT	AUCUGACUUGUGAUCUGUGUUUUCACCUGG	0
NM_002649.3:6295-6324	NM_002649.3	NM_002649.3.fasta	6295	6324	+	30	CAGGTGAAAACACAGATCACAAGTCAGATG	CAUCUGACUUGUGAUCUGUGUUUUCACCUG	0
NM_002649.3:6296-6325	NM_002649.3	NM_002649.3.fasta	6296	6325	+	30	AGGTGAAAACACAGATCACAAGTCAGATGA	UCAUCUGACUUGUGAUCUGUGUUUUCACCU	0
NM_002649.3:6297-6326	NM_002649.3	NM_002649.3.fasta	6297	6326	+	30	GGTGAAAACACAGATCACAAGTCAGATGAA	UUCAUCUGACUUGUGAUCUGUGUUUUCACC	0
NM_002649.3:6298-6327	NM_002649.3	NM_002649.3.fasta	6298	6327	+	30	GTGAAAACACAGATCACAAGTCAGATGAAT	AUUCAUCUGACUUGUGAUCUGUGUUUUCAC	0
NM_002649.3:6299-6328	NM_002649.3	NM_002649.3.fasta	6299	6328	+	30	TGAAAACACAGATCACAAGTCAGATGAATC	GAUUCAUCUGACUUGUGAUCUGUGUUUUCA	0
NM_002649.3:6300-6329	NM_002649.3	NM_002649.3.fasta	6300	6329	+	30	GAAAACACAGATCACAAGTCAGATGAATCA	UGAUUCAUCUGACUUGUGAUCUGUGUUUUC	0
NM_002649.3:6301-6330	NM_002649.3	NM_002649.3.fasta	6301	6330	+	30	AAAACACAGATCACAAGTCAGATGAATCAG	CUGAUUCAUCUGACUUGUGAUCUGUGUUUU	0
NM_002649.3:6302-6331	NM_002649.3	NM_002649.3.fasta	6302	6331	+	30	AAACACAGATCACAAGTCAGATGAATCAGG	CCUGAUUCAUCUGACUUGUGAUCUGUGUUU	0
NM_002649.3:6303-6332	NM_002649.3	NM_002649.3.fasta	6303	6332	+	30	AACACAGATCACAAGTCAGATGAATCAGGC	GCCUGAUUCAUCUGACUUGUGAUCUGUGUU	0
NM_002649.3:6304-6333	NM_002649.3	NM_002649.3.fasta	6304	6333	+	30	ACACAGATCACAAGTCAGATGAATCAGGCC	GGCCUGAUUCAUCUGACUUGUGAUCUGUGU	0
NM_002649.3:6305-6334	NM_002649.3	NM_002649.3.fasta	6305	6334	+	30	CACAGATCACAAGTCAGATGAATCAGGCCA	UGGCCUGAUUCAUCUGACUUGUGAUCUGUG	0
NM_002649.3:6306-6335	NM_002649.3	NM_002649.3.fasta	6306	6335	+	30	ACAGATCACAAGTCAGATGAATCAGGCCAA	UUGGCCUGAUUCAUCUGACUUGUGAUCUGU	0
NM_002649.3:6307-6336	NM_002649.3	NM_002649.3.fasta	6307	6336	+	30	CAGATCACAAGTCAGATGAATCAGGCCAAA	UUUGGCCUGAUUCAUCUGACUUGUGAUCUG	0
NM_002649.3:6308-6337	NM_002649.3	NM_002649.3.fasta	6308	6337	+	30	AGATCACAAGTCAGATGAATCAGGCCAAAG	CUUUGGCCUGAUUCAUCUGACUUGUGAUCU	0
NM_002649.3:6309-6338	NM_002649.3	NM_002649.3.fasta	6309	6338	+	30	GATCACAAGTCAGATGAATCAGGCCAAAGC	GCUUUGGCCUGAUUCAUCUGACUUGUGAUC	0
NM_002649.3:6310-6339	NM_002649.3	NM_002649.3.fasta	6310	6339	+	30	ATCACAAGTCAGATGAATCAGGCCAAAGCA	UGCUUUGGCCUGAUUCAUCUGACUUGUGAU	0
NM_002649.3:6311-6340	NM_002649.3	NM_002649.3.fasta	6311	6340	+	30	TCACAAGTCAGATGAATCAGGCCAAAGCAA	UUGCUUUGGCCUGAUUCAUCUGACUUGUGA	0
NM_002649.3:6312-6341	NM_002649.3	NM_002649.3.fasta	6312	6341	+	30	CACAAGTCAGATGAATCAGGCCAAAGCAAC	GUUGCUUUGGCCUGAUUCAUCUGACUUGUG	0
NM_002649.3:6313-6342	NM_002649.3	NM_002649.3.fasta	6313	6342	+	30	ACAAGTCAGATGAATCAGGCCAAAGCAACT	AGUUGCUUUGGCCUGAUUCAUCUGACUUGU	0
NM_002649.3:6314-6343	NM_002649.3	NM_002649.3.fasta	6314	6343	+	30	CAAGTCAGATGAATCAGGCCAAAGCAACTT	AAGUUGCUUUGGCCUGAUUCAUCUGACUUG	0
NM_002649.3:6315-6344	NM_002649.3	NM_002649.3.fasta	6315	6344	+	30	AAGTCAGATGAATCAGGCCAAAGCAACTTT	AAAGUUGCUUUGGCCUGAUUCAUCUGACUU	0
NM_002649.3:6316-6345	NM_002649.3	NM_002649.3.fasta	6316	6345	+	30	AGTCAGATGAATCAGGCCAAAGCAACTTTT	AAAAGUUGCUUUGGCCUGAUUCAUCUGACU	0
NM_002649.3:6317-6346	NM_002649.3	NM_002649.3.fasta	6317	6346	+	30	GTCAGATGAATCAGGCCAAAGCAACTTTTA	UAAAAGUUGCUUUGGCCUGAUUCAUCUGAC	0
NM_002649.3:6318-6347	NM_002649.3	NM_002649.3.fasta	6318	6347	+	30	TCAGATGAATCAGGCCAAAGCAACTTTTAT	AUAAAAGUUGCUUUGGCCUGAUUCAUCUGA	0
NM_002649.3:6319-6348	NM_002649.3	NM_002649.3.fasta	6319	6348	+	30	CAGATGAATCAGGCCAAAGCAACTTTTATG	CAUAAAAGUUGCUUUGGCCUGAUUCAUCUG	0
NM_002649.3:6320-6349	NM_002649.3	NM_002649.3.fasta	6320	6349	+	30	AGATGAATCAGGCCAAAGCAACTTTTATGT	ACAUAAAAGUUGCUUUGGCCUGAUUCAUCU	0
NM_002649.3:6321-6350	NM_002649.3	NM_002649.3.fasta	6321	6350	+	30	GATGAATCAGGCCAAAGCAACTTTTATGTA	UACAUAAAAGUUGCUUUGGCCUGAUUCAUC	0
NM_002649.3:6322-6351	NM_002649.3	NM_002649.3.fasta	6322	6351	+	30	ATGAATCAGGCCAAAGCAACTTTTATGTAT	AUACAUAAAAGUUGCUUUGGCCUGAUUCAU	0
NM_002649.3:6323-6352	NM_002649.3	NM_002649.3.fasta	6323	6352	+	30	TGAATCAGGCCAAAGCAACTTTTATGTATA	UAUACAUAAAAGUUGCUUUGGCCUGAUUCA	0
NM_002649.3:6324-6353	NM_002649.3	NM_002649.3.fasta	6324	6353	+	30	GAATCAGGCCAAAGCAACTTTTATGTATAT	AUAUACAUAAAAGUUGCUUUGGCCUGAUUC	0
NM_002649.3:6325-6354	NM_002649.3	NM_002649.3.fasta	6325	6354	+	30	AATCAGGCCAAAGCAACTTTTATGTATATC	GAUAUACAUAAAAGUUGCUUUGGCCUGAUU	0
NM_002649.3:6326-6355	NM_002649.3	NM_002649.3.fasta	6326	6355	+	30	ATCAGGCCAAAGCAACTTTTATGTATATCT	AGAUAUACAUAAAAGUUGCUUUGGCCUGAU	0
NM_002649.3:6327-6356	NM_002649.3	NM_002649.3.fasta	6327	6356	+	30	TCAGGCCAAAGCAACTTTTATGTATATCTA	UAGAUAUACAUAAAAGUUGCUUUGGCCUGA	0
NM_002649.3:6328-6357	NM_002649.3	NM_002649.3.fasta	6328	6357	+	30	CAGGCCAAAGCAACTTTTATGTATATCTAG	CUAGAUAUACAUAAAAGUUGCUUUGGCCUG	0
NM_002649.3:6329-6358	NM_002649.3	NM_002649.3.fasta	6329	6358	+	30	AGGCCAAAGCAACTTTTATGTATATCTAGG	CCUAGAUAUACAUAAAAGUUGCUUUGGCCU	0
NM_002649.3:6330-6359	NM_002649.3	NM_002649.3.fasta	6330	6359	+	30	GGCCAAAGCAACTTTTATGTATATCTAGGA	UCCUAGAUAUACAUAAAAGUUGCUUUGGCC	0
NM_002649.3:6331-6360	NM_002649.3	NM_002649.3.fasta	6331	6360	+	30	GCCAAAGCAACTTTTATGTATATCTAGGAC	GUCCUAGAUAUACAUAAAAGUUGCUUUGGC	0
NM_002649.3:6332-6361	NM_002649.3	NM_002649.3.fasta	6332	6361	+	30	CCAAAGCAACTTTTATGTATATCTAGGACT	AGUCCUAGAUAUACAUAAAAGUUGCUUUGG	0
NM_002649.3:6333-6362	NM_002649.3	NM_002649.3.fasta	6333	6362	+	30	CAAAGCAACTTTTATGTATATCTAGGACTG	CAGUCCUAGAUAUACAUAAAAGUUGCUUUG	0
NM_002649.3:6334-6363	NM_002649.3	NM_002649.3.fasta	6334	6363	+	30	AAAGCAACTTTTATGTATATCTAGGACTGG	CCAGUCCUAGAUAUACAUAAAAGUUGCUUU	0
NM_002649.3:6335-6364	NM_002649.3	NM_002649.3.fasta	6335	6364	+	30	AAGCAACTTTTATGTATATCTAGGACTGGC	GCCAGUCCUAGAUAUACAUAAAAGUUGCUU	0
NM_002649.3:6336-6365	NM_002649.3	NM_002649.3.fasta	6336	6365	+	30	AGCAACTTTTATGTATATCTAGGACTGGCG	CGCCAGUCCUAGAUAUACAUAAAAGUUGCU	0
NM_002649.3:6337-6366	NM_002649.3	NM_002649.3.fasta	6337	6366	+	30	GCAACTTTTATGTATATCTAGGACTGGCGA	UCGCCAGUCCUAGAUAUACAUAAAAGUUGC	0
NM_002649.3:6338-6367	NM_002649.3	NM_002649.3.fasta	6338	6367	+	30	CAACTTTTATGTATATCTAGGACTGGCGAC	GUCGCCAGUCCUAGAUAUACAUAAAAGUUG	0
NM_002649.3:6339-6368	NM_002649.3	NM_002649.3.fasta	6339	6368	+	30	AACTTTTATGTATATCTAGGACTGGCGACA	UGUCGCCAGUCCUAGAUAUACAUAAAAGUU	0
NM_002649.3:6340-6369	NM_002649.3	NM_002649.3.fasta	6340	6369	+	30	ACTTTTATGTATATCTAGGACTGGCGACAT	AUGUCGCCAGUCCUAGAUAUACAUAAAAGU	0
NM_002649.3:6341-6370	NM_002649.3	NM_002649.3.fasta	6341	6370	+	30	CTTTTATGTATATCTAGGACTGGCGACATA	UAUGUCGCCAGUCCUAGAUAUACAUAAAAG	0
NM_002649.3:6342-6371	NM_002649.3	NM_002649.3.fasta	6342	6371	+	30	TTTTATGTATATCTAGGACTGGCGACATAA	UUAUGUCGCCAGUCCUAGAUAUACAUAAAA	0
NM_002649.3:6343-6372	NM_002649.3	NM_002649.3.fasta	6343	6372	+	30	TTTATGTATATCTAGGACTGGCGACATAAT	AUUAUGUCGCCAGUCCUAGAUAUACAUAAA	0
NM_002649.3:6344-6373	NM_002649.3	NM_002649.3.fasta	6344	6373	+	30	TTATGTATATCTAGGACTGGCGACATAATT	AAUUAUGUCGCCAGUCCUAGAUAUACAUAA	0
NM_002649.3:6345-6374	NM_002649.3	NM_002649.3.fasta	6345	6374	+	30	TATGTATATCTAGGACTGGCGACATAATTT	AAAUUAUGUCGCCAGUCCUAGAUAUACAUA	0
NM_002649.3:6346-6375	NM_002649.3	NM_002649.3.fasta	6346	6375	+	30	ATGTATATCTAGGACTGGCGACATAATTTG	CAAAUUAUGUCGCCAGUCCUAGAUAUACAU	0
NM_002649.3:6347-6376	NM_002649.3	NM_002649.3.fasta	6347	6376	+	30	TGTATATCTAGGACTGGCGACATAATTTGC	GCAAAUUAUGUCGCCAGUCCUAGAUAUACA	0
NM_002649.3:6348-6377	NM_002649.3	NM_002649.3.fasta	6348	6377	+	30	GTATATCTAGGACTGGCGACATAATTTGCA	UGCAAAUUAUGUCGCCAGUCCUAGAUAUAC	0
NM_002649.3:6349-6378	NM_002649.3	NM_002649.3.fasta	6349	6378	+	30	TATATCTAGGACTGGCGACATAATTTGCAG	CUGCAAAUUAUGUCGCCAGUCCUAGAUAUA	0
NM_002649.3:6350-6379	NM_002649.3	NM_002649.3.fasta	6350	6379	+	30	ATATCTAGGACTGGCGACATAATTTGCAGA	UCUGCAAAUUAUGUCGCCAGUCCUAGAUAU	0
NM_002649.3:6351-6380	NM_002649.3	NM_002649.3.fasta	6351	6380	+	30	TATCTAGGACTGGCGACATAATTTGCAGAG	CUCUGCAAAUUAUGUCGCCAGUCCUAGAUA	0
NM_002649.3:6352-6381	NM_002649.3	NM_002649.3.fasta	6352	6381	+	30	ATCTAGGACTGGCGACATAATTTGCAGAGC	GCUCUGCAAAUUAUGUCGCCAGUCCUAGAU	0
NM_002649.3:6353-6382	NM_002649.3	NM_002649.3.fasta	6353	6382	+	30	TCTAGGACTGGCGACATAATTTGCAGAGCC	GGCUCUGCAAAUUAUGUCGCCAGUCCUAGA	0
NM_002649.3:6354-6383	NM_002649.3	NM_002649.3.fasta	6354	6383	+	30	CTAGGACTGGCGACATAATTTGCAGAGCCC	GGGCUCUGCAAAUUAUGUCGCCAGUCCUAG	0
NM_002649.3:6355-6384	NM_002649.3	NM_002649.3.fasta	6355	6384	+	30	TAGGACTGGCGACATAATTTGCAGAGCCCA	UGGGCUCUGCAAAUUAUGUCGCCAGUCCUA	0
NM_002649.3:6356-6385	NM_002649.3	NM_002649.3.fasta	6356	6385	+	30	AGGACTGGCGACATAATTTGCAGAGCCCAG	CUGGGCUCUGCAAAUUAUGUCGCCAGUCCU	0
NM_002649.3:6357-6386	NM_002649.3	NM_002649.3.fasta	6357	6386	+	30	GGACTGGCGACATAATTTGCAGAGCCCAGT	ACUGGGCUCUGCAAAUUAUGUCGCCAGUCC	0
NM_002649.3:6358-6387	NM_002649.3	NM_002649.3.fasta	6358	6387	+	30	GACTGGCGACATAATTTGCAGAGCCCAGTG	CACUGGGCUCUGCAAAUUAUGUCGCCAGUC	0
NM_002649.3:6359-6388	NM_002649.3	NM_002649.3.fasta	6359	6388	+	30	ACTGGCGACATAATTTGCAGAGCCCAGTGA	UCACUGGGCUCUGCAAAUUAUGUCGCCAGU	0
NM_002649.3:6360-6389	NM_002649.3	NM_002649.3.fasta	6360	6389	+	30	CTGGCGACATAATTTGCAGAGCCCAGTGAA	UUCACUGGGCUCUGCAAAUUAUGUCGCCAG	0
NM_002649.3:6361-6390	NM_002649.3	NM_002649.3.fasta	6361	6390	+	30	TGGCGACATAATTTGCAGAGCCCAGTGAAC	GUUCACUGGGCUCUGCAAAUUAUGUCGCCA	0
NM_002649.3:6362-6391	NM_002649.3	NM_002649.3.fasta	6362	6391	+	30	GGCGACATAATTTGCAGAGCCCAGTGAACA	UGUUCACUGGGCUCUGCAAAUUAUGUCGCC	0
NM_002649.3:6363-6392	NM_002649.3	NM_002649.3.fasta	6363	6392	+	30	GCGACATAATTTGCAGAGCCCAGTGAACAG	CUGUUCACUGGGCUCUGCAAAUUAUGUCGC	0
NM_002649.3:6364-6393	NM_002649.3	NM_002649.3.fasta	6364	6393	+	30	CGACATAATTTGCAGAGCCCAGTGAACAGT	ACUGUUCACUGGGCUCUGCAAAUUAUGUCG	0
NM_002649.3:6365-6394	NM_002649.3	NM_002649.3.fasta	6365	6394	+	30	GACATAATTTGCAGAGCCCAGTGAACAGTG	CACUGUUCACUGGGCUCUGCAAAUUAUGUC	0
NM_002649.3:6366-6395	NM_002649.3	NM_002649.3.fasta	6366	6395	+	30	ACATAATTTGCAGAGCCCAGTGAACAGTGA	UCACUGUUCACUGGGCUCUGCAAAUUAUGU	0
NM_002649.3:6367-6396	NM_002649.3	NM_002649.3.fasta	6367	6396	+	30	CATAATTTGCAGAGCCCAGTGAACAGTGAA	UUCACUGUUCACUGGGCUCUGCAAAUUAUG	0
NM_002649.3:6368-6397	NM_002649.3	NM_002649.3.fasta	6368	6397	+	30	ATAATTTGCAGAGCCCAGTGAACAGTGAAA	UUUCACUGUUCACUGGGCUCUGCAAAUUAU	0
NM_002649.3:6369-6398	NM_002649.3	NM_002649.3.fasta	6369	6398	+	30	TAATTTGCAGAGCCCAGTGAACAGTGAAAA	UUUUCACUGUUCACUGGGCUCUGCAAAUUA	0
NM_002649.3:6370-6399	NM_002649.3	NM_002649.3.fasta	6370	6399	+	30	AATTTGCAGAGCCCAGTGAACAGTGAAAAT	AUUUUCACUGUUCACUGGGCUCUGCAAAUU	0
NM_002649.3:6371-6400	NM_002649.3	NM_002649.3.fasta	6371	6400	+	30	ATTTGCAGAGCCCAGTGAACAGTGAAAATG	CAUUUUCACUGUUCACUGGGCUCUGCAAAU	0
NM_002649.3:6372-6401	NM_002649.3	NM_002649.3.fasta	6372	6401	+	30	TTTGCAGAGCCCAGTGAACAGTGAAAATGC	GCAUUUUCACUGUUCACUGGGCUCUGCAAA	0
NM_002649.3:6373-6402	NM_002649.3	NM_002649.3.fasta	6373	6402	+	30	TTGCAGAGCCCAGTGAACAGTGAAAATGCA	UGCAUUUUCACUGUUCACUGGGCUCUGCAA	0
NM_002649.3:6374-6403	NM_002649.3	NM_002649.3.fasta	6374	6403	+	30	TGCAGAGCCCAGTGAACAGTGAAAATGCAG	CUGCAUUUUCACUGUUCACUGGGCUCUGCA	0
NM_002649.3:6375-6404	NM_002649.3	NM_002649.3.fasta	6375	6404	+	30	GCAGAGCCCAGTGAACAGTGAAAATGCAGT	ACUGCAUUUUCACUGUUCACUGGGCUCUGC	0
NM_002649.3:6376-6405	NM_002649.3	NM_002649.3.fasta	6376	6405	+	30	CAGAGCCCAGTGAACAGTGAAAATGCAGTC	GACUGCAUUUUCACUGUUCACUGGGCUCUG	0
NM_002649.3:6377-6406	NM_002649.3	NM_002649.3.fasta	6377	6406	+	30	AGAGCCCAGTGAACAGTGAAAATGCAGTCC	GGACUGCAUUUUCACUGUUCACUGGGCUCU	0
NM_002649.3:6378-6407	NM_002649.3	NM_002649.3.fasta	6378	6407	+	30	GAGCCCAGTGAACAGTGAAAATGCAGTCCC	GGGACUGCAUUUUCACUGUUCACUGGGCUC	0
NM_002649.3:6379-6408	NM_002649.3	NM_002649.3.fasta	6379	6408	+	30	AGCCCAGTGAACAGTGAAAATGCAGTCCCA	UGGGACUGCAUUUUCACUGUUCACUGGGCU	0
NM_002649.3:6380-6409	NM_002649.3	NM_002649.3.fasta	6380	6409	+	30	GCCCAGTGAACAGTGAAAATGCAGTCCCAT	AUGGGACUGCAUUUUCACUGUUCACUGGGC	0
NM_002649.3:6381-6410	NM_002649.3	NM_002649.3.fasta	6381	6410	+	30	CCCAGTGAACAGTGAAAATGCAGTCCCATC	GAUGGGACUGCAUUUUCACUGUUCACUGGG	0
NM_002649.3:6382-6411	NM_002649.3	NM_002649.3.fasta	6382	6411	+	30	CCAGTGAACAGTGAAAATGCAGTCCCATCA	UGAUGGGACUGCAUUUUCACUGUUCACUGG	0
NM_002649.3:6383-6412	NM_002649.3	NM_002649.3.fasta	6383	6412	+	30	CAGTGAACAGTGAAAATGCAGTCCCATCAT	AUGAUGGGACUGCAUUUUCACUGUUCACUG	0
NM_002649.3:6384-6413	NM_002649.3	NM_002649.3.fasta	6384	6413	+	30	AGTGAACAGTGAAAATGCAGTCCCATCATT	AAUGAUGGGACUGCAUUUUCACUGUUCACU	0
NM_002649.3:6385-6414	NM_002649.3	NM_002649.3.fasta	6385	6414	+	30	GTGAACAGTGAAAATGCAGTCCCATCATTC	GAAUGAUGGGACUGCAUUUUCACUGUUCAC	0
NM_002649.3:6386-6415	NM_002649.3	NM_002649.3.fasta	6386	6415	+	30	TGAACAGTGAAAATGCAGTCCCATCATTCA	UGAAUGAUGGGACUGCAUUUUCACUGUUCA	0
NM_002649.3:6387-6416	NM_002649.3	NM_002649.3.fasta	6387	6416	+	30	GAACAGTGAAAATGCAGTCCCATCATTCAA	UUGAAUGAUGGGACUGCAUUUUCACUGUUC	0
NM_002649.3:6388-6417	NM_002649.3	NM_002649.3.fasta	6388	6417	+	30	AACAGTGAAAATGCAGTCCCATCATTCAAA	UUUGAAUGAUGGGACUGCAUUUUCACUGUU	0
NM_002649.3:6389-6418	NM_002649.3	NM_002649.3.fasta	6389	6418	+	30	ACAGTGAAAATGCAGTCCCATCATTCAAAA	UUUUGAAUGAUGGGACUGCAUUUUCACUGU	0
NM_002649.3:6390-6419	NM_002649.3	NM_002649.3.fasta	6390	6419	+	30	CAGTGAAAATGCAGTCCCATCATTCAAAAA	UUUUUGAAUGAUGGGACUGCAUUUUCACUG	0
NM_002649.3:6391-6420	NM_002649.3	NM_002649.3.fasta	6391	6420	+	30	AGTGAAAATGCAGTCCCATCATTCAAAAAT	AUUUUUGAAUGAUGGGACUGCAUUUUCACU	0
NM_002649.3:6392-6421	NM_002649.3	NM_002649.3.fasta	6392	6421	+	30	GTGAAAATGCAGTCCCATCATTCAAAAATT	AAUUUUUGAAUGAUGGGACUGCAUUUUCAC	0
NM_002649.3:6393-6422	NM_002649.3	NM_002649.3.fasta	6393	6422	+	30	TGAAAATGCAGTCCCATCATTCAAAAATTA	UAAUUUUUGAAUGAUGGGACUGCAUUUUCA	0
NM_002649.3:6394-6423	NM_002649.3	NM_002649.3.fasta	6394	6423	+	30	GAAAATGCAGTCCCATCATTCAAAAATTAT	AUAAUUUUUGAAUGAUGGGACUGCAUUUUC	0
NM_002649.3:6395-6424	NM_002649.3	NM_002649.3.fasta	6395	6424	+	30	AAAATGCAGTCCCATCATTCAAAAATTATT	AAUAAUUUUUGAAUGAUGGGACUGCAUUUU	0
NM_002649.3:6396-6425	NM_002649.3	NM_002649.3.fasta	6396	6425	+	30	AAATGCAGTCCCATCATTCAAAAATTATTA	UAAUAAUUUUUGAAUGAUGGGACUGCAUUU	0
NM_002649.3:6397-6426	NM_002649.3	NM_002649.3.fasta	6397	6426	+	30	AATGCAGTCCCATCATTCAAAAATTATTAA	UUAAUAAUUUUUGAAUGAUGGGACUGCAUU	0
NM_002649.3:6398-6427	NM_002649.3	NM_002649.3.fasta	6398	6427	+	30	ATGCAGTCCCATCATTCAAAAATTATTAAG	CUUAAUAAUUUUUGAAUGAUGGGACUGCAU	0
NM_002649.3:6399-6428	NM_002649.3	NM_002649.3.fasta	6399	6428	+	30	TGCAGTCCCATCATTCAAAAATTATTAAGA	UCUUAAUAAUUUUUGAAUGAUGGGACUGCA	0
NM_002649.3:6400-6429	NM_002649.3	NM_002649.3.fasta	6400	6429	+	30	GCAGTCCCATCATTCAAAAATTATTAAGAA	UUCUUAAUAAUUUUUGAAUGAUGGGACUGC	0
NM_002649.3:6401-6430	NM_002649.3	NM_002649.3.fasta	6401	6430	+	30	CAGTCCCATCATTCAAAAATTATTAAGAAA	UUUCUUAAUAAUUUUUGAAUGAUGGGACUG	0
NM_002649.3:6402-6431	NM_002649.3	NM_002649.3.fasta	6402	6431	+	30	AGTCCCATCATTCAAAAATTATTAAGAAAT	AUUUCUUAAUAAUUUUUGAAUGAUGGGACU	0
NM_002649.3:6403-6432	NM_002649.3	NM_002649.3.fasta	6403	6432	+	30	GTCCCATCATTCAAAAATTATTAAGAAATT	AAUUUCUUAAUAAUUUUUGAAUGAUGGGAC	0
NM_002649.3:6404-6433	NM_002649.3	NM_002649.3.fasta	6404	6433	+	30	TCCCATCATTCAAAAATTATTAAGAAATTC	GAAUUUCUUAAUAAUUUUUGAAUGAUGGGA	0
NM_002649.3:6405-6434	NM_002649.3	NM_002649.3.fasta	6405	6434	+	30	CCCATCATTCAAAAATTATTAAGAAATTCG	CGAAUUUCUUAAUAAUUUUUGAAUGAUGGG	0
NM_002649.3:6406-6435	NM_002649.3	NM_002649.3.fasta	6406	6435	+	30	CCATCATTCAAAAATTATTAAGAAATTCGA	UCGAAUUUCUUAAUAAUUUUUGAAUGAUGG	0
NM_002649.3:6407-6436	NM_002649.3	NM_002649.3.fasta	6407	6436	+	30	CATCATTCAAAAATTATTAAGAAATTCGAG	CUCGAAUUUCUUAAUAAUUUUUGAAUGAUG	0
NM_002649.3:6408-6437	NM_002649.3	NM_002649.3.fasta	6408	6437	+	30	ATCATTCAAAAATTATTAAGAAATTCGAGA	UCUCGAAUUUCUUAAUAAUUUUUGAAUGAU	0
NM_002649.3:6409-6438	NM_002649.3	NM_002649.3.fasta	6409	6438	+	30	TCATTCAAAAATTATTAAGAAATTCGAGAT	AUCUCGAAUUUCUUAAUAAUUUUUGAAUGA	0
NM_002649.3:6410-6439	NM_002649.3	NM_002649.3.fasta	6410	6439	+	30	CATTCAAAAATTATTAAGAAATTCGAGATG	CAUCUCGAAUUUCUUAAUAAUUUUUGAAUG	0
NM_002649.3:6411-6440	NM_002649.3	NM_002649.3.fasta	6411	6440	+	30	ATTCAAAAATTATTAAGAAATTCGAGATGG	CCAUCUCGAAUUUCUUAAUAAUUUUUGAAU	0
NM_002649.3:6412-6441	NM_002649.3	NM_002649.3.fasta	6412	6441	+	30	TTCAAAAATTATTAAGAAATTCGAGATGGC	GCCAUCUCGAAUUUCUUAAUAAUUUUUGAA	0
NM_002649.3:6413-6442	NM_002649.3	NM_002649.3.fasta	6413	6442	+	30	TCAAAAATTATTAAGAAATTCGAGATGGCA	UGCCAUCUCGAAUUUCUUAAUAAUUUUUGA	0
NM_002649.3:6414-6443	NM_002649.3	NM_002649.3.fasta	6414	6443	+	30	CAAAAATTATTAAGAAATTCGAGATGGCAA	UUGCCAUCUCGAAUUUCUUAAUAAUUUUUG	0
NM_002649.3:6415-6444	NM_002649.3	NM_002649.3.fasta	6415	6444	+	30	AAAAATTATTAAGAAATTCGAGATGGCAAC	GUUGCCAUCUCGAAUUUCUUAAUAAUUUUU	0
NM_002649.3:6416-6445	NM_002649.3	NM_002649.3.fasta	6416	6445	+	30	AAAATTATTAAGAAATTCGAGATGGCAACA	UGUUGCCAUCUCGAAUUUCUUAAUAAUUUU	0
NM_002649.3:6417-6446	NM_002649.3	NM_002649.3.fasta	6417	6446	+	30	AAATTATTAAGAAATTCGAGATGGCAACAG	CUGUUGCCAUCUCGAAUUUCUUAAUAAUUU	0
NM_002649.3:6418-6447	NM_002649.3	NM_002649.3.fasta	6418	6447	+	30	AATTATTAAGAAATTCGAGATGGCAACAGC	GCUGUUGCCAUCUCGAAUUUCUUAAUAAUU	0
NM_002649.3:6419-6448	NM_002649.3	NM_002649.3.fasta	6419	6448	+	30	ATTATTAAGAAATTCGAGATGGCAACAGCA	UGCUGUUGCCAUCUCGAAUUUCUUAAUAAU	0
NM_002649.3:6420-6449	NM_002649.3	NM_002649.3.fasta	6420	6449	+	30	TTATTAAGAAATTCGAGATGGCAACAGCAG	CUGCUGUUGCCAUCUCGAAUUUCUUAAUAA	0
NM_002649.3:6421-6450	NM_002649.3	NM_002649.3.fasta	6421	6450	+	30	TATTAAGAAATTCGAGATGGCAACAGCAGT	ACUGCUGUUGCCAUCUCGAAUUUCUUAAUA	0
NM_002649.3:6422-6451	NM_002649.3	NM_002649.3.fasta	6422	6451	+	30	ATTAAGAAATTCGAGATGGCAACAGCAGTT	AACUGCUGUUGCCAUCUCGAAUUUCUUAAU	0
NM_002649.3:6423-6452	NM_002649.3	NM_002649.3.fasta	6423	6452	+	30	TTAAGAAATTCGAGATGGCAACAGCAGTTG	CAACUGCUGUUGCCAUCUCGAAUUUCUUAA	0
NM_002649.3:6424-6453	NM_002649.3	NM_002649.3.fasta	6424	6453	+	30	TAAGAAATTCGAGATGGCAACAGCAGTTGT	ACAACUGCUGUUGCCAUCUCGAAUUUCUUA	0
NM_002649.3:6425-6454	NM_002649.3	NM_002649.3.fasta	6425	6454	+	30	AAGAAATTCGAGATGGCAACAGCAGTTGTC	GACAACUGCUGUUGCCAUCUCGAAUUUCUU	0
NM_002649.3:6426-6455	NM_002649.3	NM_002649.3.fasta	6426	6455	+	30	AGAAATTCGAGATGGCAACAGCAGTTGTCA	UGACAACUGCUGUUGCCAUCUCGAAUUUCU	0
NM_002649.3:6427-6456	NM_002649.3	NM_002649.3.fasta	6427	6456	+	30	GAAATTCGAGATGGCAACAGCAGTTGTCAC	GUGACAACUGCUGUUGCCAUCUCGAAUUUC	0
NM_002649.3:6428-6457	NM_002649.3	NM_002649.3.fasta	6428	6457	+	30	AAATTCGAGATGGCAACAGCAGTTGTCACA	UGUGACAACUGCUGUUGCCAUCUCGAAUUU	0
NM_002649.3:6429-6458	NM_002649.3	NM_002649.3.fasta	6429	6458	+	30	AATTCGAGATGGCAACAGCAGTTGTCACAC	GUGUGACAACUGCUGUUGCCAUCUCGAAUU	0
NM_002649.3:6430-6459	NM_002649.3	NM_002649.3.fasta	6430	6459	+	30	ATTCGAGATGGCAACAGCAGTTGTCACACC	GGUGUGACAACUGCUGUUGCCAUCUCGAAU	0
NM_002649.3:6431-6460	NM_002649.3	NM_002649.3.fasta	6431	6460	+	30	TTCGAGATGGCAACAGCAGTTGTCACACCA	UGGUGUGACAACUGCUGUUGCCAUCUCGAA	0
NM_002649.3:6432-6461	NM_002649.3	NM_002649.3.fasta	6432	6461	+	30	TCGAGATGGCAACAGCAGTTGTCACACCAA	UUGGUGUGACAACUGCUGUUGCCAUCUCGA	0
NM_002649.3:6433-6462	NM_002649.3	NM_002649.3.fasta	6433	6462	+	30	CGAGATGGCAACAGCAGTTGTCACACCAAG	CUUGGUGUGACAACUGCUGUUGCCAUCUCG	0
NM_002649.3:6434-6463	NM_002649.3	NM_002649.3.fasta	6434	6463	+	30	GAGATGGCAACAGCAGTTGTCACACCAAGC	GCUUGGUGUGACAACUGCUGUUGCCAUCUC	0
NM_002649.3:6435-6464	NM_002649.3	NM_002649.3.fasta	6435	6464	+	30	AGATGGCAACAGCAGTTGTCACACCAAGCA	UGCUUGGUGUGACAACUGCUGUUGCCAUCU	0
NM_002649.3:6436-6465	NM_002649.3	NM_002649.3.fasta	6436	6465	+	30	GATGGCAACAGCAGTTGTCACACCAAGCAC	GUGCUUGGUGUGACAACUGCUGUUGCCAUC	0
NM_002649.3:6437-6466	NM_002649.3	NM_002649.3.fasta	6437	6466	+	30	ATGGCAACAGCAGTTGTCACACCAAGCACA	UGUGCUUGGUGUGACAACUGCUGUUGCCAU	0
NM_002649.3:6438-6467	NM_002649.3	NM_002649.3.fasta	6438	6467	+	30	TGGCAACAGCAGTTGTCACACCAAGCACAG	CUGUGCUUGGUGUGACAACUGCUGUUGCCA	0
NM_002649.3:6439-6468	NM_002649.3	NM_002649.3.fasta	6439	6468	+	30	GGCAACAGCAGTTGTCACACCAAGCACAGT	ACUGUGCUUGGUGUGACAACUGCUGUUGCC	0
NM_002649.3:6440-6469	NM_002649.3	NM_002649.3.fasta	6440	6469	+	30	GCAACAGCAGTTGTCACACCAAGCACAGTG	CACUGUGCUUGGUGUGACAACUGCUGUUGC	0
NM_002649.3:6441-6470	NM_002649.3	NM_002649.3.fasta	6441	6470	+	30	CAACAGCAGTTGTCACACCAAGCACAGTGC	GCACUGUGCUUGGUGUGACAACUGCUGUUG	0
NM_002649.3:6442-6471	NM_002649.3	NM_002649.3.fasta	6442	6471	+	30	AACAGCAGTTGTCACACCAAGCACAGTGCC	GGCACUGUGCUUGGUGUGACAACUGCUGUU	0
NM_002649.3:6443-6472	NM_002649.3	NM_002649.3.fasta	6443	6472	+	30	ACAGCAGTTGTCACACCAAGCACAGTGCCC	GGGCACUGUGCUUGGUGUGACAACUGCUGU	0
NM_002649.3:6444-6473	NM_002649.3	NM_002649.3.fasta	6444	6473	+	30	CAGCAGTTGTCACACCAAGCACAGTGCCCT	AGGGCACUGUGCUUGGUGUGACAACUGCUG	0
NM_002649.3:6445-6474	NM_002649.3	NM_002649.3.fasta	6445	6474	+	30	AGCAGTTGTCACACCAAGCACAGTGCCCTT	AAGGGCACUGUGCUUGGUGUGACAACUGCU	0
NM_002649.3:6446-6475	NM_002649.3	NM_002649.3.fasta	6446	6475	+	30	GCAGTTGTCACACCAAGCACAGTGCCCTTC	GAAGGGCACUGUGCUUGGUGUGACAACUGC	0
NM_002649.3:6447-6476	NM_002649.3	NM_002649.3.fasta	6447	6476	+	30	CAGTTGTCACACCAAGCACAGTGCCCTTCT	AGAAGGGCACUGUGCUUGGUGUGACAACUG	0
NM_002649.3:6448-6477	NM_002649.3	NM_002649.3.fasta	6448	6477	+	30	AGTTGTCACACCAAGCACAGTGCCCTTCTG	CAGAAGGGCACUGUGCUUGGUGUGACAACU	0
NM_002649.3:6449-6478	NM_002649.3	NM_002649.3.fasta	6449	6478	+	30	GTTGTCACACCAAGCACAGTGCCCTTCTGA	UCAGAAGGGCACUGUGCUUGGUGUGACAAC	0
NM_002649.3:6450-6479	NM_002649.3	NM_002649.3.fasta	6450	6479	+	30	TTGTCACACCAAGCACAGTGCCCTTCTGAG	CUCAGAAGGGCACUGUGCUUGGUGUGACAA	0
NM_002649.3:6451-6480	NM_002649.3	NM_002649.3.fasta	6451	6480	+	30	TGTCACACCAAGCACAGTGCCCTTCTGAGC	GCUCAGAAGGGCACUGUGCUUGGUGUGACA	0
NM_002649.3:6452-6481	NM_002649.3	NM_002649.3.fasta	6452	6481	+	30	GTCACACCAAGCACAGTGCCCTTCTGAGCA	UGCUCAGAAGGGCACUGUGCUUGGUGUGAC	0
NM_002649.3:6453-6482	NM_002649.3	NM_002649.3.fasta	6453	6482	+	30	TCACACCAAGCACAGTGCCCTTCTGAGCAT	AUGCUCAGAAGGGCACUGUGCUUGGUGUGA	0
NM_002649.3:6454-6483	NM_002649.3	NM_002649.3.fasta	6454	6483	+	30	CACACCAAGCACAGTGCCCTTCTGAGCATG	CAUGCUCAGAAGGGCACUGUGCUUGGUGUG	0
NM_002649.3:6455-6484	NM_002649.3	NM_002649.3.fasta	6455	6484	+	30	ACACCAAGCACAGTGCCCTTCTGAGCATGA	UCAUGCUCAGAAGGGCACUGUGCUUGGUGU	0
NM_002649.3:6456-6485	NM_002649.3	NM_002649.3.fasta	6456	6485	+	30	CACCAAGCACAGTGCCCTTCTGAGCATGAG	CUCAUGCUCAGAAGGGCACUGUGCUUGGUG	0
NM_002649.3:6457-6486	NM_002649.3	NM_002649.3.fasta	6457	6486	+	30	ACCAAGCACAGTGCCCTTCTGAGCATGAGG	CCUCAUGCUCAGAAGGGCACUGUGCUUGGU	0
NM_002649.3:6458-6487	NM_002649.3	NM_002649.3.fasta	6458	6487	+	30	CCAAGCACAGTGCCCTTCTGAGCATGAGGC	GCCUCAUGCUCAGAAGGGCACUGUGCUUGG	0
NM_002649.3:6459-6488	NM_002649.3	NM_002649.3.fasta	6459	6488	+	30	CAAGCACAGTGCCCTTCTGAGCATGAGGCT	AGCCUCAUGCUCAGAAGGGCACUGUGCUUG	0
NM_002649.3:6460-6489	NM_002649.3	NM_002649.3.fasta	6460	6489	+	30	AAGCACAGTGCCCTTCTGAGCATGAGGCTC	GAGCCUCAUGCUCAGAAGGGCACUGUGCUU	0
NM_002649.3:6461-6490	NM_002649.3	NM_002649.3.fasta	6461	6490	+	30	AGCACAGTGCCCTTCTGAGCATGAGGCTCT	AGAGCCUCAUGCUCAGAAGGGCACUGUGCU	0
NM_002649.3:6462-6491	NM_002649.3	NM_002649.3.fasta	6462	6491	+	30	GCACAGTGCCCTTCTGAGCATGAGGCTCTG	CAGAGCCUCAUGCUCAGAAGGGCACUGUGC	0
NM_002649.3:6463-6492	NM_002649.3	NM_002649.3.fasta	6463	6492	+	30	CACAGTGCCCTTCTGAGCATGAGGCTCTGT	ACAGAGCCUCAUGCUCAGAAGGGCACUGUG	0
NM_002649.3:6464-6493	NM_002649.3	NM_002649.3.fasta	6464	6493	+	30	ACAGTGCCCTTCTGAGCATGAGGCTCTGTG	CACAGAGCCUCAUGCUCAGAAGGGCACUGU	0
NM_002649.3:6465-6494	NM_002649.3	NM_002649.3.fasta	6465	6494	+	30	CAGTGCCCTTCTGAGCATGAGGCTCTGTGT	ACACAGAGCCUCAUGCUCAGAAGGGCACUG	0
NM_002649.3:6466-6495	NM_002649.3	NM_002649.3.fasta	6466	6495	+	30	AGTGCCCTTCTGAGCATGAGGCTCTGTGTG	CACACAGAGCCUCAUGCUCAGAAGGGCACU	0
NM_002649.3:6467-6496	NM_002649.3	NM_002649.3.fasta	6467	6496	+	30	GTGCCCTTCTGAGCATGAGGCTCTGTGTGA	UCACACAGAGCCUCAUGCUCAGAAGGGCAC	0
NM_002649.3:6468-6497	NM_002649.3	NM_002649.3.fasta	6468	6497	+	30	TGCCCTTCTGAGCATGAGGCTCTGTGTGAC	GUCACACAGAGCCUCAUGCUCAGAAGGGCA	0
NM_002649.3:6469-6498	NM_002649.3	NM_002649.3.fasta	6469	6498	+	30	GCCCTTCTGAGCATGAGGCTCTGTGTGACT	AGUCACACAGAGCCUCAUGCUCAGAAGGGC	0
NM_002649.3:6470-6499	NM_002649.3	NM_002649.3.fasta	6470	6499	+	30	CCCTTCTGAGCATGAGGCTCTGTGTGACTG	CAGUCACACAGAGCCUCAUGCUCAGAAGGG	0
NM_002649.3:6471-6500	NM_002649.3	NM_002649.3.fasta	6471	6500	+	30	CCTTCTGAGCATGAGGCTCTGTGTGACTGC	GCAGUCACACAGAGCCUCAUGCUCAGAAGG	0
NM_002649.3:6472-6501	NM_002649.3	NM_002649.3.fasta	6472	6501	+	30	CTTCTGAGCATGAGGCTCTGTGTGACTGCA	UGCAGUCACACAGAGCCUCAUGCUCAGAAG	0
NM_002649.3:6473-6502	NM_002649.3	NM_002649.3.fasta	6473	6502	+	30	TTCTGAGCATGAGGCTCTGTGTGACTGCAT	AUGCAGUCACACAGAGCCUCAUGCUCAGAA	0
NM_002649.3:6474-6503	NM_002649.3	NM_002649.3.fasta	6474	6503	+	30	TCTGAGCATGAGGCTCTGTGTGACTGCATG	CAUGCAGUCACACAGAGCCUCAUGCUCAGA	0
NM_002649.3:6475-6504	NM_002649.3	NM_002649.3.fasta	6475	6504	+	30	CTGAGCATGAGGCTCTGTGTGACTGCATGG	CCAUGCAGUCACACAGAGCCUCAUGCUCAG	0
NM_002649.3:6476-6505	NM_002649.3	NM_002649.3.fasta	6476	6505	+	30	TGAGCATGAGGCTCTGTGTGACTGCATGGG	CCCAUGCAGUCACACAGAGCCUCAUGCUCA	0
NM_002649.3:6477-6506	NM_002649.3	NM_002649.3.fasta	6477	6506	+	30	GAGCATGAGGCTCTGTGTGACTGCATGGGT	ACCCAUGCAGUCACACAGAGCCUCAUGCUC	0
NM_002649.3:6478-6507	NM_002649.3	NM_002649.3.fasta	6478	6507	+	30	AGCATGAGGCTCTGTGTGACTGCATGGGTC	GACCCAUGCAGUCACACAGAGCCUCAUGCU	0
NM_002649.3:6479-6508	NM_002649.3	NM_002649.3.fasta	6479	6508	+	30	GCATGAGGCTCTGTGTGACTGCATGGGTCC	GGACCCAUGCAGUCACACAGAGCCUCAUGC	0
NM_002649.3:6480-6509	NM_002649.3	NM_002649.3.fasta	6480	6509	+	30	CATGAGGCTCTGTGTGACTGCATGGGTCCA	UGGACCCAUGCAGUCACACAGAGCCUCAUG	0
NM_002649.3:6481-6510	NM_002649.3	NM_002649.3.fasta	6481	6510	+	30	ATGAGGCTCTGTGTGACTGCATGGGTCCAT	AUGGACCCAUGCAGUCACACAGAGCCUCAU	0
NM_002649.3:6482-6511	NM_002649.3	NM_002649.3.fasta	6482	6511	+	30	TGAGGCTCTGTGTGACTGCATGGGTCCATG	CAUGGACCCAUGCAGUCACACAGAGCCUCA	0
NM_002649.3:6483-6512	NM_002649.3	NM_002649.3.fasta	6483	6512	+	30	GAGGCTCTGTGTGACTGCATGGGTCCATGA	UCAUGGACCCAUGCAGUCACACAGAGCCUC	0
NM_002649.3:6484-6513	NM_002649.3	NM_002649.3.fasta	6484	6513	+	30	AGGCTCTGTGTGACTGCATGGGTCCATGAG	CUCAUGGACCCAUGCAGUCACACAGAGCCU	0
NM_002649.3:6485-6514	NM_002649.3	NM_002649.3.fasta	6485	6514	+	30	GGCTCTGTGTGACTGCATGGGTCCATGAGA	UCUCAUGGACCCAUGCAGUCACACAGAGCC	0
NM_002649.3:6486-6515	NM_002649.3	NM_002649.3.fasta	6486	6515	+	30	GCTCTGTGTGACTGCATGGGTCCATGAGAC	GUCUCAUGGACCCAUGCAGUCACACAGAGC	0
NM_002649.3:6487-6516	NM_002649.3	NM_002649.3.fasta	6487	6516	+	30	CTCTGTGTGACTGCATGGGTCCATGAGACC	GGUCUCAUGGACCCAUGCAGUCACACAGAG	0
NM_002649.3:6488-6517	NM_002649.3	NM_002649.3.fasta	6488	6517	+	30	TCTGTGTGACTGCATGGGTCCATGAGACCA	UGGUCUCAUGGACCCAUGCAGUCACACAGA	0
NM_002649.3:6489-6518	NM_002649.3	NM_002649.3.fasta	6489	6518	+	30	CTGTGTGACTGCATGGGTCCATGAGACCAG	CUGGUCUCAUGGACCCAUGCAGUCACACAG	0
NM_002649.3:6490-6519	NM_002649.3	NM_002649.3.fasta	6490	6519	+	30	TGTGTGACTGCATGGGTCCATGAGACCAGC	GCUGGUCUCAUGGACCCAUGCAGUCACACA	0
NM_002649.3:6491-6520	NM_002649.3	NM_002649.3.fasta	6491	6520	+	30	GTGTGACTGCATGGGTCCATGAGACCAGCA	UGCUGGUCUCAUGGACCCAUGCAGUCACAC	0
NM_002649.3:6492-6521	NM_002649.3	NM_002649.3.fasta	6492	6521	+	30	TGTGACTGCATGGGTCCATGAGACCAGCAC	GUGCUGGUCUCAUGGACCCAUGCAGUCACA	0
NM_002649.3:6493-6522	NM_002649.3	NM_002649.3.fasta	6493	6522	+	30	GTGACTGCATGGGTCCATGAGACCAGCACT	AGUGCUGGUCUCAUGGACCCAUGCAGUCAC	0
NM_002649.3:6494-6523	NM_002649.3	NM_002649.3.fasta	6494	6523	+	30	TGACTGCATGGGTCCATGAGACCAGCACTG	CAGUGCUGGUCUCAUGGACCCAUGCAGUCA	0
NM_002649.3:6495-6524	NM_002649.3	NM_002649.3.fasta	6495	6524	+	30	GACTGCATGGGTCCATGAGACCAGCACTGT	ACAGUGCUGGUCUCAUGGACCCAUGCAGUC	0
NM_002649.3:6496-6525	NM_002649.3	NM_002649.3.fasta	6496	6525	+	30	ACTGCATGGGTCCATGAGACCAGCACTGTG	CACAGUGCUGGUCUCAUGGACCCAUGCAGU	0
NM_002649.3:6497-6526	NM_002649.3	NM_002649.3.fasta	6497	6526	+	30	CTGCATGGGTCCATGAGACCAGCACTGTGT	ACACAGUGCUGGUCUCAUGGACCCAUGCAG	0
NM_002649.3:6498-6527	NM_002649.3	NM_002649.3.fasta	6498	6527	+	30	TGCATGGGTCCATGAGACCAGCACTGTGTG	CACACAGUGCUGGUCUCAUGGACCCAUGCA	0
NM_002649.3:6499-6528	NM_002649.3	NM_002649.3.fasta	6499	6528	+	30	GCATGGGTCCATGAGACCAGCACTGTGTGG	CCACACAGUGCUGGUCUCAUGGACCCAUGC	0
NM_002649.3:6500-6529	NM_002649.3	NM_002649.3.fasta	6500	6529	+	30	CATGGGTCCATGAGACCAGCACTGTGTGGG	CCCACACAGUGCUGGUCUCAUGGACCCAUG	0
NM_002649.3:6501-6530	NM_002649.3	NM_002649.3.fasta	6501	6530	+	30	ATGGGTCCATGAGACCAGCACTGTGTGGGT	ACCCACACAGUGCUGGUCUCAUGGACCCAU	0
NM_002649.3:6502-6531	NM_002649.3	NM_002649.3.fasta	6502	6531	+	30	TGGGTCCATGAGACCAGCACTGTGTGGGTC	GACCCACACAGUGCUGGUCUCAUGGACCCA	0
NM_002649.3:6503-6532	NM_002649.3	NM_002649.3.fasta	6503	6532	+	30	GGGTCCATGAGACCAGCACTGTGTGGGTCT	AGACCCACACAGUGCUGGUCUCAUGGACCC	0
NM_002649.3:6504-6533	NM_002649.3	NM_002649.3.fasta	6504	6533	+	30	GGTCCATGAGACCAGCACTGTGTGGGTCTG	CAGACCCACACAGUGCUGGUCUCAUGGACC	0
NM_002649.3:6505-6534	NM_002649.3	NM_002649.3.fasta	6505	6534	+	30	GTCCATGAGACCAGCACTGTGTGGGTCTGA	UCAGACCCACACAGUGCUGGUCUCAUGGAC	0
NM_002649.3:6506-6535	NM_002649.3	NM_002649.3.fasta	6506	6535	+	30	TCCATGAGACCAGCACTGTGTGGGTCTGAA	UUCAGACCCACACAGUGCUGGUCUCAUGGA	0
NM_002649.3:6507-6536	NM_002649.3	NM_002649.3.fasta	6507	6536	+	30	CCATGAGACCAGCACTGTGTGGGTCTGAAT	AUUCAGACCCACACAGUGCUGGUCUCAUGG	0
NM_002649.3:6508-6537	NM_002649.3	NM_002649.3.fasta	6508	6537	+	30	CATGAGACCAGCACTGTGTGGGTCTGAATG	CAUUCAGACCCACACAGUGCUGGUCUCAUG	0
NM_002649.3:6509-6538	NM_002649.3	NM_002649.3.fasta	6509	6538	+	30	ATGAGACCAGCACTGTGTGGGTCTGAATGA	UCAUUCAGACCCACACAGUGCUGGUCUCAU	0
NM_002649.3:6510-6539	NM_002649.3	NM_002649.3.fasta	6510	6539	+	30	TGAGACCAGCACTGTGTGGGTCTGAATGAT	AUCAUUCAGACCCACACAGUGCUGGUCUCA	0
NM_002649.3:6511-6540	NM_002649.3	NM_002649.3.fasta	6511	6540	+	30	GAGACCAGCACTGTGTGGGTCTGAATGATG	CAUCAUUCAGACCCACACAGUGCUGGUCUC	0
NM_002649.3:6512-6541	NM_002649.3	NM_002649.3.fasta	6512	6541	+	30	AGACCAGCACTGTGTGGGTCTGAATGATGG	CCAUCAUUCAGACCCACACAGUGCUGGUCU	0
NM_002649.3:6513-6542	NM_002649.3	NM_002649.3.fasta	6513	6542	+	30	GACCAGCACTGTGTGGGTCTGAATGATGGC	GCCAUCAUUCAGACCCACACAGUGCUGGUC	0
NM_002649.3:6514-6543	NM_002649.3	NM_002649.3.fasta	6514	6543	+	30	ACCAGCACTGTGTGGGTCTGAATGATGGCT	AGCCAUCAUUCAGACCCACACAGUGCUGGU	0
NM_002649.3:6515-6544	NM_002649.3	NM_002649.3.fasta	6515	6544	+	30	CCAGCACTGTGTGGGTCTGAATGATGGCTT	AAGCCAUCAUUCAGACCCACACAGUGCUGG	0
NM_002649.3:6516-6545	NM_002649.3	NM_002649.3.fasta	6516	6545	+	30	CAGCACTGTGTGGGTCTGAATGATGGCTTT	AAAGCCAUCAUUCAGACCCACACAGUGCUG	0
NM_002649.3:6517-6546	NM_002649.3	NM_002649.3.fasta	6517	6546	+	30	AGCACTGTGTGGGTCTGAATGATGGCTTTG	CAAAGCCAUCAUUCAGACCCACACAGUGCU	0
NM_002649.3:6518-6547	NM_002649.3	NM_002649.3.fasta	6518	6547	+	30	GCACTGTGTGGGTCTGAATGATGGCTTTGG	CCAAAGCCAUCAUUCAGACCCACACAGUGC	0
NM_002649.3:6519-6548	NM_002649.3	NM_002649.3.fasta	6519	6548	+	30	CACTGTGTGGGTCTGAATGATGGCTTTGGT	ACCAAAGCCAUCAUUCAGACCCACACAGUG	0
NM_002649.3:6520-6549	NM_002649.3	NM_002649.3.fasta	6520	6549	+	30	ACTGTGTGGGTCTGAATGATGGCTTTGGTG	CACCAAAGCCAUCAUUCAGACCCACACAGU	0
NM_002649.3:6521-6550	NM_002649.3	NM_002649.3.fasta	6521	6550	+	30	CTGTGTGGGTCTGAATGATGGCTTTGGTGT	ACACCAAAGCCAUCAUUCAGACCCACACAG	0
NM_002649.3:6522-6551	NM_002649.3	NM_002649.3.fasta	6522	6551	+	30	TGTGTGGGTCTGAATGATGGCTTTGGTGTT	AACACCAAAGCCAUCAUUCAGACCCACACA	0
NM_002649.3:6523-6552	NM_002649.3	NM_002649.3.fasta	6523	6552	+	30	GTGTGGGTCTGAATGATGGCTTTGGTGTTC	GAACACCAAAGCCAUCAUUCAGACCCACAC	0
NM_002649.3:6524-6553	NM_002649.3	NM_002649.3.fasta	6524	6553	+	30	TGTGGGTCTGAATGATGGCTTTGGTGTTCA	UGAACACCAAAGCCAUCAUUCAGACCCACA	0
NM_002649.3:6525-6554	NM_002649.3	NM_002649.3.fasta	6525	6554	+	30	GTGGGTCTGAATGATGGCTTTGGTGTTCAG	CUGAACACCAAAGCCAUCAUUCAGACCCAC	0
NM_002649.3:6526-6555	NM_002649.3	NM_002649.3.fasta	6526	6555	+	30	TGGGTCTGAATGATGGCTTTGGTGTTCAGT	ACUGAACACCAAAGCCAUCAUUCAGACCCA	0
NM_002649.3:6527-6556	NM_002649.3	NM_002649.3.fasta	6527	6556	+	30	GGGTCTGAATGATGGCTTTGGTGTTCAGTT	AACUGAACACCAAAGCCAUCAUUCAGACCC	0
NM_002649.3:6528-6557	NM_002649.3	NM_002649.3.fasta	6528	6557	+	30	GGTCTGAATGATGGCTTTGGTGTTCAGTTT	AAACUGAACACCAAAGCCAUCAUUCAGACC	0
NM_002649.3:6529-6558	NM_002649.3	NM_002649.3.fasta	6529	6558	+	30	GTCTGAATGATGGCTTTGGTGTTCAGTTTA	UAAACUGAACACCAAAGCCAUCAUUCAGAC	0
NM_002649.3:6530-6559	NM_002649.3	NM_002649.3.fasta	6530	6559	+	30	TCTGAATGATGGCTTTGGTGTTCAGTTTAG	CUAAACUGAACACCAAAGCCAUCAUUCAGA	0
NM_002649.3:6531-6560	NM_002649.3	NM_002649.3.fasta	6531	6560	+	30	CTGAATGATGGCTTTGGTGTTCAGTTTAGC	GCUAAACUGAACACCAAAGCCAUCAUUCAG	0
NM_002649.3:6532-6561	NM_002649.3	NM_002649.3.fasta	6532	6561	+	30	TGAATGATGGCTTTGGTGTTCAGTTTAGCA	UGCUAAACUGAACACCAAAGCCAUCAUUCA	0
NM_002649.3:6533-6562	NM_002649.3	NM_002649.3.fasta	6533	6562	+	30	GAATGATGGCTTTGGTGTTCAGTTTAGCAC	GUGCUAAACUGAACACCAAAGCCAUCAUUC	0
NM_002649.3:6534-6563	NM_002649.3	NM_002649.3.fasta	6534	6563	+	30	AATGATGGCTTTGGTGTTCAGTTTAGCACA	UGUGCUAAACUGAACACCAAAGCCAUCAUU	0
NM_002649.3:6535-6564	NM_002649.3	NM_002649.3.fasta	6535	6564	+	30	ATGATGGCTTTGGTGTTCAGTTTAGCACAC	GUGUGCUAAACUGAACACCAAAGCCAUCAU	0
NM_002649.3:6536-6565	NM_002649.3	NM_002649.3.fasta	6536	6565	+	30	TGATGGCTTTGGTGTTCAGTTTAGCACACG	CGUGUGCUAAACUGAACACCAAAGCCAUCA	0
NM_002649.3:6537-6566	NM_002649.3	NM_002649.3.fasta	6537	6566	+	30	GATGGCTTTGGTGTTCAGTTTAGCACACGC	GCGUGUGCUAAACUGAACACCAAAGCCAUC	0
NM_002649.3:6538-6567	NM_002649.3	NM_002649.3.fasta	6538	6567	+	30	ATGGCTTTGGTGTTCAGTTTAGCACACGCG	CGCGUGUGCUAAACUGAACACCAAAGCCAU	0
NM_002649.3:6539-6568	NM_002649.3	NM_002649.3.fasta	6539	6568	+	30	TGGCTTTGGTGTTCAGTTTAGCACACGCGG	CCGCGUGUGCUAAACUGAACACCAAAGCCA	0
NM_002649.3:6540-6569	NM_002649.3	NM_002649.3.fasta	6540	6569	+	30	GGCTTTGGTGTTCAGTTTAGCACACGCGGT	ACCGCGUGUGCUAAACUGAACACCAAAGCC	0
NM_002649.3:6541-6570	NM_002649.3	NM_002649.3.fasta	6541	6570	+	30	GCTTTGGTGTTCAGTTTAGCACACGCGGTC	GACCGCGUGUGCUAAACUGAACACCAAAGC	0
NM_002649.3:6542-6571	NM_002649.3	NM_002649.3.fasta	6542	6571	+	30	CTTTGGTGTTCAGTTTAGCACACGCGGTCT	AGACCGCGUGUGCUAAACUGAACACCAAAG	0
NM_002649.3:6543-6572	NM_002649.3	NM_002649.3.fasta	6543	6572	+	30	TTTGGTGTTCAGTTTAGCACACGCGGTCTA	UAGACCGCGUGUGCUAAACUGAACACCAAA	0
NM_002649.3:6544-6573	NM_002649.3	NM_002649.3.fasta	6544	6573	+	30	TTGGTGTTCAGTTTAGCACACGCGGTCTAC	GUAGACCGCGUGUGCUAAACUGAACACCAA	0
NM_002649.3:6545-6574	NM_002649.3	NM_002649.3.fasta	6545	6574	+	30	TGGTGTTCAGTTTAGCACACGCGGTCTACC	GGUAGACCGCGUGUGCUAAACUGAACACCA	0
NM_002649.3:6546-6575	NM_002649.3	NM_002649.3.fasta	6546	6575	+	30	GGTGTTCAGTTTAGCACACGCGGTCTACCA	UGGUAGACCGCGUGUGCUAAACUGAACACC	0
NM_002649.3:6547-6576	NM_002649.3	NM_002649.3.fasta	6547	6576	+	30	GTGTTCAGTTTAGCACACGCGGTCTACCAC	GUGGUAGACCGCGUGUGCUAAACUGAACAC	0
NM_002649.3:6548-6577	NM_002649.3	NM_002649.3.fasta	6548	6577	+	30	TGTTCAGTTTAGCACACGCGGTCTACCACG	CGUGGUAGACCGCGUGUGCUAAACUGAACA	0
NM_002649.3:6549-6578	NM_002649.3	NM_002649.3.fasta	6549	6578	+	30	GTTCAGTTTAGCACACGCGGTCTACCACGT	ACGUGGUAGACCGCGUGUGCUAAACUGAAC	0
NM_002649.3:6550-6579	NM_002649.3	NM_002649.3.fasta	6550	6579	+	30	TTCAGTTTAGCACACGCGGTCTACCACGTC	GACGUGGUAGACCGCGUGUGCUAAACUGAA	0
NM_002649.3:6551-6580	NM_002649.3	NM_002649.3.fasta	6551	6580	+	30	TCAGTTTAGCACACGCGGTCTACCACGTCT	AGACGUGGUAGACCGCGUGUGCUAAACUGA	0
NM_002649.3:6552-6581	NM_002649.3	NM_002649.3.fasta	6552	6581	+	30	CAGTTTAGCACACGCGGTCTACCACGTCTG	CAGACGUGGUAGACCGCGUGUGCUAAACUG	0
NM_002649.3:6553-6582	NM_002649.3	NM_002649.3.fasta	6553	6582	+	30	AGTTTAGCACACGCGGTCTACCACGTCTGC	GCAGACGUGGUAGACCGCGUGUGCUAAACU	0
NM_002649.3:6554-6583	NM_002649.3	NM_002649.3.fasta	6554	6583	+	30	GTTTAGCACACGCGGTCTACCACGTCTGCA	UGCAGACGUGGUAGACCGCGUGUGCUAAAC	0
NM_002649.3:6555-6584	NM_002649.3	NM_002649.3.fasta	6555	6584	+	30	TTTAGCACACGCGGTCTACCACGTCTGCAT	AUGCAGACGUGGUAGACCGCGUGUGCUAAA	0
NM_002649.3:6556-6585	NM_002649.3	NM_002649.3.fasta	6556	6585	+	30	TTAGCACACGCGGTCTACCACGTCTGCATG	CAUGCAGACGUGGUAGACCGCGUGUGCUAA	0
NM_002649.3:6557-6586	NM_002649.3	NM_002649.3.fasta	6557	6586	+	30	TAGCACACGCGGTCTACCACGTCTGCATGA	UCAUGCAGACGUGGUAGACCGCGUGUGCUA	0
NM_002649.3:6558-6587	NM_002649.3	NM_002649.3.fasta	6558	6587	+	30	AGCACACGCGGTCTACCACGTCTGCATGAG	CUCAUGCAGACGUGGUAGACCGCGUGUGCU	0
NM_002649.3:6559-6588	NM_002649.3	NM_002649.3.fasta	6559	6588	+	30	GCACACGCGGTCTACCACGTCTGCATGAGT	ACUCAUGCAGACGUGGUAGACCGCGUGUGC	0
NM_002649.3:6560-6589	NM_002649.3	NM_002649.3.fasta	6560	6589	+	30	CACACGCGGTCTACCACGTCTGCATGAGTG	CACUCAUGCAGACGUGGUAGACCGCGUGUG	0
NM_002649.3:6561-6590	NM_002649.3	NM_002649.3.fasta	6561	6590	+	30	ACACGCGGTCTACCACGTCTGCATGAGTGG	CCACUCAUGCAGACGUGGUAGACCGCGUGU	0
NM_002649.3:6562-6591	NM_002649.3	NM_002649.3.fasta	6562	6591	+	30	CACGCGGTCTACCACGTCTGCATGAGTGGT	ACCACUCAUGCAGACGUGGUAGACCGCGUG	0
NM_002649.3:6563-6592	NM_002649.3	NM_002649.3.fasta	6563	6592	+	30	ACGCGGTCTACCACGTCTGCATGAGTGGTA	UACCACUCAUGCAGACGUGGUAGACCGCGU	0
NM_002649.3:6564-6593	NM_002649.3	NM_002649.3.fasta	6564	6593	+	30	CGCGGTCTACCACGTCTGCATGAGTGGTAA	UUACCACUCAUGCAGACGUGGUAGACCGCG	0
NM_002649.3:6565-6594	NM_002649.3	NM_002649.3.fasta	6565	6594	+	30	GCGGTCTACCACGTCTGCATGAGTGGTAAA	UUUACCACUCAUGCAGACGUGGUAGACCGC	0
NM_002649.3:6566-6595	NM_002649.3	NM_002649.3.fasta	6566	6595	+	30	CGGTCTACCACGTCTGCATGAGTGGTAAAT	AUUUACCACUCAUGCAGACGUGGUAGACCG	0
NM_002649.3:6567-6596	NM_002649.3	NM_002649.3.fasta	6567	6596	+	30	GGTCTACCACGTCTGCATGAGTGGTAAATG	CAUUUACCACUCAUGCAGACGUGGUAGACC	0
NM_002649.3:6568-6597	NM_002649.3	NM_002649.3.fasta	6568	6597	+	30	GTCTACCACGTCTGCATGAGTGGTAAATGT	ACAUUUACCACUCAUGCAGACGUGGUAGAC	0
NM_002649.3:6569-6598	NM_002649.3	NM_002649.3.fasta	6569	6598	+	30	TCTACCACGTCTGCATGAGTGGTAAATGTA	UACAUUUACCACUCAUGCAGACGUGGUAGA	0
NM_002649.3:6570-6599	NM_002649.3	NM_002649.3.fasta	6570	6599	+	30	CTACCACGTCTGCATGAGTGGTAAATGTAG	CUACAUUUACCACUCAUGCAGACGUGGUAG	0
NM_002649.3:6571-6600	NM_002649.3	NM_002649.3.fasta	6571	6600	+	30	TACCACGTCTGCATGAGTGGTAAATGTAGT	ACUACAUUUACCACUCAUGCAGACGUGGUA	0
NM_002649.3:6572-6601	NM_002649.3	NM_002649.3.fasta	6572	6601	+	30	ACCACGTCTGCATGAGTGGTAAATGTAGTG	CACUACAUUUACCACUCAUGCAGACGUGGU	0
NM_002649.3:6573-6602	NM_002649.3	NM_002649.3.fasta	6573	6602	+	30	CCACGTCTGCATGAGTGGTAAATGTAGTGC	GCACUACAUUUACCACUCAUGCAGACGUGG	0
NM_002649.3:6574-6603	NM_002649.3	NM_002649.3.fasta	6574	6603	+	30	CACGTCTGCATGAGTGGTAAATGTAGTGCC	GGCACUACAUUUACCACUCAUGCAGACGUG	0
NM_002649.3:6575-6604	NM_002649.3	NM_002649.3.fasta	6575	6604	+	30	ACGTCTGCATGAGTGGTAAATGTAGTGCCT	AGGCACUACAUUUACCACUCAUGCAGACGU	0
NM_002649.3:6576-6605	NM_002649.3	NM_002649.3.fasta	6576	6605	+	30	CGTCTGCATGAGTGGTAAATGTAGTGCCTG	CAGGCACUACAUUUACCACUCAUGCAGACG	0
NM_002649.3:6577-6606	NM_002649.3	NM_002649.3.fasta	6577	6606	+	30	GTCTGCATGAGTGGTAAATGTAGTGCCTGG	CCAGGCACUACAUUUACCACUCAUGCAGAC	0
NM_002649.3:6578-6607	NM_002649.3	NM_002649.3.fasta	6578	6607	+	30	TCTGCATGAGTGGTAAATGTAGTGCCTGGG	CCCAGGCACUACAUUUACCACUCAUGCAGA	0
NM_002649.3:6579-6608	NM_002649.3	NM_002649.3.fasta	6579	6608	+	30	CTGCATGAGTGGTAAATGTAGTGCCTGGGT	ACCCAGGCACUACAUUUACCACUCAUGCAG	0
NM_002649.3:6580-6609	NM_002649.3	NM_002649.3.fasta	6580	6609	+	30	TGCATGAGTGGTAAATGTAGTGCCTGGGTC	GACCCAGGCACUACAUUUACCACUCAUGCA	0
NM_002649.3:6581-6610	NM_002649.3	NM_002649.3.fasta	6581	6610	+	30	GCATGAGTGGTAAATGTAGTGCCTGGGTCA	UGACCCAGGCACUACAUUUACCACUCAUGC	0
NM_002649.3:6582-6611	NM_002649.3	NM_002649.3.fasta	6582	6611	+	30	CATGAGTGGTAAATGTAGTGCCTGGGTCAA	UUGACCCAGGCACUACAUUUACCACUCAUG	0
NM_002649.3:6583-6612	NM_002649.3	NM_002649.3.fasta	6583	6612	+	30	ATGAGTGGTAAATGTAGTGCCTGGGTCAAA	UUUGACCCAGGCACUACAUUUACCACUCAU	0
NM_002649.3:6584-6613	NM_002649.3	NM_002649.3.fasta	6584	6613	+	30	TGAGTGGTAAATGTAGTGCCTGGGTCAAAA	UUUUGACCCAGGCACUACAUUUACCACUCA	0
NM_002649.3:6585-6614	NM_002649.3	NM_002649.3.fasta	6585	6614	+	30	GAGTGGTAAATGTAGTGCCTGGGTCAAAAT	AUUUUGACCCAGGCACUACAUUUACCACUC	0
NM_002649.3:6586-6615	NM_002649.3	NM_002649.3.fasta	6586	6615	+	30	AGTGGTAAATGTAGTGCCTGGGTCAAAATG	CAUUUUGACCCAGGCACUACAUUUACCACU	0
NM_002649.3:6587-6616	NM_002649.3	NM_002649.3.fasta	6587	6616	+	30	GTGGTAAATGTAGTGCCTGGGTCAAAATGT	ACAUUUUGACCCAGGCACUACAUUUACCAC	0
NM_002649.3:6588-6617	NM_002649.3	NM_002649.3.fasta	6588	6617	+	30	TGGTAAATGTAGTGCCTGGGTCAAAATGTT	AACAUUUUGACCCAGGCACUACAUUUACCA	0
NM_002649.3:6589-6618	NM_002649.3	NM_002649.3.fasta	6589	6618	+	30	GGTAAATGTAGTGCCTGGGTCAAAATGTTC	GAACAUUUUGACCCAGGCACUACAUUUACC	0
NM_002649.3:6590-6619	NM_002649.3	NM_002649.3.fasta	6590	6619	+	30	GTAAATGTAGTGCCTGGGTCAAAATGTTCC	GGAACAUUUUGACCCAGGCACUACAUUUAC	0
NM_002649.3:6591-6620	NM_002649.3	NM_002649.3.fasta	6591	6620	+	30	TAAATGTAGTGCCTGGGTCAAAATGTTCCT	AGGAACAUUUUGACCCAGGCACUACAUUUA	0
NM_002649.3:6592-6621	NM_002649.3	NM_002649.3.fasta	6592	6621	+	30	AAATGTAGTGCCTGGGTCAAAATGTTCCTT	AAGGAACAUUUUGACCCAGGCACUACAUUU	0
NM_002649.3:6593-6622	NM_002649.3	NM_002649.3.fasta	6593	6622	+	30	AATGTAGTGCCTGGGTCAAAATGTTCCTTC	GAAGGAACAUUUUGACCCAGGCACUACAUU	0
NM_002649.3:6594-6623	NM_002649.3	NM_002649.3.fasta	6594	6623	+	30	ATGTAGTGCCTGGGTCAAAATGTTCCTTCT	AGAAGGAACAUUUUGACCCAGGCACUACAU	0
NM_002649.3:6595-6624	NM_002649.3	NM_002649.3.fasta	6595	6624	+	30	TGTAGTGCCTGGGTCAAAATGTTCCTTCTG	CAGAAGGAACAUUUUGACCCAGGCACUACA	0
NM_002649.3:6596-6625	NM_002649.3	NM_002649.3.fasta	6596	6625	+	30	GTAGTGCCTGGGTCAAAATGTTCCTTCTGT	ACAGAAGGAACAUUUUGACCCAGGCACUAC	0
NM_002649.3:6597-6626	NM_002649.3	NM_002649.3.fasta	6597	6626	+	30	TAGTGCCTGGGTCAAAATGTTCCTTCTGTT	AACAGAAGGAACAUUUUGACCCAGGCACUA	0
NM_002649.3:6598-6627	NM_002649.3	NM_002649.3.fasta	6598	6627	+	30	AGTGCCTGGGTCAAAATGTTCCTTCTGTTC	GAACAGAAGGAACAUUUUGACCCAGGCACU	0
NM_002649.3:6599-6628	NM_002649.3	NM_002649.3.fasta	6599	6628	+	30	GTGCCTGGGTCAAAATGTTCCTTCTGTTCA	UGAACAGAAGGAACAUUUUGACCCAGGCAC	0
NM_002649.3:6600-6629	NM_002649.3	NM_002649.3.fasta	6600	6629	+	30	TGCCTGGGTCAAAATGTTCCTTCTGTTCAA	UUGAACAGAAGGAACAUUUUGACCCAGGCA	0
NM_002649.3:6601-6630	NM_002649.3	NM_002649.3.fasta	6601	6630	+	30	GCCTGGGTCAAAATGTTCCTTCTGTTCAAA	UUUGAACAGAAGGAACAUUUUGACCCAGGC	0
NM_002649.3:6602-6631	NM_002649.3	NM_002649.3.fasta	6602	6631	+	30	CCTGGGTCAAAATGTTCCTTCTGTTCAAAT	AUUUGAACAGAAGGAACAUUUUGACCCAGG	0
NM_002649.3:6603-6632	NM_002649.3	NM_002649.3.fasta	6603	6632	+	30	CTGGGTCAAAATGTTCCTTCTGTTCAAATC	GAUUUGAACAGAAGGAACAUUUUGACCCAG	0
NM_002649.3:6604-6633	NM_002649.3	NM_002649.3.fasta	6604	6633	+	30	TGGGTCAAAATGTTCCTTCTGTTCAAATCG	CGAUUUGAACAGAAGGAACAUUUUGACCCA	0
NM_002649.3:6605-6634	NM_002649.3	NM_002649.3.fasta	6605	6634	+	30	GGGTCAAAATGTTCCTTCTGTTCAAATCGA	UCGAUUUGAACAGAAGGAACAUUUUGACCC	0
NM_002649.3:6606-6635	NM_002649.3	NM_002649.3.fasta	6606	6635	+	30	GGTCAAAATGTTCCTTCTGTTCAAATCGAA	UUCGAUUUGAACAGAAGGAACAUUUUGACC	0
NM_002649.3:6607-6636	NM_002649.3	NM_002649.3.fasta	6607	6636	+	30	GTCAAAATGTTCCTTCTGTTCAAATCGAAA	UUUCGAUUUGAACAGAAGGAACAUUUUGAC	0
NM_002649.3:6608-6637	NM_002649.3	NM_002649.3.fasta	6608	6637	+	30	TCAAAATGTTCCTTCTGTTCAAATCGAAAT	AUUUCGAUUUGAACAGAAGGAACAUUUUGA	0
NM_002649.3:6609-6638	NM_002649.3	NM_002649.3.fasta	6609	6638	+	30	CAAAATGTTCCTTCTGTTCAAATCGAAATA	UAUUUCGAUUUGAACAGAAGGAACAUUUUG	0
NM_002649.3:6610-6639	NM_002649.3	NM_002649.3.fasta	6610	6639	+	30	AAAATGTTCCTTCTGTTCAAATCGAAATAC	GUAUUUCGAUUUGAACAGAAGGAACAUUUU	0
NM_002649.3:6611-6640	NM_002649.3	NM_002649.3.fasta	6611	6640	+	30	AAATGTTCCTTCTGTTCAAATCGAAATACC	GGUAUUUCGAUUUGAACAGAAGGAACAUUU	0
NM_002649.3:6612-6641	NM_002649.3	NM_002649.3.fasta	6612	6641	+	30	AATGTTCCTTCTGTTCAAATCGAAATACCT	AGGUAUUUCGAUUUGAACAGAAGGAACAUU	0
NM_002649.3:6613-6642	NM_002649.3	NM_002649.3.fasta	6613	6642	+	30	ATGTTCCTTCTGTTCAAATCGAAATACCTC	GAGGUAUUUCGAUUUGAACAGAAGGAACAU	0
NM_002649.3:6614-6643	NM_002649.3	NM_002649.3.fasta	6614	6643	+	30	TGTTCCTTCTGTTCAAATCGAAATACCTCA	UGAGGUAUUUCGAUUUGAACAGAAGGAACA	0
NM_002649.3:6615-6644	NM_002649.3	NM_002649.3.fasta	6615	6644	+	30	GTTCCTTCTGTTCAAATCGAAATACCTCAT	AUGAGGUAUUUCGAUUUGAACAGAAGGAAC	0
NM_002649.3:6616-6645	NM_002649.3	NM_002649.3.fasta	6616	6645	+	30	TTCCTTCTGTTCAAATCGAAATACCTCATC	GAUGAGGUAUUUCGAUUUGAACAGAAGGAA	0
NM_002649.3:6617-6646	NM_002649.3	NM_002649.3.fasta	6617	6646	+	30	TCCTTCTGTTCAAATCGAAATACCTCATCT	AGAUGAGGUAUUUCGAUUUGAACAGAAGGA	0
NM_002649.3:6618-6647	NM_002649.3	NM_002649.3.fasta	6618	6647	+	30	CCTTCTGTTCAAATCGAAATACCTCATCTC	GAGAUGAGGUAUUUCGAUUUGAACAGAAGG	0
NM_002649.3:6619-6648	NM_002649.3	NM_002649.3.fasta	6619	6648	+	30	CTTCTGTTCAAATCGAAATACCTCATCTCT	AGAGAUGAGGUAUUUCGAUUUGAACAGAAG	0
NM_002649.3:6620-6649	NM_002649.3	NM_002649.3.fasta	6620	6649	+	30	TTCTGTTCAAATCGAAATACCTCATCTCTA	UAGAGAUGAGGUAUUUCGAUUUGAACAGAA	0
NM_002649.3:6621-6650	NM_002649.3	NM_002649.3.fasta	6621	6650	+	30	TCTGTTCAAATCGAAATACCTCATCTCTAT	AUAGAGAUGAGGUAUUUCGAUUUGAACAGA	0
NM_002649.3:6622-6651	NM_002649.3	NM_002649.3.fasta	6622	6651	+	30	CTGTTCAAATCGAAATACCTCATCTCTATG	CAUAGAGAUGAGGUAUUUCGAUUUGAACAG	0
NM_002649.3:6623-6652	NM_002649.3	NM_002649.3.fasta	6623	6652	+	30	TGTTCAAATCGAAATACCTCATCTCTATGG	CCAUAGAGAUGAGGUAUUUCGAUUUGAACA	0
NM_002649.3:6624-6653	NM_002649.3	NM_002649.3.fasta	6624	6653	+	30	GTTCAAATCGAAATACCTCATCTCTATGGC	GCCAUAGAGAUGAGGUAUUUCGAUUUGAAC	0
NM_002649.3:6625-6654	NM_002649.3	NM_002649.3.fasta	6625	6654	+	30	TTCAAATCGAAATACCTCATCTCTATGGCT	AGCCAUAGAGAUGAGGUAUUUCGAUUUGAA	0
NM_002649.3:6626-6655	NM_002649.3	NM_002649.3.fasta	6626	6655	+	30	TCAAATCGAAATACCTCATCTCTATGGCTC	GAGCCAUAGAGAUGAGGUAUUUCGAUUUGA	0
NM_002649.3:6627-6656	NM_002649.3	NM_002649.3.fasta	6627	6656	+	30	CAAATCGAAATACCTCATCTCTATGGCTCT	AGAGCCAUAGAGAUGAGGUAUUUCGAUUUG	0
NM_002649.3:6628-6657	NM_002649.3	NM_002649.3.fasta	6628	6657	+	30	AAATCGAAATACCTCATCTCTATGGCTCTA	UAGAGCCAUAGAGAUGAGGUAUUUCGAUUU	0
NM_002649.3:6629-6658	NM_002649.3	NM_002649.3.fasta	6629	6658	+	30	AATCGAAATACCTCATCTCTATGGCTCTAT	AUAGAGCCAUAGAGAUGAGGUAUUUCGAUU	0
NM_002649.3:6630-6659	NM_002649.3	NM_002649.3.fasta	6630	6659	+	30	ATCGAAATACCTCATCTCTATGGCTCTATG	CAUAGAGCCAUAGAGAUGAGGUAUUUCGAU	0
NM_002649.3:6631-6660	NM_002649.3	NM_002649.3.fasta	6631	6660	+	30	TCGAAATACCTCATCTCTATGGCTCTATGG	CCAUAGAGCCAUAGAGAUGAGGUAUUUCGA	0
NM_002649.3:6632-6661	NM_002649.3	NM_002649.3.fasta	6632	6661	+	30	CGAAATACCTCATCTCTATGGCTCTATGGC	GCCAUAGAGCCAUAGAGAUGAGGUAUUUCG	0
NM_002649.3:6633-6662	NM_002649.3	NM_002649.3.fasta	6633	6662	+	30	GAAATACCTCATCTCTATGGCTCTATGGCT	AGCCAUAGAGCCAUAGAGAUGAGGUAUUUC	0
NM_002649.3:6634-6663	NM_002649.3	NM_002649.3.fasta	6634	6663	+	30	AAATACCTCATCTCTATGGCTCTATGGCTG	CAGCCAUAGAGCCAUAGAGAUGAGGUAUUU	0
NM_002649.3:6635-6664	NM_002649.3	NM_002649.3.fasta	6635	6664	+	30	AATACCTCATCTCTATGGCTCTATGGCTGT	ACAGCCAUAGAGCCAUAGAGAUGAGGUAUU	0
NM_002649.3:6636-6665	NM_002649.3	NM_002649.3.fasta	6636	6665	+	30	ATACCTCATCTCTATGGCTCTATGGCTGTA	UACAGCCAUAGAGCCAUAGAGAUGAGGUAU	0
NM_002649.3:6637-6666	NM_002649.3	NM_002649.3.fasta	6637	6666	+	30	TACCTCATCTCTATGGCTCTATGGCTGTAC	GUACAGCCAUAGAGCCAUAGAGAUGAGGUA	0
NM_002649.3:6638-6667	NM_002649.3	NM_002649.3.fasta	6638	6667	+	30	ACCTCATCTCTATGGCTCTATGGCTGTACA	UGUACAGCCAUAGAGCCAUAGAGAUGAGGU	0
NM_002649.3:6639-6668	NM_002649.3	NM_002649.3.fasta	6639	6668	+	30	CCTCATCTCTATGGCTCTATGGCTGTACAT	AUGUACAGCCAUAGAGCCAUAGAGAUGAGG	0
NM_002649.3:6640-6669	NM_002649.3	NM_002649.3.fasta	6640	6669	+	30	CTCATCTCTATGGCTCTATGGCTGTACATT	AAUGUACAGCCAUAGAGCCAUAGAGAUGAG	0
NM_002649.3:6641-6670	NM_002649.3	NM_002649.3.fasta	6641	6670	+	30	TCATCTCTATGGCTCTATGGCTGTACATTA	UAAUGUACAGCCAUAGAGCCAUAGAGAUGA	0
NM_002649.3:6642-6671	NM_002649.3	NM_002649.3.fasta	6642	6671	+	30	CATCTCTATGGCTCTATGGCTGTACATTAG	CUAAUGUACAGCCAUAGAGCCAUAGAGAUG	0
NM_002649.3:6643-6672	NM_002649.3	NM_002649.3.fasta	6643	6672	+	30	ATCTCTATGGCTCTATGGCTGTACATTAGG	CCUAAUGUACAGCCAUAGAGCCAUAGAGAU	0
NM_002649.3:6644-6673	NM_002649.3	NM_002649.3.fasta	6644	6673	+	30	TCTCTATGGCTCTATGGCTGTACATTAGGA	UCCUAAUGUACAGCCAUAGAGCCAUAGAGA	0
NM_002649.3:6645-6674	NM_002649.3	NM_002649.3.fasta	6645	6674	+	30	CTCTATGGCTCTATGGCTGTACATTAGGAC	GUCCUAAUGUACAGCCAUAGAGCCAUAGAG	0
NM_002649.3:6646-6675	NM_002649.3	NM_002649.3.fasta	6646	6675	+	30	TCTATGGCTCTATGGCTGTACATTAGGACC	GGUCCUAAUGUACAGCCAUAGAGCCAUAGA	0
NM_002649.3:6647-6676	NM_002649.3	NM_002649.3.fasta	6647	6676	+	30	CTATGGCTCTATGGCTGTACATTAGGACCT	AGGUCCUAAUGUACAGCCAUAGAGCCAUAG	0
NM_002649.3:6648-6677	NM_002649.3	NM_002649.3.fasta	6648	6677	+	30	TATGGCTCTATGGCTGTACATTAGGACCTA	UAGGUCCUAAUGUACAGCCAUAGAGCCAUA	0
NM_002649.3:6649-6678	NM_002649.3	NM_002649.3.fasta	6649	6678	+	30	ATGGCTCTATGGCTGTACATTAGGACCTAG	CUAGGUCCUAAUGUACAGCCAUAGAGCCAU	0
NM_002649.3:6650-6679	NM_002649.3	NM_002649.3.fasta	6650	6679	+	30	TGGCTCTATGGCTGTACATTAGGACCTAGA	UCUAGGUCCUAAUGUACAGCCAUAGAGCCA	0
NM_002649.3:6651-6680	NM_002649.3	NM_002649.3.fasta	6651	6680	+	30	GGCTCTATGGCTGTACATTAGGACCTAGAA	UUCUAGGUCCUAAUGUACAGCCAUAGAGCC	0
NM_002649.3:6652-6681	NM_002649.3	NM_002649.3.fasta	6652	6681	+	30	GCTCTATGGCTGTACATTAGGACCTAGAAC	GUUCUAGGUCCUAAUGUACAGCCAUAGAGC	0
NM_002649.3:6653-6682	NM_002649.3	NM_002649.3.fasta	6653	6682	+	30	CTCTATGGCTGTACATTAGGACCTAGAACA	UGUUCUAGGUCCUAAUGUACAGCCAUAGAG	0
NM_002649.3:6654-6683	NM_002649.3	NM_002649.3.fasta	6654	6683	+	30	TCTATGGCTGTACATTAGGACCTAGAACAG	CUGUUCUAGGUCCUAAUGUACAGCCAUAGA	0
NM_002649.3:6655-6684	NM_002649.3	NM_002649.3.fasta	6655	6684	+	30	CTATGGCTGTACATTAGGACCTAGAACAGT	ACUGUUCUAGGUCCUAAUGUACAGCCAUAG	0
NM_002649.3:6656-6685	NM_002649.3	NM_002649.3.fasta	6656	6685	+	30	TATGGCTGTACATTAGGACCTAGAACAGTG	CACUGUUCUAGGUCCUAAUGUACAGCCAUA	0
NM_002649.3:6657-6686	NM_002649.3	NM_002649.3.fasta	6657	6686	+	30	ATGGCTGTACATTAGGACCTAGAACAGTGG	CCACUGUUCUAGGUCCUAAUGUACAGCCAU	0
NM_002649.3:6658-6687	NM_002649.3	NM_002649.3.fasta	6658	6687	+	30	TGGCTGTACATTAGGACCTAGAACAGTGGC	GCCACUGUUCUAGGUCCUAAUGUACAGCCA	0
NM_002649.3:6659-6688	NM_002649.3	NM_002649.3.fasta	6659	6688	+	30	GGCTGTACATTAGGACCTAGAACAGTGGCC	GGCCACUGUUCUAGGUCCUAAUGUACAGCC	0
NM_002649.3:6660-6689	NM_002649.3	NM_002649.3.fasta	6660	6689	+	30	GCTGTACATTAGGACCTAGAACAGTGGCCC	GGGCCACUGUUCUAGGUCCUAAUGUACAGC	0
NM_002649.3:6661-6690	NM_002649.3	NM_002649.3.fasta	6661	6690	+	30	CTGTACATTAGGACCTAGAACAGTGGCCCA	UGGGCCACUGUUCUAGGUCCUAAUGUACAG	0
NM_002649.3:6662-6691	NM_002649.3	NM_002649.3.fasta	6662	6691	+	30	TGTACATTAGGACCTAGAACAGTGGCCCAT	AUGGGCCACUGUUCUAGGUCCUAAUGUACA	0
NM_002649.3:6663-6692	NM_002649.3	NM_002649.3.fasta	6663	6692	+	30	GTACATTAGGACCTAGAACAGTGGCCCATT	AAUGGGCCACUGUUCUAGGUCCUAAUGUAC	0
NM_002649.3:6664-6693	NM_002649.3	NM_002649.3.fasta	6664	6693	+	30	TACATTAGGACCTAGAACAGTGGCCCATTG	CAAUGGGCCACUGUUCUAGGUCCUAAUGUA	0
NM_002649.3:6665-6694	NM_002649.3	NM_002649.3.fasta	6665	6694	+	30	ACATTAGGACCTAGAACAGTGGCCCATTGC	GCAAUGGGCCACUGUUCUAGGUCCUAAUGU	0
NM_002649.3:6666-6695	NM_002649.3	NM_002649.3.fasta	6666	6695	+	30	CATTAGGACCTAGAACAGTGGCCCATTGCT	AGCAAUGGGCCACUGUUCUAGGUCCUAAUG	0
NM_002649.3:6667-6696	NM_002649.3	NM_002649.3.fasta	6667	6696	+	30	ATTAGGACCTAGAACAGTGGCCCATTGCTC	GAGCAAUGGGCCACUGUUCUAGGUCCUAAU	0
NM_002649.3:6668-6697	NM_002649.3	NM_002649.3.fasta	6668	6697	+	30	TTAGGACCTAGAACAGTGGCCCATTGCTCT	AGAGCAAUGGGCCACUGUUCUAGGUCCUAA	0
NM_002649.3:6669-6698	NM_002649.3	NM_002649.3.fasta	6669	6698	+	30	TAGGACCTAGAACAGTGGCCCATTGCTCTT	AAGAGCAAUGGGCCACUGUUCUAGGUCCUA	0
NM_002649.3:6670-6699	NM_002649.3	NM_002649.3.fasta	6670	6699	+	30	AGGACCTAGAACAGTGGCCCATTGCTCTTA	UAAGAGCAAUGGGCCACUGUUCUAGGUCCU	0
NM_002649.3:6671-6700	NM_002649.3	NM_002649.3.fasta	6671	6700	+	30	GGACCTAGAACAGTGGCCCATTGCTCTTAG	CUAAGAGCAAUGGGCCACUGUUCUAGGUCC	0
NM_002649.3:6672-6701	NM_002649.3	NM_002649.3.fasta	6672	6701	+	30	GACCTAGAACAGTGGCCCATTGCTCTTAGA	UCUAAGAGCAAUGGGCCACUGUUCUAGGUC	0
NM_002649.3:6673-6702	NM_002649.3	NM_002649.3.fasta	6673	6702	+	30	ACCTAGAACAGTGGCCCATTGCTCTTAGAC	GUCUAAGAGCAAUGGGCCACUGUUCUAGGU	0
NM_002649.3:6674-6703	NM_002649.3	NM_002649.3.fasta	6674	6703	+	30	CCTAGAACAGTGGCCCATTGCTCTTAGACT	AGUCUAAGAGCAAUGGGCCACUGUUCUAGG	0
NM_002649.3:6675-6704	NM_002649.3	NM_002649.3.fasta	6675	6704	+	30	CTAGAACAGTGGCCCATTGCTCTTAGACTG	CAGUCUAAGAGCAAUGGGCCACUGUUCUAG	0
NM_002649.3:6676-6705	NM_002649.3	NM_002649.3.fasta	6676	6705	+	30	TAGAACAGTGGCCCATTGCTCTTAGACTGG	CCAGUCUAAGAGCAAUGGGCCACUGUUCUA	0
NM_002649.3:6677-6706	NM_002649.3	NM_002649.3.fasta	6677	6706	+	30	AGAACAGTGGCCCATTGCTCTTAGACTGGA	UCCAGUCUAAGAGCAAUGGGCCACUGUUCU	0
NM_002649.3:6678-6707	NM_002649.3	NM_002649.3.fasta	6678	6707	+	30	GAACAGTGGCCCATTGCTCTTAGACTGGAA	UUCCAGUCUAAGAGCAAUGGGCCACUGUUC	0
NM_002649.3:6679-6708	NM_002649.3	NM_002649.3.fasta	6679	6708	+	30	AACAGTGGCCCATTGCTCTTAGACTGGAAC	GUUCCAGUCUAAGAGCAAUGGGCCACUGUU	0
NM_002649.3:6680-6709	NM_002649.3	NM_002649.3.fasta	6680	6709	+	30	ACAGTGGCCCATTGCTCTTAGACTGGAACC	GGUUCCAGUCUAAGAGCAAUGGGCCACUGU	0
NM_002649.3:6681-6710	NM_002649.3	NM_002649.3.fasta	6681	6710	+	30	CAGTGGCCCATTGCTCTTAGACTGGAACCA	UGGUUCCAGUCUAAGAGCAAUGGGCCACUG	0
NM_002649.3:6682-6711	NM_002649.3	NM_002649.3.fasta	6682	6711	+	30	AGTGGCCCATTGCTCTTAGACTGGAACCAT	AUGGUUCCAGUCUAAGAGCAAUGGGCCACU	0
NM_002649.3:6683-6712	NM_002649.3	NM_002649.3.fasta	6683	6712	+	30	GTGGCCCATTGCTCTTAGACTGGAACCATG	CAUGGUUCCAGUCUAAGAGCAAUGGGCCAC	0
NM_002649.3:6684-6713	NM_002649.3	NM_002649.3.fasta	6684	6713	+	30	TGGCCCATTGCTCTTAGACTGGAACCATGT	ACAUGGUUCCAGUCUAAGAGCAAUGGGCCA	0
NM_002649.3:6685-6714	NM_002649.3	NM_002649.3.fasta	6685	6714	+	30	GGCCCATTGCTCTTAGACTGGAACCATGTC	GACAUGGUUCCAGUCUAAGAGCAAUGGGCC	0
NM_002649.3:6686-6715	NM_002649.3	NM_002649.3.fasta	6686	6715	+	30	GCCCATTGCTCTTAGACTGGAACCATGTCC	GGACAUGGUUCCAGUCUAAGAGCAAUGGGC	0
NM_002649.3:6687-6716	NM_002649.3	NM_002649.3.fasta	6687	6716	+	30	CCCATTGCTCTTAGACTGGAACCATGTCCA	UGGACAUGGUUCCAGUCUAAGAGCAAUGGG	0
NM_002649.3:6688-6717	NM_002649.3	NM_002649.3.fasta	6688	6717	+	30	CCATTGCTCTTAGACTGGAACCATGTCCAC	GUGGACAUGGUUCCAGUCUAAGAGCAAUGG	0
NM_002649.3:6689-6718	NM_002649.3	NM_002649.3.fasta	6689	6718	+	30	CATTGCTCTTAGACTGGAACCATGTCCACT	AGUGGACAUGGUUCCAGUCUAAGAGCAAUG	0
NM_002649.3:6690-6719	NM_002649.3	NM_002649.3.fasta	6690	6719	+	30	ATTGCTCTTAGACTGGAACCATGTCCACTA	UAGUGGACAUGGUUCCAGUCUAAGAGCAAU	0
NM_002649.3:6691-6720	NM_002649.3	NM_002649.3.fasta	6691	6720	+	30	TTGCTCTTAGACTGGAACCATGTCCACTAA	UUAGUGGACAUGGUUCCAGUCUAAGAGCAA	0
NM_002649.3:6692-6721	NM_002649.3	NM_002649.3.fasta	6692	6721	+	30	TGCTCTTAGACTGGAACCATGTCCACTAAA	UUUAGUGGACAUGGUUCCAGUCUAAGAGCA	0
NM_002649.3:6693-6722	NM_002649.3	NM_002649.3.fasta	6693	6722	+	30	GCTCTTAGACTGGAACCATGTCCACTAAAA	UUUUAGUGGACAUGGUUCCAGUCUAAGAGC	0
NM_002649.3:6694-6723	NM_002649.3	NM_002649.3.fasta	6694	6723	+	30	CTCTTAGACTGGAACCATGTCCACTAAAAT	AUUUUAGUGGACAUGGUUCCAGUCUAAGAG	0
NM_002649.3:6695-6724	NM_002649.3	NM_002649.3.fasta	6695	6724	+	30	TCTTAGACTGGAACCATGTCCACTAAAATA	UAUUUUAGUGGACAUGGUUCCAGUCUAAGA	0
NM_002649.3:6696-6725	NM_002649.3	NM_002649.3.fasta	6696	6725	+	30	CTTAGACTGGAACCATGTCCACTAAAATAA	UUAUUUUAGUGGACAUGGUUCCAGUCUAAG	0
NM_002649.3:6697-6726	NM_002649.3	NM_002649.3.fasta	6697	6726	+	30	TTAGACTGGAACCATGTCCACTAAAATAAA	UUUAUUUUAGUGGACAUGGUUCCAGUCUAA	0
NM_002649.3:6698-6727	NM_002649.3	NM_002649.3.fasta	6698	6727	+	30	TAGACTGGAACCATGTCCACTAAAATAAAC	GUUUAUUUUAGUGGACAUGGUUCCAGUCUA	0
NM_002649.3:6699-6728	NM_002649.3	NM_002649.3.fasta	6699	6728	+	30	AGACTGGAACCATGTCCACTAAAATAAACC	GGUUUAUUUUAGUGGACAUGGUUCCAGUCU	0
NM_002649.3:6700-6729	NM_002649.3	NM_002649.3.fasta	6700	6729	+	30	GACTGGAACCATGTCCACTAAAATAAACCT	AGGUUUAUUUUAGUGGACAUGGUUCCAGUC	0
NM_002649.3:6701-6730	NM_002649.3	NM_002649.3.fasta	6701	6730	+	30	ACTGGAACCATGTCCACTAAAATAAACCTA	UAGGUUUAUUUUAGUGGACAUGGUUCCAGU	0
NM_002649.3:6702-6731	NM_002649.3	NM_002649.3.fasta	6702	6731	+	30	CTGGAACCATGTCCACTAAAATAAACCTAA	UUAGGUUUAUUUUAGUGGACAUGGUUCCAG	0
NM_002649.3:6703-6732	NM_002649.3	NM_002649.3.fasta	6703	6732	+	30	TGGAACCATGTCCACTAAAATAAACCTAAG	CUUAGGUUUAUUUUAGUGGACAUGGUUCCA	0
NM_002649.3:6704-6733	NM_002649.3	NM_002649.3.fasta	6704	6733	+	30	GGAACCATGTCCACTAAAATAAACCTAAGC	GCUUAGGUUUAUUUUAGUGGACAUGGUUCC	0
NM_002649.3:6705-6734	NM_002649.3	NM_002649.3.fasta	6705	6734	+	30	GAACCATGTCCACTAAAATAAACCTAAGCA	UGCUUAGGUUUAUUUUAGUGGACAUGGUUC	0
NM_002649.3:6706-6735	NM_002649.3	NM_002649.3.fasta	6706	6735	+	30	AACCATGTCCACTAAAATAAACCTAAGCAG	CUGCUUAGGUUUAUUUUAGUGGACAUGGUU	0
NM_002649.3:6707-6736	NM_002649.3	NM_002649.3.fasta	6707	6736	+	30	ACCATGTCCACTAAAATAAACCTAAGCAGA	UCUGCUUAGGUUUAUUUUAGUGGACAUGGU	0
NM_002649.3:6708-6737	NM_002649.3	NM_002649.3.fasta	6708	6737	+	30	CCATGTCCACTAAAATAAACCTAAGCAGAT	AUCUGCUUAGGUUUAUUUUAGUGGACAUGG	0
NM_002649.3:6709-6738	NM_002649.3	NM_002649.3.fasta	6709	6738	+	30	CATGTCCACTAAAATAAACCTAAGCAGATG	CAUCUGCUUAGGUUUAUUUUAGUGGACAUG	0
NM_002649.3:6710-6739	NM_002649.3	NM_002649.3.fasta	6710	6739	+	30	ATGTCCACTAAAATAAACCTAAGCAGATGT	ACAUCUGCUUAGGUUUAUUUUAGUGGACAU	0
NM_002649.3:6711-6740	NM_002649.3	NM_002649.3.fasta	6711	6740	+	30	TGTCCACTAAAATAAACCTAAGCAGATGTT	AACAUCUGCUUAGGUUUAUUUUAGUGGACA	0
NM_002649.3:6712-6741	NM_002649.3	NM_002649.3.fasta	6712	6741	+	30	GTCCACTAAAATAAACCTAAGCAGATGTTG	CAACAUCUGCUUAGGUUUAUUUUAGUGGAC	0
NM_002649.3:6713-6742	NM_002649.3	NM_002649.3.fasta	6713	6742	+	30	TCCACTAAAATAAACCTAAGCAGATGTTGT	ACAACAUCUGCUUAGGUUUAUUUUAGUGGA	0
NM_002649.3:6714-6743	NM_002649.3	NM_002649.3.fasta	6714	6743	+	30	CCACTAAAATAAACCTAAGCAGATGTTGTA	UACAACAUCUGCUUAGGUUUAUUUUAGUGG	0
NM_002649.3:6715-6744	NM_002649.3	NM_002649.3.fasta	6715	6744	+	30	CACTAAAATAAACCTAAGCAGATGTTGTAG	CUACAACAUCUGCUUAGGUUUAUUUUAGUG	0
NM_002649.3:6716-6745	NM_002649.3	NM_002649.3.fasta	6716	6745	+	30	ACTAAAATAAACCTAAGCAGATGTTGTAGA	UCUACAACAUCUGCUUAGGUUUAUUUUAGU	0
NM_002649.3:6717-6746	NM_002649.3	NM_002649.3.fasta	6717	6746	+	30	CTAAAATAAACCTAAGCAGATGTTGTAGAC	GUCUACAACAUCUGCUUAGGUUUAUUUUAG	0
NM_002649.3:6718-6747	NM_002649.3	NM_002649.3.fasta	6718	6747	+	30	TAAAATAAACCTAAGCAGATGTTGTAGACC	GGUCUACAACAUCUGCUUAGGUUUAUUUUA	0
NM_002649.3:6719-6748	NM_002649.3	NM_002649.3.fasta	6719	6748	+	30	AAAATAAACCTAAGCAGATGTTGTAGACCT	AGGUCUACAACAUCUGCUUAGGUUUAUUUU	0
NM_002649.3:6720-6749	NM_002649.3	NM_002649.3.fasta	6720	6749	+	30	AAATAAACCTAAGCAGATGTTGTAGACCTA	UAGGUCUACAACAUCUGCUUAGGUUUAUUU	0
NM_002649.3:6721-6750	NM_002649.3	NM_002649.3.fasta	6721	6750	+	30	AATAAACCTAAGCAGATGTTGTAGACCTAG	CUAGGUCUACAACAUCUGCUUAGGUUUAUU	0
NM_002649.3:6722-6751	NM_002649.3	NM_002649.3.fasta	6722	6751	+	30	ATAAACCTAAGCAGATGTTGTAGACCTAGC	GCUAGGUCUACAACAUCUGCUUAGGUUUAU	0
NM_002649.3:6723-6752	NM_002649.3	NM_002649.3.fasta	6723	6752	+	30	TAAACCTAAGCAGATGTTGTAGACCTAGCC	GGCUAGGUCUACAACAUCUGCUUAGGUUUA	0
NM_002649.3:6724-6753	NM_002649.3	NM_002649.3.fasta	6724	6753	+	30	AAACCTAAGCAGATGTTGTAGACCTAGCCC	GGGCUAGGUCUACAACAUCUGCUUAGGUUU	0
NM_002649.3:6725-6754	NM_002649.3	NM_002649.3.fasta	6725	6754	+	30	AACCTAAGCAGATGTTGTAGACCTAGCCCC	GGGGCUAGGUCUACAACAUCUGCUUAGGUU	0
NM_002649.3:6726-6755	NM_002649.3	NM_002649.3.fasta	6726	6755	+	30	ACCTAAGCAGATGTTGTAGACCTAGCCCCA	UGGGGCUAGGUCUACAACAUCUGCUUAGGU	0
NM_002649.3:6727-6756	NM_002649.3	NM_002649.3.fasta	6727	6756	+	30	CCTAAGCAGATGTTGTAGACCTAGCCCCAC	GUGGGGCUAGGUCUACAACAUCUGCUUAGG	0
NM_002649.3:6728-6757	NM_002649.3	NM_002649.3.fasta	6728	6757	+	30	CTAAGCAGATGTTGTAGACCTAGCCCCACA	UGUGGGGCUAGGUCUACAACAUCUGCUUAG	0
NM_002649.3:6729-6758	NM_002649.3	NM_002649.3.fasta	6729	6758	+	30	TAAGCAGATGTTGTAGACCTAGCCCCACAG	CUGUGGGGCUAGGUCUACAACAUCUGCUUA	0
NM_002649.3:6730-6759	NM_002649.3	NM_002649.3.fasta	6730	6759	+	30	AAGCAGATGTTGTAGACCTAGCCCCACAGG	CCUGUGGGGCUAGGUCUACAACAUCUGCUU	0
NM_002649.3:6731-6760	NM_002649.3	NM_002649.3.fasta	6731	6760	+	30	AGCAGATGTTGTAGACCTAGCCCCACAGGA	UCCUGUGGGGCUAGGUCUACAACAUCUGCU	0
NM_002649.3:6732-6761	NM_002649.3	NM_002649.3.fasta	6732	6761	+	30	GCAGATGTTGTAGACCTAGCCCCACAGGAC	GUCCUGUGGGGCUAGGUCUACAACAUCUGC	0
NM_002649.3:6733-6762	NM_002649.3	NM_002649.3.fasta	6733	6762	+	30	CAGATGTTGTAGACCTAGCCCCACAGGACT	AGUCCUGUGGGGCUAGGUCUACAACAUCUG	0
NM_002649.3:6734-6763	NM_002649.3	NM_002649.3.fasta	6734	6763	+	30	AGATGTTGTAGACCTAGCCCCACAGGACTG	CAGUCCUGUGGGGCUAGGUCUACAACAUCU	0
NM_002649.3:6735-6764	NM_002649.3	NM_002649.3.fasta	6735	6764	+	30	GATGTTGTAGACCTAGCCCCACAGGACTGC	GCAGUCCUGUGGGGCUAGGUCUACAACAUC	0
NM_002649.3:6736-6765	NM_002649.3	NM_002649.3.fasta	6736	6765	+	30	ATGTTGTAGACCTAGCCCCACAGGACTGCA	UGCAGUCCUGUGGGGCUAGGUCUACAACAU	0
NM_002649.3:6737-6766	NM_002649.3	NM_002649.3.fasta	6737	6766	+	30	TGTTGTAGACCTAGCCCCACAGGACTGCAT	AUGCAGUCCUGUGGGGCUAGGUCUACAACA	0
NM_002649.3:6738-6767	NM_002649.3	NM_002649.3.fasta	6738	6767	+	30	GTTGTAGACCTAGCCCCACAGGACTGCATT	AAUGCAGUCCUGUGGGGCUAGGUCUACAAC	0
NM_002649.3:6739-6768	NM_002649.3	NM_002649.3.fasta	6739	6768	+	30	TTGTAGACCTAGCCCCACAGGACTGCATTT	AAAUGCAGUCCUGUGGGGCUAGGUCUACAA	0
NM_002649.3:6740-6769	NM_002649.3	NM_002649.3.fasta	6740	6769	+	30	TGTAGACCTAGCCCCACAGGACTGCATTTA	UAAAUGCAGUCCUGUGGGGCUAGGUCUACA	0
NM_002649.3:6741-6770	NM_002649.3	NM_002649.3.fasta	6741	6770	+	30	GTAGACCTAGCCCCACAGGACTGCATTTAG	CUAAAUGCAGUCCUGUGGGGCUAGGUCUAC	0
NM_002649.3:6742-6771	NM_002649.3	NM_002649.3.fasta	6742	6771	+	30	TAGACCTAGCCCCACAGGACTGCATTTAGC	GCUAAAUGCAGUCCUGUGGGGCUAGGUCUA	0
NM_002649.3:6743-6772	NM_002649.3	NM_002649.3.fasta	6743	6772	+	30	AGACCTAGCCCCACAGGACTGCATTTAGCT	AGCUAAAUGCAGUCCUGUGGGGCUAGGUCU	0
NM_002649.3:6744-6773	NM_002649.3	NM_002649.3.fasta	6744	6773	+	30	GACCTAGCCCCACAGGACTGCATTTAGCTG	CAGCUAAAUGCAGUCCUGUGGGGCUAGGUC	0
NM_002649.3:6745-6774	NM_002649.3	NM_002649.3.fasta	6745	6774	+	30	ACCTAGCCCCACAGGACTGCATTTAGCTGC	GCAGCUAAAUGCAGUCCUGUGGGGCUAGGU	0
NM_002649.3:6746-6775	NM_002649.3	NM_002649.3.fasta	6746	6775	+	30	CCTAGCCCCACAGGACTGCATTTAGCTGCT	AGCAGCUAAAUGCAGUCCUGUGGGGCUAGG	0
NM_002649.3:6747-6776	NM_002649.3	NM_002649.3.fasta	6747	6776	+	30	CTAGCCCCACAGGACTGCATTTAGCTGCTT	AAGCAGCUAAAUGCAGUCCUGUGGGGCUAG	0
NM_002649.3:6748-6777	NM_002649.3	NM_002649.3.fasta	6748	6777	+	30	TAGCCCCACAGGACTGCATTTAGCTGCTTC	GAAGCAGCUAAAUGCAGUCCUGUGGGGCUA	0
NM_002649.3:6749-6778	NM_002649.3	NM_002649.3.fasta	6749	6778	+	30	AGCCCCACAGGACTGCATTTAGCTGCTTCA	UGAAGCAGCUAAAUGCAGUCCUGUGGGGCU	0
NM_002649.3:6750-6779	NM_002649.3	NM_002649.3.fasta	6750	6779	+	30	GCCCCACAGGACTGCATTTAGCTGCTTCAG	CUGAAGCAGCUAAAUGCAGUCCUGUGGGGC	0
NM_002649.3:6751-6780	NM_002649.3	NM_002649.3.fasta	6751	6780	+	30	CCCCACAGGACTGCATTTAGCTGCTTCAGT	ACUGAAGCAGCUAAAUGCAGUCCUGUGGGG	0
NM_002649.3:6752-6781	NM_002649.3	NM_002649.3.fasta	6752	6781	+	30	CCCACAGGACTGCATTTAGCTGCTTCAGTG	CACUGAAGCAGCUAAAUGCAGUCCUGUGGG	0
NM_002649.3:6753-6782	NM_002649.3	NM_002649.3.fasta	6753	6782	+	30	CCACAGGACTGCATTTAGCTGCTTCAGTGA	UCACUGAAGCAGCUAAAUGCAGUCCUGUGG	0
NM_002649.3:6754-6783	NM_002649.3	NM_002649.3.fasta	6754	6783	+	30	CACAGGACTGCATTTAGCTGCTTCAGTGAC	GUCACUGAAGCAGCUAAAUGCAGUCCUGUG	0
NM_002649.3:6755-6784	NM_002649.3	NM_002649.3.fasta	6755	6784	+	30	ACAGGACTGCATTTAGCTGCTTCAGTGACA	UGUCACUGAAGCAGCUAAAUGCAGUCCUGU	0
NM_002649.3:6756-6785	NM_002649.3	NM_002649.3.fasta	6756	6785	+	30	CAGGACTGCATTTAGCTGCTTCAGTGACAC	GUGUCACUGAAGCAGCUAAAUGCAGUCCUG	0
NM_002649.3:6757-6786	NM_002649.3	NM_002649.3.fasta	6757	6786	+	30	AGGACTGCATTTAGCTGCTTCAGTGACACT	AGUGUCACUGAAGCAGCUAAAUGCAGUCCU	0
NM_002649.3:6758-6787	NM_002649.3	NM_002649.3.fasta	6758	6787	+	30	GGACTGCATTTAGCTGCTTCAGTGACACTT	AAGUGUCACUGAAGCAGCUAAAUGCAGUCC	0
NM_002649.3:6759-6788	NM_002649.3	NM_002649.3.fasta	6759	6788	+	30	GACTGCATTTAGCTGCTTCAGTGACACTTT	AAAGUGUCACUGAAGCAGCUAAAUGCAGUC	0
NM_002649.3:6760-6789	NM_002649.3	NM_002649.3.fasta	6760	6789	+	30	ACTGCATTTAGCTGCTTCAGTGACACTTTG	CAAAGUGUCACUGAAGCAGCUAAAUGCAGU	0
NM_002649.3:6761-6790	NM_002649.3	NM_002649.3.fasta	6761	6790	+	30	CTGCATTTAGCTGCTTCAGTGACACTTTGA	UCAAAGUGUCACUGAAGCAGCUAAAUGCAG	0
NM_002649.3:6762-6791	NM_002649.3	NM_002649.3.fasta	6762	6791	+	30	TGCATTTAGCTGCTTCAGTGACACTTTGAT	AUCAAAGUGUCACUGAAGCAGCUAAAUGCA	0
NM_002649.3:6763-6792	NM_002649.3	NM_002649.3.fasta	6763	6792	+	30	GCATTTAGCTGCTTCAGTGACACTTTGATG	CAUCAAAGUGUCACUGAAGCAGCUAAAUGC	0
NM_002649.3:6764-6793	NM_002649.3	NM_002649.3.fasta	6764	6793	+	30	CATTTAGCTGCTTCAGTGACACTTTGATGA	UCAUCAAAGUGUCACUGAAGCAGCUAAAUG	0
NM_002649.3:6765-6794	NM_002649.3	NM_002649.3.fasta	6765	6794	+	30	ATTTAGCTGCTTCAGTGACACTTTGATGAA	UUCAUCAAAGUGUCACUGAAGCAGCUAAAU	0
NM_002649.3:6766-6795	NM_002649.3	NM_002649.3.fasta	6766	6795	+	30	TTTAGCTGCTTCAGTGACACTTTGATGAAA	UUUCAUCAAAGUGUCACUGAAGCAGCUAAA	0
NM_002649.3:6767-6796	NM_002649.3	NM_002649.3.fasta	6767	6796	+	30	TTAGCTGCTTCAGTGACACTTTGATGAAAG	CUUUCAUCAAAGUGUCACUGAAGCAGCUAA	0
NM_002649.3:6768-6797	NM_002649.3	NM_002649.3.fasta	6768	6797	+	30	TAGCTGCTTCAGTGACACTTTGATGAAAGT	ACUUUCAUCAAAGUGUCACUGAAGCAGCUA	0
NM_002649.3:6769-6798	NM_002649.3	NM_002649.3.fasta	6769	6798	+	30	AGCTGCTTCAGTGACACTTTGATGAAAGTA	UACUUUCAUCAAAGUGUCACUGAAGCAGCU	0
NM_002649.3:6770-6799	NM_002649.3	NM_002649.3.fasta	6770	6799	+	30	GCTGCTTCAGTGACACTTTGATGAAAGTAT	AUACUUUCAUCAAAGUGUCACUGAAGCAGC	0
NM_002649.3:6771-6800	NM_002649.3	NM_002649.3.fasta	6771	6800	+	30	CTGCTTCAGTGACACTTTGATGAAAGTATG	CAUACUUUCAUCAAAGUGUCACUGAAGCAG	0
NM_002649.3:6772-6801	NM_002649.3	NM_002649.3.fasta	6772	6801	+	30	TGCTTCAGTGACACTTTGATGAAAGTATGG	CCAUACUUUCAUCAAAGUGUCACUGAAGCA	0
NM_002649.3:6773-6802	NM_002649.3	NM_002649.3.fasta	6773	6802	+	30	GCTTCAGTGACACTTTGATGAAAGTATGGA	UCCAUACUUUCAUCAAAGUGUCACUGAAGC	0
NM_002649.3:6774-6803	NM_002649.3	NM_002649.3.fasta	6774	6803	+	30	CTTCAGTGACACTTTGATGAAAGTATGGAG	CUCCAUACUUUCAUCAAAGUGUCACUGAAG	0
NM_002649.3:6775-6804	NM_002649.3	NM_002649.3.fasta	6775	6804	+	30	TTCAGTGACACTTTGATGAAAGTATGGAGA	UCUCCAUACUUUCAUCAAAGUGUCACUGAA	0
NM_002649.3:6776-6805	NM_002649.3	NM_002649.3.fasta	6776	6805	+	30	TCAGTGACACTTTGATGAAAGTATGGAGAA	UUCUCCAUACUUUCAUCAAAGUGUCACUGA	0
NM_002649.3:6777-6806	NM_002649.3	NM_002649.3.fasta	6777	6806	+	30	CAGTGACACTTTGATGAAAGTATGGAGAAG	CUUCUCCAUACUUUCAUCAAAGUGUCACUG	0
NM_002649.3:6778-6807	NM_002649.3	NM_002649.3.fasta	6778	6807	+	30	AGTGACACTTTGATGAAAGTATGGAGAAGT	ACUUCUCCAUACUUUCAUCAAAGUGUCACU	0
NM_002649.3:6779-6808	NM_002649.3	NM_002649.3.fasta	6779	6808	+	30	GTGACACTTTGATGAAAGTATGGAGAAGTG	CACUUCUCCAUACUUUCAUCAAAGUGUCAC	0
NM_002649.3:6780-6809	NM_002649.3	NM_002649.3.fasta	6780	6809	+	30	TGACACTTTGATGAAAGTATGGAGAAGTGG	CCACUUCUCCAUACUUUCAUCAAAGUGUCA	0
NM_002649.3:6781-6810	NM_002649.3	NM_002649.3.fasta	6781	6810	+	30	GACACTTTGATGAAAGTATGGAGAAGTGGA	UCCACUUCUCCAUACUUUCAUCAAAGUGUC	0
NM_002649.3:6782-6811	NM_002649.3	NM_002649.3.fasta	6782	6811	+	30	ACACTTTGATGAAAGTATGGAGAAGTGGAG	CUCCACUUCUCCAUACUUUCAUCAAAGUGU	0
NM_002649.3:6783-6812	NM_002649.3	NM_002649.3.fasta	6783	6812	+	30	CACTTTGATGAAAGTATGGAGAAGTGGAGA	UCUCCACUUCUCCAUACUUUCAUCAAAGUG	0
NM_002649.3:6784-6813	NM_002649.3	NM_002649.3.fasta	6784	6813	+	30	ACTTTGATGAAAGTATGGAGAAGTGGAGAC	GUCUCCACUUCUCCAUACUUUCAUCAAAGU	0
NM_002649.3:6785-6814	NM_002649.3	NM_002649.3.fasta	6785	6814	+	30	CTTTGATGAAAGTATGGAGAAGTGGAGACA	UGUCUCCACUUCUCCAUACUUUCAUCAAAG	0
NM_002649.3:6786-6815	NM_002649.3	NM_002649.3.fasta	6786	6815	+	30	TTTGATGAAAGTATGGAGAAGTGGAGACAT	AUGUCUCCACUUCUCCAUACUUUCAUCAAA	0
NM_002649.3:6787-6816	NM_002649.3	NM_002649.3.fasta	6787	6816	+	30	TTGATGAAAGTATGGAGAAGTGGAGACATT	AAUGUCUCCACUUCUCCAUACUUUCAUCAA	0
NM_002649.3:6788-6817	NM_002649.3	NM_002649.3.fasta	6788	6817	+	30	TGATGAAAGTATGGAGAAGTGGAGACATTA	UAAUGUCUCCACUUCUCCAUACUUUCAUCA	0
NM_002649.3:6789-6818	NM_002649.3	NM_002649.3.fasta	6789	6818	+	30	GATGAAAGTATGGAGAAGTGGAGACATTAT	AUAAUGUCUCCACUUCUCCAUACUUUCAUC	0
NM_002649.3:6790-6819	NM_002649.3	NM_002649.3.fasta	6790	6819	+	30	ATGAAAGTATGGAGAAGTGGAGACATTATA	UAUAAUGUCUCCACUUCUCCAUACUUUCAU	0
NM_002649.3:6791-6820	NM_002649.3	NM_002649.3.fasta	6791	6820	+	30	TGAAAGTATGGAGAAGTGGAGACATTATAG	CUAUAAUGUCUCCACUUCUCCAUACUUUCA	0
NM_002649.3:6792-6821	NM_002649.3	NM_002649.3.fasta	6792	6821	+	30	GAAAGTATGGAGAAGTGGAGACATTATAGA	UCUAUAAUGUCUCCACUUCUCCAUACUUUC	0
NM_002649.3:6793-6822	NM_002649.3	NM_002649.3.fasta	6793	6822	+	30	AAAGTATGGAGAAGTGGAGACATTATAGAT	AUCUAUAAUGUCUCCACUUCUCCAUACUUU	0
NM_002649.3:6794-6823	NM_002649.3	NM_002649.3.fasta	6794	6823	+	30	AAGTATGGAGAAGTGGAGACATTATAGATA	UAUCUAUAAUGUCUCCACUUCUCCAUACUU	0
NM_002649.3:6795-6824	NM_002649.3	NM_002649.3.fasta	6795	6824	+	30	AGTATGGAGAAGTGGAGACATTATAGATAA	UUAUCUAUAAUGUCUCCACUUCUCCAUACU	0
NM_002649.3:6796-6825	NM_002649.3	NM_002649.3.fasta	6796	6825	+	30	GTATGGAGAAGTGGAGACATTATAGATAAA	UUUAUCUAUAAUGUCUCCACUUCUCCAUAC	0
NM_002649.3:6797-6826	NM_002649.3	NM_002649.3.fasta	6797	6826	+	30	TATGGAGAAGTGGAGACATTATAGATAAAA	UUUUAUCUAUAAUGUCUCCACUUCUCCAUA	0
NM_002649.3:6798-6827	NM_002649.3	NM_002649.3.fasta	6798	6827	+	30	ATGGAGAAGTGGAGACATTATAGATAAAAT	AUUUUAUCUAUAAUGUCUCCACUUCUCCAU	0
NM_002649.3:6799-6828	NM_002649.3	NM_002649.3.fasta	6799	6828	+	30	TGGAGAAGTGGAGACATTATAGATAAAATA	UAUUUUAUCUAUAAUGUCUCCACUUCUCCA	0
NM_002649.3:6800-6829	NM_002649.3	NM_002649.3.fasta	6800	6829	+	30	GGAGAAGTGGAGACATTATAGATAAAATAT	AUAUUUUAUCUAUAAUGUCUCCACUUCUCC	0
NM_002649.3:6801-6830	NM_002649.3	NM_002649.3.fasta	6801	6830	+	30	GAGAAGTGGAGACATTATAGATAAAATATA	UAUAUUUUAUCUAUAAUGUCUCCACUUCUC	0
NM_002649.3:6802-6831	NM_002649.3	NM_002649.3.fasta	6802	6831	+	30	AGAAGTGGAGACATTATAGATAAAATATAT	AUAUAUUUUAUCUAUAAUGUCUCCACUUCU	0
NM_002649.3:6803-6832	NM_002649.3	NM_002649.3.fasta	6803	6832	+	30	GAAGTGGAGACATTATAGATAAAATATATC	GAUAUAUUUUAUCUAUAAUGUCUCCACUUC	0
NM_002649.3:6804-6833	NM_002649.3	NM_002649.3.fasta	6804	6833	+	30	AAGTGGAGACATTATAGATAAAATATATCA	UGAUAUAUUUUAUCUAUAAUGUCUCCACUU	0
NM_002649.3:6805-6834	NM_002649.3	NM_002649.3.fasta	6805	6834	+	30	AGTGGAGACATTATAGATAAAATATATCAA	UUGAUAUAUUUUAUCUAUAAUGUCUCCACU	0
NM_002649.3:6806-6835	NM_002649.3	NM_002649.3.fasta	6806	6835	+	30	GTGGAGACATTATAGATAAAATATATCAAT	AUUGAUAUAUUUUAUCUAUAAUGUCUCCAC	0
NM_002649.3:6807-6836	NM_002649.3	NM_002649.3.fasta	6807	6836	+	30	TGGAGACATTATAGATAAAATATATCAATT	AAUUGAUAUAUUUUAUCUAUAAUGUCUCCA	0
NM_002649.3:6808-6837	NM_002649.3	NM_002649.3.fasta	6808	6837	+	30	GGAGACATTATAGATAAAATATATCAATTC	GAAUUGAUAUAUUUUAUCUAUAAUGUCUCC	0
NM_002649.3:6809-6838	NM_002649.3	NM_002649.3.fasta	6809	6838	+	30	GAGACATTATAGATAAAATATATCAATTCC	GGAAUUGAUAUAUUUUAUCUAUAAUGUCUC	0
NM_002649.3:6810-6839	NM_002649.3	NM_002649.3.fasta	6810	6839	+	30	AGACATTATAGATAAAATATATCAATTCCC	GGGAAUUGAUAUAUUUUAUCUAUAAUGUCU	0
NM_002649.3:6811-6840	NM_002649.3	NM_002649.3.fasta	6811	6840	+	30	GACATTATAGATAAAATATATCAATTCCCA	UGGGAAUUGAUAUAUUUUAUCUAUAAUGUC	0
NM_002649.3:6812-6841	NM_002649.3	NM_002649.3.fasta	6812	6841	+	30	ACATTATAGATAAAATATATCAATTCCCAG	CUGGGAAUUGAUAUAUUUUAUCUAUAAUGU	0
NM_002649.3:6813-6842	NM_002649.3	NM_002649.3.fasta	6813	6842	+	30	CATTATAGATAAAATATATCAATTCCCAGA	UCUGGGAAUUGAUAUAUUUUAUCUAUAAUG	0
NM_002649.3:6814-6843	NM_002649.3	NM_002649.3.fasta	6814	6843	+	30	ATTATAGATAAAATATATCAATTCCCAGAG	CUCUGGGAAUUGAUAUAUUUUAUCUAUAAU	0
NM_002649.3:6815-6844	NM_002649.3	NM_002649.3.fasta	6815	6844	+	30	TTATAGATAAAATATATCAATTCCCAGAGA	UCUCUGGGAAUUGAUAUAUUUUAUCUAUAA	0
NM_002649.3:6816-6845	NM_002649.3	NM_002649.3.fasta	6816	6845	+	30	TATAGATAAAATATATCAATTCCCAGAGAA	UUCUCUGGGAAUUGAUAUAUUUUAUCUAUA	0
NM_002649.3:6817-6846	NM_002649.3	NM_002649.3.fasta	6817	6846	+	30	ATAGATAAAATATATCAATTCCCAGAGAAA	UUUCUCUGGGAAUUGAUAUAUUUUAUCUAU	0
NM_002649.3:6818-6847	NM_002649.3	NM_002649.3.fasta	6818	6847	+	30	TAGATAAAATATATCAATTCCCAGAGAAAA	UUUUCUCUGGGAAUUGAUAUAUUUUAUCUA	0
NM_002649.3:6819-6848	NM_002649.3	NM_002649.3.fasta	6819	6848	+	30	AGATAAAATATATCAATTCCCAGAGAAAAC	GUUUUCUCUGGGAAUUGAUAUAUUUUAUCU	0
NM_002649.3:6820-6849	NM_002649.3	NM_002649.3.fasta	6820	6849	+	30	GATAAAATATATCAATTCCCAGAGAAAACT	AGUUUUCUCUGGGAAUUGAUAUAUUUUAUC	0
NM_002649.3:6821-6850	NM_002649.3	NM_002649.3.fasta	6821	6850	+	30	ATAAAATATATCAATTCCCAGAGAAAACTC	GAGUUUUCUCUGGGAAUUGAUAUAUUUUAU	0
NM_002649.3:6822-6851	NM_002649.3	NM_002649.3.fasta	6822	6851	+	30	TAAAATATATCAATTCCCAGAGAAAACTCT	AGAGUUUUCUCUGGGAAUUGAUAUAUUUUA	0
NM_002649.3:6823-6852	NM_002649.3	NM_002649.3.fasta	6823	6852	+	30	AAAATATATCAATTCCCAGAGAAAACTCTT	AAGAGUUUUCUCUGGGAAUUGAUAUAUUUU	0
NM_002649.3:6824-6853	NM_002649.3	NM_002649.3.fasta	6824	6853	+	30	AAATATATCAATTCCCAGAGAAAACTCTTG	CAAGAGUUUUCUCUGGGAAUUGAUAUAUUU	0
NM_002649.3:6825-6854	NM_002649.3	NM_002649.3.fasta	6825	6854	+	30	AATATATCAATTCCCAGAGAAAACTCTTGA	UCAAGAGUUUUCUCUGGGAAUUGAUAUAUU	0
NM_002649.3:6826-6855	NM_002649.3	NM_002649.3.fasta	6826	6855	+	30	ATATATCAATTCCCAGAGAAAACTCTTGAC	GUCAAGAGUUUUCUCUGGGAAUUGAUAUAU	0
NM_002649.3:6827-6856	NM_002649.3	NM_002649.3.fasta	6827	6856	+	30	TATATCAATTCCCAGAGAAAACTCTTGACT	AGUCAAGAGUUUUCUCUGGGAAUUGAUAUA	0
NM_002649.3:6828-6857	NM_002649.3	NM_002649.3.fasta	6828	6857	+	30	ATATCAATTCCCAGAGAAAACTCTTGACTT	AAGUCAAGAGUUUUCUCUGGGAAUUGAUAU	0
NM_002649.3:6829-6858	NM_002649.3	NM_002649.3.fasta	6829	6858	+	30	TATCAATTCCCAGAGAAAACTCTTGACTTA	UAAGUCAAGAGUUUUCUCUGGGAAUUGAUA	0
NM_002649.3:6830-6859	NM_002649.3	NM_002649.3.fasta	6830	6859	+	30	ATCAATTCCCAGAGAAAACTCTTGACTTAA	UUAAGUCAAGAGUUUUCUCUGGGAAUUGAU	0
NM_002649.3:6831-6860	NM_002649.3	NM_002649.3.fasta	6831	6860	+	30	TCAATTCCCAGAGAAAACTCTTGACTTAAA	UUUAAGUCAAGAGUUUUCUCUGGGAAUUGA	0
NM_002649.3:6832-6861	NM_002649.3	NM_002649.3.fasta	6832	6861	+	30	CAATTCCCAGAGAAAACTCTTGACTTAAAA	UUUUAAGUCAAGAGUUUUCUCUGGGAAUUG	0
NM_002649.3:6833-6862	NM_002649.3	NM_002649.3.fasta	6833	6862	+	30	AATTCCCAGAGAAAACTCTTGACTTAAAAA	UUUUUAAGUCAAGAGUUUUCUCUGGGAAUU	0
NM_002649.3:6834-6863	NM_002649.3	NM_002649.3.fasta	6834	6863	+	30	ATTCCCAGAGAAAACTCTTGACTTAAAAAC	GUUUUUAAGUCAAGAGUUUUCUCUGGGAAU	0
NM_002649.3:6835-6864	NM_002649.3	NM_002649.3.fasta	6835	6864	+	30	TTCCCAGAGAAAACTCTTGACTTAAAAACT	AGUUUUUAAGUCAAGAGUUUUCUCUGGGAA	0
NM_002649.3:6836-6865	NM_002649.3	NM_002649.3.fasta	6836	6865	+	30	TCCCAGAGAAAACTCTTGACTTAAAAACTT	AAGUUUUUAAGUCAAGAGUUUUCUCUGGGA	0
NM_002649.3:6837-6866	NM_002649.3	NM_002649.3.fasta	6837	6866	+	30	CCCAGAGAAAACTCTTGACTTAAAAACTTA	UAAGUUUUUAAGUCAAGAGUUUUCUCUGGG	0
NM_002649.3:6838-6867	NM_002649.3	NM_002649.3.fasta	6838	6867	+	30	CCAGAGAAAACTCTTGACTTAAAAACTTAA	UUAAGUUUUUAAGUCAAGAGUUUUCUCUGG	0
NM_002649.3:6839-6868	NM_002649.3	NM_002649.3.fasta	6839	6868	+	30	CAGAGAAAACTCTTGACTTAAAAACTTAAC	GUUAAGUUUUUAAGUCAAGAGUUUUCUCUG	0
NM_002649.3:6840-6869	NM_002649.3	NM_002649.3.fasta	6840	6869	+	30	AGAGAAAACTCTTGACTTAAAAACTTAACT	AGUUAAGUUUUUAAGUCAAGAGUUUUCUCU	0
NM_002649.3:6841-6870	NM_002649.3	NM_002649.3.fasta	6841	6870	+	30	GAGAAAACTCTTGACTTAAAAACTTAACTG	CAGUUAAGUUUUUAAGUCAAGAGUUUUCUC	0
NM_002649.3:6842-6871	NM_002649.3	NM_002649.3.fasta	6842	6871	+	30	AGAAAACTCTTGACTTAAAAACTTAACTGT	ACAGUUAAGUUUUUAAGUCAAGAGUUUUCU	0
NM_002649.3:6843-6872	NM_002649.3	NM_002649.3.fasta	6843	6872	+	30	GAAAACTCTTGACTTAAAAACTTAACTGTA	UACAGUUAAGUUUUUAAGUCAAGAGUUUUC	0
NM_002649.3:6844-6873	NM_002649.3	NM_002649.3.fasta	6844	6873	+	30	AAAACTCTTGACTTAAAAACTTAACTGTAG	CUACAGUUAAGUUUUUAAGUCAAGAGUUUU	0
NM_002649.3:6845-6874	NM_002649.3	NM_002649.3.fasta	6845	6874	+	30	AAACTCTTGACTTAAAAACTTAACTGTAGT	ACUACAGUUAAGUUUUUAAGUCAAGAGUUU	0
NM_002649.3:6846-6875	NM_002649.3	NM_002649.3.fasta	6846	6875	+	30	AACTCTTGACTTAAAAACTTAACTGTAGTA	UACUACAGUUAAGUUUUUAAGUCAAGAGUU	0
NM_002649.3:6847-6876	NM_002649.3	NM_002649.3.fasta	6847	6876	+	30	ACTCTTGACTTAAAAACTTAACTGTAGTAA	UUACUACAGUUAAGUUUUUAAGUCAAGAGU	0
NM_002649.3:6848-6877	NM_002649.3	NM_002649.3.fasta	6848	6877	+	30	CTCTTGACTTAAAAACTTAACTGTAGTAAA	UUUACUACAGUUAAGUUUUUAAGUCAAGAG	0
NM_002649.3:6849-6878	NM_002649.3	NM_002649.3.fasta	6849	6878	+	30	TCTTGACTTAAAAACTTAACTGTAGTAAAT	AUUUACUACAGUUAAGUUUUUAAGUCAAGA	0
NM_002649.3:6850-6879	NM_002649.3	NM_002649.3.fasta	6850	6879	+	30	CTTGACTTAAAAACTTAACTGTAGTAAATA	UAUUUACUACAGUUAAGUUUUUAAGUCAAG	0
NM_002649.3:6851-6880	NM_002649.3	NM_002649.3.fasta	6851	6880	+	30	TTGACTTAAAAACTTAACTGTAGTAAATAT	AUAUUUACUACAGUUAAGUUUUUAAGUCAA	0
NM_002649.3:6852-6881	NM_002649.3	NM_002649.3.fasta	6852	6881	+	30	TGACTTAAAAACTTAACTGTAGTAAATATA	UAUAUUUACUACAGUUAAGUUUUUAAGUCA	0
NM_002649.3:6853-6882	NM_002649.3	NM_002649.3.fasta	6853	6882	+	30	GACTTAAAAACTTAACTGTAGTAAATATAT	AUAUAUUUACUACAGUUAAGUUUUUAAGUC	0
NM_002649.3:6854-6883	NM_002649.3	NM_002649.3.fasta	6854	6883	+	30	ACTTAAAAACTTAACTGTAGTAAATATATC	GAUAUAUUUACUACAGUUAAGUUUUUAAGU	0
NM_002649.3:6855-6884	NM_002649.3	NM_002649.3.fasta	6855	6884	+	30	CTTAAAAACTTAACTGTAGTAAATATATCT	AGAUAUAUUUACUACAGUUAAGUUUUUAAG	0
NM_002649.3:6856-6885	NM_002649.3	NM_002649.3.fasta	6856	6885	+	30	TTAAAAACTTAACTGTAGTAAATATATCTT	AAGAUAUAUUUACUACAGUUAAGUUUUUAA	0
NM_002649.3:6857-6886	NM_002649.3	NM_002649.3.fasta	6857	6886	+	30	TAAAAACTTAACTGTAGTAAATATATCTTT	AAAGAUAUAUUUACUACAGUUAAGUUUUUA	0
NM_002649.3:6858-6887	NM_002649.3	NM_002649.3.fasta	6858	6887	+	30	AAAAACTTAACTGTAGTAAATATATCTTTT	AAAAGAUAUAUUUACUACAGUUAAGUUUUU	0
NM_002649.3:6859-6888	NM_002649.3	NM_002649.3.fasta	6859	6888	+	30	AAAACTTAACTGTAGTAAATATATCTTTTT	AAAAAGAUAUAUUUACUACAGUUAAGUUUU	0
NM_002649.3:6860-6889	NM_002649.3	NM_002649.3.fasta	6860	6889	+	30	AAACTTAACTGTAGTAAATATATCTTTTTC	GAAAAAGAUAUAUUUACUACAGUUAAGUUU	0
NM_002649.3:6861-6890	NM_002649.3	NM_002649.3.fasta	6861	6890	+	30	AACTTAACTGTAGTAAATATATCTTTTTCA	UGAAAAAGAUAUAUUUACUACAGUUAAGUU	0
NM_002649.3:6862-6891	NM_002649.3	NM_002649.3.fasta	6862	6891	+	30	ACTTAACTGTAGTAAATATATCTTTTTCAG	CUGAAAAAGAUAUAUUUACUACAGUUAAGU	0
NM_002649.3:6863-6892	NM_002649.3	NM_002649.3.fasta	6863	6892	+	30	CTTAACTGTAGTAAATATATCTTTTTCAGG	CCUGAAAAAGAUAUAUUUACUACAGUUAAG	0
NM_002649.3:6864-6893	NM_002649.3	NM_002649.3.fasta	6864	6893	+	30	TTAACTGTAGTAAATATATCTTTTTCAGGT	ACCUGAAAAAGAUAUAUUUACUACAGUUAA	0
NM_002649.3:6865-6894	NM_002649.3	NM_002649.3.fasta	6865	6894	+	30	TAACTGTAGTAAATATATCTTTTTCAGGTG	CACCUGAAAAAGAUAUAUUUACUACAGUUA	0
NM_002649.3:6866-6895	NM_002649.3	NM_002649.3.fasta	6866	6895	+	30	AACTGTAGTAAATATATCTTTTTCAGGTGA	UCACCUGAAAAAGAUAUAUUUACUACAGUU	0
NM_002649.3:6867-6896	NM_002649.3	NM_002649.3.fasta	6867	6896	+	30	ACTGTAGTAAATATATCTTTTTCAGGTGAT	AUCACCUGAAAAAGAUAUAUUUACUACAGU	0
NM_002649.3:6868-6897	NM_002649.3	NM_002649.3.fasta	6868	6897	+	30	CTGTAGTAAATATATCTTTTTCAGGTGATG	CAUCACCUGAAAAAGAUAUAUUUACUACAG	0
NM_002649.3:6869-6898	NM_002649.3	NM_002649.3.fasta	6869	6898	+	30	TGTAGTAAATATATCTTTTTCAGGTGATGA	UCAUCACCUGAAAAAGAUAUAUUUACUACA	0
NM_002649.3:6870-6899	NM_002649.3	NM_002649.3.fasta	6870	6899	+	30	GTAGTAAATATATCTTTTTCAGGTGATGAA	UUCAUCACCUGAAAAAGAUAUAUUUACUAC	0
NM_002649.3:6871-6900	NM_002649.3	NM_002649.3.fasta	6871	6900	+	30	TAGTAAATATATCTTTTTCAGGTGATGAAT	AUUCAUCACCUGAAAAAGAUAUAUUUACUA	0
NM_002649.3:6872-6901	NM_002649.3	NM_002649.3.fasta	6872	6901	+	30	AGTAAATATATCTTTTTCAGGTGATGAATT	AAUUCAUCACCUGAAAAAGAUAUAUUUACU	0
NM_002649.3:6873-6902	NM_002649.3	NM_002649.3.fasta	6873	6902	+	30	GTAAATATATCTTTTTCAGGTGATGAATTA	UAAUUCAUCACCUGAAAAAGAUAUAUUUAC	0
NM_002649.3:6874-6903	NM_002649.3	NM_002649.3.fasta	6874	6903	+	30	TAAATATATCTTTTTCAGGTGATGAATTAT	AUAAUUCAUCACCUGAAAAAGAUAUAUUUA	0
NM_002649.3:6875-6904	NM_002649.3	NM_002649.3.fasta	6875	6904	+	30	AAATATATCTTTTTCAGGTGATGAATTATT	AAUAAUUCAUCACCUGAAAAAGAUAUAUUU	0
NM_002649.3:6876-6905	NM_002649.3	NM_002649.3.fasta	6876	6905	+	30	AATATATCTTTTTCAGGTGATGAATTATTT	AAAUAAUUCAUCACCUGAAAAAGAUAUAUU	0
NM_002649.3:6877-6906	NM_002649.3	NM_002649.3.fasta	6877	6906	+	30	ATATATCTTTTTCAGGTGATGAATTATTTT	AAAAUAAUUCAUCACCUGAAAAAGAUAUAU	0
NM_002649.3:6878-6907	NM_002649.3	NM_002649.3.fasta	6878	6907	+	30	TATATCTTTTTCAGGTGATGAATTATTTTT	AAAAAUAAUUCAUCACCUGAAAAAGAUAUA	0
NM_002649.3:6879-6908	NM_002649.3	NM_002649.3.fasta	6879	6908	+	30	ATATCTTTTTCAGGTGATGAATTATTTTTT	AAAAAAUAAUUCAUCACCUGAAAAAGAUAU	0
NM_002649.3:6880-6909	NM_002649.3	NM_002649.3.fasta	6880	6909	+	30	TATCTTTTTCAGGTGATGAATTATTTTTTT	AAAAAAAUAAUUCAUCACCUGAAAAAGAUA	0
NM_002649.3:6881-6910	NM_002649.3	NM_002649.3.fasta	6881	6910	+	30	ATCTTTTTCAGGTGATGAATTATTTTTTTA	UAAAAAAAUAAUUCAUCACCUGAAAAAGAU	0
NM_002649.3:6882-6911	NM_002649.3	NM_002649.3.fasta	6882	6911	+	30	TCTTTTTCAGGTGATGAATTATTTTTTTAA	UUAAAAAAAUAAUUCAUCACCUGAAAAAGA	0
NM_002649.3:6883-6912	NM_002649.3	NM_002649.3.fasta	6883	6912	+	30	CTTTTTCAGGTGATGAATTATTTTTTTAAA	UUUAAAAAAAUAAUUCAUCACCUGAAAAAG	0
NM_002649.3:6884-6913	NM_002649.3	NM_002649.3.fasta	6884	6913	+	30	TTTTTCAGGTGATGAATTATTTTTTTAAAA	UUUUAAAAAAAUAAUUCAUCACCUGAAAAA	0
NM_002649.3:6885-6914	NM_002649.3	NM_002649.3.fasta	6885	6914	+	30	TTTTCAGGTGATGAATTATTTTTTTAAAAA	UUUUUAAAAAAAUAAUUCAUCACCUGAAAA	0
NM_002649.3:6886-6915	NM_002649.3	NM_002649.3.fasta	6886	6915	+	30	TTTCAGGTGATGAATTATTTTTTTAAAAAA	UUUUUUAAAAAAAUAAUUCAUCACCUGAAA	0
NM_002649.3:6887-6916	NM_002649.3	NM_002649.3.fasta	6887	6916	+	30	TTCAGGTGATGAATTATTTTTTTAAAAAAG	CUUUUUUAAAAAAAUAAUUCAUCACCUGAA	0
NM_002649.3:6888-6917	NM_002649.3	NM_002649.3.fasta	6888	6917	+	30	TCAGGTGATGAATTATTTTTTTAAAAAAGG	CCUUUUUUAAAAAAAUAAUUCAUCACCUGA	0
NM_002649.3:6889-6918	NM_002649.3	NM_002649.3.fasta	6889	6918	+	30	CAGGTGATGAATTATTTTTTTAAAAAAGGT	ACCUUUUUUAAAAAAAUAAUUCAUCACCUG	0
NM_002649.3:6890-6919	NM_002649.3	NM_002649.3.fasta	6890	6919	+	30	AGGTGATGAATTATTTTTTTAAAAAAGGTT	AACCUUUUUUAAAAAAAUAAUUCAUCACCU	0
NM_002649.3:6891-6920	NM_002649.3	NM_002649.3.fasta	6891	6920	+	30	GGTGATGAATTATTTTTTTAAAAAAGGTTA	UAACCUUUUUUAAAAAAAUAAUUCAUCACC	0
NM_002649.3:6892-6921	NM_002649.3	NM_002649.3.fasta	6892	6921	+	30	GTGATGAATTATTTTTTTAAAAAAGGTTAC	GUAACCUUUUUUAAAAAAAUAAUUCAUCAC	0
NM_002649.3:6893-6922	NM_002649.3	NM_002649.3.fasta	6893	6922	+	30	TGATGAATTATTTTTTTAAAAAAGGTTACA	UGUAACCUUUUUUAAAAAAAUAAUUCAUCA	0
NM_002649.3:6894-6923	NM_002649.3	NM_002649.3.fasta	6894	6923	+	30	GATGAATTATTTTTTTAAAAAAGGTTACAT	AUGUAACCUUUUUUAAAAAAAUAAUUCAUC	0
NM_002649.3:6895-6924	NM_002649.3	NM_002649.3.fasta	6895	6924	+	30	ATGAATTATTTTTTTAAAAAAGGTTACATA	UAUGUAACCUUUUUUAAAAAAAUAAUUCAU	0
NM_002649.3:6896-6925	NM_002649.3	NM_002649.3.fasta	6896	6925	+	30	TGAATTATTTTTTTAAAAAAGGTTACATAT	AUAUGUAACCUUUUUUAAAAAAAUAAUUCA	0
NM_002649.3:6897-6926	NM_002649.3	NM_002649.3.fasta	6897	6926	+	30	GAATTATTTTTTTAAAAAAGGTTACATATA	UAUAUGUAACCUUUUUUAAAAAAAUAAUUC	0
NM_002649.3:6898-6927	NM_002649.3	NM_002649.3.fasta	6898	6927	+	30	AATTATTTTTTTAAAAAAGGTTACATATAG	CUAUAUGUAACCUUUUUUAAAAAAAUAAUU	0
NM_002649.3:6899-6928	NM_002649.3	NM_002649.3.fasta	6899	6928	+	30	ATTATTTTTTTAAAAAAGGTTACATATAGG	CCUAUAUGUAACCUUUUUUAAAAAAAUAAU	0
NM_002649.3:6900-6929	NM_002649.3	NM_002649.3.fasta	6900	6929	+	30	TTATTTTTTTAAAAAAGGTTACATATAGGA	UCCUAUAUGUAACCUUUUUUAAAAAAAUAA	0
NM_002649.3:6901-6930	NM_002649.3	NM_002649.3.fasta	6901	6930	+	30	TATTTTTTTAAAAAAGGTTACATATAGGAA	UUCCUAUAUGUAACCUUUUUUAAAAAAAUA	0
NM_002649.3:6902-6931	NM_002649.3	NM_002649.3.fasta	6902	6931	+	30	ATTTTTTTAAAAAAGGTTACATATAGGAAT	AUUCCUAUAUGUAACCUUUUUUAAAAAAAU	0
NM_002649.3:6903-6932	NM_002649.3	NM_002649.3.fasta	6903	6932	+	30	TTTTTTTAAAAAAGGTTACATATAGGAATT	AAUUCCUAUAUGUAACCUUUUUUAAAAAAA	0
NM_002649.3:6904-6933	NM_002649.3	NM_002649.3.fasta	6904	6933	+	30	TTTTTTAAAAAAGGTTACATATAGGAATTC	GAAUUCCUAUAUGUAACCUUUUUUAAAAAA	0
NM_002649.3:6905-6934	NM_002649.3	NM_002649.3.fasta	6905	6934	+	30	TTTTTAAAAAAGGTTACATATAGGAATTCT	AGAAUUCCUAUAUGUAACCUUUUUUAAAAA	0
NM_002649.3:6906-6935	NM_002649.3	NM_002649.3.fasta	6906	6935	+	30	TTTTAAAAAAGGTTACATATAGGAATTCTG	CAGAAUUCCUAUAUGUAACCUUUUUUAAAA	0
NM_002649.3:6907-6936	NM_002649.3	NM_002649.3.fasta	6907	6936	+	30	TTTAAAAAAGGTTACATATAGGAATTCTGC	GCAGAAUUCCUAUAUGUAACCUUUUUUAAA	0
NM_002649.3:6908-6937	NM_002649.3	NM_002649.3.fasta	6908	6937	+	30	TTAAAAAAGGTTACATATAGGAATTCTGCA	UGCAGAAUUCCUAUAUGUAACCUUUUUUAA	0
NM_002649.3:6909-6938	NM_002649.3	NM_002649.3.fasta	6909	6938	+	30	TAAAAAAGGTTACATATAGGAATTCTGCAG	CUGCAGAAUUCCUAUAUGUAACCUUUUUUA	0
NM_002649.3:6910-6939	NM_002649.3	NM_002649.3.fasta	6910	6939	+	30	AAAAAAGGTTACATATAGGAATTCTGCAGT	ACUGCAGAAUUCCUAUAUGUAACCUUUUUU	0
NM_002649.3:6911-6940	NM_002649.3	NM_002649.3.fasta	6911	6940	+	30	AAAAAGGTTACATATAGGAATTCTGCAGTA	UACUGCAGAAUUCCUAUAUGUAACCUUUUU	0
NM_002649.3:6912-6941	NM_002649.3	NM_002649.3.fasta	6912	6941	+	30	AAAAGGTTACATATAGGAATTCTGCAGTAT	AUACUGCAGAAUUCCUAUAUGUAACCUUUU	0
NM_002649.3:6913-6942	NM_002649.3	NM_002649.3.fasta	6913	6942	+	30	AAAGGTTACATATAGGAATTCTGCAGTATA	UAUACUGCAGAAUUCCUAUAUGUAACCUUU	0
NM_002649.3:6914-6943	NM_002649.3	NM_002649.3.fasta	6914	6943	+	30	AAGGTTACATATAGGAATTCTGCAGTATAA	UUAUACUGCAGAAUUCCUAUAUGUAACCUU	0
NM_002649.3:6915-6944	NM_002649.3	NM_002649.3.fasta	6915	6944	+	30	AGGTTACATATAGGAATTCTGCAGTATAAT	AUUAUACUGCAGAAUUCCUAUAUGUAACCU	0
NM_002649.3:6916-6945	NM_002649.3	NM_002649.3.fasta	6916	6945	+	30	GGTTACATATAGGAATTCTGCAGTATAATT	AAUUAUACUGCAGAAUUCCUAUAUGUAACC	0
NM_002649.3:6917-6946	NM_002649.3	NM_002649.3.fasta	6917	6946	+	30	GTTACATATAGGAATTCTGCAGTATAATTT	AAAUUAUACUGCAGAAUUCCUAUAUGUAAC	0
NM_002649.3:6918-6947	NM_002649.3	NM_002649.3.fasta	6918	6947	+	30	TTACATATAGGAATTCTGCAGTATAATTTG	CAAAUUAUACUGCAGAAUUCCUAUAUGUAA	0
NM_002649.3:6919-6948	NM_002649.3	NM_002649.3.fasta	6919	6948	+	30	TACATATAGGAATTCTGCAGTATAATTTGG	CCAAAUUAUACUGCAGAAUUCCUAUAUGUA	0
NM_002649.3:6920-6949	NM_002649.3	NM_002649.3.fasta	6920	6949	+	30	ACATATAGGAATTCTGCAGTATAATTTGGA	UCCAAAUUAUACUGCAGAAUUCCUAUAUGU	0
NM_002649.3:6921-6950	NM_002649.3	NM_002649.3.fasta	6921	6950	+	30	CATATAGGAATTCTGCAGTATAATTTGGAG	CUCCAAAUUAUACUGCAGAAUUCCUAUAUG	0
NM_002649.3:6922-6951	NM_002649.3	NM_002649.3.fasta	6922	6951	+	30	ATATAGGAATTCTGCAGTATAATTTGGAGG	CCUCCAAAUUAUACUGCAGAAUUCCUAUAU	0
NM_002649.3:6923-6952	NM_002649.3	NM_002649.3.fasta	6923	6952	+	30	TATAGGAATTCTGCAGTATAATTTGGAGGC	GCCUCCAAAUUAUACUGCAGAAUUCCUAUA	0
NM_002649.3:6924-6953	NM_002649.3	NM_002649.3.fasta	6924	6953	+	30	ATAGGAATTCTGCAGTATAATTTGGAGGCT	AGCCUCCAAAUUAUACUGCAGAAUUCCUAU	0
NM_002649.3:6925-6954	NM_002649.3	NM_002649.3.fasta	6925	6954	+	30	TAGGAATTCTGCAGTATAATTTGGAGGCTA	UAGCCUCCAAAUUAUACUGCAGAAUUCCUA	0
NM_002649.3:6926-6955	NM_002649.3	NM_002649.3.fasta	6926	6955	+	30	AGGAATTCTGCAGTATAATTTGGAGGCTAT	AUAGCCUCCAAAUUAUACUGCAGAAUUCCU	0
NM_002649.3:6927-6956	NM_002649.3	NM_002649.3.fasta	6927	6956	+	30	GGAATTCTGCAGTATAATTTGGAGGCTATT	AAUAGCCUCCAAAUUAUACUGCAGAAUUCC	0
NM_002649.3:6928-6957	NM_002649.3	NM_002649.3.fasta	6928	6957	+	30	GAATTCTGCAGTATAATTTGGAGGCTATTA	UAAUAGCCUCCAAAUUAUACUGCAGAAUUC	0
NM_002649.3:6929-6958	NM_002649.3	NM_002649.3.fasta	6929	6958	+	30	AATTCTGCAGTATAATTTGGAGGCTATTAG	CUAAUAGCCUCCAAAUUAUACUGCAGAAUU	0
NM_002649.3:6930-6959	NM_002649.3	NM_002649.3.fasta	6930	6959	+	30	ATTCTGCAGTATAATTTGGAGGCTATTAGT	ACUAAUAGCCUCCAAAUUAUACUGCAGAAU	0
NM_002649.3:6931-6960	NM_002649.3	NM_002649.3.fasta	6931	6960	+	30	TTCTGCAGTATAATTTGGAGGCTATTAGTG	CACUAAUAGCCUCCAAAUUAUACUGCAGAA	0
NM_002649.3:6932-6961	NM_002649.3	NM_002649.3.fasta	6932	6961	+	30	TCTGCAGTATAATTTGGAGGCTATTAGTGC	GCACUAAUAGCCUCCAAAUUAUACUGCAGA	0
NM_002649.3:6933-6962	NM_002649.3	NM_002649.3.fasta	6933	6962	+	30	CTGCAGTATAATTTGGAGGCTATTAGTGCT	AGCACUAAUAGCCUCCAAAUUAUACUGCAG	0
NM_002649.3:6934-6963	NM_002649.3	NM_002649.3.fasta	6934	6963	+	30	TGCAGTATAATTTGGAGGCTATTAGTGCTA	UAGCACUAAUAGCCUCCAAAUUAUACUGCA	0
NM_002649.3:6935-6964	NM_002649.3	NM_002649.3.fasta	6935	6964	+	30	GCAGTATAATTTGGAGGCTATTAGTGCTAT	AUAGCACUAAUAGCCUCCAAAUUAUACUGC	0
NM_002649.3:6936-6965	NM_002649.3	NM_002649.3.fasta	6936	6965	+	30	CAGTATAATTTGGAGGCTATTAGTGCTATA	UAUAGCACUAAUAGCCUCCAAAUUAUACUG	0
NM_002649.3:6937-6966	NM_002649.3	NM_002649.3.fasta	6937	6966	+	30	AGTATAATTTGGAGGCTATTAGTGCTATAT	AUAUAGCACUAAUAGCCUCCAAAUUAUACU	0
NM_002649.3:6938-6967	NM_002649.3	NM_002649.3.fasta	6938	6967	+	30	GTATAATTTGGAGGCTATTAGTGCTATATT	AAUAUAGCACUAAUAGCCUCCAAAUUAUAC	0
NM_002649.3:6939-6968	NM_002649.3	NM_002649.3.fasta	6939	6968	+	30	TATAATTTGGAGGCTATTAGTGCTATATTA	UAAUAUAGCACUAAUAGCCUCCAAAUUAUA	0
NM_002649.3:6940-6969	NM_002649.3	NM_002649.3.fasta	6940	6969	+	30	ATAATTTGGAGGCTATTAGTGCTATATTAA	UUAAUAUAGCACUAAUAGCCUCCAAAUUAU	0
NM_002649.3:6941-6970	NM_002649.3	NM_002649.3.fasta	6941	6970	+	30	TAATTTGGAGGCTATTAGTGCTATATTAAT	AUUAAUAUAGCACUAAUAGCCUCCAAAUUA	0
NM_002649.3:6942-6971	NM_002649.3	NM_002649.3.fasta	6942	6971	+	30	AATTTGGAGGCTATTAGTGCTATATTAATG	CAUUAAUAUAGCACUAAUAGCCUCCAAAUU	0
NM_002649.3:6943-6972	NM_002649.3	NM_002649.3.fasta	6943	6972	+	30	ATTTGGAGGCTATTAGTGCTATATTAATGG	CCAUUAAUAUAGCACUAAUAGCCUCCAAAU	0
NM_002649.3:6944-6973	NM_002649.3	NM_002649.3.fasta	6944	6973	+	30	TTTGGAGGCTATTAGTGCTATATTAATGGA	UCCAUUAAUAUAGCACUAAUAGCCUCCAAA	0
NM_002649.3:6945-6974	NM_002649.3	NM_002649.3.fasta	6945	6974	+	30	TTGGAGGCTATTAGTGCTATATTAATGGAA	UUCCAUUAAUAUAGCACUAAUAGCCUCCAA	0
NM_002649.3:6946-6975	NM_002649.3	NM_002649.3.fasta	6946	6975	+	30	TGGAGGCTATTAGTGCTATATTAATGGAAA	UUUCCAUUAAUAUAGCACUAAUAGCCUCCA	0
NM_002649.3:6947-6976	NM_002649.3	NM_002649.3.fasta	6947	6976	+	30	GGAGGCTATTAGTGCTATATTAATGGAAAT	AUUUCCAUUAAUAUAGCACUAAUAGCCUCC	0
NM_002649.3:6948-6977	NM_002649.3	NM_002649.3.fasta	6948	6977	+	30	GAGGCTATTAGTGCTATATTAATGGAAATT	AAUUUCCAUUAAUAUAGCACUAAUAGCCUC	0
NM_002649.3:6949-6978	NM_002649.3	NM_002649.3.fasta	6949	6978	+	30	AGGCTATTAGTGCTATATTAATGGAAATTA	UAAUUUCCAUUAAUAUAGCACUAAUAGCCU	0
NM_002649.3:6950-6979	NM_002649.3	NM_002649.3.fasta	6950	6979	+	30	GGCTATTAGTGCTATATTAATGGAAATTAA	UUAAUUUCCAUUAAUAUAGCACUAAUAGCC	0
NM_002649.3:6951-6980	NM_002649.3	NM_002649.3.fasta	6951	6980	+	30	GCTATTAGTGCTATATTAATGGAAATTAAT	AUUAAUUUCCAUUAAUAUAGCACUAAUAGC	0
NM_002649.3:6952-6981	NM_002649.3	NM_002649.3.fasta	6952	6981	+	30	CTATTAGTGCTATATTAATGGAAATTAATT	AAUUAAUUUCCAUUAAUAUAGCACUAAUAG	0
NM_002649.3:6953-6982	NM_002649.3	NM_002649.3.fasta	6953	6982	+	30	TATTAGTGCTATATTAATGGAAATTAATTA	UAAUUAAUUUCCAUUAAUAUAGCACUAAUA	0
NM_002649.3:6954-6983	NM_002649.3	NM_002649.3.fasta	6954	6983	+	30	ATTAGTGCTATATTAATGGAAATTAATTAT	AUAAUUAAUUUCCAUUAAUAUAGCACUAAU	0
NM_002649.3:6955-6984	NM_002649.3	NM_002649.3.fasta	6955	6984	+	30	TTAGTGCTATATTAATGGAAATTAATTATT	AAUAAUUAAUUUCCAUUAAUAUAGCACUAA	0
NM_002649.3:6956-6985	NM_002649.3	NM_002649.3.fasta	6956	6985	+	30	TAGTGCTATATTAATGGAAATTAATTATTT	AAAUAAUUAAUUUCCAUUAAUAUAGCACUA	0
NM_002649.3:6957-6986	NM_002649.3	NM_002649.3.fasta	6957	6986	+	30	AGTGCTATATTAATGGAAATTAATTATTTT	AAAAUAAUUAAUUUCCAUUAAUAUAGCACU	0
NM_002649.3:6958-6987	NM_002649.3	NM_002649.3.fasta	6958	6987	+	30	GTGCTATATTAATGGAAATTAATTATTTTT	AAAAAUAAUUAAUUUCCAUUAAUAUAGCAC	0
NM_002649.3:6959-6988	NM_002649.3	NM_002649.3.fasta	6959	6988	+	30	TGCTATATTAATGGAAATTAATTATTTTTT	AAAAAAUAAUUAAUUUCCAUUAAUAUAGCA	0
NM_002649.3:6960-6989	NM_002649.3	NM_002649.3.fasta	6960	6989	+	30	GCTATATTAATGGAAATTAATTATTTTTTA	UAAAAAAUAAUUAAUUUCCAUUAAUAUAGC	0
NM_002649.3:6961-6990	NM_002649.3	NM_002649.3.fasta	6961	6990	+	30	CTATATTAATGGAAATTAATTATTTTTTAA	UUAAAAAAUAAUUAAUUUCCAUUAAUAUAG	0
NM_002649.3:6962-6991	NM_002649.3	NM_002649.3.fasta	6962	6991	+	30	TATATTAATGGAAATTAATTATTTTTTAAG	CUUAAAAAAUAAUUAAUUUCCAUUAAUAUA	0
NM_002649.3:6963-6992	NM_002649.3	NM_002649.3.fasta	6963	6992	+	30	ATATTAATGGAAATTAATTATTTTTTAAGT	ACUUAAAAAAUAAUUAAUUUCCAUUAAUAU	0
NM_002649.3:6964-6993	NM_002649.3	NM_002649.3.fasta	6964	6993	+	30	TATTAATGGAAATTAATTATTTTTTAAGTA	UACUUAAAAAAUAAUUAAUUUCCAUUAAUA	0
NM_002649.3:6965-6994	NM_002649.3	NM_002649.3.fasta	6965	6994	+	30	ATTAATGGAAATTAATTATTTTTTAAGTAA	UUACUUAAAAAAUAAUUAAUUUCCAUUAAU	0
NM_002649.3:6966-6995	NM_002649.3	NM_002649.3.fasta	6966	6995	+	30	TTAATGGAAATTAATTATTTTTTAAGTAAG	CUUACUUAAAAAAUAAUUAAUUUCCAUUAA	0
NM_002649.3:6967-6996	NM_002649.3	NM_002649.3.fasta	6967	6996	+	30	TAATGGAAATTAATTATTTTTTAAGTAAGT	ACUUACUUAAAAAAUAAUUAAUUUCCAUUA	0
NM_002649.3:6968-6997	NM_002649.3	NM_002649.3.fasta	6968	6997	+	30	AATGGAAATTAATTATTTTTTAAGTAAGTC	GACUUACUUAAAAAAUAAUUAAUUUCCAUU	0
NM_002649.3:6969-6998	NM_002649.3	NM_002649.3.fasta	6969	6998	+	30	ATGGAAATTAATTATTTTTTAAGTAAGTCC	GGACUUACUUAAAAAAUAAUUAAUUUCCAU	0
NM_002649.3:6970-6999	NM_002649.3	NM_002649.3.fasta	6970	6999	+	30	TGGAAATTAATTATTTTTTAAGTAAGTCCA	UGGACUUACUUAAAAAAUAAUUAAUUUCCA	0
NM_002649.3:6971-7000	NM_002649.3	NM_002649.3.fasta	6971	7000	+	30	GGAAATTAATTATTTTTTAAGTAAGTCCAA	UUGGACUUACUUAAAAAAUAAUUAAUUUCC	0
NM_002649.3:6972-7001	NM_002649.3	NM_002649.3.fasta	6972	7001	+	30	GAAATTAATTATTTTTTAAGTAAGTCCAAA	UUUGGACUUACUUAAAAAAUAAUUAAUUUC	0
NM_002649.3:6973-7002	NM_002649.3	NM_002649.3.fasta	6973	7002	+	30	AAATTAATTATTTTTTAAGTAAGTCCAAAA	UUUUGGACUUACUUAAAAAAUAAUUAAUUU	0
NM_002649.3:6974-7003	NM_002649.3	NM_002649.3.fasta	6974	7003	+	30	AATTAATTATTTTTTAAGTAAGTCCAAAAA	UUUUUGGACUUACUUAAAAAAUAAUUAAUU	0
NM_002649.3:6975-7004	NM_002649.3	NM_002649.3.fasta	6975	7004	+	30	ATTAATTATTTTTTAAGTAAGTCCAAAAAA	UUUUUUGGACUUACUUAAAAAAUAAUUAAU	0
NM_002649.3:6976-7005	NM_002649.3	NM_002649.3.fasta	6976	7005	+	30	TTAATTATTTTTTAAGTAAGTCCAAAAAAT	AUUUUUUGGACUUACUUAAAAAAUAAUUAA	0
NM_002649.3:6977-7006	NM_002649.3	NM_002649.3.fasta	6977	7006	+	30	TAATTATTTTTTAAGTAAGTCCAAAAAATA	UAUUUUUUGGACUUACUUAAAAAAUAAUUA	0
NM_002649.3:6978-7007	NM_002649.3	NM_002649.3.fasta	6978	7007	+	30	AATTATTTTTTAAGTAAGTCCAAAAAATAA	UUAUUUUUUGGACUUACUUAAAAAAUAAUU	0
NM_002649.3:6979-7008	NM_002649.3	NM_002649.3.fasta	6979	7008	+	30	ATTATTTTTTAAGTAAGTCCAAAAAATAAT	AUUAUUUUUUGGACUUACUUAAAAAAUAAU	0
NM_002649.3:6980-7009	NM_002649.3	NM_002649.3.fasta	6980	7009	+	30	TTATTTTTTAAGTAAGTCCAAAAAATAATC	GAUUAUUUUUUGGACUUACUUAAAAAAUAA	0
NM_002649.3:6981-7010	NM_002649.3	NM_002649.3.fasta	6981	7010	+	30	TATTTTTTAAGTAAGTCCAAAAAATAATCT	AGAUUAUUUUUUGGACUUACUUAAAAAAUA	0
NM_002649.3:6982-7011	NM_002649.3	NM_002649.3.fasta	6982	7011	+	30	ATTTTTTAAGTAAGTCCAAAAAATAATCTA	UAGAUUAUUUUUUGGACUUACUUAAAAAAU	0
NM_002649.3:6983-7012	NM_002649.3	NM_002649.3.fasta	6983	7012	+	30	TTTTTTAAGTAAGTCCAAAAAATAATCTAG	CUAGAUUAUUUUUUGGACUUACUUAAAAAA	0
NM_002649.3:6984-7013	NM_002649.3	NM_002649.3.fasta	6984	7013	+	30	TTTTTAAGTAAGTCCAAAAAATAATCTAGA	UCUAGAUUAUUUUUUGGACUUACUUAAAAA	0
NM_002649.3:6985-7014	NM_002649.3	NM_002649.3.fasta	6985	7014	+	30	TTTTAAGTAAGTCCAAAAAATAATCTAGAA	UUCUAGAUUAUUUUUUGGACUUACUUAAAA	0
NM_002649.3:6986-7015	NM_002649.3	NM_002649.3.fasta	6986	7015	+	30	TTTAAGTAAGTCCAAAAAATAATCTAGAAA	UUUCUAGAUUAUUUUUUGGACUUACUUAAA	0
NM_002649.3:6987-7016	NM_002649.3	NM_002649.3.fasta	6987	7016	+	30	TTAAGTAAGTCCAAAAAATAATCTAGAAAG	CUUUCUAGAUUAUUUUUUGGACUUACUUAA	0
NM_002649.3:6988-7017	NM_002649.3	NM_002649.3.fasta	6988	7017	+	30	TAAGTAAGTCCAAAAAATAATCTAGAAAGT	ACUUUCUAGAUUAUUUUUUGGACUUACUUA	0
NM_002649.3:6989-7018	NM_002649.3	NM_002649.3.fasta	6989	7018	+	30	AAGTAAGTCCAAAAAATAATCTAGAAAGTA	UACUUUCUAGAUUAUUUUUUGGACUUACUU	0
NM_002649.3:6990-7019	NM_002649.3	NM_002649.3.fasta	6990	7019	+	30	AGTAAGTCCAAAAAATAATCTAGAAAGTAA	UUACUUUCUAGAUUAUUUUUUGGACUUACU	0
NM_002649.3:6991-7020	NM_002649.3	NM_002649.3.fasta	6991	7020	+	30	GTAAGTCCAAAAAATAATCTAGAAAGTAAG	CUUACUUUCUAGAUUAUUUUUUGGACUUAC	0
NM_002649.3:6992-7021	NM_002649.3	NM_002649.3.fasta	6992	7021	+	30	TAAGTCCAAAAAATAATCTAGAAAGTAAGT	ACUUACUUUCUAGAUUAUUUUUUGGACUUA	0
NM_002649.3:6993-7022	NM_002649.3	NM_002649.3.fasta	6993	7022	+	30	AAGTCCAAAAAATAATCTAGAAAGTAAGTT	AACUUACUUUCUAGAUUAUUUUUUGGACUU	0
NM_002649.3:6994-7023	NM_002649.3	NM_002649.3.fasta	6994	7023	+	30	AGTCCAAAAAATAATCTAGAAAGTAAGTTT	AAACUUACUUUCUAGAUUAUUUUUUGGACU	0
NM_002649.3:6995-7024	NM_002649.3	NM_002649.3.fasta	6995	7024	+	30	GTCCAAAAAATAATCTAGAAAGTAAGTTTC	GAAACUUACUUUCUAGAUUAUUUUUUGGAC	0
NM_002649.3:6996-7025	NM_002649.3	NM_002649.3.fasta	6996	7025	+	30	TCCAAAAAATAATCTAGAAAGTAAGTTTCC	GGAAACUUACUUUCUAGAUUAUUUUUUGGA	0
NM_002649.3:6997-7026	NM_002649.3	NM_002649.3.fasta	6997	7026	+	30	CCAAAAAATAATCTAGAAAGTAAGTTTCCA	UGGAAACUUACUUUCUAGAUUAUUUUUUGG	0
NM_002649.3:6998-7027	NM_002649.3	NM_002649.3.fasta	6998	7027	+	30	CAAAAAATAATCTAGAAAGTAAGTTTCCAG	CUGGAAACUUACUUUCUAGAUUAUUUUUUG	0
NM_002649.3:6999-7028	NM_002649.3	NM_002649.3.fasta	6999	7028	+	30	AAAAAATAATCTAGAAAGTAAGTTTCCAGA	UCUGGAAACUUACUUUCUAGAUUAUUUUUU	0
NM_002649.3:7000-7029	NM_002649.3	NM_002649.3.fasta	7000	7029	+	30	AAAAATAATCTAGAAAGTAAGTTTCCAGAG	CUCUGGAAACUUACUUUCUAGAUUAUUUUU	0
NM_002649.3:7001-7030	NM_002649.3	NM_002649.3.fasta	7001	7030	+	30	AAAATAATCTAGAAAGTAAGTTTCCAGAGC	GCUCUGGAAACUUACUUUCUAGAUUAUUUU	0
NM_002649.3:7002-7031	NM_002649.3	NM_002649.3.fasta	7002	7031	+	30	AAATAATCTAGAAAGTAAGTTTCCAGAGCA	UGCUCUGGAAACUUACUUUCUAGAUUAUUU	0
NM_002649.3:7003-7032	NM_002649.3	NM_002649.3.fasta	7003	7032	+	30	AATAATCTAGAAAGTAAGTTTCCAGAGCAA	UUGCUCUGGAAACUUACUUUCUAGAUUAUU	0
NM_002649.3:7004-7033	NM_002649.3	NM_002649.3.fasta	7004	7033	+	30	ATAATCTAGAAAGTAAGTTTCCAGAGCAAA	UUUGCUCUGGAAACUUACUUUCUAGAUUAU	0
NM_002649.3:7005-7034	NM_002649.3	NM_002649.3.fasta	7005	7034	+	30	TAATCTAGAAAGTAAGTTTCCAGAGCAAAT	AUUUGCUCUGGAAACUUACUUUCUAGAUUA	0
NM_002649.3:7006-7035	NM_002649.3	NM_002649.3.fasta	7006	7035	+	30	AATCTAGAAAGTAAGTTTCCAGAGCAAATC	GAUUUGCUCUGGAAACUUACUUUCUAGAUU	0
NM_002649.3:7007-7036	NM_002649.3	NM_002649.3.fasta	7007	7036	+	30	ATCTAGAAAGTAAGTTTCCAGAGCAAATCT	AGAUUUGCUCUGGAAACUUACUUUCUAGAU	0
NM_002649.3:7008-7037	NM_002649.3	NM_002649.3.fasta	7008	7037	+	30	TCTAGAAAGTAAGTTTCCAGAGCAAATCTG	CAGAUUUGCUCUGGAAACUUACUUUCUAGA	0
NM_002649.3:7009-7038	NM_002649.3	NM_002649.3.fasta	7009	7038	+	30	CTAGAAAGTAAGTTTCCAGAGCAAATCTGA	UCAGAUUUGCUCUGGAAACUUACUUUCUAG	0
NM_002649.3:7010-7039	NM_002649.3	NM_002649.3.fasta	7010	7039	+	30	TAGAAAGTAAGTTTCCAGAGCAAATCTGAC	GUCAGAUUUGCUCUGGAAACUUACUUUCUA	0
NM_002649.3:7011-7040	NM_002649.3	NM_002649.3.fasta	7011	7040	+	30	AGAAAGTAAGTTTCCAGAGCAAATCTGACC	GGUCAGAUUUGCUCUGGAAACUUACUUUCU	0
NM_002649.3:7012-7041	NM_002649.3	NM_002649.3.fasta	7012	7041	+	30	GAAAGTAAGTTTCCAGAGCAAATCTGACCT	AGGUCAGAUUUGCUCUGGAAACUUACUUUC	0
NM_002649.3:7013-7042	NM_002649.3	NM_002649.3.fasta	7013	7042	+	30	AAAGTAAGTTTCCAGAGCAAATCTGACCTA	UAGGUCAGAUUUGCUCUGGAAACUUACUUU	0
NM_002649.3:7014-7043	NM_002649.3	NM_002649.3.fasta	7014	7043	+	30	AAGTAAGTTTCCAGAGCAAATCTGACCTAG	CUAGGUCAGAUUUGCUCUGGAAACUUACUU	0
NM_002649.3:7015-7044	NM_002649.3	NM_002649.3.fasta	7015	7044	+	30	AGTAAGTTTCCAGAGCAAATCTGACCTAGC	GCUAGGUCAGAUUUGCUCUGGAAACUUACU	0
NM_002649.3:7016-7045	NM_002649.3	NM_002649.3.fasta	7016	7045	+	30	GTAAGTTTCCAGAGCAAATCTGACCTAGCA	UGCUAGGUCAGAUUUGCUCUGGAAACUUAC	0
NM_002649.3:7017-7046	NM_002649.3	NM_002649.3.fasta	7017	7046	+	30	TAAGTTTCCAGAGCAAATCTGACCTAGCAT	AUGCUAGGUCAGAUUUGCUCUGGAAACUUA	0
NM_002649.3:7018-7047	NM_002649.3	NM_002649.3.fasta	7018	7047	+	30	AAGTTTCCAGAGCAAATCTGACCTAGCATT	AAUGCUAGGUCAGAUUUGCUCUGGAAACUU	0
NM_002649.3:7019-7048	NM_002649.3	NM_002649.3.fasta	7019	7048	+	30	AGTTTCCAGAGCAAATCTGACCTAGCATTT	AAAUGCUAGGUCAGAUUUGCUCUGGAAACU	0
NM_002649.3:7020-7049	NM_002649.3	NM_002649.3.fasta	7020	7049	+	30	GTTTCCAGAGCAAATCTGACCTAGCATTTG	CAAAUGCUAGGUCAGAUUUGCUCUGGAAAC	0
NM_002649.3:7021-7050	NM_002649.3	NM_002649.3.fasta	7021	7050	+	30	TTTCCAGAGCAAATCTGACCTAGCATTTGG	CCAAAUGCUAGGUCAGAUUUGCUCUGGAAA	0
NM_002649.3:7022-7051	NM_002649.3	NM_002649.3.fasta	7022	7051	+	30	TTCCAGAGCAAATCTGACCTAGCATTTGGT	ACCAAAUGCUAGGUCAGAUUUGCUCUGGAA	0
NM_002649.3:7023-7052	NM_002649.3	NM_002649.3.fasta	7023	7052	+	30	TCCAGAGCAAATCTGACCTAGCATTTGGTA	UACCAAAUGCUAGGUCAGAUUUGCUCUGGA	0
NM_002649.3:7024-7053	NM_002649.3	NM_002649.3.fasta	7024	7053	+	30	CCAGAGCAAATCTGACCTAGCATTTGGTAT	AUACCAAAUGCUAGGUCAGAUUUGCUCUGG	0
NM_002649.3:7025-7054	NM_002649.3	NM_002649.3.fasta	7025	7054	+	30	CAGAGCAAATCTGACCTAGCATTTGGTATG	CAUACCAAAUGCUAGGUCAGAUUUGCUCUG	0
NM_002649.3:7026-7055	NM_002649.3	NM_002649.3.fasta	7026	7055	+	30	AGAGCAAATCTGACCTAGCATTTGGTATGC	GCAUACCAAAUGCUAGGUCAGAUUUGCUCU	0
NM_002649.3:7027-7056	NM_002649.3	NM_002649.3.fasta	7027	7056	+	30	GAGCAAATCTGACCTAGCATTTGGTATGCT	AGCAUACCAAAUGCUAGGUCAGAUUUGCUC	0
NM_002649.3:7028-7057	NM_002649.3	NM_002649.3.fasta	7028	7057	+	30	AGCAAATCTGACCTAGCATTTGGTATGCTA	UAGCAUACCAAAUGCUAGGUCAGAUUUGCU	0
NM_002649.3:7029-7058	NM_002649.3	NM_002649.3.fasta	7029	7058	+	30	GCAAATCTGACCTAGCATTTGGTATGCTAG	CUAGCAUACCAAAUGCUAGGUCAGAUUUGC	0
NM_002649.3:7030-7059	NM_002649.3	NM_002649.3.fasta	7030	7059	+	30	CAAATCTGACCTAGCATTTGGTATGCTAGG	CCUAGCAUACCAAAUGCUAGGUCAGAUUUG	0
NM_002649.3:7031-7060	NM_002649.3	NM_002649.3.fasta	7031	7060	+	30	AAATCTGACCTAGCATTTGGTATGCTAGGC	GCCUAGCAUACCAAAUGCUAGGUCAGAUUU	0
NM_002649.3:7032-7061	NM_002649.3	NM_002649.3.fasta	7032	7061	+	30	AATCTGACCTAGCATTTGGTATGCTAGGCT	AGCCUAGCAUACCAAAUGCUAGGUCAGAUU	0
NM_002649.3:7033-7062	NM_002649.3	NM_002649.3.fasta	7033	7062	+	30	ATCTGACCTAGCATTTGGTATGCTAGGCTC	GAGCCUAGCAUACCAAAUGCUAGGUCAGAU	0
NM_002649.3:7034-7063	NM_002649.3	NM_002649.3.fasta	7034	7063	+	30	TCTGACCTAGCATTTGGTATGCTAGGCTCT	AGAGCCUAGCAUACCAAAUGCUAGGUCAGA	0
NM_002649.3:7035-7064	NM_002649.3	NM_002649.3.fasta	7035	7064	+	30	CTGACCTAGCATTTGGTATGCTAGGCTCTG	CAGAGCCUAGCAUACCAAAUGCUAGGUCAG	0
NM_002649.3:7036-7065	NM_002649.3	NM_002649.3.fasta	7036	7065	+	30	TGACCTAGCATTTGGTATGCTAGGCTCTGC	GCAGAGCCUAGCAUACCAAAUGCUAGGUCA	0
NM_002649.3:7037-7066	NM_002649.3	NM_002649.3.fasta	7037	7066	+	30	GACCTAGCATTTGGTATGCTAGGCTCTGCT	AGCAGAGCCUAGCAUACCAAAUGCUAGGUC	0
NM_002649.3:7038-7067	NM_002649.3	NM_002649.3.fasta	7038	7067	+	30	ACCTAGCATTTGGTATGCTAGGCTCTGCTT	AAGCAGAGCCUAGCAUACCAAAUGCUAGGU	0
NM_002649.3:7039-7068	NM_002649.3	NM_002649.3.fasta	7039	7068	+	30	CCTAGCATTTGGTATGCTAGGCTCTGCTTT	AAAGCAGAGCCUAGCAUACCAAAUGCUAGG	0
NM_002649.3:7040-7069	NM_002649.3	NM_002649.3.fasta	7040	7069	+	30	CTAGCATTTGGTATGCTAGGCTCTGCTTTT	AAAAGCAGAGCCUAGCAUACCAAAUGCUAG	0
NM_002649.3:7041-7070	NM_002649.3	NM_002649.3.fasta	7041	7070	+	30	TAGCATTTGGTATGCTAGGCTCTGCTTTTC	GAAAAGCAGAGCCUAGCAUACCAAAUGCUA	0
NM_002649.3:7042-7071	NM_002649.3	NM_002649.3.fasta	7042	7071	+	30	AGCATTTGGTATGCTAGGCTCTGCTTTTCA	UGAAAAGCAGAGCCUAGCAUACCAAAUGCU	0
NM_002649.3:7043-7072	NM_002649.3	NM_002649.3.fasta	7043	7072	+	30	GCATTTGGTATGCTAGGCTCTGCTTTTCAT	AUGAAAAGCAGAGCCUAGCAUACCAAAUGC	0
NM_002649.3:7044-7073	NM_002649.3	NM_002649.3.fasta	7044	7073	+	30	CATTTGGTATGCTAGGCTCTGCTTTTCATG	CAUGAAAAGCAGAGCCUAGCAUACCAAAUG	0
NM_002649.3:7045-7074	NM_002649.3	NM_002649.3.fasta	7045	7074	+	30	ATTTGGTATGCTAGGCTCTGCTTTTCATGA	UCAUGAAAAGCAGAGCCUAGCAUACCAAAU	0
NM_002649.3:7046-7075	NM_002649.3	NM_002649.3.fasta	7046	7075	+	30	TTTGGTATGCTAGGCTCTGCTTTTCATGAT	AUCAUGAAAAGCAGAGCCUAGCAUACCAAA	0
NM_002649.3:7047-7076	NM_002649.3	NM_002649.3.fasta	7047	7076	+	30	TTGGTATGCTAGGCTCTGCTTTTCATGATT	AAUCAUGAAAAGCAGAGCCUAGCAUACCAA	0
NM_002649.3:7048-7077	NM_002649.3	NM_002649.3.fasta	7048	7077	+	30	TGGTATGCTAGGCTCTGCTTTTCATGATTT	AAAUCAUGAAAAGCAGAGCCUAGCAUACCA	0
NM_002649.3:7049-7078	NM_002649.3	NM_002649.3.fasta	7049	7078	+	30	GGTATGCTAGGCTCTGCTTTTCATGATTTT	AAAAUCAUGAAAAGCAGAGCCUAGCAUACC	0
NM_002649.3:7050-7079	NM_002649.3	NM_002649.3.fasta	7050	7079	+	30	GTATGCTAGGCTCTGCTTTTCATGATTTTG	CAAAAUCAUGAAAAGCAGAGCCUAGCAUAC	0
NM_002649.3:7051-7080	NM_002649.3	NM_002649.3.fasta	7051	7080	+	30	TATGCTAGGCTCTGCTTTTCATGATTTTGA	UCAAAAUCAUGAAAAGCAGAGCCUAGCAUA	0
NM_002649.3:7052-7081	NM_002649.3	NM_002649.3.fasta	7052	7081	+	30	ATGCTAGGCTCTGCTTTTCATGATTTTGAA	UUCAAAAUCAUGAAAAGCAGAGCCUAGCAU	0
NM_002649.3:7053-7082	NM_002649.3	NM_002649.3.fasta	7053	7082	+	30	TGCTAGGCTCTGCTTTTCATGATTTTGAAA	UUUCAAAAUCAUGAAAAGCAGAGCCUAGCA	0
NM_002649.3:7054-7083	NM_002649.3	NM_002649.3.fasta	7054	7083	+	30	GCTAGGCTCTGCTTTTCATGATTTTGAAAT	AUUUCAAAAUCAUGAAAAGCAGAGCCUAGC	0
NM_002649.3:7055-7084	NM_002649.3	NM_002649.3.fasta	7055	7084	+	30	CTAGGCTCTGCTTTTCATGATTTTGAAATA	UAUUUCAAAAUCAUGAAAAGCAGAGCCUAG	0
NM_002649.3:7056-7085	NM_002649.3	NM_002649.3.fasta	7056	7085	+	30	TAGGCTCTGCTTTTCATGATTTTGAAATAA	UUAUUUCAAAAUCAUGAAAAGCAGAGCCUA	0
NM_002649.3:7057-7086	NM_002649.3	NM_002649.3.fasta	7057	7086	+	30	AGGCTCTGCTTTTCATGATTTTGAAATAAA	UUUAUUUCAAAAUCAUGAAAAGCAGAGCCU	0
NM_002649.3:7058-7087	NM_002649.3	NM_002649.3.fasta	7058	7087	+	30	GGCTCTGCTTTTCATGATTTTGAAATAAAT	AUUUAUUUCAAAAUCAUGAAAAGCAGAGCC	0
NM_002649.3:7059-7088	NM_002649.3	NM_002649.3.fasta	7059	7088	+	30	GCTCTGCTTTTCATGATTTTGAAATAAATC	GAUUUAUUUCAAAAUCAUGAAAAGCAGAGC	0
NM_002649.3:7060-7089	NM_002649.3	NM_002649.3.fasta	7060	7089	+	30	CTCTGCTTTTCATGATTTTGAAATAAATCA	UGAUUUAUUUCAAAAUCAUGAAAAGCAGAG	0
NM_002649.3:7061-7090	NM_002649.3	NM_002649.3.fasta	7061	7090	+	30	TCTGCTTTTCATGATTTTGAAATAAATCAT	AUGAUUUAUUUCAAAAUCAUGAAAAGCAGA	0
NM_002649.3:7062-7091	NM_002649.3	NM_002649.3.fasta	7062	7091	+	30	CTGCTTTTCATGATTTTGAAATAAATCATA	UAUGAUUUAUUUCAAAAUCAUGAAAAGCAG	0
NM_002649.3:7063-7092	NM_002649.3	NM_002649.3.fasta	7063	7092	+	30	TGCTTTTCATGATTTTGAAATAAATCATAA	UUAUGAUUUAUUUCAAAAUCAUGAAAAGCA	0
NM_002649.3:7064-7093	NM_002649.3	NM_002649.3.fasta	7064	7093	+	30	GCTTTTCATGATTTTGAAATAAATCATAAT	AUUAUGAUUUAUUUCAAAAUCAUGAAAAGC	0
NM_002649.3:7065-7094	NM_002649.3	NM_002649.3.fasta	7065	7094	+	30	CTTTTCATGATTTTGAAATAAATCATAATT	AAUUAUGAUUUAUUUCAAAAUCAUGAAAAG	0
NM_002649.3:7066-7095	NM_002649.3	NM_002649.3.fasta	7066	7095	+	30	TTTTCATGATTTTGAAATAAATCATAATTA	UAAUUAUGAUUUAUUUCAAAAUCAUGAAAA	0
NM_002649.3:7067-7096	NM_002649.3	NM_002649.3.fasta	7067	7096	+	30	TTTCATGATTTTGAAATAAATCATAATTAG	CUAAUUAUGAUUUAUUUCAAAAUCAUGAAA	0
NM_002649.3:7068-7097	NM_002649.3	NM_002649.3.fasta	7068	7097	+	30	TTCATGATTTTGAAATAAATCATAATTAGA	UCUAAUUAUGAUUUAUUUCAAAAUCAUGAA	0
NM_002649.3:7069-7098	NM_002649.3	NM_002649.3.fasta	7069	7098	+	30	TCATGATTTTGAAATAAATCATAATTAGAC	GUCUAAUUAUGAUUUAUUUCAAAAUCAUGA	0
NM_002649.3:7070-7099	NM_002649.3	NM_002649.3.fasta	7070	7099	+	30	CATGATTTTGAAATAAATCATAATTAGACT	AGUCUAAUUAUGAUUUAUUUCAAAAUCAUG	0
NM_002649.3:7071-7100	NM_002649.3	NM_002649.3.fasta	7071	7100	+	30	ATGATTTTGAAATAAATCATAATTAGACTT	AAGUCUAAUUAUGAUUUAUUUCAAAAUCAU	0
NM_002649.3:7072-7101	NM_002649.3	NM_002649.3.fasta	7072	7101	+	30	TGATTTTGAAATAAATCATAATTAGACTTA	UAAGUCUAAUUAUGAUUUAUUUCAAAAUCA	0
NM_002649.3:7073-7102	NM_002649.3	NM_002649.3.fasta	7073	7102	+	30	GATTTTGAAATAAATCATAATTAGACTTAA	UUAAGUCUAAUUAUGAUUUAUUUCAAAAUC	0
NM_002649.3:7074-7103	NM_002649.3	NM_002649.3.fasta	7074	7103	+	30	ATTTTGAAATAAATCATAATTAGACTTAAC	GUUAAGUCUAAUUAUGAUUUAUUUCAAAAU	0
NM_002649.3:7075-7104	NM_002649.3	NM_002649.3.fasta	7075	7104	+	30	TTTTGAAATAAATCATAATTAGACTTAACA	UGUUAAGUCUAAUUAUGAUUUAUUUCAAAA	0
NM_002649.3:7076-7105	NM_002649.3	NM_002649.3.fasta	7076	7105	+	30	TTTGAAATAAATCATAATTAGACTTAACAA	UUGUUAAGUCUAAUUAUGAUUUAUUUCAAA	0
NM_002649.3:7077-7106	NM_002649.3	NM_002649.3.fasta	7077	7106	+	30	TTGAAATAAATCATAATTAGACTTAACAAT	AUUGUUAAGUCUAAUUAUGAUUUAUUUCAA	0
NM_002649.3:7078-7107	NM_002649.3	NM_002649.3.fasta	7078	7107	+	30	TGAAATAAATCATAATTAGACTTAACAATA	UAUUGUUAAGUCUAAUUAUGAUUUAUUUCA	0
NM_002649.3:7079-7108	NM_002649.3	NM_002649.3.fasta	7079	7108	+	30	GAAATAAATCATAATTAGACTTAACAATAT	AUAUUGUUAAGUCUAAUUAUGAUUUAUUUC	0
NM_002649.3:7080-7109	NM_002649.3	NM_002649.3.fasta	7080	7109	+	30	AAATAAATCATAATTAGACTTAACAATATG	CAUAUUGUUAAGUCUAAUUAUGAUUUAUUU	0
NM_002649.3:7081-7110	NM_002649.3	NM_002649.3.fasta	7081	7110	+	30	AATAAATCATAATTAGACTTAACAATATGG	CCAUAUUGUUAAGUCUAAUUAUGAUUUAUU	0
NM_002649.3:7082-7111	NM_002649.3	NM_002649.3.fasta	7082	7111	+	30	ATAAATCATAATTAGACTTAACAATATGGA	UCCAUAUUGUUAAGUCUAAUUAUGAUUUAU	0
NM_002649.3:7083-7112	NM_002649.3	NM_002649.3.fasta	7083	7112	+	30	TAAATCATAATTAGACTTAACAATATGGAG	CUCCAUAUUGUUAAGUCUAAUUAUGAUUUA	0
NM_002649.3:7084-7113	NM_002649.3	NM_002649.3.fasta	7084	7113	+	30	AAATCATAATTAGACTTAACAATATGGAGA	UCUCCAUAUUGUUAAGUCUAAUUAUGAUUU	0
NM_002649.3:7085-7114	NM_002649.3	NM_002649.3.fasta	7085	7114	+	30	AATCATAATTAGACTTAACAATATGGAGAA	UUCUCCAUAUUGUUAAGUCUAAUUAUGAUU	0
NM_002649.3:7086-7115	NM_002649.3	NM_002649.3.fasta	7086	7115	+	30	ATCATAATTAGACTTAACAATATGGAGAAA	UUUCUCCAUAUUGUUAAGUCUAAUUAUGAU	0
NM_002649.3:7087-7116	NM_002649.3	NM_002649.3.fasta	7087	7116	+	30	TCATAATTAGACTTAACAATATGGAGAAAA	UUUUCUCCAUAUUGUUAAGUCUAAUUAUGA	0
NM_002649.3:7088-7117	NM_002649.3	NM_002649.3.fasta	7088	7117	+	30	CATAATTAGACTTAACAATATGGAGAAAAT	AUUUUCUCCAUAUUGUUAAGUCUAAUUAUG	0
NM_002649.3:7089-7118	NM_002649.3	NM_002649.3.fasta	7089	7118	+	30	ATAATTAGACTTAACAATATGGAGAAAATA	UAUUUUCUCCAUAUUGUUAAGUCUAAUUAU	0
NM_002649.3:7090-7119	NM_002649.3	NM_002649.3.fasta	7090	7119	+	30	TAATTAGACTTAACAATATGGAGAAAATAA	UUAUUUUCUCCAUAUUGUUAAGUCUAAUUA	0
NM_002649.3:7091-7120	NM_002649.3	NM_002649.3.fasta	7091	7120	+	30	AATTAGACTTAACAATATGGAGAAAATAAA	UUUAUUUUCUCCAUAUUGUUAAGUCUAAUU	0
NM_002649.3:7092-7121	NM_002649.3	NM_002649.3.fasta	7092	7121	+	30	ATTAGACTTAACAATATGGAGAAAATAAAC	GUUUAUUUUCUCCAUAUUGUUAAGUCUAAU	0
NM_002649.3:7093-7122	NM_002649.3	NM_002649.3.fasta	7093	7122	+	30	TTAGACTTAACAATATGGAGAAAATAAACT	AGUUUAUUUUCUCCAUAUUGUUAAGUCUAA	0
NM_002649.3:7094-7123	NM_002649.3	NM_002649.3.fasta	7094	7123	+	30	TAGACTTAACAATATGGAGAAAATAAACTT	AAGUUUAUUUUCUCCAUAUUGUUAAGUCUA	0
NM_002649.3:7095-7124	NM_002649.3	NM_002649.3.fasta	7095	7124	+	30	AGACTTAACAATATGGAGAAAATAAACTTG	CAAGUUUAUUUUCUCCAUAUUGUUAAGUCU	0
NM_002649.3:7096-7125	NM_002649.3	NM_002649.3.fasta	7096	7125	+	30	GACTTAACAATATGGAGAAAATAAACTTGT	ACAAGUUUAUUUUCUCCAUAUUGUUAAGUC	0
NM_002649.3:7097-7126	NM_002649.3	NM_002649.3.fasta	7097	7126	+	30	ACTTAACAATATGGAGAAAATAAACTTGTA	UACAAGUUUAUUUUCUCCAUAUUGUUAAGU	0
NM_002649.3:7098-7127	NM_002649.3	NM_002649.3.fasta	7098	7127	+	30	CTTAACAATATGGAGAAAATAAACTTGTAT	AUACAAGUUUAUUUUCUCCAUAUUGUUAAG	0
NM_002649.3:7099-7128	NM_002649.3	NM_002649.3.fasta	7099	7128	+	30	TTAACAATATGGAGAAAATAAACTTGTATT	AAUACAAGUUUAUUUUCUCCAUAUUGUUAA	0
NM_002649.3:7100-7129	NM_002649.3	NM_002649.3.fasta	7100	7129	+	30	TAACAATATGGAGAAAATAAACTTGTATTT	AAAUACAAGUUUAUUUUCUCCAUAUUGUUA	0
NM_002649.3:7101-7130	NM_002649.3	NM_002649.3.fasta	7101	7130	+	30	AACAATATGGAGAAAATAAACTTGTATTTT	AAAAUACAAGUUUAUUUUCUCCAUAUUGUU	0
NM_002649.3:7102-7131	NM_002649.3	NM_002649.3.fasta	7102	7131	+	30	ACAATATGGAGAAAATAAACTTGTATTTTT	AAAAAUACAAGUUUAUUUUCUCCAUAUUGU	0
NM_002649.3:7103-7132	NM_002649.3	NM_002649.3.fasta	7103	7132	+	30	CAATATGGAGAAAATAAACTTGTATTTTTA	UAAAAAUACAAGUUUAUUUUCUCCAUAUUG	0
NM_002649.3:7104-7133	NM_002649.3	NM_002649.3.fasta	7104	7133	+	30	AATATGGAGAAAATAAACTTGTATTTTTAA	UUAAAAAUACAAGUUUAUUUUCUCCAUAUU	0
NM_002649.3:7105-7134	NM_002649.3	NM_002649.3.fasta	7105	7134	+	30	ATATGGAGAAAATAAACTTGTATTTTTAAG	CUUAAAAAUACAAGUUUAUUUUCUCCAUAU	0
NM_002649.3:7106-7135	NM_002649.3	NM_002649.3.fasta	7106	7135	+	30	TATGGAGAAAATAAACTTGTATTTTTAAGT	ACUUAAAAAUACAAGUUUAUUUUCUCCAUA	0
NM_002649.3:7107-7136	NM_002649.3	NM_002649.3.fasta	7107	7136	+	30	ATGGAGAAAATAAACTTGTATTTTTAAGTG	CACUUAAAAAUACAAGUUUAUUUUCUCCAU	0
NM_002649.3:7108-7137	NM_002649.3	NM_002649.3.fasta	7108	7137	+	30	TGGAGAAAATAAACTTGTATTTTTAAGTGT	ACACUUAAAAAUACAAGUUUAUUUUCUCCA	0
NM_002649.3:7109-7138	NM_002649.3	NM_002649.3.fasta	7109	7138	+	30	GGAGAAAATAAACTTGTATTTTTAAGTGTT	AACACUUAAAAAUACAAGUUUAUUUUCUCC	0
NM_002649.3:7110-7139	NM_002649.3	NM_002649.3.fasta	7110	7139	+	30	GAGAAAATAAACTTGTATTTTTAAGTGTTC	GAACACUUAAAAAUACAAGUUUAUUUUCUC	0
NM_002649.3:7111-7140	NM_002649.3	NM_002649.3.fasta	7111	7140	+	30	AGAAAATAAACTTGTATTTTTAAGTGTTCT	AGAACACUUAAAAAUACAAGUUUAUUUUCU	0
NM_002649.3:7112-7141	NM_002649.3	NM_002649.3.fasta	7112	7141	+	30	GAAAATAAACTTGTATTTTTAAGTGTTCTG	CAGAACACUUAAAAAUACAAGUUUAUUUUC	0
NM_002649.3:7113-7142	NM_002649.3	NM_002649.3.fasta	7113	7142	+	30	AAAATAAACTTGTATTTTTAAGTGTTCTGT	ACAGAACACUUAAAAAUACAAGUUUAUUUU	0
NM_002649.3:7114-7143	NM_002649.3	NM_002649.3.fasta	7114	7143	+	30	AAATAAACTTGTATTTTTAAGTGTTCTGTT	AACAGAACACUUAAAAAUACAAGUUUAUUU	0
NM_002649.3:7115-7144	NM_002649.3	NM_002649.3.fasta	7115	7144	+	30	AATAAACTTGTATTTTTAAGTGTTCTGTTG	CAACAGAACACUUAAAAAUACAAGUUUAUU	0
NM_002649.3:7116-7145	NM_002649.3	NM_002649.3.fasta	7116	7145	+	30	ATAAACTTGTATTTTTAAGTGTTCTGTTGG	CCAACAGAACACUUAAAAAUACAAGUUUAU	0
NM_002649.3:7117-7146	NM_002649.3	NM_002649.3.fasta	7117	7146	+	30	TAAACTTGTATTTTTAAGTGTTCTGTTGGC	GCCAACAGAACACUUAAAAAUACAAGUUUA	0
NM_002649.3:7118-7147	NM_002649.3	NM_002649.3.fasta	7118	7147	+	30	AAACTTGTATTTTTAAGTGTTCTGTTGGCT	AGCCAACAGAACACUUAAAAAUACAAGUUU	0
NM_002649.3:7119-7148	NM_002649.3	NM_002649.3.fasta	7119	7148	+	30	AACTTGTATTTTTAAGTGTTCTGTTGGCTT	AAGCCAACAGAACACUUAAAAAUACAAGUU	0
NM_002649.3:7120-7149	NM_002649.3	NM_002649.3.fasta	7120	7149	+	30	ACTTGTATTTTTAAGTGTTCTGTTGGCTTA	UAAGCCAACAGAACACUUAAAAAUACAAGU	0
NM_002649.3:7121-7150	NM_002649.3	NM_002649.3.fasta	7121	7150	+	30	CTTGTATTTTTAAGTGTTCTGTTGGCTTAT	AUAAGCCAACAGAACACUUAAAAAUACAAG	0
NM_002649.3:7122-7151	NM_002649.3	NM_002649.3.fasta	7122	7151	+	30	TTGTATTTTTAAGTGTTCTGTTGGCTTATT	AAUAAGCCAACAGAACACUUAAAAAUACAA	0
NM_002649.3:7123-7152	NM_002649.3	NM_002649.3.fasta	7123	7152	+	30	TGTATTTTTAAGTGTTCTGTTGGCTTATTT	AAAUAAGCCAACAGAACACUUAAAAAUACA	0
NM_002649.3:7124-7153	NM_002649.3	NM_002649.3.fasta	7124	7153	+	30	GTATTTTTAAGTGTTCTGTTGGCTTATTTT	AAAAUAAGCCAACAGAACACUUAAAAAUAC	0
NM_002649.3:7125-7154	NM_002649.3	NM_002649.3.fasta	7125	7154	+	30	TATTTTTAAGTGTTCTGTTGGCTTATTTTC	GAAAAUAAGCCAACAGAACACUUAAAAAUA	0
NM_002649.3:7126-7155	NM_002649.3	NM_002649.3.fasta	7126	7155	+	30	ATTTTTAAGTGTTCTGTTGGCTTATTTTCT	AGAAAAUAAGCCAACAGAACACUUAAAAAU	0
NM_002649.3:7127-7156	NM_002649.3	NM_002649.3.fasta	7127	7156	+	30	TTTTTAAGTGTTCTGTTGGCTTATTTTCTG	CAGAAAAUAAGCCAACAGAACACUUAAAAA	0
NM_002649.3:7128-7157	NM_002649.3	NM_002649.3.fasta	7128	7157	+	30	TTTTAAGTGTTCTGTTGGCTTATTTTCTGT	ACAGAAAAUAAGCCAACAGAACACUUAAAA	0
NM_002649.3:7129-7158	NM_002649.3	NM_002649.3.fasta	7129	7158	+	30	TTTAAGTGTTCTGTTGGCTTATTTTCTGTT	AACAGAAAAUAAGCCAACAGAACACUUAAA	0
NM_002649.3:7130-7159	NM_002649.3	NM_002649.3.fasta	7130	7159	+	30	TTAAGTGTTCTGTTGGCTTATTTTCTGTTT	AAACAGAAAAUAAGCCAACAGAACACUUAA	0
NM_002649.3:7131-7160	NM_002649.3	NM_002649.3.fasta	7131	7160	+	30	TAAGTGTTCTGTTGGCTTATTTTCTGTTTC	GAAACAGAAAAUAAGCCAACAGAACACUUA	0
NM_002649.3:7132-7161	NM_002649.3	NM_002649.3.fasta	7132	7161	+	30	AAGTGTTCTGTTGGCTTATTTTCTGTTTCA	UGAAACAGAAAAUAAGCCAACAGAACACUU	0
NM_002649.3:7133-7162	NM_002649.3	NM_002649.3.fasta	7133	7162	+	30	AGTGTTCTGTTGGCTTATTTTCTGTTTCAT	AUGAAACAGAAAAUAAGCCAACAGAACACU	0
NM_002649.3:7134-7163	NM_002649.3	NM_002649.3.fasta	7134	7163	+	30	GTGTTCTGTTGGCTTATTTTCTGTTTCATC	GAUGAAACAGAAAAUAAGCCAACAGAACAC	0
NM_002649.3:7135-7164	NM_002649.3	NM_002649.3.fasta	7135	7164	+	30	TGTTCTGTTGGCTTATTTTCTGTTTCATCC	GGAUGAAACAGAAAAUAAGCCAACAGAACA	0
NM_002649.3:7136-7165	NM_002649.3	NM_002649.3.fasta	7136	7165	+	30	GTTCTGTTGGCTTATTTTCTGTTTCATCCA	UGGAUGAAACAGAAAAUAAGCCAACAGAAC	0
NM_002649.3:7137-7166	NM_002649.3	NM_002649.3.fasta	7137	7166	+	30	TTCTGTTGGCTTATTTTCTGTTTCATCCAA	UUGGAUGAAACAGAAAAUAAGCCAACAGAA	0
NM_002649.3:7138-7167	NM_002649.3	NM_002649.3.fasta	7138	7167	+	30	TCTGTTGGCTTATTTTCTGTTTCATCCAAC	GUUGGAUGAAACAGAAAAUAAGCCAACAGA	0
NM_002649.3:7139-7168	NM_002649.3	NM_002649.3.fasta	7139	7168	+	30	CTGTTGGCTTATTTTCTGTTTCATCCAACT	AGUUGGAUGAAACAGAAAAUAAGCCAACAG	0
NM_002649.3:7140-7169	NM_002649.3	NM_002649.3.fasta	7140	7169	+	30	TGTTGGCTTATTTTCTGTTTCATCCAACTC	GAGUUGGAUGAAACAGAAAAUAAGCCAACA	0
NM_002649.3:7141-7170	NM_002649.3	NM_002649.3.fasta	7141	7170	+	30	GTTGGCTTATTTTCTGTTTCATCCAACTCA	UGAGUUGGAUGAAACAGAAAAUAAGCCAAC	0
NM_002649.3:7142-7171	NM_002649.3	NM_002649.3.fasta	7142	7171	+	30	TTGGCTTATTTTCTGTTTCATCCAACTCAA	UUGAGUUGGAUGAAACAGAAAAUAAGCCAA	0
NM_002649.3:7143-7172	NM_002649.3	NM_002649.3.fasta	7143	7172	+	30	TGGCTTATTTTCTGTTTCATCCAACTCAAT	AUUGAGUUGGAUGAAACAGAAAAUAAGCCA	0
NM_002649.3:7144-7173	NM_002649.3	NM_002649.3.fasta	7144	7173	+	30	GGCTTATTTTCTGTTTCATCCAACTCAATA	UAUUGAGUUGGAUGAAACAGAAAAUAAGCC	0
NM_002649.3:7145-7174	NM_002649.3	NM_002649.3.fasta	7145	7174	+	30	GCTTATTTTCTGTTTCATCCAACTCAATAA	UUAUUGAGUUGGAUGAAACAGAAAAUAAGC	0
NM_002649.3:7146-7175	NM_002649.3	NM_002649.3.fasta	7146	7175	+	30	CTTATTTTCTGTTTCATCCAACTCAATAAT	AUUAUUGAGUUGGAUGAAACAGAAAAUAAG	0
NM_002649.3:7147-7176	NM_002649.3	NM_002649.3.fasta	7147	7176	+	30	TTATTTTCTGTTTCATCCAACTCAATAATT	AAUUAUUGAGUUGGAUGAAACAGAAAAUAA	0
NM_002649.3:7148-7177	NM_002649.3	NM_002649.3.fasta	7148	7177	+	30	TATTTTCTGTTTCATCCAACTCAATAATTC	GAAUUAUUGAGUUGGAUGAAACAGAAAAUA	0
NM_002649.3:7149-7178	NM_002649.3	NM_002649.3.fasta	7149	7178	+	30	ATTTTCTGTTTCATCCAACTCAATAATTCT	AGAAUUAUUGAGUUGGAUGAAACAGAAAAU	0
NM_002649.3:7150-7179	NM_002649.3	NM_002649.3.fasta	7150	7179	+	30	TTTTCTGTTTCATCCAACTCAATAATTCTG	CAGAAUUAUUGAGUUGGAUGAAACAGAAAA	0
NM_002649.3:7151-7180	NM_002649.3	NM_002649.3.fasta	7151	7180	+	30	TTTCTGTTTCATCCAACTCAATAATTCTGA	UCAGAAUUAUUGAGUUGGAUGAAACAGAAA	0
NM_002649.3:7152-7181	NM_002649.3	NM_002649.3.fasta	7152	7181	+	30	TTCTGTTTCATCCAACTCAATAATTCTGAT	AUCAGAAUUAUUGAGUUGGAUGAAACAGAA	0
NM_002649.3:7153-7182	NM_002649.3	NM_002649.3.fasta	7153	7182	+	30	TCTGTTTCATCCAACTCAATAATTCTGATA	UAUCAGAAUUAUUGAGUUGGAUGAAACAGA	0
NM_002649.3:7154-7183	NM_002649.3	NM_002649.3.fasta	7154	7183	+	30	CTGTTTCATCCAACTCAATAATTCTGATAA	UUAUCAGAAUUAUUGAGUUGGAUGAAACAG	0
NM_002649.3:7155-7184	NM_002649.3	NM_002649.3.fasta	7155	7184	+	30	TGTTTCATCCAACTCAATAATTCTGATAAA	UUUAUCAGAAUUAUUGAGUUGGAUGAAACA	0
NM_002649.3:7156-7185	NM_002649.3	NM_002649.3.fasta	7156	7185	+	30	GTTTCATCCAACTCAATAATTCTGATAAAT	AUUUAUCAGAAUUAUUGAGUUGGAUGAAAC	0
NM_002649.3:7157-7186	NM_002649.3	NM_002649.3.fasta	7157	7186	+	30	TTTCATCCAACTCAATAATTCTGATAAATA	UAUUUAUCAGAAUUAUUGAGUUGGAUGAAA	0
NM_002649.3:7158-7187	NM_002649.3	NM_002649.3.fasta	7158	7187	+	30	TTCATCCAACTCAATAATTCTGATAAATAA	UUAUUUAUCAGAAUUAUUGAGUUGGAUGAA	0
NM_002649.3:7159-7188	NM_002649.3	NM_002649.3.fasta	7159	7188	+	30	TCATCCAACTCAATAATTCTGATAAATAAA	UUUAUUUAUCAGAAUUAUUGAGUUGGAUGA	0
NM_002649.3:7160-7189	NM_002649.3	NM_002649.3.fasta	7160	7189	+	30	CATCCAACTCAATAATTCTGATAAATAAAT	AUUUAUUUAUCAGAAUUAUUGAGUUGGAUG	0
NM_002649.3:7161-7190	NM_002649.3	NM_002649.3.fasta	7161	7190	+	30	ATCCAACTCAATAATTCTGATAAATAAATT	AAUUUAUUUAUCAGAAUUAUUGAGUUGGAU	0
NM_002649.3:7162-7191	NM_002649.3	NM_002649.3.fasta	7162	7191	+	30	TCCAACTCAATAATTCTGATAAATAAATTT	AAAUUUAUUUAUCAGAAUUAUUGAGUUGGA	0
NM_002649.3:7163-7192	NM_002649.3	NM_002649.3.fasta	7163	7192	+	30	CCAACTCAATAATTCTGATAAATAAATTTG	CAAAUUUAUUUAUCAGAAUUAUUGAGUUGG	0
NM_002649.3:7164-7193	NM_002649.3	NM_002649.3.fasta	7164	7193	+	30	CAACTCAATAATTCTGATAAATAAATTTGG	CCAAAUUUAUUUAUCAGAAUUAUUGAGUUG	0
NM_002649.3:7165-7194	NM_002649.3	NM_002649.3.fasta	7165	7194	+	30	AACTCAATAATTCTGATAAATAAATTTGGT	ACCAAAUUUAUUUAUCAGAAUUAUUGAGUU	0
NM_002649.3:7166-7195	NM_002649.3	NM_002649.3.fasta	7166	7195	+	30	ACTCAATAATTCTGATAAATAAATTTGGTT	AACCAAAUUUAUUUAUCAGAAUUAUUGAGU	0
NM_002649.3:7167-7196	NM_002649.3	NM_002649.3.fasta	7167	7196	+	30	CTCAATAATTCTGATAAATAAATTTGGTTC	GAACCAAAUUUAUUUAUCAGAAUUAUUGAG	0
NM_002649.3:7168-7197	NM_002649.3	NM_002649.3.fasta	7168	7197	+	30	TCAATAATTCTGATAAATAAATTTGGTTCT	AGAACCAAAUUUAUUUAUCAGAAUUAUUGA	0
NM_002649.3:7169-7198	NM_002649.3	NM_002649.3.fasta	7169	7198	+	30	CAATAATTCTGATAAATAAATTTGGTTCTA	UAGAACCAAAUUUAUUUAUCAGAAUUAUUG	0
NM_002649.3:7170-7199	NM_002649.3	NM_002649.3.fasta	7170	7199	+	30	AATAATTCTGATAAATAAATTTGGTTCTAG	CUAGAACCAAAUUUAUUUAUCAGAAUUAUU	0
NM_002649.3:7171-7200	NM_002649.3	NM_002649.3.fasta	7171	7200	+	30	ATAATTCTGATAAATAAATTTGGTTCTAGT	ACUAGAACCAAAUUUAUUUAUCAGAAUUAU	0
NM_002649.3:7172-7201	NM_002649.3	NM_002649.3.fasta	7172	7201	+	30	TAATTCTGATAAATAAATTTGGTTCTAGTT	AACUAGAACCAAAUUUAUUUAUCAGAAUUA	0
NM_002649.3:7173-7202	NM_002649.3	NM_002649.3.fasta	7173	7202	+	30	AATTCTGATAAATAAATTTGGTTCTAGTTT	AAACUAGAACCAAAUUUAUUUAUCAGAAUU	0
NM_002649.3:7174-7203	NM_002649.3	NM_002649.3.fasta	7174	7203	+	30	ATTCTGATAAATAAATTTGGTTCTAGTTTG	CAAACUAGAACCAAAUUUAUUUAUCAGAAU	0
NM_002649.3:7175-7204	NM_002649.3	NM_002649.3.fasta	7175	7204	+	30	TTCTGATAAATAAATTTGGTTCTAGTTTGG	CCAAACUAGAACCAAAUUUAUUUAUCAGAA	0
NM_002649.3:7176-7205	NM_002649.3	NM_002649.3.fasta	7176	7205	+	30	TCTGATAAATAAATTTGGTTCTAGTTTGGT	ACCAAACUAGAACCAAAUUUAUUUAUCAGA	0
NM_002649.3:7177-7206	NM_002649.3	NM_002649.3.fasta	7177	7206	+	30	CTGATAAATAAATTTGGTTCTAGTTTGGTG	CACCAAACUAGAACCAAAUUUAUUUAUCAG	0
NM_002649.3:7178-7207	NM_002649.3	NM_002649.3.fasta	7178	7207	+	30	TGATAAATAAATTTGGTTCTAGTTTGGTGC	GCACCAAACUAGAACCAAAUUUAUUUAUCA	0
NM_002649.3:7179-7208	NM_002649.3	NM_002649.3.fasta	7179	7208	+	30	GATAAATAAATTTGGTTCTAGTTTGGTGCT	AGCACCAAACUAGAACCAAAUUUAUUUAUC	0
NM_002649.3:7180-7209	NM_002649.3	NM_002649.3.fasta	7180	7209	+	30	ATAAATAAATTTGGTTCTAGTTTGGTGCTT	AAGCACCAAACUAGAACCAAAUUUAUUUAU	0
NM_002649.3:7181-7210	NM_002649.3	NM_002649.3.fasta	7181	7210	+	30	TAAATAAATTTGGTTCTAGTTTGGTGCTTG	CAAGCACCAAACUAGAACCAAAUUUAUUUA	0
NM_002649.3:7182-7211	NM_002649.3	NM_002649.3.fasta	7182	7211	+	30	AAATAAATTTGGTTCTAGTTTGGTGCTTGA	UCAAGCACCAAACUAGAACCAAAUUUAUUU	0
NM_002649.3:7183-7212	NM_002649.3	NM_002649.3.fasta	7183	7212	+	30	AATAAATTTGGTTCTAGTTTGGTGCTTGAA	UUCAAGCACCAAACUAGAACCAAAUUUAUU	0
NM_002649.3:7184-7213	NM_002649.3	NM_002649.3.fasta	7184	7213	+	30	ATAAATTTGGTTCTAGTTTGGTGCTTGAAA	UUUCAAGCACCAAACUAGAACCAAAUUUAU	0
NM_002649.3:7185-7214	NM_002649.3	NM_002649.3.fasta	7185	7214	+	30	TAAATTTGGTTCTAGTTTGGTGCTTGAAAA	UUUUCAAGCACCAAACUAGAACCAAAUUUA	0
NM_002649.3:7186-7215	NM_002649.3	NM_002649.3.fasta	7186	7215	+	30	AAATTTGGTTCTAGTTTGGTGCTTGAAAAA	UUUUUCAAGCACCAAACUAGAACCAAAUUU	0
NM_002649.3:7187-7216	NM_002649.3	NM_002649.3.fasta	7187	7216	+	30	AATTTGGTTCTAGTTTGGTGCTTGAAAAAA	UUUUUUCAAGCACCAAACUAGAACCAAAUU	0
NM_002649.3:7188-7217	NM_002649.3	NM_002649.3.fasta	7188	7217	+	30	ATTTGGTTCTAGTTTGGTGCTTGAAAAAAA	UUUUUUUCAAGCACCAAACUAGAACCAAAU	0
NM_002649.3:7189-7218	NM_002649.3	NM_002649.3.fasta	7189	7218	+	30	TTTGGTTCTAGTTTGGTGCTTGAAAAAAAA	UUUUUUUUCAAGCACCAAACUAGAACCAAA	0
